{
"type": "FeatureCollection",
"name": "a1ee278ed568_visibility",
"crs": { "type": "name", "properties": { "name": "urn:ogc:def:crs:OGC:1.3:CRS84" } },
"features": [
{ "type": "Feature", "properties": { "visible_points": 9, "total_points": 79, "visibility_pct": 11.39240506329114 }, "geometry": { "type": "Point", "coordinates": [ -0.49201000638525, 53.861878912090283 ] } },
{ "type": "Feature", "properties": { "visible_points": 9, "total_points": 81, "visibility_pct": 11.111111111111111 }, "geometry": { "type": "Point", "coordinates": [ -0.491799396480701, 53.861876265097088 ] } },
{ "type": "Feature", "properties": { "visible_points": 0, "total_points": 83, "visibility_pct": 0.0 }, "geometry": { "type": "Point", "coordinates": [ -0.491588786610081, 53.86187361773441 ] } },
{ "type": "Feature", "properties": { "visible_points": 0, "total_points": 84, "visibility_pct": 0.0 }, "geometry": { "type": "Point", "coordinates": [ -0.491378176773395, 53.861870970002236 ] } },
{ "type": "Feature", "properties": { "visible_points": 8, "total_points": 84, "visibility_pct": 9.5238095238095237 }, "geometry": { "type": "Point", "coordinates": [ -0.491167566970659, 53.861868321900587 ] } },
{ "type": "Feature", "properties": { "visible_points": 15, "total_points": 83, "visibility_pct": 18.072289156626507 }, "geometry": { "type": "Point", "coordinates": [ -0.490956957201854, 53.861865673429492 ] } },
{ "type": "Feature", "properties": { "visible_points": 0, "total_points": 82, "visibility_pct": 0.0 }, "geometry": { "type": "Point", "coordinates": [ -0.490746347467006, 53.861863024588892 ] } },
{ "type": "Feature", "properties": { "visible_points": 0, "total_points": 80, "visibility_pct": 0.0 }, "geometry": { "type": "Point", "coordinates": [ -0.490535737766115, 53.861860375378825 ] } },
{ "type": "Feature", "properties": { "visible_points": 9, "total_points": 77, "visibility_pct": 11.688311688311687 }, "geometry": { "type": "Point", "coordinates": [ -0.492743269769634, 53.861995991218841 ] } },
{ "type": "Feature", "properties": { "visible_points": 6, "total_points": 81, "visibility_pct": 7.4074074074074066 }, "geometry": { "type": "Point", "coordinates": [ -0.492532659200647, 53.861993345507138 ] } },
{ "type": "Feature", "properties": { "visible_points": 0, "total_points": 85, "visibility_pct": 0.0 }, "geometry": { "type": "Point", "coordinates": [ -0.492322048665579, 53.861990699425952 ] } },
{ "type": "Feature", "properties": { "visible_points": 0, "total_points": 88, "visibility_pct": 0.0 }, "geometry": { "type": "Point", "coordinates": [ -0.492111438164429, 53.861988052975285 ] } },
{ "type": "Feature", "properties": { "visible_points": 0, "total_points": 91, "visibility_pct": 0.0 }, "geometry": { "type": "Point", "coordinates": [ -0.4919008276972, 53.861985406155149 ] } },
{ "type": "Feature", "properties": { "visible_points": 16, "total_points": 93, "visibility_pct": 17.20430107526882 }, "geometry": { "type": "Point", "coordinates": [ -0.491690217263905, 53.861982758965546 ] } },
{ "type": "Feature", "properties": { "visible_points": 0, "total_points": 95, "visibility_pct": 0.0 }, "geometry": { "type": "Point", "coordinates": [ -0.491479606864539, 53.861980111406432 ] } },
{ "type": "Feature", "properties": { "visible_points": 0, "total_points": 95, "visibility_pct": 0.0 }, "geometry": { "type": "Point", "coordinates": [ -0.491268996499112, 53.861977463477864 ] } },
{ "type": "Feature", "properties": { "visible_points": 20, "total_points": 95, "visibility_pct": 21.052631578947366 }, "geometry": { "type": "Point", "coordinates": [ -0.491058386167628, 53.861974815179806 ] } },
{ "type": "Feature", "properties": { "visible_points": 29, "total_points": 94, "visibility_pct": 30.851063829787233 }, "geometry": { "type": "Point", "coordinates": [ -0.49084777587009, 53.86197216651226 ] } },
{ "type": "Feature", "properties": { "visible_points": 23, "total_points": 92, "visibility_pct": 25.0 }, "geometry": { "type": "Point", "coordinates": [ -0.490637165606508, 53.861969517475252 ] } },
{ "type": "Feature", "properties": { "visible_points": 27, "total_points": 89, "visibility_pct": 30.337078651685395 }, "geometry": { "type": "Point", "coordinates": [ -0.49042655537688, 53.861966868068762 ] } },
{ "type": "Feature", "properties": { "visible_points": 2, "total_points": 86, "visibility_pct": 2.3255813953488373 }, "geometry": { "type": "Point", "coordinates": [ -0.490215945181214, 53.86196421829279 ] } },
{ "type": "Feature", "properties": { "visible_points": 23, "total_points": 83, "visibility_pct": 27.710843373493976 }, "geometry": { "type": "Point", "coordinates": [ -0.490005335019518, 53.861961568147336 ] } },
{ "type": "Feature", "properties": { "visible_points": 6, "total_points": 80, "visibility_pct": 7.5 }, "geometry": { "type": "Point", "coordinates": [ -0.493055314931135, 53.862107776670911 ] } },
{ "type": "Feature", "properties": { "visible_points": 0, "total_points": 85, "visibility_pct": 0.0 }, "geometry": { "type": "Point", "coordinates": [ -0.49284470376557, 53.862105131501764 ] } },
{ "type": "Feature", "properties": { "visible_points": 0, "total_points": 89, "visibility_pct": 0.0 }, "geometry": { "type": "Point", "coordinates": [ -0.492634092633909, 53.862102485963128 ] } },
{ "type": "Feature", "properties": { "visible_points": 26, "total_points": 93, "visibility_pct": 27.956989247311824 }, "geometry": { "type": "Point", "coordinates": [ -0.492423481536167, 53.862099840055009 ] } },
{ "type": "Feature", "properties": { "visible_points": 26, "total_points": 97, "visibility_pct": 26.804123711340207 }, "geometry": { "type": "Point", "coordinates": [ -0.492212870472337, 53.86209719377743 ] } },
{ "type": "Feature", "properties": { "visible_points": 25, "total_points": 100, "visibility_pct": 25.0 }, "geometry": { "type": "Point", "coordinates": [ -0.49200225944243, 53.862094547130347 ] } },
{ "type": "Feature", "properties": { "visible_points": 31, "total_points": 102, "visibility_pct": 30.392156862745097 }, "geometry": { "type": "Point", "coordinates": [ -0.491791648446451, 53.862091900113796 ] } },
{ "type": "Feature", "properties": { "visible_points": 21, "total_points": 104, "visibility_pct": 20.192307692307693 }, "geometry": { "type": "Point", "coordinates": [ -0.491581037484401, 53.862089252727763 ] } },
{ "type": "Feature", "properties": { "visible_points": 0, "total_points": 105, "visibility_pct": 0.0 }, "geometry": { "type": "Point", "coordinates": [ -0.491370426556288, 53.862086604972248 ] } },
{ "type": "Feature", "properties": { "visible_points": 19, "total_points": 105, "visibility_pct": 18.095238095238095 }, "geometry": { "type": "Point", "coordinates": [ -0.491159815662116, 53.862083956847258 ] } },
{ "type": "Feature", "properties": { "visible_points": 24, "total_points": 105, "visibility_pct": 22.857142857142858 }, "geometry": { "type": "Point", "coordinates": [ -0.490949204801894, 53.862081308352778 ] } },
{ "type": "Feature", "properties": { "visible_points": 36, "total_points": 103, "visibility_pct": 34.95145631067961 }, "geometry": { "type": "Point", "coordinates": [ -0.490738593975612, 53.862078659488823 ] } },
{ "type": "Feature", "properties": { "visible_points": 35, "total_points": 101, "visibility_pct": 34.653465346534652 }, "geometry": { "type": "Point", "coordinates": [ -0.490527983183295, 53.8620760102554 ] } },
{ "type": "Feature", "properties": { "visible_points": 31, "total_points": 98, "visibility_pct": 31.632653061224492 }, "geometry": { "type": "Point", "coordinates": [ -0.490317372424931, 53.862073360652474 ] } },
{ "type": "Feature", "properties": { "visible_points": 31, "total_points": 95, "visibility_pct": 32.631578947368425 }, "geometry": { "type": "Point", "coordinates": [ -0.490106761700534, 53.862070710680079 ] } },
{ "type": "Feature", "properties": { "visible_points": 30, "total_points": 92, "visibility_pct": 32.608695652173914 }, "geometry": { "type": "Point", "coordinates": [ -0.489896151010108, 53.862068060338189 ] } },
{ "type": "Feature", "properties": { "visible_points": 19, "total_points": 88, "visibility_pct": 21.59090909090909 }, "geometry": { "type": "Point", "coordinates": [ -0.489685540353653, 53.862065409626844 ] } },
{ "type": "Feature", "properties": { "visible_points": 9, "total_points": 84, "visibility_pct": 10.714285714285714 }, "geometry": { "type": "Point", "coordinates": [ -0.489474929731177, 53.862062758546003 ] } },
{ "type": "Feature", "properties": { "visible_points": 12, "total_points": 81, "visibility_pct": 14.814814814814813 }, "geometry": { "type": "Point", "coordinates": [ -0.489264319142684, 53.862060107095701 ] } },
{ "type": "Feature", "properties": { "visible_points": 6, "total_points": 70, "visibility_pct": 8.5714285714285712 }, "geometry": { "type": "Point", "coordinates": [ -0.493577973576666, 53.862222205581553 ] } },
{ "type": "Feature", "properties": { "visible_points": 6, "total_points": 79, "visibility_pct": 7.59493670886076 }, "geometry": { "type": "Point", "coordinates": [ -0.493367361780629, 53.862219561324437 ] } },
{ "type": "Feature", "properties": { "visible_points": 0, "total_points": 87, "visibility_pct": 0.0 }, "geometry": { "type": "Point", "coordinates": [ -0.49315675001849, 53.862216916697854 ] } },
{ "type": "Feature", "properties": { "visible_points": 0, "total_points": 93, "visibility_pct": 0.0 }, "geometry": { "type": "Point", "coordinates": [ -0.492946138290252, 53.862214271701781 ] } },
{ "type": "Feature", "properties": { "visible_points": 27, "total_points": 97, "visibility_pct": 27.835051546391753 }, "geometry": { "type": "Point", "coordinates": [ -0.492735526595914, 53.862211626336247 ] } },
{ "type": "Feature", "properties": { "visible_points": 30, "total_points": 101, "visibility_pct": 29.702970297029701 }, "geometry": { "type": "Point", "coordinates": [ -0.492524914935492, 53.862208980601189 ] } },
{ "type": "Feature", "properties": { "visible_points": 27, "total_points": 105, "visibility_pct": 25.714285714285712 }, "geometry": { "type": "Point", "coordinates": [ -0.492314303308982, 53.862206334496669 ] } },
{ "type": "Feature", "properties": { "visible_points": 30, "total_points": 108, "visibility_pct": 27.777777777777779 }, "geometry": { "type": "Point", "coordinates": [ -0.492103691716393, 53.862203688022674 ] } },
{ "type": "Feature", "properties": { "visible_points": 33, "total_points": 110, "visibility_pct": 30.0 }, "geometry": { "type": "Point", "coordinates": [ -0.491893080157728, 53.862201041179176 ] } },
{ "type": "Feature", "properties": { "visible_points": 40, "total_points": 112, "visibility_pct": 35.714285714285715 }, "geometry": { "type": "Point", "coordinates": [ -0.491682468632998, 53.862198393966217 ] } },
{ "type": "Feature", "properties": { "visible_points": 29, "total_points": 113, "visibility_pct": 25.663716814159294 }, "geometry": { "type": "Point", "coordinates": [ -0.491471857142189, 53.862195746383769 ] } },
{ "type": "Feature", "properties": { "visible_points": 26, "total_points": 114, "visibility_pct": 22.807017543859647 }, "geometry": { "type": "Point", "coordinates": [ -0.491261245685331, 53.862193098431824 ] } },
{ "type": "Feature", "properties": { "visible_points": 13, "total_points": 114, "visibility_pct": 11.403508771929824 }, "geometry": { "type": "Point", "coordinates": [ -0.491050634262409, 53.862190450110411 ] } },
{ "type": "Feature", "properties": { "visible_points": 5, "total_points": 113, "visibility_pct": 4.4247787610619467 }, "geometry": { "type": "Point", "coordinates": [ -0.490840022873437, 53.862187801419523 ] } },
{ "type": "Feature", "properties": { "visible_points": 43, "total_points": 111, "visibility_pct": 38.738738738738739 }, "geometry": { "type": "Point", "coordinates": [ -0.490629411518423, 53.862185152359125 ] } },
{ "type": "Feature", "properties": { "visible_points": 38, "total_points": 109, "visibility_pct": 34.862385321100916 }, "geometry": { "type": "Point", "coordinates": [ -0.490418800197361, 53.862182502929286 ] } },
{ "type": "Feature", "properties": { "visible_points": 34, "total_points": 106, "visibility_pct": 32.075471698113205 }, "geometry": { "type": "Point", "coordinates": [ -0.490208188910262, 53.862179853129931 ] } },
{ "type": "Feature", "properties": { "visible_points": 36, "total_points": 103, "visibility_pct": 34.95145631067961 }, "geometry": { "type": "Point", "coordinates": [ -0.48999757765713, 53.862177202961114 ] } },
{ "type": "Feature", "properties": { "visible_points": 30, "total_points": 100, "visibility_pct": 30.0 }, "geometry": { "type": "Point", "coordinates": [ -0.489786966437974, 53.862174552422815 ] } },
{ "type": "Feature", "properties": { "visible_points": 18, "total_points": 96, "visibility_pct": 18.75 }, "geometry": { "type": "Point", "coordinates": [ -0.489576355252792, 53.862171901515026 ] } },
{ "type": "Feature", "properties": { "visible_points": 8, "total_points": 93, "visibility_pct": 8.6021505376344098 }, "geometry": { "type": "Point", "coordinates": [ -0.489365744101588, 53.862169250237763 ] } },
{ "type": "Feature", "properties": { "visible_points": 0, "total_points": 89, "visibility_pct": 0.0 }, "geometry": { "type": "Point", "coordinates": [ -0.489155132984375, 53.862166598591031 ] } },
{ "type": "Feature", "properties": { "visible_points": 15, "total_points": 85, "visibility_pct": 17.647058823529413 }, "geometry": { "type": "Point", "coordinates": [ -0.488944521901151, 53.862163946574789 ] } },
{ "type": "Feature", "properties": { "visible_points": 8, "total_points": 82, "visibility_pct": 9.7560975609756095 }, "geometry": { "type": "Point", "coordinates": [ -0.488733910851923, 53.862161294189086 ] } },
{ "type": "Feature", "properties": { "visible_points": 0, "total_points": 65, "visibility_pct": 0.0 }, "geometry": { "type": "Point", "coordinates": [ -0.486417191555482, 53.862132093560675 ] } },
{ "type": "Feature", "properties": { "visible_points": 10, "total_points": 62, "visibility_pct": 16.129032258064516 }, "geometry": { "type": "Point", "coordinates": [ -0.486206580914571, 53.862129436741235 ] } },
{ "type": "Feature", "properties": { "visible_points": 0, "total_points": 63, "visibility_pct": 0.0 }, "geometry": { "type": "Point", "coordinates": [ -0.493890022710714, 53.862333988894008 ] } },
{ "type": "Feature", "properties": { "visible_points": 5, "total_points": 73, "visibility_pct": 6.8493150684931505 }, "geometry": { "type": "Point", "coordinates": [ -0.493679410318123, 53.86233134517947 ] } },
{ "type": "Feature", "properties": { "visible_points": 0, "total_points": 83, "visibility_pct": 0.0 }, "geometry": { "type": "Point", "coordinates": [ -0.493468797959407, 53.862328701095436 ] } },
{ "type": "Feature", "properties": { "visible_points": 0, "total_points": 92, "visibility_pct": 0.0 }, "geometry": { "type": "Point", "coordinates": [ -0.493258185634595, 53.862326056641926 ] } },
{ "type": "Feature", "properties": { "visible_points": 0, "total_points": 100, "visibility_pct": 0.0 }, "geometry": { "type": "Point", "coordinates": [ -0.493047573343678, 53.862323411818927 ] } },
{ "type": "Feature", "properties": { "visible_points": 30, "total_points": 105, "visibility_pct": 28.571428571428569 }, "geometry": { "type": "Point", "coordinates": [ -0.492836961086667, 53.862320766626439 ] } },
{ "type": "Feature", "properties": { "visible_points": 33, "total_points": 108, "visibility_pct": 30.555555555555557 }, "geometry": { "type": "Point", "coordinates": [ -0.492626348863558, 53.862318121064483 ] } },
{ "type": "Feature", "properties": { "visible_points": 26, "total_points": 111, "visibility_pct": 23.423423423423422 }, "geometry": { "type": "Point", "coordinates": [ -0.492415736674368, 53.862315475133038 ] } },
{ "type": "Feature", "properties": { "visible_points": 5, "total_points": 114, "visibility_pct": 4.3859649122807012 }, "geometry": { "type": "Point", "coordinates": [ -0.492205124519095, 53.862312828832103 ] } },
{ "type": "Feature", "properties": { "visible_points": 42, "total_points": 116, "visibility_pct": 36.206896551724135 }, "geometry": { "type": "Point", "coordinates": [ -0.491994512397743, 53.862310182161679 ] } },
{ "type": "Feature", "properties": { "visible_points": 41, "total_points": 118, "visibility_pct": 34.745762711864408 }, "geometry": { "type": "Point", "coordinates": [ -0.491783900310315, 53.862307535121786 ] } },
{ "type": "Feature", "properties": { "visible_points": 34, "total_points": 119, "visibility_pct": 28.571428571428569 }, "geometry": { "type": "Point", "coordinates": [ -0.491573288256827, 53.862304887712398 ] } },
{ "type": "Feature", "properties": { "visible_points": 30, "total_points": 120, "visibility_pct": 25.0 }, "geometry": { "type": "Point", "coordinates": [ -0.491362676237269, 53.862302239933527 ] } },
{ "type": "Feature", "properties": { "visible_points": 30, "total_points": 120, "visibility_pct": 25.0 }, "geometry": { "type": "Point", "coordinates": [ -0.491152064251651, 53.862299591785174 ] } },
{ "type": "Feature", "properties": { "visible_points": 33, "total_points": 120, "visibility_pct": 27.5 }, "geometry": { "type": "Point", "coordinates": [ -0.490941452299989, 53.862296943267346 ] } },
{ "type": "Feature", "properties": { "visible_points": 47, "total_points": 119, "visibility_pct": 39.495798319327733 }, "geometry": { "type": "Point", "coordinates": [ -0.490730840382265, 53.862294294380028 ] } },
{ "type": "Feature", "properties": { "visible_points": 46, "total_points": 117, "visibility_pct": 39.316239316239319 }, "geometry": { "type": "Point", "coordinates": [ -0.490520228498505, 53.862291645123221 ] } },
{ "type": "Feature", "properties": { "visible_points": 43, "total_points": 115, "visibility_pct": 37.391304347826086 }, "geometry": { "type": "Point", "coordinates": [ -0.490309616648703, 53.862288995496954 ] } },
{ "type": "Feature", "properties": { "visible_points": 40, "total_points": 112, "visibility_pct": 35.714285714285715 }, "geometry": { "type": "Point", "coordinates": [ -0.490099004832868, 53.862286345501168 ] } },
{ "type": "Feature", "properties": { "visible_points": 38, "total_points": 109, "visibility_pct": 34.862385321100916 }, "geometry": { "type": "Point", "coordinates": [ -0.489888393051001, 53.862283695135936 ] } },
{ "type": "Feature", "properties": { "visible_points": 0, "total_points": 107, "visibility_pct": 0.0 }, "geometry": { "type": "Point", "coordinates": [ -0.489677781303108, 53.862281044401193 ] } },
{ "type": "Feature", "properties": { "visible_points": 0, "total_points": 104, "visibility_pct": 0.0 }, "geometry": { "type": "Point", "coordinates": [ -0.489467169589192, 53.862278393296982 ] } },
{ "type": "Feature", "properties": { "visible_points": 0, "total_points": 101, "visibility_pct": 0.0 }, "geometry": { "type": "Point", "coordinates": [ -0.489256557909268, 53.862275741823289 ] } },
{ "type": "Feature", "properties": { "visible_points": 0, "total_points": 97, "visibility_pct": 0.0 }, "geometry": { "type": "Point", "coordinates": [ -0.489045946263324, 53.862273089980107 ] } },
{ "type": "Feature", "properties": { "visible_points": 0, "total_points": 94, "visibility_pct": 0.0 }, "geometry": { "type": "Point", "coordinates": [ -0.488835334651377, 53.862270437767449 ] } },
{ "type": "Feature", "properties": { "visible_points": 0, "total_points": 91, "visibility_pct": 0.0 }, "geometry": { "type": "Point", "coordinates": [ -0.488624723073432, 53.862267785185296 ] } },
{ "type": "Feature", "properties": { "visible_points": 0, "total_points": 87, "visibility_pct": 0.0 }, "geometry": { "type": "Point", "coordinates": [ -0.488414111529487, 53.862265132233681 ] } },
{ "type": "Feature", "properties": { "visible_points": 0, "total_points": 84, "visibility_pct": 0.0 }, "geometry": { "type": "Point", "coordinates": [ -0.488203500019546, 53.862262478912591 ] } },
{ "type": "Feature", "properties": { "visible_points": 4, "total_points": 82, "visibility_pct": 4.8780487804878048 }, "geometry": { "type": "Point", "coordinates": [ -0.487992888543623, 53.862259825221997 ] } },
{ "type": "Feature", "properties": { "visible_points": 0, "total_points": 78, "visibility_pct": 0.0 }, "geometry": { "type": "Point", "coordinates": [ -0.486518609164899, 53.862241239042454 ] } },
{ "type": "Feature", "properties": { "visible_points": 0, "total_points": 75, "visibility_pct": 0.0 }, "geometry": { "type": "Point", "coordinates": [ -0.486307997961245, 53.862238582396024 ] } },
{ "type": "Feature", "properties": { "visible_points": 5, "total_points": 71, "visibility_pct": 7.042253521126761 }, "geometry": { "type": "Point", "coordinates": [ -0.486097386791645, 53.862235925380112 ] } },
{ "type": "Feature", "properties": { "visible_points": 0, "total_points": 75, "visibility_pct": 0.0 }, "geometry": { "type": "Point", "coordinates": [ -0.493780847588334, 53.862440484694481 ] } },
{ "type": "Feature", "properties": { "visible_points": 0, "total_points": 86, "visibility_pct": 0.0 }, "geometry": { "type": "Point", "coordinates": [ -0.493570234666947, 53.862437840783549 ] } },
{ "type": "Feature", "properties": { "visible_points": 0, "total_points": 96, "visibility_pct": 0.0 }, "geometry": { "type": "Point", "coordinates": [ -0.49335962177946, 53.862435196503107 ] } },
{ "type": "Feature", "properties": { "visible_points": 0, "total_points": 104, "visibility_pct": 0.0 }, "geometry": { "type": "Point", "coordinates": [ -0.493149008925861, 53.862432551853182 ] } },
{ "type": "Feature", "properties": { "visible_points": 29, "total_points": 111, "visibility_pct": 26.126126126126124 }, "geometry": { "type": "Point", "coordinates": [ -0.492938396106165, 53.862429906833775 ] } },
{ "type": "Feature", "properties": { "visible_points": 41, "total_points": 114, "visibility_pct": 35.964912280701753 }, "geometry": { "type": "Point", "coordinates": [ -0.492727783320378, 53.862427261444893 ] } },
{ "type": "Feature", "properties": { "visible_points": 41, "total_points": 117, "visibility_pct": 35.042735042735039 }, "geometry": { "type": "Point", "coordinates": [ -0.4925171705685, 53.862424615686514 ] } },
{ "type": "Feature", "properties": { "visible_points": 40, "total_points": 119, "visibility_pct": 33.613445378151262 }, "geometry": { "type": "Point", "coordinates": [ -0.492306557850537, 53.86242196955866 ] } },
{ "type": "Feature", "properties": { "visible_points": 46, "total_points": 120, "visibility_pct": 38.333333333333336 }, "geometry": { "type": "Point", "coordinates": [ -0.492095945166497, 53.86241932306131 ] } },
{ "type": "Feature", "properties": { "visible_points": 50, "total_points": 120, "visibility_pct": 41.666666666666671 }, "geometry": { "type": "Point", "coordinates": [ -0.491885332516381, 53.862416676194485 ] } },
{ "type": "Feature", "properties": { "visible_points": 50, "total_points": 120, "visibility_pct": 41.666666666666671 }, "geometry": { "type": "Point", "coordinates": [ -0.491674719900193, 53.862414028958149 ] } },
{ "type": "Feature", "properties": { "visible_points": 36, "total_points": 120, "visibility_pct": 30.0 }, "geometry": { "type": "Point", "coordinates": [ -0.491464107317943, 53.862411381352359 ] } },
{ "type": "Feature", "properties": { "visible_points": 8, "total_points": 120, "visibility_pct": 6.666666666666667 }, "geometry": { "type": "Point", "coordinates": [ -0.491253494769625, 53.862408733377073 ] } },
{ "type": "Feature", "properties": { "visible_points": 36, "total_points": 120, "visibility_pct": 30.0 }, "geometry": { "type": "Point", "coordinates": [ -0.491042882255259, 53.862406085032298 ] } },
{ "type": "Feature", "properties": { "visible_points": 45, "total_points": 120, "visibility_pct": 37.5 }, "geometry": { "type": "Point", "coordinates": [ -0.490832269774839, 53.86240343631804 ] } },
{ "type": "Feature", "properties": { "visible_points": 50, "total_points": 120, "visibility_pct": 41.666666666666671 }, "geometry": { "type": "Point", "coordinates": [ -0.49062165732837, 53.8624007872343 ] } },
{ "type": "Feature", "properties": { "visible_points": 41, "total_points": 120, "visibility_pct": 34.166666666666664 }, "geometry": { "type": "Point", "coordinates": [ -0.490411044915868, 53.862398137781071 ] } },
{ "type": "Feature", "properties": { "visible_points": 44, "total_points": 119, "visibility_pct": 36.97478991596639 }, "geometry": { "type": "Point", "coordinates": [ -0.490200432537319, 53.862395487958366 ] } },
{ "type": "Feature", "properties": { "visible_points": 44, "total_points": 117, "visibility_pct": 37.606837606837608 }, "geometry": { "type": "Point", "coordinates": [ -0.489989820192741, 53.862392837766166 ] } },
{ "type": "Feature", "properties": { "visible_points": 43, "total_points": 115, "visibility_pct": 37.391304347826086 }, "geometry": { "type": "Point", "coordinates": [ -0.489779207882138, 53.86239018720449 ] } },
{ "type": "Feature", "properties": { "visible_points": 31, "total_points": 113, "visibility_pct": 27.43362831858407 }, "geometry": { "type": "Point", "coordinates": [ -0.489568595605508, 53.862387536273332 ] } },
{ "type": "Feature", "properties": { "visible_points": 0, "total_points": 110, "visibility_pct": 0.0 }, "geometry": { "type": "Point", "coordinates": [ -0.489357983362862, 53.862384884972698 ] } },
{ "type": "Feature", "properties": { "visible_points": 29, "total_points": 108, "visibility_pct": 26.851851851851855 }, "geometry": { "type": "Point", "coordinates": [ -0.489147371154205, 53.862382233302569 ] } },
{ "type": "Feature", "properties": { "visible_points": 25, "total_points": 105, "visibility_pct": 23.809523809523807 }, "geometry": { "type": "Point", "coordinates": [ -0.488936758979538, 53.862379581262935 ] } },
{ "type": "Feature", "properties": { "visible_points": 22, "total_points": 102, "visibility_pct": 21.568627450980394 }, "geometry": { "type": "Point", "coordinates": [ -0.488726146838863, 53.862376928853848 ] } },
{ "type": "Feature", "properties": { "visible_points": 0, "total_points": 99, "visibility_pct": 0.0 }, "geometry": { "type": "Point", "coordinates": [ -0.488515534732196, 53.862374276075279 ] } },
{ "type": "Feature", "properties": { "visible_points": 0, "total_points": 96, "visibility_pct": 0.0 }, "geometry": { "type": "Point", "coordinates": [ -0.488304922659534, 53.86237162292722 ] } },
{ "type": "Feature", "properties": { "visible_points": 0, "total_points": 93, "visibility_pct": 0.0 }, "geometry": { "type": "Point", "coordinates": [ -0.488094310620875, 53.862368969409673 ] } },
{ "type": "Feature", "properties": { "visible_points": 0, "total_points": 91, "visibility_pct": 0.0 }, "geometry": { "type": "Point", "coordinates": [ -0.487883698616239, 53.862366315522642 ] } },
{ "type": "Feature", "properties": { "visible_points": 6, "total_points": 90, "visibility_pct": 6.666666666666667 }, "geometry": { "type": "Point", "coordinates": [ -0.487673086645617, 53.86236366126613 ] } },
{ "type": "Feature", "properties": { "visible_points": 11, "total_points": 91, "visibility_pct": 12.087912087912088 }, "geometry": { "type": "Point", "coordinates": [ -0.487462474709023, 53.862361006640157 ] } },
{ "type": "Feature", "properties": { "visible_points": 0, "total_points": 93, "visibility_pct": 0.0 }, "geometry": { "type": "Point", "coordinates": [ -0.486830639103437, 53.862353040545287 ] } },
{ "type": "Feature", "properties": { "visible_points": 0, "total_points": 91, "visibility_pct": 0.0 }, "geometry": { "type": "Point", "coordinates": [ -0.486620027302988, 53.862350384441363 ] } },
{ "type": "Feature", "properties": { "visible_points": 0, "total_points": 88, "visibility_pct": 0.0 }, "geometry": { "type": "Point", "coordinates": [ -0.486409415536593, 53.862347727967965 ] } },
{ "type": "Feature", "properties": { "visible_points": 0, "total_points": 84, "visibility_pct": 0.0 }, "geometry": { "type": "Point", "coordinates": [ -0.486198803804243, 53.862345071125084 ] } },
{ "type": "Feature", "properties": { "visible_points": 0, "total_points": 80, "visibility_pct": 0.0 }, "geometry": { "type": "Point", "coordinates": [ -0.485988192105955, 53.862342413912728 ] } },
{ "type": "Feature", "properties": { "visible_points": 0, "total_points": 75, "visibility_pct": 0.0 }, "geometry": { "type": "Point", "coordinates": [ -0.493882285387313, 53.862549624126608 ] } },
{ "type": "Feature", "properties": { "visible_points": 0, "total_points": 86, "visibility_pct": 0.0 }, "geometry": { "type": "Point", "coordinates": [ -0.493671671903251, 53.862546980388743 ] } },
{ "type": "Feature", "properties": { "visible_points": 0, "total_points": 98, "visibility_pct": 0.0 }, "geometry": { "type": "Point", "coordinates": [ -0.493461058453077, 53.862544336281402 ] } },
{ "type": "Feature", "properties": { "visible_points": 0, "total_points": 108, "visibility_pct": 0.0 }, "geometry": { "type": "Point", "coordinates": [ -0.4932504450368, 53.862541691804559 ] } },
{ "type": "Feature", "properties": { "visible_points": 27, "total_points": 116, "visibility_pct": 23.275862068965516 }, "geometry": { "type": "Point", "coordinates": [ -0.493039831654421, 53.862539046958233 ] } },
{ "type": "Feature", "properties": { "visible_points": 41, "total_points": 118, "visibility_pct": 34.745762711864408 }, "geometry": { "type": "Point", "coordinates": [ -0.492829218305948, 53.86253640174241 ] } },
{ "type": "Feature", "properties": { "visible_points": 42, "total_points": 120, "visibility_pct": 35.0 }, "geometry": { "type": "Point", "coordinates": [ -0.49261860499138, 53.86253375615712 ] } },
{ "type": "Feature", "properties": { "visible_points": 47, "total_points": 120, "visibility_pct": 39.166666666666664 }, "geometry": { "type": "Point", "coordinates": [ -0.49240799171073, 53.862531110202319 ] } },
{ "type": "Feature", "properties": { "visible_points": 47, "total_points": 120, "visibility_pct": 39.166666666666664 }, "geometry": { "type": "Point", "coordinates": [ -0.492197378463997, 53.86252846387805 ] } },
{ "type": "Feature", "properties": { "visible_points": 52, "total_points": 120, "visibility_pct": 43.333333333333336 }, "geometry": { "type": "Point", "coordinates": [ -0.49198676525118, 53.862525817184299 ] } },
{ "type": "Feature", "properties": { "visible_points": 53, "total_points": 120, "visibility_pct": 44.166666666666664 }, "geometry": { "type": "Point", "coordinates": [ -0.491776152072302, 53.862523170121051 ] } },
{ "type": "Feature", "properties": { "visible_points": 46, "total_points": 120, "visibility_pct": 38.333333333333336 }, "geometry": { "type": "Point", "coordinates": [ -0.491565538927349, 53.862520522688307 ] } },
{ "type": "Feature", "properties": { "visible_points": 32, "total_points": 120, "visibility_pct": 26.666666666666668 }, "geometry": { "type": "Point", "coordinates": [ -0.491354925816334, 53.86251787488608 ] } },
{ "type": "Feature", "properties": { "visible_points": 0, "total_points": 120, "visibility_pct": 0.0 }, "geometry": { "type": "Point", "coordinates": [ -0.491144312739265, 53.862515226714372 ] } },
{ "type": "Feature", "properties": { "visible_points": 46, "total_points": 120, "visibility_pct": 38.333333333333336 }, "geometry": { "type": "Point", "coordinates": [ -0.490933699696139, 53.862512578173188 ] } },
{ "type": "Feature", "properties": { "visible_points": 57, "total_points": 120, "visibility_pct": 47.5 }, "geometry": { "type": "Point", "coordinates": [ -0.490723086686965, 53.862509929262508 ] } },
{ "type": "Feature", "properties": { "visible_points": 57, "total_points": 120, "visibility_pct": 47.5 }, "geometry": { "type": "Point", "coordinates": [ -0.490512473711747, 53.862507279982346 ] } },
{ "type": "Feature", "properties": { "visible_points": 47, "total_points": 120, "visibility_pct": 39.166666666666664 }, "geometry": { "type": "Point", "coordinates": [ -0.490301860770493, 53.862504630332687 ] } },
{ "type": "Feature", "properties": { "visible_points": 47, "total_points": 120, "visibility_pct": 39.166666666666664 }, "geometry": { "type": "Point", "coordinates": [ -0.4900912478632, 53.86250198031356 ] } },
{ "type": "Feature", "properties": { "visible_points": 50, "total_points": 120, "visibility_pct": 41.666666666666671 }, "geometry": { "type": "Point", "coordinates": [ -0.48988063498988, 53.862499329924937 ] } },
{ "type": "Feature", "properties": { "visible_points": 58, "total_points": 119, "visibility_pct": 48.739495798319325 }, "geometry": { "type": "Point", "coordinates": [ -0.489670022150535, 53.862496679166831 ] } },
{ "type": "Feature", "properties": { "visible_points": 48, "total_points": 118, "visibility_pct": 40.677966101694921 }, "geometry": { "type": "Point", "coordinates": [ -0.48945940934517, 53.862494028039237 ] } },
{ "type": "Feature", "properties": { "visible_points": 40, "total_points": 116, "visibility_pct": 34.482758620689658 }, "geometry": { "type": "Point", "coordinates": [ -0.489248796573789, 53.862491376542152 ] } },
{ "type": "Feature", "properties": { "visible_points": 28, "total_points": 114, "visibility_pct": 24.561403508771928 }, "geometry": { "type": "Point", "coordinates": [ -0.489038183836401, 53.862488724675593 ] } },
{ "type": "Feature", "properties": { "visible_points": 26, "total_points": 111, "visibility_pct": 23.423423423423422 }, "geometry": { "type": "Point", "coordinates": [ -0.488827571133002, 53.862486072439538 ] } },
{ "type": "Feature", "properties": { "visible_points": 12, "total_points": 109, "visibility_pct": 11.009174311926607 }, "geometry": { "type": "Point", "coordinates": [ -0.488616958463602, 53.862483419834014 ] } },
{ "type": "Feature", "properties": { "visible_points": 0, "total_points": 107, "visibility_pct": 0.0 }, "geometry": { "type": "Point", "coordinates": [ -0.488406345828212, 53.862480766858987 ] } },
{ "type": "Feature", "properties": { "visible_points": 0, "total_points": 104, "visibility_pct": 0.0 }, "geometry": { "type": "Point", "coordinates": [ -0.488195733226825, 53.862478113514499 ] } },
{ "type": "Feature", "properties": { "visible_points": 0, "total_points": 101, "visibility_pct": 0.0 }, "geometry": { "type": "Point", "coordinates": [ -0.487985120659448, 53.862475459800507 ] } },
{ "type": "Feature", "properties": { "visible_points": 0, "total_points": 99, "visibility_pct": 0.0 }, "geometry": { "type": "Point", "coordinates": [ -0.487774508126098, 53.86247280571704 ] } },
{ "type": "Feature", "properties": { "visible_points": 0, "total_points": 99, "visibility_pct": 0.0 }, "geometry": { "type": "Point", "coordinates": [ -0.487563895626763, 53.862470151264084 ] } },
{ "type": "Feature", "properties": { "visible_points": 0, "total_points": 100, "visibility_pct": 0.0 }, "geometry": { "type": "Point", "coordinates": [ -0.487353283161457, 53.862467496441653 ] } },
{ "type": "Feature", "properties": { "visible_points": 16, "total_points": 101, "visibility_pct": 15.841584158415841 }, "geometry": { "type": "Point", "coordinates": [ -0.487142670730185, 53.862464841249718 ] } },
{ "type": "Feature", "properties": { "visible_points": 0, "total_points": 103, "visibility_pct": 0.0 }, "geometry": { "type": "Point", "coordinates": [ -0.48693205833295, 53.862462185688322 ] } },
{ "type": "Feature", "properties": { "visible_points": 0, "total_points": 103, "visibility_pct": 0.0 }, "geometry": { "type": "Point", "coordinates": [ -0.486721445969753, 53.862459529757444 ] } },
{ "type": "Feature", "properties": { "visible_points": 0, "total_points": 100, "visibility_pct": 0.0 }, "geometry": { "type": "Point", "coordinates": [ -0.48651083364061, 53.86245687345707 ] } },
{ "type": "Feature", "properties": { "visible_points": 0, "total_points": 97, "visibility_pct": 0.0 }, "geometry": { "type": "Point", "coordinates": [ -0.486300221345508, 53.862454216787228 ] } },
{ "type": "Feature", "properties": { "visible_points": 6, "total_points": 93, "visibility_pct": 6.4516129032258061 }, "geometry": { "type": "Point", "coordinates": [ -0.486089609084471, 53.862451559747889 ] } },
{ "type": "Feature", "properties": { "visible_points": 14, "total_points": 88, "visibility_pct": 15.909090909090908 }, "geometry": { "type": "Point", "coordinates": [ -0.485878996857486, 53.862448902339075 ] } },
{ "type": "Feature", "properties": { "visible_points": 15, "total_points": 80, "visibility_pct": 18.75 }, "geometry": { "type": "Point", "coordinates": [ -0.485668384664574, 53.862446244560765 ] } },
{ "type": "Feature", "properties": { "visible_points": 0, "total_points": 72, "visibility_pct": 0.0 }, "geometry": { "type": "Point", "coordinates": [ -0.493983723715071, 53.862658763475849 ] } },
{ "type": "Feature", "properties": { "visible_points": 0, "total_points": 84, "visibility_pct": 0.0 }, "geometry": { "type": "Point", "coordinates": [ -0.493773109668317, 53.862656119911065 ] } },
{ "type": "Feature", "properties": { "visible_points": 0, "total_points": 96, "visibility_pct": 0.0 }, "geometry": { "type": "Point", "coordinates": [ -0.493562495655469, 53.862653475976806 ] } },
{ "type": "Feature", "properties": { "visible_points": 0, "total_points": 106, "visibility_pct": 0.0 }, "geometry": { "type": "Point", "coordinates": [ -0.493351881676504, 53.862650831673058 ] } },
{ "type": "Feature", "properties": { "visible_points": 0, "total_points": 114, "visibility_pct": 0.0 }, "geometry": { "type": "Point", "coordinates": [ -0.493141267731439, 53.862648186999785 ] } },
{ "type": "Feature", "properties": { "visible_points": 44, "total_points": 115, "visibility_pct": 38.260869565217391 }, "geometry": { "type": "Point", "coordinates": [ -0.492930653820273, 53.862645541957072 ] } },
{ "type": "Feature", "properties": { "visible_points": 43, "total_points": 116, "visibility_pct": 37.068965517241381 }, "geometry": { "type": "Point", "coordinates": [ -0.492720039943018, 53.862642896544834 ] } },
{ "type": "Feature", "properties": { "visible_points": 45, "total_points": 117, "visibility_pct": 38.461538461538467 }, "geometry": { "type": "Point", "coordinates": [ -0.492509426099673, 53.862640250763114 ] } },
{ "type": "Feature", "properties": { "visible_points": 53, "total_points": 118, "visibility_pct": 44.915254237288138 }, "geometry": { "type": "Point", "coordinates": [ -0.492298812290242, 53.862637604611933 ] } },
{ "type": "Feature", "properties": { "visible_points": 54, "total_points": 119, "visibility_pct": 45.378151260504204 }, "geometry": { "type": "Point", "coordinates": [ -0.492088198514737, 53.862634958091235 ] } },
{ "type": "Feature", "properties": { "visible_points": 50, "total_points": 120, "visibility_pct": 41.666666666666671 }, "geometry": { "type": "Point", "coordinates": [ -0.491877584773153, 53.862632311201068 ] } },
{ "type": "Feature", "properties": { "visible_points": 50, "total_points": 120, "visibility_pct": 41.666666666666671 }, "geometry": { "type": "Point", "coordinates": [ -0.491666971065499, 53.862629663941384 ] } },
{ "type": "Feature", "properties": { "visible_points": 39, "total_points": 120, "visibility_pct": 32.5 }, "geometry": { "type": "Point", "coordinates": [ -0.491456357391782, 53.862627016312231 ] } },
{ "type": "Feature", "properties": { "visible_points": 41, "total_points": 120, "visibility_pct": 34.166666666666664 }, "geometry": { "type": "Point", "coordinates": [ -0.491245743752006, 53.86262436831359 ] } },
{ "type": "Feature", "properties": { "visible_points": 42, "total_points": 120, "visibility_pct": 35.0 }, "geometry": { "type": "Point", "coordinates": [ -0.491035130146171, 53.862621719945459 ] } },
{ "type": "Feature", "properties": { "visible_points": 52, "total_points": 120, "visibility_pct": 43.333333333333336 }, "geometry": { "type": "Point", "coordinates": [ -0.490824516574291, 53.862619071207838 ] } },
{ "type": "Feature", "properties": { "visible_points": 52, "total_points": 120, "visibility_pct": 43.333333333333336 }, "geometry": { "type": "Point", "coordinates": [ -0.490613903036361, 53.862616422100743 ] } },
{ "type": "Feature", "properties": { "visible_points": 55, "total_points": 120, "visibility_pct": 45.833333333333329 }, "geometry": { "type": "Point", "coordinates": [ -0.490403289532391, 53.862613772624151 ] } },
{ "type": "Feature", "properties": { "visible_points": 57, "total_points": 120, "visibility_pct": 47.5 }, "geometry": { "type": "Point", "coordinates": [ -0.490192676062381, 53.862611122778063 ] } },
{ "type": "Feature", "properties": { "visible_points": 59, "total_points": 120, "visibility_pct": 49.166666666666664 }, "geometry": { "type": "Point", "coordinates": [ -0.489982062626347, 53.862608472562506 ] } },
{ "type": "Feature", "properties": { "visible_points": 63, "total_points": 120, "visibility_pct": 52.5 }, "geometry": { "type": "Point", "coordinates": [ -0.489771449224279, 53.862605821977439 ] } },
{ "type": "Feature", "properties": { "visible_points": 57, "total_points": 120, "visibility_pct": 47.5 }, "geometry": { "type": "Point", "coordinates": [ -0.489560835856192, 53.862603171022904 ] } },
{ "type": "Feature", "properties": { "visible_points": 52, "total_points": 120, "visibility_pct": 43.333333333333336 }, "geometry": { "type": "Point", "coordinates": [ -0.489350222522089, 53.86260051969888 ] } },
{ "type": "Feature", "properties": { "visible_points": 44, "total_points": 120, "visibility_pct": 36.666666666666664 }, "geometry": { "type": "Point", "coordinates": [ -0.489139609221975, 53.862597868005373 ] } },
{ "type": "Feature", "properties": { "visible_points": 32, "total_points": 119, "visibility_pct": 26.890756302521009 }, "geometry": { "type": "Point", "coordinates": [ -0.488928995955845, 53.86259521594237 ] } },
{ "type": "Feature", "properties": { "visible_points": 15, "total_points": 117, "visibility_pct": 12.820512820512819 }, "geometry": { "type": "Point", "coordinates": [ -0.488718382723717, 53.862592563509885 ] } },
{ "type": "Feature", "properties": { "visible_points": 11, "total_points": 115, "visibility_pct": 9.5652173913043477 }, "geometry": { "type": "Point", "coordinates": [ -0.488507769525592, 53.862589910707918 ] } },
{ "type": "Feature", "properties": { "visible_points": 17, "total_points": 113, "visibility_pct": 15.044247787610621 }, "geometry": { "type": "Point", "coordinates": [ -0.48829715636147, 53.862587257536461 ] } },
{ "type": "Feature", "properties": { "visible_points": 26, "total_points": 110, "visibility_pct": 23.636363636363637 }, "geometry": { "type": "Point", "coordinates": [ -0.488086543231361, 53.862584603995515 ] } },
{ "type": "Feature", "properties": { "visible_points": 27, "total_points": 108, "visibility_pct": 25.0 }, "geometry": { "type": "Point", "coordinates": [ -0.487875930135268, 53.862581950085094 ] } },
{ "type": "Feature", "properties": { "visible_points": 30, "total_points": 107, "visibility_pct": 28.037383177570092 }, "geometry": { "type": "Point", "coordinates": [ -0.487665317073192, 53.862579295805176 ] } },
{ "type": "Feature", "properties": { "visible_points": 36, "total_points": 107, "visibility_pct": 33.644859813084111 }, "geometry": { "type": "Point", "coordinates": [ -0.487454704045149, 53.862576641155783 ] } },
{ "type": "Feature", "properties": { "visible_points": 32, "total_points": 107, "visibility_pct": 29.906542056074763 }, "geometry": { "type": "Point", "coordinates": [ -0.487244091051127, 53.862573986136894 ] } },
{ "type": "Feature", "properties": { "visible_points": 27, "total_points": 109, "visibility_pct": 24.770642201834864 }, "geometry": { "type": "Point", "coordinates": [ -0.487033478091149, 53.862571330748523 ] } },
{ "type": "Feature", "properties": { "visible_points": 0, "total_points": 111, "visibility_pct": 0.0 }, "geometry": { "type": "Point", "coordinates": [ -0.486822865165201, 53.862568674990683 ] } },
{ "type": "Feature", "properties": { "visible_points": 0, "total_points": 112, "visibility_pct": 0.0 }, "geometry": { "type": "Point", "coordinates": [ -0.486612252273303, 53.86256601886334 ] } },
{ "type": "Feature", "properties": { "visible_points": 0, "total_points": 109, "visibility_pct": 0.0 }, "geometry": { "type": "Point", "coordinates": [ -0.486401639415453, 53.862563362366508 ] } },
{ "type": "Feature", "properties": { "visible_points": 11, "total_points": 106, "visibility_pct": 10.377358490566039 }, "geometry": { "type": "Point", "coordinates": [ -0.486191026591657, 53.862560705500215 ] } },
{ "type": "Feature", "properties": { "visible_points": 9, "total_points": 100, "visibility_pct": 9.0 }, "geometry": { "type": "Point", "coordinates": [ -0.485980413801919, 53.862558048264425 ] } },
{ "type": "Feature", "properties": { "visible_points": 25, "total_points": 92, "visibility_pct": 27.173913043478258 }, "geometry": { "type": "Point", "coordinates": [ -0.485769801046244, 53.862555390659146 ] } },
{ "type": "Feature", "properties": { "visible_points": 16, "total_points": 83, "visibility_pct": 19.277108433734941 }, "geometry": { "type": "Point", "coordinates": [ -0.485559188324638, 53.862552732684392 ] } },
{ "type": "Feature", "properties": { "visible_points": 8, "total_points": 76, "visibility_pct": 10.526315789473683 }, "geometry": { "type": "Point", "coordinates": [ -0.493874547962165, 53.86276525935051 ] } },
{ "type": "Feature", "properties": { "visible_points": 1, "total_points": 87, "visibility_pct": 1.1494252873563218 }, "geometry": { "type": "Point", "coordinates": [ -0.493663933386626, 53.862762615589325 ] } },
{ "type": "Feature", "properties": { "visible_points": 0, "total_points": 98, "visibility_pct": 0.0 }, "geometry": { "type": "Point", "coordinates": [ -0.493453318844974, 53.862759971458644 ] } },
{ "type": "Feature", "properties": { "visible_points": 24, "total_points": 107, "visibility_pct": 22.429906542056074 }, "geometry": { "type": "Point", "coordinates": [ -0.493242704337218, 53.862757326958473 ] } },
{ "type": "Feature", "properties": { "visible_points": 43, "total_points": 110, "visibility_pct": 39.090909090909093 }, "geometry": { "type": "Point", "coordinates": [ -0.493032089863365, 53.86275468208882 ] } },
{ "type": "Feature", "properties": { "visible_points": 48, "total_points": 110, "visibility_pct": 43.636363636363633 }, "geometry": { "type": "Point", "coordinates": [ -0.492821475423414, 53.86275203684967 ] } },
{ "type": "Feature", "properties": { "visible_points": 50, "total_points": 111, "visibility_pct": 45.045045045045043 }, "geometry": { "type": "Point", "coordinates": [ -0.492610861017374, 53.862749391241032 ] } },
{ "type": "Feature", "properties": { "visible_points": 52, "total_points": 113, "visibility_pct": 46.017699115044245 }, "geometry": { "type": "Point", "coordinates": [ -0.492400246645245, 53.862746745262903 ] } },
{ "type": "Feature", "properties": { "visible_points": 54, "total_points": 115, "visibility_pct": 46.956521739130437 }, "geometry": { "type": "Point", "coordinates": [ -0.492189632307038, 53.862744098915286 ] } },
{ "type": "Feature", "properties": { "visible_points": 47, "total_points": 117, "visibility_pct": 40.17094017094017 }, "geometry": { "type": "Point", "coordinates": [ -0.491979018002751, 53.862741452198179 ] } },
{ "type": "Feature", "properties": { "visible_points": 49, "total_points": 119, "visibility_pct": 41.17647058823529 }, "geometry": { "type": "Point", "coordinates": [ -0.491768403732395, 53.86273880511159 ] } },
{ "type": "Feature", "properties": { "visible_points": 16, "total_points": 120, "visibility_pct": 13.333333333333334 }, "geometry": { "type": "Point", "coordinates": [ -0.491557789495973, 53.862736157655497 ] } },
{ "type": "Feature", "properties": { "visible_points": 35, "total_points": 120, "visibility_pct": 29.166666666666668 }, "geometry": { "type": "Point", "coordinates": [ -0.491347175293489, 53.862733509829923 ] } },
{ "type": "Feature", "properties": { "visible_points": 46, "total_points": 120, "visibility_pct": 38.333333333333336 }, "geometry": { "type": "Point", "coordinates": [ -0.491136561124943, 53.862730861634859 ] } },
{ "type": "Feature", "properties": { "visible_points": 55, "total_points": 120, "visibility_pct": 45.833333333333329 }, "geometry": { "type": "Point", "coordinates": [ -0.490925946990349, 53.862728213070319 ] } },
{ "type": "Feature", "properties": { "visible_points": 52, "total_points": 120, "visibility_pct": 43.333333333333336 }, "geometry": { "type": "Point", "coordinates": [ -0.490715332889705, 53.862725564136262 ] } },
{ "type": "Feature", "properties": { "visible_points": 61, "total_points": 120, "visibility_pct": 50.833333333333329 }, "geometry": { "type": "Point", "coordinates": [ -0.490504718823019, 53.86272291483273 ] } },
{ "type": "Feature", "properties": { "visible_points": 56, "total_points": 120, "visibility_pct": 46.666666666666664 }, "geometry": { "type": "Point", "coordinates": [ -0.490294104790294, 53.862720265159709 ] } },
{ "type": "Feature", "properties": { "visible_points": 59, "total_points": 120, "visibility_pct": 49.166666666666664 }, "geometry": { "type": "Point", "coordinates": [ -0.490083490791532, 53.862717615117205 ] } },
{ "type": "Feature", "properties": { "visible_points": 66, "total_points": 120, "visibility_pct": 55.000000000000007 }, "geometry": { "type": "Point", "coordinates": [ -0.489872876826746, 53.862714964705198 ] } },
{ "type": "Feature", "properties": { "visible_points": 66, "total_points": 120, "visibility_pct": 55.000000000000007 }, "geometry": { "type": "Point", "coordinates": [ -0.489662262895938, 53.862712313923716 ] } },
{ "type": "Feature", "properties": { "visible_points": 57, "total_points": 120, "visibility_pct": 47.5 }, "geometry": { "type": "Point", "coordinates": [ -0.489451648999103, 53.862709662772751 ] } },
{ "type": "Feature", "properties": { "visible_points": 54, "total_points": 120, "visibility_pct": 45.0 }, "geometry": { "type": "Point", "coordinates": [ -0.489241035136255, 53.862707011252297 ] } },
{ "type": "Feature", "properties": { "visible_points": 41, "total_points": 120, "visibility_pct": 34.166666666666664 }, "geometry": { "type": "Point", "coordinates": [ -0.489030421307403, 53.86270435936234 ] } },
{ "type": "Feature", "properties": { "visible_points": 25, "total_points": 120, "visibility_pct": 20.833333333333336 }, "geometry": { "type": "Point", "coordinates": [ -0.48881980751254, 53.862701707102914 ] } },
{ "type": "Feature", "properties": { "visible_points": 0, "total_points": 120, "visibility_pct": 0.0 }, "geometry": { "type": "Point", "coordinates": [ -0.488609193751677, 53.862699054473971 ] } },
{ "type": "Feature", "properties": { "visible_points": 17, "total_points": 119, "visibility_pct": 14.285714285714285 }, "geometry": { "type": "Point", "coordinates": [ -0.488398580024822, 53.862696401475567 ] } },
{ "type": "Feature", "properties": { "visible_points": 33, "total_points": 118, "visibility_pct": 27.966101694915253 }, "geometry": { "type": "Point", "coordinates": [ -0.488187966331971, 53.862693748107681 ] } },
{ "type": "Feature", "properties": { "visible_points": 37, "total_points": 116, "visibility_pct": 31.896551724137932 }, "geometry": { "type": "Point", "coordinates": [ -0.487977352673135, 53.862691094370284 ] } },
{ "type": "Feature", "properties": { "visible_points": 39, "total_points": 114, "visibility_pct": 34.210526315789473 }, "geometry": { "type": "Point", "coordinates": [ -0.487766739048319, 53.862688440263419 ] } },
{ "type": "Feature", "properties": { "visible_points": 44, "total_points": 113, "visibility_pct": 38.938053097345133 }, "geometry": { "type": "Point", "coordinates": [ -0.487556125457529, 53.862685785787079 ] } },
{ "type": "Feature", "properties": { "visible_points": 39, "total_points": 113, "visibility_pct": 34.513274336283182 }, "geometry": { "type": "Point", "coordinates": [ -0.487345511900762, 53.862683130941207 ] } },
{ "type": "Feature", "properties": { "visible_points": 32, "total_points": 114, "visibility_pct": 28.07017543859649 }, "geometry": { "type": "Point", "coordinates": [ -0.487134898378027, 53.862680475725881 ] } },
{ "type": "Feature", "properties": { "visible_points": 15, "total_points": 115, "visibility_pct": 13.043478260869565 }, "geometry": { "type": "Point", "coordinates": [ -0.486924284889334, 53.862677820141066 ] } },
{ "type": "Feature", "properties": { "visible_points": 30, "total_points": 116, "visibility_pct": 25.862068965517242 }, "geometry": { "type": "Point", "coordinates": [ -0.486713671434681, 53.862675164186754 ] } },
{ "type": "Feature", "properties": { "visible_points": 19, "total_points": 117, "visibility_pct": 16.239316239316238 }, "geometry": { "type": "Point", "coordinates": [ -0.486503058014073, 53.862672507862968 ] } },
{ "type": "Feature", "properties": { "visible_points": 2, "total_points": 115, "visibility_pct": 1.7391304347826086 }, "geometry": { "type": "Point", "coordinates": [ -0.486292444627524, 53.862669851169692 ] } },
{ "type": "Feature", "properties": { "visible_points": 6, "total_points": 110, "visibility_pct": 5.4545454545454541 }, "geometry": { "type": "Point", "coordinates": [ -0.48608183127502, 53.862667194106926 ] } },
{ "type": "Feature", "properties": { "visible_points": 5, "total_points": 103, "visibility_pct": 4.8543689320388346 }, "geometry": { "type": "Point", "coordinates": [ -0.485871217956586, 53.862664536674693 ] } },
{ "type": "Feature", "properties": { "visible_points": 15, "total_points": 95, "visibility_pct": 15.789473684210526 }, "geometry": { "type": "Point", "coordinates": [ -0.485660604672215, 53.862661878872963 ] } },
{ "type": "Feature", "properties": { "visible_points": 21, "total_points": 86, "visibility_pct": 24.418604651162788 }, "geometry": { "type": "Point", "coordinates": [ -0.485449991421916, 53.862659220701737 ] } },
{ "type": "Feature", "properties": { "visible_points": 1, "total_points": 66, "visibility_pct": 1.5151515151515151 }, "geometry": { "type": "Point", "coordinates": [ -0.493975986784787, 53.862874398707035 ] } },
{ "type": "Feature", "properties": { "visible_points": 11, "total_points": 76, "visibility_pct": 14.473684210526317 }, "geometry": { "type": "Point", "coordinates": [ -0.493765371646558, 53.862871755118931 ] } },
{ "type": "Feature", "properties": { "visible_points": 15, "total_points": 86, "visibility_pct": 17.441860465116278 }, "geometry": { "type": "Point", "coordinates": [ -0.493554756542218, 53.862869111161331 ] } },
{ "type": "Feature", "properties": { "visible_points": 23, "total_points": 95, "visibility_pct": 24.210526315789473 }, "geometry": { "type": "Point", "coordinates": [ -0.49334414147177, 53.862866466834248 ] } },
{ "type": "Feature", "properties": { "visible_points": 31, "total_points": 102, "visibility_pct": 30.392156862745097 }, "geometry": { "type": "Point", "coordinates": [ -0.49313352643522, 53.86286382213769 ] } },
{ "type": "Feature", "properties": { "visible_points": 44, "total_points": 103, "visibility_pct": 42.718446601941743 }, "geometry": { "type": "Point", "coordinates": [ -0.492922911432576, 53.862861177071601 ] } },
{ "type": "Feature", "properties": { "visible_points": 47, "total_points": 104, "visibility_pct": 45.192307692307693 }, "geometry": { "type": "Point", "coordinates": [ -0.492712296463835, 53.862858531636057 ] } },
{ "type": "Feature", "properties": { "visible_points": 50, "total_points": 106, "visibility_pct": 47.169811320754718 }, "geometry": { "type": "Point", "coordinates": [ -0.492501681529004, 53.862855885830996 ] } },
{ "type": "Feature", "properties": { "visible_points": 50, "total_points": 109, "visibility_pct": 45.871559633027523 }, "geometry": { "type": "Point", "coordinates": [ -0.492291066628097, 53.862853239656459 ] } },
{ "type": "Feature", "properties": { "visible_points": 52, "total_points": 112, "visibility_pct": 46.428571428571431 }, "geometry": { "type": "Point", "coordinates": [ -0.492080451761105, 53.862850593112427 ] } },
{ "type": "Feature", "properties": { "visible_points": 51, "total_points": 115, "visibility_pct": 44.347826086956523 }, "geometry": { "type": "Point", "coordinates": [ -0.491869836928044, 53.862847946198897 ] } },
{ "type": "Feature", "properties": { "visible_points": 15, "total_points": 118, "visibility_pct": 12.711864406779661 }, "geometry": { "type": "Point", "coordinates": [ -0.491659222128911, 53.862845298915865 ] } },
{ "type": "Feature", "properties": { "visible_points": 1, "total_points": 120, "visibility_pct": 0.83333333333333337 }, "geometry": { "type": "Point", "coordinates": [ -0.491448607363716, 53.862842651263371 ] } },
{ "type": "Feature", "properties": { "visible_points": 45, "total_points": 120, "visibility_pct": 37.5 }, "geometry": { "type": "Point", "coordinates": [ -0.49123799263246, 53.862840003241374 ] } },
{ "type": "Feature", "properties": { "visible_points": 53, "total_points": 120, "visibility_pct": 44.166666666666664 }, "geometry": { "type": "Point", "coordinates": [ -0.491027377935149, 53.862837354849901 ] } },
{ "type": "Feature", "properties": { "visible_points": 51, "total_points": 120, "visibility_pct": 42.5 }, "geometry": { "type": "Point", "coordinates": [ -0.490816763271789, 53.862834706088933 ] } },
{ "type": "Feature", "properties": { "visible_points": 54, "total_points": 120, "visibility_pct": 45.0 }, "geometry": { "type": "Point", "coordinates": [ -0.490606148642382, 53.862832056958446 ] } },
{ "type": "Feature", "properties": { "visible_points": 58, "total_points": 120, "visibility_pct": 48.333333333333336 }, "geometry": { "type": "Point", "coordinates": [ -0.490395534046939, 53.86282940745847 ] } },
{ "type": "Feature", "properties": { "visible_points": 62, "total_points": 120, "visibility_pct": 51.666666666666671 }, "geometry": { "type": "Point", "coordinates": [ -0.490184919485454, 53.862826757589033 ] } },
{ "type": "Feature", "properties": { "visible_points": 68, "total_points": 120, "visibility_pct": 56.666666666666664 }, "geometry": { "type": "Point", "coordinates": [ -0.489974304957941, 53.8628241073501 ] } },
{ "type": "Feature", "properties": { "visible_points": 72, "total_points": 120, "visibility_pct": 60.0 }, "geometry": { "type": "Point", "coordinates": [ -0.489763690464402, 53.862821456741671 ] } },
{ "type": "Feature", "properties": { "visible_points": 69, "total_points": 120, "visibility_pct": 57.5 }, "geometry": { "type": "Point", "coordinates": [ -0.489553076004841, 53.862818805763737 ] } },
{ "type": "Feature", "properties": { "visible_points": 60, "total_points": 120, "visibility_pct": 50.0 }, "geometry": { "type": "Point", "coordinates": [ -0.489342461579265, 53.862816154416343 ] } },
{ "type": "Feature", "properties": { "visible_points": 58, "total_points": 120, "visibility_pct": 48.333333333333336 }, "geometry": { "type": "Point", "coordinates": [ -0.489131847187671, 53.862813502699446 ] } },
{ "type": "Feature", "properties": { "visible_points": 44, "total_points": 120, "visibility_pct": 36.666666666666664 }, "geometry": { "type": "Point", "coordinates": [ -0.488921232830078, 53.862810850613066 ] } },
{ "type": "Feature", "properties": { "visible_points": 34, "total_points": 120, "visibility_pct": 28.333333333333332 }, "geometry": { "type": "Point", "coordinates": [ -0.488710618506475, 53.86280819815719 ] } },
{ "type": "Feature", "properties": { "visible_points": 25, "total_points": 120, "visibility_pct": 20.833333333333336 }, "geometry": { "type": "Point", "coordinates": [ -0.488500004216881, 53.862805545331817 ] } },
{ "type": "Feature", "properties": { "visible_points": 34, "total_points": 120, "visibility_pct": 28.333333333333332 }, "geometry": { "type": "Point", "coordinates": [ -0.488289389961289, 53.862802892136969 ] } },
{ "type": "Feature", "properties": { "visible_points": 38, "total_points": 120, "visibility_pct": 31.666666666666664 }, "geometry": { "type": "Point", "coordinates": [ -0.488078775739708, 53.862800238572632 ] } },
{ "type": "Feature", "properties": { "visible_points": 44, "total_points": 120, "visibility_pct": 36.666666666666664 }, "geometry": { "type": "Point", "coordinates": [ -0.48786816155215, 53.862797584638798 ] } },
{ "type": "Feature", "properties": { "visible_points": 47, "total_points": 119, "visibility_pct": 39.495798319327733 }, "geometry": { "type": "Point", "coordinates": [ -0.487657547398602, 53.862794930335482 ] } },
{ "type": "Feature", "properties": { "visible_points": 46, "total_points": 118, "visibility_pct": 38.983050847457626 }, "geometry": { "type": "Point", "coordinates": [ -0.487446933279093, 53.862792275662699 ] } },
{ "type": "Feature", "properties": { "visible_points": 28, "total_points": 118, "visibility_pct": 23.728813559322035 }, "geometry": { "type": "Point", "coordinates": [ -0.487236319193606, 53.86278962062039 ] } },
{ "type": "Feature", "properties": { "visible_points": 44, "total_points": 118, "visibility_pct": 37.288135593220339 }, "geometry": { "type": "Point", "coordinates": [ -0.487025705142152, 53.862786965208606 ] } },
{ "type": "Feature", "properties": { "visible_points": 36, "total_points": 118, "visibility_pct": 30.508474576271187 }, "geometry": { "type": "Point", "coordinates": [ -0.486815091124749, 53.86278430942734 ] } },
{ "type": "Feature", "properties": { "visible_points": 29, "total_points": 119, "visibility_pct": 24.369747899159663 }, "geometry": { "type": "Point", "coordinates": [ -0.486604477141379, 53.862781653276592 ] } },
{ "type": "Feature", "properties": { "visible_points": 0, "total_points": 120, "visibility_pct": 0.0 }, "geometry": { "type": "Point", "coordinates": [ -0.486393863192068, 53.86277899675634 ] } },
{ "type": "Feature", "properties": { "visible_points": 0, "total_points": 118, "visibility_pct": 0.0 }, "geometry": { "type": "Point", "coordinates": [ -0.486183249276805, 53.862776339866613 ] } },
{ "type": "Feature", "properties": { "visible_points": 0, "total_points": 112, "visibility_pct": 0.0 }, "geometry": { "type": "Point", "coordinates": [ -0.485972635395606, 53.862773682607397 ] } },
{ "type": "Feature", "properties": { "visible_points": 0, "total_points": 106, "visibility_pct": 0.0 }, "geometry": { "type": "Point", "coordinates": [ -0.485762021548469, 53.862771024978684 ] } },
{ "type": "Feature", "properties": { "visible_points": 11, "total_points": 98, "visibility_pct": 11.224489795918368 }, "geometry": { "type": "Point", "coordinates": [ -0.485551407735397, 53.862768366980504 ] } },
{ "type": "Feature", "properties": { "visible_points": 23, "total_points": 89, "visibility_pct": 25.842696629213485 }, "geometry": { "type": "Point", "coordinates": [ -0.485340793956404, 53.862765708612827 ] } },
{ "type": "Feature", "properties": { "visible_points": 24, "total_points": 79, "visibility_pct": 30.37974683544304 }, "geometry": { "type": "Point", "coordinates": [ -0.485130180211481, 53.86276304987566 ] } },
{ "type": "Feature", "properties": { "visible_points": 0, "total_points": 65, "visibility_pct": 0.0 }, "geometry": { "type": "Point", "coordinates": [ -0.493866810435272, 53.862980894565659 ] } },
{ "type": "Feature", "properties": { "visible_points": 14, "total_points": 74, "visibility_pct": 18.918918918918919 }, "geometry": { "type": "Point", "coordinates": [ -0.493656194768238, 53.862978250781154 ] } },
{ "type": "Feature", "properties": { "visible_points": 18, "total_points": 82, "visibility_pct": 21.951219512195124 }, "geometry": { "type": "Point", "coordinates": [ -0.493445579135098, 53.862975606627145 ] } },
{ "type": "Feature", "properties": { "visible_points": 28, "total_points": 90, "visibility_pct": 31.111111111111111 }, "geometry": { "type": "Point", "coordinates": [ -0.493234963535849, 53.862972962103669 ] } },
{ "type": "Feature", "properties": { "visible_points": 36, "total_points": 94, "visibility_pct": 38.297872340425535 }, "geometry": { "type": "Point", "coordinates": [ -0.493024347970502, 53.862970317210674 ] } },
{ "type": "Feature", "properties": { "visible_points": 39, "total_points": 96, "visibility_pct": 40.625 }, "geometry": { "type": "Point", "coordinates": [ -0.492813732439063, 53.862967671948198 ] } },
{ "type": "Feature", "properties": { "visible_points": 47, "total_points": 98, "visibility_pct": 47.959183673469383 }, "geometry": { "type": "Point", "coordinates": [ -0.492603116941534, 53.862965026316218 ] } },
{ "type": "Feature", "properties": { "visible_points": 50, "total_points": 101, "visibility_pct": 49.504950495049506 }, "geometry": { "type": "Point", "coordinates": [ -0.492392501477915, 53.862962380314755 ] } },
{ "type": "Feature", "properties": { "visible_points": 51, "total_points": 105, "visibility_pct": 48.571428571428569 }, "geometry": { "type": "Point", "coordinates": [ -0.492181886048219, 53.862959733943789 ] } },
{ "type": "Feature", "properties": { "visible_points": 45, "total_points": 109, "visibility_pct": 41.284403669724774 }, "geometry": { "type": "Point", "coordinates": [ -0.491971270652445, 53.862957087203327 ] } },
{ "type": "Feature", "properties": { "visible_points": 45, "total_points": 113, "visibility_pct": 39.823008849557525 }, "geometry": { "type": "Point", "coordinates": [ -0.491760655290604, 53.86295444009339 ] } },
{ "type": "Feature", "properties": { "visible_points": 37, "total_points": 117, "visibility_pct": 31.623931623931622 }, "geometry": { "type": "Point", "coordinates": [ -0.491550039962694, 53.862951792613941 ] } },
{ "type": "Feature", "properties": { "visible_points": 47, "total_points": 120, "visibility_pct": 39.166666666666664 }, "geometry": { "type": "Point", "coordinates": [ -0.49133942466872, 53.862949144765018 ] } },
{ "type": "Feature", "properties": { "visible_points": 54, "total_points": 120, "visibility_pct": 45.0 }, "geometry": { "type": "Point", "coordinates": [ -0.491128809408694, 53.862946496546591 ] } },
{ "type": "Feature", "properties": { "visible_points": 41, "total_points": 120, "visibility_pct": 34.166666666666664 }, "geometry": { "type": "Point", "coordinates": [ -0.490918194182616, 53.86294384795869 ] } },
{ "type": "Feature", "properties": { "visible_points": 55, "total_points": 120, "visibility_pct": 45.833333333333329 }, "geometry": { "type": "Point", "coordinates": [ -0.490707578990485, 53.862941199001284 ] } },
{ "type": "Feature", "properties": { "visible_points": 53, "total_points": 120, "visibility_pct": 44.166666666666664 }, "geometry": { "type": "Point", "coordinates": [ -0.490496963832314, 53.862938549674382 ] } },
{ "type": "Feature", "properties": { "visible_points": 51, "total_points": 120, "visibility_pct": 42.5 }, "geometry": { "type": "Point", "coordinates": [ -0.49028634870811, 53.862935899977998 ] } },
{ "type": "Feature", "properties": { "visible_points": 42, "total_points": 120, "visibility_pct": 35.0 }, "geometry": { "type": "Point", "coordinates": [ -0.490075733617862, 53.862933249912125 ] } },
{ "type": "Feature", "properties": { "visible_points": 69, "total_points": 120, "visibility_pct": 57.5 }, "geometry": { "type": "Point", "coordinates": [ -0.489865118561603, 53.862930599476748 ] } },
{ "type": "Feature", "properties": { "visible_points": 70, "total_points": 120, "visibility_pct": 58.333333333333336 }, "geometry": { "type": "Point", "coordinates": [ -0.489654503539305, 53.862927948671896 ] } },
{ "type": "Feature", "properties": { "visible_points": 69, "total_points": 120, "visibility_pct": 57.5 }, "geometry": { "type": "Point", "coordinates": [ -0.489443888550991, 53.86292529749754 ] } },
{ "type": "Feature", "properties": { "visible_points": 65, "total_points": 120, "visibility_pct": 54.166666666666664 }, "geometry": { "type": "Point", "coordinates": [ -0.489233273596667, 53.862922645953695 ] } },
{ "type": "Feature", "properties": { "visible_points": 55, "total_points": 120, "visibility_pct": 45.833333333333329 }, "geometry": { "type": "Point", "coordinates": [ -0.489022658676329, 53.862919994040361 ] } },
{ "type": "Feature", "properties": { "visible_points": 44, "total_points": 120, "visibility_pct": 36.666666666666664 }, "geometry": { "type": "Point", "coordinates": [ -0.488812043789991, 53.862917341757544 ] } },
{ "type": "Feature", "properties": { "visible_points": 33, "total_points": 120, "visibility_pct": 27.5 }, "geometry": { "type": "Point", "coordinates": [ -0.48860142893765, 53.862914689105224 ] } },
{ "type": "Feature", "properties": { "visible_points": 15, "total_points": 120, "visibility_pct": 12.5 }, "geometry": { "type": "Point", "coordinates": [ -0.488390814119315, 53.862912036083422 ] } },
{ "type": "Feature", "properties": { "visible_points": 37, "total_points": 120, "visibility_pct": 30.833333333333336 }, "geometry": { "type": "Point", "coordinates": [ -0.48818019933499, 53.862909382692131 ] } },
{ "type": "Feature", "properties": { "visible_points": 47, "total_points": 120, "visibility_pct": 39.166666666666664 }, "geometry": { "type": "Point", "coordinates": [ -0.487969584584678, 53.862906728931335 ] } },
{ "type": "Feature", "properties": { "visible_points": 43, "total_points": 120, "visibility_pct": 35.833333333333336 }, "geometry": { "type": "Point", "coordinates": [ -0.487758969868386, 53.862904074801065 ] } },
{ "type": "Feature", "properties": { "visible_points": 47, "total_points": 120, "visibility_pct": 39.166666666666664 }, "geometry": { "type": "Point", "coordinates": [ -0.487548355186119, 53.862901420301306 ] } },
{ "type": "Feature", "properties": { "visible_points": 48, "total_points": 120, "visibility_pct": 40.0 }, "geometry": { "type": "Point", "coordinates": [ -0.487337740537876, 53.862898765432043 ] } },
{ "type": "Feature", "properties": { "visible_points": 48, "total_points": 120, "visibility_pct": 40.0 }, "geometry": { "type": "Point", "coordinates": [ -0.487127125923671, 53.862896110193304 ] } },
{ "type": "Feature", "properties": { "visible_points": 46, "total_points": 120, "visibility_pct": 38.333333333333336 }, "geometry": { "type": "Point", "coordinates": [ -0.486916511343503, 53.862893454585077 ] } },
{ "type": "Feature", "properties": { "visible_points": 47, "total_points": 120, "visibility_pct": 39.166666666666664 }, "geometry": { "type": "Point", "coordinates": [ -0.486705896797377, 53.862890798607353 ] } },
{ "type": "Feature", "properties": { "visible_points": 37, "total_points": 120, "visibility_pct": 30.833333333333336 }, "geometry": { "type": "Point", "coordinates": [ -0.486495282285297, 53.862888142260147 ] } },
{ "type": "Feature", "properties": { "visible_points": 14, "total_points": 120, "visibility_pct": 11.666666666666666 }, "geometry": { "type": "Point", "coordinates": [ -0.486284667807275, 53.86288548554343 ] } },
{ "type": "Feature", "properties": { "visible_points": 21, "total_points": 119, "visibility_pct": 17.647058823529413 }, "geometry": { "type": "Point", "coordinates": [ -0.486074053363306, 53.862882828457252 ] } },
{ "type": "Feature", "properties": { "visible_points": 0, "total_points": 114, "visibility_pct": 0.0 }, "geometry": { "type": "Point", "coordinates": [ -0.485863438953396, 53.862880171001571 ] } },
{ "type": "Feature", "properties": { "visible_points": 0, "total_points": 108, "visibility_pct": 0.0 }, "geometry": { "type": "Point", "coordinates": [ -0.485652824577558, 53.862877513176421 ] } },
{ "type": "Feature", "properties": { "visible_points": 12, "total_points": 100, "visibility_pct": 12.0 }, "geometry": { "type": "Point", "coordinates": [ -0.485442210235787, 53.862874854981776 ] } },
{ "type": "Feature", "properties": { "visible_points": 20, "total_points": 91, "visibility_pct": 21.978021978021978 }, "geometry": { "type": "Point", "coordinates": [ -0.485231595928095, 53.862872196417612 ] } },
{ "type": "Feature", "properties": { "visible_points": 23, "total_points": 82, "visibility_pct": 28.04878048780488 }, "geometry": { "type": "Point", "coordinates": [ -0.485020981632679, 53.862869537506484 ] } },
{ "type": "Feature", "properties": { "visible_points": 0, "total_points": 54, "visibility_pct": 0.0 }, "geometry": { "type": "Point", "coordinates": [ -0.493968249752769, 53.863090033929488 ] } },
{ "type": "Feature", "properties": { "visible_points": 0, "total_points": 62, "visibility_pct": 0.0 }, "geometry": { "type": "Point", "coordinates": [ -0.493757633523041, 53.863087390318078 ] } },
{ "type": "Feature", "properties": { "visible_points": 0, "total_points": 69, "visibility_pct": 0.0 }, "geometry": { "type": "Point", "coordinates": [ -0.493547017327197, 53.863084746337158 ] } },
{ "type": "Feature", "properties": { "visible_points": 0, "total_points": 77, "visibility_pct": 0.0 }, "geometry": { "type": "Point", "coordinates": [ -0.493336401165256, 53.863082101986748 ] } },
{ "type": "Feature", "properties": { "visible_points": 55, "total_points": 96, "visibility_pct": 57.291666666666664 }, "geometry": { "type": "Point", "coordinates": [ -0.492283320864094, 53.863068874692274 ] } },
{ "type": "Feature", "properties": { "visible_points": 63, "total_points": 101, "visibility_pct": 62.376237623762378 }, "geometry": { "type": "Point", "coordinates": [ -0.492072704905609, 53.863066228124893 ] } },
{ "type": "Feature", "properties": { "visible_points": 55, "total_points": 106, "visibility_pct": 51.886792452830186 }, "geometry": { "type": "Point", "coordinates": [ -0.491862088981057, 53.863063581188023 ] } },
{ "type": "Feature", "properties": { "visible_points": 50, "total_points": 111, "visibility_pct": 45.045045045045043 }, "geometry": { "type": "Point", "coordinates": [ -0.491651473090427, 53.863060933881656 ] } },
{ "type": "Feature", "properties": { "visible_points": 52, "total_points": 116, "visibility_pct": 44.827586206896555 }, "geometry": { "type": "Point", "coordinates": [ -0.491440857233737, 53.863058286205792 ] } },
{ "type": "Feature", "properties": { "visible_points": 51, "total_points": 120, "visibility_pct": 42.5 }, "geometry": { "type": "Point", "coordinates": [ -0.491230241410991, 53.863055638160446 ] } },
{ "type": "Feature", "properties": { "visible_points": 58, "total_points": 120, "visibility_pct": 48.333333333333336 }, "geometry": { "type": "Point", "coordinates": [ -0.491019625622186, 53.863052989745597 ] } },
{ "type": "Feature", "properties": { "visible_points": 58, "total_points": 120, "visibility_pct": 48.333333333333336 }, "geometry": { "type": "Point", "coordinates": [ -0.490809009867335, 53.863050340961266 ] } },
{ "type": "Feature", "properties": { "visible_points": 55, "total_points": 120, "visibility_pct": 45.833333333333329 }, "geometry": { "type": "Point", "coordinates": [ -0.490598394146438, 53.863047691807417 ] } },
{ "type": "Feature", "properties": { "visible_points": 50, "total_points": 120, "visibility_pct": 41.666666666666671 }, "geometry": { "type": "Point", "coordinates": [ -0.490387778459499, 53.863045042284092 ] } },
{ "type": "Feature", "properties": { "visible_points": 54, "total_points": 120, "visibility_pct": 45.0 }, "geometry": { "type": "Point", "coordinates": [ -0.490177162806531, 53.863042392391272 ] } },
{ "type": "Feature", "properties": { "visible_points": 60, "total_points": 120, "visibility_pct": 50.0 }, "geometry": { "type": "Point", "coordinates": [ -0.489966547187525, 53.863039742128962 ] } },
{ "type": "Feature", "properties": { "visible_points": 66, "total_points": 120, "visibility_pct": 55.000000000000007 }, "geometry": { "type": "Point", "coordinates": [ -0.489755931602502, 53.863037091497162 ] } },
{ "type": "Feature", "properties": { "visible_points": 70, "total_points": 120, "visibility_pct": 58.333333333333336 }, "geometry": { "type": "Point", "coordinates": [ -0.489545316051449, 53.863034440495866 ] } },
{ "type": "Feature", "properties": { "visible_points": 75, "total_points": 120, "visibility_pct": 62.5 }, "geometry": { "type": "Point", "coordinates": [ -0.489334700534384, 53.863031789125081 ] } },
{ "type": "Feature", "properties": { "visible_points": 59, "total_points": 120, "visibility_pct": 49.166666666666664 }, "geometry": { "type": "Point", "coordinates": [ -0.489124085051311, 53.8630291373848 ] } },
{ "type": "Feature", "properties": { "visible_points": 54, "total_points": 120, "visibility_pct": 45.0 }, "geometry": { "type": "Point", "coordinates": [ -0.488913469602227, 53.863026485275014 ] } },
{ "type": "Feature", "properties": { "visible_points": 41, "total_points": 120, "visibility_pct": 34.166666666666664 }, "geometry": { "type": "Point", "coordinates": [ -0.48870285418714, 53.863023832795761 ] } },
{ "type": "Feature", "properties": { "visible_points": 0, "total_points": 120, "visibility_pct": 0.0 }, "geometry": { "type": "Point", "coordinates": [ -0.488492238806059, 53.863021179947005 ] } },
{ "type": "Feature", "properties": { "visible_points": 0, "total_points": 120, "visibility_pct": 0.0 }, "geometry": { "type": "Point", "coordinates": [ -0.488281623458981, 53.863018526728752 ] } },
{ "type": "Feature", "properties": { "visible_points": 48, "total_points": 120, "visibility_pct": 40.0 }, "geometry": { "type": "Point", "coordinates": [ -0.488071008145919, 53.863015873141016 ] } },
{ "type": "Feature", "properties": { "visible_points": 52, "total_points": 120, "visibility_pct": 43.333333333333336 }, "geometry": { "type": "Point", "coordinates": [ -0.487860392866879, 53.863013219183784 ] } },
{ "type": "Feature", "properties": { "visible_points": 42, "total_points": 120, "visibility_pct": 35.0 }, "geometry": { "type": "Point", "coordinates": [ -0.487649777621849, 53.863010564857071 ] } },
{ "type": "Feature", "properties": { "visible_points": 49, "total_points": 120, "visibility_pct": 40.833333333333336 }, "geometry": { "type": "Point", "coordinates": [ -0.487439162410856, 53.863007910160846 ] } },
{ "type": "Feature", "properties": { "visible_points": 53, "total_points": 120, "visibility_pct": 44.166666666666664 }, "geometry": { "type": "Point", "coordinates": [ -0.487228547233885, 53.863005255095139 ] } },
{ "type": "Feature", "properties": { "visible_points": 53, "total_points": 120, "visibility_pct": 44.166666666666664 }, "geometry": { "type": "Point", "coordinates": [ -0.487017932090954, 53.863002599659957 ] } },
{ "type": "Feature", "properties": { "visible_points": 47, "total_points": 120, "visibility_pct": 39.166666666666664 }, "geometry": { "type": "Point", "coordinates": [ -0.486807316982067, 53.862999943855272 ] } },
{ "type": "Feature", "properties": { "visible_points": 44, "total_points": 120, "visibility_pct": 36.666666666666664 }, "geometry": { "type": "Point", "coordinates": [ -0.486596701907224, 53.86299728768109 ] } },
{ "type": "Feature", "properties": { "visible_points": 36, "total_points": 120, "visibility_pct": 30.0 }, "geometry": { "type": "Point", "coordinates": [ -0.486386086866429, 53.86299463113744 ] } },
{ "type": "Feature", "properties": { "visible_points": 29, "total_points": 120, "visibility_pct": 24.166666666666668 }, "geometry": { "type": "Point", "coordinates": [ -0.486175471859691, 53.862991974224279 ] } },
{ "type": "Feature", "properties": { "visible_points": 31, "total_points": 120, "visibility_pct": 25.833333333333336 }, "geometry": { "type": "Point", "coordinates": [ -0.485964856887013, 53.862989316941622 ] } },
{ "type": "Feature", "properties": { "visible_points": 0, "total_points": 116, "visibility_pct": 0.0 }, "geometry": { "type": "Point", "coordinates": [ -0.485754241948399, 53.862986659289483 ] } },
{ "type": "Feature", "properties": { "visible_points": 0, "total_points": 110, "visibility_pct": 0.0 }, "geometry": { "type": "Point", "coordinates": [ -0.48554362704385, 53.862984001267868 ] } },
{ "type": "Feature", "properties": { "visible_points": 0, "total_points": 102, "visibility_pct": 0.0 }, "geometry": { "type": "Point", "coordinates": [ -0.485333012173378, 53.862981342876758 ] } },
{ "type": "Feature", "properties": { "visible_points": 19, "total_points": 94, "visibility_pct": 20.212765957446805 }, "geometry": { "type": "Point", "coordinates": [ -0.48512239733699, 53.862978684116143 ] } },
{ "type": "Feature", "properties": { "visible_points": 24, "total_points": 85, "visibility_pct": 28.235294117647058 }, "geometry": { "type": "Point", "coordinates": [ -0.484911782482597, 53.862976025097637 ] } },
{ "type": "Feature", "properties": { "visible_points": 51, "total_points": 91, "visibility_pct": 56.043956043956044 }, "geometry": { "type": "Point", "coordinates": [ -0.492174139687542, 53.86317536896356 ] } },
{ "type": "Feature", "properties": { "visible_points": 52, "total_points": 97, "visibility_pct": 53.608247422680414 }, "geometry": { "type": "Point", "coordinates": [ -0.491963523200264, 53.863172722199764 ] } },
{ "type": "Feature", "properties": { "visible_points": 47, "total_points": 103, "visibility_pct": 45.631067961165051 }, "geometry": { "type": "Point", "coordinates": [ -0.49175290674692, 53.863170075066485 ] } },
{ "type": "Feature", "properties": { "visible_points": 47, "total_points": 109, "visibility_pct": 43.119266055045877 }, "geometry": { "type": "Point", "coordinates": [ -0.491542290327512, 53.863167427563688 ] } },
{ "type": "Feature", "properties": { "visible_points": 45, "total_points": 115, "visibility_pct": 39.130434782608695 }, "geometry": { "type": "Point", "coordinates": [ -0.49133167394204, 53.863164779691409 ] } },
{ "type": "Feature", "properties": { "visible_points": 57, "total_points": 120, "visibility_pct": 47.5 }, "geometry": { "type": "Point", "coordinates": [ -0.491121057590509, 53.863162131449627 ] } },
{ "type": "Feature", "properties": { "visible_points": 62, "total_points": 120, "visibility_pct": 51.666666666666671 }, "geometry": { "type": "Point", "coordinates": [ -0.490910441272933, 53.863159482838348 ] } },
{ "type": "Feature", "properties": { "visible_points": 70, "total_points": 120, "visibility_pct": 58.333333333333336 }, "geometry": { "type": "Point", "coordinates": [ -0.490699824989305, 53.863156833857573 ] } },
{ "type": "Feature", "properties": { "visible_points": 55, "total_points": 120, "visibility_pct": 45.833333333333329 }, "geometry": { "type": "Point", "coordinates": [ -0.490489208739638, 53.863154184507323 ] } },
{ "type": "Feature", "properties": { "visible_points": 51, "total_points": 120, "visibility_pct": 42.5 }, "geometry": { "type": "Point", "coordinates": [ -0.490278592523934, 53.863151534787562 ] } },
{ "type": "Feature", "properties": { "visible_points": 57, "total_points": 120, "visibility_pct": 47.5 }, "geometry": { "type": "Point", "coordinates": [ -0.490067976342194, 53.863148884698312 ] } },
{ "type": "Feature", "properties": { "visible_points": 68, "total_points": 120, "visibility_pct": 56.666666666666664 }, "geometry": { "type": "Point", "coordinates": [ -0.489857360194427, 53.863146234239579 ] } },
{ "type": "Feature", "properties": { "visible_points": 73, "total_points": 120, "visibility_pct": 60.833333333333329 }, "geometry": { "type": "Point", "coordinates": [ -0.489646744080645, 53.863143583411336 ] } },
{ "type": "Feature", "properties": { "visible_points": 69, "total_points": 120, "visibility_pct": 57.5 }, "geometry": { "type": "Point", "coordinates": [ -0.489436128000835, 53.863140932213589 ] } },
{ "type": "Feature", "properties": { "visible_points": 70, "total_points": 120, "visibility_pct": 58.333333333333336 }, "geometry": { "type": "Point", "coordinates": [ -0.489225511955012, 53.863138280646368 ] } },
{ "type": "Feature", "properties": { "visible_points": 71, "total_points": 120, "visibility_pct": 59.166666666666664 }, "geometry": { "type": "Point", "coordinates": [ -0.489014895943187, 53.863135628709649 ] } },
{ "type": "Feature", "properties": { "visible_points": 56, "total_points": 120, "visibility_pct": 46.666666666666664 }, "geometry": { "type": "Point", "coordinates": [ -0.488804279965351, 53.863132976403449 ] } },
{ "type": "Feature", "properties": { "visible_points": 49, "total_points": 120, "visibility_pct": 40.833333333333336 }, "geometry": { "type": "Point", "coordinates": [ -0.488593664021519, 53.863130323727731 ] } },
{ "type": "Feature", "properties": { "visible_points": 42, "total_points": 120, "visibility_pct": 35.0 }, "geometry": { "type": "Point", "coordinates": [ -0.488383048111695, 53.863127670682537 ] } },
{ "type": "Feature", "properties": { "visible_points": 45, "total_points": 120, "visibility_pct": 37.5 }, "geometry": { "type": "Point", "coordinates": [ -0.488172432235876, 53.863125017267848 ] } },
{ "type": "Feature", "properties": { "visible_points": 54, "total_points": 120, "visibility_pct": 45.0 }, "geometry": { "type": "Point", "coordinates": [ -0.487961816394072, 53.863122363483654 ] } },
{ "type": "Feature", "properties": { "visible_points": 61, "total_points": 120, "visibility_pct": 50.833333333333329 }, "geometry": { "type": "Point", "coordinates": [ -0.487751200586292, 53.863119709329972 ] } },
{ "type": "Feature", "properties": { "visible_points": 53, "total_points": 120, "visibility_pct": 44.166666666666664 }, "geometry": { "type": "Point", "coordinates": [ -0.487540584812535, 53.863117054806814 ] } },
{ "type": "Feature", "properties": { "visible_points": 58, "total_points": 120, "visibility_pct": 48.333333333333336 }, "geometry": { "type": "Point", "coordinates": [ -0.487329969072807, 53.863114399914146 ] } },
{ "type": "Feature", "properties": { "visible_points": 50, "total_points": 120, "visibility_pct": 41.666666666666671 }, "geometry": { "type": "Point", "coordinates": [ -0.487119353367112, 53.863111744651988 ] } },
{ "type": "Feature", "properties": { "visible_points": 47, "total_points": 120, "visibility_pct": 39.166666666666664 }, "geometry": { "type": "Point", "coordinates": [ -0.486908737695456, 53.863109089020348 ] } },
{ "type": "Feature", "properties": { "visible_points": 40, "total_points": 120, "visibility_pct": 33.333333333333329 }, "geometry": { "type": "Point", "coordinates": [ -0.486698122057842, 53.863106433019205 ] } },
{ "type": "Feature", "properties": { "visible_points": 29, "total_points": 120, "visibility_pct": 24.166666666666668 }, "geometry": { "type": "Point", "coordinates": [ -0.486487506454279, 53.863103776648586 ] } },
{ "type": "Feature", "properties": { "visible_points": 31, "total_points": 120, "visibility_pct": 25.833333333333336 }, "geometry": { "type": "Point", "coordinates": [ -0.486276890884768, 53.863101119908457 ] } },
{ "type": "Feature", "properties": { "visible_points": 34, "total_points": 120, "visibility_pct": 28.333333333333332 }, "geometry": { "type": "Point", "coordinates": [ -0.486066275349311, 53.863098462798831 ] } },
{ "type": "Feature", "properties": { "visible_points": 29, "total_points": 120, "visibility_pct": 24.166666666666668 }, "geometry": { "type": "Point", "coordinates": [ -0.485855659847922, 53.86309580531973 ] } },
{ "type": "Feature", "properties": { "visible_points": 0, "total_points": 118, "visibility_pct": 0.0 }, "geometry": { "type": "Point", "coordinates": [ -0.485645044380599, 53.863093147471126 ] } },
{ "type": "Feature", "properties": { "visible_points": 0, "total_points": 112, "visibility_pct": 0.0 }, "geometry": { "type": "Point", "coordinates": [ -0.485434428947342, 53.863090489253047 ] } },
{ "type": "Feature", "properties": { "visible_points": 3, "total_points": 105, "visibility_pct": 2.8571428571428572 }, "geometry": { "type": "Point", "coordinates": [ -0.485223813548169, 53.863087830665471 ] } },
{ "type": "Feature", "properties": { "visible_points": 15, "total_points": 97, "visibility_pct": 15.463917525773196 }, "geometry": { "type": "Point", "coordinates": [ -0.485013198161514, 53.863085171734348 ] } },
{ "type": "Feature", "properties": { "visible_points": 14, "total_points": 88, "visibility_pct": 15.909090909090908 }, "geometry": { "type": "Point", "coordinates": [ -0.484802582751565, 53.863082512622064 ] } },
{ "type": "Feature", "properties": { "visible_points": 47, "total_points": 93, "visibility_pct": 50.537634408602152 }, "geometry": { "type": "Point", "coordinates": [ -0.49185434093218, 53.863279216168408 ] } },
{ "type": "Feature", "properties": { "visible_points": 37, "total_points": 100, "visibility_pct": 37.0 }, "geometry": { "type": "Point", "coordinates": [ -0.491643723950048, 53.863276568838707 ] } },
{ "type": "Feature", "properties": { "visible_points": 24, "total_points": 107, "visibility_pct": 22.429906542056074 }, "geometry": { "type": "Point", "coordinates": [ -0.491433107001846, 53.863273921139488 ] } },
{ "type": "Feature", "properties": { "visible_points": 52, "total_points": 114, "visibility_pct": 45.614035087719294 }, "geometry": { "type": "Point", "coordinates": [ -0.491222490087593, 53.863271273070772 ] } },
{ "type": "Feature", "properties": { "visible_points": 60, "total_points": 120, "visibility_pct": 50.0 }, "geometry": { "type": "Point", "coordinates": [ -0.491011873207281, 53.863268624632575 ] } },
{ "type": "Feature", "properties": { "visible_points": 61, "total_points": 120, "visibility_pct": 50.833333333333329 }, "geometry": { "type": "Point", "coordinates": [ -0.490801256360927, 53.863265975824881 ] } },
{ "type": "Feature", "properties": { "visible_points": 70, "total_points": 120, "visibility_pct": 58.333333333333336 }, "geometry": { "type": "Point", "coordinates": [ -0.490590639548525, 53.863263326647683 ] } },
{ "type": "Feature", "properties": { "visible_points": 64, "total_points": 120, "visibility_pct": 53.333333333333336 }, "geometry": { "type": "Point", "coordinates": [ -0.490380022770083, 53.863260677100968 ] } },
{ "type": "Feature", "properties": { "visible_points": 58, "total_points": 120, "visibility_pct": 48.333333333333336 }, "geometry": { "type": "Point", "coordinates": [ -0.490169406025607, 53.863258027184784 ] } },
{ "type": "Feature", "properties": { "visible_points": 66, "total_points": 120, "visibility_pct": 55.000000000000007 }, "geometry": { "type": "Point", "coordinates": [ -0.489958789315102, 53.863255376899112 ] } },
{ "type": "Feature", "properties": { "visible_points": 74, "total_points": 120, "visibility_pct": 61.666666666666671 }, "geometry": { "type": "Point", "coordinates": [ -0.489748172638572, 53.863252726243921 ] } },
{ "type": "Feature", "properties": { "visible_points": 74, "total_points": 120, "visibility_pct": 61.666666666666671 }, "geometry": { "type": "Point", "coordinates": [ -0.489537555996018, 53.863250075219248 ] } },
{ "type": "Feature", "properties": { "visible_points": 70, "total_points": 120, "visibility_pct": 58.333333333333336 }, "geometry": { "type": "Point", "coordinates": [ -0.489326939387453, 53.863247423825086 ] } },
{ "type": "Feature", "properties": { "visible_points": 70, "total_points": 120, "visibility_pct": 58.333333333333336 }, "geometry": { "type": "Point", "coordinates": [ -0.489116322812879, 53.863244772061414 ] } },
{ "type": "Feature", "properties": { "visible_points": 66, "total_points": 120, "visibility_pct": 55.000000000000007 }, "geometry": { "type": "Point", "coordinates": [ -0.488905706272292, 53.863242119928259 ] } },
{ "type": "Feature", "properties": { "visible_points": 57, "total_points": 120, "visibility_pct": 47.5 }, "geometry": { "type": "Point", "coordinates": [ -0.488695089765706, 53.863239467425608 ] } },
{ "type": "Feature", "properties": { "visible_points": 54, "total_points": 120, "visibility_pct": 45.0 }, "geometry": { "type": "Point", "coordinates": [ -0.488484473293127, 53.863236814553446 ] } },
{ "type": "Feature", "properties": { "visible_points": 56, "total_points": 120, "visibility_pct": 46.666666666666664 }, "geometry": { "type": "Point", "coordinates": [ -0.488273856854552, 53.863234161311816 ] } },
{ "type": "Feature", "properties": { "visible_points": 49, "total_points": 120, "visibility_pct": 40.833333333333336 }, "geometry": { "type": "Point", "coordinates": [ -0.488063240449992, 53.863231507700675 ] } },
{ "type": "Feature", "properties": { "visible_points": 61, "total_points": 120, "visibility_pct": 50.833333333333329 }, "geometry": { "type": "Point", "coordinates": [ -0.487852624079448, 53.863228853720045 ] } },
{ "type": "Feature", "properties": { "visible_points": 53, "total_points": 120, "visibility_pct": 44.166666666666664 }, "geometry": { "type": "Point", "coordinates": [ -0.487642007742928, 53.863226199369912 ] } },
{ "type": "Feature", "properties": { "visible_points": 62, "total_points": 120, "visibility_pct": 51.666666666666671 }, "geometry": { "type": "Point", "coordinates": [ -0.487431391440437, 53.863223544650296 ] } },
{ "type": "Feature", "properties": { "visible_points": 55, "total_points": 120, "visibility_pct": 45.833333333333329 }, "geometry": { "type": "Point", "coordinates": [ -0.487220775171973, 53.86322088956117 ] } },
{ "type": "Feature", "properties": { "visible_points": 42, "total_points": 120, "visibility_pct": 35.0 }, "geometry": { "type": "Point", "coordinates": [ -0.487010158937546, 53.863218234102554 ] } },
{ "type": "Feature", "properties": { "visible_points": 32, "total_points": 120, "visibility_pct": 26.666666666666668 }, "geometry": { "type": "Point", "coordinates": [ -0.486799542737165, 53.863215578274463 ] } },
{ "type": "Feature", "properties": { "visible_points": 15, "total_points": 120, "visibility_pct": 12.5 }, "geometry": { "type": "Point", "coordinates": [ -0.486588926570828, 53.863212922076869 ] } },
{ "type": "Feature", "properties": { "visible_points": 0, "total_points": 120, "visibility_pct": 0.0 }, "geometry": { "type": "Point", "coordinates": [ -0.486378310438538, 53.863210265509778 ] } },
{ "type": "Feature", "properties": { "visible_points": 36, "total_points": 120, "visibility_pct": 30.0 }, "geometry": { "type": "Point", "coordinates": [ -0.486167694340309, 53.863207608573198 ] } },
{ "type": "Feature", "properties": { "visible_points": 38, "total_points": 120, "visibility_pct": 31.666666666666664 }, "geometry": { "type": "Point", "coordinates": [ -0.485957078276136, 53.863204951267136 ] } },
{ "type": "Feature", "properties": { "visible_points": 35, "total_points": 120, "visibility_pct": 29.166666666666668 }, "geometry": { "type": "Point", "coordinates": [ -0.48574646224603, 53.863202293591563 ] } },
{ "type": "Feature", "properties": { "visible_points": 28, "total_points": 119, "visibility_pct": 23.52941176470588 }, "geometry": { "type": "Point", "coordinates": [ -0.485535846249997, 53.863199635546508 ] } },
{ "type": "Feature", "properties": { "visible_points": 0, "total_points": 113, "visibility_pct": 0.0 }, "geometry": { "type": "Point", "coordinates": [ -0.485325230288034, 53.863196977131956 ] } },
{ "type": "Feature", "properties": { "visible_points": 0, "total_points": 107, "visibility_pct": 0.0 }, "geometry": { "type": "Point", "coordinates": [ -0.485114614359997, 53.863194318347993 ] } },
{ "type": "Feature", "properties": { "visible_points": 16, "total_points": 99, "visibility_pct": 16.161616161616163 }, "geometry": { "type": "Point", "coordinates": [ -0.484903998416704, 53.863191659320243 ] } },
{ "type": "Feature", "properties": { "visible_points": 17, "total_points": 90, "visibility_pct": 18.888888888888889 }, "geometry": { "type": "Point", "coordinates": [ -0.484693382460253, 53.863189000049978 ] } },
{ "type": "Feature", "properties": { "visible_points": 18, "total_points": 80, "visibility_pct": 22.5 }, "geometry": { "type": "Point", "coordinates": [ -0.484482766537045, 53.863186340410167 ] } },
{ "type": "Feature", "properties": { "visible_points": 38, "total_points": 88, "visibility_pct": 43.18181818181818 }, "geometry": { "type": "Point", "coordinates": [ -0.491745158101348, 53.863385710030833 ] } },
{ "type": "Feature", "properties": { "visible_points": 0, "total_points": 95, "visibility_pct": 0.0 }, "geometry": { "type": "Point", "coordinates": [ -0.49153454059042, 53.863383062504695 ] } },
{ "type": "Feature", "properties": { "visible_points": 8, "total_points": 102, "visibility_pct": 7.8431372549019605 }, "geometry": { "type": "Point", "coordinates": [ -0.491323923113433, 53.863380414609054 ] } },
{ "type": "Feature", "properties": { "visible_points": 56, "total_points": 110, "visibility_pct": 50.909090909090907 }, "geometry": { "type": "Point", "coordinates": [ -0.491113305670394, 53.863377766343923 ] } },
{ "type": "Feature", "properties": { "visible_points": 64, "total_points": 116, "visibility_pct": 55.172413793103445 }, "geometry": { "type": "Point", "coordinates": [ -0.490902688261301, 53.863375117709282 ] } },
{ "type": "Feature", "properties": { "visible_points": 76, "total_points": 118, "visibility_pct": 64.406779661016941 }, "geometry": { "type": "Point", "coordinates": [ -0.490692070886163, 53.863372468705165 ] } },
{ "type": "Feature", "properties": { "visible_points": 76, "total_points": 119, "visibility_pct": 63.865546218487388 }, "geometry": { "type": "Point", "coordinates": [ -0.490481453544983, 53.863369819331524 ] } },
{ "type": "Feature", "properties": { "visible_points": 74, "total_points": 120, "visibility_pct": 61.666666666666671 }, "geometry": { "type": "Point", "coordinates": [ -0.490270836237768, 53.8633671695884 ] } },
{ "type": "Feature", "properties": { "visible_points": 74, "total_points": 120, "visibility_pct": 61.666666666666671 }, "geometry": { "type": "Point", "coordinates": [ -0.490060218964519, 53.863364519475795 ] } },
{ "type": "Feature", "properties": { "visible_points": 72, "total_points": 120, "visibility_pct": 60.0 }, "geometry": { "type": "Point", "coordinates": [ -0.489849601725242, 53.863361868993671 ] } },
{ "type": "Feature", "properties": { "visible_points": 77, "total_points": 120, "visibility_pct": 64.166666666666671 }, "geometry": { "type": "Point", "coordinates": [ -0.489638984519944, 53.863359218142044 ] } },
{ "type": "Feature", "properties": { "visible_points": 72, "total_points": 120, "visibility_pct": 60.0 }, "geometry": { "type": "Point", "coordinates": [ -0.489428367348631, 53.86335656692092 ] } },
{ "type": "Feature", "properties": { "visible_points": 67, "total_points": 120, "visibility_pct": 55.833333333333336 }, "geometry": { "type": "Point", "coordinates": [ -0.4892177502113, 53.863353915330329 ] } },
{ "type": "Feature", "properties": { "visible_points": 66, "total_points": 120, "visibility_pct": 55.000000000000007 }, "geometry": { "type": "Point", "coordinates": [ -0.489007133107964, 53.86335126337022 ] } },
{ "type": "Feature", "properties": { "visible_points": 62, "total_points": 120, "visibility_pct": 51.666666666666671 }, "geometry": { "type": "Point", "coordinates": [ -0.488796516038624, 53.863348611040614 ] } },
{ "type": "Feature", "properties": { "visible_points": 53, "total_points": 120, "visibility_pct": 44.166666666666664 }, "geometry": { "type": "Point", "coordinates": [ -0.488585899003284, 53.863345958341519 ] } },
{ "type": "Feature", "properties": { "visible_points": 0, "total_points": 120, "visibility_pct": 0.0 }, "geometry": { "type": "Point", "coordinates": [ -0.488375282001951, 53.863343305272934 ] } },
{ "type": "Feature", "properties": { "visible_points": 43, "total_points": 120, "visibility_pct": 35.833333333333336 }, "geometry": { "type": "Point", "coordinates": [ -0.48816466503463, 53.863340651834825 ] } },
{ "type": "Feature", "properties": { "visible_points": 59, "total_points": 120, "visibility_pct": 49.166666666666664 }, "geometry": { "type": "Point", "coordinates": [ -0.487954048101326, 53.863337998027241 ] } },
{ "type": "Feature", "properties": { "visible_points": 57, "total_points": 120, "visibility_pct": 47.5 }, "geometry": { "type": "Point", "coordinates": [ -0.487743431202034, 53.863335343850174 ] } },
{ "type": "Feature", "properties": { "visible_points": 64, "total_points": 120, "visibility_pct": 53.333333333333336 }, "geometry": { "type": "Point", "coordinates": [ -0.487532814336778, 53.86333268930359 ] } },
{ "type": "Feature", "properties": { "visible_points": 58, "total_points": 120, "visibility_pct": 48.333333333333336 }, "geometry": { "type": "Point", "coordinates": [ -0.487322197505542, 53.863330034387516 ] } },
{ "type": "Feature", "properties": { "visible_points": 51, "total_points": 120, "visibility_pct": 42.5 }, "geometry": { "type": "Point", "coordinates": [ -0.48711158070835, 53.863327379101939 ] } },
{ "type": "Feature", "properties": { "visible_points": 11, "total_points": 120, "visibility_pct": 9.1666666666666661 }, "geometry": { "type": "Point", "coordinates": [ -0.486900963945188, 53.863324723446873 ] } },
{ "type": "Feature", "properties": { "visible_points": 0, "total_points": 120, "visibility_pct": 0.0 }, "geometry": { "type": "Point", "coordinates": [ -0.486690347216078, 53.863322067422338 ] } },
{ "type": "Feature", "properties": { "visible_points": 28, "total_points": 120, "visibility_pct": 23.333333333333332 }, "geometry": { "type": "Point", "coordinates": [ -0.48647973052101, 53.863319411028272 ] } },
{ "type": "Feature", "properties": { "visible_points": 33, "total_points": 120, "visibility_pct": 27.5 }, "geometry": { "type": "Point", "coordinates": [ -0.486269113859999, 53.86331675426473 ] } },
{ "type": "Feature", "properties": { "visible_points": 41, "total_points": 120, "visibility_pct": 34.166666666666664 }, "geometry": { "type": "Point", "coordinates": [ -0.486058497233049, 53.863314097131692 ] } },
{ "type": "Feature", "properties": { "visible_points": 45, "total_points": 120, "visibility_pct": 37.5 }, "geometry": { "type": "Point", "coordinates": [ -0.485847880640158, 53.86331143962915 ] } },
{ "type": "Feature", "properties": { "visible_points": 35, "total_points": 120, "visibility_pct": 29.166666666666668 }, "geometry": { "type": "Point", "coordinates": [ -0.485637264081333, 53.863308781757134 ] } },
{ "type": "Feature", "properties": { "visible_points": 25, "total_points": 120, "visibility_pct": 20.833333333333336 }, "geometry": { "type": "Point", "coordinates": [ -0.485426647556584, 53.863306123515613 ] } },
{ "type": "Feature", "properties": { "visible_points": 0, "total_points": 115, "visibility_pct": 0.0 }, "geometry": { "type": "Point", "coordinates": [ -0.48521603106591, 53.863303464904583 ] } },
{ "type": "Feature", "properties": { "visible_points": 0, "total_points": 109, "visibility_pct": 0.0 }, "geometry": { "type": "Point", "coordinates": [ -0.485005414588106, 53.863300805955944 ] } },
{ "type": "Feature", "properties": { "visible_points": 14, "total_points": 101, "visibility_pct": 13.861386138613863 }, "geometry": { "type": "Point", "coordinates": [ -0.484794798092119, 53.863298146838432 ] } },
{ "type": "Feature", "properties": { "visible_points": 21, "total_points": 92, "visibility_pct": 22.826086956521738 }, "geometry": { "type": "Point", "coordinates": [ -0.484584181610957, 53.863295487379226 ] } },
{ "type": "Feature", "properties": { "visible_points": 8, "total_points": 83, "visibility_pct": 9.6385542168674707 }, "geometry": { "type": "Point", "coordinates": [ -0.484373565163654, 53.863292827550175 ] } },
{ "type": "Feature", "properties": { "visible_points": 38, "total_points": 82, "visibility_pct": 46.341463414634148 }, "geometry": { "type": "Point", "coordinates": [ -0.491635974707762, 53.863492203787025 ] } },
{ "type": "Feature", "properties": { "visible_points": 37, "total_points": 90, "visibility_pct": 41.111111111111107 }, "geometry": { "type": "Point", "coordinates": [ -0.491425356668043, 53.863489556064451 ] } },
{ "type": "Feature", "properties": { "visible_points": 47, "total_points": 98, "visibility_pct": 47.959183673469383 }, "geometry": { "type": "Point", "coordinates": [ -0.491214738662268, 53.863486907972387 ] } },
{ "type": "Feature", "properties": { "visible_points": 53, "total_points": 105, "visibility_pct": 50.476190476190474 }, "geometry": { "type": "Point", "coordinates": [ -0.491004120690436, 53.86348425951082 ] } },
{ "type": "Feature", "properties": { "visible_points": 65, "total_points": 111, "visibility_pct": 58.558558558558559 }, "geometry": { "type": "Point", "coordinates": [ -0.490793502752563, 53.86348161067977 ] } },
{ "type": "Feature", "properties": { "visible_points": 74, "total_points": 114, "visibility_pct": 64.912280701754383 }, "geometry": { "type": "Point", "coordinates": [ -0.490582884848641, 53.863478961479203 ] } },
{ "type": "Feature", "properties": { "visible_points": 79, "total_points": 116, "visibility_pct": 68.103448275862064 }, "geometry": { "type": "Point", "coordinates": [ -0.490372266978679, 53.863476311909139 ] } },
{ "type": "Feature", "properties": { "visible_points": 83, "total_points": 118, "visibility_pct": 70.33898305084746 }, "geometry": { "type": "Point", "coordinates": [ -0.490161649142688, 53.863473661969593 ] } },
{ "type": "Feature", "properties": { "visible_points": 85, "total_points": 120, "visibility_pct": 70.833333333333343 }, "geometry": { "type": "Point", "coordinates": [ -0.48995103134066, 53.863471011660529 ] } },
{ "type": "Feature", "properties": { "visible_points": 87, "total_points": 120, "visibility_pct": 72.5 }, "geometry": { "type": "Point", "coordinates": [ -0.489740413572616, 53.863468360981962 ] } },
{ "type": "Feature", "properties": { "visible_points": 88, "total_points": 120, "visibility_pct": 73.333333333333329 }, "geometry": { "type": "Point", "coordinates": [ -0.489529795838549, 53.863465709933912 ] } },
{ "type": "Feature", "properties": { "visible_points": 68, "total_points": 120, "visibility_pct": 56.666666666666664 }, "geometry": { "type": "Point", "coordinates": [ -0.489319178138466, 53.863463058516373 ] } },
{ "type": "Feature", "properties": { "visible_points": 54, "total_points": 120, "visibility_pct": 45.0 }, "geometry": { "type": "Point", "coordinates": [ -0.489108560472374, 53.86346040672931 ] } },
{ "type": "Feature", "properties": { "visible_points": 52, "total_points": 120, "visibility_pct": 43.333333333333336 }, "geometry": { "type": "Point", "coordinates": [ -0.488897942840272, 53.86345775457275 ] } },
{ "type": "Feature", "properties": { "visible_points": 49, "total_points": 120, "visibility_pct": 40.833333333333336 }, "geometry": { "type": "Point", "coordinates": [ -0.488687325242177, 53.863455102046707 ] } },
{ "type": "Feature", "properties": { "visible_points": 0, "total_points": 120, "visibility_pct": 0.0 }, "geometry": { "type": "Point", "coordinates": [ -0.488476707678081, 53.863452449151175 ] } },
{ "type": "Feature", "properties": { "visible_points": 34, "total_points": 120, "visibility_pct": 28.333333333333332 }, "geometry": { "type": "Point", "coordinates": [ -0.488266090147996, 53.86344979588614 ] } },
{ "type": "Feature", "properties": { "visible_points": 52, "total_points": 120, "visibility_pct": 43.333333333333336 }, "geometry": { "type": "Point", "coordinates": [ -0.488055472651922, 53.863447142251601 ] } },
{ "type": "Feature", "properties": { "visible_points": 51, "total_points": 120, "visibility_pct": 42.5 }, "geometry": { "type": "Point", "coordinates": [ -0.48784485518987, 53.863444488247559 ] } },
{ "type": "Feature", "properties": { "visible_points": 60, "total_points": 120, "visibility_pct": 50.0 }, "geometry": { "type": "Point", "coordinates": [ -0.487634237761838, 53.863441833874042 ] } },
{ "type": "Feature", "properties": { "visible_points": 63, "total_points": 120, "visibility_pct": 52.5 }, "geometry": { "type": "Point", "coordinates": [ -0.487423620367832, 53.863439179131007 ] } },
{ "type": "Feature", "properties": { "visible_points": 52, "total_points": 120, "visibility_pct": 43.333333333333336 }, "geometry": { "type": "Point", "coordinates": [ -0.48721300300786, 53.863436524018468 ] } },
{ "type": "Feature", "properties": { "visible_points": 42, "total_points": 120, "visibility_pct": 35.0 }, "geometry": { "type": "Point", "coordinates": [ -0.487002385681929, 53.863433868536454 ] } },
{ "type": "Feature", "properties": { "visible_points": 12, "total_points": 120, "visibility_pct": 10.0 }, "geometry": { "type": "Point", "coordinates": [ -0.486791768390035, 53.863431212684937 ] } },
{ "type": "Feature", "properties": { "visible_points": 30, "total_points": 120, "visibility_pct": 25.0 }, "geometry": { "type": "Point", "coordinates": [ -0.48658115113219, 53.863428556463923 ] } },
{ "type": "Feature", "properties": { "visible_points": 38, "total_points": 120, "visibility_pct": 31.666666666666664 }, "geometry": { "type": "Point", "coordinates": [ -0.486370533908394, 53.863425899873405 ] } },
{ "type": "Feature", "properties": { "visible_points": 45, "total_points": 120, "visibility_pct": 37.5 }, "geometry": { "type": "Point", "coordinates": [ -0.486159916718657, 53.863423242913413 ] } },
{ "type": "Feature", "properties": { "visible_points": 44, "total_points": 120, "visibility_pct": 36.666666666666664 }, "geometry": { "type": "Point", "coordinates": [ -0.485949299562978, 53.863420585583896 ] } },
{ "type": "Feature", "properties": { "visible_points": 45, "total_points": 120, "visibility_pct": 37.5 }, "geometry": { "type": "Point", "coordinates": [ -0.485738682441369, 53.86341792788491 ] } },
{ "type": "Feature", "properties": { "visible_points": 35, "total_points": 120, "visibility_pct": 29.166666666666668 }, "geometry": { "type": "Point", "coordinates": [ -0.485528065353829, 53.863415269816414 ] } },
{ "type": "Feature", "properties": { "visible_points": 33, "total_points": 120, "visibility_pct": 27.5 }, "geometry": { "type": "Point", "coordinates": [ -0.485317448300361, 53.863412611378422 ] } },
{ "type": "Feature", "properties": { "visible_points": 0, "total_points": 117, "visibility_pct": 0.0 }, "geometry": { "type": "Point", "coordinates": [ -0.485106831279183, 53.863409952572958 ] } },
{ "type": "Feature", "properties": { "visible_points": 0, "total_points": 111, "visibility_pct": 0.0 }, "geometry": { "type": "Point", "coordinates": [ -0.484896214248077, 53.863407293536802 ] } },
{ "type": "Feature", "properties": { "visible_points": 25, "total_points": 103, "visibility_pct": 24.271844660194176 }, "geometry": { "type": "Point", "coordinates": [ -0.484685597208942, 53.863404634258202 ] } },
{ "type": "Feature", "properties": { "visible_points": 23, "total_points": 95, "visibility_pct": 24.210526315789473 }, "geometry": { "type": "Point", "coordinates": [ -0.484474980203676, 53.863401974609765 ] } },
{ "type": "Feature", "properties": { "visible_points": 11, "total_points": 86, "visibility_pct": 12.790697674418606 }, "geometry": { "type": "Point", "coordinates": [ -0.484264363232273, 53.863399314591462 ] } },
{ "type": "Feature", "properties": { "visible_points": 32, "total_points": 69, "visibility_pct": 46.376811594202898 }, "geometry": { "type": "Point", "coordinates": [ -0.491737409353878, 53.863601344986463 ] } },
{ "type": "Feature", "properties": { "visible_points": 39, "total_points": 77, "visibility_pct": 50.649350649350644 }, "geometry": { "type": "Point", "coordinates": [ -0.491526790751422, 53.863598697436977 ] } },
{ "type": "Feature", "properties": { "visible_points": 46, "total_points": 85, "visibility_pct": 54.117647058823529 }, "geometry": { "type": "Point", "coordinates": [ -0.491316172182912, 53.863596049518002 ] } },
{ "type": "Feature", "properties": { "visible_points": 53, "total_points": 93, "visibility_pct": 56.98924731182796 }, "geometry": { "type": "Point", "coordinates": [ -0.491105553648336, 53.863593401229508 ] } },
{ "type": "Feature", "properties": { "visible_points": 48, "total_points": 100, "visibility_pct": 48.0 }, "geometry": { "type": "Point", "coordinates": [ -0.490894935147724, 53.863590752571504 ] } },
{ "type": "Feature", "properties": { "visible_points": 53, "total_points": 105, "visibility_pct": 50.476190476190474 }, "geometry": { "type": "Point", "coordinates": [ -0.490684316681053, 53.863588103544011 ] } },
{ "type": "Feature", "properties": { "visible_points": 67, "total_points": 109, "visibility_pct": 61.467889908256879 }, "geometry": { "type": "Point", "coordinates": [ -0.490473698248349, 53.863585454147 ] } },
{ "type": "Feature", "properties": { "visible_points": 69, "total_points": 112, "visibility_pct": 61.607142857142861 }, "geometry": { "type": "Point", "coordinates": [ -0.490263079849607, 53.86358280438052 ] } },
{ "type": "Feature", "properties": { "visible_points": 79, "total_points": 115, "visibility_pct": 68.695652173913047 }, "geometry": { "type": "Point", "coordinates": [ -0.490052461484836, 53.863580154244517 ] } },
{ "type": "Feature", "properties": { "visible_points": 87, "total_points": 118, "visibility_pct": 73.728813559322035 }, "geometry": { "type": "Point", "coordinates": [ -0.489841843154033, 53.863577503739023 ] } },
{ "type": "Feature", "properties": { "visible_points": 81, "total_points": 120, "visibility_pct": 67.5 }, "geometry": { "type": "Point", "coordinates": [ -0.489631224857213, 53.863574852864033 ] } },
{ "type": "Feature", "properties": { "visible_points": 61, "total_points": 120, "visibility_pct": 50.833333333333329 }, "geometry": { "type": "Point", "coordinates": [ -0.489420606594374, 53.863572201619547 ] } },
{ "type": "Feature", "properties": { "visible_points": 36, "total_points": 120, "visibility_pct": 30.0 }, "geometry": { "type": "Point", "coordinates": [ -0.489209988365524, 53.863569550005558 ] } },
{ "type": "Feature", "properties": { "visible_points": 41, "total_points": 120, "visibility_pct": 34.166666666666664 }, "geometry": { "type": "Point", "coordinates": [ -0.488999370170664, 53.863566898022057 ] } },
{ "type": "Feature", "properties": { "visible_points": 57, "total_points": 120, "visibility_pct": 47.5 }, "geometry": { "type": "Point", "coordinates": [ -0.488788752009803, 53.863564245669068 ] } },
{ "type": "Feature", "properties": { "visible_points": 10, "total_points": 120, "visibility_pct": 8.3333333333333321 }, "geometry": { "type": "Point", "coordinates": [ -0.488578133882945, 53.863561592946574 ] } },
{ "type": "Feature", "properties": { "visible_points": 3, "total_points": 120, "visibility_pct": 2.5 }, "geometry": { "type": "Point", "coordinates": [ -0.488367515790089, 53.863558939854585 ] } },
{ "type": "Feature", "properties": { "visible_points": 50, "total_points": 120, "visibility_pct": 41.666666666666671 }, "geometry": { "type": "Point", "coordinates": [ -0.488156897731248, 53.863556286393091 ] } },
{ "type": "Feature", "properties": { "visible_points": 47, "total_points": 120, "visibility_pct": 39.166666666666664 }, "geometry": { "type": "Point", "coordinates": [ -0.487946279706424, 53.863553632562102 ] } },
{ "type": "Feature", "properties": { "visible_points": 51, "total_points": 120, "visibility_pct": 42.5 }, "geometry": { "type": "Point", "coordinates": [ -0.487735661715619, 53.863550978361623 ] } },
{ "type": "Feature", "properties": { "visible_points": 57, "total_points": 120, "visibility_pct": 47.5 }, "geometry": { "type": "Point", "coordinates": [ -0.487525043758841, 53.863548323791633 ] } },
{ "type": "Feature", "properties": { "visible_points": 58, "total_points": 120, "visibility_pct": 48.333333333333336 }, "geometry": { "type": "Point", "coordinates": [ -0.487314425836091, 53.863545668852161 ] } },
{ "type": "Feature", "properties": { "visible_points": 44, "total_points": 120, "visibility_pct": 36.666666666666664 }, "geometry": { "type": "Point", "coordinates": [ -0.48710380794738, 53.863543013543186 ] } },
{ "type": "Feature", "properties": { "visible_points": 40, "total_points": 120, "visibility_pct": 33.333333333333329 }, "geometry": { "type": "Point", "coordinates": [ -0.486893190092704, 53.863540357864686 ] } },
{ "type": "Feature", "properties": { "visible_points": 42, "total_points": 120, "visibility_pct": 35.0 }, "geometry": { "type": "Point", "coordinates": [ -0.486682572272074, 53.863537701816718 ] } },
{ "type": "Feature", "properties": { "visible_points": 50, "total_points": 120, "visibility_pct": 41.666666666666671 }, "geometry": { "type": "Point", "coordinates": [ -0.486471954485496, 53.863535045399246 ] } },
{ "type": "Feature", "properties": { "visible_points": 49, "total_points": 120, "visibility_pct": 40.833333333333336 }, "geometry": { "type": "Point", "coordinates": [ -0.48626133673297, 53.863532388612271 ] } },
{ "type": "Feature", "properties": { "visible_points": 52, "total_points": 120, "visibility_pct": 43.333333333333336 }, "geometry": { "type": "Point", "coordinates": [ -0.486050719014503, 53.86352973145582 ] } },
{ "type": "Feature", "properties": { "visible_points": 46, "total_points": 120, "visibility_pct": 38.333333333333336 }, "geometry": { "type": "Point", "coordinates": [ -0.485840101330103, 53.863527073929838 ] } },
{ "type": "Feature", "properties": { "visible_points": 52, "total_points": 120, "visibility_pct": 43.333333333333336 }, "geometry": { "type": "Point", "coordinates": [ -0.485629483679764, 53.863524416034387 ] } },
{ "type": "Feature", "properties": { "visible_points": 44, "total_points": 120, "visibility_pct": 36.666666666666664 }, "geometry": { "type": "Point", "coordinates": [ -0.485418866063506, 53.863521757769419 ] } },
{ "type": "Feature", "properties": { "visible_points": 32, "total_points": 120, "visibility_pct": 26.666666666666668 }, "geometry": { "type": "Point", "coordinates": [ -0.485208248481319, 53.863519099134976 ] } },
{ "type": "Feature", "properties": { "visible_points": 23, "total_points": 118, "visibility_pct": 19.491525423728813 }, "geometry": { "type": "Point", "coordinates": [ -0.484997630912385, 53.863516440172639 ] } },
{ "type": "Feature", "properties": { "visible_points": 26, "total_points": 112, "visibility_pct": 23.214285714285715 }, "geometry": { "type": "Point", "coordinates": [ -0.484787013331017, 53.863513781047153 ] } },
{ "type": "Feature", "properties": { "visible_points": 23, "total_points": 105, "visibility_pct": 21.904761904761905 }, "geometry": { "type": "Point", "coordinates": [ -0.484576395767781, 53.863511121579315 ] } },
{ "type": "Feature", "properties": { "visible_points": 17, "total_points": 97, "visibility_pct": 17.525773195876287 }, "geometry": { "type": "Point", "coordinates": [ -0.484365778238402, 53.863508461741617 ] } },
{ "type": "Feature", "properties": { "visible_points": 8, "total_points": 87, "visibility_pct": 9.1954022988505741 }, "geometry": { "type": "Point", "coordinates": [ -0.484155160742898, 53.863505801534046 ] } },
{ "type": "Feature", "properties": { "visible_points": 29, "total_points": 72, "visibility_pct": 40.277777777777779 }, "geometry": { "type": "Point", "coordinates": [ -0.491417606232327, 53.863705190980689 ] } },
{ "type": "Feature", "properties": { "visible_points": 37, "total_points": 80, "visibility_pct": 46.25 }, "geometry": { "type": "Point", "coordinates": [ -0.491206987135014, 53.863702542865283 ] } },
{ "type": "Feature", "properties": { "visible_points": 44, "total_points": 87, "visibility_pct": 50.574712643678168 }, "geometry": { "type": "Point", "coordinates": [ -0.49099636807165, 53.86369989438036 ] } },
{ "type": "Feature", "properties": { "visible_points": 42, "total_points": 94, "visibility_pct": 44.680851063829785 }, "geometry": { "type": "Point", "coordinates": [ -0.490785749042233, 53.86369724552592 ] } },
{ "type": "Feature", "properties": { "visible_points": 52, "total_points": 99, "visibility_pct": 52.525252525252533 }, "geometry": { "type": "Point", "coordinates": [ -0.490575130046783, 53.863694596301997 ] } },
{ "type": "Feature", "properties": { "visible_points": 56, "total_points": 103, "visibility_pct": 54.368932038834949 }, "geometry": { "type": "Point", "coordinates": [ -0.490364511085291, 53.86369194670857 ] } },
{ "type": "Feature", "properties": { "visible_points": 60, "total_points": 106, "visibility_pct": 56.60377358490566 }, "geometry": { "type": "Point", "coordinates": [ -0.490153892157764, 53.863689296745648 ] } },
{ "type": "Feature", "properties": { "visible_points": 66, "total_points": 110, "visibility_pct": 60.0 }, "geometry": { "type": "Point", "coordinates": [ -0.489943273264206, 53.863686646413207 ] } },
{ "type": "Feature", "properties": { "visible_points": 72, "total_points": 114, "visibility_pct": 63.157894736842103 }, "geometry": { "type": "Point", "coordinates": [ -0.48973265440463, 53.863683995711277 ] } },
{ "type": "Feature", "properties": { "visible_points": 66, "total_points": 117, "visibility_pct": 56.410256410256409 }, "geometry": { "type": "Point", "coordinates": [ -0.489522035579035, 53.863681344639851 ] } },
{ "type": "Feature", "properties": { "visible_points": 33, "total_points": 119, "visibility_pct": 27.731092436974791 }, "geometry": { "type": "Point", "coordinates": [ -0.48931141678742, 53.863678693198914 ] } },
{ "type": "Feature", "properties": { "visible_points": 65, "total_points": 120, "visibility_pct": 54.166666666666664 }, "geometry": { "type": "Point", "coordinates": [ -0.489100798029794, 53.863676041388473 ] } },
{ "type": "Feature", "properties": { "visible_points": 43, "total_points": 120, "visibility_pct": 35.833333333333336 }, "geometry": { "type": "Point", "coordinates": [ -0.488890179306175, 53.863673389208543 ] } },
{ "type": "Feature", "properties": { "visible_points": 50, "total_points": 120, "visibility_pct": 41.666666666666671 }, "geometry": { "type": "Point", "coordinates": [ -0.488679560616544, 53.863670736659103 ] } },
{ "type": "Feature", "properties": { "visible_points": 40, "total_points": 120, "visibility_pct": 33.333333333333329 }, "geometry": { "type": "Point", "coordinates": [ -0.488468941960922, 53.863668083740173 ] } },
{ "type": "Feature", "properties": { "visible_points": 43, "total_points": 120, "visibility_pct": 35.833333333333336 }, "geometry": { "type": "Point", "coordinates": [ -0.488258323339311, 53.863665430451732 ] } },
{ "type": "Feature", "properties": { "visible_points": 58, "total_points": 120, "visibility_pct": 48.333333333333336 }, "geometry": { "type": "Point", "coordinates": [ -0.488047704751708, 53.863662776793802 ] } },
{ "type": "Feature", "properties": { "visible_points": 51, "total_points": 120, "visibility_pct": 42.5 }, "geometry": { "type": "Point", "coordinates": [ -0.48783708619813, 53.863660122766348 ] } },
{ "type": "Feature", "properties": { "visible_points": 54, "total_points": 120, "visibility_pct": 45.0 }, "geometry": { "type": "Point", "coordinates": [ -0.487626467678574, 53.863657468369411 ] } },
{ "type": "Feature", "properties": { "visible_points": 57, "total_points": 120, "visibility_pct": 47.5 }, "geometry": { "type": "Point", "coordinates": [ -0.487415849193045, 53.863654813602992 ] } },
{ "type": "Feature", "properties": { "visible_points": 37, "total_points": 120, "visibility_pct": 30.833333333333336 }, "geometry": { "type": "Point", "coordinates": [ -0.48720523074155, 53.86365215846704 ] } },
{ "type": "Feature", "properties": { "visible_points": 43, "total_points": 120, "visibility_pct": 35.833333333333336 }, "geometry": { "type": "Point", "coordinates": [ -0.486994612324092, 53.863649502961614 ] } },
{ "type": "Feature", "properties": { "visible_points": 49, "total_points": 120, "visibility_pct": 40.833333333333336 }, "geometry": { "type": "Point", "coordinates": [ -0.486783993940678, 53.863646847086684 ] } },
{ "type": "Feature", "properties": { "visible_points": 56, "total_points": 120, "visibility_pct": 46.666666666666664 }, "geometry": { "type": "Point", "coordinates": [ -0.48657337559131, 53.863644190842244 ] } },
{ "type": "Feature", "properties": { "visible_points": 59, "total_points": 120, "visibility_pct": 49.166666666666664 }, "geometry": { "type": "Point", "coordinates": [ -0.486362757275992, 53.863641534228293 ] } },
{ "type": "Feature", "properties": { "visible_points": 60, "total_points": 120, "visibility_pct": 50.0 }, "geometry": { "type": "Point", "coordinates": [ -0.486152138994739, 53.863638877244874 ] } },
{ "type": "Feature", "properties": { "visible_points": 55, "total_points": 120, "visibility_pct": 45.833333333333329 }, "geometry": { "type": "Point", "coordinates": [ -0.485941520747536, 53.863636219891951 ] } },
{ "type": "Feature", "properties": { "visible_points": 61, "total_points": 120, "visibility_pct": 50.833333333333329 }, "geometry": { "type": "Point", "coordinates": [ -0.485730902534408, 53.863633562169525 ] } },
{ "type": "Feature", "properties": { "visible_points": 53, "total_points": 120, "visibility_pct": 44.166666666666664 }, "geometry": { "type": "Point", "coordinates": [ -0.485520284355345, 53.863630904077588 ] } },
{ "type": "Feature", "properties": { "visible_points": 41, "total_points": 120, "visibility_pct": 34.166666666666664 }, "geometry": { "type": "Point", "coordinates": [ -0.485309666210361, 53.863628245616155 ] } },
{ "type": "Feature", "properties": { "visible_points": 40, "total_points": 120, "visibility_pct": 33.333333333333329 }, "geometry": { "type": "Point", "coordinates": [ -0.485099048096548, 53.863625586789688 ] } },
{ "type": "Feature", "properties": { "visible_points": 30, "total_points": 119, "visibility_pct": 25.210084033613445 }, "geometry": { "type": "Point", "coordinates": [ -0.484888429977178, 53.86362292774605 ] } },
{ "type": "Feature", "properties": { "visible_points": 23, "total_points": 113, "visibility_pct": 20.353982300884958 }, "geometry": { "type": "Point", "coordinates": [ -0.484677811855965, 53.863620268458824 ] } },
{ "type": "Feature", "properties": { "visible_points": 0, "total_points": 107, "visibility_pct": 0.0 }, "geometry": { "type": "Point", "coordinates": [ -0.48446719376862, 53.863617608801718 ] } },
{ "type": "Feature", "properties": { "visible_points": 17, "total_points": 98, "visibility_pct": 17.346938775510203 }, "geometry": { "type": "Point", "coordinates": [ -0.484256575715136, 53.86361494877476 ] } },
{ "type": "Feature", "properties": { "visible_points": 9, "total_points": 86, "visibility_pct": 10.465116279069768 }, "geometry": { "type": "Point", "coordinates": [ -0.48404595769553, 53.863612288377944 ] } },
{ "type": "Feature", "properties": { "visible_points": 0, "total_points": 73, "visibility_pct": 0.0 }, "geometry": { "type": "Point", "coordinates": [ -0.483835339709793, 53.863609627611275 ] } },
{ "type": "Feature", "properties": { "visible_points": 47, "total_points": 81, "visibility_pct": 58.024691358024697 }, "geometry": { "type": "Point", "coordinates": [ -0.490887181932184, 53.86380638742498 ] } },
{ "type": "Feature", "properties": { "visible_points": 45, "total_points": 87, "visibility_pct": 51.724137931034484 }, "geometry": { "type": "Point", "coordinates": [ -0.490676562373982, 53.863803738374116 ] } },
{ "type": "Feature", "properties": { "visible_points": 47, "total_points": 91, "visibility_pct": 51.648351648351657 }, "geometry": { "type": "Point", "coordinates": [ -0.490465942849733, 53.863801088953764 ] } },
{ "type": "Feature", "properties": { "visible_points": 52, "total_points": 96, "visibility_pct": 54.166666666666664 }, "geometry": { "type": "Point", "coordinates": [ -0.490255323359455, 53.863798439163887 ] } },
{ "type": "Feature", "properties": { "visible_points": 57, "total_points": 100, "visibility_pct": 56.999999999999993 }, "geometry": { "type": "Point", "coordinates": [ -0.490044703903143, 53.863795789004527 ] } },
{ "type": "Feature", "properties": { "visible_points": 66, "total_points": 105, "visibility_pct": 62.857142857142854 }, "geometry": { "type": "Point", "coordinates": [ -0.489834084480799, 53.863793138475657 ] } },
{ "type": "Feature", "properties": { "visible_points": 51, "total_points": 110, "visibility_pct": 46.36363636363636 }, "geometry": { "type": "Point", "coordinates": [ -0.489623465092445, 53.863790487577276 ] } },
{ "type": "Feature", "properties": { "visible_points": 34, "total_points": 114, "visibility_pct": 29.82456140350877 }, "geometry": { "type": "Point", "coordinates": [ -0.489412845738069, 53.863787836309413 ] } },
{ "type": "Feature", "properties": { "visible_points": 58, "total_points": 117, "visibility_pct": 49.572649572649574 }, "geometry": { "type": "Point", "coordinates": [ -0.489202226417677, 53.863785184672039 ] } },
{ "type": "Feature", "properties": { "visible_points": 38, "total_points": 119, "visibility_pct": 31.932773109243694 }, "geometry": { "type": "Point", "coordinates": [ -0.488991607131288, 53.863782532665148 ] } },
{ "type": "Feature", "properties": { "visible_points": 43, "total_points": 120, "visibility_pct": 35.833333333333336 }, "geometry": { "type": "Point", "coordinates": [ -0.488780987878885, 53.863779880288781 ] } },
{ "type": "Feature", "properties": { "visible_points": 67, "total_points": 120, "visibility_pct": 55.833333333333336 }, "geometry": { "type": "Point", "coordinates": [ -0.488570368660493, 53.863777227542883 ] } },
{ "type": "Feature", "properties": { "visible_points": 51, "total_points": 120, "visibility_pct": 42.5 }, "geometry": { "type": "Point", "coordinates": [ -0.488359749476109, 53.863774574427516 ] } },
{ "type": "Feature", "properties": { "visible_points": 59, "total_points": 120, "visibility_pct": 49.166666666666664 }, "geometry": { "type": "Point", "coordinates": [ -0.488149130325732, 53.863771920942625 ] } },
{ "type": "Feature", "properties": { "visible_points": 57, "total_points": 120, "visibility_pct": 47.5 }, "geometry": { "type": "Point", "coordinates": [ -0.487938511209373, 53.863769267088237 ] } },
{ "type": "Feature", "properties": { "visible_points": 57, "total_points": 120, "visibility_pct": 47.5 }, "geometry": { "type": "Point", "coordinates": [ -0.487727892127033, 53.863766612864332 ] } },
{ "type": "Feature", "properties": { "visible_points": 54, "total_points": 120, "visibility_pct": 45.0 }, "geometry": { "type": "Point", "coordinates": [ -0.487517273078725, 53.863763958270958 ] } },
{ "type": "Feature", "properties": { "visible_points": 0, "total_points": 120, "visibility_pct": 0.0 }, "geometry": { "type": "Point", "coordinates": [ -0.487306654064446, 53.863761303308053 ] } },
{ "type": "Feature", "properties": { "visible_points": 0, "total_points": 120, "visibility_pct": 0.0 }, "geometry": { "type": "Point", "coordinates": [ -0.487096035084199, 53.863758647975672 ] } },
{ "type": "Feature", "properties": { "visible_points": 40, "total_points": 120, "visibility_pct": 33.333333333333329 }, "geometry": { "type": "Point", "coordinates": [ -0.486885416138, 53.863755992273767 ] } },
{ "type": "Feature", "properties": { "visible_points": 57, "total_points": 120, "visibility_pct": 47.5 }, "geometry": { "type": "Point", "coordinates": [ -0.486674797225838, 53.863753336202393 ] } },
{ "type": "Feature", "properties": { "visible_points": 60, "total_points": 120, "visibility_pct": 50.0 }, "geometry": { "type": "Point", "coordinates": [ -0.48646417834773, 53.86375067976148 ] } },
{ "type": "Feature", "properties": { "visible_points": 61, "total_points": 120, "visibility_pct": 50.833333333333329 }, "geometry": { "type": "Point", "coordinates": [ -0.486253559503676, 53.863748022951093 ] } },
{ "type": "Feature", "properties": { "visible_points": 55, "total_points": 120, "visibility_pct": 45.833333333333329 }, "geometry": { "type": "Point", "coordinates": [ -0.486042940693682, 53.863745365771202 ] } },
{ "type": "Feature", "properties": { "visible_points": 60, "total_points": 120, "visibility_pct": 50.0 }, "geometry": { "type": "Point", "coordinates": [ -0.485832321917752, 53.8637427082218 ] } },
{ "type": "Feature", "properties": { "visible_points": 55, "total_points": 120, "visibility_pct": 45.833333333333329 }, "geometry": { "type": "Point", "coordinates": [ -0.485621703175891, 53.863740050302908 ] } },
{ "type": "Feature", "properties": { "visible_points": 48, "total_points": 120, "visibility_pct": 40.0 }, "geometry": { "type": "Point", "coordinates": [ -0.485411084468102, 53.863737392014514 ] } },
{ "type": "Feature", "properties": { "visible_points": 47, "total_points": 120, "visibility_pct": 39.166666666666664 }, "geometry": { "type": "Point", "coordinates": [ -0.485200465794395, 53.863734733356623 ] } },
{ "type": "Feature", "properties": { "visible_points": 36, "total_points": 120, "visibility_pct": 30.0 }, "geometry": { "type": "Point", "coordinates": [ -0.484989847134697, 53.86373207438146 ] } },
{ "type": "Feature", "properties": { "visible_points": 31, "total_points": 120, "visibility_pct": 25.833333333333336 }, "geometry": { "type": "Point", "coordinates": [ -0.48477922846825, 53.863729415248237 ] } },
{ "type": "Feature", "properties": { "visible_points": 28, "total_points": 115, "visibility_pct": 24.347826086956523 }, "geometry": { "type": "Point", "coordinates": [ -0.48456860982292, 53.863726755771772 ] } },
{ "type": "Feature", "properties": { "visible_points": 5, "total_points": 108, "visibility_pct": 4.6296296296296298 }, "geometry": { "type": "Point", "coordinates": [ -0.484357991211462, 53.86372409592542 ] } },
{ "type": "Feature", "properties": { "visible_points": 0, "total_points": 96, "visibility_pct": 0.0 }, "geometry": { "type": "Point", "coordinates": [ -0.48414737263387, 53.863721435709216 ] } },
{ "type": "Feature", "properties": { "visible_points": 7, "total_points": 83, "visibility_pct": 8.4337349397590362 }, "geometry": { "type": "Point", "coordinates": [ -0.483936754090157, 53.863718775123132 ] } },
{ "type": "Feature", "properties": { "visible_points": 0, "total_points": 70, "visibility_pct": 0.0 }, "geometry": { "type": "Point", "coordinates": [ -0.483726135580317, 53.863716114167204 ] } },
{ "type": "Feature", "properties": { "visible_points": 48, "total_points": 84, "visibility_pct": 57.142857142857139 }, "geometry": { "type": "Point", "coordinates": [ -0.49035675508991, 53.863907581499276 ] } },
{ "type": "Feature", "properties": { "visible_points": 50, "total_points": 89, "visibility_pct": 56.17977528089888 }, "geometry": { "type": "Point", "coordinates": [ -0.490146135070837, 53.863904931512977 ] } },
{ "type": "Feature", "properties": { "visible_points": 56, "total_points": 94, "visibility_pct": 59.574468085106382 }, "geometry": { "type": "Point", "coordinates": [ -0.489935515085738, 53.863902281157166 ] } },
{ "type": "Feature", "properties": { "visible_points": 59, "total_points": 100, "visibility_pct": 59.0 }, "geometry": { "type": "Point", "coordinates": [ -0.489724895134615, 53.863899630431867 ] } },
{ "type": "Feature", "properties": { "visible_points": 53, "total_points": 106, "visibility_pct": 50.0 }, "geometry": { "type": "Point", "coordinates": [ -0.489514275217471, 53.863896979337056 ] } },
{ "type": "Feature", "properties": { "visible_points": 46, "total_points": 111, "visibility_pct": 41.441441441441441 }, "geometry": { "type": "Point", "coordinates": [ -0.489303655334314, 53.863894327872735 ] } },
{ "type": "Feature", "properties": { "visible_points": 41, "total_points": 115, "visibility_pct": 35.652173913043477 }, "geometry": { "type": "Point", "coordinates": [ -0.48909303548515, 53.863891676038904 ] } },
{ "type": "Feature", "properties": { "visible_points": 41, "total_points": 118, "visibility_pct": 34.745762711864408 }, "geometry": { "type": "Point", "coordinates": [ -0.488882415669979, 53.86388902383559 ] } },
{ "type": "Feature", "properties": { "visible_points": 50, "total_points": 120, "visibility_pct": 41.666666666666671 }, "geometry": { "type": "Point", "coordinates": [ -0.488671795888812, 53.863886371262772 ] } },
{ "type": "Feature", "properties": { "visible_points": 69, "total_points": 120, "visibility_pct": 57.5 }, "geometry": { "type": "Point", "coordinates": [ -0.488461176141646, 53.863883718320423 ] } },
{ "type": "Feature", "properties": { "visible_points": 65, "total_points": 120, "visibility_pct": 54.166666666666664 }, "geometry": { "type": "Point", "coordinates": [ -0.488250556428492, 53.863881065008592 ] } },
{ "type": "Feature", "properties": { "visible_points": 59, "total_points": 120, "visibility_pct": 49.166666666666664 }, "geometry": { "type": "Point", "coordinates": [ -0.488039936749356, 53.863878411327249 ] } },
{ "type": "Feature", "properties": { "visible_points": 63, "total_points": 120, "visibility_pct": 52.5 }, "geometry": { "type": "Point", "coordinates": [ -0.487829317104231, 53.863875757276411 ] } },
{ "type": "Feature", "properties": { "visible_points": 64, "total_points": 120, "visibility_pct": 53.333333333333336 }, "geometry": { "type": "Point", "coordinates": [ -0.487618697493137, 53.863873102856068 ] } },
{ "type": "Feature", "properties": { "visible_points": 62, "total_points": 120, "visibility_pct": 51.666666666666671 }, "geometry": { "type": "Point", "coordinates": [ -0.487408077916071, 53.863870448066237 ] } },
{ "type": "Feature", "properties": { "visible_points": 41, "total_points": 120, "visibility_pct": 34.166666666666664 }, "geometry": { "type": "Point", "coordinates": [ -0.487197458373038, 53.863867792906866 ] } },
{ "type": "Feature", "properties": { "visible_points": 48, "total_points": 120, "visibility_pct": 40.0 }, "geometry": { "type": "Point", "coordinates": [ -0.486986838864041, 53.863865137378028 ] } },
{ "type": "Feature", "properties": { "visible_points": 56, "total_points": 120, "visibility_pct": 46.666666666666664 }, "geometry": { "type": "Point", "coordinates": [ -0.486776219389092, 53.863862481479678 ] } },
{ "type": "Feature", "properties": { "visible_points": 64, "total_points": 120, "visibility_pct": 53.333333333333336 }, "geometry": { "type": "Point", "coordinates": [ -0.486565599948184, 53.863859825211826 ] } },
{ "type": "Feature", "properties": { "visible_points": 70, "total_points": 120, "visibility_pct": 58.333333333333336 }, "geometry": { "type": "Point", "coordinates": [ -0.486354980541337, 53.863857168574476 ] } },
{ "type": "Feature", "properties": { "visible_points": 62, "total_points": 120, "visibility_pct": 51.666666666666671 }, "geometry": { "type": "Point", "coordinates": [ -0.486144361168541, 53.863854511567617 ] } },
{ "type": "Feature", "properties": { "visible_points": 66, "total_points": 120, "visibility_pct": 55.000000000000007 }, "geometry": { "type": "Point", "coordinates": [ -0.485933741829808, 53.863851854191253 ] } },
{ "type": "Feature", "properties": { "visible_points": 60, "total_points": 120, "visibility_pct": 50.0 }, "geometry": { "type": "Point", "coordinates": [ -0.485723122525144, 53.8638491964454 ] } },
{ "type": "Feature", "properties": { "visible_points": 59, "total_points": 120, "visibility_pct": 49.166666666666664 }, "geometry": { "type": "Point", "coordinates": [ -0.485512503254551, 53.86384653833003 ] } },
{ "type": "Feature", "properties": { "visible_points": 48, "total_points": 120, "visibility_pct": 40.0 }, "geometry": { "type": "Point", "coordinates": [ -0.485301884018033, 53.863843879845156 ] } },
{ "type": "Feature", "properties": { "visible_points": 43, "total_points": 120, "visibility_pct": 35.833333333333336 }, "geometry": { "type": "Point", "coordinates": [ -0.485091264811889, 53.863841220997912 ] } },
{ "type": "Feature", "properties": { "visible_points": 43, "total_points": 120, "visibility_pct": 35.833333333333336 }, "geometry": { "type": "Point", "coordinates": [ -0.484880645604618, 53.863838561947624 ] } },
{ "type": "Feature", "properties": { "visible_points": 36, "total_points": 120, "visibility_pct": 30.0 }, "geometry": { "type": "Point", "coordinates": [ -0.484670026401319, 53.863835902651772 ] } },
{ "type": "Feature", "properties": { "visible_points": 23, "total_points": 117, "visibility_pct": 19.658119658119659 }, "geometry": { "type": "Point", "coordinates": [ -0.484459407231875, 53.863833242986033 ] } },
{ "type": "Feature", "properties": { "visible_points": 15, "total_points": 105, "visibility_pct": 14.285714285714285 }, "geometry": { "type": "Point", "coordinates": [ -0.484248788096307, 53.863830582950449 ] } },
{ "type": "Feature", "properties": { "visible_points": 8, "total_points": 92, "visibility_pct": 8.695652173913043 }, "geometry": { "type": "Point", "coordinates": [ -0.484038168994601, 53.863827922544957 ] } },
{ "type": "Feature", "properties": { "visible_points": 3, "total_points": 79, "visibility_pct": 3.79746835443038 }, "geometry": { "type": "Point", "coordinates": [ -0.483827549926775, 53.863825261769634 ] } },
{ "type": "Feature", "properties": { "visible_points": 0, "total_points": 66, "visibility_pct": 0.0 }, "geometry": { "type": "Point", "coordinates": [ -0.483616930892832, 53.863822600624424 ] } },
{ "type": "Feature", "properties": { "visible_points": 46, "total_points": 83, "visibility_pct": 55.421686746987952 }, "geometry": { "type": "Point", "coordinates": [ -0.490036946219437, 53.864011423755819 ] } },
{ "type": "Feature", "properties": { "visible_points": 49, "total_points": 89, "visibility_pct": 55.056179775280903 }, "geometry": { "type": "Point", "coordinates": [ -0.489826325705545, 53.864008773203565 ] } },
{ "type": "Feature", "properties": { "visible_points": 55, "total_points": 96, "visibility_pct": 57.291666666666664 }, "geometry": { "type": "Point", "coordinates": [ -0.489615705225636, 53.864006122281829 ] } },
{ "type": "Feature", "properties": { "visible_points": 59, "total_points": 102, "visibility_pct": 57.843137254901968 }, "geometry": { "type": "Point", "coordinates": [ -0.489405084779707, 53.864003470990575 ] } },
{ "type": "Feature", "properties": { "visible_points": 53, "total_points": 108, "visibility_pct": 49.074074074074076 }, "geometry": { "type": "Point", "coordinates": [ -0.489194464367769, 53.864000819329796 ] } },
{ "type": "Feature", "properties": { "visible_points": 37, "total_points": 113, "visibility_pct": 32.743362831858406 }, "geometry": { "type": "Point", "coordinates": [ -0.488983843989822, 53.863998167299542 ] } },
{ "type": "Feature", "properties": { "visible_points": 60, "total_points": 117, "visibility_pct": 51.282051282051277 }, "geometry": { "type": "Point", "coordinates": [ -0.488773223645878, 53.863995514899749 ] } },
{ "type": "Feature", "properties": { "visible_points": 69, "total_points": 120, "visibility_pct": 57.5 }, "geometry": { "type": "Point", "coordinates": [ -0.488562603335932, 53.863992862130488 ] } },
{ "type": "Feature", "properties": { "visible_points": 67, "total_points": 120, "visibility_pct": 55.833333333333336 }, "geometry": { "type": "Point", "coordinates": [ -0.488351983059997, 53.863990208991702 ] } },
{ "type": "Feature", "properties": { "visible_points": 61, "total_points": 120, "visibility_pct": 50.833333333333329 }, "geometry": { "type": "Point", "coordinates": [ -0.488141362818075, 53.863987555483426 ] } },
{ "type": "Feature", "properties": { "visible_points": 61, "total_points": 120, "visibility_pct": 50.833333333333329 }, "geometry": { "type": "Point", "coordinates": [ -0.487930742610171, 53.86398490160564 ] } },
{ "type": "Feature", "properties": { "visible_points": 64, "total_points": 120, "visibility_pct": 53.333333333333336 }, "geometry": { "type": "Point", "coordinates": [ -0.487720122436286, 53.863982247358344 ] } },
{ "type": "Feature", "properties": { "visible_points": 69, "total_points": 120, "visibility_pct": 57.5 }, "geometry": { "type": "Point", "coordinates": [ -0.487509502296429, 53.863979592741543 ] } },
{ "type": "Feature", "properties": { "visible_points": 62, "total_points": 120, "visibility_pct": 51.666666666666671 }, "geometry": { "type": "Point", "coordinates": [ -0.487298882190602, 53.863976937755226 ] } },
{ "type": "Feature", "properties": { "visible_points": 58, "total_points": 120, "visibility_pct": 48.333333333333336 }, "geometry": { "type": "Point", "coordinates": [ -0.487088262118816, 53.863974282399433 ] } },
{ "type": "Feature", "properties": { "visible_points": 56, "total_points": 120, "visibility_pct": 46.666666666666664 }, "geometry": { "type": "Point", "coordinates": [ -0.486877642081065, 53.863971626674122 ] } },
{ "type": "Feature", "properties": { "visible_points": 62, "total_points": 120, "visibility_pct": 51.666666666666671 }, "geometry": { "type": "Point", "coordinates": [ -0.486667022077366, 53.863968970579307 ] } },
{ "type": "Feature", "properties": { "visible_points": 64, "total_points": 120, "visibility_pct": 53.333333333333336 }, "geometry": { "type": "Point", "coordinates": [ -0.486456402107714, 53.86396631411499 ] } },
{ "type": "Feature", "properties": { "visible_points": 68, "total_points": 120, "visibility_pct": 56.666666666666664 }, "geometry": { "type": "Point", "coordinates": [ -0.486245782172114, 53.863963657281175 ] } },
{ "type": "Feature", "properties": { "visible_points": 66, "total_points": 120, "visibility_pct": 55.000000000000007 }, "geometry": { "type": "Point", "coordinates": [ -0.48603516227058, 53.86396100007785 ] } },
{ "type": "Feature", "properties": { "visible_points": 62, "total_points": 120, "visibility_pct": 51.666666666666671 }, "geometry": { "type": "Point", "coordinates": [ -0.48582454240311, 53.863958342505022 ] } },
{ "type": "Feature", "properties": { "visible_points": 64, "total_points": 120, "visibility_pct": 53.333333333333336 }, "geometry": { "type": "Point", "coordinates": [ -0.485613922569706, 53.863955684562704 ] } },
{ "type": "Feature", "properties": { "visible_points": 54, "total_points": 120, "visibility_pct": 45.0 }, "geometry": { "type": "Point", "coordinates": [ -0.485403302770379, 53.863953026250861 ] } },
{ "type": "Feature", "properties": { "visible_points": 54, "total_points": 120, "visibility_pct": 45.0 }, "geometry": { "type": "Point", "coordinates": [ -0.48519268300513, 53.863950367569537 ] } },
{ "type": "Feature", "properties": { "visible_points": 52, "total_points": 120, "visibility_pct": 43.333333333333336 }, "geometry": { "type": "Point", "coordinates": [ -0.484982063255043, 53.863947708582401 ] } },
{ "type": "Feature", "properties": { "visible_points": 45, "total_points": 120, "visibility_pct": 37.5 }, "geometry": { "type": "Point", "coordinates": [ -0.484771443503812, 53.863945049441703 ] } },
{ "type": "Feature", "properties": { "visible_points": 34, "total_points": 120, "visibility_pct": 28.333333333333332 }, "geometry": { "type": "Point", "coordinates": [ -0.484560823776383, 53.863942389956584 ] } },
{ "type": "Feature", "properties": { "visible_points": 25, "total_points": 112, "visibility_pct": 22.321428571428573 }, "geometry": { "type": "Point", "coordinates": [ -0.484350204082831, 53.863939730101592 ] } },
{ "type": "Feature", "properties": { "visible_points": 20, "total_points": 99, "visibility_pct": 20.202020202020201 }, "geometry": { "type": "Point", "coordinates": [ -0.484139584423136, 53.863937069876734 ] } },
{ "type": "Feature", "properties": { "visible_points": 0, "total_points": 86, "visibility_pct": 0.0 }, "geometry": { "type": "Point", "coordinates": [ -0.483928964797321, 53.86393440928201 ] } },
{ "type": "Feature", "properties": { "visible_points": 0, "total_points": 73, "visibility_pct": 0.0 }, "geometry": { "type": "Point", "coordinates": [ -0.483718345205385, 53.863931748317412 ] } },
{ "type": "Feature", "properties": { "visible_points": 0, "total_points": 60, "visibility_pct": 0.0 }, "geometry": { "type": "Point", "coordinates": [ -0.483507725647333, 53.863929086982949 ] } },
{ "type": "Feature", "properties": { "visible_points": 42, "total_points": 84, "visibility_pct": 50.0 }, "geometry": { "type": "Point", "coordinates": [ -0.489717135762565, 53.864115265143717 ] } },
{ "type": "Feature", "properties": { "visible_points": 47, "total_points": 91, "visibility_pct": 51.648351648351657 }, "geometry": { "type": "Point", "coordinates": [ -0.489506514753864, 53.864112614025522 ] } },
{ "type": "Feature", "properties": { "visible_points": 42, "total_points": 98, "visibility_pct": 42.857142857142854 }, "geometry": { "type": "Point", "coordinates": [ -0.489295893779147, 53.864109962537825 ] } },
{ "type": "Feature", "properties": { "visible_points": 52, "total_points": 104, "visibility_pct": 50.0 }, "geometry": { "type": "Point", "coordinates": [ -0.489085272838426, 53.864107310680616 ] } },
{ "type": "Feature", "properties": { "visible_points": 48, "total_points": 110, "visibility_pct": 43.636363636363633 }, "geometry": { "type": "Point", "coordinates": [ -0.488874651931697, 53.864104658453911 ] } },
{ "type": "Feature", "properties": { "visible_points": 55, "total_points": 115, "visibility_pct": 47.826086956521742 }, "geometry": { "type": "Point", "coordinates": [ -0.488664031058974, 53.864102005857696 ] } },
{ "type": "Feature", "properties": { "visible_points": 52, "total_points": 120, "visibility_pct": 43.333333333333336 }, "geometry": { "type": "Point", "coordinates": [ -0.488453410220251, 53.864099352891962 ] } },
{ "type": "Feature", "properties": { "visible_points": 56, "total_points": 120, "visibility_pct": 46.666666666666664 }, "geometry": { "type": "Point", "coordinates": [ -0.488242789415545, 53.864096699556718 ] } },
{ "type": "Feature", "properties": { "visible_points": 54, "total_points": 120, "visibility_pct": 45.0 }, "geometry": { "type": "Point", "coordinates": [ -0.48803216864485, 53.864094045851992 ] } },
{ "type": "Feature", "properties": { "visible_points": 60, "total_points": 120, "visibility_pct": 50.0 }, "geometry": { "type": "Point", "coordinates": [ -0.487821547908175, 53.864091391777748 ] } },
{ "type": "Feature", "properties": { "visible_points": 70, "total_points": 120, "visibility_pct": 58.333333333333336 }, "geometry": { "type": "Point", "coordinates": [ -0.487610927205528, 53.864088737334001 ] } },
{ "type": "Feature", "properties": { "visible_points": 66, "total_points": 120, "visibility_pct": 55.000000000000007 }, "geometry": { "type": "Point", "coordinates": [ -0.487400306536905, 53.864086082520743 ] } },
{ "type": "Feature", "properties": { "visible_points": 63, "total_points": 120, "visibility_pct": 52.5 }, "geometry": { "type": "Point", "coordinates": [ -0.487189685902322, 53.864083427337981 ] } },
{ "type": "Feature", "properties": { "visible_points": 58, "total_points": 120, "visibility_pct": 48.333333333333336 }, "geometry": { "type": "Point", "coordinates": [ -0.486979065301776, 53.864080771785723 ] } },
{ "type": "Feature", "properties": { "visible_points": 65, "total_points": 120, "visibility_pct": 54.166666666666664 }, "geometry": { "type": "Point", "coordinates": [ -0.486768444735272, 53.864078115863961 ] } },
{ "type": "Feature", "properties": { "visible_points": 62, "total_points": 120, "visibility_pct": 51.666666666666671 }, "geometry": { "type": "Point", "coordinates": [ -0.486557824202815, 53.864075459572668 ] } },
{ "type": "Feature", "properties": { "visible_points": 62, "total_points": 120, "visibility_pct": 51.666666666666671 }, "geometry": { "type": "Point", "coordinates": [ -0.486347203704416, 53.864072802911892 ] } },
{ "type": "Feature", "properties": { "visible_points": 69, "total_points": 120, "visibility_pct": 57.5 }, "geometry": { "type": "Point", "coordinates": [ -0.486136583240073, 53.864070145881612 ] } },
{ "type": "Feature", "properties": { "visible_points": 64, "total_points": 120, "visibility_pct": 53.333333333333336 }, "geometry": { "type": "Point", "coordinates": [ -0.485925962809792, 53.864067488481822 ] } },
{ "type": "Feature", "properties": { "visible_points": 64, "total_points": 120, "visibility_pct": 53.333333333333336 }, "geometry": { "type": "Point", "coordinates": [ -0.485715342413579, 53.864064830712529 ] } },
{ "type": "Feature", "properties": { "visible_points": 55, "total_points": 120, "visibility_pct": 45.833333333333329 }, "geometry": { "type": "Point", "coordinates": [ -0.48550472205144, 53.864062172573739 ] } },
{ "type": "Feature", "properties": { "visible_points": 60, "total_points": 120, "visibility_pct": 50.0 }, "geometry": { "type": "Point", "coordinates": [ -0.485294101723372, 53.864059514065431 ] } },
{ "type": "Feature", "properties": { "visible_points": 58, "total_points": 120, "visibility_pct": 48.333333333333336 }, "geometry": { "type": "Point", "coordinates": [ -0.485083481425205, 53.864056855197646 ] } },
{ "type": "Feature", "properties": { "visible_points": 52, "total_points": 120, "visibility_pct": 43.333333333333336 }, "geometry": { "type": "Point", "coordinates": [ -0.484872861130402, 53.864054196141595 ] } },
{ "type": "Feature", "properties": { "visible_points": 38, "total_points": 120, "visibility_pct": 31.666666666666664 }, "geometry": { "type": "Point", "coordinates": [ -0.484662240844996, 53.864051536837074 ] } },
{ "type": "Feature", "properties": { "visible_points": 31, "total_points": 115, "visibility_pct": 26.956521739130434 }, "geometry": { "type": "Point", "coordinates": [ -0.484451620593446, 53.864048877162716 ] } },
{ "type": "Feature", "properties": { "visible_points": 18, "total_points": 105, "visibility_pct": 17.142857142857142 }, "geometry": { "type": "Point", "coordinates": [ -0.484241000375769, 53.864046217118464 ] } },
{ "type": "Feature", "properties": { "visible_points": 12, "total_points": 92, "visibility_pct": 13.043478260869565 }, "geometry": { "type": "Point", "coordinates": [ -0.484030380191958, 53.864043556704345 ] } },
{ "type": "Feature", "properties": { "visible_points": 0, "total_points": 79, "visibility_pct": 0.0 }, "geometry": { "type": "Point", "coordinates": [ -0.483819760042032, 53.864040895920361 ] } },
{ "type": "Feature", "properties": { "visible_points": 1, "total_points": 66, "visibility_pct": 1.5151515151515151 }, "geometry": { "type": "Point", "coordinates": [ -0.483609139925979, 53.864038234766511 ] } },
{ "type": "Feature", "properties": { "visible_points": 5, "total_points": 93, "visibility_pct": 5.376344086021505 }, "geometry": { "type": "Point", "coordinates": [ -0.489186702215787, 53.864216453978834 ] } },
{ "type": "Feature", "properties": { "visible_points": 28, "total_points": 100, "visibility_pct": 28.000000000000004 }, "geometry": { "type": "Point", "coordinates": [ -0.488976080746282, 53.864213801925196 ] } },
{ "type": "Feature", "properties": { "visible_points": 42, "total_points": 106, "visibility_pct": 39.622641509433961 }, "geometry": { "type": "Point", "coordinates": [ -0.488765459310766, 53.864211149502033 ] } },
{ "type": "Feature", "properties": { "visible_points": 40, "total_points": 112, "visibility_pct": 35.714285714285715 }, "geometry": { "type": "Point", "coordinates": [ -0.488554837909262, 53.86420849670936 ] } },
{ "type": "Feature", "properties": { "visible_points": 45, "total_points": 118, "visibility_pct": 38.135593220338983 }, "geometry": { "type": "Point", "coordinates": [ -0.488344216541763, 53.864205843547175 ] } },
{ "type": "Feature", "properties": { "visible_points": 41, "total_points": 120, "visibility_pct": 34.166666666666664 }, "geometry": { "type": "Point", "coordinates": [ -0.488133595208279, 53.864203190015495 ] } },
{ "type": "Feature", "properties": { "visible_points": 51, "total_points": 120, "visibility_pct": 42.5 }, "geometry": { "type": "Point", "coordinates": [ -0.487922973908812, 53.864200536114303 ] } },
{ "type": "Feature", "properties": { "visible_points": 59, "total_points": 120, "visibility_pct": 49.166666666666664 }, "geometry": { "type": "Point", "coordinates": [ -0.487712352643365, 53.864197881843609 ] } },
{ "type": "Feature", "properties": { "visible_points": 56, "total_points": 120, "visibility_pct": 46.666666666666664 }, "geometry": { "type": "Point", "coordinates": [ -0.487501731411954, 53.864195227203396 ] } },
{ "type": "Feature", "properties": { "visible_points": 62, "total_points": 120, "visibility_pct": 51.666666666666671 }, "geometry": { "type": "Point", "coordinates": [ -0.487291110214561, 53.864192572193694 ] } },
{ "type": "Feature", "properties": { "visible_points": 56, "total_points": 120, "visibility_pct": 46.666666666666664 }, "geometry": { "type": "Point", "coordinates": [ -0.487080489051216, 53.864189916814468 ] } },
{ "type": "Feature", "properties": { "visible_points": 51, "total_points": 120, "visibility_pct": 42.5 }, "geometry": { "type": "Point", "coordinates": [ -0.486869867921909, 53.864187261065737 ] } },
{ "type": "Feature", "properties": { "visible_points": 43, "total_points": 120, "visibility_pct": 35.833333333333336 }, "geometry": { "type": "Point", "coordinates": [ -0.48665924682665, 53.864184604947503 ] } },
{ "type": "Feature", "properties": { "visible_points": 58, "total_points": 120, "visibility_pct": 48.333333333333336 }, "geometry": { "type": "Point", "coordinates": [ -0.486448625765442, 53.864181948459773 ] } },
{ "type": "Feature", "properties": { "visible_points": 61, "total_points": 120, "visibility_pct": 50.833333333333329 }, "geometry": { "type": "Point", "coordinates": [ -0.486238004738291, 53.864179291602532 ] } },
{ "type": "Feature", "properties": { "visible_points": 66, "total_points": 120, "visibility_pct": 55.000000000000007 }, "geometry": { "type": "Point", "coordinates": [ -0.486027383745194, 53.864176634375781 ] } },
{ "type": "Feature", "properties": { "visible_points": 67, "total_points": 120, "visibility_pct": 55.833333333333336 }, "geometry": { "type": "Point", "coordinates": [ -0.485816762786172, 53.864173976779533 ] } },
{ "type": "Feature", "properties": { "visible_points": 62, "total_points": 120, "visibility_pct": 51.666666666666671 }, "geometry": { "type": "Point", "coordinates": [ -0.485606141861212, 53.86417131881376 ] } },
{ "type": "Feature", "properties": { "visible_points": 63, "total_points": 120, "visibility_pct": 52.5 }, "geometry": { "type": "Point", "coordinates": [ -0.485395520970331, 53.864168660478491 ] } },
{ "type": "Feature", "properties": { "visible_points": 57, "total_points": 120, "visibility_pct": 47.5 }, "geometry": { "type": "Point", "coordinates": [ -0.48518490011353, 53.864166001773725 ] } },
{ "type": "Feature", "properties": { "visible_points": 51, "total_points": 120, "visibility_pct": 42.5 }, "geometry": { "type": "Point", "coordinates": [ -0.48497427927341, 53.864163342775448 ] } },
{ "type": "Feature", "properties": { "visible_points": 47, "total_points": 120, "visibility_pct": 39.166666666666664 }, "geometry": { "type": "Point", "coordinates": [ -0.484763658437705, 53.864160683627539 ] } },
{ "type": "Feature", "properties": { "visible_points": 36, "total_points": 115, "visibility_pct": 31.304347826086961 }, "geometry": { "type": "Point", "coordinates": [ -0.484553037628166, 53.864158024133765 ] } },
{ "type": "Feature", "properties": { "visible_points": 26, "total_points": 107, "visibility_pct": 24.299065420560748 }, "geometry": { "type": "Point", "coordinates": [ -0.484342416852494, 53.86415536427014 ] } },
{ "type": "Feature", "properties": { "visible_points": 4, "total_points": 97, "visibility_pct": 4.1237113402061851 }, "geometry": { "type": "Point", "coordinates": [ -0.484131796110695, 53.864152704036627 ] } },
{ "type": "Feature", "properties": { "visible_points": 0, "total_points": 84, "visibility_pct": 0.0 }, "geometry": { "type": "Point", "coordinates": [ -0.483921175402766, 53.864150043433234 ] } },
{ "type": "Feature", "properties": { "visible_points": 0, "total_points": 71, "visibility_pct": 0.0 }, "geometry": { "type": "Point", "coordinates": [ -0.483710554728716, 53.86414738245999 ] } },
{ "type": "Feature", "properties": { "visible_points": 1, "total_points": 88, "visibility_pct": 1.1363636363636365 }, "geometry": { "type": "Point", "coordinates": [ -0.489077510089626, 53.86432294531361 ] } },
{ "type": "Feature", "properties": { "visible_points": 21, "total_points": 95, "visibility_pct": 22.105263157894736 }, "geometry": { "type": "Point", "coordinates": [ -0.488866888091326, 53.864320293063479 ] } },
{ "type": "Feature", "properties": { "visible_points": 16, "total_points": 101, "visibility_pct": 15.841584158415841 }, "geometry": { "type": "Point", "coordinates": [ -0.48865626612703, 53.864317640443886 ] } },
{ "type": "Feature", "properties": { "visible_points": 0, "total_points": 107, "visibility_pct": 0.0 }, "geometry": { "type": "Point", "coordinates": [ -0.48844564419674, 53.864314987454762 ] } },
{ "type": "Feature", "properties": { "visible_points": 29, "total_points": 113, "visibility_pct": 25.663716814159294 }, "geometry": { "type": "Point", "coordinates": [ -0.488235022300459, 53.864312334096127 ] } },
{ "type": "Feature", "properties": { "visible_points": 37, "total_points": 116, "visibility_pct": 31.896551724137932 }, "geometry": { "type": "Point", "coordinates": [ -0.488024400438197, 53.864309680367995 ] } },
{ "type": "Feature", "properties": { "visible_points": 48, "total_points": 118, "visibility_pct": 40.677966101694921 }, "geometry": { "type": "Point", "coordinates": [ -0.487813778609958, 53.864307026270346 ] } },
{ "type": "Feature", "properties": { "visible_points": 52, "total_points": 119, "visibility_pct": 43.69747899159664 }, "geometry": { "type": "Point", "coordinates": [ -0.487603156815737, 53.8643043718032 ] } },
{ "type": "Feature", "properties": { "visible_points": 61, "total_points": 120, "visibility_pct": 50.833333333333329 }, "geometry": { "type": "Point", "coordinates": [ -0.487392535055556, 53.86430171696653 ] } },
{ "type": "Feature", "properties": { "visible_points": 58, "total_points": 120, "visibility_pct": 48.333333333333336 }, "geometry": { "type": "Point", "coordinates": [ -0.4871819133294, 53.864299061760363 ] } },
{ "type": "Feature", "properties": { "visible_points": 49, "total_points": 120, "visibility_pct": 40.833333333333336 }, "geometry": { "type": "Point", "coordinates": [ -0.486971291637287, 53.864296406184671 ] } },
{ "type": "Feature", "properties": { "visible_points": 0, "total_points": 120, "visibility_pct": 0.0 }, "geometry": { "type": "Point", "coordinates": [ -0.486760669979218, 53.864293750239504 ] } },
{ "type": "Feature", "properties": { "visible_points": 50, "total_points": 120, "visibility_pct": 41.666666666666671 }, "geometry": { "type": "Point", "coordinates": [ -0.486550048355202, 53.864291093924798 ] } },
{ "type": "Feature", "properties": { "visible_points": 70, "total_points": 120, "visibility_pct": 58.333333333333336 }, "geometry": { "type": "Point", "coordinates": [ -0.486339426765235, 53.864288437240589 ] } },
{ "type": "Feature", "properties": { "visible_points": 66, "total_points": 120, "visibility_pct": 55.000000000000007 }, "geometry": { "type": "Point", "coordinates": [ -0.486128805209326, 53.864285780186869 ] } },
{ "type": "Feature", "properties": { "visible_points": 69, "total_points": 120, "visibility_pct": 57.5 }, "geometry": { "type": "Point", "coordinates": [ -0.485918183687486, 53.864283122763659 ] } },
{ "type": "Feature", "properties": { "visible_points": 67, "total_points": 120, "visibility_pct": 55.833333333333336 }, "geometry": { "type": "Point", "coordinates": [ -0.48570756219971, 53.864280464970946 ] } },
{ "type": "Feature", "properties": { "visible_points": 66, "total_points": 120, "visibility_pct": 55.000000000000007 }, "geometry": { "type": "Point", "coordinates": [ -0.485496940746005, 53.864277806808694 ] } },
{ "type": "Feature", "properties": { "visible_points": 57, "total_points": 120, "visibility_pct": 47.5 }, "geometry": { "type": "Point", "coordinates": [ -0.485286319326384, 53.86427514827696 ] } },
{ "type": "Feature", "properties": { "visible_points": 50, "total_points": 120, "visibility_pct": 41.666666666666671 }, "geometry": { "type": "Point", "coordinates": [ -0.485075697936491, 53.864272489388902 ] } },
{ "type": "Feature", "properties": { "visible_points": 46, "total_points": 120, "visibility_pct": 38.333333333333336 }, "geometry": { "type": "Point", "coordinates": [ -0.484865076554524, 53.864269830327927 ] } },
{ "type": "Feature", "properties": { "visible_points": 37, "total_points": 115, "visibility_pct": 32.173913043478258 }, "geometry": { "type": "Point", "coordinates": [ -0.484654455186997, 53.864267171014781 ] } },
{ "type": "Feature", "properties": { "visible_points": 29, "total_points": 107, "visibility_pct": 27.102803738317753 }, "geometry": { "type": "Point", "coordinates": [ -0.484443833853326, 53.864264511331747 ] } },
{ "type": "Feature", "properties": { "visible_points": 14, "total_points": 98, "visibility_pct": 14.285714285714285 }, "geometry": { "type": "Point", "coordinates": [ -0.484233212553527, 53.864261851278862 ] } },
{ "type": "Feature", "properties": { "visible_points": 1, "total_points": 87, "visibility_pct": 1.1494252873563218 }, "geometry": { "type": "Point", "coordinates": [ -0.484022591287601, 53.864259190856089 ] } },
{ "type": "Feature", "properties": { "visible_points": 0, "total_points": 75, "visibility_pct": 0.0 }, "geometry": { "type": "Point", "coordinates": [ -0.48381197005555, 53.864256530063443 ] } },
{ "type": "Feature", "properties": { "visible_points": 0, "total_points": 82, "visibility_pct": 0.0 }, "geometry": { "type": "Point", "coordinates": [ -0.48896831740065, 53.864429436542096 ] } },
{ "type": "Feature", "properties": { "visible_points": 0, "total_points": 88, "visibility_pct": 0.0 }, "geometry": { "type": "Point", "coordinates": [ -0.48875769487356, 53.864426784095556 ] } },
{ "type": "Feature", "properties": { "visible_points": 0, "total_points": 95, "visibility_pct": 0.0 }, "geometry": { "type": "Point", "coordinates": [ -0.488547072380478, 53.864424131279485 ] } },
{ "type": "Feature", "properties": { "visible_points": 19, "total_points": 102, "visibility_pct": 18.627450980392158 }, "geometry": { "type": "Point", "coordinates": [ -0.488336449921402, 53.864421478093909 ] } },
{ "type": "Feature", "properties": { "visible_points": 12, "total_points": 107, "visibility_pct": 11.214953271028037 }, "geometry": { "type": "Point", "coordinates": [ -0.488125827496335, 53.864418824538831 ] } },
{ "type": "Feature", "properties": { "visible_points": 0, "total_points": 110, "visibility_pct": 0.0 }, "geometry": { "type": "Point", "coordinates": [ -0.487915205105299, 53.864416170614234 ] } },
{ "type": "Feature", "properties": { "visible_points": 44, "total_points": 113, "visibility_pct": 38.938053097345133 }, "geometry": { "type": "Point", "coordinates": [ -0.487704582748275, 53.864413516320127 ] } },
{ "type": "Feature", "properties": { "visible_points": 49, "total_points": 115, "visibility_pct": 42.608695652173914 }, "geometry": { "type": "Point", "coordinates": [ -0.487493960425287, 53.864410861656523 ] } },
{ "type": "Feature", "properties": { "visible_points": 51, "total_points": 117, "visibility_pct": 43.589743589743591 }, "geometry": { "type": "Point", "coordinates": [ -0.487283338136327, 53.864408206623409 ] } },
{ "type": "Feature", "properties": { "visible_points": 55, "total_points": 119, "visibility_pct": 46.218487394957982 }, "geometry": { "type": "Point", "coordinates": [ -0.487072715881406, 53.864405551220777 ] } },
{ "type": "Feature", "properties": { "visible_points": 44, "total_points": 120, "visibility_pct": 36.666666666666664 }, "geometry": { "type": "Point", "coordinates": [ -0.486862093660526, 53.864402895448627 ] } },
{ "type": "Feature", "properties": { "visible_points": 51, "total_points": 120, "visibility_pct": 42.5 }, "geometry": { "type": "Point", "coordinates": [ -0.486651471473696, 53.864400239306974 ] } },
{ "type": "Feature", "properties": { "visible_points": 62, "total_points": 120, "visibility_pct": 51.666666666666671 }, "geometry": { "type": "Point", "coordinates": [ -0.486440849320914, 53.864397582795803 ] } },
{ "type": "Feature", "properties": { "visible_points": 68, "total_points": 120, "visibility_pct": 56.666666666666664 }, "geometry": { "type": "Point", "coordinates": [ -0.486230227202192, 53.86439492591515 ] } },
{ "type": "Feature", "properties": { "visible_points": 68, "total_points": 120, "visibility_pct": 56.666666666666664 }, "geometry": { "type": "Point", "coordinates": [ -0.486019605117529, 53.864392268664972 ] } },
{ "type": "Feature", "properties": { "visible_points": 68, "total_points": 120, "visibility_pct": 56.666666666666664 }, "geometry": { "type": "Point", "coordinates": [ -0.485808983066933, 53.864389611045276 ] } },
{ "type": "Feature", "properties": { "visible_points": 68, "total_points": 120, "visibility_pct": 56.666666666666664 }, "geometry": { "type": "Point", "coordinates": [ -0.485598361050404, 53.864386953056076 ] } },
{ "type": "Feature", "properties": { "visible_points": 56, "total_points": 120, "visibility_pct": 46.666666666666664 }, "geometry": { "type": "Point", "coordinates": [ -0.485387739067954, 53.864384294697373 ] } },
{ "type": "Feature", "properties": { "visible_points": 52, "total_points": 120, "visibility_pct": 43.333333333333336 }, "geometry": { "type": "Point", "coordinates": [ -0.485177117119586, 53.864381635969167 ] } },
{ "type": "Feature", "properties": { "visible_points": 51, "total_points": 120, "visibility_pct": 42.5 }, "geometry": { "type": "Point", "coordinates": [ -0.484966495189805, 53.864378976960623 ] } },
{ "type": "Feature", "properties": { "visible_points": 38, "total_points": 115, "visibility_pct": 33.043478260869563 }, "geometry": { "type": "Point", "coordinates": [ -0.484755873269932, 53.864376317805721 ] } },
{ "type": "Feature", "properties": { "visible_points": 28, "total_points": 107, "visibility_pct": 26.168224299065418 }, "geometry": { "type": "Point", "coordinates": [ -0.484545251378265, 53.864373658303322 ] } },
{ "type": "Feature", "properties": { "visible_points": 0, "total_points": 98, "visibility_pct": 0.0 }, "geometry": { "type": "Point", "coordinates": [ -0.484334629520466, 53.864370998431042 ] } },
{ "type": "Feature", "properties": { "visible_points": 0, "total_points": 88, "visibility_pct": 0.0 }, "geometry": { "type": "Point", "coordinates": [ -0.484124007696535, 53.864368338188875 ] } },
{ "type": "Feature", "properties": { "visible_points": 0, "total_points": 75, "visibility_pct": 0.0 }, "geometry": { "type": "Point", "coordinates": [ -0.488859124148858, 53.864535927664356 ] } },
{ "type": "Feature", "properties": { "visible_points": 0, "total_points": 82, "visibility_pct": 0.0 }, "geometry": { "type": "Point", "coordinates": [ -0.488648501092983, 53.864533275021351 ] } },
{ "type": "Feature", "properties": { "visible_points": 0, "total_points": 89, "visibility_pct": 0.0 }, "geometry": { "type": "Point", "coordinates": [ -0.488437878071102, 53.864530622008843 ] } },
{ "type": "Feature", "properties": { "visible_points": 2, "total_points": 95, "visibility_pct": 2.1052631578947367 }, "geometry": { "type": "Point", "coordinates": [ -0.488227255083244, 53.864527968626803 ] } },
{ "type": "Feature", "properties": { "visible_points": 3, "total_points": 100, "visibility_pct": 3.0 }, "geometry": { "type": "Point", "coordinates": [ -0.488016632129395, 53.864525314875266 ] } },
{ "type": "Feature", "properties": { "visible_points": 23, "total_points": 104, "visibility_pct": 22.115384615384613 }, "geometry": { "type": "Point", "coordinates": [ -0.487806009209572, 53.864522660754211 ] } },
{ "type": "Feature", "properties": { "visible_points": 41, "total_points": 107, "visibility_pct": 38.31775700934579 }, "geometry": { "type": "Point", "coordinates": [ -0.487595386323773, 53.86452000626366 ] } },
{ "type": "Feature", "properties": { "visible_points": 47, "total_points": 109, "visibility_pct": 43.119266055045877 }, "geometry": { "type": "Point", "coordinates": [ -0.487384763472005, 53.864517351403592 ] } },
{ "type": "Feature", "properties": { "visible_points": 51, "total_points": 112, "visibility_pct": 45.535714285714285 }, "geometry": { "type": "Point", "coordinates": [ -0.487174140654273, 53.864514696174005 ] } },
{ "type": "Feature", "properties": { "visible_points": 47, "total_points": 115, "visibility_pct": 40.869565217391305 }, "geometry": { "type": "Point", "coordinates": [ -0.486963517870578, 53.864512040574908 ] } },
{ "type": "Feature", "properties": { "visible_points": 51, "total_points": 117, "visibility_pct": 43.589743589743591 }, "geometry": { "type": "Point", "coordinates": [ -0.486752895120933, 53.864509384606308 ] } },
{ "type": "Feature", "properties": { "visible_points": 54, "total_points": 119, "visibility_pct": 45.378151260504204 }, "geometry": { "type": "Point", "coordinates": [ -0.486542272405333, 53.864506728268189 ] } },
{ "type": "Feature", "properties": { "visible_points": 58, "total_points": 120, "visibility_pct": 48.333333333333336 }, "geometry": { "type": "Point", "coordinates": [ -0.486331649723791, 53.864504071560567 ] } },
{ "type": "Feature", "properties": { "visible_points": 64, "total_points": 120, "visibility_pct": 53.333333333333336 }, "geometry": { "type": "Point", "coordinates": [ -0.486121027076307, 53.864501414483428 ] } },
{ "type": "Feature", "properties": { "visible_points": 62, "total_points": 120, "visibility_pct": 51.666666666666671 }, "geometry": { "type": "Point", "coordinates": [ -0.485910404462883, 53.864498757036785 ] } },
{ "type": "Feature", "properties": { "visible_points": 62, "total_points": 120, "visibility_pct": 51.666666666666671 }, "geometry": { "type": "Point", "coordinates": [ -0.485699781883536, 53.864496099220617 ] } },
{ "type": "Feature", "properties": { "visible_points": 57, "total_points": 120, "visibility_pct": 47.5 }, "geometry": { "type": "Point", "coordinates": [ -0.485489159338253, 53.864493441034938 ] } },
{ "type": "Feature", "properties": { "visible_points": 53, "total_points": 120, "visibility_pct": 44.166666666666664 }, "geometry": { "type": "Point", "coordinates": [ -0.485278536827058, 53.864490782479777 ] } },
{ "type": "Feature", "properties": { "visible_points": 50, "total_points": 120, "visibility_pct": 41.666666666666671 }, "geometry": { "type": "Point", "coordinates": [ -0.48506791434575, 53.864488123571661 ] } },
{ "type": "Feature", "properties": { "visible_points": 39, "total_points": 115, "visibility_pct": 33.913043478260867 }, "geometry": { "type": "Point", "coordinates": [ -0.484857291876982, 53.864485464506615 ] } },
{ "type": "Feature", "properties": { "visible_points": 25, "total_points": 107, "visibility_pct": 23.364485981308412 }, "geometry": { "type": "Point", "coordinates": [ -0.484646669427319, 53.864482805184835 ] } },
{ "type": "Feature", "properties": { "visible_points": 2, "total_points": 98, "visibility_pct": 2.0408163265306123 }, "geometry": { "type": "Point", "coordinates": [ -0.484436047011513, 53.864480145493147 ] } },
{ "type": "Feature", "properties": { "visible_points": 1, "total_points": 88, "visibility_pct": 1.1363636363636365 }, "geometry": { "type": "Point", "coordinates": [ -0.484225424629581, 53.864477485431621 ] } },
{ "type": "Feature", "properties": { "visible_points": 1, "total_points": 76, "visibility_pct": 1.3157894736842104 }, "geometry": { "type": "Point", "coordinates": [ -0.488539306749575, 53.864639765840899 ] } },
{ "type": "Feature", "properties": { "visible_points": 1, "total_points": 82, "visibility_pct": 1.2195121951219512 }, "geometry": { "type": "Point", "coordinates": [ -0.488328683198908, 53.864637112631925 ] } },
{ "type": "Feature", "properties": { "visible_points": 0, "total_points": 88, "visibility_pct": 0.0 }, "geometry": { "type": "Point", "coordinates": [ -0.48811805968226, 53.864634459053434 ] } },
{ "type": "Feature", "properties": { "visible_points": 1, "total_points": 92, "visibility_pct": 1.0869565217391304 }, "geometry": { "type": "Point", "coordinates": [ -0.487907436199622, 53.864631805105446 ] } },
{ "type": "Feature", "properties": { "visible_points": 0, "total_points": 96, "visibility_pct": 0.0 }, "geometry": { "type": "Point", "coordinates": [ -0.487696812751014, 53.864629150787948 ] } },
{ "type": "Feature", "properties": { "visible_points": 34, "total_points": 100, "visibility_pct": 34.0 }, "geometry": { "type": "Point", "coordinates": [ -0.487486189336436, 53.864626496100918 ] } },
{ "type": "Feature", "properties": { "visible_points": 42, "total_points": 103, "visibility_pct": 40.776699029126213 }, "geometry": { "type": "Point", "coordinates": [ -0.487275565955889, 53.864623841044384 ] } },
{ "type": "Feature", "properties": { "visible_points": 43, "total_points": 106, "visibility_pct": 40.566037735849058 }, "geometry": { "type": "Point", "coordinates": [ -0.48706494260938, 53.86462118561834 ] } },
{ "type": "Feature", "properties": { "visible_points": 46, "total_points": 109, "visibility_pct": 42.201834862385326 }, "geometry": { "type": "Point", "coordinates": [ -0.486854319296916, 53.864618529822778 ] } },
{ "type": "Feature", "properties": { "visible_points": 48, "total_points": 112, "visibility_pct": 42.857142857142854 }, "geometry": { "type": "Point", "coordinates": [ -0.486643696018494, 53.864615873657719 ] } },
{ "type": "Feature", "properties": { "visible_points": 55, "total_points": 115, "visibility_pct": 47.826086956521742 }, "geometry": { "type": "Point", "coordinates": [ -0.486433072774133, 53.864613217123122 ] } },
{ "type": "Feature", "properties": { "visible_points": 53, "total_points": 117, "visibility_pct": 45.299145299145302 }, "geometry": { "type": "Point", "coordinates": [ -0.486222449563819, 53.864610560219035 ] } },
{ "type": "Feature", "properties": { "visible_points": 55, "total_points": 119, "visibility_pct": 46.218487394957982 }, "geometry": { "type": "Point", "coordinates": [ -0.486011826387574, 53.86460790294543 ] } },
{ "type": "Feature", "properties": { "visible_points": 49, "total_points": 120, "visibility_pct": 40.833333333333336 }, "geometry": { "type": "Point", "coordinates": [ -0.485801203245396, 53.864605245302307 ] } },
{ "type": "Feature", "properties": { "visible_points": 49, "total_points": 120, "visibility_pct": 40.833333333333336 }, "geometry": { "type": "Point", "coordinates": [ -0.485590580137285, 53.864602587289674 ] } },
{ "type": "Feature", "properties": { "visible_points": 51, "total_points": 120, "visibility_pct": 42.5 }, "geometry": { "type": "Point", "coordinates": [ -0.485379957063253, 53.864599928907531 ] } },
{ "type": "Feature", "properties": { "visible_points": 42, "total_points": 120, "visibility_pct": 35.0 }, "geometry": { "type": "Point", "coordinates": [ -0.485169334023298, 53.864597270155876 ] } },
{ "type": "Feature", "properties": { "visible_points": 35, "total_points": 115, "visibility_pct": 30.434782608695656 }, "geometry": { "type": "Point", "coordinates": [ -0.484958711004223, 53.864594611137932 ] } },
{ "type": "Feature", "properties": { "visible_points": 25, "total_points": 107, "visibility_pct": 23.364485981308412 }, "geometry": { "type": "Point", "coordinates": [ -0.484748088000486, 53.86459195197628 ] } },
{ "type": "Feature", "properties": { "visible_points": 0, "total_points": 98, "visibility_pct": 0.0 }, "geometry": { "type": "Point", "coordinates": [ -0.484537465026679, 53.864589292465226 ] } },
{ "type": "Feature", "properties": { "visible_points": 0, "total_points": 88, "visibility_pct": 0.0 }, "geometry": { "type": "Point", "coordinates": [ -0.484326842086735, 53.864586632584285 ] } },
{ "type": "Feature", "properties": { "visible_points": 2, "total_points": 80, "visibility_pct": 2.5 }, "geometry": { "type": "Point", "coordinates": [ -0.488008863718443, 53.864740949373825 ] } },
{ "type": "Feature", "properties": { "visible_points": 0, "total_points": 84, "visibility_pct": 0.0 }, "geometry": { "type": "Point", "coordinates": [ -0.48779823970702, 53.864738295229365 ] } },
{ "type": "Feature", "properties": { "visible_points": 8, "total_points": 88, "visibility_pct": 9.0909090909090917 }, "geometry": { "type": "Point", "coordinates": [ -0.487587615729626, 53.864735640715409 ] } },
{ "type": "Feature", "properties": { "visible_points": 0, "total_points": 92, "visibility_pct": 0.0 }, "geometry": { "type": "Point", "coordinates": [ -0.487376991786266, 53.864732985831907 ] } },
{ "type": "Feature", "properties": { "visible_points": 0, "total_points": 95, "visibility_pct": 0.0 }, "geometry": { "type": "Point", "coordinates": [ -0.487166367876934, 53.864730330578908 ] } },
{ "type": "Feature", "properties": { "visible_points": 36, "total_points": 99, "visibility_pct": 36.363636363636367 }, "geometry": { "type": "Point", "coordinates": [ -0.486955744001649, 53.864727674956406 ] } },
{ "type": "Feature", "properties": { "visible_points": 38, "total_points": 103, "visibility_pct": 36.893203883495147 }, "geometry": { "type": "Point", "coordinates": [ -0.486745120160403, 53.864725018964386 ] } },
{ "type": "Feature", "properties": { "visible_points": 43, "total_points": 106, "visibility_pct": 40.566037735849058 }, "geometry": { "type": "Point", "coordinates": [ -0.486534496353219, 53.864722362602841 ] } },
{ "type": "Feature", "properties": { "visible_points": 46, "total_points": 110, "visibility_pct": 41.818181818181813 }, "geometry": { "type": "Point", "coordinates": [ -0.48632387258008, 53.864719705871792 ] } },
{ "type": "Feature", "properties": { "visible_points": 49, "total_points": 113, "visibility_pct": 43.362831858407077 }, "geometry": { "type": "Point", "coordinates": [ -0.486113248841005, 53.864717048771212 ] } },
{ "type": "Feature", "properties": { "visible_points": 41, "total_points": 116, "visibility_pct": 35.344827586206897 }, "geometry": { "type": "Point", "coordinates": [ -0.485902625135993, 53.864714391301142 ] } },
{ "type": "Feature", "properties": { "visible_points": 46, "total_points": 118, "visibility_pct": 38.983050847457626 }, "geometry": { "type": "Point", "coordinates": [ -0.48569200146505, 53.864711733461554 ] } },
{ "type": "Feature", "properties": { "visible_points": 44, "total_points": 120, "visibility_pct": 36.666666666666664 }, "geometry": { "type": "Point", "coordinates": [ -0.485481377828181, 53.864709075252463 ] } },
{ "type": "Feature", "properties": { "visible_points": 15, "total_points": 120, "visibility_pct": 12.5 }, "geometry": { "type": "Point", "coordinates": [ -0.485270754225394, 53.86470641667384 ] } },
{ "type": "Feature", "properties": { "visible_points": 0, "total_points": 115, "visibility_pct": 0.0 }, "geometry": { "type": "Point", "coordinates": [ -0.485060130652979, 53.864703757745936 ] } },
{ "type": "Feature", "properties": { "visible_points": 20, "total_points": 107, "visibility_pct": 18.691588785046729 }, "geometry": { "type": "Point", "coordinates": [ -0.484849507097775, 53.864701098677656 ] } },
{ "type": "Feature", "properties": { "visible_points": 13, "total_points": 98, "visibility_pct": 13.26530612244898 }, "geometry": { "type": "Point", "coordinates": [ -0.484638883565961, 53.864698439347229 ] } },
{ "type": "Feature", "properties": { "visible_points": 0, "total_points": 88, "visibility_pct": 0.0 }, "geometry": { "type": "Point", "coordinates": [ -0.484428260068011, 53.864695779646929 ] } },
{ "type": "Feature", "properties": { "visible_points": 1, "total_points": 80, "visibility_pct": 1.25 }, "geometry": { "type": "Point", "coordinates": [ -0.487478418145393, 53.86484213053658 ] } },
{ "type": "Feature", "properties": { "visible_points": 0, "total_points": 83, "visibility_pct": 0.0 }, "geometry": { "type": "Point", "coordinates": [ -0.48726779367325, 53.864839475456634 ] } },
{ "type": "Feature", "properties": { "visible_points": 13, "total_points": 87, "visibility_pct": 14.942528735632186 }, "geometry": { "type": "Point", "coordinates": [ -0.487057169235137, 53.864836820007191 ] } },
{ "type": "Feature", "properties": { "visible_points": 0, "total_points": 91, "visibility_pct": 0.0 }, "geometry": { "type": "Point", "coordinates": [ -0.486846544831071, 53.86483416418821 ] } },
{ "type": "Feature", "properties": { "visible_points": 29, "total_points": 96, "visibility_pct": 30.208333333333332 }, "geometry": { "type": "Point", "coordinates": [ -0.486635920461053, 53.864831507999718 ] } },
{ "type": "Feature", "properties": { "visible_points": 20, "total_points": 100, "visibility_pct": 20.0 }, "geometry": { "type": "Point", "coordinates": [ -0.486425296125087, 53.864828851441708 ] } },
{ "type": "Feature", "properties": { "visible_points": 0, "total_points": 104, "visibility_pct": 0.0 }, "geometry": { "type": "Point", "coordinates": [ -0.486214671823179, 53.864826194514194 ] } },
{ "type": "Feature", "properties": { "visible_points": 35, "total_points": 107, "visibility_pct": 32.710280373831772 }, "geometry": { "type": "Point", "coordinates": [ -0.486004047555331, 53.864823537217141 ] } },
{ "type": "Feature", "properties": { "visible_points": 44, "total_points": 111, "visibility_pct": 39.63963963963964 }, "geometry": { "type": "Point", "coordinates": [ -0.485793423321553, 53.864820879550606 ] } },
{ "type": "Feature", "properties": { "visible_points": 40, "total_points": 114, "visibility_pct": 35.087719298245609 }, "geometry": { "type": "Point", "coordinates": [ -0.48558279912185, 53.86481822151454 ] } },
{ "type": "Feature", "properties": { "visible_points": 30, "total_points": 117, "visibility_pct": 25.641025641025639 }, "geometry": { "type": "Point", "coordinates": [ -0.485372174956219, 53.864815563108962 ] } },
{ "type": "Feature", "properties": { "visible_points": 0, "total_points": 114, "visibility_pct": 0.0 }, "geometry": { "type": "Point", "coordinates": [ -0.485161550824671, 53.86481290433386 ] } },
{ "type": "Feature", "properties": { "visible_points": 0, "total_points": 107, "visibility_pct": 0.0 }, "geometry": { "type": "Point", "coordinates": [ -0.48495092671666, 53.864810245307332 ] } },
{ "type": "Feature", "properties": { "visible_points": 14, "total_points": 98, "visibility_pct": 14.285714285714285 }, "geometry": { "type": "Point", "coordinates": [ -0.484740302629369, 53.864807586139186 ] } },
{ "type": "Feature", "properties": { "visible_points": 0, "total_points": 88, "visibility_pct": 0.0 }, "geometry": { "type": "Point", "coordinates": [ -0.484529678573404, 53.864804926619513 ] } },
{ "type": "Feature", "properties": { "visible_points": 0, "total_points": 79, "visibility_pct": 0.0 }, "geometry": { "type": "Point", "coordinates": [ -0.486947970030496, 53.864943309329178 ] } },
{ "type": "Feature", "properties": { "visible_points": 0, "total_points": 84, "visibility_pct": 0.0 }, "geometry": { "type": "Point", "coordinates": [ -0.486737345097644, 53.864940653313738 ] } },
{ "type": "Feature", "properties": { "visible_points": 16, "total_points": 88, "visibility_pct": 18.181818181818183 }, "geometry": { "type": "Point", "coordinates": [ -0.486526720198843, 53.864937996928774 ] } },
{ "type": "Feature", "properties": { "visible_points": 0, "total_points": 92, "visibility_pct": 0.0 }, "geometry": { "type": "Point", "coordinates": [ -0.486316095334105, 53.864935340174299 ] } },
{ "type": "Feature", "properties": { "visible_points": 0, "total_points": 97, "visibility_pct": 0.0 }, "geometry": { "type": "Point", "coordinates": [ -0.48610547050342, 53.864932683050313 ] } },
{ "type": "Feature", "properties": { "visible_points": 29, "total_points": 101, "visibility_pct": 28.71287128712871 }, "geometry": { "type": "Point", "coordinates": [ -0.485894845706808, 53.864930025556802 ] } },
{ "type": "Feature", "properties": { "visible_points": 30, "total_points": 105, "visibility_pct": 28.571428571428569 }, "geometry": { "type": "Point", "coordinates": [ -0.485684220944255, 53.864927367693781 ] } },
{ "type": "Feature", "properties": { "visible_points": 23, "total_points": 108, "visibility_pct": 21.296296296296298 }, "geometry": { "type": "Point", "coordinates": [ -0.485473596215786, 53.864924709461242 ] } },
{ "type": "Feature", "properties": { "visible_points": 20, "total_points": 106, "visibility_pct": 18.867924528301888 }, "geometry": { "type": "Point", "coordinates": [ -0.485262971521393, 53.864922050859178 ] } },
{ "type": "Feature", "properties": { "visible_points": 8, "total_points": 101, "visibility_pct": 7.9207920792079207 }, "geometry": { "type": "Point", "coordinates": [ -0.485052346858171, 53.864919391911727 ] } },
{ "type": "Feature", "properties": { "visible_points": 0, "total_points": 94, "visibility_pct": 0.0 }, "geometry": { "type": "Point", "coordinates": [ -0.484841722216904, 53.864916732841067 ] } },
{ "type": "Feature", "properties": { "visible_points": 0, "total_points": 86, "visibility_pct": 0.0 }, "geometry": { "type": "Point", "coordinates": [ -0.484631097602926, 53.864914073502021 ] } },
{ "type": "Feature", "properties": { "visible_points": 0, "total_points": 80, "visibility_pct": 0.0 }, "geometry": { "type": "Point", "coordinates": [ -0.486417519373779, 53.865044485751554 ] } },
{ "type": "Feature", "properties": { "visible_points": 0, "total_points": 85, "visibility_pct": 0.0 }, "geometry": { "type": "Point", "coordinates": [ -0.486206893980266, 53.865041828800607 ] } },
{ "type": "Feature", "properties": { "visible_points": 0, "total_points": 89, "visibility_pct": 0.0 }, "geometry": { "type": "Point", "coordinates": [ -0.4859962686208, 53.865039171480163 ] } },
{ "type": "Feature", "properties": { "visible_points": 25, "total_points": 93, "visibility_pct": 26.881720430107524 }, "geometry": { "type": "Point", "coordinates": [ -0.485785643295413, 53.865036513790173 ] } },
{ "type": "Feature", "properties": { "visible_points": 23, "total_points": 97, "visibility_pct": 23.711340206185564 }, "geometry": { "type": "Point", "coordinates": [ -0.485575018004095, 53.865033855730665 ] } },
{ "type": "Feature", "properties": { "visible_points": 12, "total_points": 96, "visibility_pct": 12.5 }, "geometry": { "type": "Point", "coordinates": [ -0.485364392746851, 53.865031197301661 ] } },
{ "type": "Feature", "properties": { "visible_points": 14, "total_points": 93, "visibility_pct": 15.053763440860216 }, "geometry": { "type": "Point", "coordinates": [ -0.485153767523693, 53.865028538503118 ] } },
{ "type": "Feature", "properties": { "visible_points": 0, "total_points": 88, "visibility_pct": 0.0 }, "geometry": { "type": "Point", "coordinates": [ -0.484943142327119, 53.865025879468867 ] } },
{ "type": "Feature", "properties": { "visible_points": 0, "total_points": 81, "visibility_pct": 0.0 }, "geometry": { "type": "Point", "coordinates": [ -0.484732517156575, 53.865023220294461 ] } },
{ "type": "Feature", "properties": { "visible_points": 0, "total_points": 81, "visibility_pct": 0.0 }, "geometry": { "type": "Point", "coordinates": [ -0.485887066175318, 53.865145659803716 ] } },
{ "type": "Feature", "properties": { "visible_points": 0, "total_points": 85, "visibility_pct": 0.0 }, "geometry": { "type": "Point", "coordinates": [ -0.485676440321151, 53.865143001917247 ] } },
{ "type": "Feature", "properties": { "visible_points": 0, "total_points": 85, "visibility_pct": 0.0 }, "geometry": { "type": "Point", "coordinates": [ -0.485465814501064, 53.865140343661288 ] } },
{ "type": "Feature", "properties": { "visible_points": 0, "total_points": 83, "visibility_pct": 0.0 }, "geometry": { "type": "Point", "coordinates": [ -0.485255188715052, 53.865137685035791 ] } },
{ "type": "Feature", "properties": { "visible_points": 6, "total_points": 80, "visibility_pct": 7.5 }, "geometry": { "type": "Point", "coordinates": [ -0.485044562961333, 53.865135026069026 ] } },
{ "type": "Feature", "properties": { "visible_points": 0, "total_points": 75, "visibility_pct": 0.0 }, "geometry": { "type": "Point", "coordinates": [ -0.484833937234362, 53.86513236699686 ] } },
{ "type": "Feature", "properties": { "visible_points": 0, "total_points": 73, "visibility_pct": 0.0 }, "geometry": { "type": "Point", "coordinates": [ -0.485356610435153, 53.865246831485614 ] } },
{ "type": "Feature", "properties": { "visible_points": 1, "total_points": 71, "visibility_pct": 1.4084507042253522 }, "geometry": { "type": "Point", "coordinates": [ -0.485145984120372, 53.86524417266363 ] } },
{ "type": "Feature", "properties": { "visible_points": 0, "total_points": 67, "visibility_pct": 0.0 }, "geometry": { "type": "Point", "coordinates": [ -0.484935357835594, 53.865241513622529 ] } },
{ "type": "Feature", "properties": { "visible_points": 2, "total_points": 59, "visibility_pct": 3.3898305084745761 }, "geometry": { "type": "Point", "coordinates": [ -0.485036778962462, 53.86535066021785 ] } }
]
}
