{
"type": "FeatureCollection",
"name": "1e3494eb619d_visibility",
"crs": { "type": "name", "properties": { "name": "urn:ogc:def:crs:OGC:1.3:CRS84" } },
"features": [
{ "type": "Feature", "properties": { "visible_points": 14, "total_points": 65, "visibility_pct": 21.53846153846154 }, "geometry": { "type": "Point", "coordinates": [ -0.780884531439015, 52.00141296540599 ] } },
{ "type": "Feature", "properties": { "visible_points": 14, "total_points": 63, "visibility_pct": 22.222222222222221 }, "geometry": { "type": "Point", "coordinates": [ -0.780682737583098, 52.001410878422327 ] } },
{ "type": "Feature", "properties": { "visible_points": 16, "total_points": 77, "visibility_pct": 20.779220779220779 }, "geometry": { "type": "Point", "coordinates": [ -0.781184299633575, 52.001523960746475 ] } },
{ "type": "Feature", "properties": { "visible_points": 13, "total_points": 77, "visibility_pct": 16.883116883116884 }, "geometry": { "type": "Point", "coordinates": [ -0.780982505288643, 52.001521874272747 ] } },
{ "type": "Feature", "properties": { "visible_points": 11, "total_points": 75, "visibility_pct": 14.666666666666666 }, "geometry": { "type": "Point", "coordinates": [ -0.780780710967034, 52.001519787453361 ] } },
{ "type": "Feature", "properties": { "visible_points": 12, "total_points": 71, "visibility_pct": 16.901408450704224 }, "geometry": { "type": "Point", "coordinates": [ -0.78057891666876, 52.001517700288346 ] } },
{ "type": "Feature", "properties": { "visible_points": 14, "total_points": 82, "visibility_pct": 17.073170731707318 }, "geometry": { "type": "Point", "coordinates": [ -0.781484069225192, 52.00163495533274 ] } },
{ "type": "Feature", "properties": { "visible_points": 12, "total_points": 88, "visibility_pct": 13.636363636363635 }, "geometry": { "type": "Point", "coordinates": [ -0.781282274391231, 52.00163286936894 ] } },
{ "type": "Feature", "properties": { "visible_points": 1, "total_points": 89, "visibility_pct": 1.1235955056179776 }, "geometry": { "type": "Point", "coordinates": [ -0.781080479580598, 52.001630783059497 ] } },
{ "type": "Feature", "properties": { "visible_points": 0, "total_points": 87, "visibility_pct": 0.0 }, "geometry": { "type": "Point", "coordinates": [ -0.780878684793299, 52.00162869640441 ] } },
{ "type": "Feature", "properties": { "visible_points": 0, "total_points": 84, "visibility_pct": 0.0 }, "geometry": { "type": "Point", "coordinates": [ -0.780676890029331, 52.001626609403672 ] } },
{ "type": "Feature", "properties": { "visible_points": 7, "total_points": 80, "visibility_pct": 8.75 }, "geometry": { "type": "Point", "coordinates": [ -0.7804750952887, 52.001624522057298 ] } },
{ "type": "Feature", "properties": { "visible_points": 10, "total_points": 82, "visibility_pct": 12.195121951219512 }, "geometry": { "type": "Point", "coordinates": [ -0.78178384021385, 52.001745949164793 ] } },
{ "type": "Feature", "properties": { "visible_points": 12, "total_points": 89, "visibility_pct": 13.48314606741573 }, "geometry": { "type": "Point", "coordinates": [ -0.781582044890878, 52.001743863710935 ] } },
{ "type": "Feature", "properties": { "visible_points": 5, "total_points": 95, "visibility_pct": 5.2631578947368416 }, "geometry": { "type": "Point", "coordinates": [ -0.781380249591227, 52.001741777911427 ] } },
{ "type": "Feature", "properties": { "visible_points": 1, "total_points": 100, "visibility_pct": 1.0 }, "geometry": { "type": "Point", "coordinates": [ -0.7811784543149, 52.001739691766275 ] } },
{ "type": "Feature", "properties": { "visible_points": 0, "total_points": 100, "visibility_pct": 0.0 }, "geometry": { "type": "Point", "coordinates": [ -0.7809766590619, 52.001737605275487 ] } },
{ "type": "Feature", "properties": { "visible_points": 0, "total_points": 97, "visibility_pct": 0.0 }, "geometry": { "type": "Point", "coordinates": [ -0.780774863832233, 52.001735518439027 ] } },
{ "type": "Feature", "properties": { "visible_points": 25, "total_points": 93, "visibility_pct": 26.881720430107524 }, "geometry": { "type": "Point", "coordinates": [ -0.780573068625906, 52.00173343125693 ] } },
{ "type": "Feature", "properties": { "visible_points": 27, "total_points": 87, "visibility_pct": 31.03448275862069 }, "geometry": { "type": "Point", "coordinates": [ -0.780371273442914, 52.001731343729183 ] } },
{ "type": "Feature", "properties": { "visible_points": 18, "total_points": 80, "visibility_pct": 22.5 }, "geometry": { "type": "Point", "coordinates": [ -0.780169478283265, 52.001729255855793 ] } },
{ "type": "Feature", "properties": { "visible_points": 11, "total_points": 82, "visibility_pct": 13.414634146341465 }, "geometry": { "type": "Point", "coordinates": [ -0.782083612599561, 52.00185694224259 ] } },
{ "type": "Feature", "properties": { "visible_points": 10, "total_points": 89, "visibility_pct": 11.235955056179774 }, "geometry": { "type": "Point", "coordinates": [ -0.781881816787582, 52.001854857298696 ] } },
{ "type": "Feature", "properties": { "visible_points": 4, "total_points": 95, "visibility_pct": 4.2105263157894735 }, "geometry": { "type": "Point", "coordinates": [ -0.781680020998913, 52.00185277200913 ] } },
{ "type": "Feature", "properties": { "visible_points": 3, "total_points": 100, "visibility_pct": 3.0 }, "geometry": { "type": "Point", "coordinates": [ -0.781478225233565, 52.001850686373913 ] } },
{ "type": "Feature", "properties": { "visible_points": 0, "total_points": 106, "visibility_pct": 0.0 }, "geometry": { "type": "Point", "coordinates": [ -0.781276429491539, 52.001848600393053 ] } },
{ "type": "Feature", "properties": { "visible_points": 16, "total_points": 111, "visibility_pct": 14.414414414414415 }, "geometry": { "type": "Point", "coordinates": [ -0.781074633772843, 52.00184651406655 ] } },
{ "type": "Feature", "properties": { "visible_points": 20, "total_points": 110, "visibility_pct": 18.181818181818183 }, "geometry": { "type": "Point", "coordinates": [ -0.780872838077477, 52.001844427394389 ] } },
{ "type": "Feature", "properties": { "visible_points": 23, "total_points": 106, "visibility_pct": 21.69811320754717 }, "geometry": { "type": "Point", "coordinates": [ -0.780671042405443, 52.001842340376584 ] } },
{ "type": "Feature", "properties": { "visible_points": 20, "total_points": 100, "visibility_pct": 20.0 }, "geometry": { "type": "Point", "coordinates": [ -0.780469246756747, 52.001840253013107 ] } },
{ "type": "Feature", "properties": { "visible_points": 20, "total_points": 92, "visibility_pct": 21.739130434782609 }, "geometry": { "type": "Point", "coordinates": [ -0.78026745113139, 52.001838165304001 ] } },
{ "type": "Feature", "properties": { "visible_points": 11, "total_points": 83, "visibility_pct": 13.253012048192772 }, "geometry": { "type": "Point", "coordinates": [ -0.780065655529386, 52.001836077249244 ] } },
{ "type": "Feature", "properties": { "visible_points": 11, "total_points": 82, "visibility_pct": 13.414634146341465 }, "geometry": { "type": "Point", "coordinates": [ -0.782383386382324, 52.001967934566174 ] } },
{ "type": "Feature", "properties": { "visible_points": 11, "total_points": 89, "visibility_pct": 12.359550561797752 }, "geometry": { "type": "Point", "coordinates": [ -0.782181590081341, 52.001965850132208 ] } },
{ "type": "Feature", "properties": { "visible_points": 4, "total_points": 95, "visibility_pct": 4.2105263157894735 }, "geometry": { "type": "Point", "coordinates": [ -0.781979793803659, 52.001963765352599 ] } },
{ "type": "Feature", "properties": { "visible_points": 0, "total_points": 100, "visibility_pct": 0.0 }, "geometry": { "type": "Point", "coordinates": [ -0.781777997549301, 52.001961680227325 ] } },
{ "type": "Feature", "properties": { "visible_points": 12, "total_points": 106, "visibility_pct": 11.320754716981133 }, "geometry": { "type": "Point", "coordinates": [ -0.781576201318252, 52.001959594756421 ] } },
{ "type": "Feature", "properties": { "visible_points": 20, "total_points": 111, "visibility_pct": 18.018018018018019 }, "geometry": { "type": "Point", "coordinates": [ -0.781374405110531, 52.001957508939846 ] } },
{ "type": "Feature", "properties": { "visible_points": 15, "total_points": 115, "visibility_pct": 13.043478260869565 }, "geometry": { "type": "Point", "coordinates": [ -0.781172608926128, 52.001955422777627 ] } },
{ "type": "Feature", "properties": { "visible_points": 20, "total_points": 118, "visibility_pct": 16.949152542372879 }, "geometry": { "type": "Point", "coordinates": [ -0.78097081276506, 52.001953336269757 ] } },
{ "type": "Feature", "properties": { "visible_points": 24, "total_points": 115, "visibility_pct": 20.869565217391305 }, "geometry": { "type": "Point", "coordinates": [ -0.78076901662732, 52.001951249416237 ] } },
{ "type": "Feature", "properties": { "visible_points": 24, "total_points": 109, "visibility_pct": 22.018348623853214 }, "geometry": { "type": "Point", "coordinates": [ -0.780567220512919, 52.001949162217059 ] } },
{ "type": "Feature", "properties": { "visible_points": 21, "total_points": 102, "visibility_pct": 20.588235294117645 }, "geometry": { "type": "Point", "coordinates": [ -0.780365424421859, 52.001947074672238 ] } },
{ "type": "Feature", "properties": { "visible_points": 19, "total_points": 94, "visibility_pct": 20.212765957446805 }, "geometry": { "type": "Point", "coordinates": [ -0.780163628354137, 52.001944986781751 ] } },
{ "type": "Feature", "properties": { "visible_points": 12, "total_points": 85, "visibility_pct": 14.117647058823529 }, "geometry": { "type": "Point", "coordinates": [ -0.779961832309768, 52.001942898545636 ] } },
{ "type": "Feature", "properties": { "visible_points": 10, "total_points": 82, "visibility_pct": 12.195121951219512 }, "geometry": { "type": "Point", "coordinates": [ -0.782683161562143, 52.002078926135511 ] } },
{ "type": "Feature", "properties": { "visible_points": 9, "total_points": 89, "visibility_pct": 10.112359550561797 }, "geometry": { "type": "Point", "coordinates": [ -0.782481364772156, 52.002076842211494 ] } },
{ "type": "Feature", "properties": { "visible_points": 2, "total_points": 95, "visibility_pct": 2.1052631578947367 }, "geometry": { "type": "Point", "coordinates": [ -0.782279568005473, 52.002074757941827 ] } },
{ "type": "Feature", "properties": { "visible_points": 0, "total_points": 100, "visibility_pct": 0.0 }, "geometry": { "type": "Point", "coordinates": [ -0.7820777712621, 52.002072673326502 ] } },
{ "type": "Feature", "properties": { "visible_points": 2, "total_points": 106, "visibility_pct": 1.8867924528301887 }, "geometry": { "type": "Point", "coordinates": [ -0.781875974542038, 52.002070588365541 ] } },
{ "type": "Feature", "properties": { "visible_points": 21, "total_points": 111, "visibility_pct": 18.918918918918919 }, "geometry": { "type": "Point", "coordinates": [ -0.781674177845296, 52.002068503058929 ] } },
{ "type": "Feature", "properties": { "visible_points": 14, "total_points": 115, "visibility_pct": 12.173913043478262 }, "geometry": { "type": "Point", "coordinates": [ -0.781472381171864, 52.002066417406638 ] } },
{ "type": "Feature", "properties": { "visible_points": 16, "total_points": 118, "visibility_pct": 13.559322033898304 }, "geometry": { "type": "Point", "coordinates": [ -0.781270584521766, 52.002064331408711 ] } },
{ "type": "Feature", "properties": { "visible_points": 14, "total_points": 120, "visibility_pct": 11.666666666666666 }, "geometry": { "type": "Point", "coordinates": [ -0.781068787894988, 52.002062245065126 ] } },
{ "type": "Feature", "properties": { "visible_points": 19, "total_points": 120, "visibility_pct": 15.833333333333332 }, "geometry": { "type": "Point", "coordinates": [ -0.780866991291545, 52.002060158375905 ] } },
{ "type": "Feature", "properties": { "visible_points": 18, "total_points": 116, "visibility_pct": 15.517241379310345 }, "geometry": { "type": "Point", "coordinates": [ -0.780665194711428, 52.002058071341025 ] } },
{ "type": "Feature", "properties": { "visible_points": 20, "total_points": 110, "visibility_pct": 18.181818181818183 }, "geometry": { "type": "Point", "coordinates": [ -0.780463398154663, 52.002055983960489 ] } },
{ "type": "Feature", "properties": { "visible_points": 21, "total_points": 104, "visibility_pct": 20.192307692307693 }, "geometry": { "type": "Point", "coordinates": [ -0.780261601621227, 52.002053896234301 ] } },
{ "type": "Feature", "properties": { "visible_points": 22, "total_points": 96, "visibility_pct": 22.916666666666664 }, "geometry": { "type": "Point", "coordinates": [ -0.780059805111144, 52.002051808162463 ] } },
{ "type": "Feature", "properties": { "visible_points": 12, "total_points": 85, "visibility_pct": 14.117647058823529 }, "geometry": { "type": "Point", "coordinates": [ -0.779858008624411, 52.00204971974496 ] } },
{ "type": "Feature", "properties": { "visible_points": 10, "total_points": 82, "visibility_pct": 12.195121951219512 }, "geometry": { "type": "Point", "coordinates": [ -0.782982938139012, 52.00218991695057 ] } },
{ "type": "Feature", "properties": { "visible_points": 1, "total_points": 89, "visibility_pct": 1.1235955056179776 }, "geometry": { "type": "Point", "coordinates": [ -0.782781140860031, 52.002187833536517 ] } },
{ "type": "Feature", "properties": { "visible_points": 3, "total_points": 95, "visibility_pct": 3.1578947368421053 }, "geometry": { "type": "Point", "coordinates": [ -0.782579343604351, 52.002185749776793 ] } },
{ "type": "Feature", "properties": { "visible_points": 11, "total_points": 100, "visibility_pct": 11.0 }, "geometry": { "type": "Point", "coordinates": [ -0.782377546371974, 52.002183665671438 ] } },
{ "type": "Feature", "properties": { "visible_points": 34, "total_points": 106, "visibility_pct": 32.075471698113205 }, "geometry": { "type": "Point", "coordinates": [ -0.782175749162895, 52.002181581220427 ] } },
{ "type": "Feature", "properties": { "visible_points": 41, "total_points": 111, "visibility_pct": 36.936936936936938 }, "geometry": { "type": "Point", "coordinates": [ -0.781973951977139, 52.002179496423764 ] } },
{ "type": "Feature", "properties": { "visible_points": 40, "total_points": 115, "visibility_pct": 34.782608695652172 }, "geometry": { "type": "Point", "coordinates": [ -0.78177215481469, 52.002177411281444 ] } },
{ "type": "Feature", "properties": { "visible_points": 13, "total_points": 118, "visibility_pct": 11.016949152542372 }, "geometry": { "type": "Point", "coordinates": [ -0.781570357675558, 52.002175325793459 ] } },
{ "type": "Feature", "properties": { "visible_points": 15, "total_points": 120, "visibility_pct": 12.5 }, "geometry": { "type": "Point", "coordinates": [ -0.781368560559752, 52.002173239959816 ] } },
{ "type": "Feature", "properties": { "visible_points": 23, "total_points": 120, "visibility_pct": 19.166666666666668 }, "geometry": { "type": "Point", "coordinates": [ -0.781166763467268, 52.002171153780544 ] } },
{ "type": "Feature", "properties": { "visible_points": 13, "total_points": 120, "visibility_pct": 10.833333333333334 }, "geometry": { "type": "Point", "coordinates": [ -0.780964966398111, 52.002169067255593 ] } },
{ "type": "Feature", "properties": { "visible_points": 0, "total_points": 120, "visibility_pct": 0.0 }, "geometry": { "type": "Point", "coordinates": [ -0.780763169352293, 52.002166980384992 ] } },
{ "type": "Feature", "properties": { "visible_points": 14, "total_points": 117, "visibility_pct": 11.965811965811966 }, "geometry": { "type": "Point", "coordinates": [ -0.780561372329809, 52.002164893168761 ] } },
{ "type": "Feature", "properties": { "visible_points": 19, "total_points": 112, "visibility_pct": 16.964285714285715 }, "geometry": { "type": "Point", "coordinates": [ -0.780359575330661, 52.002162805606837 ] } },
{ "type": "Feature", "properties": { "visible_points": 20, "total_points": 106, "visibility_pct": 18.867924528301888 }, "geometry": { "type": "Point", "coordinates": [ -0.780157778354863, 52.002160717699297 ] } },
{ "type": "Feature", "properties": { "visible_points": 22, "total_points": 96, "visibility_pct": 22.916666666666664 }, "geometry": { "type": "Point", "coordinates": [ -0.779955981402408, 52.0021586294461 ] } },
{ "type": "Feature", "properties": { "visible_points": 11, "total_points": 84, "visibility_pct": 13.095238095238097 }, "geometry": { "type": "Point", "coordinates": [ -0.77975418447331, 52.00215654084721 ] } },
{ "type": "Feature", "properties": { "visible_points": 8, "total_points": 71, "visibility_pct": 11.267605633802818 }, "geometry": { "type": "Point", "coordinates": [ -0.779552387567562, 52.002154451902712 ] } },
{ "type": "Feature", "properties": { "visible_points": 10, "total_points": 82, "visibility_pct": 12.195121951219512 }, "geometry": { "type": "Point", "coordinates": [ -0.783282716112942, 52.002300907011389 ] } },
{ "type": "Feature", "properties": { "visible_points": 7, "total_points": 89, "visibility_pct": 7.8651685393258424 }, "geometry": { "type": "Point", "coordinates": [ -0.783080918344973, 52.002298824107278 ] } },
{ "type": "Feature", "properties": { "visible_points": 0, "total_points": 95, "visibility_pct": 0.0 }, "geometry": { "type": "Point", "coordinates": [ -0.782879120600292, 52.002296740857524 ] } },
{ "type": "Feature", "properties": { "visible_points": 1, "total_points": 100, "visibility_pct": 1.0 }, "geometry": { "type": "Point", "coordinates": [ -0.782677322878911, 52.002294657262134 ] } },
{ "type": "Feature", "properties": { "visible_points": 40, "total_points": 106, "visibility_pct": 37.735849056603776 }, "geometry": { "type": "Point", "coordinates": [ -0.782475525180838, 52.002292573321064 ] } },
{ "type": "Feature", "properties": { "visible_points": 42, "total_points": 111, "visibility_pct": 37.837837837837839 }, "geometry": { "type": "Point", "coordinates": [ -0.782273727506062, 52.002290489034351 ] } },
{ "type": "Feature", "properties": { "visible_points": 44, "total_points": 115, "visibility_pct": 38.260869565217391 }, "geometry": { "type": "Point", "coordinates": [ -0.782071929854595, 52.00228840440198 ] } },
{ "type": "Feature", "properties": { "visible_points": 46, "total_points": 118, "visibility_pct": 38.983050847457626 }, "geometry": { "type": "Point", "coordinates": [ -0.781870132226446, 52.002286319423952 ] } },
{ "type": "Feature", "properties": { "visible_points": 54, "total_points": 120, "visibility_pct": 45.0 }, "geometry": { "type": "Point", "coordinates": [ -0.78166833462161, 52.002284234100273 ] } },
{ "type": "Feature", "properties": { "visible_points": 56, "total_points": 120, "visibility_pct": 46.666666666666664 }, "geometry": { "type": "Point", "coordinates": [ -0.781466537040091, 52.002282148430936 ] } },
{ "type": "Feature", "properties": { "visible_points": 54, "total_points": 120, "visibility_pct": 45.0 }, "geometry": { "type": "Point", "coordinates": [ -0.7812647394819, 52.002280062415949 ] } },
{ "type": "Feature", "properties": { "visible_points": 15, "total_points": 120, "visibility_pct": 12.5 }, "geometry": { "type": "Point", "coordinates": [ -0.781062941947035, 52.002277976055289 ] } },
{ "type": "Feature", "properties": { "visible_points": 0, "total_points": 120, "visibility_pct": 0.0 }, "geometry": { "type": "Point", "coordinates": [ -0.780861144435499, 52.002275889349008 ] } },
{ "type": "Feature", "properties": { "visible_points": 0, "total_points": 120, "visibility_pct": 0.0 }, "geometry": { "type": "Point", "coordinates": [ -0.780659346947301, 52.002273802297033 ] } },
{ "type": "Feature", "properties": { "visible_points": 0, "total_points": 118, "visibility_pct": 0.0 }, "geometry": { "type": "Point", "coordinates": [ -0.780457549482441, 52.002271714899422 ] } },
{ "type": "Feature", "properties": { "visible_points": 1, "total_points": 114, "visibility_pct": 0.8771929824561403 }, "geometry": { "type": "Point", "coordinates": [ -0.780255752040921, 52.002269627156153 ] } },
{ "type": "Feature", "properties": { "visible_points": 19, "total_points": 106, "visibility_pct": 17.924528301886792 }, "geometry": { "type": "Point", "coordinates": [ -0.78005395462275, 52.002267539067233 ] } },
{ "type": "Feature", "properties": { "visible_points": 19, "total_points": 94, "visibility_pct": 20.212765957446805 }, "geometry": { "type": "Point", "coordinates": [ -0.779852157227923, 52.002265450632663 ] } },
{ "type": "Feature", "properties": { "visible_points": 9, "total_points": 82, "visibility_pct": 10.975609756097562 }, "geometry": { "type": "Point", "coordinates": [ -0.779650359856461, 52.002263361852414 ] } },
{ "type": "Feature", "properties": { "visible_points": 0, "total_points": 69, "visibility_pct": 0.0 }, "geometry": { "type": "Point", "coordinates": [ -0.779448562508349, 52.002261272726535 ] } },
{ "type": "Feature", "properties": { "visible_points": 8, "total_points": 82, "visibility_pct": 9.7560975609756095 }, "geometry": { "type": "Point", "coordinates": [ -0.783582495483925, 52.002411896317895 ] } },
{ "type": "Feature", "properties": { "visible_points": 0, "total_points": 89, "visibility_pct": 0.0 }, "geometry": { "type": "Point", "coordinates": [ -0.783380697226973, 52.002409813923784 ] } },
{ "type": "Feature", "properties": { "visible_points": 0, "total_points": 95, "visibility_pct": 0.0 }, "geometry": { "type": "Point", "coordinates": [ -0.783178898993305, 52.002407731184 ] } },
{ "type": "Feature", "properties": { "visible_points": 0, "total_points": 100, "visibility_pct": 0.0 }, "geometry": { "type": "Point", "coordinates": [ -0.78297710078293, 52.002405648098552 ] } },
{ "type": "Feature", "properties": { "visible_points": 33, "total_points": 106, "visibility_pct": 31.132075471698112 }, "geometry": { "type": "Point", "coordinates": [ -0.782775302595851, 52.002403564667432 ] } },
{ "type": "Feature", "properties": { "visible_points": 43, "total_points": 111, "visibility_pct": 38.738738738738739 }, "geometry": { "type": "Point", "coordinates": [ -0.78257350443207, 52.00240148089069 ] } },
{ "type": "Feature", "properties": { "visible_points": 51, "total_points": 115, "visibility_pct": 44.347826086956523 }, "geometry": { "type": "Point", "coordinates": [ -0.782371706291597, 52.002399396768269 ] } },
{ "type": "Feature", "properties": { "visible_points": 53, "total_points": 118, "visibility_pct": 44.915254237288138 }, "geometry": { "type": "Point", "coordinates": [ -0.782169908174423, 52.002397312300189 ] } },
{ "type": "Feature", "properties": { "visible_points": 61, "total_points": 120, "visibility_pct": 50.833333333333329 }, "geometry": { "type": "Point", "coordinates": [ -0.781968110080566, 52.002395227486474 ] } },
{ "type": "Feature", "properties": { "visible_points": 58, "total_points": 120, "visibility_pct": 48.333333333333336 }, "geometry": { "type": "Point", "coordinates": [ -0.781766312010017, 52.002393142327094 ] } },
{ "type": "Feature", "properties": { "visible_points": 57, "total_points": 120, "visibility_pct": 47.5 }, "geometry": { "type": "Point", "coordinates": [ -0.781564513962796, 52.002391056822049 ] } },
{ "type": "Feature", "properties": { "visible_points": 59, "total_points": 120, "visibility_pct": 49.166666666666664 }, "geometry": { "type": "Point", "coordinates": [ -0.781362715938891, 52.002388970971353 ] } },
{ "type": "Feature", "properties": { "visible_points": 62, "total_points": 120, "visibility_pct": 51.666666666666671 }, "geometry": { "type": "Point", "coordinates": [ -0.78116091793831, 52.002386884775007 ] } },
{ "type": "Feature", "properties": { "visible_points": 52, "total_points": 120, "visibility_pct": 43.333333333333336 }, "geometry": { "type": "Point", "coordinates": [ -0.780959119961064, 52.002384798232995 ] } },
{ "type": "Feature", "properties": { "visible_points": 36, "total_points": 120, "visibility_pct": 30.0 }, "geometry": { "type": "Point", "coordinates": [ -0.780757322007144, 52.002382711345319 ] } },
{ "type": "Feature", "properties": { "visible_points": 25, "total_points": 120, "visibility_pct": 20.833333333333336 }, "geometry": { "type": "Point", "coordinates": [ -0.780555524076565, 52.002380624112 ] } },
{ "type": "Feature", "properties": { "visible_points": 0, "total_points": 119, "visibility_pct": 0.0 }, "geometry": { "type": "Point", "coordinates": [ -0.780353726169326, 52.00237853653303 ] } },
{ "type": "Feature", "properties": { "visible_points": 12, "total_points": 115, "visibility_pct": 10.434782608695652 }, "geometry": { "type": "Point", "coordinates": [ -0.780151928285436, 52.002376448608381 ] } },
{ "type": "Feature", "properties": { "visible_points": 0, "total_points": 104, "visibility_pct": 0.0 }, "geometry": { "type": "Point", "coordinates": [ -0.779950130424889, 52.002374360338095 ] } },
{ "type": "Feature", "properties": { "visible_points": 0, "total_points": 92, "visibility_pct": 0.0 }, "geometry": { "type": "Point", "coordinates": [ -0.779748332587698, 52.002372271722152 ] } },
{ "type": "Feature", "properties": { "visible_points": 1, "total_points": 79, "visibility_pct": 1.2658227848101267 }, "geometry": { "type": "Point", "coordinates": [ -0.779546534773855, 52.002370182760536 ] } },
{ "type": "Feature", "properties": { "visible_points": 7, "total_points": 82, "visibility_pct": 8.536585365853659 }, "geometry": { "type": "Point", "coordinates": [ -0.783882276251975, 52.002522884870139 ] } },
{ "type": "Feature", "properties": { "visible_points": 0, "total_points": 89, "visibility_pct": 0.0 }, "geometry": { "type": "Point", "coordinates": [ -0.783680477506034, 52.002520802985984 ] } },
{ "type": "Feature", "properties": { "visible_points": 2, "total_points": 95, "visibility_pct": 2.1052631578947367 }, "geometry": { "type": "Point", "coordinates": [ -0.783478678783385, 52.002518720756157 ] } },
{ "type": "Feature", "properties": { "visible_points": 0, "total_points": 100, "visibility_pct": 0.0 }, "geometry": { "type": "Point", "coordinates": [ -0.78327688008402, 52.002516638180701 ] } },
{ "type": "Feature", "properties": { "visible_points": 26, "total_points": 106, "visibility_pct": 24.528301886792452 }, "geometry": { "type": "Point", "coordinates": [ -0.783075081407944, 52.002514555259566 ] } },
{ "type": "Feature", "properties": { "visible_points": 43, "total_points": 111, "visibility_pct": 38.738738738738739 }, "geometry": { "type": "Point", "coordinates": [ -0.782873282755163, 52.002512471992773 ] } },
{ "type": "Feature", "properties": { "visible_points": 51, "total_points": 115, "visibility_pct": 44.347826086956523 }, "geometry": { "type": "Point", "coordinates": [ -0.782671484125679, 52.002510388380315 ] } },
{ "type": "Feature", "properties": { "visible_points": 57, "total_points": 118, "visibility_pct": 48.305084745762713 }, "geometry": { "type": "Point", "coordinates": [ -0.782469685519496, 52.0025083044222 ] } },
{ "type": "Feature", "properties": { "visible_points": 59, "total_points": 120, "visibility_pct": 49.166666666666664 }, "geometry": { "type": "Point", "coordinates": [ -0.782267886936623, 52.002506220118427 ] } },
{ "type": "Feature", "properties": { "visible_points": 62, "total_points": 120, "visibility_pct": 51.666666666666671 }, "geometry": { "type": "Point", "coordinates": [ -0.78206608837705, 52.002504135469003 ] } },
{ "type": "Feature", "properties": { "visible_points": 69, "total_points": 120, "visibility_pct": 57.5 }, "geometry": { "type": "Point", "coordinates": [ -0.7818642898408, 52.002502050473936 ] } },
{ "type": "Feature", "properties": { "visible_points": 65, "total_points": 120, "visibility_pct": 54.166666666666664 }, "geometry": { "type": "Point", "coordinates": [ -0.781662491327859, 52.002499965133175 ] } },
{ "type": "Feature", "properties": { "visible_points": 66, "total_points": 120, "visibility_pct": 55.000000000000007 }, "geometry": { "type": "Point", "coordinates": [ -0.781460692838242, 52.002497879446771 ] } },
{ "type": "Feature", "properties": { "visible_points": 64, "total_points": 120, "visibility_pct": 53.333333333333336 }, "geometry": { "type": "Point", "coordinates": [ -0.781258894371943, 52.002495793414717 ] } },
{ "type": "Feature", "properties": { "visible_points": 56, "total_points": 120, "visibility_pct": 46.666666666666664 }, "geometry": { "type": "Point", "coordinates": [ -0.781057095928982, 52.002493707037019 ] } },
{ "type": "Feature", "properties": { "visible_points": 57, "total_points": 120, "visibility_pct": 47.5 }, "geometry": { "type": "Point", "coordinates": [ -0.780855297509344, 52.002491620313634 ] } },
{ "type": "Feature", "properties": { "visible_points": 53, "total_points": 120, "visibility_pct": 44.166666666666664 }, "geometry": { "type": "Point", "coordinates": [ -0.780653499113046, 52.002489533244592 ] } },
{ "type": "Feature", "properties": { "visible_points": 48, "total_points": 120, "visibility_pct": 40.0 }, "geometry": { "type": "Point", "coordinates": [ -0.780451700740085, 52.002487445829907 ] } },
{ "type": "Feature", "properties": { "visible_points": 43, "total_points": 120, "visibility_pct": 35.833333333333336 }, "geometry": { "type": "Point", "coordinates": [ -0.780249902390465, 52.002485358069563 ] } },
{ "type": "Feature", "properties": { "visible_points": 37, "total_points": 113, "visibility_pct": 32.743362831858406 }, "geometry": { "type": "Point", "coordinates": [ -0.780048104064194, 52.002483269963562 ] } },
{ "type": "Feature", "properties": { "visible_points": 2, "total_points": 101, "visibility_pct": 1.9801980198019802 }, "geometry": { "type": "Point", "coordinates": [ -0.779846305761274, 52.002481181511889 ] } },
{ "type": "Feature", "properties": { "visible_points": 0, "total_points": 89, "visibility_pct": 0.0 }, "geometry": { "type": "Point", "coordinates": [ -0.779644507481708, 52.002479092714566 ] } },
{ "type": "Feature", "properties": { "visible_points": 0, "total_points": 76, "visibility_pct": 0.0 }, "geometry": { "type": "Point", "coordinates": [ -0.7794427092255, 52.002477003571592 ] } },
{ "type": "Feature", "properties": { "visible_points": 7, "total_points": 81, "visibility_pct": 8.6419753086419746 }, "geometry": { "type": "Point", "coordinates": [ -0.784182058417077, 52.002633872668071 ] } },
{ "type": "Feature", "properties": { "visible_points": 0, "total_points": 88, "visibility_pct": 0.0 }, "geometry": { "type": "Point", "coordinates": [ -0.783980259182166, 52.002631791293901 ] } },
{ "type": "Feature", "properties": { "visible_points": 0, "total_points": 95, "visibility_pct": 0.0 }, "geometry": { "type": "Point", "coordinates": [ -0.783778459970537, 52.002629709574045 ] } },
{ "type": "Feature", "properties": { "visible_points": 0, "total_points": 100, "visibility_pct": 0.0 }, "geometry": { "type": "Point", "coordinates": [ -0.783576660782188, 52.002627627508545 ] } },
{ "type": "Feature", "properties": { "visible_points": 0, "total_points": 106, "visibility_pct": 0.0 }, "geometry": { "type": "Point", "coordinates": [ -0.783374861617118, 52.002625545097388 ] } },
{ "type": "Feature", "properties": { "visible_points": 52, "total_points": 111, "visibility_pct": 46.846846846846844 }, "geometry": { "type": "Point", "coordinates": [ -0.783173062475342, 52.002623462340551 ] } },
{ "type": "Feature", "properties": { "visible_points": 59, "total_points": 115, "visibility_pct": 51.304347826086961 }, "geometry": { "type": "Point", "coordinates": [ -0.782971263356856, 52.002621379238086 ] } },
{ "type": "Feature", "properties": { "visible_points": 59, "total_points": 118, "visibility_pct": 50.0 }, "geometry": { "type": "Point", "coordinates": [ -0.782769464261666, 52.002619295789941 ] } },
{ "type": "Feature", "properties": { "visible_points": 64, "total_points": 120, "visibility_pct": 53.333333333333336 }, "geometry": { "type": "Point", "coordinates": [ -0.782567665189779, 52.002617211996125 ] } },
{ "type": "Feature", "properties": { "visible_points": 67, "total_points": 120, "visibility_pct": 55.833333333333336 }, "geometry": { "type": "Point", "coordinates": [ -0.78236586614119, 52.002615127856664 ] } },
{ "type": "Feature", "properties": { "visible_points": 64, "total_points": 120, "visibility_pct": 53.333333333333336 }, "geometry": { "type": "Point", "coordinates": [ -0.782164067115914, 52.002613043371539 ] } },
{ "type": "Feature", "properties": { "visible_points": 73, "total_points": 120, "visibility_pct": 60.833333333333329 }, "geometry": { "type": "Point", "coordinates": [ -0.781962268113946, 52.00261095854075 ] } },
{ "type": "Feature", "properties": { "visible_points": 76, "total_points": 120, "visibility_pct": 63.333333333333329 }, "geometry": { "type": "Point", "coordinates": [ -0.781760469135291, 52.002608873364316 ] } },
{ "type": "Feature", "properties": { "visible_points": 77, "total_points": 120, "visibility_pct": 64.166666666666671 }, "geometry": { "type": "Point", "coordinates": [ -0.781558670179956, 52.002606787842211 ] } },
{ "type": "Feature", "properties": { "visible_points": 74, "total_points": 120, "visibility_pct": 61.666666666666671 }, "geometry": { "type": "Point", "coordinates": [ -0.781356871247947, 52.002604701974441 ] } },
{ "type": "Feature", "properties": { "visible_points": 73, "total_points": 120, "visibility_pct": 60.833333333333329 }, "geometry": { "type": "Point", "coordinates": [ -0.781155072339259, 52.002602615761027 ] } },
{ "type": "Feature", "properties": { "visible_points": 67, "total_points": 120, "visibility_pct": 55.833333333333336 }, "geometry": { "type": "Point", "coordinates": [ -0.780953273453904, 52.002600529201928 ] } },
{ "type": "Feature", "properties": { "visible_points": 67, "total_points": 120, "visibility_pct": 55.833333333333336 }, "geometry": { "type": "Point", "coordinates": [ -0.78075147459188, 52.002598442297206 ] } },
{ "type": "Feature", "properties": { "visible_points": 51, "total_points": 120, "visibility_pct": 42.5 }, "geometry": { "type": "Point", "coordinates": [ -0.780549675753197, 52.002596355046805 ] } },
{ "type": "Feature", "properties": { "visible_points": 46, "total_points": 120, "visibility_pct": 38.333333333333336 }, "geometry": { "type": "Point", "coordinates": [ -0.780347876937853, 52.002594267450746 ] } },
{ "type": "Feature", "properties": { "visible_points": 41, "total_points": 117, "visibility_pct": 35.042735042735039 }, "geometry": { "type": "Point", "coordinates": [ -0.780146078145853, 52.00259217950903 ] } },
{ "type": "Feature", "properties": { "visible_points": 38, "total_points": 110, "visibility_pct": 34.545454545454547 }, "geometry": { "type": "Point", "coordinates": [ -0.779944279377203, 52.002590091221656 ] } },
{ "type": "Feature", "properties": { "visible_points": 25, "total_points": 98, "visibility_pct": 25.510204081632654 }, "geometry": { "type": "Point", "coordinates": [ -0.779742480631903, 52.002588002588624 ] } },
{ "type": "Feature", "properties": { "visible_points": 0, "total_points": 86, "visibility_pct": 0.0 }, "geometry": { "type": "Point", "coordinates": [ -0.779540681909965, 52.00258591360992 ] } },
{ "type": "Feature", "properties": { "visible_points": 6, "total_points": 80, "visibility_pct": 7.5 }, "geometry": { "type": "Point", "coordinates": [ -0.784481841979248, 52.002744859711719 ] } },
{ "type": "Feature", "properties": { "visible_points": 2, "total_points": 87, "visibility_pct": 2.2988505747126435 }, "geometry": { "type": "Point", "coordinates": [ -0.784280042255365, 52.002742778847512 ] } },
{ "type": "Feature", "properties": { "visible_points": 0, "total_points": 94, "visibility_pct": 0.0 }, "geometry": { "type": "Point", "coordinates": [ -0.784078242554759, 52.002740697637641 ] } },
{ "type": "Feature", "properties": { "visible_points": 1, "total_points": 100, "visibility_pct": 1.0 }, "geometry": { "type": "Point", "coordinates": [ -0.783876442877429, 52.002738616082134 ] } },
{ "type": "Feature", "properties": { "visible_points": 0, "total_points": 106, "visibility_pct": 0.0 }, "geometry": { "type": "Point", "coordinates": [ -0.783674643223374, 52.00273653418094 ] } },
{ "type": "Feature", "properties": { "visible_points": 49, "total_points": 111, "visibility_pct": 44.144144144144143 }, "geometry": { "type": "Point", "coordinates": [ -0.783472843592609, 52.002734451934067 ] } },
{ "type": "Feature", "properties": { "visible_points": 55, "total_points": 115, "visibility_pct": 47.826086956521742 }, "geometry": { "type": "Point", "coordinates": [ -0.783271043985126, 52.002732369341558 ] } },
{ "type": "Feature", "properties": { "visible_points": 62, "total_points": 118, "visibility_pct": 52.542372881355938 }, "geometry": { "type": "Point", "coordinates": [ -0.783069244400933, 52.002730286403384 ] } },
{ "type": "Feature", "properties": { "visible_points": 64, "total_points": 120, "visibility_pct": 53.333333333333336 }, "geometry": { "type": "Point", "coordinates": [ -0.782867444840037, 52.002728203119553 ] } },
{ "type": "Feature", "properties": { "visible_points": 64, "total_points": 120, "visibility_pct": 53.333333333333336 }, "geometry": { "type": "Point", "coordinates": [ -0.782665645302436, 52.002726119490049 ] } },
{ "type": "Feature", "properties": { "visible_points": 70, "total_points": 120, "visibility_pct": 58.333333333333336 }, "geometry": { "type": "Point", "coordinates": [ -0.782463845788141, 52.002724035514881 ] } },
{ "type": "Feature", "properties": { "visible_points": 73, "total_points": 120, "visibility_pct": 60.833333333333329 }, "geometry": { "type": "Point", "coordinates": [ -0.782262046297145, 52.002721951194076 ] } },
{ "type": "Feature", "properties": { "visible_points": 78, "total_points": 120, "visibility_pct": 65.0 }, "geometry": { "type": "Point", "coordinates": [ -0.782060246829464, 52.002719866527585 ] } },
{ "type": "Feature", "properties": { "visible_points": 86, "total_points": 120, "visibility_pct": 71.666666666666671 }, "geometry": { "type": "Point", "coordinates": [ -0.781858447385097, 52.002717781515436 ] } },
{ "type": "Feature", "properties": { "visible_points": 85, "total_points": 120, "visibility_pct": 70.833333333333343 }, "geometry": { "type": "Point", "coordinates": [ -0.781656647964041, 52.002715696157637 ] } },
{ "type": "Feature", "properties": { "visible_points": 84, "total_points": 120, "visibility_pct": 70.0 }, "geometry": { "type": "Point", "coordinates": [ -0.781454848566313, 52.002713610454165 ] } },
{ "type": "Feature", "properties": { "visible_points": 80, "total_points": 120, "visibility_pct": 66.666666666666657 }, "geometry": { "type": "Point", "coordinates": [ -0.781253049191903, 52.002711524405051 ] } },
{ "type": "Feature", "properties": { "visible_points": 79, "total_points": 120, "visibility_pct": 65.833333333333329 }, "geometry": { "type": "Point", "coordinates": [ -0.781051249840824, 52.002709438010278 ] } },
{ "type": "Feature", "properties": { "visible_points": 74, "total_points": 120, "visibility_pct": 61.666666666666671 }, "geometry": { "type": "Point", "coordinates": [ -0.78084945051308, 52.002707351269812 ] } },
{ "type": "Feature", "properties": { "visible_points": 69, "total_points": 120, "visibility_pct": 57.5 }, "geometry": { "type": "Point", "coordinates": [ -0.780647651208666, 52.002705264183724 ] } },
{ "type": "Feature", "properties": { "visible_points": 57, "total_points": 120, "visibility_pct": 47.5 }, "geometry": { "type": "Point", "coordinates": [ -0.780445851927594, 52.00270317675195 ] } },
{ "type": "Feature", "properties": { "visible_points": 46, "total_points": 119, "visibility_pct": 38.655462184873954 }, "geometry": { "type": "Point", "coordinates": [ -0.780244052669863, 52.002701088974518 ] } },
{ "type": "Feature", "properties": { "visible_points": 42, "total_points": 113, "visibility_pct": 37.168141592920357 }, "geometry": { "type": "Point", "coordinates": [ -0.780042253435483, 52.002699000851436 ] } },
{ "type": "Feature", "properties": { "visible_points": 38, "total_points": 105, "visibility_pct": 36.19047619047619 }, "geometry": { "type": "Point", "coordinates": [ -0.77984045422445, 52.002696912382682 ] } },
{ "type": "Feature", "properties": { "visible_points": 3, "total_points": 94, "visibility_pct": 3.1914893617021276 }, "geometry": { "type": "Point", "coordinates": [ -0.779638655036773, 52.002694823568291 ] } },
{ "type": "Feature", "properties": { "visible_points": 4, "total_points": 79, "visibility_pct": 5.0632911392405067 }, "geometry": { "type": "Point", "coordinates": [ -0.784781627111058, 52.002855846016416 ] } },
{ "type": "Feature", "properties": { "visible_points": 0, "total_points": 86, "visibility_pct": 0.0 }, "geometry": { "type": "Point", "coordinates": [ -0.784579826725633, 52.002853765646826 ] } },
{ "type": "Feature", "properties": { "visible_points": 0, "total_points": 93, "visibility_pct": 0.0 }, "geometry": { "type": "Point", "coordinates": [ -0.784378026536058, 52.002851684946933 ] } },
{ "type": "Feature", "properties": { "visible_points": 5, "total_points": 99, "visibility_pct": 5.0505050505050502 }, "geometry": { "type": "Point", "coordinates": [ -0.784176226369752, 52.002849603901396 ] } },
{ "type": "Feature", "properties": { "visible_points": 22, "total_points": 105, "visibility_pct": 20.952380952380953 }, "geometry": { "type": "Point", "coordinates": [ -0.783974426226717, 52.002847522510187 ] } },
{ "type": "Feature", "properties": { "visible_points": 42, "total_points": 111, "visibility_pct": 37.837837837837839 }, "geometry": { "type": "Point", "coordinates": [ -0.783772626106963, 52.002845440773307 ] } },
{ "type": "Feature", "properties": { "visible_points": 48, "total_points": 115, "visibility_pct": 41.739130434782609 }, "geometry": { "type": "Point", "coordinates": [ -0.783570826010489, 52.002843358690761 ] } },
{ "type": "Feature", "properties": { "visible_points": 53, "total_points": 118, "visibility_pct": 44.915254237288138 }, "geometry": { "type": "Point", "coordinates": [ -0.783369025937296, 52.002841276262558 ] } },
{ "type": "Feature", "properties": { "visible_points": 64, "total_points": 120, "visibility_pct": 53.333333333333336 }, "geometry": { "type": "Point", "coordinates": [ -0.783167225887399, 52.002839193488704 ] } },
{ "type": "Feature", "properties": { "visible_points": 65, "total_points": 120, "visibility_pct": 54.166666666666664 }, "geometry": { "type": "Point", "coordinates": [ -0.782965425860791, 52.002837110369164 ] } },
{ "type": "Feature", "properties": { "visible_points": 66, "total_points": 120, "visibility_pct": 55.000000000000007 }, "geometry": { "type": "Point", "coordinates": [ -0.782763625857479, 52.002835026903973 ] } },
{ "type": "Feature", "properties": { "visible_points": 72, "total_points": 120, "visibility_pct": 60.0 }, "geometry": { "type": "Point", "coordinates": [ -0.782561825877469, 52.002832943093118 ] } },
{ "type": "Feature", "properties": { "visible_points": 75, "total_points": 120, "visibility_pct": 62.5 }, "geometry": { "type": "Point", "coordinates": [ -0.782360025920764, 52.002830858936598 ] } },
{ "type": "Feature", "properties": { "visible_points": 80, "total_points": 120, "visibility_pct": 66.666666666666657 }, "geometry": { "type": "Point", "coordinates": [ -0.78215822598736, 52.002828774434427 ] } },
{ "type": "Feature", "properties": { "visible_points": 84, "total_points": 120, "visibility_pct": 70.0 }, "geometry": { "type": "Point", "coordinates": [ -0.781956426077274, 52.002826689586577 ] } },
{ "type": "Feature", "properties": { "visible_points": 86, "total_points": 120, "visibility_pct": 71.666666666666671 }, "geometry": { "type": "Point", "coordinates": [ -0.781754626190501, 52.002824604393076 ] } },
{ "type": "Feature", "properties": { "visible_points": 85, "total_points": 120, "visibility_pct": 70.833333333333343 }, "geometry": { "type": "Point", "coordinates": [ -0.78155282632705, 52.002822518853932 ] } },
{ "type": "Feature", "properties": { "visible_points": 86, "total_points": 120, "visibility_pct": 71.666666666666671 }, "geometry": { "type": "Point", "coordinates": [ -0.781351026486919, 52.002820432969095 ] } },
{ "type": "Feature", "properties": { "visible_points": 90, "total_points": 120, "visibility_pct": 75.0 }, "geometry": { "type": "Point", "coordinates": [ -0.781149226670111, 52.002818346738586 ] } },
{ "type": "Feature", "properties": { "visible_points": 89, "total_points": 120, "visibility_pct": 74.166666666666671 }, "geometry": { "type": "Point", "coordinates": [ -0.780947426876638, 52.002816260162447 ] } },
{ "type": "Feature", "properties": { "visible_points": 77, "total_points": 120, "visibility_pct": 64.166666666666671 }, "geometry": { "type": "Point", "coordinates": [ -0.780745627106499, 52.002814173240623 ] } },
{ "type": "Feature", "properties": { "visible_points": 64, "total_points": 120, "visibility_pct": 53.333333333333336 }, "geometry": { "type": "Point", "coordinates": [ -0.780543827359694, 52.002812085973162 ] } },
{ "type": "Feature", "properties": { "visible_points": 59, "total_points": 120, "visibility_pct": 49.166666666666664 }, "geometry": { "type": "Point", "coordinates": [ -0.780342027636237, 52.002809998360021 ] } },
{ "type": "Feature", "properties": { "visible_points": 48, "total_points": 116, "visibility_pct": 41.379310344827587 }, "geometry": { "type": "Point", "coordinates": [ -0.780140227936116, 52.002807910401231 ] } },
{ "type": "Feature", "properties": { "visible_points": 42, "total_points": 109, "visibility_pct": 38.532110091743121 }, "geometry": { "type": "Point", "coordinates": [ -0.779938428259354, 52.002805822096761 ] } },
{ "type": "Feature", "properties": { "visible_points": 2, "total_points": 100, "visibility_pct": 2.0 }, "geometry": { "type": "Point", "coordinates": [ -0.779736628605936, 52.00280373344664 ] } },
{ "type": "Feature", "properties": { "visible_points": 0, "total_points": 89, "visibility_pct": 0.0 }, "geometry": { "type": "Point", "coordinates": [ -0.779534828975883, 52.002801644450869 ] } },
{ "type": "Feature", "properties": { "visible_points": 3, "total_points": 78, "visibility_pct": 3.8461538461538463 }, "geometry": { "type": "Point", "coordinates": [ -0.785081417964496, 52.002966832427106 ] } },
{ "type": "Feature", "properties": { "visible_points": 0, "total_points": 85, "visibility_pct": 0.0 }, "geometry": { "type": "Point", "coordinates": [ -0.784879613741441, 52.002964751835357 ] } },
{ "type": "Feature", "properties": { "visible_points": 0, "total_points": 92, "visibility_pct": 0.0 }, "geometry": { "type": "Point", "coordinates": [ -0.784677811914432, 52.002962671501919 ] } },
{ "type": "Feature", "properties": { "visible_points": 0, "total_points": 98, "visibility_pct": 0.0 }, "geometry": { "type": "Point", "coordinates": [ -0.784476011259152, 52.002960590966353 ] } },
{ "type": "Feature", "properties": { "visible_points": 0, "total_points": 104, "visibility_pct": 0.0 }, "geometry": { "type": "Point", "coordinates": [ -0.784274210627142, 52.002958510085122 ] } },
{ "type": "Feature", "properties": { "visible_points": 34, "total_points": 110, "visibility_pct": 30.909090909090907 }, "geometry": { "type": "Point", "coordinates": [ -0.78407241001841, 52.002956428858241 ] } },
{ "type": "Feature", "properties": { "visible_points": 40, "total_points": 115, "visibility_pct": 34.782608695652172 }, "geometry": { "type": "Point", "coordinates": [ -0.783870609432942, 52.002954347285673 ] } },
{ "type": "Feature", "properties": { "visible_points": 45, "total_points": 118, "visibility_pct": 38.135593220338983 }, "geometry": { "type": "Point", "coordinates": [ -0.783668808870766, 52.002952265367433 ] } },
{ "type": "Feature", "properties": { "visible_points": 49, "total_points": 120, "visibility_pct": 40.833333333333336 }, "geometry": { "type": "Point", "coordinates": [ -0.783467008331865, 52.002950183103543 ] } },
{ "type": "Feature", "properties": { "visible_points": 56, "total_points": 120, "visibility_pct": 46.666666666666664 }, "geometry": { "type": "Point", "coordinates": [ -0.783265207816257, 52.002948100493995 ] } },
{ "type": "Feature", "properties": { "visible_points": 64, "total_points": 120, "visibility_pct": 53.333333333333336 }, "geometry": { "type": "Point", "coordinates": [ -0.783063407323932, 52.002946017538768 ] } },
{ "type": "Feature", "properties": { "visible_points": 70, "total_points": 120, "visibility_pct": 58.333333333333336 }, "geometry": { "type": "Point", "coordinates": [ -0.782861606854914, 52.002943934237905 ] } },
{ "type": "Feature", "properties": { "visible_points": 72, "total_points": 120, "visibility_pct": 60.0 }, "geometry": { "type": "Point", "coordinates": [ -0.782659806409182, 52.002941850591348 ] } },
{ "type": "Feature", "properties": { "visible_points": 71, "total_points": 120, "visibility_pct": 59.166666666666664 }, "geometry": { "type": "Point", "coordinates": [ -0.782458005986763, 52.002939766599134 ] } },
{ "type": "Feature", "properties": { "visible_points": 77, "total_points": 120, "visibility_pct": 64.166666666666671 }, "geometry": { "type": "Point", "coordinates": [ -0.782256205587639, 52.002937682261269 ] } },
{ "type": "Feature", "properties": { "visible_points": 82, "total_points": 120, "visibility_pct": 68.333333333333329 }, "geometry": { "type": "Point", "coordinates": [ -0.782054405211832, 52.002935597577718 ] } },
{ "type": "Feature", "properties": { "visible_points": 85, "total_points": 120, "visibility_pct": 70.833333333333343 }, "geometry": { "type": "Point", "coordinates": [ -0.781852604859336, 52.002933512548523 ] } },
{ "type": "Feature", "properties": { "visible_points": 86, "total_points": 120, "visibility_pct": 71.666666666666671 }, "geometry": { "type": "Point", "coordinates": [ -0.781650804530162, 52.002931427173664 ] } },
{ "type": "Feature", "properties": { "visible_points": 87, "total_points": 120, "visibility_pct": 72.5 }, "geometry": { "type": "Point", "coordinates": [ -0.781449004224301, 52.002929341453132 ] } },
{ "type": "Feature", "properties": { "visible_points": 91, "total_points": 120, "visibility_pct": 75.833333333333329 }, "geometry": { "type": "Point", "coordinates": [ -0.781247203941772, 52.002927255386943 ] } },
{ "type": "Feature", "properties": { "visible_points": 90, "total_points": 120, "visibility_pct": 75.0 }, "geometry": { "type": "Point", "coordinates": [ -0.781045403682566, 52.002925168975082 ] } },
{ "type": "Feature", "properties": { "visible_points": 84, "total_points": 120, "visibility_pct": 70.0 }, "geometry": { "type": "Point", "coordinates": [ -0.780843603446697, 52.002923082217563 ] } },
{ "type": "Feature", "properties": { "visible_points": 75, "total_points": 120, "visibility_pct": 62.5 }, "geometry": { "type": "Point", "coordinates": [ -0.780641803234159, 52.00292099511438 ] } },
{ "type": "Feature", "properties": { "visible_points": 65, "total_points": 120, "visibility_pct": 54.166666666666664 }, "geometry": { "type": "Point", "coordinates": [ -0.780440003044965, 52.002918907665538 ] } },
{ "type": "Feature", "properties": { "visible_points": 58, "total_points": 118, "visibility_pct": 49.152542372881356 }, "geometry": { "type": "Point", "coordinates": [ -0.780238202879113, 52.002916819871032 ] } },
{ "type": "Feature", "properties": { "visible_points": 44, "total_points": 113, "visibility_pct": 38.938053097345133 }, "geometry": { "type": "Point", "coordinates": [ -0.78003640273661, 52.002914731730868 ] } },
{ "type": "Feature", "properties": { "visible_points": 33, "total_points": 105, "visibility_pct": 31.428571428571427 }, "geometry": { "type": "Point", "coordinates": [ -0.779834602617456, 52.002912643245025 ] } },
{ "type": "Feature", "properties": { "visible_points": 2, "total_points": 95, "visibility_pct": 2.1052631578947367 }, "geometry": { "type": "Point", "coordinates": [ -0.779632802521658, 52.002910554413546 ] } },
{ "type": "Feature", "properties": { "visible_points": 6, "total_points": 72, "visibility_pct": 8.3333333333333321 }, "geometry": { "type": "Point", "coordinates": [ -0.785381212272743, 52.00307781841817 ] } },
{ "type": "Feature", "properties": { "visible_points": 2, "total_points": 83, "visibility_pct": 2.4096385542168677 }, "geometry": { "type": "Point", "coordinates": [ -0.785179406698922, 52.003075738264464 ] } },
{ "type": "Feature", "properties": { "visible_points": 1, "total_points": 91, "visibility_pct": 1.098901098901099 }, "geometry": { "type": "Point", "coordinates": [ -0.784977601149946, 52.00307365776483 ] } },
{ "type": "Feature", "properties": { "visible_points": 2, "total_points": 97, "visibility_pct": 2.0618556701030926 }, "geometry": { "type": "Point", "coordinates": [ -0.78477579766502, 52.003071577286441 ] } },
{ "type": "Feature", "properties": { "visible_points": 1, "total_points": 103, "visibility_pct": 0.97087378640776689 }, "geometry": { "type": "Point", "coordinates": [ -0.784573996424655, 52.003069496905759 ] } },
{ "type": "Feature", "properties": { "visible_points": 24, "total_points": 109, "visibility_pct": 22.018348623853214 }, "geometry": { "type": "Point", "coordinates": [ -0.784372195326943, 52.003067416188834 ] } },
{ "type": "Feature", "properties": { "visible_points": 33, "total_points": 114, "visibility_pct": 28.947368421052634 }, "geometry": { "type": "Point", "coordinates": [ -0.784170394252504, 52.003065335126252 ] } },
{ "type": "Feature", "properties": { "visible_points": 38, "total_points": 118, "visibility_pct": 32.20338983050847 }, "geometry": { "type": "Point", "coordinates": [ -0.783968593201328, 52.003063253718018 ] } },
{ "type": "Feature", "properties": { "visible_points": 42, "total_points": 119, "visibility_pct": 35.294117647058826 }, "geometry": { "type": "Point", "coordinates": [ -0.783766792173443, 52.003061171964106 ] } },
{ "type": "Feature", "properties": { "visible_points": 47, "total_points": 118, "visibility_pct": 39.83050847457627 }, "geometry": { "type": "Point", "coordinates": [ -0.78356499116883, 52.003059089864536 ] } },
{ "type": "Feature", "properties": { "visible_points": 56, "total_points": 117, "visibility_pct": 47.863247863247864 }, "geometry": { "type": "Point", "coordinates": [ -0.783363190187512, 52.003057007419301 ] } },
{ "type": "Feature", "properties": { "visible_points": 64, "total_points": 117, "visibility_pct": 54.700854700854705 }, "geometry": { "type": "Point", "coordinates": [ -0.783161389229472, 52.003054924628394 ] } },
{ "type": "Feature", "properties": { "visible_points": 61, "total_points": 117, "visibility_pct": 52.136752136752143 }, "geometry": { "type": "Point", "coordinates": [ -0.782959588294732, 52.003052841491815 ] } },
{ "type": "Feature", "properties": { "visible_points": 70, "total_points": 118, "visibility_pct": 59.322033898305079 }, "geometry": { "type": "Point", "coordinates": [ -0.782757787383286, 52.003050758009586 ] } },
{ "type": "Feature", "properties": { "visible_points": 80, "total_points": 119, "visibility_pct": 67.226890756302524 }, "geometry": { "type": "Point", "coordinates": [ -0.782555986495145, 52.003048674181677 ] } },
{ "type": "Feature", "properties": { "visible_points": 73, "total_points": 120, "visibility_pct": 60.833333333333329 }, "geometry": { "type": "Point", "coordinates": [ -0.782354185630307, 52.003046590008118 ] } },
{ "type": "Feature", "properties": { "visible_points": 76, "total_points": 120, "visibility_pct": 63.333333333333329 }, "geometry": { "type": "Point", "coordinates": [ -0.782152384788772, 52.003044505488866 ] } },
{ "type": "Feature", "properties": { "visible_points": 77, "total_points": 120, "visibility_pct": 64.166666666666671 }, "geometry": { "type": "Point", "coordinates": [ -0.781950583970557, 52.00304242062397 ] } },
{ "type": "Feature", "properties": { "visible_points": 80, "total_points": 120, "visibility_pct": 66.666666666666657 }, "geometry": { "type": "Point", "coordinates": [ -0.781748783175646, 52.003040335413409 ] } },
{ "type": "Feature", "properties": { "visible_points": 86, "total_points": 120, "visibility_pct": 71.666666666666671 }, "geometry": { "type": "Point", "coordinates": [ -0.781546982404063, 52.003038249857177 ] } },
{ "type": "Feature", "properties": { "visible_points": 90, "total_points": 120, "visibility_pct": 75.0 }, "geometry": { "type": "Point", "coordinates": [ -0.781345181655808, 52.003036163955294 ] } },
{ "type": "Feature", "properties": { "visible_points": 93, "total_points": 120, "visibility_pct": 77.5 }, "geometry": { "type": "Point", "coordinates": [ -0.781143380930865, 52.003034077707724 ] } },
{ "type": "Feature", "properties": { "visible_points": 90, "total_points": 120, "visibility_pct": 75.0 }, "geometry": { "type": "Point", "coordinates": [ -0.780941580229267, 52.003031991114504 ] } },
{ "type": "Feature", "properties": { "visible_points": 86, "total_points": 120, "visibility_pct": 71.666666666666671 }, "geometry": { "type": "Point", "coordinates": [ -0.780739779550992, 52.003029904175627 ] } },
{ "type": "Feature", "properties": { "visible_points": 73, "total_points": 120, "visibility_pct": 60.833333333333329 }, "geometry": { "type": "Point", "coordinates": [ -0.780537978896064, 52.003027816891084 ] } },
{ "type": "Feature", "properties": { "visible_points": 62, "total_points": 120, "visibility_pct": 51.666666666666671 }, "geometry": { "type": "Point", "coordinates": [ -0.780336178264473, 52.00302572926087 ] } },
{ "type": "Feature", "properties": { "visible_points": 51, "total_points": 116, "visibility_pct": 43.96551724137931 }, "geometry": { "type": "Point", "coordinates": [ -0.780134377656227, 52.00302364128499 ] } },
{ "type": "Feature", "properties": { "visible_points": 43, "total_points": 110, "visibility_pct": 39.090909090909093 }, "geometry": { "type": "Point", "coordinates": [ -0.779932577071338, 52.003021552963425 ] } },
{ "type": "Feature", "properties": { "visible_points": 0, "total_points": 101, "visibility_pct": 0.0 }, "geometry": { "type": "Point", "coordinates": [ -0.77973077650979, 52.003019464296223 ] } },
{ "type": "Feature", "properties": { "visible_points": 3, "total_points": 92, "visibility_pct": 3.2608695652173911 }, "geometry": { "type": "Point", "coordinates": [ -0.779528975971609, 52.003017375283349 ] } },
{ "type": "Feature", "properties": { "visible_points": 0, "total_points": 72, "visibility_pct": 0.0 }, "geometry": { "type": "Point", "coordinates": [ -0.785479201997723, 52.003186723998112 ] } },
{ "type": "Feature", "properties": { "visible_points": 0, "total_points": 84, "visibility_pct": 0.0 }, "geometry": { "type": "Point", "coordinates": [ -0.785277395916188, 52.003184644015377 ] } },
{ "type": "Feature", "properties": { "visible_points": 0, "total_points": 95, "visibility_pct": 0.0 }, "geometry": { "type": "Point", "coordinates": [ -0.785075589859493, 52.003182563686742 ] } },
{ "type": "Feature", "properties": { "visible_points": 0, "total_points": 102, "visibility_pct": 0.0 }, "geometry": { "type": "Point", "coordinates": [ -0.784873784718484, 52.003180483095306 ] } },
{ "type": "Feature", "properties": { "visible_points": 3, "total_points": 107, "visibility_pct": 2.8037383177570092 }, "geometry": { "type": "Point", "coordinates": [ -0.784671982032572, 52.003178402765137 ] } },
{ "type": "Feature", "properties": { "visible_points": 1, "total_points": 111, "visibility_pct": 0.90090090090090091 }, "geometry": { "type": "Point", "coordinates": [ -0.784470180469153, 52.003176322212546 ] } },
{ "type": "Feature", "properties": { "visible_points": 25, "total_points": 115, "visibility_pct": 21.739130434782609 }, "geometry": { "type": "Point", "coordinates": [ -0.784268378929, 52.003174241314277 ] } },
{ "type": "Feature", "properties": { "visible_points": 32, "total_points": 116, "visibility_pct": 27.586206896551722 }, "geometry": { "type": "Point", "coordinates": [ -0.784066577412124, 52.003172160070363 ] } },
{ "type": "Feature", "properties": { "visible_points": 40, "total_points": 114, "visibility_pct": 35.087719298245609 }, "geometry": { "type": "Point", "coordinates": [ -0.783864775918521, 52.003170078480764 ] } },
{ "type": "Feature", "properties": { "visible_points": 44, "total_points": 113, "visibility_pct": 38.938053097345133 }, "geometry": { "type": "Point", "coordinates": [ -0.783662974448199, 52.003167996545507 ] } },
{ "type": "Feature", "properties": { "visible_points": 46, "total_points": 113, "visibility_pct": 40.707964601769916 }, "geometry": { "type": "Point", "coordinates": [ -0.78346117300116, 52.003165914264578 ] } },
{ "type": "Feature", "properties": { "visible_points": 55, "total_points": 113, "visibility_pct": 48.672566371681413 }, "geometry": { "type": "Point", "coordinates": [ -0.783259371577411, 52.003163831637998 ] } },
{ "type": "Feature", "properties": { "visible_points": 58, "total_points": 114, "visibility_pct": 50.877192982456144 }, "geometry": { "type": "Point", "coordinates": [ -0.783057570176947, 52.003161748665725 ] } },
{ "type": "Feature", "properties": { "visible_points": 62, "total_points": 115, "visibility_pct": 53.913043478260867 }, "geometry": { "type": "Point", "coordinates": [ -0.782855768799787, 52.003159665347802 ] } },
{ "type": "Feature", "properties": { "visible_points": 67, "total_points": 116, "visibility_pct": 57.758620689655174 }, "geometry": { "type": "Point", "coordinates": [ -0.782653967445918, 52.003157581684206 ] } },
{ "type": "Feature", "properties": { "visible_points": 70, "total_points": 118, "visibility_pct": 59.322033898305079 }, "geometry": { "type": "Point", "coordinates": [ -0.782452166115358, 52.003155497674946 ] } },
{ "type": "Feature", "properties": { "visible_points": 70, "total_points": 119, "visibility_pct": 58.82352941176471 }, "geometry": { "type": "Point", "coordinates": [ -0.782250364808101, 52.003153413320014 ] } },
{ "type": "Feature", "properties": { "visible_points": 74, "total_points": 120, "visibility_pct": 61.666666666666671 }, "geometry": { "type": "Point", "coordinates": [ -0.782048563524153, 52.003151328619424 ] } },
{ "type": "Feature", "properties": { "visible_points": 74, "total_points": 120, "visibility_pct": 61.666666666666671 }, "geometry": { "type": "Point", "coordinates": [ -0.781846762263522, 52.003149243573162 ] } },
{ "type": "Feature", "properties": { "visible_points": 78, "total_points": 120, "visibility_pct": 65.0 }, "geometry": { "type": "Point", "coordinates": [ -0.781644961026209, 52.00314715818125 ] } },
{ "type": "Feature", "properties": { "visible_points": 82, "total_points": 120, "visibility_pct": 68.333333333333329 }, "geometry": { "type": "Point", "coordinates": [ -0.781443159812213, 52.003145072443658 ] } },
{ "type": "Feature", "properties": { "visible_points": 84, "total_points": 120, "visibility_pct": 70.0 }, "geometry": { "type": "Point", "coordinates": [ -0.781241358621545, 52.00314298636038 ] } },
{ "type": "Feature", "properties": { "visible_points": 90, "total_points": 120, "visibility_pct": 75.0 }, "geometry": { "type": "Point", "coordinates": [ -0.781039557454203, 52.003140899931466 ] } },
{ "type": "Feature", "properties": { "visible_points": 85, "total_points": 120, "visibility_pct": 70.833333333333343 }, "geometry": { "type": "Point", "coordinates": [ -0.780837756310202, 52.003138813156866 ] } },
{ "type": "Feature", "properties": { "visible_points": 79, "total_points": 120, "visibility_pct": 65.833333333333329 }, "geometry": { "type": "Point", "coordinates": [ -0.780635955189526, 52.003136726036615 ] } },
{ "type": "Feature", "properties": { "visible_points": 70, "total_points": 120, "visibility_pct": 58.333333333333336 }, "geometry": { "type": "Point", "coordinates": [ -0.780434154092199, 52.003134638570693 ] } },
{ "type": "Feature", "properties": { "visible_points": 57, "total_points": 119, "visibility_pct": 47.899159663865547 }, "geometry": { "type": "Point", "coordinates": [ -0.780232353018213, 52.003132550759098 ] } },
{ "type": "Feature", "properties": { "visible_points": 49, "total_points": 114, "visibility_pct": 42.982456140350877 }, "geometry": { "type": "Point", "coordinates": [ -0.780030551967576, 52.003130462601852 ] } },
{ "type": "Feature", "properties": { "visible_points": 5, "total_points": 107, "visibility_pct": 4.6728971962616823 }, "geometry": { "type": "Point", "coordinates": [ -0.779828750940286, 52.003128374098935 ] } },
{ "type": "Feature", "properties": { "visible_points": 2, "total_points": 99, "visibility_pct": 2.0202020202020203 }, "geometry": { "type": "Point", "coordinates": [ -0.77962694993636, 52.00312628525036 ] } },
{ "type": "Feature", "properties": { "visible_points": 0, "total_points": 89, "visibility_pct": 0.0 }, "geometry": { "type": "Point", "coordinates": [ -0.779425148955781, 52.003124196056099 ] } },
{ "type": "Feature", "properties": { "visible_points": 5, "total_points": 58, "visibility_pct": 8.6206896551724146 }, "geometry": { "type": "Point", "coordinates": [ -0.785778998819651, 52.003297708957447 ] } },
{ "type": "Feature", "properties": { "visible_points": 0, "total_points": 70, "visibility_pct": 0.0 }, "geometry": { "type": "Point", "coordinates": [ -0.785577192205554, 52.003295629491618 ] } },
{ "type": "Feature", "properties": { "visible_points": 0, "total_points": 82, "visibility_pct": 0.0 }, "geometry": { "type": "Point", "coordinates": [ -0.785375385616296, 52.003293549679881 ] } },
{ "type": "Feature", "properties": { "visible_points": 0, "total_points": 95, "visibility_pct": 0.0 }, "geometry": { "type": "Point", "coordinates": [ -0.785173579051886, 52.00329146952221 ] } },
{ "type": "Feature", "properties": { "visible_points": 3, "total_points": 106, "visibility_pct": 2.8301886792452833 }, "geometry": { "type": "Point", "coordinates": [ -0.784971772512321, 52.003289389018626 ] } },
{ "type": "Feature", "properties": { "visible_points": 2, "total_points": 109, "visibility_pct": 1.834862385321101 }, "geometry": { "type": "Point", "coordinates": [ -0.784769968146967, 52.003287308548188 ] } },
{ "type": "Feature", "properties": { "visible_points": 4, "total_points": 112, "visibility_pct": 3.5714285714285712 }, "geometry": { "type": "Point", "coordinates": [ -0.784568166053777, 52.00328522815623 ] } },
{ "type": "Feature", "properties": { "visible_points": 2, "total_points": 113, "visibility_pct": 1.7699115044247788 }, "geometry": { "type": "Point", "coordinates": [ -0.784366364047917, 52.003283147422302 ] } },
{ "type": "Feature", "properties": { "visible_points": 27, "total_points": 111, "visibility_pct": 24.324324324324326 }, "geometry": { "type": "Point", "coordinates": [ -0.784164562065325, 52.003281066342694 ] } },
{ "type": "Feature", "properties": { "visible_points": 36, "total_points": 108, "visibility_pct": 33.333333333333329 }, "geometry": { "type": "Point", "coordinates": [ -0.78396276010601, 52.003278984917415 ] } },
{ "type": "Feature", "properties": { "visible_points": 38, "total_points": 106, "visibility_pct": 35.849056603773583 }, "geometry": { "type": "Point", "coordinates": [ -0.783760958169972, 52.003276903146478 ] } },
{ "type": "Feature", "properties": { "visible_points": 41, "total_points": 106, "visibility_pct": 38.679245283018872 }, "geometry": { "type": "Point", "coordinates": [ -0.783559156257216, 52.003274821029855 ] } },
{ "type": "Feature", "properties": { "visible_points": 46, "total_points": 107, "visibility_pct": 42.990654205607477 }, "geometry": { "type": "Point", "coordinates": [ -0.783357354367747, 52.003272738567581 ] } },
{ "type": "Feature", "properties": { "visible_points": 48, "total_points": 109, "visibility_pct": 44.036697247706428 }, "geometry": { "type": "Point", "coordinates": [ -0.783155552501565, 52.003270655759643 ] } },
{ "type": "Feature", "properties": { "visible_points": 45, "total_points": 110, "visibility_pct": 40.909090909090914 }, "geometry": { "type": "Point", "coordinates": [ -0.782953750658681, 52.003268572606025 ] } },
{ "type": "Feature", "properties": { "visible_points": 54, "total_points": 112, "visibility_pct": 48.214285714285715 }, "geometry": { "type": "Point", "coordinates": [ -0.782751948839091, 52.003266489106736 ] } },
{ "type": "Feature", "properties": { "visible_points": 66, "total_points": 114, "visibility_pct": 57.894736842105267 }, "geometry": { "type": "Point", "coordinates": [ -0.782550147042805, 52.003264405261795 ] } },
{ "type": "Feature", "properties": { "visible_points": 63, "total_points": 117, "visibility_pct": 53.846153846153847 }, "geometry": { "type": "Point", "coordinates": [ -0.782348345269819, 52.003262321071155 ] } },
{ "type": "Feature", "properties": { "visible_points": 62, "total_points": 119, "visibility_pct": 52.100840336134461 }, "geometry": { "type": "Point", "coordinates": [ -0.782146543520143, 52.003260236534878 ] } },
{ "type": "Feature", "properties": { "visible_points": 66, "total_points": 120, "visibility_pct": 55.000000000000007 }, "geometry": { "type": "Point", "coordinates": [ -0.781944741793778, 52.003258151652915 ] } },
{ "type": "Feature", "properties": { "visible_points": 68, "total_points": 120, "visibility_pct": 56.666666666666664 }, "geometry": { "type": "Point", "coordinates": [ -0.781742940090734, 52.003256066425301 ] } },
{ "type": "Feature", "properties": { "visible_points": 73, "total_points": 120, "visibility_pct": 60.833333333333329 }, "geometry": { "type": "Point", "coordinates": [ -0.781541138411007, 52.003253980852001 ] } },
{ "type": "Feature", "properties": { "visible_points": 81, "total_points": 120, "visibility_pct": 67.5 }, "geometry": { "type": "Point", "coordinates": [ -0.781339336754601, 52.003251894933051 ] } },
{ "type": "Feature", "properties": { "visible_points": 83, "total_points": 120, "visibility_pct": 69.166666666666671 }, "geometry": { "type": "Point", "coordinates": [ -0.781137535121527, 52.003249808668421 ] } },
{ "type": "Feature", "properties": { "visible_points": 80, "total_points": 120, "visibility_pct": 66.666666666666657 }, "geometry": { "type": "Point", "coordinates": [ -0.780935733511779, 52.003247722058127 ] } },
{ "type": "Feature", "properties": { "visible_points": 80, "total_points": 120, "visibility_pct": 66.666666666666657 }, "geometry": { "type": "Point", "coordinates": [ -0.780733931925369, 52.003245635102168 ] } },
{ "type": "Feature", "properties": { "visible_points": 72, "total_points": 120, "visibility_pct": 60.0 }, "geometry": { "type": "Point", "coordinates": [ -0.780532130362297, 52.003243547800537 ] } },
{ "type": "Feature", "properties": { "visible_points": 63, "total_points": 120, "visibility_pct": 52.5 }, "geometry": { "type": "Point", "coordinates": [ -0.780330328822565, 52.003241460153255 ] } },
{ "type": "Feature", "properties": { "visible_points": 51, "total_points": 118, "visibility_pct": 43.220338983050851 }, "geometry": { "type": "Point", "coordinates": [ -0.780128527306184, 52.003239372160294 ] } },
{ "type": "Feature", "properties": { "visible_points": 28, "total_points": 112, "visibility_pct": 25.0 }, "geometry": { "type": "Point", "coordinates": [ -0.779926725813148, 52.003237283821647 ] } },
{ "type": "Feature", "properties": { "visible_points": 0, "total_points": 105, "visibility_pct": 0.0 }, "geometry": { "type": "Point", "coordinates": [ -0.779724924343468, 52.003235195137371 ] } },
{ "type": "Feature", "properties": { "visible_points": 0, "total_points": 97, "visibility_pct": 0.0 }, "geometry": { "type": "Point", "coordinates": [ -0.779523122897146, 52.003233106107402 ] } },
{ "type": "Feature", "properties": { "visible_points": 0, "total_points": 86, "visibility_pct": 0.0 }, "geometry": { "type": "Point", "coordinates": [ -0.779321321474181, 52.003231016731775 ] } },
{ "type": "Feature", "properties": { "visible_points": 5, "total_points": 55, "visibility_pct": 9.0909090909090917 }, "geometry": { "type": "Point", "coordinates": [ -0.785876990018047, 52.00340661419353 ] } },
{ "type": "Feature", "properties": { "visible_points": 3, "total_points": 67, "visibility_pct": 4.4776119402985071 }, "geometry": { "type": "Point", "coordinates": [ -0.785675182896233, 52.003404534898714 ] } },
{ "type": "Feature", "properties": { "visible_points": 0, "total_points": 79, "visibility_pct": 0.0 }, "geometry": { "type": "Point", "coordinates": [ -0.785473375799258, 52.003402455257941 ] } },
{ "type": "Feature", "properties": { "visible_points": 12, "total_points": 92, "visibility_pct": 13.043478260869565 }, "geometry": { "type": "Point", "coordinates": [ -0.785271568727122, 52.003400375271269 ] } },
{ "type": "Feature", "properties": { "visible_points": 13, "total_points": 103, "visibility_pct": 12.621359223300971 }, "geometry": { "type": "Point", "coordinates": [ -0.785069761679839, 52.003398294938663 ] } },
{ "type": "Feature", "properties": { "visible_points": 9, "total_points": 111, "visibility_pct": 8.1081081081081088 }, "geometry": { "type": "Point", "coordinates": [ -0.784867955622979, 52.003396214347426 ] } },
{ "type": "Feature", "properties": { "visible_points": 6, "total_points": 112, "visibility_pct": 5.3571428571428568 }, "geometry": { "type": "Point", "coordinates": [ -0.784666152080818, 52.003394134019914 ] } },
{ "type": "Feature", "properties": { "visible_points": 1, "total_points": 111, "visibility_pct": 0.90090090090090091 }, "geometry": { "type": "Point", "coordinates": [ -0.784464349609248, 52.003392053450291 ] } },
{ "type": "Feature", "properties": { "visible_points": 0, "total_points": 107, "visibility_pct": 0.0 }, "geometry": { "type": "Point", "coordinates": [ -0.78426254716094, 52.003389972535011 ] } },
{ "type": "Feature", "properties": { "visible_points": 29, "total_points": 103, "visibility_pct": 28.155339805825243 }, "geometry": { "type": "Point", "coordinates": [ -0.784060744735908, 52.003387891274066 ] } },
{ "type": "Feature", "properties": { "visible_points": 33, "total_points": 99, "visibility_pct": 33.333333333333329 }, "geometry": { "type": "Point", "coordinates": [ -0.783858942334154, 52.003385809667435 ] } },
{ "type": "Feature", "properties": { "visible_points": 37, "total_points": 98, "visibility_pct": 37.755102040816325 }, "geometry": { "type": "Point", "coordinates": [ -0.783657139955681, 52.003383727715132 ] } },
{ "type": "Feature", "properties": { "visible_points": 39, "total_points": 99, "visibility_pct": 39.393939393939391 }, "geometry": { "type": "Point", "coordinates": [ -0.783455337600487, 52.003381645417164 ] } },
{ "type": "Feature", "properties": { "visible_points": 35, "total_points": 102, "visibility_pct": 34.313725490196077 }, "geometry": { "type": "Point", "coordinates": [ -0.783253535268587, 52.003379562773539 ] } },
{ "type": "Feature", "properties": { "visible_points": 0, "total_points": 105, "visibility_pct": 0.0 }, "geometry": { "type": "Point", "coordinates": [ -0.783051732959976, 52.003377479784227 ] } },
{ "type": "Feature", "properties": { "visible_points": 0, "total_points": 107, "visibility_pct": 0.0 }, "geometry": { "type": "Point", "coordinates": [ -0.782849930674658, 52.003375396449258 ] } },
{ "type": "Feature", "properties": { "visible_points": 35, "total_points": 110, "visibility_pct": 31.818181818181817 }, "geometry": { "type": "Point", "coordinates": [ -0.782648128412646, 52.00337331276863 ] } },
{ "type": "Feature", "properties": { "visible_points": 47, "total_points": 113, "visibility_pct": 41.592920353982301 }, "geometry": { "type": "Point", "coordinates": [ -0.782446326173932, 52.003371228742303 ] } },
{ "type": "Feature", "properties": { "visible_points": 53, "total_points": 116, "visibility_pct": 45.689655172413794 }, "geometry": { "type": "Point", "coordinates": [ -0.782244523958524, 52.003369144370318 ] } },
{ "type": "Feature", "properties": { "visible_points": 56, "total_points": 119, "visibility_pct": 47.058823529411761 }, "geometry": { "type": "Point", "coordinates": [ -0.782042721766428, 52.003367059652675 ] } },
{ "type": "Feature", "properties": { "visible_points": 59, "total_points": 120, "visibility_pct": 49.166666666666664 }, "geometry": { "type": "Point", "coordinates": [ -0.781840919597649, 52.003364974589353 ] } },
{ "type": "Feature", "properties": { "visible_points": 65, "total_points": 120, "visibility_pct": 54.166666666666664 }, "geometry": { "type": "Point", "coordinates": [ -0.781639117452184, 52.003362889180373 ] } },
{ "type": "Feature", "properties": { "visible_points": 69, "total_points": 120, "visibility_pct": 57.5 }, "geometry": { "type": "Point", "coordinates": [ -0.781437315330043, 52.003360803425714 ] } },
{ "type": "Feature", "properties": { "visible_points": 74, "total_points": 120, "visibility_pct": 61.666666666666671 }, "geometry": { "type": "Point", "coordinates": [ -0.781235513231226, 52.003358717325391 ] } },
{ "type": "Feature", "properties": { "visible_points": 71, "total_points": 120, "visibility_pct": 59.166666666666664 }, "geometry": { "type": "Point", "coordinates": [ -0.781033711155741, 52.003356630879395 ] } },
{ "type": "Feature", "properties": { "visible_points": 70, "total_points": 120, "visibility_pct": 58.333333333333336 }, "geometry": { "type": "Point", "coordinates": [ -0.780831909103585, 52.003354544087728 ] } },
{ "type": "Feature", "properties": { "visible_points": 71, "total_points": 120, "visibility_pct": 59.166666666666664 }, "geometry": { "type": "Point", "coordinates": [ -0.780630107074768, 52.003352456950402 ] } },
{ "type": "Feature", "properties": { "visible_points": 61, "total_points": 120, "visibility_pct": 50.833333333333329 }, "geometry": { "type": "Point", "coordinates": [ -0.780428305069296, 52.003350369467405 ] } },
{ "type": "Feature", "properties": { "visible_points": 52, "total_points": 120, "visibility_pct": 43.333333333333336 }, "geometry": { "type": "Point", "coordinates": [ -0.78022650308716, 52.003348281638729 ] } },
{ "type": "Feature", "properties": { "visible_points": 47, "total_points": 117, "visibility_pct": 40.17094017094017 }, "geometry": { "type": "Point", "coordinates": [ -0.780024701128377, 52.003346193464395 ] } },
{ "type": "Feature", "properties": { "visible_points": 0, "total_points": 111, "visibility_pct": 0.0 }, "geometry": { "type": "Point", "coordinates": [ -0.779822899192945, 52.003344104944397 ] } },
{ "type": "Feature", "properties": { "visible_points": 2, "total_points": 104, "visibility_pct": 1.9230769230769231 }, "geometry": { "type": "Point", "coordinates": [ -0.779621097280868, 52.00334201607874 ] } },
{ "type": "Feature", "properties": { "visible_points": 1, "total_points": 94, "visibility_pct": 1.0638297872340425 }, "geometry": { "type": "Point", "coordinates": [ -0.779419295392155, 52.003339926867397 ] } },
{ "type": "Feature", "properties": { "visible_points": 1, "total_points": 83, "visibility_pct": 1.2048192771084338 }, "geometry": { "type": "Point", "coordinates": [ -0.779217493526795, 52.003337837310369 ] } },
{ "type": "Feature", "properties": { "visible_points": 6, "total_points": 62, "visibility_pct": 9.67741935483871 }, "geometry": { "type": "Point", "coordinates": [ -0.78577317406977, 52.003513440219358 ] } },
{ "type": "Feature", "properties": { "visible_points": 1, "total_points": 75, "visibility_pct": 1.3333333333333335 }, "geometry": { "type": "Point", "coordinates": [ -0.785571366465069, 52.003511360749592 ] } },
{ "type": "Feature", "properties": { "visible_points": 16, "total_points": 88, "visibility_pct": 18.181818181818183 }, "geometry": { "type": "Point", "coordinates": [ -0.785369558885213, 52.003509280933883 ] } },
{ "type": "Feature", "properties": { "visible_points": 17, "total_points": 99, "visibility_pct": 17.171717171717169 }, "geometry": { "type": "Point", "coordinates": [ -0.785167751330201, 52.003507200772276 ] } },
{ "type": "Feature", "properties": { "visible_points": 17, "total_points": 108, "visibility_pct": 15.74074074074074 }, "geometry": { "type": "Point", "coordinates": [ -0.784965943800965, 52.003505120264542 ] } },
{ "type": "Feature", "properties": { "visible_points": 7, "total_points": 112, "visibility_pct": 6.25 }, "geometry": { "type": "Point", "coordinates": [ -0.784764138558057, 52.003503039802041 ] } },
{ "type": "Feature", "properties": { "visible_points": 5, "total_points": 108, "visibility_pct": 4.6296296296296298 }, "geometry": { "type": "Point", "coordinates": [ -0.784562335612996, 52.003500959398274 ] } },
{ "type": "Feature", "properties": { "visible_points": 0, "total_points": 103, "visibility_pct": 0.0 }, "geometry": { "type": "Point", "coordinates": [ -0.784360532698972, 52.003498878647314 ] } },
{ "type": "Feature", "properties": { "visible_points": 0, "total_points": 98, "visibility_pct": 0.0 }, "geometry": { "type": "Point", "coordinates": [ -0.784158729808225, 52.003496797550682 ] } },
{ "type": "Feature", "properties": { "visible_points": 28, "total_points": 93, "visibility_pct": 30.107526881720432 }, "geometry": { "type": "Point", "coordinates": [ -0.783956926940752, 52.003494716108371 ] } },
{ "type": "Feature", "properties": { "visible_points": 30, "total_points": 91, "visibility_pct": 32.967032967032964 }, "geometry": { "type": "Point", "coordinates": [ -0.783755124096552, 52.003492634320395 ] } },
{ "type": "Feature", "properties": { "visible_points": 28, "total_points": 91, "visibility_pct": 30.76923076923077 }, "geometry": { "type": "Point", "coordinates": [ -0.783553321275641, 52.003490552186747 ] } },
{ "type": "Feature", "properties": { "visible_points": 1, "total_points": 93, "visibility_pct": 1.0752688172043012 }, "geometry": { "type": "Point", "coordinates": [ -0.783351518478015, 52.003488469707428 ] } },
{ "type": "Feature", "properties": { "visible_points": 21, "total_points": 108, "visibility_pct": 19.444444444444446 }, "geometry": { "type": "Point", "coordinates": [ -0.782544307520443, 52.003480136333458 ] } },
{ "type": "Feature", "properties": { "visible_points": 34, "total_points": 112, "visibility_pct": 30.357142857142854 }, "geometry": { "type": "Point", "coordinates": [ -0.782342504839303, 52.003478052125786 ] } },
{ "type": "Feature", "properties": { "visible_points": 45, "total_points": 116, "visibility_pct": 38.793103448275865 }, "geometry": { "type": "Point", "coordinates": [ -0.782140702181473, 52.003475967572427 ] } },
{ "type": "Feature", "properties": { "visible_points": 47, "total_points": 119, "visibility_pct": 39.495798319327733 }, "geometry": { "type": "Point", "coordinates": [ -0.781938899546952, 52.003473882673418 ] } },
{ "type": "Feature", "properties": { "visible_points": 50, "total_points": 120, "visibility_pct": 41.666666666666671 }, "geometry": { "type": "Point", "coordinates": [ -0.781737096935754, 52.003471797428737 ] } },
{ "type": "Feature", "properties": { "visible_points": 59, "total_points": 120, "visibility_pct": 49.166666666666664 }, "geometry": { "type": "Point", "coordinates": [ -0.78153529434787, 52.003469711838378 ] } },
{ "type": "Feature", "properties": { "visible_points": 67, "total_points": 120, "visibility_pct": 55.833333333333336 }, "geometry": { "type": "Point", "coordinates": [ -0.781333491783315, 52.00346762590236 ] } },
{ "type": "Feature", "properties": { "visible_points": 68, "total_points": 120, "visibility_pct": 56.666666666666664 }, "geometry": { "type": "Point", "coordinates": [ -0.781131689242082, 52.00346553962067 ] } },
{ "type": "Feature", "properties": { "visible_points": 69, "total_points": 120, "visibility_pct": 57.5 }, "geometry": { "type": "Point", "coordinates": [ -0.780929886724184, 52.003463452993294 ] } },
{ "type": "Feature", "properties": { "visible_points": 65, "total_points": 120, "visibility_pct": 54.166666666666664 }, "geometry": { "type": "Point", "coordinates": [ -0.780728084229623, 52.003461366020261 ] } },
{ "type": "Feature", "properties": { "visible_points": 64, "total_points": 120, "visibility_pct": 53.333333333333336 }, "geometry": { "type": "Point", "coordinates": [ -0.780526281758396, 52.00345927870157 ] } },
{ "type": "Feature", "properties": { "visible_points": 57, "total_points": 120, "visibility_pct": 47.5 }, "geometry": { "type": "Point", "coordinates": [ -0.780324479310514, 52.003457191037199 ] } },
{ "type": "Feature", "properties": { "visible_points": 43, "total_points": 120, "visibility_pct": 35.833333333333336 }, "geometry": { "type": "Point", "coordinates": [ -0.780122676885979, 52.003455103027136 ] } },
{ "type": "Feature", "properties": { "visible_points": 9, "total_points": 116, "visibility_pct": 7.7586206896551726 }, "geometry": { "type": "Point", "coordinates": [ -0.779920874484795, 52.003453014671443 ] } },
{ "type": "Feature", "properties": { "visible_points": 2, "total_points": 111, "visibility_pct": 1.8018018018018018 }, "geometry": { "type": "Point", "coordinates": [ -0.779719072106963, 52.003450925970071 ] } },
{ "type": "Feature", "properties": { "visible_points": 0, "total_points": 102, "visibility_pct": 0.0 }, "geometry": { "type": "Point", "coordinates": [ -0.779517269752487, 52.00344883692302 ] } },
{ "type": "Feature", "properties": { "visible_points": 0, "total_points": 92, "visibility_pct": 0.0 }, "geometry": { "type": "Point", "coordinates": [ -0.779315467421376, 52.00344674753029 ] } },
{ "type": "Feature", "properties": { "visible_points": 0, "total_points": 80, "visibility_pct": 0.0 }, "geometry": { "type": "Point", "coordinates": [ -0.779113665113632, 52.00344465779191 ] } },
{ "type": "Feature", "properties": { "visible_points": 6, "total_points": 68, "visibility_pct": 8.8235294117647065 }, "geometry": { "type": "Point", "coordinates": [ -0.78566935761374, 52.003620266154812 ] } },
{ "type": "Feature", "properties": { "visible_points": 14, "total_points": 80, "visibility_pct": 17.5 }, "geometry": { "type": "Point", "coordinates": [ -0.785467549526152, 52.00361818651011 ] } },
{ "type": "Feature", "properties": { "visible_points": 16, "total_points": 90, "visibility_pct": 17.777777777777779 }, "geometry": { "type": "Point", "coordinates": [ -0.785265741463422, 52.003616106519466 ] } },
{ "type": "Feature", "properties": { "visible_points": 16, "total_points": 97, "visibility_pct": 16.494845360824741 }, "geometry": { "type": "Point", "coordinates": [ -0.785063933425523, 52.003614026182916 ] } },
{ "type": "Feature", "properties": { "visible_points": 17, "total_points": 101, "visibility_pct": 16.831683168316832 }, "geometry": { "type": "Point", "coordinates": [ -0.78486212646031, 52.003611945596113 ] } },
{ "type": "Feature", "properties": { "visible_points": 0, "total_points": 102, "visibility_pct": 0.0 }, "geometry": { "type": "Point", "coordinates": [ -0.784660322059173, 52.003609865266242 ] } },
{ "type": "Feature", "properties": { "visible_points": 0, "total_points": 97, "visibility_pct": 0.0 }, "geometry": { "type": "Point", "coordinates": [ -0.784458518679426, 52.003607784679595 ] } },
{ "type": "Feature", "properties": { "visible_points": 0, "total_points": 87, "visibility_pct": 0.0 }, "geometry": { "type": "Point", "coordinates": [ -0.784054911989761, 52.003603622469306 ] } },
{ "type": "Feature", "properties": { "visible_points": 0, "total_points": 84, "visibility_pct": 0.0 }, "geometry": { "type": "Point", "coordinates": [ -0.783853108679844, 52.003601540845651 ] } },
{ "type": "Feature", "properties": { "visible_points": 0, "total_points": 83, "visibility_pct": 0.0 }, "geometry": { "type": "Point", "coordinates": [ -0.783651305393204, 52.003599458876316 ] } },
{ "type": "Feature", "properties": { "visible_points": 0, "total_points": 107, "visibility_pct": 0.0 }, "geometry": { "type": "Point", "coordinates": [ -0.782440486162481, 52.003586959801225 ] } },
{ "type": "Feature", "properties": { "visible_points": 10, "total_points": 111, "visibility_pct": 9.0090090090090094 }, "geometry": { "type": "Point", "coordinates": [ -0.782238683038912, 52.003584875412187 ] } },
{ "type": "Feature", "properties": { "visible_points": 43, "total_points": 116, "visibility_pct": 37.068965517241381 }, "geometry": { "type": "Point", "coordinates": [ -0.782036879938656, 52.003582790677484 ] } },
{ "type": "Feature", "properties": { "visible_points": 29, "total_points": 119, "visibility_pct": 24.369747899159663 }, "geometry": { "type": "Point", "coordinates": [ -0.781835076861714, 52.003580705597109 ] } },
{ "type": "Feature", "properties": { "visible_points": 0, "total_points": 120, "visibility_pct": 0.0 }, "geometry": { "type": "Point", "coordinates": [ -0.781633273808089, 52.003578620171062 ] } },
{ "type": "Feature", "properties": { "visible_points": 52, "total_points": 120, "visibility_pct": 43.333333333333336 }, "geometry": { "type": "Point", "coordinates": [ -0.781431470777791, 52.00357653439935 ] } },
{ "type": "Feature", "properties": { "visible_points": 63, "total_points": 120, "visibility_pct": 52.5 }, "geometry": { "type": "Point", "coordinates": [ -0.781229667770814, 52.003574448281945 ] } },
{ "type": "Feature", "properties": { "visible_points": 64, "total_points": 120, "visibility_pct": 53.333333333333336 }, "geometry": { "type": "Point", "coordinates": [ -0.781027864787167, 52.003572361818875 ] } },
{ "type": "Feature", "properties": { "visible_points": 63, "total_points": 120, "visibility_pct": 52.5 }, "geometry": { "type": "Point", "coordinates": [ -0.780826061826855, 52.003570275010141 ] } },
{ "type": "Feature", "properties": { "visible_points": 61, "total_points": 120, "visibility_pct": 50.833333333333329 }, "geometry": { "type": "Point", "coordinates": [ -0.780624258889881, 52.003568187855741 ] } },
{ "type": "Feature", "properties": { "visible_points": 58, "total_points": 120, "visibility_pct": 48.333333333333336 }, "geometry": { "type": "Point", "coordinates": [ -0.780422455976245, 52.003566100355677 ] } },
{ "type": "Feature", "properties": { "visible_points": 44, "total_points": 120, "visibility_pct": 36.666666666666664 }, "geometry": { "type": "Point", "coordinates": [ -0.780220653085957, 52.003564012509919 ] } },
{ "type": "Feature", "properties": { "visible_points": 3, "total_points": 120, "visibility_pct": 2.5 }, "geometry": { "type": "Point", "coordinates": [ -0.780018850219015, 52.003561924318497 ] } },
{ "type": "Feature", "properties": { "visible_points": 9, "total_points": 116, "visibility_pct": 7.7586206896551726 }, "geometry": { "type": "Point", "coordinates": [ -0.779817047375427, 52.003559835781417 ] } },
{ "type": "Feature", "properties": { "visible_points": 9, "total_points": 110, "visibility_pct": 8.1818181818181817 }, "geometry": { "type": "Point", "coordinates": [ -0.779615244555195, 52.003557746898643 ] } },
{ "type": "Feature", "properties": { "visible_points": 11, "total_points": 101, "visibility_pct": 10.891089108910892 }, "geometry": { "type": "Point", "coordinates": [ -0.779413441758325, 52.003555657670212 ] } },
{ "type": "Feature", "properties": { "visible_points": 0, "total_points": 90, "visibility_pct": 0.0 }, "geometry": { "type": "Point", "coordinates": [ -0.77921163898481, 52.003553568096123 ] } },
{ "type": "Feature", "properties": { "visible_points": 0, "total_points": 78, "visibility_pct": 0.0 }, "geometry": { "type": "Point", "coordinates": [ -0.779009836234672, 52.003551478176355 ] } },
{ "type": "Feature", "properties": { "visible_points": 4, "total_points": 70, "visibility_pct": 5.7142857142857144 }, "geometry": { "type": "Point", "coordinates": [ -0.785565540649963, 52.003727091999885 ] } },
{ "type": "Feature", "properties": { "visible_points": 15, "total_points": 79, "visibility_pct": 18.9873417721519 }, "geometry": { "type": "Point", "coordinates": [ -0.785363732079492, 52.003725012180226 ] } },
{ "type": "Feature", "properties": { "visible_points": 15, "total_points": 84, "visibility_pct": 17.857142857142858 }, "geometry": { "type": "Point", "coordinates": [ -0.785161923533866, 52.003722932014661 ] } },
{ "type": "Feature", "properties": { "visible_points": 17, "total_points": 88, "visibility_pct": 19.318181818181817 }, "geometry": { "type": "Point", "coordinates": [ -0.784960115064005, 52.003720851505079 ] } },
{ "type": "Feature", "properties": { "visible_points": 17, "total_points": 90, "visibility_pct": 18.888888888888889 }, "geometry": { "type": "Point", "coordinates": [ -0.78475830894777, 52.003718771054189 ] } },
{ "type": "Feature", "properties": { "visible_points": 2, "total_points": 101, "visibility_pct": 1.9801980198019802 }, "geometry": { "type": "Point", "coordinates": [ -0.782538467928063, 52.003695867396665 ] } },
{ "type": "Feature", "properties": { "visible_points": 0, "total_points": 106, "visibility_pct": 0.0 }, "geometry": { "type": "Point", "coordinates": [ -0.782336664338757, 52.00369378317194 ] } },
{ "type": "Feature", "properties": { "visible_points": 0, "total_points": 112, "visibility_pct": 0.0 }, "geometry": { "type": "Point", "coordinates": [ -0.782134860772756, 52.00369169860155 ] } },
{ "type": "Feature", "properties": { "visible_points": 39, "total_points": 117, "visibility_pct": 33.333333333333329 }, "geometry": { "type": "Point", "coordinates": [ -0.781933057230076, 52.003689613685474 ] } },
{ "type": "Feature", "properties": { "visible_points": 42, "total_points": 120, "visibility_pct": 35.0 }, "geometry": { "type": "Point", "coordinates": [ -0.781731253710705, 52.003687528423733 ] } },
{ "type": "Feature", "properties": { "visible_points": 34, "total_points": 120, "visibility_pct": 28.333333333333332 }, "geometry": { "type": "Point", "coordinates": [ -0.78152945021466, 52.00368544281632 ] } },
{ "type": "Feature", "properties": { "visible_points": 31, "total_points": 120, "visibility_pct": 25.833333333333336 }, "geometry": { "type": "Point", "coordinates": [ -0.781327646741933, 52.00368335686322 ] } },
{ "type": "Feature", "properties": { "visible_points": 52, "total_points": 120, "visibility_pct": 43.333333333333336 }, "geometry": { "type": "Point", "coordinates": [ -0.781125843292542, 52.003681270564464 ] } },
{ "type": "Feature", "properties": { "visible_points": 61, "total_points": 120, "visibility_pct": 50.833333333333329 }, "geometry": { "type": "Point", "coordinates": [ -0.780924039866476, 52.003679183920035 ] } },
{ "type": "Feature", "properties": { "visible_points": 59, "total_points": 120, "visibility_pct": 49.166666666666664 }, "geometry": { "type": "Point", "coordinates": [ -0.780722236463749, 52.003677096929927 ] } },
{ "type": "Feature", "properties": { "visible_points": 58, "total_points": 120, "visibility_pct": 48.333333333333336 }, "geometry": { "type": "Point", "coordinates": [ -0.780520433084363, 52.003675009594133 ] } },
{ "type": "Feature", "properties": { "visible_points": 49, "total_points": 120, "visibility_pct": 40.833333333333336 }, "geometry": { "type": "Point", "coordinates": [ -0.780318629728315, 52.003672921912703 ] } },
{ "type": "Feature", "properties": { "visible_points": 39, "total_points": 120, "visibility_pct": 32.5 }, "geometry": { "type": "Point", "coordinates": [ -0.780116826395618, 52.003670833885572 ] } },
{ "type": "Feature", "properties": { "visible_points": 10, "total_points": 120, "visibility_pct": 8.3333333333333321 }, "geometry": { "type": "Point", "coordinates": [ -0.779915023086267, 52.003668745512769 ] } },
{ "type": "Feature", "properties": { "visible_points": 10, "total_points": 117, "visibility_pct": 8.5470085470085468 }, "geometry": { "type": "Point", "coordinates": [ -0.779713219800277, 52.003666656794309 ] } },
{ "type": "Feature", "properties": { "visible_points": 12, "total_points": 109, "visibility_pct": 11.009174311926607 }, "geometry": { "type": "Point", "coordinates": [ -0.779511416537641, 52.003664567730162 ] } },
{ "type": "Feature", "properties": { "visible_points": 11, "total_points": 99, "visibility_pct": 11.111111111111111 }, "geometry": { "type": "Point", "coordinates": [ -0.779309613298368, 52.003662478320358 ] } },
{ "type": "Feature", "properties": { "visible_points": 1, "total_points": 87, "visibility_pct": 1.1494252873563218 }, "geometry": { "type": "Point", "coordinates": [ -0.779107810082456, 52.003660388564882 ] } },
{ "type": "Feature", "properties": { "visible_points": 2, "total_points": 75, "visibility_pct": 2.666666666666667 }, "geometry": { "type": "Point", "coordinates": [ -0.778906006889918, 52.003658298463719 ] } },
{ "type": "Feature", "properties": { "visible_points": 3, "total_points": 67, "visibility_pct": 4.4776119402985071 }, "geometry": { "type": "Point", "coordinates": [ -0.785461723178424, 52.003833917754577 ] } },
{ "type": "Feature", "properties": { "visible_points": 15, "total_points": 72, "visibility_pct": 20.833333333333336 }, "geometry": { "type": "Point", "coordinates": [ -0.78525991412507, 52.003831837759996 ] } },
{ "type": "Feature", "properties": { "visible_points": 17, "total_points": 75, "visibility_pct": 22.666666666666664 }, "geometry": { "type": "Point", "coordinates": [ -0.785058105096557, 52.003829757419481 ] } },
{ "type": "Feature", "properties": { "visible_points": 15, "total_points": 78, "visibility_pct": 19.230769230769234 }, "geometry": { "type": "Point", "coordinates": [ -0.784856297234596, 52.00382767684431 ] } },
{ "type": "Feature", "properties": { "visible_points": 0, "total_points": 79, "visibility_pct": 0.0 }, "geometry": { "type": "Point", "coordinates": [ -0.784654491967617, 52.003825596504136 ] } },
{ "type": "Feature", "properties": { "visible_points": 0, "total_points": 101, "visibility_pct": 0.0 }, "geometry": { "type": "Point", "coordinates": [ -0.782434646081002, 52.003802690851693 ] } },
{ "type": "Feature", "properties": { "visible_points": 5, "total_points": 107, "visibility_pct": 4.6728971962616823 }, "geometry": { "type": "Point", "coordinates": [ -0.782232842049265, 52.003800606445608 ] } },
{ "type": "Feature", "properties": { "visible_points": 41, "total_points": 113, "visibility_pct": 36.283185840707965 }, "geometry": { "type": "Point", "coordinates": [ -0.782031038040831, 52.003798521693845 ] } },
{ "type": "Feature", "properties": { "visible_points": 49, "total_points": 118, "visibility_pct": 41.525423728813557 }, "geometry": { "type": "Point", "coordinates": [ -0.781829234055723, 52.00379643659641 ] } },
{ "type": "Feature", "properties": { "visible_points": 54, "total_points": 120, "visibility_pct": 45.0 }, "geometry": { "type": "Point", "coordinates": [ -0.781627430093922, 52.003794351153296 ] } },
{ "type": "Feature", "properties": { "visible_points": 54, "total_points": 120, "visibility_pct": 45.0 }, "geometry": { "type": "Point", "coordinates": [ -0.781425626155452, 52.003792265364531 ] } },
{ "type": "Feature", "properties": { "visible_points": 59, "total_points": 120, "visibility_pct": 49.166666666666664 }, "geometry": { "type": "Point", "coordinates": [ -0.781223822240307, 52.003790179230059 ] } },
{ "type": "Feature", "properties": { "visible_points": 52, "total_points": 120, "visibility_pct": 43.333333333333336 }, "geometry": { "type": "Point", "coordinates": [ -0.781022018348489, 52.003788092749922 ] } },
{ "type": "Feature", "properties": { "visible_points": 69, "total_points": 120, "visibility_pct": 57.5 }, "geometry": { "type": "Point", "coordinates": [ -0.780820214480006, 52.003786005924113 ] } },
{ "type": "Feature", "properties": { "visible_points": 68, "total_points": 120, "visibility_pct": 56.666666666666664 }, "geometry": { "type": "Point", "coordinates": [ -0.780618410634859, 52.003783918752632 ] } },
{ "type": "Feature", "properties": { "visible_points": 59, "total_points": 120, "visibility_pct": 49.166666666666664 }, "geometry": { "type": "Point", "coordinates": [ -0.780416606813059, 52.003781831235486 ] } },
{ "type": "Feature", "properties": { "visible_points": 39, "total_points": 120, "visibility_pct": 32.5 }, "geometry": { "type": "Point", "coordinates": [ -0.7802148030146, 52.003779743372654 ] } },
{ "type": "Feature", "properties": { "visible_points": 11, "total_points": 120, "visibility_pct": 9.1666666666666661 }, "geometry": { "type": "Point", "coordinates": [ -0.78001299923949, 52.003777655164143 ] } },
{ "type": "Feature", "properties": { "visible_points": 11, "total_points": 120, "visibility_pct": 9.1666666666666661 }, "geometry": { "type": "Point", "coordinates": [ -0.779811195487733, 52.003775566609981 ] } },
{ "type": "Feature", "properties": { "visible_points": 11, "total_points": 117, "visibility_pct": 9.4017094017094021 }, "geometry": { "type": "Point", "coordinates": [ -0.779609391759334, 52.003773477710133 ] } },
{ "type": "Feature", "properties": { "visible_points": 12, "total_points": 108, "visibility_pct": 11.111111111111111 }, "geometry": { "type": "Point", "coordinates": [ -0.779407588054289, 52.003771388464607 ] } },
{ "type": "Feature", "properties": { "visible_points": 12, "total_points": 97, "visibility_pct": 12.371134020618557 }, "geometry": { "type": "Point", "coordinates": [ -0.779205784372617, 52.003769298873415 ] } },
{ "type": "Feature", "properties": { "visible_points": 0, "total_points": 85, "visibility_pct": 0.0 }, "geometry": { "type": "Point", "coordinates": [ -0.779003980714308, 52.003767208936551 ] } },
{ "type": "Feature", "properties": { "visible_points": 4, "total_points": 60, "visibility_pct": 6.666666666666667 }, "geometry": { "type": "Point", "coordinates": [ -0.785357905199136, 52.003940743418873 ] } },
{ "type": "Feature", "properties": { "visible_points": 8, "total_points": 63, "visibility_pct": 12.698412698412698 }, "geometry": { "type": "Point", "coordinates": [ -0.78515609566288, 52.003938663249357 ] } },
{ "type": "Feature", "properties": { "visible_points": 15, "total_points": 66, "visibility_pct": 22.727272727272727 }, "geometry": { "type": "Point", "coordinates": [ -0.784954286264171, 52.00393658274092 ] } },
{ "type": "Feature", "properties": { "visible_points": 12, "total_points": 67, "visibility_pct": 17.910447761194028 }, "geometry": { "type": "Point", "coordinates": [ -0.784752479275359, 52.003934502296389 ] } },
{ "type": "Feature", "properties": { "visible_points": 1, "total_points": 94, "visibility_pct": 1.0638297872340425 }, "geometry": { "type": "Point", "coordinates": [ -0.782532628265662, 52.003911598451452 ] } },
{ "type": "Feature", "properties": { "visible_points": 0, "total_points": 101, "visibility_pct": 0.0 }, "geometry": { "type": "Point", "coordinates": [ -0.782330823768174, 52.003909514209674 ] } },
{ "type": "Feature", "properties": { "visible_points": 42, "total_points": 109, "visibility_pct": 38.532110091743121 }, "geometry": { "type": "Point", "coordinates": [ -0.782129019294001, 52.003907429622217 ] } },
{ "type": "Feature", "properties": { "visible_points": 50, "total_points": 115, "visibility_pct": 43.478260869565219 }, "geometry": { "type": "Point", "coordinates": [ -0.781927214843136, 52.003905344689095 ] } },
{ "type": "Feature", "properties": { "visible_points": 62, "total_points": 120, "visibility_pct": 51.666666666666671 }, "geometry": { "type": "Point", "coordinates": [ -0.781725410415594, 52.003903259410279 ] } },
{ "type": "Feature", "properties": { "visible_points": 68, "total_points": 120, "visibility_pct": 56.666666666666664 }, "geometry": { "type": "Point", "coordinates": [ -0.781523606011367, 52.003901173785799 ] } },
{ "type": "Feature", "properties": { "visible_points": 68, "total_points": 120, "visibility_pct": 56.666666666666664 }, "geometry": { "type": "Point", "coordinates": [ -0.781321801630467, 52.003899087815654 ] } },
{ "type": "Feature", "properties": { "visible_points": 70, "total_points": 120, "visibility_pct": 58.333333333333336 }, "geometry": { "type": "Point", "coordinates": [ -0.781119997272898, 52.003897001499816 ] } },
{ "type": "Feature", "properties": { "visible_points": 78, "total_points": 120, "visibility_pct": 65.0 }, "geometry": { "type": "Point", "coordinates": [ -0.780918192938654, 52.003894914838313 ] } },
{ "type": "Feature", "properties": { "visible_points": 73, "total_points": 120, "visibility_pct": 60.833333333333329 }, "geometry": { "type": "Point", "coordinates": [ -0.780716388627753, 52.003892827831137 ] } },
{ "type": "Feature", "properties": { "visible_points": 72, "total_points": 120, "visibility_pct": 60.0 }, "geometry": { "type": "Point", "coordinates": [ -0.78051458434019, 52.003890740478283 ] } },
{ "type": "Feature", "properties": { "visible_points": 23, "total_points": 120, "visibility_pct": 19.166666666666668 }, "geometry": { "type": "Point", "coordinates": [ -0.780312780075969, 52.00388865277975 ] } },
{ "type": "Feature", "properties": { "visible_points": 40, "total_points": 120, "visibility_pct": 33.333333333333329 }, "geometry": { "type": "Point", "coordinates": [ -0.780110975835094, 52.003886564735538 ] } },
{ "type": "Feature", "properties": { "visible_points": 0, "total_points": 120, "visibility_pct": 0.0 }, "geometry": { "type": "Point", "coordinates": [ -0.779909171617573, 52.003884476345668 ] } },
{ "type": "Feature", "properties": { "visible_points": 0, "total_points": 120, "visibility_pct": 0.0 }, "geometry": { "type": "Point", "coordinates": [ -0.779707367423407, 52.003882387610112 ] } },
{ "type": "Feature", "properties": { "visible_points": 0, "total_points": 116, "visibility_pct": 0.0 }, "geometry": { "type": "Point", "coordinates": [ -0.779505563252596, 52.003880298528884 ] } },
{ "type": "Feature", "properties": { "visible_points": 13, "total_points": 106, "visibility_pct": 12.264150943396226 }, "geometry": { "type": "Point", "coordinates": [ -0.779303759105151, 52.003878209101977 ] } },
{ "type": "Feature", "properties": { "visible_points": 1, "total_points": 94, "visibility_pct": 1.0638297872340425 }, "geometry": { "type": "Point", "coordinates": [ -0.779101954981067, 52.003876119329398 ] } },
{ "type": "Feature", "properties": { "visible_points": 3, "total_points": 82, "visibility_pct": 3.6585365853658534 }, "geometry": { "type": "Point", "coordinates": [ -0.778900150880359, 52.003874029211147 ] } },
{ "type": "Feature", "properties": { "visible_points": 0, "total_points": 56, "visibility_pct": 0.0 }, "geometry": { "type": "Point", "coordinates": [ -0.784850467936874, 52.004043408084208 ] } },
{ "type": "Feature", "properties": { "visible_points": 0, "total_points": 95, "visibility_pct": 0.0 }, "geometry": { "type": "Point", "coordinates": [ -0.782428805929501, 52.004018421893726 ] } },
{ "type": "Feature", "properties": { "visible_points": 44, "total_points": 104, "visibility_pct": 42.307692307692307 }, "geometry": { "type": "Point", "coordinates": [ -0.782227000989576, 52.004016337470588 ] } },
{ "type": "Feature", "properties": { "visible_points": 53, "total_points": 112, "visibility_pct": 47.321428571428569 }, "geometry": { "type": "Point", "coordinates": [ -0.78202519607296, 52.004014252701772 ] } },
{ "type": "Feature", "properties": { "visible_points": 60, "total_points": 118, "visibility_pct": 50.847457627118644 }, "geometry": { "type": "Point", "coordinates": [ -0.781823391179665, 52.004012167587277 ] } },
{ "type": "Feature", "properties": { "visible_points": 73, "total_points": 120, "visibility_pct": 60.833333333333329 }, "geometry": { "type": "Point", "coordinates": [ -0.781621586309684, 52.004010082127103 ] } },
{ "type": "Feature", "properties": { "visible_points": 80, "total_points": 120, "visibility_pct": 66.666666666666657 }, "geometry": { "type": "Point", "coordinates": [ -0.78141978146303, 52.004007996321242 ] } },
{ "type": "Feature", "properties": { "visible_points": 77, "total_points": 120, "visibility_pct": 64.166666666666671 }, "geometry": { "type": "Point", "coordinates": [ -0.781217976639698, 52.004005910169724 ] } },
{ "type": "Feature", "properties": { "visible_points": 80, "total_points": 120, "visibility_pct": 66.666666666666657 }, "geometry": { "type": "Point", "coordinates": [ -0.781016171839704, 52.004003823672512 ] } },
{ "type": "Feature", "properties": { "visible_points": 76, "total_points": 120, "visibility_pct": 63.333333333333329 }, "geometry": { "type": "Point", "coordinates": [ -0.780814367063036, 52.004001736829636 ] } },
{ "type": "Feature", "properties": { "visible_points": 77, "total_points": 120, "visibility_pct": 64.166666666666671 }, "geometry": { "type": "Point", "coordinates": [ -0.78061256230971, 52.003999649641088 ] } },
{ "type": "Feature", "properties": { "visible_points": 64, "total_points": 120, "visibility_pct": 53.333333333333336 }, "geometry": { "type": "Point", "coordinates": [ -0.780410757579728, 52.003997562106854 ] } },
{ "type": "Feature", "properties": { "visible_points": 52, "total_points": 120, "visibility_pct": 43.333333333333336 }, "geometry": { "type": "Point", "coordinates": [ -0.780208952873086, 52.003995474226947 ] } },
{ "type": "Feature", "properties": { "visible_points": 48, "total_points": 120, "visibility_pct": 40.0 }, "geometry": { "type": "Point", "coordinates": [ -0.780007148189799, 52.003993386001355 ] } },
{ "type": "Feature", "properties": { "visible_points": 0, "total_points": 120, "visibility_pct": 0.0 }, "geometry": { "type": "Point", "coordinates": [ -0.77980534352986, 52.003991297430105 ] } },
{ "type": "Feature", "properties": { "visible_points": 3, "total_points": 120, "visibility_pct": 2.5 }, "geometry": { "type": "Point", "coordinates": [ -0.779603538893282, 52.003989208513161 ] } },
{ "type": "Feature", "properties": { "visible_points": 3, "total_points": 114, "visibility_pct": 2.6315789473684208 }, "geometry": { "type": "Point", "coordinates": [ -0.779401734280062, 52.003987119250567 ] } },
{ "type": "Feature", "properties": { "visible_points": 6, "total_points": 103, "visibility_pct": 5.825242718446602 }, "geometry": { "type": "Point", "coordinates": [ -0.779199929690205, 52.003985029642273 ] } },
{ "type": "Feature", "properties": { "visible_points": 0, "total_points": 91, "visibility_pct": 0.0 }, "geometry": { "type": "Point", "coordinates": [ -0.778998125123722, 52.003982939688299 ] } },
{ "type": "Feature", "properties": { "visible_points": 3, "total_points": 78, "visibility_pct": 3.8461538461538463 }, "geometry": { "type": "Point", "coordinates": [ -0.778796320580602, 52.003980849388675 ] } },
{ "type": "Feature", "properties": { "visible_points": 1, "total_points": 89, "visibility_pct": 1.1235955056179776 }, "geometry": { "type": "Point", "coordinates": [ -0.782526788533239, 52.004127329497798 ] } },
{ "type": "Feature", "properties": { "visible_points": 44, "total_points": 99, "visibility_pct": 44.444444444444443 }, "geometry": { "type": "Point", "coordinates": [ -0.782324983127562, 52.004125245238967 ] } },
{ "type": "Feature", "properties": { "visible_points": 53, "total_points": 108, "visibility_pct": 49.074074074074076 }, "geometry": { "type": "Point", "coordinates": [ -0.782123177745198, 52.004123160634457 ] } },
{ "type": "Feature", "properties": { "visible_points": 61, "total_points": 116, "visibility_pct": 52.586206896551722 }, "geometry": { "type": "Point", "coordinates": [ -0.781921372386144, 52.004121075684267 ] } },
{ "type": "Feature", "properties": { "visible_points": 73, "total_points": 120, "visibility_pct": 60.833333333333329 }, "geometry": { "type": "Point", "coordinates": [ -0.781719567050411, 52.004118990388406 ] } },
{ "type": "Feature", "properties": { "visible_points": 81, "total_points": 120, "visibility_pct": 67.5 }, "geometry": { "type": "Point", "coordinates": [ -0.781517761737997, 52.004116904746851 ] } },
{ "type": "Feature", "properties": { "visible_points": 84, "total_points": 120, "visibility_pct": 70.0 }, "geometry": { "type": "Point", "coordinates": [ -0.781315956448906, 52.004114818759632 ] } },
{ "type": "Feature", "properties": { "visible_points": 86, "total_points": 120, "visibility_pct": 71.666666666666671 }, "geometry": { "type": "Point", "coordinates": [ -0.781114151183151, 52.004112732426734 ] } },
{ "type": "Feature", "properties": { "visible_points": 85, "total_points": 120, "visibility_pct": 70.833333333333343 }, "geometry": { "type": "Point", "coordinates": [ -0.780912345940719, 52.004110645748149 ] } },
{ "type": "Feature", "properties": { "visible_points": 77, "total_points": 120, "visibility_pct": 64.166666666666671 }, "geometry": { "type": "Point", "coordinates": [ -0.780710540721631, 52.004108558723907 ] } },
{ "type": "Feature", "properties": { "visible_points": 73, "total_points": 120, "visibility_pct": 60.833333333333329 }, "geometry": { "type": "Point", "coordinates": [ -0.780508735525879, 52.004106471353971 ] } },
{ "type": "Feature", "properties": { "visible_points": 67, "total_points": 120, "visibility_pct": 55.833333333333336 }, "geometry": { "type": "Point", "coordinates": [ -0.780306930353473, 52.004104383638349 ] } },
{ "type": "Feature", "properties": { "visible_points": 59, "total_points": 120, "visibility_pct": 49.166666666666664 }, "geometry": { "type": "Point", "coordinates": [ -0.780105125204411, 52.004102295577084 ] } },
{ "type": "Feature", "properties": { "visible_points": 51, "total_points": 120, "visibility_pct": 42.5 }, "geometry": { "type": "Point", "coordinates": [ -0.779903320078706, 52.004100207170097 ] } },
{ "type": "Feature", "properties": { "visible_points": 40, "total_points": 120, "visibility_pct": 33.333333333333329 }, "geometry": { "type": "Point", "coordinates": [ -0.779701514976352, 52.00409811841746 ] } },
{ "type": "Feature", "properties": { "visible_points": 28, "total_points": 118, "visibility_pct": 23.728813559322035 }, "geometry": { "type": "Point", "coordinates": [ -0.779499709897356, 52.00409602931915 ] } },
{ "type": "Feature", "properties": { "visible_points": 18, "total_points": 110, "visibility_pct": 16.363636363636363 }, "geometry": { "type": "Point", "coordinates": [ -0.779297904841725, 52.004093939875155 ] } },
{ "type": "Feature", "properties": { "visible_points": 6, "total_points": 99, "visibility_pct": 6.0606060606060606 }, "geometry": { "type": "Point", "coordinates": [ -0.779096099809462, 52.00409185008548 ] } },
{ "type": "Feature", "properties": { "visible_points": 4, "total_points": 87, "visibility_pct": 4.5977011494252871 }, "geometry": { "type": "Point", "coordinates": [ -0.778894294800569, 52.004089759950133 ] } },
{ "type": "Feature", "properties": { "visible_points": 39, "total_points": 93, "visibility_pct": 41.935483870967744 }, "geometry": { "type": "Point", "coordinates": [ -0.782422965707968, 52.004234152927324 ] } },
{ "type": "Feature", "properties": { "visible_points": 51, "total_points": 104, "visibility_pct": 49.038461538461533 }, "geometry": { "type": "Point", "coordinates": [ -0.782221159859847, 52.004232068487127 ] } },
{ "type": "Feature", "properties": { "visible_points": 60, "total_points": 113, "visibility_pct": 53.097345132743371 }, "geometry": { "type": "Point", "coordinates": [ -0.782019354035036, 52.004229983701251 ] } },
{ "type": "Feature", "properties": { "visible_points": 66, "total_points": 119, "visibility_pct": 55.462184873949582 }, "geometry": { "type": "Point", "coordinates": [ -0.781817548233544, 52.004227898569695 ] } },
{ "type": "Feature", "properties": { "visible_points": 77, "total_points": 120, "visibility_pct": 64.166666666666671 }, "geometry": { "type": "Point", "coordinates": [ -0.781615742455372, 52.004225813092454 ] } },
{ "type": "Feature", "properties": { "visible_points": 86, "total_points": 120, "visibility_pct": 71.666666666666671 }, "geometry": { "type": "Point", "coordinates": [ -0.781413936700521, 52.00422372726954 ] } },
{ "type": "Feature", "properties": { "visible_points": 88, "total_points": 120, "visibility_pct": 73.333333333333329 }, "geometry": { "type": "Point", "coordinates": [ -0.781212130968997, 52.004221641100955 ] } },
{ "type": "Feature", "properties": { "visible_points": 90, "total_points": 120, "visibility_pct": 75.0 }, "geometry": { "type": "Point", "coordinates": [ -0.781010325260804, 52.004219554586669 ] } },
{ "type": "Feature", "properties": { "visible_points": 85, "total_points": 120, "visibility_pct": 70.833333333333343 }, "geometry": { "type": "Point", "coordinates": [ -0.780808519575948, 52.004217467726718 ] } },
{ "type": "Feature", "properties": { "visible_points": 81, "total_points": 120, "visibility_pct": 67.5 }, "geometry": { "type": "Point", "coordinates": [ -0.780606713914426, 52.004215380521096 ] } },
{ "type": "Feature", "properties": { "visible_points": 78, "total_points": 120, "visibility_pct": 65.0 }, "geometry": { "type": "Point", "coordinates": [ -0.780404908276254, 52.00421329296978 ] } },
{ "type": "Feature", "properties": { "visible_points": 71, "total_points": 120, "visibility_pct": 59.166666666666664 }, "geometry": { "type": "Point", "coordinates": [ -0.780203102661419, 52.004211205072792 ] } },
{ "type": "Feature", "properties": { "visible_points": 65, "total_points": 120, "visibility_pct": 54.166666666666664 }, "geometry": { "type": "Point", "coordinates": [ -0.780001297069938, 52.004209116830125 ] } },
{ "type": "Feature", "properties": { "visible_points": 55, "total_points": 120, "visibility_pct": 45.833333333333329 }, "geometry": { "type": "Point", "coordinates": [ -0.779799491501809, 52.00420702824178 ] } },
{ "type": "Feature", "properties": { "visible_points": 43, "total_points": 120, "visibility_pct": 35.833333333333336 }, "geometry": { "type": "Point", "coordinates": [ -0.779597685957039, 52.004204939307755 ] } },
{ "type": "Feature", "properties": { "visible_points": 29, "total_points": 115, "visibility_pct": 25.217391304347824 }, "geometry": { "type": "Point", "coordinates": [ -0.77939588043563, 52.004202850028051 ] } },
{ "type": "Feature", "properties": { "visible_points": 21, "total_points": 105, "visibility_pct": 20.0 }, "geometry": { "type": "Point", "coordinates": [ -0.779194074937584, 52.004200760402675 ] } },
{ "type": "Feature", "properties": { "visible_points": 1, "total_points": 94, "visibility_pct": 1.0638297872340425 }, "geometry": { "type": "Point", "coordinates": [ -0.778992269462905, 52.00419867043162 ] } },
{ "type": "Feature", "properties": { "visible_points": 5, "total_points": 82, "visibility_pct": 6.0975609756097562 }, "geometry": { "type": "Point", "coordinates": [ -0.778790464011602, 52.004196580114886 ] } },
{ "type": "Feature", "properties": { "visible_points": 35, "total_points": 88, "visibility_pct": 39.772727272727273 }, "geometry": { "type": "Point", "coordinates": [ -0.782520948730795, 52.004343060535696 ] } },
{ "type": "Feature", "properties": { "visible_points": 46, "total_points": 100, "visibility_pct": 46.0 }, "geometry": { "type": "Point", "coordinates": [ -0.782319142416914, 52.004340976259797 ] } },
{ "type": "Feature", "properties": { "visible_points": 56, "total_points": 110, "visibility_pct": 50.909090909090907 }, "geometry": { "type": "Point", "coordinates": [ -0.78211733612635, 52.004338891638241 ] } },
{ "type": "Feature", "properties": { "visible_points": 65, "total_points": 117, "visibility_pct": 55.555555555555557 }, "geometry": { "type": "Point", "coordinates": [ -0.781915529859093, 52.004336806670992 ] } },
{ "type": "Feature", "properties": { "visible_points": 73, "total_points": 120, "visibility_pct": 60.833333333333329 }, "geometry": { "type": "Point", "coordinates": [ -0.781713723615158, 52.004334721358063 ] } },
{ "type": "Feature", "properties": { "visible_points": 83, "total_points": 120, "visibility_pct": 69.166666666666671 }, "geometry": { "type": "Point", "coordinates": [ -0.781511917394547, 52.004332635699456 ] } },
{ "type": "Feature", "properties": { "visible_points": 92, "total_points": 120, "visibility_pct": 76.666666666666671 }, "geometry": { "type": "Point", "coordinates": [ -0.781310111197253, 52.004330549695169 ] } },
{ "type": "Feature", "properties": { "visible_points": 91, "total_points": 120, "visibility_pct": 75.833333333333329 }, "geometry": { "type": "Point", "coordinates": [ -0.781108305023298, 52.00432846334521 ] } },
{ "type": "Feature", "properties": { "visible_points": 87, "total_points": 120, "visibility_pct": 72.5 }, "geometry": { "type": "Point", "coordinates": [ -0.780906498872669, 52.004326376649558 ] } },
{ "type": "Feature", "properties": { "visible_points": 82, "total_points": 120, "visibility_pct": 68.333333333333329 }, "geometry": { "type": "Point", "coordinates": [ -0.780704692745379, 52.004324289608228 ] } },
{ "type": "Feature", "properties": { "visible_points": 82, "total_points": 120, "visibility_pct": 68.333333333333329 }, "geometry": { "type": "Point", "coordinates": [ -0.780502886641431, 52.004322202221211 ] } },
{ "type": "Feature", "properties": { "visible_points": 80, "total_points": 120, "visibility_pct": 66.666666666666657 }, "geometry": { "type": "Point", "coordinates": [ -0.780301080560824, 52.004320114488529 ] } },
{ "type": "Feature", "properties": { "visible_points": 71, "total_points": 120, "visibility_pct": 59.166666666666664 }, "geometry": { "type": "Point", "coordinates": [ -0.780099274503568, 52.004318026410154 ] } },
{ "type": "Feature", "properties": { "visible_points": 68, "total_points": 120, "visibility_pct": 56.666666666666664 }, "geometry": { "type": "Point", "coordinates": [ -0.779897468469665, 52.004315937986121 ] } },
{ "type": "Feature", "properties": { "visible_points": 50, "total_points": 120, "visibility_pct": 41.666666666666671 }, "geometry": { "type": "Point", "coordinates": [ -0.779695662459111, 52.004313849216381 ] } },
{ "type": "Feature", "properties": { "visible_points": 41, "total_points": 118, "visibility_pct": 34.745762711864408 }, "geometry": { "type": "Point", "coordinates": [ -0.779493856471922, 52.004311760100961 ] } },
{ "type": "Feature", "properties": { "visible_points": 29, "total_points": 111, "visibility_pct": 26.126126126126124 }, "geometry": { "type": "Point", "coordinates": [ -0.779292050508093, 52.004309670639891 ] } },
{ "type": "Feature", "properties": { "visible_points": 14, "total_points": 101, "visibility_pct": 13.861386138613863 }, "geometry": { "type": "Point", "coordinates": [ -0.779090244567635, 52.004307580833114 ] } },
{ "type": "Feature", "properties": { "visible_points": 8, "total_points": 89, "visibility_pct": 8.9887640449438209 }, "geometry": { "type": "Point", "coordinates": [ -0.778888438650538, 52.004305490680672 ] } },
{ "type": "Feature", "properties": { "visible_points": 28, "total_points": 83, "visibility_pct": 33.734939759036145 }, "geometry": { "type": "Point", "coordinates": [ -0.782618932196045, 52.004451968064032 ] } },
{ "type": "Feature", "properties": { "visible_points": 40, "total_points": 95, "visibility_pct": 42.105263157894733 }, "geometry": { "type": "Point", "coordinates": [ -0.782417125416405, 52.004449883952475 ] } },
{ "type": "Feature", "properties": { "visible_points": 51, "total_points": 106, "visibility_pct": 48.113207547169814 }, "geometry": { "type": "Point", "coordinates": [ -0.782215318660077, 52.004447799495225 ] } },
{ "type": "Feature", "properties": { "visible_points": 57, "total_points": 115, "visibility_pct": 49.565217391304351 }, "geometry": { "type": "Point", "coordinates": [ -0.78201351192706, 52.004445714692288 ] } },
{ "type": "Feature", "properties": { "visible_points": 70, "total_points": 120, "visibility_pct": 58.333333333333336 }, "geometry": { "type": "Point", "coordinates": [ -0.781811705217363, 52.004443629543665 ] } },
{ "type": "Feature", "properties": { "visible_points": 80, "total_points": 120, "visibility_pct": 66.666666666666657 }, "geometry": { "type": "Point", "coordinates": [ -0.781609898530979, 52.004441544049378 ] } },
{ "type": "Feature", "properties": { "visible_points": 86, "total_points": 120, "visibility_pct": 71.666666666666671 }, "geometry": { "type": "Point", "coordinates": [ -0.781408091867928, 52.00443945820939 ] } },
{ "type": "Feature", "properties": { "visible_points": 90, "total_points": 120, "visibility_pct": 75.0 }, "geometry": { "type": "Point", "coordinates": [ -0.781206285228196, 52.004437372023723 ] } },
{ "type": "Feature", "properties": { "visible_points": 84, "total_points": 120, "visibility_pct": 70.0 }, "geometry": { "type": "Point", "coordinates": [ -0.781004478611799, 52.004435285492384 ] } },
{ "type": "Feature", "properties": { "visible_points": 87, "total_points": 120, "visibility_pct": 72.5 }, "geometry": { "type": "Point", "coordinates": [ -0.780802672018737, 52.004433198615367 ] } },
{ "type": "Feature", "properties": { "visible_points": 83, "total_points": 120, "visibility_pct": 69.166666666666671 }, "geometry": { "type": "Point", "coordinates": [ -0.780600865449012, 52.004431111392655 ] } },
{ "type": "Feature", "properties": { "visible_points": 82, "total_points": 120, "visibility_pct": 68.333333333333329 }, "geometry": { "type": "Point", "coordinates": [ -0.780399058902628, 52.004429023824265 ] } },
{ "type": "Feature", "properties": { "visible_points": 78, "total_points": 120, "visibility_pct": 65.0 }, "geometry": { "type": "Point", "coordinates": [ -0.780197252379597, 52.004426935910203 ] } },
{ "type": "Feature", "properties": { "visible_points": 74, "total_points": 120, "visibility_pct": 61.666666666666671 }, "geometry": { "type": "Point", "coordinates": [ -0.779995445879909, 52.004424847650448 ] } },
{ "type": "Feature", "properties": { "visible_points": 66, "total_points": 120, "visibility_pct": 55.000000000000007 }, "geometry": { "type": "Point", "coordinates": [ -0.77979363940358, 52.004422759044999 ] } },
{ "type": "Feature", "properties": { "visible_points": 47, "total_points": 120, "visibility_pct": 39.166666666666664 }, "geometry": { "type": "Point", "coordinates": [ -0.779591832950604, 52.0044206700939 ] } },
{ "type": "Feature", "properties": { "visible_points": 39, "total_points": 115, "visibility_pct": 33.913043478260867 }, "geometry": { "type": "Point", "coordinates": [ -0.779390026520995, 52.004418580797093 ] } },
{ "type": "Feature", "properties": { "visible_points": 27, "total_points": 107, "visibility_pct": 25.233644859813083 }, "geometry": { "type": "Point", "coordinates": [ -0.779188220114745, 52.004416491154622 ] } },
{ "type": "Feature", "properties": { "visible_points": 0, "total_points": 97, "visibility_pct": 0.0 }, "geometry": { "type": "Point", "coordinates": [ -0.778986413731868, 52.004414401166471 ] } },
{ "type": "Feature", "properties": { "visible_points": 10, "total_points": 85, "visibility_pct": 11.76470588235294 }, "geometry": { "type": "Point", "coordinates": [ -0.778784607372364, 52.004412310832635 ] } },
{ "type": "Feature", "properties": { "visible_points": 0, "total_points": 77, "visibility_pct": 0.0 }, "geometry": { "type": "Point", "coordinates": [ -0.78271691610372, 52.004560875512389 ] } },
{ "type": "Feature", "properties": { "visible_points": 28, "total_points": 89, "visibility_pct": 31.460674157303369 }, "geometry": { "type": "Point", "coordinates": [ -0.782515108858324, 52.004558791565131 ] } },
{ "type": "Feature", "properties": { "visible_points": 42, "total_points": 100, "visibility_pct": 42.0 }, "geometry": { "type": "Point", "coordinates": [ -0.782313301636233, 52.004556707272187 ] } },
{ "type": "Feature", "properties": { "visible_points": 51, "total_points": 109, "visibility_pct": 46.788990825688074 }, "geometry": { "type": "Point", "coordinates": [ -0.78211149443745, 52.004554622633577 ] } },
{ "type": "Feature", "properties": { "visible_points": 60, "total_points": 115, "visibility_pct": 52.173913043478258 }, "geometry": { "type": "Point", "coordinates": [ -0.781909687261984, 52.004552537649275 ] } },
{ "type": "Feature", "properties": { "visible_points": 69, "total_points": 115, "visibility_pct": 60.0 }, "geometry": { "type": "Point", "coordinates": [ -0.781707880109837, 52.004550452319293 ] } },
{ "type": "Feature", "properties": { "visible_points": 78, "total_points": 116, "visibility_pct": 67.241379310344826 }, "geometry": { "type": "Point", "coordinates": [ -0.781506072981008, 52.004548366643604 ] } },
{ "type": "Feature", "properties": { "visible_points": 84, "total_points": 117, "visibility_pct": 71.794871794871796 }, "geometry": { "type": "Point", "coordinates": [ -0.781304265875509, 52.004546280622257 ] } },
{ "type": "Feature", "properties": { "visible_points": 84, "total_points": 118, "visibility_pct": 71.186440677966104 }, "geometry": { "type": "Point", "coordinates": [ -0.781102458793339, 52.004544194255224 ] } },
{ "type": "Feature", "properties": { "visible_points": 79, "total_points": 119, "visibility_pct": 66.386554621848731 }, "geometry": { "type": "Point", "coordinates": [ -0.780900651734504, 52.00454210754252 ] } },
{ "type": "Feature", "properties": { "visible_points": 79, "total_points": 120, "visibility_pct": 65.833333333333329 }, "geometry": { "type": "Point", "coordinates": [ -0.780698844698999, 52.004540020484086 ] } },
{ "type": "Feature", "properties": { "visible_points": 80, "total_points": 120, "visibility_pct": 66.666666666666657 }, "geometry": { "type": "Point", "coordinates": [ -0.780497037686844, 52.004537933080002 ] } },
{ "type": "Feature", "properties": { "visible_points": 78, "total_points": 120, "visibility_pct": 65.0 }, "geometry": { "type": "Point", "coordinates": [ -0.780295230698024, 52.004535845330246 ] } },
{ "type": "Feature", "properties": { "visible_points": 74, "total_points": 120, "visibility_pct": 61.666666666666671 }, "geometry": { "type": "Point", "coordinates": [ -0.780093423732561, 52.004533757234803 ] } },
{ "type": "Feature", "properties": { "visible_points": 66, "total_points": 120, "visibility_pct": 55.000000000000007 }, "geometry": { "type": "Point", "coordinates": [ -0.779891616790446, 52.004531668793661 ] } },
{ "type": "Feature", "properties": { "visible_points": 55, "total_points": 120, "visibility_pct": 45.833333333333329 }, "geometry": { "type": "Point", "coordinates": [ -0.779689809871689, 52.004529580006839 ] } },
{ "type": "Feature", "properties": { "visible_points": 42, "total_points": 118, "visibility_pct": 35.593220338983052 }, "geometry": { "type": "Point", "coordinates": [ -0.779488002976284, 52.004527490874345 ] } },
{ "type": "Feature", "properties": { "visible_points": 37, "total_points": 112, "visibility_pct": 33.035714285714285 }, "geometry": { "type": "Point", "coordinates": [ -0.779286196104253, 52.004525401396165 ] } },
{ "type": "Feature", "properties": { "visible_points": 12, "total_points": 103, "visibility_pct": 11.650485436893204 }, "geometry": { "type": "Point", "coordinates": [ -0.779084389255583, 52.004523311572306 ] } },
{ "type": "Feature", "properties": { "visible_points": 12, "total_points": 92, "visibility_pct": 13.043478260869565 }, "geometry": { "type": "Point", "coordinates": [ -0.778882582430287, 52.004521221402754 ] } },
{ "type": "Feature", "properties": { "visible_points": 0, "total_points": 78, "visibility_pct": 0.0 }, "geometry": { "type": "Point", "coordinates": [ -0.782613092742673, 52.004667699097787 ] } },
{ "type": "Feature", "properties": { "visible_points": 31, "total_points": 89, "visibility_pct": 34.831460674157306 }, "geometry": { "type": "Point", "coordinates": [ -0.782411285054811, 52.004665614969163 ] } },
{ "type": "Feature", "properties": { "visible_points": 43, "total_points": 99, "visibility_pct": 43.43434343434344 }, "geometry": { "type": "Point", "coordinates": [ -0.782209477390267, 52.004663530494867 ] } },
{ "type": "Feature", "properties": { "visible_points": 52, "total_points": 107, "visibility_pct": 48.598130841121495 }, "geometry": { "type": "Point", "coordinates": [ -0.782007669749029, 52.004661445674877 ] } },
{ "type": "Feature", "properties": { "visible_points": 61, "total_points": 110, "visibility_pct": 55.454545454545453 }, "geometry": { "type": "Point", "coordinates": [ -0.781805862131115, 52.004659360509194 ] } },
{ "type": "Feature", "properties": { "visible_points": 67, "total_points": 110, "visibility_pct": 60.909090909090914 }, "geometry": { "type": "Point", "coordinates": [ -0.781604054536515, 52.004657274997847 ] } },
{ "type": "Feature", "properties": { "visible_points": 72, "total_points": 110, "visibility_pct": 65.454545454545453 }, "geometry": { "type": "Point", "coordinates": [ -0.781402246965239, 52.004655189140792 ] } },
{ "type": "Feature", "properties": { "visible_points": 74, "total_points": 112, "visibility_pct": 66.071428571428569 }, "geometry": { "type": "Point", "coordinates": [ -0.781200439417295, 52.004653102938072 ] } },
{ "type": "Feature", "properties": { "visible_points": 72, "total_points": 114, "visibility_pct": 63.157894736842103 }, "geometry": { "type": "Point", "coordinates": [ -0.780998631892678, 52.004651016389666 ] } },
{ "type": "Feature", "properties": { "visible_points": 70, "total_points": 116, "visibility_pct": 60.344827586206897 }, "geometry": { "type": "Point", "coordinates": [ -0.780796824391404, 52.004648929495545 ] } },
{ "type": "Feature", "properties": { "visible_points": 71, "total_points": 118, "visibility_pct": 60.169491525423723 }, "geometry": { "type": "Point", "coordinates": [ -0.78059501691346, 52.004646842255774 ] } },
{ "type": "Feature", "properties": { "visible_points": 71, "total_points": 120, "visibility_pct": 59.166666666666664 }, "geometry": { "type": "Point", "coordinates": [ -0.780393209458862, 52.004644754670295 ] } },
{ "type": "Feature", "properties": { "visible_points": 69, "total_points": 120, "visibility_pct": 57.5 }, "geometry": { "type": "Point", "coordinates": [ -0.780191402027615, 52.004642666739151 ] } },
{ "type": "Feature", "properties": { "visible_points": 67, "total_points": 120, "visibility_pct": 55.833333333333336 }, "geometry": { "type": "Point", "coordinates": [ -0.779989594619709, 52.004640578462322 ] } },
{ "type": "Feature", "properties": { "visible_points": 52, "total_points": 120, "visibility_pct": 43.333333333333336 }, "geometry": { "type": "Point", "coordinates": [ -0.779787787235167, 52.004638489839799 ] } },
{ "type": "Feature", "properties": { "visible_points": 40, "total_points": 120, "visibility_pct": 33.333333333333329 }, "geometry": { "type": "Point", "coordinates": [ -0.77958597987398, 52.00463640087159 ] } },
{ "type": "Feature", "properties": { "visible_points": 31, "total_points": 116, "visibility_pct": 26.72413793103448 }, "geometry": { "type": "Point", "coordinates": [ -0.779384172536152, 52.004634311557702 ] } },
{ "type": "Feature", "properties": { "visible_points": 17, "total_points": 109, "visibility_pct": 15.596330275229359 }, "geometry": { "type": "Point", "coordinates": [ -0.779182365221696, 52.004632221898142 ] } },
{ "type": "Feature", "properties": { "visible_points": 6, "total_points": 99, "visibility_pct": 6.0606060606060606 }, "geometry": { "type": "Point", "coordinates": [ -0.778980557930598, 52.004630131892895 ] } },
{ "type": "Feature", "properties": { "visible_points": 10, "total_points": 87, "visibility_pct": 11.494252873563218 }, "geometry": { "type": "Point", "coordinates": [ -0.77877875066288, 52.004628041541956 ] } },
{ "type": "Feature", "properties": { "visible_points": 0, "total_points": 67, "visibility_pct": 0.0 }, "geometry": { "type": "Point", "coordinates": [ -0.782711077069449, 52.004776606550458 ] } },
{ "type": "Feature", "properties": { "visible_points": 0, "total_points": 77, "visibility_pct": 0.0 }, "geometry": { "type": "Point", "coordinates": [ -0.78250926891583, 52.004774522586139 ] } },
{ "type": "Feature", "properties": { "visible_points": 25, "total_points": 87, "visibility_pct": 28.735632183908045 }, "geometry": { "type": "Point", "coordinates": [ -0.782307460785509, 52.004772438276142 ] } },
{ "type": "Feature", "properties": { "visible_points": 31, "total_points": 96, "visibility_pct": 32.291666666666671 }, "geometry": { "type": "Point", "coordinates": [ -0.782105652678507, 52.004770353620479 ] } },
{ "type": "Feature", "properties": { "visible_points": 45, "total_points": 102, "visibility_pct": 44.117647058823529 }, "geometry": { "type": "Point", "coordinates": [ -0.781903844594812, 52.00476826861911 ] } },
{ "type": "Feature", "properties": { "visible_points": 57, "total_points": 102, "visibility_pct": 55.882352941176471 }, "geometry": { "type": "Point", "coordinates": [ -0.781702036534444, 52.004766183272075 ] } },
{ "type": "Feature", "properties": { "visible_points": 62, "total_points": 103, "visibility_pct": 60.194174757281552 }, "geometry": { "type": "Point", "coordinates": [ -0.781500228497394, 52.004764097579333 ] } },
{ "type": "Feature", "properties": { "visible_points": 63, "total_points": 104, "visibility_pct": 60.576923076923073 }, "geometry": { "type": "Point", "coordinates": [ -0.781298420483671, 52.004762011540912 ] } },
{ "type": "Feature", "properties": { "visible_points": 64, "total_points": 107, "visibility_pct": 59.813084112149525 }, "geometry": { "type": "Point", "coordinates": [ -0.781096612493272, 52.004759925156797 ] } },
{ "type": "Feature", "properties": { "visible_points": 63, "total_points": 110, "visibility_pct": 57.272727272727273 }, "geometry": { "type": "Point", "coordinates": [ -0.780894804526214, 52.004757838427018 ] } },
{ "type": "Feature", "properties": { "visible_points": 65, "total_points": 113, "visibility_pct": 57.522123893805308 }, "geometry": { "type": "Point", "coordinates": [ -0.780692996582495, 52.004755751351553 ] } },
{ "type": "Feature", "properties": { "visible_points": 66, "total_points": 116, "visibility_pct": 56.896551724137936 }, "geometry": { "type": "Point", "coordinates": [ -0.78049118866211, 52.004753663930366 ] } },
{ "type": "Feature", "properties": { "visible_points": 64, "total_points": 119, "visibility_pct": 53.781512605042018 }, "geometry": { "type": "Point", "coordinates": [ -0.780289380765074, 52.004751576163521 ] } },
{ "type": "Feature", "properties": { "visible_points": 60, "total_points": 120, "visibility_pct": 50.0 }, "geometry": { "type": "Point", "coordinates": [ -0.780087572891388, 52.004749488050976 ] } },
{ "type": "Feature", "properties": { "visible_points": 52, "total_points": 120, "visibility_pct": 43.333333333333336 }, "geometry": { "type": "Point", "coordinates": [ -0.779885765041052, 52.004747399592766 ] } },
{ "type": "Feature", "properties": { "visible_points": 43, "total_points": 120, "visibility_pct": 35.833333333333336 }, "geometry": { "type": "Point", "coordinates": [ -0.779683957214075, 52.00474531078887 ] } },
{ "type": "Feature", "properties": { "visible_points": 31, "total_points": 119, "visibility_pct": 26.05042016806723 }, "geometry": { "type": "Point", "coordinates": [ -0.779482149410455, 52.004743221639288 ] } },
{ "type": "Feature", "properties": { "visible_points": 24, "total_points": 114, "visibility_pct": 21.052631578947366 }, "geometry": { "type": "Point", "coordinates": [ -0.779280341630202, 52.004741132144005 ] } },
{ "type": "Feature", "properties": { "visible_points": 7, "total_points": 105, "visibility_pct": 6.666666666666667 }, "geometry": { "type": "Point", "coordinates": [ -0.77907853387331, 52.004739042303036 ] } },
{ "type": "Feature", "properties": { "visible_points": 8, "total_points": 94, "visibility_pct": 8.5106382978723403 }, "geometry": { "type": "Point", "coordinates": [ -0.778876726139796, 52.004736952116403 ] } },
{ "type": "Feature", "properties": { "visible_points": 5, "total_points": 66, "visibility_pct": 7.5757575757575761 }, "geometry": { "type": "Point", "coordinates": [ -0.782607253219278, 52.004883430123122 ] } },
{ "type": "Feature", "properties": { "visible_points": 5, "total_points": 75, "visibility_pct": 6.666666666666667 }, "geometry": { "type": "Point", "coordinates": [ -0.782405444623188, 52.004881345977431 ] } },
{ "type": "Feature", "properties": { "visible_points": 5, "total_points": 83, "visibility_pct": 6.024096385542169 }, "geometry": { "type": "Point", "coordinates": [ -0.782203636050413, 52.004879261486074 ] } },
{ "type": "Feature", "properties": { "visible_points": 2, "total_points": 91, "visibility_pct": 2.197802197802198 }, "geometry": { "type": "Point", "coordinates": [ -0.782001827500945, 52.004877176649025 ] } },
{ "type": "Feature", "properties": { "visible_points": 1, "total_points": 93, "visibility_pct": 1.0752688172043012 }, "geometry": { "type": "Point", "coordinates": [ -0.781800018974797, 52.004875091466296 ] } },
{ "type": "Feature", "properties": { "visible_points": 14, "total_points": 94, "visibility_pct": 14.893617021276595 }, "geometry": { "type": "Point", "coordinates": [ -0.781598210471969, 52.004873005937874 ] } },
{ "type": "Feature", "properties": { "visible_points": 12, "total_points": 96, "visibility_pct": 12.5 }, "geometry": { "type": "Point", "coordinates": [ -0.781396401992466, 52.004870920063766 ] } },
{ "type": "Feature", "properties": { "visible_points": 46, "total_points": 98, "visibility_pct": 46.938775510204081 }, "geometry": { "type": "Point", "coordinates": [ -0.781194593536289, 52.004868833843958 ] } },
{ "type": "Feature", "properties": { "visible_points": 56, "total_points": 101, "visibility_pct": 55.445544554455452 }, "geometry": { "type": "Point", "coordinates": [ -0.780992785103451, 52.004866747278477 ] } },
{ "type": "Feature", "properties": { "visible_points": 56, "total_points": 105, "visibility_pct": 53.333333333333336 }, "geometry": { "type": "Point", "coordinates": [ -0.780790976693939, 52.004864660367311 ] } },
{ "type": "Feature", "properties": { "visible_points": 57, "total_points": 109, "visibility_pct": 52.293577981651374 }, "geometry": { "type": "Point", "coordinates": [ -0.780589168307772, 52.004862573110437 ] } },
{ "type": "Feature", "properties": { "visible_points": 59, "total_points": 113, "visibility_pct": 52.212389380530979 }, "geometry": { "type": "Point", "coordinates": [ -0.780387359944949, 52.004860485507905 ] } },
{ "type": "Feature", "properties": { "visible_points": 54, "total_points": 117, "visibility_pct": 46.153846153846153 }, "geometry": { "type": "Point", "coordinates": [ -0.780185551605469, 52.00485839755968 ] } },
{ "type": "Feature", "properties": { "visible_points": 50, "total_points": 120, "visibility_pct": 41.666666666666671 }, "geometry": { "type": "Point", "coordinates": [ -0.779983743289346, 52.00485630926574 ] } },
{ "type": "Feature", "properties": { "visible_points": 44, "total_points": 120, "visibility_pct": 36.666666666666664 }, "geometry": { "type": "Point", "coordinates": [ -0.779781934996574, 52.004854220626136 ] } },
{ "type": "Feature", "properties": { "visible_points": 33, "total_points": 120, "visibility_pct": 27.5 }, "geometry": { "type": "Point", "coordinates": [ -0.779580126727158, 52.004852131640853 ] } },
{ "type": "Feature", "properties": { "visible_points": 28, "total_points": 118, "visibility_pct": 23.728813559322035 }, "geometry": { "type": "Point", "coordinates": [ -0.779378318481105, 52.004850042309876 ] } },
{ "type": "Feature", "properties": { "visible_points": 23, "total_points": 111, "visibility_pct": 20.72072072072072 }, "geometry": { "type": "Point", "coordinates": [ -0.779176510258424, 52.004847952633199 ] } },
{ "type": "Feature", "properties": { "visible_points": 6, "total_points": 101, "visibility_pct": 5.9405940594059405 }, "geometry": { "type": "Point", "coordinates": [ -0.778974702059104, 52.004845862610857 ] } },
{ "type": "Feature", "properties": { "visible_points": 9, "total_points": 89, "visibility_pct": 10.112359550561797 }, "geometry": { "type": "Point", "coordinates": [ -0.778772893883163, 52.004843772242829 ] } },
{ "type": "Feature", "properties": { "visible_points": 1, "total_points": 55, "visibility_pct": 1.8181818181818181 }, "geometry": { "type": "Point", "coordinates": [ -0.782705237965168, 52.004992337580056 ] } },
{ "type": "Feature", "properties": { "visible_points": 3, "total_points": 63, "visibility_pct": 4.7619047619047619 }, "geometry": { "type": "Point", "coordinates": [ -0.782503428903306, 52.004990253598706 ] } },
{ "type": "Feature", "properties": { "visible_points": 2, "total_points": 70, "visibility_pct": 2.8571428571428572 }, "geometry": { "type": "Point", "coordinates": [ -0.782301619864753, 52.004988169271662 ] } },
{ "type": "Feature", "properties": { "visible_points": 0, "total_points": 86, "visibility_pct": 0.0 }, "geometry": { "type": "Point", "coordinates": [ -0.781494383943691, 52.004979828506606 ] } },
{ "type": "Feature", "properties": { "visible_points": 4, "total_points": 88, "visibility_pct": 4.5454545454545459 }, "geometry": { "type": "Point", "coordinates": [ -0.78129257502173, 52.004977742451111 ] } },
{ "type": "Feature", "properties": { "visible_points": 4, "total_points": 91, "visibility_pct": 4.395604395604396 }, "geometry": { "type": "Point", "coordinates": [ -0.781090766123104, 52.00497565604995 ] } },
{ "type": "Feature", "properties": { "visible_points": 26, "total_points": 95, "visibility_pct": 27.368421052631582 }, "geometry": { "type": "Point", "coordinates": [ -0.780888957247812, 52.004973569303083 ] } },
{ "type": "Feature", "properties": { "visible_points": 38, "total_points": 100, "visibility_pct": 38.0 }, "geometry": { "type": "Point", "coordinates": [ -0.780687148395851, 52.004971482210522 ] } },
{ "type": "Feature", "properties": { "visible_points": 54, "total_points": 105, "visibility_pct": 51.428571428571423 }, "geometry": { "type": "Point", "coordinates": [ -0.78048533956724, 52.004969394772282 ] } },
{ "type": "Feature", "properties": { "visible_points": 50, "total_points": 110, "visibility_pct": 45.454545454545453 }, "geometry": { "type": "Point", "coordinates": [ -0.780283530761969, 52.004967306988362 ] } },
{ "type": "Feature", "properties": { "visible_points": 43, "total_points": 115, "visibility_pct": 37.391304347826086 }, "geometry": { "type": "Point", "coordinates": [ -0.780081721980048, 52.004965218858743 ] } },
{ "type": "Feature", "properties": { "visible_points": 38, "total_points": 119, "visibility_pct": 31.932773109243694 }, "geometry": { "type": "Point", "coordinates": [ -0.779879913221483, 52.004963130383423 ] } },
{ "type": "Feature", "properties": { "visible_points": 33, "total_points": 120, "visibility_pct": 27.5 }, "geometry": { "type": "Point", "coordinates": [ -0.779678104486272, 52.004961041562453 ] } },
{ "type": "Feature", "properties": { "visible_points": 36, "total_points": 120, "visibility_pct": 30.0 }, "geometry": { "type": "Point", "coordinates": [ -0.779476295774422, 52.004958952395761 ] } },
{ "type": "Feature", "properties": { "visible_points": 26, "total_points": 116, "visibility_pct": 22.413793103448278 }, "geometry": { "type": "Point", "coordinates": [ -0.779274487085936, 52.004956862883382 ] } },
{ "type": "Feature", "properties": { "visible_points": 13, "total_points": 107, "visibility_pct": 12.149532710280374 }, "geometry": { "type": "Point", "coordinates": [ -0.779072678420815, 52.004954773025325 ] } },
{ "type": "Feature", "properties": { "visible_points": 8, "total_points": 96, "visibility_pct": 8.3333333333333321 }, "geometry": { "type": "Point", "coordinates": [ -0.778870869779071, 52.004952682821596 ] } },
{ "type": "Feature", "properties": { "visible_points": 9, "total_points": 83, "visibility_pct": 10.843373493975903 }, "geometry": { "type": "Point", "coordinates": [ -0.778669061160701, 52.004950592272181 ] } },
{ "type": "Feature", "properties": { "visible_points": 4, "total_points": 89, "visibility_pct": 4.4943820224719104 }, "geometry": { "type": "Point", "coordinates": [ -0.780785128926358, 52.005080391230607 ] } },
{ "type": "Feature", "properties": { "visible_points": 9, "total_points": 95, "visibility_pct": 9.4736842105263168 }, "geometry": { "type": "Point", "coordinates": [ -0.780583319631947, 52.00507830395668 ] } },
{ "type": "Feature", "properties": { "visible_points": 21, "total_points": 101, "visibility_pct": 20.792079207920793 }, "geometry": { "type": "Point", "coordinates": [ -0.780381510360888, 52.005076216337038 ] } },
{ "type": "Feature", "properties": { "visible_points": 35, "total_points": 107, "visibility_pct": 32.710280373831772 }, "geometry": { "type": "Point", "coordinates": [ -0.780179701113167, 52.005074128371746 ] } },
{ "type": "Feature", "properties": { "visible_points": 36, "total_points": 113, "visibility_pct": 31.858407079646017 }, "geometry": { "type": "Point", "coordinates": [ -0.779977891888804, 52.005072040060739 ] } },
{ "type": "Feature", "properties": { "visible_points": 31, "total_points": 118, "visibility_pct": 26.271186440677969 }, "geometry": { "type": "Point", "coordinates": [ -0.779776082687798, 52.005069951404025 ] } },
{ "type": "Feature", "properties": { "visible_points": 40, "total_points": 120, "visibility_pct": 33.333333333333329 }, "geometry": { "type": "Point", "coordinates": [ -0.779574273510143, 52.00506786240166 ] } },
{ "type": "Feature", "properties": { "visible_points": 33, "total_points": 120, "visibility_pct": 27.5 }, "geometry": { "type": "Point", "coordinates": [ -0.779372464355853, 52.005065773053595 ] } },
{ "type": "Feature", "properties": { "visible_points": 20, "total_points": 113, "visibility_pct": 17.699115044247787 }, "geometry": { "type": "Point", "coordinates": [ -0.779170655224933, 52.005063683359822 ] } },
{ "type": "Feature", "properties": { "visible_points": 3, "total_points": 102, "visibility_pct": 2.9411764705882351 }, "geometry": { "type": "Point", "coordinates": [ -0.77896884611738, 52.005061593320391 ] } },
{ "type": "Feature", "properties": { "visible_points": 10, "total_points": 89, "visibility_pct": 11.235955056179774 }, "geometry": { "type": "Point", "coordinates": [ -0.778767037033202, 52.005059502935239 ] } },
{ "type": "Feature", "properties": { "visible_points": 8, "total_points": 76, "visibility_pct": 10.526315789473683 }, "geometry": { "type": "Point", "coordinates": [ -0.778565227972403, 52.005057412204422 ] } },
{ "type": "Feature", "properties": { "visible_points": 9, "total_points": 91, "visibility_pct": 9.8901098901098905 }, "geometry": { "type": "Point", "coordinates": [ -0.780479490402224, 52.005185125605749 ] } },
{ "type": "Feature", "properties": { "visible_points": 8, "total_points": 98, "visibility_pct": 8.1632653061224492 }, "geometry": { "type": "Point", "coordinates": [ -0.780277680688709, 52.005183037804748 ] } },
{ "type": "Feature", "properties": { "visible_points": 21, "total_points": 105, "visibility_pct": 20.0 }, "geometry": { "type": "Point", "coordinates": [ -0.780075870998544, 52.00518094965804 ] } },
{ "type": "Feature", "properties": { "visible_points": 31, "total_points": 111, "visibility_pct": 27.927927927927925 }, "geometry": { "type": "Point", "coordinates": [ -0.779874061331734, 52.005178861165653 ] } },
{ "type": "Feature", "properties": { "visible_points": 34, "total_points": 117, "visibility_pct": 29.059829059829063 }, "geometry": { "type": "Point", "coordinates": [ -0.779672251688279, 52.005176772327566 ] } },
{ "type": "Feature", "properties": { "visible_points": 13, "total_points": 120, "visibility_pct": 10.833333333333334 }, "geometry": { "type": "Point", "coordinates": [ -0.779470442068188, 52.005174683143807 ] } },
{ "type": "Feature", "properties": { "visible_points": 0, "total_points": 118, "visibility_pct": 0.0 }, "geometry": { "type": "Point", "coordinates": [ -0.779268632471457, 52.005172593614333 ] } },
{ "type": "Feature", "properties": { "visible_points": 0, "total_points": 106, "visibility_pct": 0.0 }, "geometry": { "type": "Point", "coordinates": [ -0.779066822898099, 52.005170503739187 ] } },
{ "type": "Feature", "properties": { "visible_points": 8, "total_points": 94, "visibility_pct": 8.5106382978723403 }, "geometry": { "type": "Point", "coordinates": [ -0.778865013348108, 52.005168413518348 ] } },
{ "type": "Feature", "properties": { "visible_points": 8, "total_points": 81, "visibility_pct": 9.8765432098765427 }, "geometry": { "type": "Point", "coordinates": [ -0.7786632038215, 52.005166322951808 ] } },
{ "type": "Feature", "properties": { "visible_points": 10, "total_points": 68, "visibility_pct": 14.705882352941178 }, "geometry": { "type": "Point", "coordinates": [ -0.778461394318261, 52.005164232039597 ] } },
{ "type": "Feature", "properties": { "visible_points": 9, "total_points": 86, "visibility_pct": 10.465116279069768 }, "geometry": { "type": "Point", "coordinates": [ -0.780375660706673, 52.005291947157758 ] } },
{ "type": "Feature", "properties": { "visible_points": 16, "total_points": 93, "visibility_pct": 17.20430107526882 }, "geometry": { "type": "Point", "coordinates": [ -0.780173850550703, 52.005289859175356 ] } },
{ "type": "Feature", "properties": { "visible_points": 15, "total_points": 100, "visibility_pct": 15.0 }, "geometry": { "type": "Point", "coordinates": [ -0.779972040418092, 52.005287770847289 ] } },
{ "type": "Feature", "properties": { "visible_points": 20, "total_points": 106, "visibility_pct": 18.867924528301888 }, "geometry": { "type": "Point", "coordinates": [ -0.779770230308831, 52.005285682173501 ] } },
{ "type": "Feature", "properties": { "visible_points": 0, "total_points": 111, "visibility_pct": 0.0 }, "geometry": { "type": "Point", "coordinates": [ -0.779568420222935, 52.005283593154026 ] } },
{ "type": "Feature", "properties": { "visible_points": 19, "total_points": 114, "visibility_pct": 16.666666666666664 }, "geometry": { "type": "Point", "coordinates": [ -0.779366610160394, 52.005281503788865 ] } },
{ "type": "Feature", "properties": { "visible_points": 15, "total_points": 106, "visibility_pct": 14.150943396226415 }, "geometry": { "type": "Point", "coordinates": [ -0.779164800121224, 52.005279414078011 ] } },
{ "type": "Feature", "properties": { "visible_points": 3, "total_points": 95, "visibility_pct": 3.1578947368421053 }, "geometry": { "type": "Point", "coordinates": [ -0.778962990105423, 52.005277324021463 ] } },
{ "type": "Feature", "properties": { "visible_points": 6, "total_points": 83, "visibility_pct": 7.2289156626506017 }, "geometry": { "type": "Point", "coordinates": [ -0.778761180112999, 52.00527523361923 ] } },
{ "type": "Feature", "properties": { "visible_points": 8, "total_points": 71, "visibility_pct": 11.267605633802818 }, "geometry": { "type": "Point", "coordinates": [ -0.778559370143949, 52.005273142871289 ] } },
{ "type": "Feature", "properties": { "visible_points": 9, "total_points": 80, "visibility_pct": 11.25 }, "geometry": { "type": "Point", "coordinates": [ -0.780271830545291, 52.005398768612686 ] } },
{ "type": "Feature", "properties": { "visible_points": 18, "total_points": 87, "visibility_pct": 20.689655172413794 }, "geometry": { "type": "Point", "coordinates": [ -0.780070019946875, 52.005396680448897 ] } },
{ "type": "Feature", "properties": { "visible_points": 17, "total_points": 93, "visibility_pct": 18.27956989247312 }, "geometry": { "type": "Point", "coordinates": [ -0.779868209371804, 52.005394591939428 ] } },
{ "type": "Feature", "properties": { "visible_points": 14, "total_points": 99, "visibility_pct": 14.14141414141414 }, "geometry": { "type": "Point", "coordinates": [ -0.779666398820098, 52.005392503084259 ] } },
{ "type": "Feature", "properties": { "visible_points": 22, "total_points": 102, "visibility_pct": 21.568627450980394 }, "geometry": { "type": "Point", "coordinates": [ -0.77946458829175, 52.00539041388339 ] } },
{ "type": "Feature", "properties": { "visible_points": 16, "total_points": 101, "visibility_pct": 15.841584158415841 }, "geometry": { "type": "Point", "coordinates": [ -0.779262777786763, 52.005388324336842 ] } },
{ "type": "Feature", "properties": { "visible_points": 0, "total_points": 93, "visibility_pct": 0.0 }, "geometry": { "type": "Point", "coordinates": [ -0.779060967305152, 52.0053862344446 ] } },
{ "type": "Feature", "properties": { "visible_points": 5, "total_points": 83, "visibility_pct": 6.024096385542169 }, "geometry": { "type": "Point", "coordinates": [ -0.778859156846912, 52.005384144206658 ] } },
{ "type": "Feature", "properties": { "visible_points": 10, "total_points": 72, "visibility_pct": 13.888888888888889 }, "geometry": { "type": "Point", "coordinates": [ -0.778657346412045, 52.00538205362303 ] } },
{ "type": "Feature", "properties": { "visible_points": 7, "total_points": 74, "visibility_pct": 9.4594594594594597 }, "geometry": { "type": "Point", "coordinates": [ -0.780167999918081, 52.005505589970539 ] } },
{ "type": "Feature", "properties": { "visible_points": 13, "total_points": 80, "visibility_pct": 16.25 }, "geometry": { "type": "Point", "coordinates": [ -0.779966188877203, 52.00550350162537 ] } },
{ "type": "Feature", "properties": { "visible_points": 16, "total_points": 86, "visibility_pct": 18.604651162790699 }, "geometry": { "type": "Point", "coordinates": [ -0.779764377859684, 52.005501412934514 ] } },
{ "type": "Feature", "properties": { "visible_points": 16, "total_points": 90, "visibility_pct": 17.777777777777779 }, "geometry": { "type": "Point", "coordinates": [ -0.779562566865522, 52.005499323897936 ] } },
{ "type": "Feature", "properties": { "visible_points": 14, "total_points": 91, "visibility_pct": 15.384615384615385 }, "geometry": { "type": "Point", "coordinates": [ -0.779360755894726, 52.005497234515687 ] } },
{ "type": "Feature", "properties": { "visible_points": 11, "total_points": 88, "visibility_pct": 12.5 }, "geometry": { "type": "Point", "coordinates": [ -0.779158944947296, 52.005495144787744 ] } },
{ "type": "Feature", "properties": { "visible_points": 5, "total_points": 80, "visibility_pct": 6.25 }, "geometry": { "type": "Point", "coordinates": [ -0.778957134023233, 52.005493054714101 ] } },
{ "type": "Feature", "properties": { "visible_points": 7, "total_points": 71, "visibility_pct": 9.8591549295774641 }, "geometry": { "type": "Point", "coordinates": [ -0.778755323122553, 52.005490964294758 ] } },
{ "type": "Feature", "properties": { "visible_points": 12, "total_points": 61, "visibility_pct": 19.672131147540984 }, "geometry": { "type": "Point", "coordinates": [ -0.778553512245243, 52.005488873529742 ] } },
{ "type": "Feature", "properties": { "visible_points": 15, "total_points": 73, "visibility_pct": 20.547945205479451 }, "geometry": { "type": "Point", "coordinates": [ -0.779862357341701, 52.005610322704761 ] } },
{ "type": "Feature", "properties": { "visible_points": 13, "total_points": 77, "visibility_pct": 16.883116883116884 }, "geometry": { "type": "Point", "coordinates": [ -0.77966054588172, 52.005608233832483 ] } },
{ "type": "Feature", "properties": { "visible_points": 17, "total_points": 79, "visibility_pct": 21.518987341772153 }, "geometry": { "type": "Point", "coordinates": [ -0.779458734445109, 52.005606144614546 ] } },
{ "type": "Feature", "properties": { "visible_points": 18, "total_points": 79, "visibility_pct": 22.784810126582279 }, "geometry": { "type": "Point", "coordinates": [ -0.779256923031859, 52.005604055050902 ] } },
{ "type": "Feature", "properties": { "visible_points": 17, "total_points": 75, "visibility_pct": 22.666666666666664 }, "geometry": { "type": "Point", "coordinates": [ -0.779055111641981, 52.005601965141558 ] } },
{ "type": "Feature", "properties": { "visible_points": 6, "total_points": 67, "visibility_pct": 8.9552238805970141 }, "geometry": { "type": "Point", "coordinates": [ -0.778853300275472, 52.005599874886506 ] } },
{ "type": "Feature", "properties": { "visible_points": 17, "total_points": 67, "visibility_pct": 25.373134328358208 }, "geometry": { "type": "Point", "coordinates": [ -0.779556713437917, 52.005715054633406 ] } },
{ "type": "Feature", "properties": { "visible_points": 15, "total_points": 68, "visibility_pct": 22.058823529411764 }, "geometry": { "type": "Point", "coordinates": [ -0.779354901558844, 52.005712965234075 ] } },
{ "type": "Feature", "properties": { "visible_points": 14, "total_points": 67, "visibility_pct": 20.8955223880597 }, "geometry": { "type": "Point", "coordinates": [ -0.779153089703145, 52.005710875489015 ] } },
{ "type": "Feature", "properties": { "visible_points": 11, "total_points": 62, "visibility_pct": 17.741935483870968 }, "geometry": { "type": "Point", "coordinates": [ -0.778951277870814, 52.005708785398276 ] } }
]
}
