{
"type": "FeatureCollection",
"name": "f1060d12fe3c_foliage",
"crs": { "type": "name", "properties": { "name": "urn:ogc:def:crs:OGC:1.3:CRS84" } },
"features": [
{ "type": "Feature", "properties": { "max_height": 14.618499755859375, "mean_height": 6.3364315032958984, "std_height": 5.738398551940918, "count_pixels": 42, "percent_cover": 0.10249902381882078, "percent_above_0.1m": 78.571428571428569, "low_level_<0.5": 7.1428571428571423, "mid_level_0.5-2": 11.904761904761903, "tall_2+": 59.523809523809526 }, "geometry": { "type": "Point", "coordinates": [ -0.37930428268659, 51.676773957411989 ] } },
{ "type": "Feature", "properties": { "max_height": 0.196502685546875, "mean_height": 0.034922100603580475, "std_height": 0.051590848714113235, "count_pixels": 42, "percent_cover": 0.10249902381882078, "percent_above_0.1m": 16.666666666666664, "low_level_<0.5": 7.1428571428571423, "mid_level_0.5-2": 0.0, "tall_2+": 0.0 }, "geometry": { "type": "Point", "coordinates": [ -0.379600889903318, 51.676885953735976 ] } },
{ "type": "Feature", "properties": { "max_height": 7.5071067810058594, "mean_height": 0.88195401430130005, "std_height": 1.9293687343597412, "count_pixels": 42, "percent_cover": 0.10249902381882078, "percent_above_0.1m": 52.380952380952387, "low_level_<0.5": 23.809523809523807, "mid_level_0.5-2": 9.5238095238095237, "tall_2+": 11.904761904761903 }, "geometry": { "type": "Point", "coordinates": [ -0.379400584700292, 51.676883190061247 ] } },
{ "type": "Feature", "properties": { "max_height": 7.8580818176269531, "mean_height": 4.5819439888000488, "std_height": 2.2377626895904541, "count_pixels": 42, "percent_cover": 0.10249902381882078, "percent_above_0.1m": 97.61904761904762, "low_level_<0.5": 2.3809523809523809, "mid_level_0.5-2": 11.904761904761903, "tall_2+": 80.952380952380949 }, "geometry": { "type": "Point", "coordinates": [ -0.379200279528354, 51.676880426044903 ] } },
{ "type": "Feature", "properties": { "max_height": 3.7167549133300781, "mean_height": 0.18208612501621246, "std_height": 0.62765568494796753, "count_pixels": 42, "percent_cover": 0.10249902381882078, "percent_above_0.1m": 11.904761904761903, "low_level_<0.5": 0.0, "mid_level_0.5-2": 9.5238095238095237, "tall_2+": 2.3809523809523809 }, "geometry": { "type": "Point", "coordinates": [ -0.379897498536396, 51.676997949317148 ] } },
{ "type": "Feature", "properties": { "max_height": 3.1530036926269531, "mean_height": 0.23661595582962036, "std_height": 0.65487724542617798, "count_pixels": 42, "percent_cover": 0.10249902381882078, "percent_above_0.1m": 14.285714285714285, "low_level_<0.5": 0.0, "mid_level_0.5-2": 11.904761904761903, "tall_2+": 2.3809523809523809 }, "geometry": { "type": "Point", "coordinates": [ -0.379697192830177, 51.676995186145483 ] } },
{ "type": "Feature", "properties": { "max_height": 0.619842529296875, "mean_height": 0.036404494196176529, "std_height": 0.12486786395311356, "count_pixels": 41, "percent_cover": 0.10005857087075361, "percent_above_0.1m": 4.8780487804878048, "low_level_<0.5": 0.0, "mid_level_0.5-2": 4.8780487804878048, "tall_2+": 0.0 }, "geometry": { "type": "Point", "coordinates": [ -0.379496887155033, 51.676992422632232 ] } },
{ "type": "Feature", "properties": { "max_height": 3.9180564880371094, "mean_height": 0.26942342519760132, "std_height": 0.65399712324142456, "count_pixels": 42, "percent_cover": 0.10249902381882078, "percent_above_0.1m": 38.095238095238095, "low_level_<0.5": 19.047619047619047, "mid_level_0.5-2": 11.904761904761903, "tall_2+": 2.3809523809523809 }, "geometry": { "type": "Point", "coordinates": [ -0.379296581510963, 51.676989658777401 ] } },
{ "type": "Feature", "properties": { "max_height": 7.1092376708984375, "mean_height": 2.7400026321411133, "std_height": 2.1231734752655029, "count_pixels": 38, "percent_cover": 0.092737212026552121, "percent_above_0.1m": 92.10526315789474, "low_level_<0.5": 7.8947368421052628, "mid_level_0.5-2": 23.684210526315788, "tall_2+": 57.894736842105267 }, "geometry": { "type": "Point", "coordinates": [ -0.379096275897985, 51.676986894580999 ] } },
{ "type": "Feature", "properties": { "max_height": 0.39750289916992188, "mean_height": 0.031746283173561096, "std_height": 0.078988522291183472, "count_pixels": 41, "percent_cover": 0.10005857087075361, "percent_above_0.1m": 7.3170731707317067, "low_level_<0.5": 7.3170731707317067, "mid_level_0.5-2": 0.0, "tall_2+": 0.0 }, "geometry": { "type": "Point", "coordinates": [ -0.379993802376422, 51.677107181486917 ] } },
{ "type": "Feature", "properties": { "max_height": 4.279754638671875, "mean_height": 0.47407442331314087, "std_height": 1.0413134098052979, "count_pixels": 42, "percent_cover": 0.10249902381882078, "percent_above_0.1m": 23.809523809523807, "low_level_<0.5": 0.0, "mid_level_0.5-2": 7.1428571428571423, "tall_2+": 14.285714285714285 }, "geometry": { "type": "Point", "coordinates": [ -0.379793496198074, 51.677104418476731 ] } },
{ "type": "Feature", "properties": { "max_height": 0.021755218505859375, "mean_height": 0.00014559428382199258, "std_height": 0.0068036341108381748, "count_pixels": 42, "percent_cover": 0.10249902381882078, "percent_above_0.1m": 0.0, "low_level_<0.5": 0.0, "mid_level_0.5-2": 0.0, "tall_2+": 0.0 }, "geometry": { "type": "Point", "coordinates": [ -0.379593190050805, 51.677101655124993 ] } },
{ "type": "Feature", "properties": { "max_height": 1.5149497985839844, "mean_height": 0.044576644897460938, "std_height": 0.23127101361751556, "count_pixels": 42, "percent_cover": 0.10249902381882078, "percent_above_0.1m": 7.1428571428571423, "low_level_<0.5": 0.0, "mid_level_0.5-2": 2.3809523809523809, "tall_2+": 0.0 }, "geometry": { "type": "Point", "coordinates": [ -0.379392883934613, 51.677098891431662 ] } },
{ "type": "Feature", "properties": { "max_height": 1.2283592224121094, "mean_height": 0.23014423251152039, "std_height": 0.35666888952255249, "count_pixels": 42, "percent_cover": 0.10249902381882078, "percent_above_0.1m": 40.476190476190474, "low_level_<0.5": 16.666666666666664, "mid_level_0.5-2": 19.047619047619047, "tall_2+": 0.0 }, "geometry": { "type": "Point", "coordinates": [ -0.379192577849501, 51.677096127396744 ] } },
{ "type": "Feature", "properties": { "max_height": 5.6171150207519531, "mean_height": 2.0977532863616943, "std_height": 1.9996200799942017, "count_pixels": 42, "percent_cover": 0.10249902381882078, "percent_above_0.1m": 80.952380952380949, "low_level_<0.5": 9.5238095238095237, "mid_level_0.5-2": 26.190476190476193, "tall_2+": 45.238095238095241 }, "geometry": { "type": "Point", "coordinates": [ -0.378992271795473, 51.677093363020248 ] } },
{ "type": "Feature", "properties": { "max_height": 9.3866767883300781, "mean_height": 6.6308612823486328, "std_height": 3.2762420177459717, "count_pixels": 43, "percent_cover": 0.10493947676688793, "percent_above_0.1m": 93.023255813953483, "low_level_<0.5": 4.6511627906976747, "mid_level_0.5-2": 4.6511627906976747, "tall_2+": 83.720930232558146 }, "geometry": { "type": "Point", "coordinates": [ -0.378791965772534, 51.677090598302172 ] } },
{ "type": "Feature", "properties": { "max_height": 2.5670013427734375, "mean_height": 0.34666576981544495, "std_height": 0.68313711881637573, "count_pixels": 43, "percent_cover": 0.10493947676688793, "percent_above_0.1m": 34.883720930232556, "low_level_<0.5": 2.3255813953488373, "mid_level_0.5-2": 11.627906976744185, "tall_2+": 6.9767441860465116 }, "geometry": { "type": "Point", "coordinates": [ -0.380090106657489, 51.677216413578464 ] } },
{ "type": "Feature", "properties": { "max_height": 0.00675201416015625, "mean_height": -0.0015207018004730344, "std_height": 0.0043352278880774975, "count_pixels": 42, "percent_cover": 0.10249902381882078, "percent_above_0.1m": 0.0, "low_level_<0.5": 0.0, "mid_level_0.5-2": 0.0, "tall_2+": 0.0 }, "geometry": { "type": "Point", "coordinates": [ -0.379889800007021, 51.677213650729769 ] } },
{ "type": "Feature", "properties": { "max_height": 0.012752532958984375, "mean_height": -0.0015208835247904062, "std_height": 0.006743256002664566, "count_pixels": 42, "percent_cover": 0.10249902381882078, "percent_above_0.1m": 0.0, "low_level_<0.5": 0.0, "mid_level_0.5-2": 0.0, "tall_2+": 0.0 }, "geometry": { "type": "Point", "coordinates": [ -0.37968949338762, 51.677210887539516 ] } },
{ "type": "Feature", "properties": { "max_height": 0.019001007080078125, "mean_height": 0.00039319295319728553, "std_height": 0.0050226999446749687, "count_pixels": 41, "percent_cover": 0.10005857087075361, "percent_above_0.1m": 0.0, "low_level_<0.5": 0.0, "mid_level_0.5-2": 0.0, "tall_2+": 0.0 }, "geometry": { "type": "Point", "coordinates": [ -0.379489186799302, 51.677208124007691 ] } },
{ "type": "Feature", "properties": { "max_height": 0.03553009033203125, "mean_height": 0.00091371079906821251, "std_height": 0.0075179380364716053, "count_pixels": 42, "percent_cover": 0.10249902381882078, "percent_above_0.1m": 0.0, "low_level_<0.5": 0.0, "mid_level_0.5-2": 0.0, "tall_2+": 0.0 }, "geometry": { "type": "Point", "coordinates": [ -0.379288880242057, 51.677205360134252 ] } },
{ "type": "Feature", "properties": { "max_height": 2.4639892578125, "mean_height": 0.67862230539321899, "std_height": 0.78052222728729248, "count_pixels": 38, "percent_cover": 0.092737212026552121, "percent_above_0.1m": 57.894736842105267, "low_level_<0.5": 13.157894736842104, "mid_level_0.5-2": 36.84210526315789, "tall_2+": 7.8947368421052628 }, "geometry": { "type": "Point", "coordinates": [ -0.379088573715894, 51.677202595919262 ] } },
{ "type": "Feature", "properties": { "max_height": 6.697479248046875, "mean_height": 1.8838971853256226, "std_height": 2.3847141265869141, "count_pixels": 41, "percent_cover": 0.10005857087075361, "percent_above_0.1m": 63.414634146341463, "low_level_<0.5": 12.195121951219512, "mid_level_0.5-2": 12.195121951219512, "tall_2+": 34.146341463414636 }, "geometry": { "type": "Point", "coordinates": [ -0.378888267220827, 51.677199831362671 ] } },
{ "type": "Feature", "properties": { "max_height": 8.3377532958984375, "mean_height": 2.3811819553375244, "std_height": 2.6874730587005615, "count_pixels": 41, "percent_cover": 0.10005857087075361, "percent_above_0.1m": 68.292682926829272, "low_level_<0.5": 7.3170731707317067, "mid_level_0.5-2": 17.073170731707318, "tall_2+": 39.024390243902438 }, "geometry": { "type": "Point", "coordinates": [ -0.378687960756843, 51.677197066464501 ] } },
{ "type": "Feature", "properties": { "max_height": 2.8340034484863281, "mean_height": 0.1049557626247406, "std_height": 0.46871247887611389, "count_pixels": 42, "percent_cover": 0.10249902381882078, "percent_above_0.1m": 7.1428571428571423, "low_level_<0.5": 0.0, "mid_level_0.5-2": 2.3809523809523809, "tall_2+": 2.3809523809523809 }, "geometry": { "type": "Point", "coordinates": [ -0.380386718533271, 51.67732840793731 ] } },
{ "type": "Feature", "properties": { "max_height": 5.7882537841796875, "mean_height": 0.51555120944976807, "std_height": 1.2096128463745117, "count_pixels": 41, "percent_cover": 0.10005857087075361, "percent_above_0.1m": 31.707317073170731, "low_level_<0.5": 4.8780487804878048, "mid_level_0.5-2": 7.3170731707317067, "tall_2+": 12.195121951219512 }, "geometry": { "type": "Point", "coordinates": [ -0.38018641137961, 51.677325645591722 ] } },
{ "type": "Feature", "properties": { "max_height": 0.43050384521484375, "mean_height": 0.014405227266252041, "std_height": 0.070131249725818634, "count_pixels": 41, "percent_cover": 0.10005857087075361, "percent_above_0.1m": 4.8780487804878048, "low_level_<0.5": 2.4390243902439024, "mid_level_0.5-2": 0.0, "tall_2+": 0.0 }, "geometry": { "type": "Point", "coordinates": [ -0.379986104257008, 51.677322882904548 ] } },
{ "type": "Feature", "properties": { "max_height": 1.095001220703125, "mean_height": 0.02542550303041935, "std_height": 0.16712628304958344, "count_pixels": 42, "percent_cover": 0.10249902381882078, "percent_above_0.1m": 2.3809523809523809, "low_level_<0.5": 0.0, "mid_level_0.5-2": 2.3809523809523809, "tall_2+": 0.0 }, "geometry": { "type": "Point", "coordinates": [ -0.379785797165483, 51.677320119875802 ] } },
{ "type": "Feature", "properties": { "max_height": 0.010753631591796875, "mean_height": -0.0013905479572713375, "std_height": 0.0056617544032633305, "count_pixels": 42, "percent_cover": 0.10249902381882078, "percent_above_0.1m": 0.0, "low_level_<0.5": 0.0, "mid_level_0.5-2": 0.0, "tall_2+": 0.0 }, "geometry": { "type": "Point", "coordinates": [ -0.379585490105027, 51.677317356505469 ] } },
{ "type": "Feature", "properties": { "max_height": 0.0135040283203125, "mean_height": 3.088088305958081e-06, "std_height": 0.0050421166233718395, "count_pixels": 42, "percent_cover": 0.10249902381882078, "percent_above_0.1m": 0.0, "low_level_<0.5": 0.0, "mid_level_0.5-2": 0.0, "tall_2+": 0.0 }, "geometry": { "type": "Point", "coordinates": [ -0.379385183075651, 51.677314592793536 ] } },
{ "type": "Feature", "properties": { "max_height": 1.7236557006835938, "mean_height": 0.12361907958984375, "std_height": 0.35628950595855713, "count_pixels": 42, "percent_cover": 0.10249902381882078, "percent_above_0.1m": 16.666666666666664, "low_level_<0.5": 9.5238095238095237, "mid_level_0.5-2": 7.1428571428571423, "tall_2+": 0.0 }, "geometry": { "type": "Point", "coordinates": [ -0.379184876077358, 51.677311828740031 ] } },
{ "type": "Feature", "properties": { "max_height": 2.1097526550292969, "mean_height": 0.19892983138561249, "std_height": 0.51428395509719849, "count_pixels": 42, "percent_cover": 0.10249902381882078, "percent_above_0.1m": 14.285714285714285, "low_level_<0.5": 0.0, "mid_level_0.5-2": 11.904761904761903, "tall_2+": 2.3809523809523809 }, "geometry": { "type": "Point", "coordinates": [ -0.378984569110153, 51.677309064344932 ] } },
{ "type": "Feature", "properties": { "max_height": 2.4595985412597656, "mean_height": 0.24969349801540375, "std_height": 0.50436699390411377, "count_pixels": 43, "percent_cover": 0.10493947676688793, "percent_above_0.1m": 32.558139534883722, "low_level_<0.5": 6.9767441860465116, "mid_level_0.5-2": 18.604651162790699, "tall_2+": 2.3255813953488373 }, "geometry": { "type": "Point", "coordinates": [ -0.378784262174029, 51.677306299608269 ] } },
{ "type": "Feature", "properties": { "max_height": 4.7975006103515625, "mean_height": 1.0221226215362549, "std_height": 1.6009817123413086, "count_pixels": 42, "percent_cover": 0.10249902381882078, "percent_above_0.1m": 38.095238095238095, "low_level_<0.5": 4.7619047619047619, "mid_level_0.5-2": 11.904761904761903, "tall_2+": 21.428571428571427 }, "geometry": { "type": "Point", "coordinates": [ -0.380483024168572, 51.677437639710845 ] } },
{ "type": "Feature", "properties": { "max_height": 1.7322463989257812, "mean_height": 0.07433028519153595, "std_height": 0.28402292728424072, "count_pixels": 42, "percent_cover": 0.10249902381882078, "percent_above_0.1m": 9.5238095238095237, "low_level_<0.5": 2.3809523809523809, "mid_level_0.5-2": 7.1428571428571423, "tall_2+": 0.0 }, "geometry": { "type": "Point", "coordinates": [ -0.380282716542778, 51.677434877526764 ] } },
{ "type": "Feature", "properties": { "max_height": 0.33675384521484375, "mean_height": 0.012165779247879982, "std_height": 0.054640121757984161, "count_pixels": 43, "percent_cover": 0.10493947676688793, "percent_above_0.1m": 4.6511627906976747, "low_level_<0.5": 2.3255813953488373, "mid_level_0.5-2": 0.0, "tall_2+": 0.0 }, "geometry": { "type": "Point", "coordinates": [ -0.380082408948052, 51.677432115001103 ] } },
{ "type": "Feature", "properties": { "max_height": 0.018001556396484375, "mean_height": 0.0013245174195617437, "std_height": 0.0045416946522891521, "count_pixels": 42, "percent_cover": 0.10249902381882078, "percent_above_0.1m": 0.0, "low_level_<0.5": 0.0, "mid_level_0.5-2": 0.0, "tall_2+": 0.0 }, "geometry": { "type": "Point", "coordinates": [ -0.379882101384393, 51.677429352133835 ] } },
{ "type": "Feature", "properties": { "max_height": 0.36725234985351562, "mean_height": 0.00777099234983325, "std_height": 0.056479431688785553, "count_pixels": 42, "percent_cover": 0.10249902381882078, "percent_above_0.1m": 2.3809523809523809, "low_level_<0.5": 2.3809523809523809, "mid_level_0.5-2": 0.0, "tall_2+": 0.0 }, "geometry": { "type": "Point", "coordinates": [ -0.379681793851804, 51.677426588925002 ] } },
{ "type": "Feature", "properties": { "max_height": 0.31000518798828125, "mean_height": 0.012503089383244514, "std_height": 0.062324646860361099, "count_pixels": 41, "percent_cover": 0.10005857087075361, "percent_above_0.1m": 4.8780487804878048, "low_level_<0.5": 4.8780487804878048, "mid_level_0.5-2": 0.0, "tall_2+": 0.0 }, "geometry": { "type": "Point", "coordinates": [ -0.379481486350293, 51.677423825374575 ] } },
{ "type": "Feature", "properties": { "max_height": 0.22249984741210938, "mean_height": 0.01503826305270195, "std_height": 0.046977635473012924, "count_pixels": 42, "percent_cover": 0.10249902381882078, "percent_above_0.1m": 9.5238095238095237, "low_level_<0.5": 2.3809523809523809, "mid_level_0.5-2": 0.0, "tall_2+": 0.0 }, "geometry": { "type": "Point", "coordinates": [ -0.379281178879861, 51.677421061482569 ] } },
{ "type": "Feature", "properties": { "max_height": 5.6992530822753906, "mean_height": 1.2192001342773438, "std_height": 1.7619426250457764, "count_pixels": 38, "percent_cover": 0.092737212026552121, "percent_above_0.1m": 44.736842105263158, "low_level_<0.5": 2.6315789473684208, "mid_level_0.5-2": 13.157894736842104, "tall_2+": 26.315789473684209 }, "geometry": { "type": "Point", "coordinates": [ -0.379080871440516, 51.67741829724897 ] } },
{ "type": "Feature", "properties": { "max_height": 6.9087562561035156, "mean_height": 1.1698315143585205, "std_height": 2.0080320835113525, "count_pixels": 41, "percent_cover": 0.10005857087075361, "percent_above_0.1m": 34.146341463414636, "low_level_<0.5": 0.0, "mid_level_0.5-2": 12.195121951219512, "tall_2+": 21.951219512195124 }, "geometry": { "type": "Point", "coordinates": [ -0.378880564032258, 51.677415532673798 ] } },
{ "type": "Feature", "properties": { "max_height": 5.5452499389648438, "mean_height": 1.3848649263381958, "std_height": 1.6515756845474243, "count_pixels": 38, "percent_cover": 0.092737212026552121, "percent_above_0.1m": 57.894736842105267, "low_level_<0.5": 5.2631578947368416, "mid_level_0.5-2": 13.157894736842104, "tall_2+": 34.210526315789473 }, "geometry": { "type": "Point", "coordinates": [ -0.38057933024493, 51.677546871406122 ] } },
{ "type": "Feature", "properties": { "max_height": 3.6557540893554688, "mean_height": 0.45656293630599976, "std_height": 0.93303477764129639, "count_pixels": 42, "percent_cover": 0.10249902381882078, "percent_above_0.1m": 33.333333333333329, "low_level_<0.5": 9.5238095238095237, "mid_level_0.5-2": 7.1428571428571423, "tall_2+": 11.904761904761903 }, "geometry": { "type": "Point", "coordinates": [ -0.380379022147008, 51.677544109383554 ] } },
{ "type": "Feature", "properties": { "max_height": 0.027751922607421875, "mean_height": 0.0011490612523630261, "std_height": 0.0076921530999243259, "count_pixels": 41, "percent_cover": 0.10005857087075361, "percent_above_0.1m": 0.0, "low_level_<0.5": 0.0, "mid_level_0.5-2": 0.0, "tall_2+": 0.0 }, "geometry": { "type": "Point", "coordinates": [ -0.380178714080143, 51.677541347019407 ] } },
{ "type": "Feature", "properties": { "max_height": 0.02325439453125, "mean_height": 0.0014480962418019772, "std_height": 0.005626017227768898, "count_pixels": 41, "percent_cover": 0.10005857087075361, "percent_above_0.1m": 0.0, "low_level_<0.5": 0.0, "mid_level_0.5-2": 0.0, "tall_2+": 0.0 }, "geometry": { "type": "Point", "coordinates": [ -0.379978406044355, 51.677538584313638 ] } },
{ "type": "Feature", "properties": { "max_height": 0.0110015869140625, "mean_height": -9.1916037490591407e-05, "std_height": 0.0045187859795987606, "count_pixels": 42, "percent_cover": 0.10249902381882078, "percent_above_0.1m": 0.0, "low_level_<0.5": 0.0, "mid_level_0.5-2": 0.0, "tall_2+": 0.0 }, "geometry": { "type": "Point", "coordinates": [ -0.379778098039632, 51.677535821266297 ] } },
{ "type": "Feature", "properties": { "max_height": 0.028003692626953125, "mean_height": 0.001693816389888525, "std_height": 0.0075552705675363541, "count_pixels": 42, "percent_cover": 0.10249902381882078, "percent_above_0.1m": 0.0, "low_level_<0.5": 0.0, "mid_level_0.5-2": 0.0, "tall_2+": 0.0 }, "geometry": { "type": "Point", "coordinates": [ -0.379577790065978, 51.677533057877376 ] } },
{ "type": "Feature", "properties": { "max_height": 0.06075286865234375, "mean_height": 0.003925323486328125, "std_height": 0.01251581683754921, "count_pixels": 42, "percent_cover": 0.10249902381882078, "percent_above_0.1m": 0.0, "low_level_<0.5": 0.0, "mid_level_0.5-2": 0.0, "tall_2+": 0.0 }, "geometry": { "type": "Point", "coordinates": [ -0.379377482123414, 51.677530294146862 ] } },
{ "type": "Feature", "properties": { "max_height": 0.212005615234375, "mean_height": 0.011782600544393063, "std_height": 0.043683476746082306, "count_pixels": 42, "percent_cover": 0.10249902381882078, "percent_above_0.1m": 4.7619047619047619, "low_level_<0.5": 4.7619047619047619, "mid_level_0.5-2": 0.0, "tall_2+": 0.0 }, "geometry": { "type": "Point", "coordinates": [ -0.379177174211923, 51.677527530074762 ] } },
{ "type": "Feature", "properties": { "max_height": 0.8675079345703125, "mean_height": 0.032026957720518112, "std_height": 0.14176662266254425, "count_pixels": 43, "percent_cover": 0.10493947676688793, "percent_above_0.1m": 4.6511627906976747, "low_level_<0.5": 2.3255813953488373, "mid_level_0.5-2": 2.3255813953488373, "tall_2+": 0.0 }, "geometry": { "type": "Point", "coordinates": [ -0.380875945363468, 51.677658864542664 ] } },
{ "type": "Feature", "properties": { "max_height": 4.6005058288574219, "mean_height": 0.95914602279663086, "std_height": 1.1643143892288208, "count_pixels": 42, "percent_cover": 0.10249902381882078, "percent_above_0.1m": 52.380952380952387, "low_level_<0.5": 2.3809523809523809, "mid_level_0.5-2": 33.333333333333329, "tall_2+": 16.666666666666664 }, "geometry": { "type": "Point", "coordinates": [ -0.380675636762353, 51.677656103023175 ] } },
{ "type": "Feature", "properties": { "max_height": 0.165252685546875, "mean_height": 0.0066996985115110874, "std_height": 0.026151617988944054, "count_pixels": 42, "percent_cover": 0.10249902381882078, "percent_above_0.1m": 2.3809523809523809, "low_level_<0.5": 2.3809523809523809, "mid_level_0.5-2": 0.0, "tall_2+": 0.0 }, "geometry": { "type": "Point", "coordinates": [ -0.380475328192296, 51.677653341162099 ] } },
{ "type": "Feature", "properties": { "max_height": 0.020252227783203125, "mean_height": 0.0011933645000681281, "std_height": 0.0057569220662117004, "count_pixels": 42, "percent_cover": 0.10249902381882078, "percent_above_0.1m": 0.0, "low_level_<0.5": 0.0, "mid_level_0.5-2": 0.0, "tall_2+": 0.0 }, "geometry": { "type": "Point", "coordinates": [ -0.380275019653301, 51.677650578959437 ] } },
{ "type": "Feature", "properties": { "max_height": 0.004253387451171875, "mean_height": -0.0030144979245960712, "std_height": 0.0045732324942946434, "count_pixels": 43, "percent_cover": 0.10493947676688793, "percent_above_0.1m": 0.0, "low_level_<0.5": 0.0, "mid_level_0.5-2": 0.0, "tall_2+": 0.0 }, "geometry": { "type": "Point", "coordinates": [ -0.380074711145373, 51.677647816415195 ] } },
{ "type": "Feature", "properties": { "max_height": 0.01125335693359375, "mean_height": 0.00069291249383240938, "std_height": 0.005089126992970705, "count_pixels": 42, "percent_cover": 0.10249902381882078, "percent_above_0.1m": 0.0, "low_level_<0.5": 0.0, "mid_level_0.5-2": 0.0, "tall_2+": 0.0 }, "geometry": { "type": "Point", "coordinates": [ -0.379874402668509, 51.677645053529361 ] } },
{ "type": "Feature", "properties": { "max_height": 0.64200210571289062, "mean_height": 0.05123501643538475, "std_height": 0.13711479306221008, "count_pixels": 42, "percent_cover": 0.10249902381882078, "percent_above_0.1m": 11.904761904761903, "low_level_<0.5": 7.1428571428571423, "mid_level_0.5-2": 2.3809523809523809, "tall_2+": 0.0 }, "geometry": { "type": "Point", "coordinates": [ -0.379674094222725, 51.677642290301932 ] } },
{ "type": "Feature", "properties": { "max_height": 0.0122528076171875, "mean_height": 3.3401862310711294e-05, "std_height": 0.0060059167444705963, "count_pixels": 41, "percent_cover": 0.10005857087075361, "percent_above_0.1m": 0.0, "low_level_<0.5": 0.0, "mid_level_0.5-2": 0.0, "tall_2+": 0.0 }, "geometry": { "type": "Point", "coordinates": [ -0.379473785808013, 51.677639526732918 ] } },
{ "type": "Feature", "properties": { "max_height": 0.17525100708007812, "mean_height": 0.00775909423828125, "std_height": 0.027961311861872673, "count_pixels": 42, "percent_cover": 0.10249902381882078, "percent_above_0.1m": 2.3809523809523809, "low_level_<0.5": 2.3809523809523809, "mid_level_0.5-2": 0.0, "tall_2+": 0.0 }, "geometry": { "type": "Point", "coordinates": [ -0.379273477424381, 51.677636762822324 ] } },
{ "type": "Feature", "properties": { "max_height": 1.5525016784667969, "mean_height": 0.21634404361248016, "std_height": 0.41913825273513794, "count_pixels": 41, "percent_cover": 0.10005857087075361, "percent_above_0.1m": 29.268292682926827, "low_level_<0.5": 14.634146341463413, "mid_level_0.5-2": 12.195121951219512, "tall_2+": 0.0 }, "geometry": { "type": "Point", "coordinates": [ -0.380972252794089, 51.677768095919937 ] } },
{ "type": "Feature", "properties": { "max_height": 4.2712554931640625, "mean_height": 0.44622215628623962, "std_height": 1.0147237777709961, "count_pixels": 41, "percent_cover": 0.10005857087075361, "percent_above_0.1m": 24.390243902439025, "low_level_<0.5": 4.8780487804878048, "mid_level_0.5-2": 9.7560975609756095, "tall_2+": 9.7560975609756095 }, "geometry": { "type": "Point", "coordinates": [ -0.380771943720841, 51.677765334561961 ] } },
{ "type": "Feature", "properties": { "max_height": 6.282501220703125, "mean_height": 0.54769366979598999, "std_height": 1.4479871988296509, "count_pixels": 38, "percent_cover": 0.092737212026552121, "percent_above_0.1m": 15.789473684210526, "low_level_<0.5": 0.0, "mid_level_0.5-2": 2.6315789473684208, "tall_2+": 13.157894736842104 }, "geometry": { "type": "Point", "coordinates": [ -0.38057163467865, 51.677762572862399 ] } },
{ "type": "Feature", "properties": { "max_height": 2.5442543029785156, "mean_height": 0.12520544230937958, "std_height": 0.46524688601493835, "count_pixels": 42, "percent_cover": 0.10249902381882078, "percent_above_0.1m": 9.5238095238095237, "low_level_<0.5": 4.7619047619047619, "mid_level_0.5-2": 2.3809523809523809, "tall_2+": 2.3809523809523809 }, "geometry": { "type": "Point", "coordinates": [ -0.380371325667517, 51.677759810821236 ] } },
{ "type": "Feature", "properties": { "max_height": 0.53025054931640625, "mean_height": 0.024198019877076149, "std_height": 0.097870856523513794, "count_pixels": 41, "percent_cover": 0.10005857087075361, "percent_above_0.1m": 4.8780487804878048, "low_level_<0.5": 2.4390243902439024, "mid_level_0.5-2": 2.4390243902439024, "tall_2+": 0.0 }, "geometry": { "type": "Point", "coordinates": [ -0.380171016687451, 51.677757048438494 ] } },
{ "type": "Feature", "properties": { "max_height": 0.31925582885742188, "mean_height": 0.0080697592347860336, "std_height": 0.049345973879098892, "count_pixels": 41, "percent_cover": 0.10005857087075361, "percent_above_0.1m": 2.4390243902439024, "low_level_<0.5": 2.4390243902439024, "mid_level_0.5-2": 0.0, "tall_2+": 0.0 }, "geometry": { "type": "Point", "coordinates": [ -0.379970707738445, 51.677754285714165 ] } },
{ "type": "Feature", "properties": { "max_height": 0.014751434326171875, "mean_height": 0.0028780982829630375, "std_height": 0.0047728130593895912, "count_pixels": 42, "percent_cover": 0.10249902381882078, "percent_above_0.1m": 0.0, "low_level_<0.5": 0.0, "mid_level_0.5-2": 0.0, "tall_2+": 0.0 }, "geometry": { "type": "Point", "coordinates": [ -0.379770398820522, 51.677751522648236 ] } },
{ "type": "Feature", "properties": { "max_height": 4.2415008544921875, "mean_height": 0.31041345000267029, "std_height": 0.88461762666702271, "count_pixels": 42, "percent_cover": 0.10249902381882078, "percent_above_0.1m": 21.428571428571427, "low_level_<0.5": 4.7619047619047619, "mid_level_0.5-2": 11.904761904761903, "tall_2+": 4.7619047619047619 }, "geometry": { "type": "Point", "coordinates": [ -0.379570089933664, 51.677748759240735 ] } },
{ "type": "Feature", "properties": { "max_height": 0.0110015869140625, "mean_height": -0.0005861918325535953, "std_height": 0.0030313732568174601, "count_pixels": 42, "percent_cover": 0.10249902381882078, "percent_above_0.1m": 0.0, "low_level_<0.5": 0.0, "mid_level_0.5-2": 0.0, "tall_2+": 0.0 }, "geometry": { "type": "Point", "coordinates": [ -0.37936978107789, 51.677745995491641 ] } },
{ "type": "Feature", "properties": { "max_height": 6.0602493286132812, "mean_height": 1.5450983047485352, "std_height": 1.8309624195098877, "count_pixels": 42, "percent_cover": 0.10249902381882078, "percent_above_0.1m": 66.666666666666657, "low_level_<0.5": 4.7619047619047619, "mid_level_0.5-2": 33.333333333333329, "tall_2+": 28.571428571428569 }, "geometry": { "type": "Point", "coordinates": [ -0.381068560665786, 51.677877327218972 ] } },
{ "type": "Feature", "properties": { "max_height": 0.047000885009765625, "mean_height": 0.00028211018070578575, "std_height": 0.0082294177263975143, "count_pixels": 43, "percent_cover": 0.10493947676688793, "percent_above_0.1m": 0.0, "low_level_<0.5": 0.0, "mid_level_0.5-2": 0.0, "tall_2+": 0.0 }, "geometry": { "type": "Point", "coordinates": [ -0.3808682511204, 51.677874566022503 ] } },
{ "type": "Feature", "properties": { "max_height": 5.303253173828125, "mean_height": 0.27118128538131714, "std_height": 0.93062376976013184, "count_pixels": 42, "percent_cover": 0.10249902381882078, "percent_above_0.1m": 11.904761904761903, "low_level_<0.5": 0.0, "mid_level_0.5-2": 4.7619047619047619, "tall_2+": 7.1428571428571423 }, "geometry": { "type": "Point", "coordinates": [ -0.380667941606072, 51.677871804484461 ] } },
{ "type": "Feature", "properties": { "max_height": 5.933258056640625, "mean_height": 0.34808677434921265, "std_height": 1.2510583400726318, "count_pixels": 42, "percent_cover": 0.10249902381882078, "percent_above_0.1m": 9.5238095238095237, "low_level_<0.5": 2.3809523809523809, "mid_level_0.5-2": 0.0, "tall_2+": 7.1428571428571423 }, "geometry": { "type": "Point", "coordinates": [ -0.380467632122802, 51.677869042604804 ] } },
{ "type": "Feature", "properties": { "max_height": 0.051753997802734375, "mean_height": 0.0031515758018940687, "std_height": 0.013035222887992859, "count_pixels": 42, "percent_cover": 0.10249902381882078, "percent_above_0.1m": 0.0, "low_level_<0.5": 0.0, "mid_level_0.5-2": 0.0, "tall_2+": 0.0 }, "geometry": { "type": "Point", "coordinates": [ -0.380267322670593, 51.677866280383562 ] } },
{ "type": "Feature", "properties": { "max_height": 0.021999359130859375, "mean_height": -0.00039850280154496431, "std_height": 0.0059573003090918064, "count_pixels": 43, "percent_cover": 0.10493947676688793, "percent_above_0.1m": 0.0, "low_level_<0.5": 0.0, "mid_level_0.5-2": 0.0, "tall_2+": 0.0 }, "geometry": { "type": "Point", "coordinates": [ -0.380067013249448, 51.67786351782074 ] } },
{ "type": "Feature", "properties": { "max_height": 0.09975433349609375, "mean_height": 0.0062531060539186001, "std_height": 0.018026530742645264, "count_pixels": 42, "percent_cover": 0.10249902381882078, "percent_above_0.1m": 0.0, "low_level_<0.5": 0.0, "mid_level_0.5-2": 0.0, "tall_2+": 0.0 }, "geometry": { "type": "Point", "coordinates": [ -0.379866703859376, 51.67786075491631 ] } },
{ "type": "Feature", "properties": { "max_height": 4.3935050964355469, "mean_height": 0.77202636003494263, "std_height": 1.2326918840408325, "count_pixels": 42, "percent_cover": 0.10249902381882078, "percent_above_0.1m": 42.857142857142854, "low_level_<0.5": 11.904761904761903, "mid_level_0.5-2": 9.5238095238095237, "tall_2+": 21.428571428571427 }, "geometry": { "type": "Point", "coordinates": [ -0.379666394500374, 51.677857991670308 ] } },
{ "type": "Feature", "properties": { "max_height": 2.3250045776367188, "mean_height": 0.20603734254837036, "std_height": 0.5487181544303894, "count_pixels": 42, "percent_cover": 0.10249902381882078, "percent_above_0.1m": 21.428571428571427, "low_level_<0.5": 7.1428571428571423, "mid_level_0.5-2": 7.1428571428571423, "tall_2+": 4.7619047619047619 }, "geometry": { "type": "Point", "coordinates": [ -0.381365179027127, 51.677989319133111 ] } },
{ "type": "Feature", "properties": { "max_height": 6.6460037231445312, "mean_height": 1.1260148286819458, "std_height": 1.5286614894866943, "count_pixels": 42, "percent_cover": 0.10249902381882078, "percent_above_0.1m": 47.619047619047613, "low_level_<0.5": 2.3809523809523809, "mid_level_0.5-2": 16.666666666666664, "tall_2+": 28.571428571428569 }, "geometry": { "type": "Point", "coordinates": [ -0.381164868978555, 51.677986558439756 ] } },
{ "type": "Feature", "properties": { "max_height": 0.17800140380859375, "mean_height": 0.010582435876131058, "std_height": 0.036229796707630157, "count_pixels": 41, "percent_cover": 0.10005857087075361, "percent_above_0.1m": 7.3170731707317067, "low_level_<0.5": 2.4390243902439024, "mid_level_0.5-2": 0.0, "tall_2+": 0.0 }, "geometry": { "type": "Point", "coordinates": [ -0.380964558961034, 51.677983797404785 ] } },
{ "type": "Feature", "properties": { "max_height": 5.1322555541992188, "mean_height": 0.58578944206237793, "std_height": 1.3361588716506958, "count_pixels": 41, "percent_cover": 0.10005857087075361, "percent_above_0.1m": 19.512195121951219, "low_level_<0.5": 0.0, "mid_level_0.5-2": 7.3170731707317067, "tall_2+": 12.195121951219512 }, "geometry": { "type": "Point", "coordinates": [ -0.380764248974566, 51.67798103602825 ] } },
{ "type": "Feature", "properties": { "max_height": 1.8000030517578125, "mean_height": 0.08469381183385849, "std_height": 0.35813179612159729, "count_pixels": 38, "percent_cover": 0.092737212026552121, "percent_above_0.1m": 5.2631578947368416, "low_level_<0.5": 0.0, "mid_level_0.5-2": 5.2631578947368416, "tall_2+": 0.0 }, "geometry": { "type": "Point", "coordinates": [ -0.380563939019154, 51.677978274310128 ] } },
{ "type": "Feature", "properties": { "max_height": 0.01650238037109375, "mean_height": -0.00065794447436928749, "std_height": 0.0052198735065758228, "count_pixels": 42, "percent_cover": 0.10249902381882078, "percent_above_0.1m": 0.0, "low_level_<0.5": 0.0, "mid_level_0.5-2": 0.0, "tall_2+": 0.0 }, "geometry": { "type": "Point", "coordinates": [ -0.380363629094801, 51.677975512250384 ] } },
{ "type": "Feature", "properties": { "max_height": 0.0155029296875, "mean_height": 0.00010699760605348274, "std_height": 0.0042805853299796581, "count_pixels": 41, "percent_cover": 0.10005857087075361, "percent_above_0.1m": 0.0, "low_level_<0.5": 0.0, "mid_level_0.5-2": 0.0, "tall_2+": 0.0 }, "geometry": { "type": "Point", "coordinates": [ -0.380163319201515, 51.677972749849069 ] } },
{ "type": "Feature", "properties": { "max_height": 1.6495018005371094, "mean_height": 0.048539511859416962, "std_height": 0.259245365858078, "count_pixels": 41, "percent_cover": 0.10005857087075361, "percent_above_0.1m": 4.8780487804878048, "low_level_<0.5": 2.4390243902439024, "mid_level_0.5-2": 2.4390243902439024, "tall_2+": 0.0 }, "geometry": { "type": "Point", "coordinates": [ -0.379963009339295, 51.677969987106152 ] } },
{ "type": "Feature", "properties": { "max_height": 1.7237548828125, "mean_height": 0.039979025721549988, "std_height": 0.26308661699295044, "count_pixels": 42, "percent_cover": 0.10249902381882078, "percent_above_0.1m": 2.3809523809523809, "low_level_<0.5": 0.0, "mid_level_0.5-2": 2.3809523809523809, "tall_2+": 0.0 }, "geometry": { "type": "Point", "coordinates": [ -0.379762699508148, 51.677967224021636 ] } },
{ "type": "Feature", "properties": { "max_height": 1.79974365234375, "mean_height": 0.061336144804954529, "std_height": 0.27982491254806519, "count_pixels": 41, "percent_cover": 0.10005857087075361, "percent_above_0.1m": 7.3170731707317067, "low_level_<0.5": 2.4390243902439024, "mid_level_0.5-2": 2.4390243902439024, "tall_2+": 0.0 }, "geometry": { "type": "Point", "coordinates": [ -0.381461488253117, 51.678098550114136 ] } },
{ "type": "Feature", "properties": { "max_height": 3.3337516784667969, "mean_height": 0.29325875639915466, "std_height": 0.81131398677825928, "count_pixels": 42, "percent_cover": 0.10249902381882078, "percent_above_0.1m": 14.285714285714285, "low_level_<0.5": 0.0, "mid_level_0.5-2": 7.1428571428571423, "tall_2+": 7.1428571428571423 }, "geometry": { "type": "Point", "coordinates": [ -0.381261177732411, 51.678095789582272 ] } },
{ "type": "Feature", "properties": { "max_height": 9.240753173828125, "mean_height": 0.71331250667572021, "std_height": 1.9030210971832275, "count_pixels": 42, "percent_cover": 0.10249902381882078, "percent_above_0.1m": 16.666666666666664, "low_level_<0.5": 0.0, "mid_level_0.5-2": 4.7619047619047619, "tall_2+": 11.904761904761903 }, "geometry": { "type": "Point", "coordinates": [ -0.381060867242745, 51.678093028708822 ] } },
{ "type": "Feature", "properties": { "max_height": 2.7045021057128906, "mean_height": 0.20085747539997101, "std_height": 0.60200893878936768, "count_pixels": 43, "percent_cover": 0.10493947676688793, "percent_above_0.1m": 13.953488372093023, "low_level_<0.5": 4.6511627906976747, "mid_level_0.5-2": 4.6511627906976747, "tall_2+": 4.6511627906976747 }, "geometry": { "type": "Point", "coordinates": [ -0.380860556784137, 51.678090267493808 ] } },
{ "type": "Feature", "properties": { "max_height": 1.9845008850097656, "mean_height": 0.068967275321483612, "std_height": 0.32425573468208313, "count_pixels": 42, "percent_cover": 0.10249902381882078, "percent_above_0.1m": 4.7619047619047619, "low_level_<0.5": 0.0, "mid_level_0.5-2": 4.7619047619047619, "tall_2+": 0.0 }, "geometry": { "type": "Point", "coordinates": [ -0.38066024635658, 51.678087505937185 ] } },
{ "type": "Feature", "properties": { "max_height": 6.8635025024414062, "mean_height": 1.7025095224380493, "std_height": 1.9334092140197754, "count_pixels": 42, "percent_cover": 0.10249902381882078, "percent_above_0.1m": 57.142857142857139, "low_level_<0.5": 2.3809523809523809, "mid_level_0.5-2": 11.904761904761903, "tall_2+": 40.476190476190474 }, "geometry": { "type": "Point", "coordinates": [ -0.380459935960083, 51.678084744038962 ] } },
{ "type": "Feature", "properties": { "max_height": 3.23675537109375, "mean_height": 0.70365172624588013, "std_height": 1.2097052335739136, "count_pixels": 42, "percent_cover": 0.10249902381882078, "percent_above_0.1m": 28.571428571428569, "low_level_<0.5": 2.3809523809523809, "mid_level_0.5-2": 4.7619047619047619, "tall_2+": 21.428571428571427 }, "geometry": { "type": "Point", "coordinates": [ -0.380259625594649, 51.678081981799146 ] } },
{ "type": "Feature", "properties": { "max_height": 0.1060028076171875, "mean_height": 0.0030724280513823032, "std_height": 0.016488036140799522, "count_pixels": 43, "percent_cover": 0.10493947676688793, "percent_above_0.1m": 2.3255813953488373, "low_level_<0.5": 0.0, "mid_level_0.5-2": 0.0, "tall_2+": 0.0 }, "geometry": { "type": "Point", "coordinates": [ -0.380059315260286, 51.678079219217736 ] } },
{ "type": "Feature", "properties": { "max_height": 2.3175048828125, "mean_height": 0.1350206583738327, "std_height": 0.43576818704605103, "count_pixels": 42, "percent_cover": 0.10249902381882078, "percent_above_0.1m": 14.285714285714285, "low_level_<0.5": 4.7619047619047619, "mid_level_0.5-2": 4.7619047619047619, "tall_2+": 2.3809523809523809 }, "geometry": { "type": "Point", "coordinates": [ -0.379859004956983, 51.678076456294733 ] } },
{ "type": "Feature", "properties": { "max_height": 0.0787506103515625, "mean_height": 0.0051142373122274876, "std_height": 0.017248207703232765, "count_pixels": 42, "percent_cover": 0.10249902381882078, "percent_above_0.1m": 0.0, "low_level_<0.5": 0.0, "mid_level_0.5-2": 0.0, "tall_2+": 0.0 }, "geometry": { "type": "Point", "coordinates": [ -0.38175810894409, 51.67821054104563 ] } },
{ "type": "Feature", "properties": { "max_height": 0.13249969482421875, "mean_height": 0.005048530176281929, "std_height": 0.023475704714655876, "count_pixels": 43, "percent_cover": 0.10493947676688793, "percent_above_0.1m": 2.3255813953488373, "low_level_<0.5": 0.0, "mid_level_0.5-2": 0.0, "tall_2+": 0.0 }, "geometry": { "type": "Point", "coordinates": [ -0.381557797920195, 51.678207781016887 ] } },
{ "type": "Feature", "properties": { "max_height": 2.3285026550292969, "mean_height": 0.10196703672409058, "std_height": 0.4433198869228363, "count_pixels": 42, "percent_cover": 0.10249902381882078, "percent_above_0.1m": 7.1428571428571423, "low_level_<0.5": 0.0, "mid_level_0.5-2": 2.3809523809523809, "tall_2+": 2.3809523809523809 }, "geometry": { "type": "Point", "coordinates": [ -0.381357486927341, 51.678205020646566 ] } },
{ "type": "Feature", "properties": { "max_height": 8.865753173828125, "mean_height": 1.6051515340805054, "std_height": 2.8292558193206787, "count_pixels": 42, "percent_cover": 0.10249902381882078, "percent_above_0.1m": 35.714285714285715, "low_level_<0.5": 0.0, "mid_level_0.5-2": 9.5238095238095237, "tall_2+": 23.809523809523807 }, "geometry": { "type": "Point", "coordinates": [ -0.381157175965541, 51.678202259934615 ] } },
{ "type": "Feature", "properties": { "max_height": 5.5422554016113281, "mean_height": 0.53341162204742432, "std_height": 1.2780865430831909, "count_pixels": 41, "percent_cover": 0.10005857087075361, "percent_above_0.1m": 19.512195121951219, "low_level_<0.5": 0.0, "mid_level_0.5-2": 7.3170731707317067, "tall_2+": 12.195121951219512 }, "geometry": { "type": "Point", "coordinates": [ -0.380956865034787, 51.678199498881114 ] } },
{ "type": "Feature", "properties": { "max_height": 2.6190032958984375, "mean_height": 0.27437442541122437, "std_height": 0.63132166862487793, "count_pixels": 41, "percent_cover": 0.10005857087075361, "percent_above_0.1m": 21.951219512195124, "low_level_<0.5": 2.4390243902439024, "mid_level_0.5-2": 14.634146341463413, "tall_2+": 4.8780487804878048 }, "geometry": { "type": "Point", "coordinates": [ -0.380756554135087, 51.678196737485983 ] } },
{ "type": "Feature", "properties": { "max_height": 5.9682540893554688, "mean_height": 3.7954833507537842, "std_height": 1.3173824548721313, "count_pixels": 38, "percent_cover": 0.092737212026552121, "percent_above_0.1m": 100.0, "low_level_<0.5": 2.6315789473684208, "mid_level_0.5-2": 2.6315789473684208, "tall_2+": 94.73684210526315 }, "geometry": { "type": "Point", "coordinates": [ -0.38055624326644, 51.678193975749288 ] } },
{ "type": "Feature", "properties": { "max_height": 7.0305061340332031, "mean_height": 5.4430503845214844, "std_height": 1.3423670530319214, "count_pixels": 42, "percent_cover": 0.10249902381882078, "percent_above_0.1m": 100.0, "low_level_<0.5": 0.0, "mid_level_0.5-2": 0.0, "tall_2+": 100.0 }, "geometry": { "type": "Point", "coordinates": [ -0.380355932428859, 51.678191213670985 ] } },
{ "type": "Feature", "properties": { "max_height": 3.1647491455078125, "mean_height": 0.63553357124328613, "std_height": 1.0603986978530884, "count_pixels": 41, "percent_cover": 0.10005857087075361, "percent_above_0.1m": 34.146341463414636, "low_level_<0.5": 7.3170731707317067, "mid_level_0.5-2": 7.3170731707317067, "tall_2+": 19.512195121951219 }, "geometry": { "type": "Point", "coordinates": [ -0.38015562162234, 51.678188451251074 ] } },
{ "type": "Feature", "properties": { "max_height": 1.3285064697265625, "mean_height": 0.31048527359962463, "std_height": 0.45215526223182678, "count_pixels": 41, "percent_cover": 0.10005857087075361, "percent_above_0.1m": 39.024390243902438, "low_level_<0.5": 12.195121951219512, "mid_level_0.5-2": 24.390243902439025, "tall_2+": 0.0 }, "geometry": { "type": "Point", "coordinates": [ -0.379955310846893, 51.67818568848957 ] } },
{ "type": "Feature", "properties": { "max_height": 6.7882537841796875, "mean_height": 1.2062113285064697, "std_height": 1.9238700866699219, "count_pixels": 38, "percent_cover": 0.092737212026552121, "percent_above_0.1m": 39.473684210526315, "low_level_<0.5": 2.6315789473684208, "mid_level_0.5-2": 13.157894736842104, "tall_2+": 23.684210526315788 }, "geometry": { "type": "Point", "coordinates": [ -0.381854419524396, 51.678319771708608 ] } },
{ "type": "Feature", "properties": { "max_height": 4.7452545166015625, "mean_height": 0.47277078032493591, "std_height": 1.1335016489028931, "count_pixels": 41, "percent_cover": 0.10005857087075361, "percent_above_0.1m": 21.951219512195124, "low_level_<0.5": 2.4390243902439024, "mid_level_0.5-2": 9.7560975609756095, "tall_2+": 9.7560975609756095 }, "geometry": { "type": "Point", "coordinates": [ -0.381654108028366, 51.678317011841379 ] } },
{ "type": "Feature", "properties": { "max_height": 0.01800537109375, "mean_height": 0.00054605997866019607, "std_height": 0.0069413152523338795, "count_pixels": 41, "percent_cover": 0.10005857087075361, "percent_above_0.1m": 0.0, "low_level_<0.5": 0.0, "mid_level_0.5-2": 0.0, "tall_2+": 0.0 }, "geometry": { "type": "Point", "coordinates": [ -0.381453796563369, 51.678314251632571 ] } },
{ "type": "Feature", "properties": { "max_height": 0.007503509521484375, "mean_height": -0.001979464665055275, "std_height": 0.00466562295332551, "count_pixels": 42, "percent_cover": 0.10249902381882078, "percent_above_0.1m": 0.0, "low_level_<0.5": 0.0, "mid_level_0.5-2": 0.0, "tall_2+": 0.0 }, "geometry": { "type": "Point", "coordinates": [ -0.381253485129418, 51.678311491082177 ] } },
{ "type": "Feature", "properties": { "max_height": 0.01125335693359375, "mean_height": -0.001991362776607275, "std_height": 0.0054907072335481644, "count_pixels": 42, "percent_cover": 0.10249902381882078, "percent_above_0.1m": 0.0, "low_level_<0.5": 0.0, "mid_level_0.5-2": 0.0, "tall_2+": 0.0 }, "geometry": { "type": "Point", "coordinates": [ -0.381053173726519, 51.67830873019016 ] } },
{ "type": "Feature", "properties": { "max_height": 0.3795013427734375, "mean_height": 0.016829114407300949, "std_height": 0.076276928186416626, "count_pixels": 43, "percent_cover": 0.10493947676688793, "percent_above_0.1m": 4.6511627906976747, "low_level_<0.5": 4.6511627906976747, "mid_level_0.5-2": 0.0, "tall_2+": 0.0 }, "geometry": { "type": "Point", "coordinates": [ -0.380852862354673, 51.678305968956558 ] } },
{ "type": "Feature", "properties": { "max_height": 7.18475341796875, "mean_height": 3.9800808429718018, "std_height": 2.3216371536254883, "count_pixels": 42, "percent_cover": 0.10249902381882078, "percent_above_0.1m": 97.61904761904762, "low_level_<0.5": 4.7619047619047619, "mid_level_0.5-2": 9.5238095238095237, "tall_2+": 80.952380952380949 }, "geometry": { "type": "Point", "coordinates": [ -0.380652551013877, 51.678303207381347 ] } },
{ "type": "Feature", "properties": { "max_height": 6.8369979858398438, "mean_height": 4.5573830604553223, "std_height": 1.8083748817443848, "count_pixels": 42, "percent_cover": 0.10249902381882078, "percent_above_0.1m": 95.238095238095227, "low_level_<0.5": 0.0, "mid_level_0.5-2": 4.7619047619047619, "tall_2+": 90.476190476190482 }, "geometry": { "type": "Point", "coordinates": [ -0.380452239704146, 51.678300445464551 ] } },
{ "type": "Feature", "properties": { "max_height": 3.1947593688964844, "mean_height": 0.42569950222969055, "std_height": 0.96418356895446777, "count_pixels": 42, "percent_cover": 0.10249902381882078, "percent_above_0.1m": 23.809523809523807, "low_level_<0.5": 4.7619047619047619, "mid_level_0.5-2": 7.1428571428571423, "tall_2+": 11.904761904761903 }, "geometry": { "type": "Point", "coordinates": [ -0.380251928425476, 51.678297683206161 ] } },
{ "type": "Feature", "properties": { "max_height": 1.2440032958984375, "mean_height": 0.28129389882087708, "std_height": 0.42929172515869141, "count_pixels": 43, "percent_cover": 0.10493947676688793, "percent_above_0.1m": 37.209302325581397, "low_level_<0.5": 13.953488372093023, "mid_level_0.5-2": 23.255813953488371, "tall_2+": 0.0 }, "geometry": { "type": "Point", "coordinates": [ -0.380051617177872, 51.678294920606177 ] } },
{ "type": "Feature", "properties": { "max_height": 2.78924560546875, "mean_height": 0.27239927649497986, "std_height": 0.53773677349090576, "count_pixels": 42, "percent_cover": 0.10249902381882078, "percent_above_0.1m": 33.333333333333329, "low_level_<0.5": 11.904761904761903, "mid_level_0.5-2": 19.047619047619047, "tall_2+": 2.3809523809523809 }, "geometry": { "type": "Point", "coordinates": [ -0.381950730545802, 51.678429002293335 ] } },
{ "type": "Feature", "properties": { "max_height": 7.0105056762695312, "mean_height": 1.9837296009063721, "std_height": 2.3891837596893311, "count_pixels": 42, "percent_cover": 0.10249902381882078, "percent_above_0.1m": 59.523809523809526, "low_level_<0.5": 7.1428571428571423, "mid_level_0.5-2": 16.666666666666664, "tall_2+": 35.714285714285715 }, "geometry": { "type": "Point", "coordinates": [ -0.381750418577621, 51.678426242587641 ] } },
{ "type": "Feature", "properties": { "max_height": 0.022998809814453125, "mean_height": -0.0007414706633426249, "std_height": 0.0074510127305984497, "count_pixels": 43, "percent_cover": 0.10493947676688793, "percent_above_0.1m": 0.0, "low_level_<0.5": 0.0, "mid_level_0.5-2": 0.0, "tall_2+": 0.0 }, "geometry": { "type": "Point", "coordinates": [ -0.381550106640486, 51.678423482540346 ] } },
{ "type": "Feature", "properties": { "max_height": 2.3745040893554688, "mean_height": 0.0562286376953125, "std_height": 0.36208125948905945, "count_pixels": 42, "percent_cover": 0.10249902381882078, "percent_above_0.1m": 2.3809523809523809, "low_level_<0.5": 0.0, "mid_level_0.5-2": 0.0, "tall_2+": 2.3809523809523809 }, "geometry": { "type": "Point", "coordinates": [ -0.38134979473439, 51.678420722151444 ] } },
{ "type": "Feature", "properties": { "max_height": 0.055999755859375, "mean_height": 0.0013306936016306281, "std_height": 0.010384533554315567, "count_pixels": 42, "percent_cover": 0.10249902381882078, "percent_above_0.1m": 0.0, "low_level_<0.5": 0.0, "mid_level_0.5-2": 0.0, "tall_2+": 0.0 }, "geometry": { "type": "Point", "coordinates": [ -0.381149482859342, 51.678417961420955 ] } },
{ "type": "Feature", "properties": { "max_height": 0.04100799560546875, "mean_height": 0.0048567610792815685, "std_height": 0.01320371963083744, "count_pixels": 41, "percent_cover": 0.10005857087075361, "percent_above_0.1m": 0.0, "low_level_<0.5": 0.0, "mid_level_0.5-2": 0.0, "tall_2+": 0.0 }, "geometry": { "type": "Point", "coordinates": [ -0.380949171015344, 51.678415200348866 ] } },
{ "type": "Feature", "properties": { "max_height": 0.39675140380859375, "mean_height": 0.03727080300450325, "std_height": 0.08562171459197998, "count_pixels": 41, "percent_cover": 0.10005857087075361, "percent_above_0.1m": 9.7560975609756095, "low_level_<0.5": 9.7560975609756095, "mid_level_0.5-2": 0.0, "tall_2+": 0.0 }, "geometry": { "type": "Point", "coordinates": [ -0.380748859202398, 51.678412438935176 ] } },
{ "type": "Feature", "properties": { "max_height": 6.32275390625, "mean_height": 0.64616101980209351, "std_height": 1.5018316507339478, "count_pixels": 38, "percent_cover": 0.092737212026552121, "percent_above_0.1m": 26.315789473684209, "low_level_<0.5": 2.6315789473684208, "mid_level_0.5-2": 10.526315789473683, "tall_2+": 10.526315789473683 }, "geometry": { "type": "Point", "coordinates": [ -0.380548547420512, 51.678409677179893 ] } },
{ "type": "Feature", "properties": { "max_height": 4.235504150390625, "mean_height": 0.59118705987930298, "std_height": 1.0375717878341675, "count_pixels": 42, "percent_cover": 0.10249902381882078, "percent_above_0.1m": 33.333333333333329, "low_level_<0.5": 2.3809523809523809, "mid_level_0.5-2": 19.047619047619047, "tall_2+": 11.904761904761903 }, "geometry": { "type": "Point", "coordinates": [ -0.380348235669685, 51.678406915083002 ] } },
{ "type": "Feature", "properties": { "max_height": 1.2540016174316406, "mean_height": 0.27711263298988342, "std_height": 0.4257366955280304, "count_pixels": 41, "percent_cover": 0.10005857087075361, "percent_above_0.1m": 39.024390243902438, "low_level_<0.5": 9.7560975609756095, "mid_level_0.5-2": 24.390243902439025, "tall_2+": 0.0 }, "geometry": { "type": "Point", "coordinates": [ -0.38014792394993, 51.678404152644525 ] } },
{ "type": "Feature", "properties": { "max_height": 2.0707473754882812, "mean_height": 0.13087202608585358, "std_height": 0.45248311758041382, "count_pixels": 41, "percent_cover": 0.10005857087075361, "percent_above_0.1m": 9.7560975609756095, "low_level_<0.5": 2.4390243902439024, "mid_level_0.5-2": 4.8780487804878048, "tall_2+": 2.4390243902439024 }, "geometry": { "type": "Point", "coordinates": [ -0.382247354479661, 51.678540992002375 ] } },
{ "type": "Feature", "properties": { "max_height": 0.4015045166015625, "mean_height": 0.017252422869205475, "std_height": 0.064357250928878784, "count_pixels": 42, "percent_cover": 0.10249902381882078, "percent_above_0.1m": 4.7619047619047619, "low_level_<0.5": 2.3809523809523809, "mid_level_0.5-2": 0.0, "tall_2+": 0.0 }, "geometry": { "type": "Point", "coordinates": [ -0.382047042008307, 51.678538232799795 ] } },
{ "type": "Feature", "properties": { "max_height": 0.39025115966796875, "mean_height": 0.020582601428031921, "std_height": 0.067265458405017853, "count_pixels": 38, "percent_cover": 0.092737212026552121, "percent_above_0.1m": 5.2631578947368416, "low_level_<0.5": 5.2631578947368416, "mid_level_0.5-2": 0.0, "tall_2+": 0.0 }, "geometry": { "type": "Point", "coordinates": [ -0.381846729567982, 51.678535473255629 ] } },
{ "type": "Feature", "properties": { "max_height": 0.01700592041015625, "mean_height": -0.000789642333984375, "std_height": 0.0075331754051148891, "count_pixels": 41, "percent_cover": 0.10005857087075361, "percent_above_0.1m": 0.0, "low_level_<0.5": 0.0, "mid_level_0.5-2": 0.0, "tall_2+": 0.0 }, "geometry": { "type": "Point", "coordinates": [ -0.381646417158699, 51.678532713369847 ] } },
{ "type": "Feature", "properties": { "max_height": 0.01650238037109375, "mean_height": 9.4809183792676777e-05, "std_height": 0.0049574756994843483, "count_pixels": 41, "percent_cover": 0.10005857087075361, "percent_above_0.1m": 0.0, "low_level_<0.5": 0.0, "mid_level_0.5-2": 0.0, "tall_2+": 0.0 }, "geometry": { "type": "Point", "coordinates": [ -0.381446104780453, 51.678529953142473 ] } },
{ "type": "Feature", "properties": { "max_height": 2.22900390625, "mean_height": 0.16618746519088745, "std_height": 0.44556409120559692, "count_pixels": 42, "percent_cover": 0.10249902381882078, "percent_above_0.1m": 21.428571428571427, "low_level_<0.5": 9.5238095238095237, "mid_level_0.5-2": 7.1428571428571423, "tall_2+": 2.3809523809523809 }, "geometry": { "type": "Point", "coordinates": [ -0.381245792433255, 51.67852719257349 ] } },
{ "type": "Feature", "properties": { "max_height": 1.13800048828125, "mean_height": 0.077103748917579651, "std_height": 0.23577751219272614, "count_pixels": 42, "percent_cover": 0.10249902381882078, "percent_above_0.1m": 14.285714285714285, "low_level_<0.5": 7.1428571428571423, "mid_level_0.5-2": 4.7619047619047619, "tall_2+": 0.0 }, "geometry": { "type": "Point", "coordinates": [ -0.381045480117105, 51.678524431662929 ] } },
{ "type": "Feature", "properties": { "max_height": 3.8315010070800781, "mean_height": 0.63254934549331665, "std_height": 0.98848319053649902, "count_pixels": 43, "percent_cover": 0.10493947676688793, "percent_above_0.1m": 46.511627906976742, "low_level_<0.5": 9.3023255813953494, "mid_level_0.5-2": 23.255813953488371, "tall_2+": 11.627906976744185 }, "geometry": { "type": "Point", "coordinates": [ -0.380845167832005, 51.678521670410746 ] } },
{ "type": "Feature", "properties": { "max_height": 4.5170021057128906, "mean_height": 0.90528243780136108, "std_height": 1.1869585514068604, "count_pixels": 42, "percent_cover": 0.10249902381882078, "percent_above_0.1m": 52.380952380952387, "low_level_<0.5": 4.7619047619047619, "mid_level_0.5-2": 35.714285714285715, "tall_2+": 11.904761904761903 }, "geometry": { "type": "Point", "coordinates": [ -0.380644855577964, 51.678518908816983 ] } },
{ "type": "Feature", "properties": { "max_height": 4.9592552185058594, "mean_height": 1.6518843173980713, "std_height": 1.4879753589630127, "count_pixels": 42, "percent_cover": 0.10249902381882078, "percent_above_0.1m": 83.333333333333343, "low_level_<0.5": 7.1428571428571423, "mid_level_0.5-2": 38.095238095238095, "tall_2+": 35.714285714285715 }, "geometry": { "type": "Point", "coordinates": [ -0.380444543354983, 51.678516146881606 ] } },
{ "type": "Feature", "properties": { "max_height": 3.1007537841796875, "mean_height": 0.77577656507492065, "std_height": 0.85910248756408691, "count_pixels": 42, "percent_cover": 0.10249902381882078, "percent_above_0.1m": 59.523809523809526, "low_level_<0.5": 9.5238095238095237, "mid_level_0.5-2": 40.476190476190474, "tall_2+": 9.5238095238095237 }, "geometry": { "type": "Point", "coordinates": [ -0.380244231163065, 51.678513384604628 ] } },
{ "type": "Feature", "properties": { "max_height": 7.305755615234375, "mean_height": 1.5321558713912964, "std_height": 2.4264898300170898, "count_pixels": 42, "percent_cover": 0.10249902381882078, "percent_above_0.1m": 42.857142857142854, "low_level_<0.5": 2.3809523809523809, "mid_level_0.5-2": 16.666666666666664, "tall_2+": 23.809523809523807 }, "geometry": { "type": "Point", "coordinates": [ -0.382343666855416, 51.678650222269063 ] } },
{ "type": "Feature", "properties": { "max_height": 11.517757415771484, "mean_height": 2.9029965400695801, "std_height": 3.1063277721405029, "count_pixels": 42, "percent_cover": 0.10249902381882078, "percent_above_0.1m": 71.428571428571431, "low_level_<0.5": 4.7619047619047619, "mid_level_0.5-2": 16.666666666666664, "tall_2+": 50.0 }, "geometry": { "type": "Point", "coordinates": [ -0.382143353911913, 51.678647463228018 ] } },
{ "type": "Feature", "properties": { "max_height": 0.042003631591796875, "mean_height": 0.0059195929206907749, "std_height": 0.012417718768119812, "count_pixels": 42, "percent_cover": 0.10249902381882078, "percent_above_0.1m": 0.0, "low_level_<0.5": 0.0, "mid_level_0.5-2": 0.0, "tall_2+": 0.0 }, "geometry": { "type": "Point", "coordinates": [ -0.381943040999446, 51.67864470384535 ] } },
{ "type": "Feature", "properties": { "max_height": 0.0050048828125, "mean_height": 0.00024141583708114922, "std_height": 0.0015545818023383617, "count_pixels": 42, "percent_cover": 0.10249902381882078, "percent_above_0.1m": 0.0, "low_level_<0.5": 0.0, "mid_level_0.5-2": 0.0, "tall_2+": 0.0 }, "geometry": { "type": "Point", "coordinates": [ -0.381742728118009, 51.678641944121097 ] } },
{ "type": "Feature", "properties": { "max_height": 2.5535049438476562, "mean_height": 0.13703794777393341, "std_height": 0.45057785511016846, "count_pixels": 43, "percent_cover": 0.10493947676688793, "percent_above_0.1m": 13.953488372093023, "low_level_<0.5": 4.6511627906976747, "mid_level_0.5-2": 6.9767441860465116, "tall_2+": 2.3255813953488373 }, "geometry": { "type": "Point", "coordinates": [ -0.381542415267615, 51.67863918405525 ] } },
{ "type": "Feature", "properties": { "max_height": 0.4875030517578125, "mean_height": 0.011324292048811913, "std_height": 0.074409432709217072, "count_pixels": 42, "percent_cover": 0.10249902381882078, "percent_above_0.1m": 2.3809523809523809, "low_level_<0.5": 2.3809523809523809, "mid_level_0.5-2": 0.0, "tall_2+": 0.0 }, "geometry": { "type": "Point", "coordinates": [ -0.381342102448263, 51.678636423647781 ] } },
{ "type": "Feature", "properties": { "max_height": 0.00600433349609375, "mean_height": -0.0008068084716796875, "std_height": 0.0041063874959945679, "count_pixels": 42, "percent_cover": 0.10249902381882078, "percent_above_0.1m": 0.0, "low_level_<0.5": 0.0, "mid_level_0.5-2": 0.0, "tall_2+": 0.0 }, "geometry": { "type": "Point", "coordinates": [ -0.381141789659959, 51.678633662898726 ] } },
{ "type": "Feature", "properties": { "max_height": 1.8820037841796875, "mean_height": 0.39283919334411621, "std_height": 0.58110010623931885, "count_pixels": 41, "percent_cover": 0.10005857087075361, "percent_above_0.1m": 39.024390243902438, "low_level_<0.5": 7.3170731707317067, "mid_level_0.5-2": 31.707317073170731, "tall_2+": 0.0 }, "geometry": { "type": "Point", "coordinates": [ -0.380941476902706, 51.678630901808077 ] } },
{ "type": "Feature", "properties": { "max_height": 1.4797554016113281, "mean_height": 0.22928954660892487, "std_height": 0.47268086671829224, "count_pixels": 41, "percent_cover": 0.10005857087075361, "percent_above_0.1m": 21.951219512195124, "low_level_<0.5": 4.8780487804878048, "mid_level_0.5-2": 17.073170731707318, "tall_2+": 0.0 }, "geometry": { "type": "Point", "coordinates": [ -0.380741164176504, 51.678628140375814 ] } },
{ "type": "Feature", "properties": { "max_height": 1.2302474975585938, "mean_height": 0.037398926913738251, "std_height": 0.19443576037883759, "count_pixels": 42, "percent_cover": 0.10249902381882078, "percent_above_0.1m": 4.7619047619047619, "low_level_<0.5": 2.3809523809523809, "mid_level_0.5-2": 2.3809523809523809, "tall_2+": 0.0 }, "geometry": { "type": "Point", "coordinates": [ -0.382640293118959, 51.678762210995416 ] } },
{ "type": "Feature", "properties": { "max_height": 5.7795028686523438, "mean_height": 0.72148358821868896, "std_height": 1.38885498046875, "count_pixels": 42, "percent_cover": 0.10249902381882078, "percent_above_0.1m": 38.095238095238095, "low_level_<0.5": 7.1428571428571423, "mid_level_0.5-2": 16.666666666666664, "tall_2+": 14.285714285714285 }, "geometry": { "type": "Point", "coordinates": [ -0.382439979672279, 51.678759452457484 ] } },
{ "type": "Feature", "properties": { "max_height": 9.7410087585449219, "mean_height": 1.3635094165802002, "std_height": 2.6617891788482666, "count_pixels": 41, "percent_cover": 0.10005857087075361, "percent_above_0.1m": 34.146341463414636, "low_level_<0.5": 2.4390243902439024, "mid_level_0.5-2": 12.195121951219512, "tall_2+": 19.512195121951219 }, "geometry": { "type": "Point", "coordinates": [ -0.382239666256634, 51.678756693577967 ] } },
{ "type": "Feature", "properties": { "max_height": 9.6672515869140625, "mean_height": 1.1150925159454346, "std_height": 2.1012988090515137, "count_pixels": 42, "percent_cover": 0.10249902381882078, "percent_above_0.1m": 35.714285714285715, "low_level_<0.5": 2.3809523809523809, "mid_level_0.5-2": 14.285714285714285, "tall_2+": 19.047619047619047 }, "geometry": { "type": "Point", "coordinates": [ -0.38203935287201, 51.678753934356834 ] } },
{ "type": "Feature", "properties": { "max_height": 4.3370018005371094, "mean_height": 0.40918058156967163, "std_height": 1.0248692035675049, "count_pixels": 38, "percent_cover": 0.092737212026552121, "percent_above_0.1m": 26.315789473684209, "low_level_<0.5": 13.157894736842104, "mid_level_0.5-2": 2.6315789473684208, "tall_2+": 10.526315789473683 }, "geometry": { "type": "Point", "coordinates": [ -0.381839039518427, 51.678751174794101 ] } },
{ "type": "Feature", "properties": { "max_height": 3.1462478637695312, "mean_height": 0.14936260879039764, "std_height": 0.54647600650787354, "count_pixels": 41, "percent_cover": 0.10005857087075361, "percent_above_0.1m": 9.7560975609756095, "low_level_<0.5": 0.0, "mid_level_0.5-2": 7.3170731707317067, "tall_2+": 2.4390243902439024 }, "geometry": { "type": "Point", "coordinates": [ -0.381638726195877, 51.678748414889768 ] } },
{ "type": "Feature", "properties": { "max_height": 4.8185005187988281, "mean_height": 0.59586846828460693, "std_height": 1.1524332761764526, "count_pixels": 41, "percent_cover": 0.10005857087075361, "percent_above_0.1m": 34.146341463414636, "low_level_<0.5": 4.8780487804878048, "mid_level_0.5-2": 17.073170731707318, "tall_2+": 12.195121951219512 }, "geometry": { "type": "Point", "coordinates": [ -0.381438412904371, 51.678745654643819 ] } },
{ "type": "Feature", "properties": { "max_height": 0.00475311279296875, "mean_height": 0.00010445004591019824, "std_height": 0.0013954802416265011, "count_pixels": 42, "percent_cover": 0.10249902381882078, "percent_above_0.1m": 0.0, "low_level_<0.5": 0.0, "mid_level_0.5-2": 0.0, "tall_2+": 0.0 }, "geometry": { "type": "Point", "coordinates": [ -0.381238099643908, 51.678742894056278 ] } },
{ "type": "Feature", "properties": { "max_height": 1.636749267578125, "mean_height": 0.051396254450082779, "std_height": 0.26025551557540894, "count_pixels": 41, "percent_cover": 0.10005857087075361, "percent_above_0.1m": 4.8780487804878048, "low_level_<0.5": 2.4390243902439024, "mid_level_0.5-2": 2.4390243902439024, "tall_2+": 0.0 }, "geometry": { "type": "Point", "coordinates": [ -0.382736606849086, 51.678871440944057 ] } },
{ "type": "Feature", "properties": { "max_height": 8.014251708984375, "mean_height": 3.5284717082977295, "std_height": 2.5006284713745117, "count_pixels": 42, "percent_cover": 0.10249902381882078, "percent_above_0.1m": 85.714285714285708, "low_level_<0.5": 2.3809523809523809, "mid_level_0.5-2": 16.666666666666664, "tall_2+": 64.285714285714292 }, "geometry": { "type": "Point", "coordinates": [ -0.382536292930259, 51.678868682567646 ] } },
{ "type": "Feature", "properties": { "max_height": 8.7212562561035156, "mean_height": 1.5464789867401123, "std_height": 2.2906067371368408, "count_pixels": 42, "percent_cover": 0.10249902381882078, "percent_above_0.1m": 57.142857142857139, "low_level_<0.5": 7.1428571428571423, "mid_level_0.5-2": 21.428571428571427, "tall_2+": 26.190476190476193 }, "geometry": { "type": "Point", "coordinates": [ -0.382335979042461, 51.678865923849649 ] } },
{ "type": "Feature", "properties": { "max_height": 0.001251220703125, "mean_height": 2.706618579395581e-05, "std_height": 0.00044605694711208344, "count_pixels": 42, "percent_cover": 0.10249902381882078, "percent_above_0.1m": 0.0, "low_level_<0.5": 0.0, "mid_level_0.5-2": 0.0, "tall_2+": 0.0 }, "geometry": { "type": "Point", "coordinates": [ -0.382135665185688, 51.678863164790044 ] } },
{ "type": "Feature", "properties": { "max_height": 3.6202545166015625, "mean_height": 0.46854463219642639, "std_height": 0.91174209117889404, "count_pixels": 42, "percent_cover": 0.10249902381882078, "percent_above_0.1m": 28.571428571428569, "low_level_<0.5": 2.3809523809523809, "mid_level_0.5-2": 19.047619047619047, "tall_2+": 7.1428571428571423 }, "geometry": { "type": "Point", "coordinates": [ -0.381935351359948, 51.678860405388839 ] } },
{ "type": "Feature", "properties": { "max_height": 0.003753662109375, "mean_height": 0.00025285992887802422, "std_height": 0.00090484065003693104, "count_pixels": 42, "percent_cover": 0.10249902381882078, "percent_above_0.1m": 0.0, "low_level_<0.5": 0.0, "mid_level_0.5-2": 0.0, "tall_2+": 0.0 }, "geometry": { "type": "Point", "coordinates": [ -0.381735037565244, 51.678857645646012 ] } },
{ "type": "Feature", "properties": { "max_height": 2.9850082397460938, "mean_height": 0.25735765695571899, "std_height": 0.65709024667739868, "count_pixels": 43, "percent_cover": 0.10493947676688793, "percent_above_0.1m": 20.930232558139537, "low_level_<0.5": 4.6511627906976747, "mid_level_0.5-2": 11.627906976744185, "tall_2+": 4.6511627906976747 }, "geometry": { "type": "Point", "coordinates": [ -0.381534723801579, 51.678854885561599 ] } },
{ "type": "Feature", "properties": { "max_height": 7.7817535400390625, "mean_height": 1.0702352523803711, "std_height": 2.1621313095092773, "count_pixels": 42, "percent_cover": 0.10249902381882078, "percent_above_0.1m": 28.571428571428569, "low_level_<0.5": 0.0, "mid_level_0.5-2": 11.904761904761903, "tall_2+": 16.666666666666664 }, "geometry": { "type": "Point", "coordinates": [ -0.381334410068963, 51.678852125135577 ] } },
{ "type": "Feature", "properties": { "max_height": 0.0512542724609375, "mean_height": 0.0021204266231507063, "std_height": 0.0086960317566990852, "count_pixels": 42, "percent_cover": 0.10249902381882078, "percent_above_0.1m": 0.0, "low_level_<0.5": 0.0, "mid_level_0.5-2": 0.0, "tall_2+": 0.0 }, "geometry": { "type": "Point", "coordinates": [ -0.38303323544233, 51.67898342868768 ] } },
{ "type": "Feature", "properties": { "max_height": 5.8119964599609375, "mean_height": 0.99608159065246582, "std_height": 1.7596210241317749, "count_pixels": 43, "percent_cover": 0.10493947676688793, "percent_above_0.1m": 39.534883720930232, "low_level_<0.5": 9.3023255813953494, "mid_level_0.5-2": 9.3023255813953494, "tall_2+": 18.604651162790699 }, "geometry": { "type": "Point", "coordinates": [ -0.382832921020335, 51.678980670814418 ] } },
{ "type": "Feature", "properties": { "max_height": 7.5047531127929688, "mean_height": 1.5432524681091309, "std_height": 2.1446192264556885, "count_pixels": 42, "percent_cover": 0.10249902381882078, "percent_above_0.1m": 54.761904761904766, "low_level_<0.5": 9.5238095238095237, "mid_level_0.5-2": 11.904761904761903, "tall_2+": 30.952380952380953 }, "geometry": { "type": "Point", "coordinates": [ -0.382632606629357, 51.678977912599542 ] } },
{ "type": "Feature", "properties": { "max_height": 4.0822486877441406, "mean_height": 0.42236036062240601, "std_height": 1.0285731554031372, "count_pixels": 42, "percent_cover": 0.10249902381882078, "percent_above_0.1m": 26.190476190476193, "low_level_<0.5": 4.7619047619047619, "mid_level_0.5-2": 9.5238095238095237, "tall_2+": 9.5238095238095237 }, "geometry": { "type": "Point", "coordinates": [ -0.382432292269402, 51.678975154043066 ] } },
{ "type": "Feature", "properties": { "max_height": 0.58300399780273438, "mean_height": 0.014356845989823341, "std_height": 0.089912988245487213, "count_pixels": 41, "percent_cover": 0.10005857087075361, "percent_above_0.1m": 2.4390243902439024, "low_level_<0.5": 0.0, "mid_level_0.5-2": 2.4390243902439024, "tall_2+": 0.0 }, "geometry": { "type": "Point", "coordinates": [ -0.382231977940479, 51.678972395144989 ] } },
{ "type": "Feature", "properties": { "max_height": 8.55975341796875, "mean_height": 1.3387887477874756, "std_height": 2.4783859252929688, "count_pixels": 42, "percent_cover": 0.10249902381882078, "percent_above_0.1m": 30.952380952380953, "low_level_<0.5": 2.3809523809523809, "mid_level_0.5-2": 4.7619047619047619, "tall_2+": 23.809523809523807 }, "geometry": { "type": "Point", "coordinates": [ -0.382031663642583, 51.678969635905304 ] } },
{ "type": "Feature", "properties": { "max_height": 12.355503082275391, "mean_height": 6.0916671752929688, "std_height": 4.0717940330505371, "count_pixels": 38, "percent_cover": 0.092737212026552121, "percent_above_0.1m": 84.210526315789465, "low_level_<0.5": 0.0, "mid_level_0.5-2": 7.8947368421052628, "tall_2+": 76.31578947368422 }, "geometry": { "type": "Point", "coordinates": [ -0.381831349375723, 51.678966876324019 ] } },
{ "type": "Feature", "properties": { "max_height": 0.21575164794921875, "mean_height": 0.010710460133850574, "std_height": 0.040891081094741821, "count_pixels": 41, "percent_cover": 0.10005857087075361, "percent_above_0.1m": 4.8780487804878048, "low_level_<0.5": 2.4390243902439024, "mid_level_0.5-2": 0.0, "tall_2+": 0.0 }, "geometry": { "type": "Point", "coordinates": [ -0.381631035139897, 51.678964116401119 ] } },
{ "type": "Feature", "properties": { "max_height": 6.9290046691894531, "mean_height": 1.5716307163238525, "std_height": 2.231766939163208, "count_pixels": 41, "percent_cover": 0.10005857087075361, "percent_above_0.1m": 51.219512195121951, "low_level_<0.5": 4.8780487804878048, "mid_level_0.5-2": 12.195121951219512, "tall_2+": 31.707317073170731 }, "geometry": { "type": "Point", "coordinates": [ -0.38143072093512, 51.678961356136618 ] } },
{ "type": "Feature", "properties": { "max_height": 7.2152481079101562, "mean_height": 1.0302698612213135, "std_height": 1.9835669994354248, "count_pixels": 38, "percent_cover": 0.092737212026552121, "percent_above_0.1m": 42.105263157894733, "low_level_<0.5": 2.6315789473684208, "mid_level_0.5-2": 7.8947368421052628, "tall_2+": 18.421052631578945 }, "geometry": { "type": "Point", "coordinates": [ -0.383129550526851, 51.679092658318254 ] } },
{ "type": "Feature", "properties": { "max_height": 7.2400054931640625, "mean_height": 1.7468115091323853, "std_height": 2.2512211799621582, "count_pixels": 41, "percent_cover": 0.10005857087075361, "percent_above_0.1m": 65.853658536585371, "low_level_<0.5": 12.195121951219512, "mid_level_0.5-2": 21.951219512195124, "tall_2+": 31.707317073170731 }, "geometry": { "type": "Point", "coordinates": [ -0.382929235632709, 51.67908990060652 ] } },
{ "type": "Feature", "properties": { "max_height": 7.53399658203125, "mean_height": 2.5162894725799561, "std_height": 2.3401308059692383, "count_pixels": 41, "percent_cover": 0.10005857087075361, "percent_above_0.1m": 85.365853658536579, "low_level_<0.5": 12.195121951219512, "mid_level_0.5-2": 21.951219512195124, "tall_2+": 48.780487804878049 }, "geometry": { "type": "Point", "coordinates": [ -0.382728920769575, 51.679087142553179 ] } },
{ "type": "Feature", "properties": { "max_height": 8.9532546997070312, "mean_height": 2.7639555931091309, "std_height": 2.8729348182678223, "count_pixels": 42, "percent_cover": 0.10249902381882078, "percent_above_0.1m": 61.904761904761905, "low_level_<0.5": 4.7619047619047619, "mid_level_0.5-2": 2.3809523809523809, "tall_2+": 54.761904761904766 }, "geometry": { "type": "Point", "coordinates": [ -0.382528605937465, 51.679084384158237 ] } },
{ "type": "Feature", "properties": { "max_height": 5.1544990539550781, "mean_height": 0.30974689126014709, "std_height": 0.98576557636260986, "count_pixels": 42, "percent_cover": 0.10249902381882078, "percent_above_0.1m": 16.666666666666664, "low_level_<0.5": 7.1428571428571423, "mid_level_0.5-2": 4.7619047619047619, "tall_2+": 4.7619047619047619 }, "geometry": { "type": "Point", "coordinates": [ -0.382328291136388, 51.679081625421674 ] } },
{ "type": "Feature", "properties": { "max_height": 0.003002166748046875, "mean_height": 2.0799183403141797e-05, "std_height": 0.00072658865246921778, "count_pixels": 42, "percent_cover": 0.10249902381882078, "percent_above_0.1m": 0.0, "low_level_<0.5": 0.0, "mid_level_0.5-2": 0.0, "tall_2+": 0.0 }, "geometry": { "type": "Point", "coordinates": [ -0.382127976366329, 51.679078866343524 ] } },
{ "type": "Feature", "properties": { "max_height": 12.509754180908203, "mean_height": 2.408682107925415, "std_height": 3.4703898429870605, "count_pixels": 42, "percent_cover": 0.10249902381882078, "percent_above_0.1m": 42.857142857142854, "low_level_<0.5": 4.7619047619047619, "mid_level_0.5-2": 0.0, "tall_2+": 38.095238095238095 }, "geometry": { "type": "Point", "coordinates": [ -0.381927661627313, 51.679076106923752 ] } },
{ "type": "Feature", "properties": { "max_height": 10.306255340576172, "mean_height": 1.3501226902008057, "std_height": 2.8082027435302734, "count_pixels": 42, "percent_cover": 0.10249902381882078, "percent_above_0.1m": 30.952380952380953, "low_level_<0.5": 2.3809523809523809, "mid_level_0.5-2": 7.1428571428571423, "tall_2+": 21.428571428571427 }, "geometry": { "type": "Point", "coordinates": [ -0.381727346919325, 51.67907334716238 ] } },
{ "type": "Feature", "properties": { "max_height": 5.7345046997070312, "mean_height": 0.68731743097305298, "std_height": 1.3527041673660278, "count_pixels": 43, "percent_cover": 0.10493947676688793, "percent_above_0.1m": 32.558139534883722, "low_level_<0.5": 2.3255813953488373, "mid_level_0.5-2": 18.604651162790699, "tall_2+": 11.627906976744185 }, "geometry": { "type": "Point", "coordinates": [ -0.381527032242384, 51.6790705870594 ] } },
{ "type": "Feature", "properties": { "max_height": 5.1907501220703125, "mean_height": 0.49952369928359985, "std_height": 1.1571640968322754, "count_pixels": 42, "percent_cover": 0.10249902381882078, "percent_above_0.1m": 30.952380952380953, "low_level_<0.5": 2.3809523809523809, "mid_level_0.5-2": 14.285714285714285, "tall_2+": 9.5238095238095237 }, "geometry": { "type": "Point", "coordinates": [ -0.38342618144982, 51.679204645079146 ] } },
{ "type": "Feature", "properties": { "max_height": 12.287261962890625, "mean_height": 2.4200541973114014, "std_height": 2.7536454200744629, "count_pixels": 42, "percent_cover": 0.10249902381882078, "percent_above_0.1m": 83.333333333333343, "low_level_<0.5": 14.285714285714285, "mid_level_0.5-2": 23.809523809523807, "tall_2+": 42.857142857142854 }, "geometry": { "type": "Point", "coordinates": [ -0.383225866052506, 51.679201887870569 ] } },
{ "type": "Feature", "properties": { "max_height": 9.1422500610351562, "mean_height": 4.1624302864074707, "std_height": 2.6998770236968994, "count_pixels": 42, "percent_cover": 0.10249902381882078, "percent_above_0.1m": 97.61904761904762, "low_level_<0.5": 4.7619047619047619, "mid_level_0.5-2": 19.047619047619047, "tall_2+": 73.80952380952381 }, "geometry": { "type": "Point", "coordinates": [ -0.383025550686204, 51.679199130320356 ] } },
{ "type": "Feature", "properties": { "max_height": 10.376255035400391, "mean_height": 1.1082183122634888, "std_height": 2.0975322723388672, "count_pixels": 43, "percent_cover": 0.10493947676688793, "percent_above_0.1m": 48.837209302325576, "low_level_<0.5": 13.953488372093023, "mid_level_0.5-2": 16.279069767441861, "tall_2+": 18.604651162790699 }, "geometry": { "type": "Point", "coordinates": [ -0.38282523535092, 51.679196372428549 ] } },
{ "type": "Feature", "properties": { "max_height": 7.962005615234375, "mean_height": 0.68061619997024536, "std_height": 1.6624138355255127, "count_pixels": 42, "percent_cover": 0.10249902381882078, "percent_above_0.1m": 23.809523809523807, "low_level_<0.5": 0.0, "mid_level_0.5-2": 14.285714285714285, "tall_2+": 9.5238095238095237 }, "geometry": { "type": "Point", "coordinates": [ -0.382624920046657, 51.679193614195142 ] } },
{ "type": "Feature", "properties": { "max_height": 8.5982551574707031, "mean_height": 1.2301931381225586, "std_height": 2.4710259437561035, "count_pixels": 42, "percent_cover": 0.10249902381882078, "percent_above_0.1m": 28.571428571428569, "low_level_<0.5": 2.3809523809523809, "mid_level_0.5-2": 7.1428571428571423, "tall_2+": 19.047619047619047 }, "geometry": { "type": "Point", "coordinates": [ -0.382424604773413, 51.679190855620107 ] } },
{ "type": "Feature", "properties": { "max_height": 0.003509521484375, "mean_height": 0.00010606719297356904, "std_height": 0.00087008113041520119, "count_pixels": 41, "percent_cover": 0.10005857087075361, "percent_above_0.1m": 0.0, "low_level_<0.5": 0.0, "mid_level_0.5-2": 0.0, "tall_2+": 0.0 }, "geometry": { "type": "Point", "coordinates": [ -0.382224289531199, 51.679188096703477 ] } },
{ "type": "Feature", "properties": { "max_height": 0.001007080078125, "mean_height": -2.2252401322475635e-05, "std_height": 0.00061425589956343174, "count_pixels": 42, "percent_cover": 0.10249902381882078, "percent_above_0.1m": 0.0, "low_level_<0.5": 0.0, "mid_level_0.5-2": 0.0, "tall_2+": 0.0 }, "geometry": { "type": "Point", "coordinates": [ -0.382023974320019, 51.679185337445233 ] } },
{ "type": "Feature", "properties": { "max_height": 0.00150299072265625, "mean_height": -0.00013602407125290483, "std_height": 0.00060844584368169308, "count_pixels": 38, "percent_cover": 0.092737212026552121, "percent_above_0.1m": 0.0, "low_level_<0.5": 0.0, "mid_level_0.5-2": 0.0, "tall_2+": 0.0 }, "geometry": { "type": "Point", "coordinates": [ -0.381823659139869, 51.679182577845381 ] } },
{ "type": "Feature", "properties": { "max_height": 0.001750946044921875, "mean_height": -0.00021073876996524632, "std_height": 0.00082937523256987333, "count_pixels": 41, "percent_cover": 0.10005857087075361, "percent_above_0.1m": 0.0, "low_level_<0.5": 0.0, "mid_level_0.5-2": 0.0, "tall_2+": 0.0 }, "geometry": { "type": "Point", "coordinates": [ -0.38162334399076, 51.679179817903922 ] } },
{ "type": "Feature", "properties": { "max_height": 0.0137481689453125, "mean_height": 0.00075586832826957107, "std_height": 0.0033047185279428959, "count_pixels": 41, "percent_cover": 0.10005857087075361, "percent_above_0.1m": 0.0, "low_level_<0.5": 0.0, "mid_level_0.5-2": 0.0, "tall_2+": 0.0 }, "geometry": { "type": "Point", "coordinates": [ -0.38352249788876, 51.679313874391653 ] } },
{ "type": "Feature", "properties": { "max_height": 7.4499969482421875, "mean_height": 1.4525355100631714, "std_height": 1.8528066873550415, "count_pixels": 42, "percent_cover": 0.10249902381882078, "percent_above_0.1m": 73.80952380952381, "low_level_<0.5": 14.285714285714285, "mid_level_0.5-2": 33.333333333333329, "tall_2+": 26.190476190476193 }, "geometry": { "type": "Point", "coordinates": [ -0.383322182019296, 51.679311117344582 ] } },
{ "type": "Feature", "properties": { "max_height": 12.422748565673828, "mean_height": 4.0978560447692871, "std_height": 3.8546838760375977, "count_pixels": 38, "percent_cover": 0.092737212026552121, "percent_above_0.1m": 100.0, "low_level_<0.5": 10.526315789473683, "mid_level_0.5-2": 28.947368421052634, "tall_2+": 60.526315789473685 }, "geometry": { "type": "Point", "coordinates": [ -0.383121866180831, 51.679308359955925 ] } },
{ "type": "Feature", "properties": { "max_height": 7.1580009460449219, "mean_height": 0.52563625574111938, "std_height": 1.4678837060928345, "count_pixels": 41, "percent_cover": 0.10005857087075361, "percent_above_0.1m": 19.512195121951219, "low_level_<0.5": 2.4390243902439024, "mid_level_0.5-2": 4.8780487804878048, "tall_2+": 9.7560975609756095 }, "geometry": { "type": "Point", "coordinates": [ -0.382921550373395, 51.679305602225654 ] } },
{ "type": "Feature", "properties": { "max_height": 4.2182540893554688, "mean_height": 0.58069729804992676, "std_height": 1.1604619026184082, "count_pixels": 41, "percent_cover": 0.10005857087075361, "percent_above_0.1m": 29.268292682926827, "low_level_<0.5": 7.3170731707317067, "mid_level_0.5-2": 9.7560975609756095, "tall_2+": 12.195121951219512 }, "geometry": { "type": "Point", "coordinates": [ -0.382721234596966, 51.679302844153767 ] } },
{ "type": "Feature", "properties": { "max_height": 0.00075531005859375, "mean_height": -5.8310371969128028e-05, "std_height": 0.00047180961701087654, "count_pixels": 42, "percent_cover": 0.10249902381882078, "percent_above_0.1m": 0.0, "low_level_<0.5": 0.0, "mid_level_0.5-2": 0.0, "tall_2+": 0.0 }, "geometry": { "type": "Point", "coordinates": [ -0.382520918851566, 51.679300085740266 ] } },
{ "type": "Feature", "properties": { "max_height": 0.00225067138671875, "mean_height": 9.0281166194472462e-05, "std_height": 0.0007613372290506959, "count_pixels": 42, "percent_cover": 0.10249902381882078, "percent_above_0.1m": 0.0, "low_level_<0.5": 0.0, "mid_level_0.5-2": 0.0, "tall_2+": 0.0 }, "geometry": { "type": "Point", "coordinates": [ -0.382320603137194, 51.679297326985171 ] } },
{ "type": "Feature", "properties": { "max_height": 0.00125885009765625, "mean_height": -1.7256963474210352e-05, "std_height": 0.00056844059145078063, "count_pixels": 42, "percent_cover": 0.10249902381882078, "percent_above_0.1m": 0.0, "low_level_<0.5": 0.0, "mid_level_0.5-2": 0.0, "tall_2+": 0.0 }, "geometry": { "type": "Point", "coordinates": [ -0.382120287453841, 51.679294567888448 ] } },
{ "type": "Feature", "properties": { "max_height": 0.001007080078125, "mean_height": 0.0001489548449171707, "std_height": 0.00047283558524213731, "count_pixels": 42, "percent_cover": 0.10249902381882078, "percent_above_0.1m": 0.0, "low_level_<0.5": 0.0, "mid_level_0.5-2": 0.0, "tall_2+": 0.0 }, "geometry": { "type": "Point", "coordinates": [ -0.381919971801529, 51.679291808450117 ] } },
{ "type": "Feature", "properties": { "max_height": 0.00225067138671875, "mean_height": 0.00010172525799134746, "std_height": 0.00054605124751105905, "count_pixels": 42, "percent_cover": 0.10249902381882078, "percent_above_0.1m": 0.0, "low_level_<0.5": 0.0, "mid_level_0.5-2": 0.0, "tall_2+": 0.0 }, "geometry": { "type": "Point", "coordinates": [ -0.381719656180255, 51.679289048670199 ] } },
{ "type": "Feature", "properties": { "max_height": 8.5307540893554688, "mean_height": 0.90170741081237793, "std_height": 1.8221844434738159, "count_pixels": 42, "percent_cover": 0.10249902381882078, "percent_above_0.1m": 33.333333333333329, "low_level_<0.5": 4.7619047619047619, "mid_level_0.5-2": 11.904761904761903, "tall_2+": 16.666666666666664 }, "geometry": { "type": "Point", "coordinates": [ -0.383819131141468, 51.679425860169786 ] } },
{ "type": "Feature", "properties": { "max_height": 12.045753479003906, "mean_height": 1.8706740140914917, "std_height": 2.614985466003418, "count_pixels": 43, "percent_cover": 0.10493947676688793, "percent_above_0.1m": 58.139534883720934, "low_level_<0.5": 9.3023255813953494, "mid_level_0.5-2": 13.953488372093023, "tall_2+": 34.883720930232556 }, "geometry": { "type": "Point", "coordinates": [ -0.383618814768842, 51.679423103625879 ] } },
{ "type": "Feature", "properties": { "max_height": 12.171005249023438, "mean_height": 2.5262506008148193, "std_height": 2.7936019897460938, "count_pixels": 42, "percent_cover": 0.10249902381882078, "percent_above_0.1m": 69.047619047619051, "low_level_<0.5": 2.3809523809523809, "mid_level_0.5-2": 16.666666666666664, "tall_2+": 50.0 }, "geometry": { "type": "Point", "coordinates": [ -0.38341849842722, 51.679420346740343 ] } },
{ "type": "Feature", "properties": { "max_height": 7.1050033569335938, "mean_height": 1.5778166055679321, "std_height": 1.6756412982940674, "count_pixels": 42, "percent_cover": 0.10249902381882078, "percent_above_0.1m": 73.80952380952381, "low_level_<0.5": 9.5238095238095237, "mid_level_0.5-2": 33.333333333333329, "tall_2+": 30.952380952380953 }, "geometry": { "type": "Point", "coordinates": [ -0.383218182116601, 51.679417589513221 ] } },
{ "type": "Feature", "properties": { "max_height": 1.5137481689453125, "mean_height": 0.055726367980241776, "std_height": 0.25018152594566345, "count_pixels": 42, "percent_cover": 0.10249902381882078, "percent_above_0.1m": 7.1428571428571423, "low_level_<0.5": 2.3809523809523809, "mid_level_0.5-2": 4.7619047619047619, "tall_2+": 0.0 }, "geometry": { "type": "Point", "coordinates": [ -0.383017865836998, 51.679414831944484 ] } },
{ "type": "Feature", "properties": { "max_height": 3.6477584838867188, "mean_height": 0.28733205795288086, "std_height": 0.8530120849609375, "count_pixels": 43, "percent_cover": 0.10493947676688793, "percent_above_0.1m": 11.627906976744185, "low_level_<0.5": 0.0, "mid_level_0.5-2": 2.3255813953488373, "tall_2+": 9.3023255813953494 }, "geometry": { "type": "Point", "coordinates": [ -0.382817549588415, 51.679412074034126 ] } },
{ "type": "Feature", "properties": { "max_height": 0.61049652099609375, "mean_height": 0.04277438297867775, "std_height": 0.13139572739601135, "count_pixels": 42, "percent_cover": 0.10249902381882078, "percent_above_0.1m": 9.5238095238095237, "low_level_<0.5": 7.1428571428571423, "mid_level_0.5-2": 2.3809523809523809, "tall_2+": 0.0 }, "geometry": { "type": "Point", "coordinates": [ -0.382617233370848, 51.679409315782166 ] } },
{ "type": "Feature", "properties": { "max_height": 0.5644989013671875, "mean_height": 0.024191537871956825, "std_height": 0.092273637652397156, "count_pixels": 42, "percent_cover": 0.10249902381882078, "percent_above_0.1m": 7.1428571428571423, "low_level_<0.5": 4.7619047619047619, "mid_level_0.5-2": 2.3809523809523809, "tall_2+": 0.0 }, "geometry": { "type": "Point", "coordinates": [ -0.382416917184308, 51.679406557188585 ] } },
{ "type": "Feature", "properties": { "max_height": 0.0019989013671875, "mean_height": 4.8753692681202665e-05, "std_height": 0.00051302235806360841, "count_pixels": 41, "percent_cover": 0.10005857087075361, "percent_above_0.1m": 0.0, "low_level_<0.5": 0.0, "mid_level_0.5-2": 0.0, "tall_2+": 0.0 }, "geometry": { "type": "Point", "coordinates": [ -0.382216601028795, 51.679403798253404 ] } },
{ "type": "Feature", "properties": { "max_height": 0.001251220703125, "mean_height": -7.62939453125e-05, "std_height": 0.00051541387801989913, "count_pixels": 42, "percent_cover": 0.10249902381882078, "percent_above_0.1m": 0.0, "low_level_<0.5": 0.0, "mid_level_0.5-2": 0.0, "tall_2+": 0.0 }, "geometry": { "type": "Point", "coordinates": [ -0.382016284904314, 51.679401038976607 ] } },
{ "type": "Feature", "properties": { "max_height": 5.3417510986328125, "mean_height": 0.39986258745193481, "std_height": 1.0858482122421265, "count_pixels": 38, "percent_cover": 0.092737212026552121, "percent_above_0.1m": 18.421052631578945, "low_level_<0.5": 2.6315789473684208, "mid_level_0.5-2": 7.8947368421052628, "tall_2+": 7.8947368421052628 }, "geometry": { "type": "Point", "coordinates": [ -0.381815968810867, 51.67939827935821 ] } },
{ "type": "Feature", "properties": { "max_height": 2.0217514038085938, "mean_height": 0.073531545698642731, "std_height": 0.32056108117103577, "count_pixels": 41, "percent_cover": 0.10005857087075361, "percent_above_0.1m": 9.7560975609756095, "low_level_<0.5": 4.8780487804878048, "mid_level_0.5-2": 2.4390243902439024, "tall_2+": 2.4390243902439024 }, "geometry": { "type": "Point", "coordinates": [ -0.381615652748463, 51.679395519398192 ] } },
{ "type": "Feature", "properties": { "max_height": 6.90350341796875, "mean_height": 0.41887611150741577, "std_height": 1.3861515522003174, "count_pixels": 42, "percent_cover": 0.10249902381882078, "percent_above_0.1m": 16.666666666666664, "low_level_<0.5": 7.1428571428571423, "mid_level_0.5-2": 2.3809523809523809, "tall_2+": 7.1428571428571423 }, "geometry": { "type": "Point", "coordinates": [ -0.384115765810642, 51.679537845204962 ] } },
{ "type": "Feature", "properties": { "max_height": 9.5587539672851562, "mean_height": 1.6770185232162476, "std_height": 2.319019079208374, "count_pixels": 42, "percent_cover": 0.10249902381882078, "percent_above_0.1m": 66.666666666666657, "low_level_<0.5": 7.1428571428571423, "mid_level_0.5-2": 28.571428571428569, "tall_2+": 28.571428571428569 }, "geometry": { "type": "Point", "coordinates": [ -0.383915448934852, 51.679535089164212 ] } },
{ "type": "Feature", "properties": { "max_height": 3.8224945068359375, "mean_height": 0.63224440813064575, "std_height": 0.9670792818069458, "count_pixels": 41, "percent_cover": 0.10005857087075361, "percent_above_0.1m": 58.536585365853654, "low_level_<0.5": 26.829268292682929, "mid_level_0.5-2": 12.195121951219512, "tall_2+": 14.634146341463413 }, "geometry": { "type": "Point", "coordinates": [ -0.383715132090065, 51.679532332781839 ] } },
{ "type": "Feature", "properties": { "max_height": 11.745254516601562, "mean_height": 2.5822079181671143, "std_height": 3.4040529727935791, "count_pixels": 41, "percent_cover": 0.10005857087075361, "percent_above_0.1m": 65.853658536585371, "low_level_<0.5": 12.195121951219512, "mid_level_0.5-2": 14.634146341463413, "tall_2+": 36.585365853658537 }, "geometry": { "type": "Point", "coordinates": [ -0.38351481527628, 51.679529576057853 ] } },
{ "type": "Feature", "properties": { "max_height": 2.7082443237304688, "mean_height": 0.24865667521953583, "std_height": 0.64335799217224121, "count_pixels": 42, "percent_cover": 0.10249902381882078, "percent_above_0.1m": 21.428571428571427, "low_level_<0.5": 9.5238095238095237, "mid_level_0.5-2": 7.1428571428571423, "tall_2+": 4.7619047619047619 }, "geometry": { "type": "Point", "coordinates": [ -0.383314498493508, 51.679526818992251 ] } },
{ "type": "Feature", "properties": { "max_height": 0.0005035400390625, "mean_height": -5.1598799473140389e-05, "std_height": 0.00046175980241969228, "count_pixels": 38, "percent_cover": 0.092737212026552121, "percent_above_0.1m": 0.0, "low_level_<0.5": 0.0, "mid_level_0.5-2": 0.0, "tall_2+": 0.0 }, "geometry": { "type": "Point", "coordinates": [ -0.383114181741743, 51.679524061585042 ] } },
{ "type": "Feature", "properties": { "max_height": 0.001251220703125, "mean_height": -7.7596523624379188e-05, "std_height": 0.00085137609858065844, "count_pixels": 41, "percent_cover": 0.10005857087075361, "percent_above_0.1m": 0.0, "low_level_<0.5": 0.0, "mid_level_0.5-2": 0.0, "tall_2+": 0.0 }, "geometry": { "type": "Point", "coordinates": [ -0.382913865020995, 51.679521303836225 ] } },
{ "type": "Feature", "properties": { "max_height": 0.71425628662109375, "mean_height": 0.030500086024403572, "std_height": 0.12199117988348007, "count_pixels": 41, "percent_cover": 0.10005857087075361, "percent_above_0.1m": 7.3170731707317067, "low_level_<0.5": 2.4390243902439024, "mid_level_0.5-2": 2.4390243902439024, "tall_2+": 0.0 }, "geometry": { "type": "Point", "coordinates": [ -0.382713548331262, 51.6795185457458 ] } },
{ "type": "Feature", "properties": { "max_height": 0.54975128173828125, "mean_height": 0.025911422446370125, "std_height": 0.091851077973842621, "count_pixels": 42, "percent_cover": 0.10249902381882078, "percent_above_0.1m": 9.5238095238095237, "low_level_<0.5": 2.3809523809523809, "mid_level_0.5-2": 2.3809523809523809, "tall_2+": 0.0 }, "geometry": { "type": "Point", "coordinates": [ -0.382513231672555, 51.679515787313754 ] } },
{ "type": "Feature", "properties": { "max_height": 0.001007080078125, "mean_height": 1.943679126270581e-05, "std_height": 0.00034650188172236085, "count_pixels": 42, "percent_cover": 0.10249902381882078, "percent_above_0.1m": 0.0, "low_level_<0.5": 0.0, "mid_level_0.5-2": 0.0, "tall_2+": 0.0 }, "geometry": { "type": "Point", "coordinates": [ -0.382312915044871, 51.679513028540093 ] } },
{ "type": "Feature", "properties": { "max_height": 0.001251220703125, "mean_height": 3.0335926567204297e-05, "std_height": 0.00044763498590327799, "count_pixels": 42, "percent_cover": 0.10249902381882078, "percent_above_0.1m": 0.0, "low_level_<0.5": 0.0, "mid_level_0.5-2": 0.0, "tall_2+": 0.0 }, "geometry": { "type": "Point", "coordinates": [ -0.382112598448225, 51.679510269424831 ] } },
{ "type": "Feature", "properties": { "max_height": 0.00075531005859375, "mean_height": 1.9981748664577026e-06, "std_height": 0.00042268057586625218, "count_pixels": 42, "percent_cover": 0.10249902381882078, "percent_above_0.1m": 0.0, "low_level_<0.5": 0.0, "mid_level_0.5-2": 0.0, "tall_2+": 0.0 }, "geometry": { "type": "Point", "coordinates": [ -0.381912281882605, 51.679507509967948 ] } },
{ "type": "Feature", "properties": { "max_height": 4.8730010986328125, "mean_height": 0.52440571784973145, "std_height": 1.1903936862945557, "count_pixels": 42, "percent_cover": 0.10249902381882078, "percent_above_0.1m": 28.571428571428569, "low_level_<0.5": 7.1428571428571423, "mid_level_0.5-2": 9.5238095238095237, "tall_2+": 9.5238095238095237 }, "geometry": { "type": "Point", "coordinates": [ -0.381711965348025, 51.679504750169464 ] } },
{ "type": "Feature", "properties": { "max_height": 13.654251098632812, "mean_height": 3.9364519119262695, "std_height": 3.702566385269165, "count_pixels": 42, "percent_cover": 0.10249902381882078, "percent_above_0.1m": 80.952380952380949, "low_level_<0.5": 4.7619047619047619, "mid_level_0.5-2": 11.904761904761903, "tall_2+": 64.285714285714292 }, "geometry": { "type": "Point", "coordinates": [ -0.384011767169384, 51.679644318080349 ] } },
{ "type": "Feature", "properties": { "max_height": 8.5749969482421875, "mean_height": 2.1143391132354736, "std_height": 2.3170979022979736, "count_pixels": 42, "percent_cover": 0.10249902381882078, "percent_above_0.1m": 71.428571428571431, "low_level_<0.5": 4.7619047619047619, "mid_level_0.5-2": 16.666666666666664, "tall_2+": 45.238095238095241 }, "geometry": { "type": "Point", "coordinates": [ -0.383811449852439, 51.679641561859519 ] } },
{ "type": "Feature", "properties": { "max_height": 3.8594970703125, "mean_height": 0.83053570985794067, "std_height": 0.79330664873123169, "count_pixels": 43, "percent_cover": 0.10493947676688793, "percent_above_0.1m": 74.418604651162795, "low_level_<0.5": 18.604651162790699, "mid_level_0.5-2": 51.162790697674424, "tall_2+": 4.6511627906976747 }, "geometry": { "type": "Point", "coordinates": [ -0.383611132566493, 51.679638805297067 ] } },
{ "type": "Feature", "properties": { "max_height": 0.00075531005859375, "mean_height": -0.00014804658712819219, "std_height": 0.00037630143924616277, "count_pixels": 42, "percent_cover": 0.10249902381882078, "percent_above_0.1m": 0.0, "low_level_<0.5": 0.0, "mid_level_0.5-2": 0.0, "tall_2+": 0.0 }, "geometry": { "type": "Point", "coordinates": [ -0.383410815311556, 51.679636048393014 ] } },
{ "type": "Feature", "properties": { "max_height": 0.0030059814453125, "mean_height": -2.252487865916919e-05, "std_height": 0.00072667532367631793, "count_pixels": 42, "percent_cover": 0.10249902381882078, "percent_above_0.1m": 0.0, "low_level_<0.5": 0.0, "mid_level_0.5-2": 0.0, "tall_2+": 0.0 }, "geometry": { "type": "Point", "coordinates": [ -0.383210498087626, 51.679633291147347 ] } },
{ "type": "Feature", "properties": { "max_height": 0.00099945068359375, "mean_height": -5.2497500291792676e-05, "std_height": 0.00040965355583466589, "count_pixels": 42, "percent_cover": 0.10249902381882078, "percent_above_0.1m": 0.0, "low_level_<0.5": 0.0, "mid_level_0.5-2": 0.0, "tall_2+": 0.0 }, "geometry": { "type": "Point", "coordinates": [ -0.383010180894712, 51.679630533560051 ] } },
{ "type": "Feature", "properties": { "max_height": 0.59400177001953125, "mean_height": 0.027552049607038498, "std_height": 0.096351936459541321, "count_pixels": 43, "percent_cover": 0.10493947676688793, "percent_above_0.1m": 9.3023255813953494, "low_level_<0.5": 4.6511627906976747, "mid_level_0.5-2": 2.3255813953488373, "tall_2+": 0.0 }, "geometry": { "type": "Point", "coordinates": [ -0.382809863732813, 51.679627775631154 ] } },
{ "type": "Feature", "properties": { "max_height": 0.00150299072265625, "mean_height": 6.6303073253948241e-05, "std_height": 0.00061594467842951417, "count_pixels": 42, "percent_cover": 0.10249902381882078, "percent_above_0.1m": 0.0, "low_level_<0.5": 0.0, "mid_level_0.5-2": 0.0, "tall_2+": 0.0 }, "geometry": { "type": "Point", "coordinates": [ -0.382609546601938, 51.679625017360657 ] } },
{ "type": "Feature", "properties": { "max_height": 0.001251220703125, "mean_height": 1.180739673145581e-05, "std_height": 0.00044917018385604024, "count_pixels": 42, "percent_cover": 0.10249902381882078, "percent_above_0.1m": 0.0, "low_level_<0.5": 0.0, "mid_level_0.5-2": 0.0, "tall_2+": 0.0 }, "geometry": { "type": "Point", "coordinates": [ -0.382409229502086, 51.679622258748516 ] } },
{ "type": "Feature", "properties": { "max_height": 0.001007080078125, "mean_height": 0.0001220703125, "std_height": 0.0004057686310261488, "count_pixels": 41, "percent_cover": 0.10005857087075361, "percent_above_0.1m": 0.0, "low_level_<0.5": 0.0, "mid_level_0.5-2": 0.0, "tall_2+": 0.0 }, "geometry": { "type": "Point", "coordinates": [ -0.38220891243326, 51.679619499794796 ] } },
{ "type": "Feature", "properties": { "max_height": 1.3967514038085938, "mean_height": 0.07916259765625, "std_height": 0.27322554588317871, "count_pixels": 42, "percent_cover": 0.10249902381882078, "percent_above_0.1m": 14.285714285714285, "low_level_<0.5": 4.7619047619047619, "mid_level_0.5-2": 4.7619047619047619, "tall_2+": 0.0 }, "geometry": { "type": "Point", "coordinates": [ -0.382008595395469, 51.679616740499441 ] } },
{ "type": "Feature", "properties": { "max_height": 0.0017547607421875, "mean_height": -0.000242333670030348, "std_height": 0.0023680247832089663, "count_pixels": 38, "percent_cover": 0.092737212026552121, "percent_above_0.1m": 0.0, "low_level_<0.5": 0.0, "mid_level_0.5-2": 0.0, "tall_2+": 0.0 }, "geometry": { "type": "Point", "coordinates": [ -0.381808278388718, 51.67961398086247 ] } },
{ "type": "Feature", "properties": { "max_height": 5.15625, "mean_height": 0.66137534379959106, "std_height": 1.5462338924407959, "count_pixels": 42, "percent_cover": 0.10249902381882078, "percent_above_0.1m": 19.047619047619047, "low_level_<0.5": 2.3809523809523809, "mid_level_0.5-2": 2.3809523809523809, "tall_2+": 14.285714285714285 }, "geometry": { "type": "Point", "coordinates": [ -0.383907768055959, 51.679750790858918 ] } },
{ "type": "Feature", "properties": { "max_height": 5.37249755859375, "mean_height": 0.2305121123790741, "std_height": 0.91650938987731934, "count_pixels": 41, "percent_cover": 0.10005857087075361, "percent_above_0.1m": 9.7560975609756095, "low_level_<0.5": 0.0, "mid_level_0.5-2": 4.8780487804878048, "tall_2+": 4.8780487804878048 }, "geometry": { "type": "Point", "coordinates": [ -0.383707450297852, 51.679748034458015 ] } },
{ "type": "Feature", "properties": { "max_height": 0.05425262451171875, "mean_height": 0.0013969235587865114, "std_height": 0.0083757778629660606, "count_pixels": 41, "percent_cover": 0.10005857087075361, "percent_above_0.1m": 0.0, "low_level_<0.5": 0.0, "mid_level_0.5-2": 0.0, "tall_2+": 0.0 }, "geometry": { "type": "Point", "coordinates": [ -0.383507132570752, 51.679745277715497 ] } },
{ "type": "Feature", "properties": { "max_height": 0.001251220703125, "mean_height": 5.3769064834341407e-05, "std_height": 0.00050490867579355836, "count_pixels": 42, "percent_cover": 0.10249902381882078, "percent_above_0.1m": 0.0, "low_level_<0.5": 0.0, "mid_level_0.5-2": 0.0, "tall_2+": 0.0 }, "geometry": { "type": "Point", "coordinates": [ -0.383306814874654, 51.679742520631372 ] } },
{ "type": "Feature", "properties": { "max_height": 0.0007476806640625, "mean_height": -0.00011243318294873461, "std_height": 0.0005494019715115428, "count_pixels": 38, "percent_cover": 0.092737212026552121, "percent_above_0.1m": 0.0, "low_level_<0.5": 0.0, "mid_level_0.5-2": 0.0, "tall_2+": 0.0 }, "geometry": { "type": "Point", "coordinates": [ -0.383106497209571, 51.679739763205603 ] } },
{ "type": "Feature", "properties": { "max_height": 0.428497314453125, "mean_height": 0.028310077264904976, "std_height": 0.081092260777950287, "count_pixels": 41, "percent_cover": 0.10005857087075361, "percent_above_0.1m": 7.3170731707317067, "low_level_<0.5": 4.8780487804878048, "mid_level_0.5-2": 0.0, "tall_2+": 0.0 }, "geometry": { "type": "Point", "coordinates": [ -0.382906179575507, 51.679737005438248 ] } },
{ "type": "Feature", "properties": { "max_height": 0.001251220703125, "mean_height": 1.8608279788168147e-05, "std_height": 0.00063821428921073675, "count_pixels": 41, "percent_cover": 0.10005857087075361, "percent_above_0.1m": 0.0, "low_level_<0.5": 0.0, "mid_level_0.5-2": 0.0, "tall_2+": 0.0 }, "geometry": { "type": "Point", "coordinates": [ -0.382705861972457, 51.679734247329293 ] } },
{ "type": "Feature", "properties": { "max_height": 0.0007476806640625, "mean_height": -6.5758111304603517e-05, "std_height": 0.00041976844659075141, "count_pixels": 42, "percent_cover": 0.10249902381882078, "percent_above_0.1m": 0.0, "low_level_<0.5": 0.0, "mid_level_0.5-2": 0.0, "tall_2+": 0.0 }, "geometry": { "type": "Point", "coordinates": [ -0.382505544400432, 51.679731488878687 ] } },
{ "type": "Feature", "properties": { "max_height": 0.0007476806640625, "mean_height": -1.7983573343371972e-05, "std_height": 0.00027339797816239297, "count_pixels": 42, "percent_cover": 0.10249902381882078, "percent_above_0.1m": 0.0, "low_level_<0.5": 0.0, "mid_level_0.5-2": 0.0, "tall_2+": 0.0 }, "geometry": { "type": "Point", "coordinates": [ -0.382305226859435, 51.679728730086474 ] } },
{ "type": "Feature", "properties": { "max_height": 8.7764968872070312, "mean_height": 2.9105067253112793, "std_height": 2.6036977767944336, "count_pixels": 42, "percent_cover": 0.10249902381882078, "percent_above_0.1m": 73.80952380952381, "low_level_<0.5": 2.3809523809523809, "mid_level_0.5-2": 14.285714285714285, "tall_2+": 54.761904761904766 }, "geometry": { "type": "Point", "coordinates": [ -0.382104909349468, 51.67972597095266 ] } },
{ "type": "Feature", "properties": { "max_height": 3.2754974365234375, "mean_height": 0.29629826545715332, "std_height": 0.71246862411499023, "count_pixels": 42, "percent_cover": 0.10249902381882078, "percent_above_0.1m": 26.190476190476193, "low_level_<0.5": 9.5238095238095237, "mid_level_0.5-2": 9.5238095238095237, "tall_2+": 4.7619047619047619 }, "geometry": { "type": "Point", "coordinates": [ -0.381904591870531, 51.679723211477217 ] } },
{ "type": "Feature", "properties": { "max_height": 5.1020050048828125, "mean_height": 0.28853625059127808, "std_height": 0.82936674356460571, "count_pixels": 42, "percent_cover": 0.10249902381882078, "percent_above_0.1m": 28.571428571428569, "low_level_<0.5": 11.904761904761903, "mid_level_0.5-2": 11.904761904761903, "tall_2+": 2.3809523809523809 }, "geometry": { "type": "Point", "coordinates": [ -0.383803768470368, 51.67985726354069 ] } },
{ "type": "Feature", "properties": { "max_height": 4.8335037231445312, "mean_height": 0.54068648815155029, "std_height": 1.1111053228378296, "count_pixels": 43, "percent_cover": 0.10493947676688793, "percent_above_0.1m": 25.581395348837212, "low_level_<0.5": 2.3255813953488373, "mid_level_0.5-2": 9.3023255813953494, "tall_2+": 13.953488372093023 }, "geometry": { "type": "Point", "coordinates": [ -0.383603450271093, 51.679854506959721 ] } },
{ "type": "Feature", "properties": { "max_height": 0.0005035400390625, "mean_height": -0.00011280604667263106, "std_height": 0.0005489594186656177, "count_pixels": 42, "percent_cover": 0.10249902381882078, "percent_above_0.1m": 0.0, "low_level_<0.5": 0.0, "mid_level_0.5-2": 0.0, "tall_2+": 0.0 }, "geometry": { "type": "Point", "coordinates": [ -0.383403132102833, 51.679851750037116 ] } },
{ "type": "Feature", "properties": { "max_height": 0.00099945068359375, "mean_height": -2.9064360205666162e-05, "std_height": 0.00029870501020923257, "count_pixels": 42, "percent_cover": 0.10249902381882078, "percent_above_0.1m": 0.0, "low_level_<0.5": 0.0, "mid_level_0.5-2": 0.0, "tall_2+": 0.0 }, "geometry": { "type": "Point", "coordinates": [ -0.383202813965581, 51.679848992772918 ] } },
{ "type": "Feature", "properties": { "max_height": 0.00025177001953125, "mean_height": -0.00013097126793581992, "std_height": 0.00033276973408646882, "count_pixels": 42, "percent_cover": 0.10249902381882078, "percent_above_0.1m": 0.0, "low_level_<0.5": 0.0, "mid_level_0.5-2": 0.0, "tall_2+": 0.0 }, "geometry": { "type": "Point", "coordinates": [ -0.383002495859339, 51.679846235167084 ] } },
{ "type": "Feature", "properties": { "max_height": 0.0187530517578125, "mean_height": 0.00051702454220503569, "std_height": 0.0028327745385468006, "count_pixels": 43, "percent_cover": 0.10493947676688793, "percent_above_0.1m": 0.0, "low_level_<0.5": 0.0, "mid_level_0.5-2": 0.0, "tall_2+": 0.0 }, "geometry": { "type": "Point", "coordinates": [ -0.382802177784118, 51.679843477219634 ] } },
{ "type": "Feature", "properties": { "max_height": 0.01325225830078125, "mean_height": 0.00031516666058450937, "std_height": 0.0020951377227902412, "count_pixels": 42, "percent_cover": 0.10249902381882078, "percent_above_0.1m": 0.0, "low_level_<0.5": 0.0, "mid_level_0.5-2": 0.0, "tall_2+": 0.0 }, "geometry": { "type": "Point", "coordinates": [ -0.382601859739921, 51.679840718930578 ] } },
{ "type": "Feature", "properties": { "max_height": 0.0005035400390625, "mean_height": -5.6312196647922974e-06, "std_height": 0.00027004824369214475, "count_pixels": 42, "percent_cover": 0.10249902381882078, "percent_above_0.1m": 0.0, "low_level_<0.5": 0.0, "mid_level_0.5-2": 0.0, "tall_2+": 0.0 }, "geometry": { "type": "Point", "coordinates": [ -0.382401541726745, 51.679837960299906 ] } },
{ "type": "Feature", "properties": { "max_height": 4.4760055541992188, "mean_height": 0.55579918622970581, "std_height": 1.1023092269897461, "count_pixels": 41, "percent_cover": 0.10005857087075361, "percent_above_0.1m": 31.707317073170731, "low_level_<0.5": 7.3170731707317067, "mid_level_0.5-2": 9.7560975609756095, "tall_2+": 12.195121951219512 }, "geometry": { "type": "Point", "coordinates": [ -0.382201223744599, 51.679835201327613 ] } },
{ "type": "Feature", "properties": { "max_height": 7.25750732421875, "mean_height": 1.9126784801483154, "std_height": 2.7929482460021973, "count_pixels": 42, "percent_cover": 0.10249902381882078, "percent_above_0.1m": 38.095238095238095, "low_level_<0.5": 2.3809523809523809, "mid_level_0.5-2": 2.3809523809523809, "tall_2+": 33.333333333333329 }, "geometry": { "type": "Point", "coordinates": [ -0.382000905793486, 51.679832442013698 ] } },
{ "type": "Feature", "properties": { "max_height": 5.3652496337890625, "mean_height": 2.1855919361114502, "std_height": 2.0069930553436279, "count_pixels": 41, "percent_cover": 0.10005857087075361, "percent_above_0.1m": 65.853658536585371, "low_level_<0.5": 2.4390243902439024, "mid_level_0.5-2": 14.634146341463413, "tall_2+": 48.780487804878049 }, "geometry": { "type": "Point", "coordinates": [ -0.383699768412597, 51.67996373612565 ] } },
{ "type": "Feature", "properties": { "max_height": 2.8677520751953125, "mean_height": 0.086232252418994904, "std_height": 0.45219442248344421, "count_pixels": 41, "percent_cover": 0.10005857087075361, "percent_above_0.1m": 4.8780487804878048, "low_level_<0.5": 0.0, "mid_level_0.5-2": 2.4390243902439024, "tall_2+": 2.4390243902439024 }, "geometry": { "type": "Point", "coordinates": [ -0.383499449772162, 51.679960979364608 ] } },
{ "type": "Feature", "properties": { "max_height": 2.4702529907226562, "mean_height": 0.117232546210289, "std_height": 0.46694952249526978, "count_pixels": 42, "percent_cover": 0.10249902381882078, "percent_above_0.1m": 9.5238095238095237, "low_level_<0.5": 4.7619047619047619, "mid_level_0.5-2": 2.3809523809523809, "tall_2+": 2.3809523809523809 }, "geometry": { "type": "Point", "coordinates": [ -0.383299131162735, 51.679958222261931 ] } },
{ "type": "Feature", "properties": { "max_height": 8.1100006103515625, "mean_height": 0.70525056123733521, "std_height": 1.8605811595916748, "count_pixels": 38, "percent_cover": 0.092737212026552121, "percent_above_0.1m": 21.052631578947366, "low_level_<0.5": 2.6315789473684208, "mid_level_0.5-2": 7.8947368421052628, "tall_2+": 10.526315789473683 }, "geometry": { "type": "Point", "coordinates": [ -0.383098812584325, 51.679955464817652 ] } },
{ "type": "Feature", "properties": { "max_height": 4.2042465209960938, "mean_height": 0.55997616052627563, "std_height": 1.0821361541748047, "count_pixels": 41, "percent_cover": 0.10005857087075361, "percent_above_0.1m": 24.390243902439025, "low_level_<0.5": 0.0, "mid_level_0.5-2": 12.195121951219512, "tall_2+": 12.195121951219512 }, "geometry": { "type": "Point", "coordinates": [ -0.382898494036925, 51.679952707031724 ] } },
{ "type": "Feature", "properties": { "max_height": 3.8274917602539062, "mean_height": 0.45396313071250916, "std_height": 0.93067103624343872, "count_pixels": 41, "percent_cover": 0.10005857087075361, "percent_above_0.1m": 31.707317073170731, "low_level_<0.5": 2.4390243902439024, "mid_level_0.5-2": 17.073170731707318, "tall_2+": 9.7560975609756095 }, "geometry": { "type": "Point", "coordinates": [ -0.382698175520552, 51.679949948904209 ] } },
{ "type": "Feature", "properties": { "max_height": 0.00099945068359375, "mean_height": -5.9218633396085352e-05, "std_height": 0.00038157799281179905, "count_pixels": 42, "percent_cover": 0.10249902381882078, "percent_above_0.1m": 0.0, "low_level_<0.5": 0.0, "mid_level_0.5-2": 0.0, "tall_2+": 0.0 }, "geometry": { "type": "Point", "coordinates": [ -0.382497857035195, 51.679947190435065 ] } },
{ "type": "Feature", "properties": { "max_height": 0.0017547607421875, "mean_height": 5.3769064834341407e-05, "std_height": 0.00059919134946539998, "count_pixels": 42, "percent_cover": 0.10249902381882078, "percent_above_0.1m": 0.0, "low_level_<0.5": 0.0, "mid_level_0.5-2": 0.0, "tall_2+": 0.0 }, "geometry": { "type": "Point", "coordinates": [ -0.38229753858087, 51.679944431624307 ] } },
{ "type": "Feature", "properties": { "max_height": 0.0032501220703125, "mean_height": -0.00027919950662180781, "std_height": 0.0017177640693262219, "count_pixels": 42, "percent_cover": 0.10249902381882078, "percent_above_0.1m": 0.0, "low_level_<0.5": 0.0, "mid_level_0.5-2": 0.0, "tall_2+": 0.0 }, "geometry": { "type": "Point", "coordinates": [ -0.382097220157575, 51.679941672471926 ] } },
{ "type": "Feature", "properties": { "max_height": 5.5159988403320312, "mean_height": 2.1425700187683105, "std_height": 2.100139856338501, "count_pixels": 43, "percent_cover": 0.10493947676688793, "percent_above_0.1m": 67.441860465116278, "low_level_<0.5": 6.9767441860465116, "mid_level_0.5-2": 13.953488372093023, "tall_2+": 46.511627906976742 }, "geometry": { "type": "Point", "coordinates": [ -0.383595767882646, 51.680070208613806 ] } },
{ "type": "Feature", "properties": { "max_height": 9.3777542114257812, "mean_height": 1.8874942064285278, "std_height": 2.3897354602813721, "count_pixels": 42, "percent_cover": 0.10249902381882078, "percent_above_0.1m": 69.047619047619051, "low_level_<0.5": 11.904761904761903, "mid_level_0.5-2": 19.047619047619047, "tall_2+": 38.095238095238095 }, "geometry": { "type": "Point", "coordinates": [ -0.383395448801048, 51.680067451672684 ] } },
{ "type": "Feature", "properties": { "max_height": 9.65899658203125, "mean_height": 4.0465230941772461, "std_height": 3.115309476852417, "count_pixels": 42, "percent_cover": 0.10249902381882078, "percent_above_0.1m": 90.476190476190482, "low_level_<0.5": 7.1428571428571423, "mid_level_0.5-2": 19.047619047619047, "tall_2+": 64.285714285714292 }, "geometry": { "type": "Point", "coordinates": [ -0.383195129750457, 51.680064694389927 ] } },
{ "type": "Feature", "properties": { "max_height": 10.037506103515625, "mean_height": 1.1468634605407715, "std_height": 2.2425503730773926, "count_pixels": 42, "percent_cover": 0.10249902381882078, "percent_above_0.1m": 45.238095238095241, "low_level_<0.5": 14.285714285714285, "mid_level_0.5-2": 9.5238095238095237, "tall_2+": 19.047619047619047 }, "geometry": { "type": "Point", "coordinates": [ -0.382994810730885, 51.680061936765547 ] } },
{ "type": "Feature", "properties": { "max_height": 0.0319976806640625, "mean_height": 0.001867154729552567, "std_height": 0.0080282799899578094, "count_pixels": 41, "percent_cover": 0.10005857087075361, "percent_above_0.1m": 0.0, "low_level_<0.5": 0.0, "mid_level_0.5-2": 0.0, "tall_2+": 0.0 }, "geometry": { "type": "Point", "coordinates": [ -0.382193534962805, 51.680050902851882 ] } },
{ "type": "Feature", "properties": { "max_height": 0.71974945068359375, "mean_height": 0.088333673775196075, "std_height": 0.18129287660121918, "count_pixels": 42, "percent_cover": 0.10249902381882078, "percent_above_0.1m": 21.428571428571427, "low_level_<0.5": 14.285714285714285, "mid_level_0.5-2": 4.7619047619047619, "tall_2+": 0.0 }, "geometry": { "type": "Point", "coordinates": [ -0.38199321609836, 51.680048143519421 ] } }
]
}
