{
"type": "FeatureCollection",
"name": "3bcad29282cf_foliage",
"crs": { "type": "name", "properties": { "name": "urn:ogc:def:crs:OGC:1.3:CRS84" } },
"features": [
{ "type": "Feature", "properties": { "max_height": 0.204498291015625, "mean_height": 0.01998315192759037, "std_height": 0.035724133253097534, "count_pixels": 41, "percent_cover": 0.037566428440535093, "percent_above_0.1m": 2.4390243902439024, "low_level_<0.5": 2.4390243902439024, "mid_level_0.5-2": 0.0, "tall_2+": 0.0 }, "geometry": { "type": "Point", "coordinates": [ 0.880274123806378, 51.914935454723121 ] } },
{ "type": "Feature", "properties": { "max_height": 1.1070022583007812, "mean_height": 0.074276246130466461, "std_height": 0.21044433116912842, "count_pixels": 42, "percent_cover": 0.038482682792743264, "percent_above_0.1m": 7.1428571428571423, "low_level_<0.5": 0.0, "mid_level_0.5-2": 7.1428571428571423, "tall_2+": 0.0 }, "geometry": { "type": "Point", "coordinates": [ 0.880475321600669, 51.91493052784611 ] } },
{ "type": "Feature", "properties": { "max_height": 1.4900016784667969, "mean_height": 0.099548429250717163, "std_height": 0.31884852051734924, "count_pixels": 43, "percent_cover": 0.039398937144951442, "percent_above_0.1m": 6.9767441860465116, "low_level_<0.5": 0.0, "mid_level_0.5-2": 6.9767441860465116, "tall_2+": 0.0 }, "geometry": { "type": "Point", "coordinates": [ 0.880676519340151, 51.914925600622951 ] } },
{ "type": "Feature", "properties": { "max_height": 8.875, "mean_height": 4.3574838638305664, "std_height": 3.384096622467041, "count_pixels": 41, "percent_cover": 0.037566428440535093, "percent_above_0.1m": 75.609756097560975, "low_level_<0.5": 0.0, "mid_level_0.5-2": 9.7560975609756095, "tall_2+": 65.853658536585371 }, "geometry": { "type": "Point", "coordinates": [ 0.875754055406533, 51.915153971999182 ] } },
{ "type": "Feature", "properties": { "max_height": 0.027248382568359375, "mean_height": 0.0015752839390188456, "std_height": 0.0056074643507599831, "count_pixels": 41, "percent_cover": 0.037566428440535093, "percent_above_0.1m": 0.0, "low_level_<0.5": 0.0, "mid_level_0.5-2": 0.0, "tall_2+": 0.0 }, "geometry": { "type": "Point", "coordinates": [ 0.875955254882193, 51.91514905291929 ] } },
{ "type": "Feature", "properties": { "max_height": 0.708251953125, "mean_height": 0.034240543842315674, "std_height": 0.11005779355764389, "count_pixels": 43, "percent_cover": 0.039398937144951442, "percent_above_0.1m": 6.9767441860465116, "low_level_<0.5": 2.3255813953488373, "mid_level_0.5-2": 2.3255813953488373, "tall_2+": 0.0 }, "geometry": { "type": "Point", "coordinates": [ 0.879979232899506, 51.915050598629833 ] } },
{ "type": "Feature", "properties": { "max_height": 2.2490005493164062, "mean_height": 0.13536249101161957, "std_height": 0.40188425779342651, "count_pixels": 43, "percent_cover": 0.039398937144951442, "percent_above_0.1m": 16.279069767441861, "low_level_<0.5": 9.3023255813953494, "mid_level_0.5-2": 4.6511627906976747, "tall_2+": 2.3255813953488373 }, "geometry": { "type": "Point", "coordinates": [ 0.880180431225294, 51.915045672280783 ] } },
{ "type": "Feature", "properties": { "max_height": 0.23525238037109375, "mean_height": 0.023674193769693375, "std_height": 0.05437687411904335, "count_pixels": 42, "percent_cover": 0.038482682792743264, "percent_above_0.1m": 7.1428571428571423, "low_level_<0.5": 7.1428571428571423, "mid_level_0.5-2": 0.0, "tall_2+": 0.0 }, "geometry": { "type": "Point", "coordinates": [ 0.880381629496281, 51.915040745585564 ] } },
{ "type": "Feature", "properties": { "max_height": 0.30324935913085938, "mean_height": 0.033587571233510971, "std_height": 0.062799811363220215, "count_pixels": 41, "percent_cover": 0.037566428440535093, "percent_above_0.1m": 9.7560975609756095, "low_level_<0.5": 7.3170731707317067, "mid_level_0.5-2": 0.0, "tall_2+": 0.0 }, "geometry": { "type": "Point", "coordinates": [ 0.880582827712461, 51.915035818544219 ] } },
{ "type": "Feature", "properties": { "max_height": 0.084503173828125, "mean_height": 0.016624171286821365, "std_height": 0.01932184211909771, "count_pixels": 41, "percent_cover": 0.037566428440535093, "percent_above_0.1m": 0.0, "low_level_<0.5": 0.0, "mid_level_0.5-2": 0.0, "tall_2+": 0.0 }, "geometry": { "type": "Point", "coordinates": [ 0.880784025873844, 51.915030891156725 ] } },
{ "type": "Feature", "properties": { "max_height": 8.740753173828125, "mean_height": 0.63752055168151855, "std_height": 1.875205397605896, "count_pixels": 41, "percent_cover": 0.037566428440535093, "percent_above_0.1m": 14.634146341463413, "low_level_<0.5": 0.0, "mid_level_0.5-2": 2.4390243902439024, "tall_2+": 9.7560975609756095 }, "geometry": { "type": "Point", "coordinates": [ 0.88098522398042, 51.915025963423062 ] } },
{ "type": "Feature", "properties": { "max_height": 11.514751434326172, "mean_height": 1.7260433435440063, "std_height": 2.980290412902832, "count_pixels": 42, "percent_cover": 0.038482682792743264, "percent_above_0.1m": 38.095238095238095, "low_level_<0.5": 0.0, "mid_level_0.5-2": 11.904761904761903, "tall_2+": 26.190476190476193 }, "geometry": { "type": "Point", "coordinates": [ 0.874855551560019, 51.915283857591326 ] } },
{ "type": "Feature", "properties": { "max_height": 14.844005584716797, "mean_height": 9.9512939453125, "std_height": 3.782214879989624, "count_pixels": 43, "percent_cover": 0.039398937144951442, "percent_above_0.1m": 100.0, "low_level_<0.5": 0.0, "mid_level_0.5-2": 9.3023255813953494, "tall_2+": 90.697674418604649 }, "geometry": { "type": "Point", "coordinates": [ 0.875056751731191, 51.915278940077869 ] } },
{ "type": "Feature", "properties": { "max_height": 5.243499755859375, "mean_height": 0.50230389833450317, "std_height": 1.0957328081130981, "count_pixels": 43, "percent_cover": 0.039398937144951442, "percent_above_0.1m": 37.209302325581397, "low_level_<0.5": 9.3023255813953494, "mid_level_0.5-2": 23.255813953488371, "tall_2+": 4.6511627906976747 }, "geometry": { "type": "Point", "coordinates": [ 0.875257951847656, 51.91527402221827 ] } },
{ "type": "Feature", "properties": { "max_height": 4.4272537231445312, "mean_height": 0.34400811791419983, "std_height": 0.91760033369064331, "count_pixels": 42, "percent_cover": 0.038482682792743264, "percent_above_0.1m": 16.666666666666664, "low_level_<0.5": 2.3809523809523809, "mid_level_0.5-2": 9.5238095238095237, "tall_2+": 4.7619047619047619 }, "geometry": { "type": "Point", "coordinates": [ 0.875459151909415, 51.915269104012509 ] } },
{ "type": "Feature", "properties": { "max_height": 6.287506103515625, "mean_height": 0.43662422895431519, "std_height": 1.3569592237472534, "count_pixels": 43, "percent_cover": 0.039398937144951442, "percent_above_0.1m": 13.953488372093023, "low_level_<0.5": 0.0, "mid_level_0.5-2": 4.6511627906976747, "tall_2+": 9.3023255813953494 }, "geometry": { "type": "Point", "coordinates": [ 0.875660351916462, 51.9152641854606 ] } },
{ "type": "Feature", "properties": { "max_height": 6.9807510375976562, "mean_height": 0.37768802046775818, "std_height": 1.286002516746521, "count_pixels": 43, "percent_cover": 0.039398937144951442, "percent_above_0.1m": 11.627906976744185, "low_level_<0.5": 0.0, "mid_level_0.5-2": 4.6511627906976747, "tall_2+": 6.9767441860465116 }, "geometry": { "type": "Point", "coordinates": [ 0.875861551868796, 51.915259266562565 ] } },
{ "type": "Feature", "properties": { "max_height": 0.82900238037109375, "mean_height": 0.077495060861110687, "std_height": 0.18397583067417145, "count_pixels": 37, "percent_cover": 0.033901411031702404, "percent_above_0.1m": 13.513513513513514, "low_level_<0.5": 5.4054054054054053, "mid_level_0.5-2": 5.4054054054054053, "tall_2+": 0.0 }, "geometry": { "type": "Point", "coordinates": [ 0.87968434056254, 51.915165741730753 ] } },
{ "type": "Feature", "properties": { "max_height": 1.4430046081542969, "mean_height": 0.074605800211429596, "std_height": 0.27029171586036682, "count_pixels": 41, "percent_cover": 0.037566428440535093, "percent_above_0.1m": 7.3170731707317067, "low_level_<0.5": 0.0, "mid_level_0.5-2": 4.8780487804878048, "tall_2+": 0.0 }, "geometry": { "type": "Point", "coordinates": [ 0.879885539419812, 51.91516081590968 ] } },
{ "type": "Feature", "properties": { "max_height": 0.61275482177734375, "mean_height": 0.053587935864925385, "std_height": 0.12628217041492462, "count_pixels": 41, "percent_cover": 0.037566428440535093, "percent_above_0.1m": 17.073170731707318, "low_level_<0.5": 9.7560975609756095, "mid_level_0.5-2": 2.4390243902439024, "tall_2+": 0.0 }, "geometry": { "type": "Point", "coordinates": [ 0.880086738222297, 51.915155889742429 ] } },
{ "type": "Feature", "properties": { "max_height": 0.0162506103515625, "mean_height": 1.9073486328125e-05, "std_height": 0.0049180882051587105, "count_pixels": 41, "percent_cover": 0.037566428440535093, "percent_above_0.1m": 0.0, "low_level_<0.5": 0.0, "mid_level_0.5-2": 0.0, "tall_2+": 0.0 }, "geometry": { "type": "Point", "coordinates": [ 0.880287936969984, 51.915150963229046 ] } },
{ "type": "Feature", "properties": { "max_height": 0.06275177001953125, "mean_height": 0.0042978012934327126, "std_height": 0.013291547074913979, "count_pixels": 42, "percent_cover": 0.038482682792743264, "percent_above_0.1m": 0.0, "low_level_<0.5": 0.0, "mid_level_0.5-2": 0.0, "tall_2+": 0.0 }, "geometry": { "type": "Point", "coordinates": [ 0.880489135662874, 51.915146036369492 ] } },
{ "type": "Feature", "properties": { "max_height": 0.60850143432617188, "mean_height": 0.060013260692358017, "std_height": 0.12875482439994812, "count_pixels": 43, "percent_cover": 0.039398937144951442, "percent_above_0.1m": 13.953488372093023, "low_level_<0.5": 6.9767441860465116, "mid_level_0.5-2": 4.6511627906976747, "tall_2+": 0.0 }, "geometry": { "type": "Point", "coordinates": [ 0.880690334300957, 51.915141109163805 ] } },
{ "type": "Feature", "properties": { "max_height": 0.25875473022460938, "mean_height": 0.021862385794520378, "std_height": 0.054203946143388748, "count_pixels": 43, "percent_cover": 0.039398937144951442, "percent_above_0.1m": 6.9767441860465116, "low_level_<0.5": 4.6511627906976747, "mid_level_0.5-2": 0.0, "tall_2+": 0.0 }, "geometry": { "type": "Point", "coordinates": [ 0.880891532884235, 51.91513618161197 ] } },
{ "type": "Feature", "properties": { "max_height": 8.6615028381347656, "mean_height": 1.3363714218139648, "std_height": 2.5265250205993652, "count_pixels": 42, "percent_cover": 0.038482682792743264, "percent_above_0.1m": 33.333333333333329, "low_level_<0.5": 7.1428571428571423, "mid_level_0.5-2": 2.3809523809523809, "tall_2+": 23.809523809523807 }, "geometry": { "type": "Point", "coordinates": [ 0.881092731412705, 51.915131253713966 ] } },
{ "type": "Feature", "properties": { "max_height": 13.459503173828125, "mean_height": 8.2523393630981445, "std_height": 4.3208756446838379, "count_pixels": 43, "percent_cover": 0.039398937144951442, "percent_above_0.1m": 90.697674418604649, "low_level_<0.5": 0.0, "mid_level_0.5-2": 2.3255813953488373, "tall_2+": 88.372093023255815 }, "geometry": { "type": "Point", "coordinates": [ 0.874560645038776, 51.915398987214758 ] } },
{ "type": "Feature", "properties": { "max_height": 13.448253631591797, "mean_height": 4.0079126358032227, "std_height": 4.9898719787597656, "count_pixels": 42, "percent_cover": 0.038482682792743264, "percent_above_0.1m": 52.380952380952387, "low_level_<0.5": 4.7619047619047619, "mid_level_0.5-2": 4.7619047619047619, "tall_2+": 42.857142857142854 }, "geometry": { "type": "Point", "coordinates": [ 0.874761845741307, 51.915394070229304 ] } },
{ "type": "Feature", "properties": { "max_height": 12.411502838134766, "mean_height": 3.1618130207061768, "std_height": 4.5416831970214844, "count_pixels": 41, "percent_cover": 0.037566428440535093, "percent_above_0.1m": 41.463414634146339, "low_level_<0.5": 0.0, "mid_level_0.5-2": 4.8780487804878048, "tall_2+": 36.585365853658537 }, "geometry": { "type": "Point", "coordinates": [ 0.874963046389148, 51.915389152897724 ] } },
{ "type": "Feature", "properties": { "max_height": 10.169502258300781, "mean_height": 0.9006238579750061, "std_height": 2.3299717903137207, "count_pixels": 41, "percent_cover": 0.037566428440535093, "percent_above_0.1m": 21.951219512195124, "low_level_<0.5": 4.8780487804878048, "mid_level_0.5-2": 4.8780487804878048, "tall_2+": 12.195121951219512 }, "geometry": { "type": "Point", "coordinates": [ 0.875164246982279, 51.91538423521996 ] } },
{ "type": "Feature", "properties": { "max_height": 0.00025177001953125, "mean_height": 1.4142292457108852e-05, "std_height": 0.00010970720904879272, "count_pixels": 41, "percent_cover": 0.037566428440535093, "percent_above_0.1m": 0.0, "low_level_<0.5": 0.0, "mid_level_0.5-2": 0.0, "tall_2+": 0.0 }, "geometry": { "type": "Point", "coordinates": [ 0.875365447520709, 51.915379317196056 ] } },
{ "type": "Feature", "properties": { "max_height": 0.00025177001953125, "mean_height": 1.6495988575115916e-06, "std_height": 8.217847062041983e-05, "count_pixels": 37, "percent_cover": 0.033901411031702404, "percent_above_0.1m": 0.0, "low_level_<0.5": 0.0, "mid_level_0.5-2": 0.0, "tall_2+": 0.0 }, "geometry": { "type": "Point", "coordinates": [ 0.875566648004428, 51.915374398825996 ] } },
{ "type": "Feature", "properties": { "max_height": 0.00025177001953125, "mean_height": -1.0513677807466593e-05, "std_height": 9.5282841357402503e-05, "count_pixels": 41, "percent_cover": 0.037566428440535093, "percent_above_0.1m": 0.0, "low_level_<0.5": 0.0, "mid_level_0.5-2": 0.0, "tall_2+": 0.0 }, "geometry": { "type": "Point", "coordinates": [ 0.875767848433436, 51.915369480109781 ] } },
{ "type": "Feature", "properties": { "max_height": 0.000255584716796875, "mean_height": 1.4142292457108852e-05, "std_height": 0.00015561711916234344, "count_pixels": 41, "percent_cover": 0.037566428440535093, "percent_above_0.1m": 0.0, "low_level_<0.5": 0.0, "mid_level_0.5-2": 0.0, "tall_2+": 0.0 }, "geometry": { "type": "Point", "coordinates": [ 0.875969048807728, 51.915364561047426 ] } },
{ "type": "Feature", "properties": { "max_height": 0.00025177001953125, "mean_height": -1.014151257550111e-05, "std_height": 9.4845381681807339e-05, "count_pixels": 41, "percent_cover": 0.037566428440535093, "percent_above_0.1m": 0.0, "low_level_<0.5": 0.0, "mid_level_0.5-2": 0.0, "tall_2+": 0.0 }, "geometry": { "type": "Point", "coordinates": [ 0.876170249127297, 51.915359641638908 ] } },
{ "type": "Feature", "properties": { "max_height": 0.60375213623046875, "mean_height": 0.062978789210319519, "std_height": 0.14506910741329193, "count_pixels": 43, "percent_cover": 0.039398937144951442, "percent_above_0.1m": 13.953488372093023, "low_level_<0.5": 9.3023255813953494, "mid_level_0.5-2": 4.6511627906976747, "tall_2+": 0.0 }, "geometry": { "type": "Point", "coordinates": [ 0.879590646184228, 51.915275958732764 ] } },
{ "type": "Feature", "properties": { "max_height": 0.8697509765625, "mean_height": 0.03835369274020195, "std_height": 0.1514403223991394, "count_pixels": 42, "percent_cover": 0.038482682792743264, "percent_above_0.1m": 4.7619047619047619, "low_level_<0.5": 0.0, "mid_level_0.5-2": 4.7619047619047619, "tall_2+": 0.0 }, "geometry": { "type": "Point", "coordinates": [ 0.879791845518206, 51.915271033093497 ] } },
{ "type": "Feature", "properties": { "max_height": 0.015254974365234375, "mean_height": 0.00085653259884566069, "std_height": 0.0055625620298087597, "count_pixels": 43, "percent_cover": 0.039398937144951442, "percent_above_0.1m": 0.0, "low_level_<0.5": 0.0, "mid_level_0.5-2": 0.0, "tall_2+": 0.0 }, "geometry": { "type": "Point", "coordinates": [ 0.879993044797391, 51.915266107108089 ] } },
{ "type": "Feature", "properties": { "max_height": 0.54975509643554688, "mean_height": 0.048251751810312271, "std_height": 0.11424896866083145, "count_pixels": 43, "percent_cover": 0.039398937144951442, "percent_above_0.1m": 16.279069767441861, "low_level_<0.5": 11.627906976744185, "mid_level_0.5-2": 2.3255813953488373, "tall_2+": 0.0 }, "geometry": { "type": "Point", "coordinates": [ 0.880194244021782, 51.915261180776518 ] } },
{ "type": "Feature", "properties": { "max_height": 0.2115020751953125, "mean_height": 0.018263045698404312, "std_height": 0.051637440919876099, "count_pixels": 42, "percent_cover": 0.038482682792743264, "percent_above_0.1m": 7.1428571428571423, "low_level_<0.5": 7.1428571428571423, "mid_level_0.5-2": 0.0, "tall_2+": 0.0 }, "geometry": { "type": "Point", "coordinates": [ 0.880395443191373, 51.915256254098786 ] } },
{ "type": "Feature", "properties": { "max_height": 0.01325225830078125, "mean_height": 0.00062821549363434315, "std_height": 0.0027753529138863087, "count_pixels": 41, "percent_cover": 0.037566428440535093, "percent_above_0.1m": 0.0, "low_level_<0.5": 0.0, "mid_level_0.5-2": 0.0, "tall_2+": 0.0 }, "geometry": { "type": "Point", "coordinates": [ 0.880596642306165, 51.915251327074905 ] } },
{ "type": "Feature", "properties": { "max_height": 0.23799896240234375, "mean_height": 0.02413000725209713, "std_height": 0.050609152764081955, "count_pixels": 41, "percent_cover": 0.037566428440535093, "percent_above_0.1m": 9.7560975609756095, "low_level_<0.5": 4.8780487804878048, "mid_level_0.5-2": 0.0, "tall_2+": 0.0 }, "geometry": { "type": "Point", "coordinates": [ 0.880797841366152, 51.915246399704884 ] } },
{ "type": "Feature", "properties": { "max_height": 0.0460052490234375, "mean_height": 0.0086298687383532524, "std_height": 0.011529628187417984, "count_pixels": 41, "percent_cover": 0.037566428440535093, "percent_above_0.1m": 0.0, "low_level_<0.5": 0.0, "mid_level_0.5-2": 0.0, "tall_2+": 0.0 }, "geometry": { "type": "Point", "coordinates": [ 0.880999040371331, 51.915241471988686 ] } },
{ "type": "Feature", "properties": { "max_height": 9.7080001831054688, "mean_height": 2.9418435096740723, "std_height": 3.3229858875274658, "count_pixels": 41, "percent_cover": 0.037566428440535093, "percent_above_0.1m": 51.219512195121951, "low_level_<0.5": 0.0, "mid_level_0.5-2": 4.8780487804878048, "tall_2+": 46.341463414634148 }, "geometry": { "type": "Point", "coordinates": [ 0.874668139500623, 51.915504282771288 ] } },
{ "type": "Feature", "properties": { "max_height": 0.000255584716796875, "mean_height": 3.7783669540658593e-05, "std_height": 0.00015945818449836224, "count_pixels": 42, "percent_cover": 0.038482682792743264, "percent_above_0.1m": 0.0, "low_level_<0.5": 0.0, "mid_level_0.5-2": 0.0, "tall_2+": 0.0 }, "geometry": { "type": "Point", "coordinates": [ 0.874869340625127, 51.915499365621535 ] } },
{ "type": "Feature", "properties": { "max_height": 0.0005035400390625, "mean_height": 1.6855639159985003e-06, "std_height": 0.00013217394007369876, "count_pixels": 43, "percent_cover": 0.039398937144951442, "percent_above_0.1m": 0.0, "low_level_<0.5": 0.0, "mid_level_0.5-2": 0.0, "tall_2+": 0.0 }, "geometry": { "type": "Point", "coordinates": [ 0.875070541694931, 51.915494448125628 ] } },
{ "type": "Feature", "properties": { "max_height": 0.0005035400390625, "mean_height": 2.5372171876369976e-05, "std_height": 0.00015075803094077855, "count_pixels": 43, "percent_cover": 0.039398937144951442, "percent_above_0.1m": 0.0, "low_level_<0.5": 0.0, "mid_level_0.5-2": 0.0, "tall_2+": 0.0 }, "geometry": { "type": "Point", "coordinates": [ 0.875271742710036, 51.915489530283573 ] } },
{ "type": "Feature", "properties": { "max_height": 0.00025177001953125, "mean_height": -4.4504799916467164e-06, "std_height": 0.00013887931709177792, "count_pixels": 42, "percent_cover": 0.038482682792743264, "percent_above_0.1m": 0.0, "low_level_<0.5": 0.0, "mid_level_0.5-2": 0.0, "tall_2+": 0.0 }, "geometry": { "type": "Point", "coordinates": [ 0.875472943670426, 51.915484612095355 ] } },
{ "type": "Feature", "properties": { "max_height": 0.00025177001953125, "mean_height": -1.52587890625e-05, "std_height": 0.00011283576895948499, "count_pixels": 43, "percent_cover": 0.039398937144951442, "percent_above_0.1m": 0.0, "low_level_<0.5": 0.0, "mid_level_0.5-2": 0.0, "tall_2+": 0.0 }, "geometry": { "type": "Point", "coordinates": [ 0.875674144576111, 51.915479693560997 ] } },
{ "type": "Feature", "properties": { "max_height": 0.000499725341796875, "mean_height": 1.3573225260188337e-05, "std_height": 0.00015227329276967794, "count_pixels": 43, "percent_cover": 0.039398937144951442, "percent_above_0.1m": 0.0, "low_level_<0.5": 0.0, "mid_level_0.5-2": 0.0, "tall_2+": 0.0 }, "geometry": { "type": "Point", "coordinates": [ 0.875875345427077, 51.915474774680469 ] } },
{ "type": "Feature", "properties": { "max_height": 0.000255584716796875, "mean_height": -3.2735424611018971e-05, "std_height": 0.00015847627946641296, "count_pixels": 43, "percent_cover": 0.039398937144951442, "percent_above_0.1m": 0.0, "low_level_<0.5": 0.0, "mid_level_0.5-2": 0.0, "tall_2+": 0.0 }, "geometry": { "type": "Point", "coordinates": [ 0.876076546223326, 51.915469855453793 ] } },
{ "type": "Feature", "properties": { "max_height": 0.00025177001953125, "mean_height": -7.1455790020991117e-05, "std_height": 0.00016755466640461236, "count_pixels": 41, "percent_cover": 0.037566428440535093, "percent_above_0.1m": 0.0, "low_level_<0.5": 0.0, "mid_level_0.5-2": 0.0, "tall_2+": 0.0 }, "geometry": { "type": "Point", "coordinates": [ 0.876277746964851, 51.915464935880983 ] } },
{ "type": "Feature", "properties": { "max_height": 0.20475006103515625, "mean_height": 0.0079659251496195793, "std_height": 0.033676393330097198, "count_pixels": 41, "percent_cover": 0.037566428440535093, "percent_above_0.1m": 2.4390243902439024, "low_level_<0.5": 2.4390243902439024, "mid_level_0.5-2": 0.0, "tall_2+": 0.0 }, "geometry": { "type": "Point", "coordinates": [ 0.879496951383997, 51.915386175638787 ] } },
{ "type": "Feature", "properties": { "max_height": 4.4945030212402344, "mean_height": 0.7450832724571228, "std_height": 1.1985301971435547, "count_pixels": 37, "percent_cover": 0.033901411031702404, "percent_above_0.1m": 48.648648648648653, "low_level_<0.5": 10.810810810810811, "mid_level_0.5-2": 21.621621621621621, "tall_2+": 13.513513513513514 }, "geometry": { "type": "Point", "coordinates": [ 0.879698151194678, 51.915381250181333 ] } },
{ "type": "Feature", "properties": { "max_height": 16.282005310058594, "mean_height": 2.0837888717651367, "std_height": 4.4421887397766113, "count_pixels": 41, "percent_cover": 0.037566428440535093, "percent_above_0.1m": 39.024390243902438, "low_level_<0.5": 7.3170731707317067, "mid_level_0.5-2": 12.195121951219512, "tall_2+": 19.512195121951219 }, "geometry": { "type": "Point", "coordinates": [ 0.879899350950568, 51.915376324377732 ] } },
{ "type": "Feature", "properties": { "max_height": 10.29425048828125, "mean_height": 0.78527039289474487, "std_height": 2.0688469409942627, "count_pixels": 41, "percent_cover": 0.037566428440535093, "percent_above_0.1m": 24.390243902439025, "low_level_<0.5": 4.8780487804878048, "mid_level_0.5-2": 7.3170731707317067, "tall_2+": 12.195121951219512 }, "geometry": { "type": "Point", "coordinates": [ 0.880100550651663, 51.915371398227975 ] } },
{ "type": "Feature", "properties": { "max_height": 5.7025032043457031, "mean_height": 0.40264835953712463, "std_height": 1.263768196105957, "count_pixels": 41, "percent_cover": 0.037566428440535093, "percent_above_0.1m": 21.951219512195124, "low_level_<0.5": 9.7560975609756095, "mid_level_0.5-2": 2.4390243902439024, "tall_2+": 7.3170731707317067 }, "geometry": { "type": "Point", "coordinates": [ 0.880301750297968, 51.915366471732078 ] } },
{ "type": "Feature", "properties": { "max_height": 8.8972549438476562, "mean_height": 0.50302594900131226, "std_height": 1.6909598112106323, "count_pixels": 42, "percent_cover": 0.038482682792743264, "percent_above_0.1m": 21.428571428571427, "low_level_<0.5": 7.1428571428571423, "mid_level_0.5-2": 9.5238095238095237, "tall_2+": 4.7619047619047619 }, "geometry": { "type": "Point", "coordinates": [ 0.880502949889463, 51.91536154488999 ] } },
{ "type": "Feature", "properties": { "max_height": 0.24650192260742188, "mean_height": 0.009007209911942482, "std_height": 0.037109676748514175, "count_pixels": 43, "percent_cover": 0.039398937144951442, "percent_above_0.1m": 2.3255813953488373, "low_level_<0.5": 2.3255813953488373, "mid_level_0.5-2": 0.0, "tall_2+": 0.0 }, "geometry": { "type": "Point", "coordinates": [ 0.880704149426159, 51.915356617701782 ] } },
{ "type": "Feature", "properties": { "max_height": 0.347503662109375, "mean_height": 0.051223400980234146, "std_height": 0.092544868588447571, "count_pixels": 43, "percent_cover": 0.039398937144951442, "percent_above_0.1m": 20.930232558139537, "low_level_<0.5": 16.279069767441861, "mid_level_0.5-2": 0.0, "tall_2+": 0.0 }, "geometry": { "type": "Point", "coordinates": [ 0.880905348908053, 51.915351690167398 ] } },
{ "type": "Feature", "properties": { "max_height": 0.063751220703125, "mean_height": 0.016972586512565613, "std_height": 0.015980785712599754, "count_pixels": 42, "percent_cover": 0.038482682792743264, "percent_above_0.1m": 0.0, "low_level_<0.5": 0.0, "mid_level_0.5-2": 0.0, "tall_2+": 0.0 }, "geometry": { "type": "Point", "coordinates": [ 0.881106548335129, 51.91534676228688 ] } },
{ "type": "Feature", "properties": { "max_height": 10.299751281738281, "mean_height": 3.164680004119873, "std_height": 3.3054318428039551, "count_pixels": 42, "percent_cover": 0.038482682792743264, "percent_above_0.1m": 57.142857142857139, "low_level_<0.5": 2.3809523809523809, "mid_level_0.5-2": 4.7619047619047619, "tall_2+": 50.0 }, "geometry": { "type": "Point", "coordinates": [ 0.874775634439129, 51.91560957824931 ] } },
{ "type": "Feature", "properties": { "max_height": 0.0005035400390625, "mean_height": 8.0015597632154822e-06, "std_height": 0.00015148088277783245, "count_pixels": 41, "percent_cover": 0.037566428440535093, "percent_above_0.1m": 0.0, "low_level_<0.5": 0.0, "mid_level_0.5-2": 0.0, "tall_2+": 0.0 }, "geometry": { "type": "Point", "coordinates": [ 0.874976835985608, 51.915604660935244 ] } },
{ "type": "Feature", "properties": { "max_height": 0.000255584716796875, "mean_height": -2.2329935745801777e-05, "std_height": 0.00017296327860094607, "count_pixels": 41, "percent_cover": 0.037566428440535093, "percent_above_0.1m": 0.0, "low_level_<0.5": 0.0, "mid_level_0.5-2": 0.0, "tall_2+": 0.0 }, "geometry": { "type": "Point", "coordinates": [ 0.875178037477386, 51.915599743275038 ] } },
{ "type": "Feature", "properties": { "max_height": 0.00025177001953125, "mean_height": -2.2516018361784518e-05, "std_height": 0.00014428558642975986, "count_pixels": 41, "percent_cover": 0.037566428440535093, "percent_above_0.1m": 0.0, "low_level_<0.5": 0.0, "mid_level_0.5-2": 0.0, "tall_2+": 0.0 }, "geometry": { "type": "Point", "coordinates": [ 0.875379238914456, 51.915594825268677 ] } },
{ "type": "Feature", "properties": { "max_height": 0.00025177001953125, "mean_height": -1.8867285689339042e-05, "std_height": 0.00013446381490211934, "count_pixels": 37, "percent_cover": 0.033901411031702404, "percent_above_0.1m": 0.0, "low_level_<0.5": 0.0, "mid_level_0.5-2": 0.0, "tall_2+": 0.0 }, "geometry": { "type": "Point", "coordinates": [ 0.875580440296814, 51.915589906916161 ] } },
{ "type": "Feature", "properties": { "max_height": 0.005748748779296875, "mean_height": 0.00019017660815734416, "std_height": 0.00092985096853226423, "count_pixels": 41, "percent_cover": 0.037566428440535093, "percent_above_0.1m": 0.0, "low_level_<0.5": 0.0, "mid_level_0.5-2": 0.0, "tall_2+": 0.0 }, "geometry": { "type": "Point", "coordinates": [ 0.875781641624461, 51.915584988217475 ] } },
{ "type": "Feature", "properties": { "max_height": 0.000499725341796875, "mean_height": 1.5817037137821899e-06, "std_height": 0.0001912978186737746, "count_pixels": 41, "percent_cover": 0.037566428440535093, "percent_above_0.1m": 0.0, "low_level_<0.5": 0.0, "mid_level_0.5-2": 0.0, "tall_2+": 0.0 }, "geometry": { "type": "Point", "coordinates": [ 0.87598284289739, 51.915580069172663 ] } },
{ "type": "Feature", "properties": { "max_height": 0.000499725341796875, "mean_height": 2.6237674319418147e-05, "std_height": 0.00014397873019333929, "count_pixels": 41, "percent_cover": 0.037566428440535093, "percent_above_0.1m": 0.0, "low_level_<0.5": 0.0, "mid_level_0.5-2": 0.0, "tall_2+": 0.0 }, "geometry": { "type": "Point", "coordinates": [ 0.876184044115597, 51.915575149781667 ] } },
{ "type": "Feature", "properties": { "max_height": 0.001003265380859375, "mean_height": -4.5244082684803288e-06, "std_height": 0.00019845679344143718, "count_pixels": 43, "percent_cover": 0.039398937144951442, "percent_above_0.1m": 0.0, "low_level_<0.5": 0.0, "mid_level_0.5-2": 0.0, "tall_2+": 0.0 }, "geometry": { "type": "Point", "coordinates": [ 0.876385245279079, 51.915570230044544 ] } },
{ "type": "Feature", "properties": { "max_height": 0.00800323486328125, "mean_height": 0.00019357370911166072, "std_height": 0.0012164193904027343, "count_pixels": 43, "percent_cover": 0.039398937144951442, "percent_above_0.1m": 0.0, "low_level_<0.5": 0.0, "mid_level_0.5-2": 0.0, "tall_2+": 0.0 }, "geometry": { "type": "Point", "coordinates": [ 0.876586446387836, 51.915565309961252 ] } },
{ "type": "Feature", "properties": { "max_height": 0.012752532958984375, "mean_height": -0.00092794728698208928, "std_height": 0.0050793122500181198, "count_pixels": 43, "percent_cover": 0.039398937144951442, "percent_above_0.1m": 0.0, "low_level_<0.5": 0.0, "mid_level_0.5-2": 0.0, "tall_2+": 0.0 }, "geometry": { "type": "Point", "coordinates": [ 0.879403256161846, 51.915496392448794 ] } },
{ "type": "Feature", "properties": { "max_height": 2.6037521362304688, "mean_height": 0.36205399036407471, "std_height": 0.72178679704666138, "count_pixels": 43, "percent_cover": 0.039398937144951442, "percent_above_0.1m": 27.906976744186046, "low_level_<0.5": 2.3255813953488373, "mid_level_0.5-2": 13.953488372093023, "tall_2+": 6.9767441860465116 }, "geometry": { "type": "Point", "coordinates": [ 0.879604456449227, 51.915491467173162 ] } },
{ "type": "Feature", "properties": { "max_height": 15.291252136230469, "mean_height": 5.7289786338806152, "std_height": 4.6944422721862793, "count_pixels": 42, "percent_cover": 0.038482682792743264, "percent_above_0.1m": 92.857142857142861, "low_level_<0.5": 2.3809523809523809, "mid_level_0.5-2": 19.047619047619047, "tall_2+": 71.428571428571431 }, "geometry": { "type": "Point", "coordinates": [ 0.879805656681825, 51.915486541551367 ] } },
{ "type": "Feature", "properties": { "max_height": 20.60150146484375, "mean_height": 14.798613548278809, "std_height": 3.5208034515380859, "count_pixels": 43, "percent_cover": 0.039398937144951442, "percent_above_0.1m": 100.0, "low_level_<0.5": 0.0, "mid_level_0.5-2": 0.0, "tall_2+": 100.0 }, "geometry": { "type": "Point", "coordinates": [ 0.880006856859629, 51.915481615583438 ] } },
{ "type": "Feature", "properties": { "max_height": 19.319503784179688, "mean_height": 11.223113059997559, "std_height": 4.1175427436828613, "count_pixels": 43, "percent_cover": 0.039398937144951442, "percent_above_0.1m": 97.674418604651152, "low_level_<0.5": 0.0, "mid_level_0.5-2": 0.0, "tall_2+": 97.674418604651152 }, "geometry": { "type": "Point", "coordinates": [ 0.88020805698264, 51.91547668926934 ] } },
{ "type": "Feature", "properties": { "max_height": 18.818752288818359, "mean_height": 13.136294364929199, "std_height": 3.4476957321166992, "count_pixels": 42, "percent_cover": 0.038482682792743264, "percent_above_0.1m": 100.0, "low_level_<0.5": 0.0, "mid_level_0.5-2": 0.0, "tall_2+": 100.0 }, "geometry": { "type": "Point", "coordinates": [ 0.880409257050851, 51.915471762609087 ] } },
{ "type": "Feature", "properties": { "max_height": 16.267753601074219, "mean_height": 11.234617233276367, "std_height": 4.4580073356628418, "count_pixels": 41, "percent_cover": 0.037566428440535093, "percent_above_0.1m": 97.560975609756099, "low_level_<0.5": 0.0, "mid_level_0.5-2": 2.4390243902439024, "tall_2+": 95.121951219512198 }, "geometry": { "type": "Point", "coordinates": [ 0.880610457064261, 51.915466835602679 ] } },
{ "type": "Feature", "properties": { "max_height": 12.047752380371094, "mean_height": 3.6308434009552002, "std_height": 4.1566314697265625, "count_pixels": 41, "percent_cover": 0.037566428440535093, "percent_above_0.1m": 60.975609756097562, "low_level_<0.5": 4.8780487804878048, "mid_level_0.5-2": 2.4390243902439024, "tall_2+": 51.219512195121951 }, "geometry": { "type": "Point", "coordinates": [ 0.880811657022864, 51.915461908250116 ] } },
{ "type": "Feature", "properties": { "max_height": 0.0252532958984375, "mean_height": 0.0039410474710166454, "std_height": 0.0057784882374107838, "count_pixels": 41, "percent_cover": 0.037566428440535093, "percent_above_0.1m": 0.0, "low_level_<0.5": 0.0, "mid_level_0.5-2": 0.0, "tall_2+": 0.0 }, "geometry": { "type": "Point", "coordinates": [ 0.881012856926658, 51.915456980551397 ] } },
{ "type": "Feature", "properties": { "max_height": 0.03475189208984375, "mean_height": 0.012279304675757885, "std_height": 0.010467118583619595, "count_pixels": 37, "percent_cover": 0.033901411031702404, "percent_above_0.1m": 0.0, "low_level_<0.5": 0.0, "mid_level_0.5-2": 0.0, "tall_2+": 0.0 }, "geometry": { "type": "Point", "coordinates": [ 0.881214056775637, 51.915452052506524 ] } },
{ "type": "Feature", "properties": { "max_height": 1.1787490844726562, "mean_height": 0.044172704219818115, "std_height": 0.17972545325756073, "count_pixels": 41, "percent_cover": 0.037566428440535093, "percent_above_0.1m": 2.4390243902439024, "low_level_<0.5": 0.0, "mid_level_0.5-2": 2.4390243902439024, "tall_2+": 0.0 }, "geometry": { "type": "Point", "coordinates": [ 0.881415256569801, 51.915447124115495 ] } },
{ "type": "Feature", "properties": { "max_height": 0.000499725341796875, "mean_height": -1.0113383723364677e-05, "std_height": 0.00019370125664863735, "count_pixels": 43, "percent_cover": 0.039398937144951442, "percent_above_0.1m": 0.0, "low_level_<0.5": 0.0, "mid_level_0.5-2": 0.0, "tall_2+": 0.0 }, "geometry": { "type": "Point", "coordinates": [ 0.875084331822754, 51.915709956170488 ] } },
{ "type": "Feature", "properties": { "max_height": 0.00025177001953125, "mean_height": -4.4445660023484379e-05, "std_height": 0.00024873801157809794, "count_pixels": 43, "percent_cover": 0.039398937144951442, "percent_above_0.1m": 0.0, "low_level_<0.5": 0.0, "mid_level_0.5-2": 0.0, "tall_2+": 0.0 }, "geometry": { "type": "Point", "coordinates": [ 0.875285533736508, 51.915705038345962 ] } },
{ "type": "Feature", "properties": { "max_height": 0.00025177001953125, "mean_height": -2.1889096387894824e-05, "std_height": 0.00013178019435144961, "count_pixels": 42, "percent_cover": 0.038482682792743264, "percent_above_0.1m": 0.0, "low_level_<0.5": 0.0, "mid_level_0.5-2": 0.0, "tall_2+": 0.0 }, "geometry": { "type": "Point", "coordinates": [ 0.875486735595545, 51.915700120175302 ] } },
{ "type": "Feature", "properties": { "max_height": 0.00025177001953125, "mean_height": -3.309028033982031e-05, "std_height": 0.00015797898231539875, "count_pixels": 43, "percent_cover": 0.039398937144951442, "percent_above_0.1m": 0.0, "low_level_<0.5": 0.0, "mid_level_0.5-2": 0.0, "tall_2+": 0.0 }, "geometry": { "type": "Point", "coordinates": [ 0.875687937399875, 51.91569520165848 ] } },
{ "type": "Feature", "properties": { "max_height": 0.0005035400390625, "mean_height": -3.814697265625e-06, "std_height": 0.00015729259757790715, "count_pixels": 43, "percent_cover": 0.039398937144951442, "percent_above_0.1m": 0.0, "low_level_<0.5": 0.0, "mid_level_0.5-2": 0.0, "tall_2+": 0.0 }, "geometry": { "type": "Point", "coordinates": [ 0.875889139149484, 51.915690282795474 ] } },
{ "type": "Feature", "properties": { "max_height": 0.00225067138671875, "mean_height": 3.0961145967012271e-05, "std_height": 0.00038590992335230112, "count_pixels": 43, "percent_cover": 0.039398937144951442, "percent_above_0.1m": 0.0, "low_level_<0.5": 0.0, "mid_level_0.5-2": 0.0, "tall_2+": 0.0 }, "geometry": { "type": "Point", "coordinates": [ 0.876090340844379, 51.915685363586341 ] } },
{ "type": "Feature", "properties": { "max_height": 0.000255584716796875, "mean_height": -2.8284584914217703e-05, "std_height": 0.00015833874931558967, "count_pixels": 41, "percent_cover": 0.037566428440535093, "percent_above_0.1m": 0.0, "low_level_<0.5": 0.0, "mid_level_0.5-2": 0.0, "tall_2+": 0.0 }, "geometry": { "type": "Point", "coordinates": [ 0.876291542484544, 51.915680444031054 ] } },
{ "type": "Feature", "properties": { "max_height": 0.001251220703125, "mean_height": 3.8519137888215482e-05, "std_height": 0.00023125727602746338, "count_pixels": 41, "percent_cover": 0.037566428440535093, "percent_above_0.1m": 0.0, "low_level_<0.5": 0.0, "mid_level_0.5-2": 0.0, "tall_2+": 0.0 }, "geometry": { "type": "Point", "coordinates": [ 0.876492744069988, 51.915675524129604 ] } },
{ "type": "Feature", "properties": { "max_height": 0.000255584716796875, "mean_height": 8.3737259046756662e-06, "std_height": 0.00012963188055437058, "count_pixels": 41, "percent_cover": 0.037566428440535093, "percent_above_0.1m": 0.0, "low_level_<0.5": 0.0, "mid_level_0.5-2": 0.0, "tall_2+": 0.0 }, "geometry": { "type": "Point", "coordinates": [ 0.876693945600699, 51.915670603881999 ] } },
{ "type": "Feature", "properties": { "max_height": 0.01250457763671875, "mean_height": -0.00046762605779804289, "std_height": 0.0036609766539186239, "count_pixels": 41, "percent_cover": 0.037566428440535093, "percent_above_0.1m": 0.0, "low_level_<0.5": 0.0, "mid_level_0.5-2": 0.0, "tall_2+": 0.0 }, "geometry": { "type": "Point", "coordinates": [ 0.87930956051776, 51.915606609162793 ] } },
{ "type": "Feature", "properties": { "max_height": 0.02249908447265625, "mean_height": 0.0030015155207365751, "std_height": 0.0072776637971401215, "count_pixels": 41, "percent_cover": 0.037566428440535093, "percent_above_0.1m": 0.0, "low_level_<0.5": 0.0, "mid_level_0.5-2": 0.0, "tall_2+": 0.0 }, "geometry": { "type": "Point", "coordinates": [ 0.879510761281854, 51.915601684068989 ] } },
{ "type": "Feature", "properties": { "max_height": 14.644752502441406, "mean_height": 7.3034882545471191, "std_height": 5.0146975517272949, "count_pixels": 37, "percent_cover": 0.033901411031702404, "percent_above_0.1m": 81.081081081081081, "low_level_<0.5": 0.0, "mid_level_0.5-2": 5.4054054054054053, "tall_2+": 75.675675675675677 }, "geometry": { "type": "Point", "coordinates": [ 0.879711961991159, 51.915596758629029 ] } },
{ "type": "Feature", "properties": { "max_height": 17.649501800537109, "mean_height": 9.0955390930175781, "std_height": 4.1091885566711426, "count_pixels": 41, "percent_cover": 0.037566428440535093, "percent_above_0.1m": 100.0, "low_level_<0.5": 2.4390243902439024, "mid_level_0.5-2": 7.3170731707317067, "tall_2+": 90.243902439024396 }, "geometry": { "type": "Point", "coordinates": [ 0.879913162645676, 51.9155918328429 ] } },
{ "type": "Feature", "properties": { "max_height": 21.040504455566406, "mean_height": 14.876978874206543, "std_height": 3.4557380676269531, "count_pixels": 41, "percent_cover": 0.037566428440535093, "percent_above_0.1m": 100.0, "low_level_<0.5": 0.0, "mid_level_0.5-2": 0.0, "tall_2+": 100.0 }, "geometry": { "type": "Point", "coordinates": [ 0.880114363245398, 51.915586906710615 ] } },
{ "type": "Feature", "properties": { "max_height": 19.035003662109375, "mean_height": 12.011063575744629, "std_height": 4.368537425994873, "count_pixels": 41, "percent_cover": 0.037566428440535093, "percent_above_0.1m": 100.0, "low_level_<0.5": 2.4390243902439024, "mid_level_0.5-2": 0.0, "tall_2+": 97.560975609756099 }, "geometry": { "type": "Point", "coordinates": [ 0.880315563790323, 51.91558198023219 ] } },
{ "type": "Feature", "properties": { "max_height": 19.010005950927734, "mean_height": 12.376175880432129, "std_height": 3.5641899108886719, "count_pixels": 42, "percent_cover": 0.038482682792743264, "percent_above_0.1m": 100.0, "low_level_<0.5": 0.0, "mid_level_0.5-2": 0.0, "tall_2+": 100.0 }, "geometry": { "type": "Point", "coordinates": [ 0.880516764280446, 51.915577053407574 ] } },
{ "type": "Feature", "properties": { "max_height": 16.219501495361328, "mean_height": 10.743869781494141, "std_height": 2.7324364185333252, "count_pixels": 43, "percent_cover": 0.039398937144951442, "percent_above_0.1m": 100.0, "low_level_<0.5": 0.0, "mid_level_0.5-2": 2.3255813953488373, "tall_2+": 97.674418604651152 }, "geometry": { "type": "Point", "coordinates": [ 0.880717964715768, 51.915572126236839 ] } },
{ "type": "Feature", "properties": { "max_height": 16.617752075195312, "mean_height": 8.526118278503418, "std_height": 5.2841577529907227, "count_pixels": 43, "percent_cover": 0.039398937144951442, "percent_above_0.1m": 93.023255813953483, "low_level_<0.5": 2.3255813953488373, "mid_level_0.5-2": 9.3023255813953494, "tall_2+": 81.395348837209298 }, "geometry": { "type": "Point", "coordinates": [ 0.880919165096278, 51.915567198719934 ] } },
{ "type": "Feature", "properties": { "max_height": 8.3795013427734375, "mean_height": 1.4788888692855835, "std_height": 2.1481850147247314, "count_pixels": 42, "percent_cover": 0.038482682792743264, "percent_above_0.1m": 52.380952380952387, "low_level_<0.5": 4.7619047619047619, "mid_level_0.5-2": 16.666666666666664, "tall_2+": 28.571428571428569 }, "geometry": { "type": "Point", "coordinates": [ 0.881120365421974, 51.915562270856874 ] } },
{ "type": "Feature", "properties": { "max_height": 3.8440017700195312, "mean_height": 0.20158971846103668, "std_height": 0.66037708520889282, "count_pixels": 43, "percent_cover": 0.039398937144951442, "percent_above_0.1m": 11.627906976744185, "low_level_<0.5": 0.0, "mid_level_0.5-2": 9.3023255813953494, "tall_2+": 2.3255813953488373 }, "geometry": { "type": "Point", "coordinates": [ 0.881321565692862, 51.915557342647638 ] } },
{ "type": "Feature", "properties": { "max_height": 0.027500152587890625, "mean_height": 0.0065778689458966255, "std_height": 0.0087453331798315048, "count_pixels": 43, "percent_cover": 0.039398937144951442, "percent_above_0.1m": 0.0, "low_level_<0.5": 0.0, "mid_level_0.5-2": 0.0, "tall_2+": 0.0 }, "geometry": { "type": "Point", "coordinates": [ 0.881522765908858, 51.915552414092339 ] } },
{ "type": "Feature", "properties": { "max_height": 0.046001434326171875, "mean_height": 0.0062406673096120358, "std_height": 0.010160625912249088, "count_pixels": 43, "percent_cover": 0.039398937144951442, "percent_above_0.1m": 0.0, "low_level_<0.5": 0.0, "mid_level_0.5-2": 0.0, "tall_2+": 0.0 }, "geometry": { "type": "Point", "coordinates": [ 0.881723965577302, 51.915547485763149 ] } },
{ "type": "Feature", "properties": { "max_height": 4.9417533874511719, "mean_height": 0.38296565413475037, "std_height": 1.0835360288619995, "count_pixels": 41, "percent_cover": 0.037566428440535093, "percent_above_0.1m": 14.634146341463413, "low_level_<0.5": 2.4390243902439024, "mid_level_0.5-2": 2.4390243902439024, "tall_2+": 9.7560975609756095 }, "geometry": { "type": "Point", "coordinates": [ 0.881925164683857, 51.915542557680197 ] } },
{ "type": "Feature", "properties": { "max_height": 0.000499725341796875, "mean_height": 1.395620984112611e-05, "std_height": 0.00014488163287751377, "count_pixels": 41, "percent_cover": 0.037566428440535093, "percent_above_0.1m": 0.0, "low_level_<0.5": 0.0, "mid_level_0.5-2": 0.0, "tall_2+": 0.0 }, "geometry": { "type": "Point", "coordinates": [ 0.875191828136577, 51.915815251327217 ] } },
{ "type": "Feature", "properties": { "max_height": 0.000499725341796875, "mean_height": 7.5363532232586294e-06, "std_height": 0.00015088381769601256, "count_pixels": 41, "percent_cover": 0.037566428440535093, "percent_above_0.1m": 0.0, "low_level_<0.5": 0.0, "mid_level_0.5-2": 0.0, "tall_2+": 0.0 }, "geometry": { "type": "Point", "coordinates": [ 0.875393030472301, 51.915810333338406 ] } },
{ "type": "Feature", "properties": { "max_height": 0.00025177001953125, "mean_height": -2.5671881303424016e-05, "std_height": 0.00015138629532884806, "count_pixels": 37, "percent_cover": 0.033901411031702404, "percent_above_0.1m": 0.0, "low_level_<0.5": 0.0, "mid_level_0.5-2": 0.0, "tall_2+": 0.0 }, "geometry": { "type": "Point", "coordinates": [ 0.87559423275331, 51.915805415003412 ] } },
{ "type": "Feature", "properties": { "max_height": 0.00025177001953125, "mean_height": -2.2609059669775888e-05, "std_height": 0.0001329466758761555, "count_pixels": 41, "percent_cover": 0.037566428440535093, "percent_above_0.1m": 0.0, "low_level_<0.5": 0.0, "mid_level_0.5-2": 0.0, "tall_2+": 0.0 }, "geometry": { "type": "Point", "coordinates": [ 0.875795434979607, 51.915800496322291 ] } },
{ "type": "Feature", "properties": { "max_height": 0.0005035400390625, "mean_height": 1.9817816792055964e-05, "std_height": 0.00017819213098846376, "count_pixels": 41, "percent_cover": 0.037566428440535093, "percent_above_0.1m": 0.0, "low_level_<0.5": 0.0, "mid_level_0.5-2": 0.0, "tall_2+": 0.0 }, "geometry": { "type": "Point", "coordinates": [ 0.875996637151191, 51.915795577294986 ] } },
{ "type": "Feature", "properties": { "max_height": 0.000255584716796875, "mean_height": -3.4518358006607741e-05, "std_height": 0.00017122342251241207, "count_pixels": 41, "percent_cover": 0.037566428440535093, "percent_above_0.1m": 0.0, "low_level_<0.5": 0.0, "mid_level_0.5-2": 0.0, "tall_2+": 0.0 }, "geometry": { "type": "Point", "coordinates": [ 0.876197839268044, 51.915790657921541 ] } },
{ "type": "Feature", "properties": { "max_height": 0.00025177001953125, "mean_height": 1.9162200260325335e-05, "std_height": 0.00013631372712552547, "count_pixels": 43, "percent_cover": 0.039398937144951442, "percent_above_0.1m": 0.0, "low_level_<0.5": 0.0, "mid_level_0.5-2": 0.0, "tall_2+": 0.0 }, "geometry": { "type": "Point", "coordinates": [ 0.876399041330172, 51.915785738201926 ] } },
{ "type": "Feature", "properties": { "max_height": 0.0005035400390625, "mean_height": 2.5194744011969306e-05, "std_height": 0.00020028471772093326, "count_pixels": 43, "percent_cover": 0.039398937144951442, "percent_above_0.1m": 0.0, "low_level_<0.5": 0.0, "mid_level_0.5-2": 0.0, "tall_2+": 0.0 }, "geometry": { "type": "Point", "coordinates": [ 0.876600243337576, 51.915780818136163 ] } },
{ "type": "Feature", "properties": { "max_height": 0.038249969482421875, "mean_height": 0.00081581290578469634, "std_height": 0.0063915913924574852, "count_pixels": 43, "percent_cover": 0.039398937144951442, "percent_above_0.1m": 0.0, "low_level_<0.5": 0.0, "mid_level_0.5-2": 0.0, "tall_2+": 0.0 }, "geometry": { "type": "Point", "coordinates": [ 0.879215864451747, 51.915716825780777 ] } },
{ "type": "Feature", "properties": { "max_height": 0.0110015869140625, "mean_height": 0.00073446228634566069, "std_height": 0.004186662845313549, "count_pixels": 43, "percent_cover": 0.039398937144951442, "percent_above_0.1m": 0.0, "low_level_<0.5": 0.0, "mid_level_0.5-2": 0.0, "tall_2+": 0.0 }, "geometry": { "type": "Point", "coordinates": [ 0.879417065692546, 51.915711900868793 ] } },
{ "type": "Feature", "properties": { "max_height": 20.269004821777344, "mean_height": 3.45194411277771, "std_height": 5.8010773658752441, "count_pixels": 43, "percent_cover": 0.039398937144951442, "percent_above_0.1m": 34.883720930232556, "low_level_<0.5": 2.3255813953488373, "mid_level_0.5-2": 2.3255813953488373, "tall_2+": 30.232558139534881 }, "geometry": { "type": "Point", "coordinates": [ 0.879618266878565, 51.91570697561064 ] } },
{ "type": "Feature", "properties": { "max_height": 19.778255462646484, "mean_height": 14.465353965759277, "std_height": 3.2574377059936523, "count_pixels": 42, "percent_cover": 0.038482682792743264, "percent_above_0.1m": 100.0, "low_level_<0.5": 0.0, "mid_level_0.5-2": 0.0, "tall_2+": 100.0 }, "geometry": { "type": "Point", "coordinates": [ 0.879819468009795, 51.915702050006345 ] } },
{ "type": "Feature", "properties": { "max_height": 17.595005035400391, "mean_height": 9.0829563140869141, "std_height": 3.7831718921661377, "count_pixels": 43, "percent_cover": 0.039398937144951442, "percent_above_0.1m": 97.674418604651152, "low_level_<0.5": 0.0, "mid_level_0.5-2": 2.3255813953488373, "tall_2+": 95.348837209302332 }, "geometry": { "type": "Point", "coordinates": [ 0.880020669086231, 51.915697124055882 ] } },
{ "type": "Feature", "properties": { "max_height": 17.512001037597656, "mean_height": 7.905189037322998, "std_height": 5.8494119644165039, "count_pixels": 43, "percent_cover": 0.039398937144951442, "percent_above_0.1m": 90.697674418604649, "low_level_<0.5": 11.627906976744185, "mid_level_0.5-2": 2.3255813953488373, "tall_2+": 76.744186046511629 }, "geometry": { "type": "Point", "coordinates": [ 0.880221870107877, 51.91569219775927 ] } },
{ "type": "Feature", "properties": { "max_height": 17.775753021240234, "mean_height": 7.3268766403198242, "std_height": 5.9823250770568848, "count_pixels": 42, "percent_cover": 0.038482682792743264, "percent_above_0.1m": 95.238095238095227, "low_level_<0.5": 9.5238095238095237, "mid_level_0.5-2": 9.5238095238095237, "tall_2+": 66.666666666666657 }, "geometry": { "type": "Point", "coordinates": [ 0.880423071074716, 51.915687271116504 ] } },
{ "type": "Feature", "properties": { "max_height": 15.748752593994141, "mean_height": 7.2842168807983398, "std_height": 4.8992800712585449, "count_pixels": 41, "percent_cover": 0.037566428440535093, "percent_above_0.1m": 85.365853658536579, "low_level_<0.5": 2.4390243902439024, "mid_level_0.5-2": 7.3170731707317067, "tall_2+": 75.609756097560975 }, "geometry": { "type": "Point", "coordinates": [ 0.880624271986753, 51.915682344127568 ] } },
{ "type": "Feature", "properties": { "max_height": 16.363754272460938, "mean_height": 7.281740665435791, "std_height": 5.6548371315002441, "count_pixels": 41, "percent_cover": 0.037566428440535093, "percent_above_0.1m": 92.682926829268297, "low_level_<0.5": 9.7560975609756095, "mid_level_0.5-2": 4.8780487804878048, "tall_2+": 70.731707317073173 }, "geometry": { "type": "Point", "coordinates": [ 0.880825472843985, 51.91567741679247 ] } },
{ "type": "Feature", "properties": { "max_height": 13.078254699707031, "mean_height": 2.7910208702087402, "std_height": 3.9317898750305176, "count_pixels": 41, "percent_cover": 0.037566428440535093, "percent_above_0.1m": 65.853658536585371, "low_level_<0.5": 14.634146341463413, "mid_level_0.5-2": 12.195121951219512, "tall_2+": 34.146341463414636 }, "geometry": { "type": "Point", "coordinates": [ 0.881026673646406, 51.915672489111216 ] } },
{ "type": "Feature", "properties": { "max_height": 10.470504760742188, "mean_height": 5.8623208999633789, "std_height": 3.5408866405487061, "count_pixels": 37, "percent_cover": 0.033901411031702404, "percent_above_0.1m": 91.891891891891902, "low_level_<0.5": 5.4054054054054053, "mid_level_0.5-2": 8.1081081081081088, "tall_2+": 78.378378378378372 }, "geometry": { "type": "Point", "coordinates": [ 0.881227874394013, 51.915667561083801 ] } },
{ "type": "Feature", "properties": { "max_height": 1.1097526550292969, "mean_height": 0.14201429486274719, "std_height": 0.25699809193611145, "count_pixels": 41, "percent_cover": 0.037566428440535093, "percent_above_0.1m": 31.707317073170731, "low_level_<0.5": 7.3170731707317067, "mid_level_0.5-2": 12.195121951219512, "tall_2+": 0.0 }, "geometry": { "type": "Point", "coordinates": [ 0.881429075086798, 51.915662632710237 ] } },
{ "type": "Feature", "properties": { "max_height": 0.11700439453125, "mean_height": 0.016661109402775764, "std_height": 0.025352548807859421, "count_pixels": 41, "percent_cover": 0.037566428440535093, "percent_above_0.1m": 2.4390243902439024, "low_level_<0.5": 0.0, "mid_level_0.5-2": 0.0, "tall_2+": 0.0 }, "geometry": { "type": "Point", "coordinates": [ 0.881630275487538, 51.915657704140855 ] } },
{ "type": "Feature", "properties": { "max_height": 0.13800430297851562, "mean_height": 0.013404753059148788, "std_height": 0.023174498230218887, "count_pixels": 41, "percent_cover": 0.037566428440535093, "percent_above_0.1m": 2.4390243902439024, "low_level_<0.5": 0.0, "mid_level_0.5-2": 0.0, "tall_2+": 0.0 }, "geometry": { "type": "Point", "coordinates": [ 0.881831475294461, 51.915652776100977 ] } },
{ "type": "Feature", "properties": { "max_height": 0.03975677490234375, "mean_height": 0.0060668769292533398, "std_height": 0.010715623386204243, "count_pixels": 43, "percent_cover": 0.039398937144951442, "percent_above_0.1m": 0.0, "low_level_<0.5": 0.0, "mid_level_0.5-2": 0.0, "tall_2+": 0.0 }, "geometry": { "type": "Point", "coordinates": [ 0.882032674833691, 51.915647847838777 ] } },
{ "type": "Feature", "properties": { "max_height": 3.8370018005371094, "mean_height": 0.32325237989425659, "std_height": 0.85874259471893311, "count_pixels": 43, "percent_cover": 0.039398937144951442, "percent_above_0.1m": 23.255813953488371, "low_level_<0.5": 4.6511627906976747, "mid_level_0.5-2": 6.9767441860465116, "tall_2+": 6.9767441860465116 }, "geometry": { "type": "Point", "coordinates": [ 0.882233874316931, 51.915642919231971 ] } },
{ "type": "Feature", "properties": { "max_height": 0.000255584716796875, "mean_height": -9.4036722657619976e-06, "std_height": 0.00016127698472701013, "count_pixels": 43, "percent_cover": 0.039398937144951442, "percent_above_0.1m": 0.0, "low_level_<0.5": 0.0, "mid_level_0.5-2": 0.0, "tall_2+": 0.0 }, "geometry": { "type": "Point", "coordinates": [ 0.875299324927074, 51.915920546405459 ] } },
{ "type": "Feature", "properties": { "max_height": 0.0017547607421875, "mean_height": 5.5403936130460352e-05, "std_height": 0.00034774499363265932, "count_pixels": 42, "percent_cover": 0.038482682792743264, "percent_above_0.1m": 0.0, "low_level_<0.5": 0.0, "mid_level_0.5-2": 0.0, "tall_2+": 0.0 }, "geometry": { "type": "Point", "coordinates": [ 0.875500527684772, 51.915915628252336 ] } },
{ "type": "Feature", "properties": { "max_height": 0.0005035400390625, "mean_height": 2.5283457944169641e-05, "std_height": 0.00019323269953019917, "count_pixels": 43, "percent_cover": 0.039398937144951442, "percent_above_0.1m": 0.0, "low_level_<0.5": 0.0, "mid_level_0.5-2": 0.0, "tall_2+": 0.0 }, "geometry": { "type": "Point", "coordinates": [ 0.875701730387756, 51.915910709753049 ] } },
{ "type": "Feature", "properties": { "max_height": 0.000255584716796875, "mean_height": -5.065563163952902e-05, "std_height": 0.00015812802303116769, "count_pixels": 43, "percent_cover": 0.039398937144951442, "percent_above_0.1m": 0.0, "low_level_<0.5": 0.0, "mid_level_0.5-2": 0.0, "tall_2+": 0.0 }, "geometry": { "type": "Point", "coordinates": [ 0.875902933036021, 51.915905790907608 ] } },
{ "type": "Feature", "properties": { "max_height": 0.0005035400390625, "mean_height": 2.4839888283167966e-05, "std_height": 0.00017763125651981682, "count_pixels": 43, "percent_cover": 0.039398937144951442, "percent_above_0.1m": 0.0, "low_level_<0.5": 0.0, "mid_level_0.5-2": 0.0, "tall_2+": 0.0 }, "geometry": { "type": "Point", "coordinates": [ 0.876104135629571, 51.915900871715991 ] } },
{ "type": "Feature", "properties": { "max_height": 0.005001068115234375, "mean_height": 0.00011146359611302614, "std_height": 0.00078280270099639893, "count_pixels": 41, "percent_cover": 0.037566428440535093, "percent_above_0.1m": 0.0, "low_level_<0.5": 0.0, "mid_level_0.5-2": 0.0, "tall_2+": 0.0 }, "geometry": { "type": "Point", "coordinates": [ 0.876305338168393, 51.915895952178225 ] } },
{ "type": "Feature", "properties": { "max_height": 0.0045013427734375, "mean_height": 0.0001665440940996632, "std_height": 0.0007818491430953145, "count_pixels": 41, "percent_cover": 0.037566428440535093, "percent_above_0.1m": 0.0, "low_level_<0.5": 0.0, "mid_level_0.5-2": 0.0, "tall_2+": 0.0 }, "geometry": { "type": "Point", "coordinates": [ 0.87650654065249, 51.915891032294319 ] } },
{ "type": "Feature", "properties": { "max_height": 0.0005035400390625, "mean_height": -4.4659868763119448e-06, "std_height": 0.00019489479018375278, "count_pixels": 41, "percent_cover": 0.037566428440535093, "percent_above_0.1m": 0.0, "low_level_<0.5": 0.0, "mid_level_0.5-2": 0.0, "tall_2+": 0.0 }, "geometry": { "type": "Point", "coordinates": [ 0.876707743081852, 51.915886112064221 ] } },
{ "type": "Feature", "properties": { "max_height": 0.00675201416015625, "mean_height": 0.00034955653245560825, "std_height": 0.0014928426826372743, "count_pixels": 41, "percent_cover": 0.037566428440535093, "percent_above_0.1m": 0.0, "low_level_<0.5": 0.0, "mid_level_0.5-2": 0.0, "tall_2+": 0.0 }, "geometry": { "type": "Point", "coordinates": [ 0.879122167963793, 51.915827042302766 ] } },
{ "type": "Feature", "properties": { "max_height": 0.01525115966796875, "mean_height": 0.0017400601645931602, "std_height": 0.0050550573505461216, "count_pixels": 41, "percent_cover": 0.037566428440535093, "percent_above_0.1m": 0.0, "low_level_<0.5": 0.0, "mid_level_0.5-2": 0.0, "tall_2+": 0.0 }, "geometry": { "type": "Point", "coordinates": [ 0.879323369681311, 51.91582211757261 ] } },
{ "type": "Feature", "properties": { "max_height": 18.807003021240234, "mean_height": 8.8380813598632812, "std_height": 6.620934009552002, "count_pixels": 41, "percent_cover": 0.037566428440535093, "percent_above_0.1m": 80.487804878048792, "low_level_<0.5": 2.4390243902439024, "mid_level_0.5-2": 4.8780487804878048, "tall_2+": 73.170731707317074 }, "geometry": { "type": "Point", "coordinates": [ 0.879524571344043, 51.915817192496284 ] } },
{ "type": "Feature", "properties": { "max_height": 20.837001800537109, "mean_height": 10.018515586853027, "std_height": 6.1927523612976074, "count_pixels": 37, "percent_cover": 0.033901411031702404, "percent_above_0.1m": 97.297297297297305, "low_level_<0.5": 2.7027027027027026, "mid_level_0.5-2": 2.7027027027027026, "tall_2+": 83.78378378378379 }, "geometry": { "type": "Point", "coordinates": [ 0.879725772951985, 51.915812267073797 ] } },
{ "type": "Feature", "properties": { "max_height": 16.404003143310547, "mean_height": 7.8679347038269043, "std_height": 5.0533723831176758, "count_pixels": 41, "percent_cover": 0.037566428440535093, "percent_above_0.1m": 92.682926829268297, "low_level_<0.5": 2.4390243902439024, "mid_level_0.5-2": 9.7560975609756095, "tall_2+": 80.487804878048792 }, "geometry": { "type": "Point", "coordinates": [ 0.879926974505141, 51.915807341305161 ] } },
{ "type": "Feature", "properties": { "max_height": 13.972003936767578, "mean_height": 3.9234716892242432, "std_height": 4.6433773040771484, "count_pixels": 41, "percent_cover": 0.037566428440535093, "percent_above_0.1m": 75.609756097560975, "low_level_<0.5": 12.195121951219512, "mid_level_0.5-2": 12.195121951219512, "tall_2+": 46.341463414634148 }, "geometry": { "type": "Point", "coordinates": [ 0.880128176003502, 51.915802415190356 ] } },
{ "type": "Feature", "properties": { "max_height": 16.085750579833984, "mean_height": 11.520801544189453, "std_height": 4.005897045135498, "count_pixels": 41, "percent_cover": 0.037566428440535093, "percent_above_0.1m": 97.560975609756099, "low_level_<0.5": 0.0, "mid_level_0.5-2": 2.4390243902439024, "tall_2+": 95.121951219512198 }, "geometry": { "type": "Point", "coordinates": [ 0.88032937744706, 51.915797488729403 ] } },
{ "type": "Feature", "properties": { "max_height": 14.164752960205078, "mean_height": 4.043241024017334, "std_height": 4.4788346290588379, "count_pixels": 42, "percent_cover": 0.038482682792743264, "percent_above_0.1m": 73.80952380952381, "low_level_<0.5": 11.904761904761903, "mid_level_0.5-2": 11.904761904761903, "tall_2+": 47.619047619047613 }, "geometry": { "type": "Point", "coordinates": [ 0.88053057883582, 51.915792561922295 ] } },
{ "type": "Feature", "properties": { "max_height": 6.7567520141601562, "mean_height": 1.008286714553833, "std_height": 1.7989127635955811, "count_pixels": 43, "percent_cover": 0.039398937144951442, "percent_above_0.1m": 62.790697674418603, "low_level_<0.5": 18.604651162790699, "mid_level_0.5-2": 6.9767441860465116, "tall_2+": 18.604651162790699 }, "geometry": { "type": "Point", "coordinates": [ 0.880731780169777, 51.915787634769003 ] } },
{ "type": "Feature", "properties": { "max_height": 4.5772514343261719, "mean_height": 0.57239770889282227, "std_height": 0.83158779144287109, "count_pixels": 43, "percent_cover": 0.039398937144951442, "percent_above_0.1m": 74.418604651162795, "low_level_<0.5": 16.279069767441861, "mid_level_0.5-2": 34.883720930232556, "tall_2+": 6.9767441860465116 }, "geometry": { "type": "Point", "coordinates": [ 0.88093298144892, 51.915782707269585 ] } },
{ "type": "Feature", "properties": { "max_height": 6.4235038757324219, "mean_height": 0.68005025386810303, "std_height": 1.2675027847290039, "count_pixels": 42, "percent_cover": 0.038482682792743264, "percent_above_0.1m": 52.380952380952387, "low_level_<0.5": 16.666666666666664, "mid_level_0.5-2": 21.428571428571427, "tall_2+": 11.904761904761903 }, "geometry": { "type": "Point", "coordinates": [ 0.881134182673249, 51.915777779423976 ] } },
{ "type": "Feature", "properties": { "max_height": 4.6142501831054688, "mean_height": 0.16168248653411865, "std_height": 0.71555221080780029, "count_pixels": 43, "percent_cover": 0.039398937144951442, "percent_above_0.1m": 6.9767441860465116, "low_level_<0.5": 0.0, "mid_level_0.5-2": 4.6511627906976747, "tall_2+": 2.3255813953488373 }, "geometry": { "type": "Point", "coordinates": [ 0.881335383842767, 51.915772851232219 ] } },
{ "type": "Feature", "properties": { "max_height": 0.10650253295898438, "mean_height": 0.017583802342414856, "std_height": 0.026231449097394943, "count_pixels": 43, "percent_cover": 0.039398937144951442, "percent_above_0.1m": 2.3255813953488373, "low_level_<0.5": 0.0, "mid_level_0.5-2": 0.0, "tall_2+": 0.0 }, "geometry": { "type": "Point", "coordinates": [ 0.881536584935017, 51.915767922707786 ] } },
{ "type": "Feature", "properties": { "max_height": 0.74675369262695312, "mean_height": 0.045496653765439987, "std_height": 0.14596323668956757, "count_pixels": 43, "percent_cover": 0.039398937144951442, "percent_above_0.1m": 9.3023255813953494, "low_level_<0.5": 4.6511627906976747, "mid_level_0.5-2": 4.6511627906976747, "tall_2+": 0.0 }, "geometry": { "type": "Point", "coordinates": [ 0.881737785471136, 51.915762994442083 ] } },
{ "type": "Feature", "properties": { "max_height": 9.7582511901855469, "mean_height": 5.5601797103881836, "std_height": 3.1988930702209473, "count_pixels": 41, "percent_cover": 0.037566428440535093, "percent_above_0.1m": 92.682926829268297, "low_level_<0.5": 0.0, "mid_level_0.5-2": 12.195121951219512, "tall_2+": 80.487804878048792 }, "geometry": { "type": "Point", "coordinates": [ 0.881938985500278, 51.915758066343813 ] } },
{ "type": "Feature", "properties": { "max_height": 3.5135040283203125, "mean_height": 0.53959989547729492, "std_height": 0.97489213943481445, "count_pixels": 41, "percent_cover": 0.037566428440535093, "percent_above_0.1m": 39.024390243902438, "low_level_<0.5": 4.8780487804878048, "mid_level_0.5-2": 14.634146341463413, "tall_2+": 12.195121951219512 }, "geometry": { "type": "Point", "coordinates": [ 0.882140185473436, 51.915753137900936 ] } },
{ "type": "Feature", "properties": { "max_height": 8.6297531127929688, "mean_height": 0.47952625155448914, "std_height": 1.5300693511962891, "count_pixels": 41, "percent_cover": 0.037566428440535093, "percent_above_0.1m": 19.512195121951219, "low_level_<0.5": 2.4390243902439024, "mid_level_0.5-2": 9.7560975609756095, "tall_2+": 7.3170731707317067 }, "geometry": { "type": "Point", "coordinates": [ 0.882341385390597, 51.915748209113474 ] } },
{ "type": "Feature", "properties": { "max_height": 6.9267501831054688, "mean_height": 0.20126529037952423, "std_height": 1.1218489408493042, "count_pixels": 37, "percent_cover": 0.033901411031702404, "percent_above_0.1m": 5.4054054054054053, "low_level_<0.5": 2.7027027027027026, "mid_level_0.5-2": 0.0, "tall_2+": 2.7027027027027026 }, "geometry": { "type": "Point", "coordinates": [ 0.882542585251768, 51.915743279981406 ] } },
{ "type": "Feature", "properties": { "max_height": 0.0005035400390625, "mean_height": -7.1176669734995812e-05, "std_height": 0.00048858614172786474, "count_pixels": 41, "percent_cover": 0.037566428440535093, "percent_above_0.1m": 0.0, "low_level_<0.5": 0.0, "mid_level_0.5-2": 0.0, "tall_2+": 0.0 }, "geometry": { "type": "Point", "coordinates": [ 0.87540682219425, 51.916025841405208 ] } },
{ "type": "Feature", "properties": { "max_height": 0.000499725341796875, "mean_height": -2.5774981622816995e-05, "std_height": 0.00020725070498883724, "count_pixels": 37, "percent_cover": 0.033901411031702404, "percent_above_0.1m": 0.0, "low_level_<0.5": 0.0, "mid_level_0.5-2": 0.0, "tall_2+": 0.0 }, "geometry": { "type": "Point", "coordinates": [ 0.875608025373924, 51.916020923087778 ] } },
{ "type": "Feature", "properties": { "max_height": 0.0005035400390625, "mean_height": 1.395620984112611e-05, "std_height": 0.00022020986943971366, "count_pixels": 41, "percent_cover": 0.037566428440535093, "percent_above_0.1m": 0.0, "low_level_<0.5": 0.0, "mid_level_0.5-2": 0.0, "tall_2+": 0.0 }, "geometry": { "type": "Point", "coordinates": [ 0.875809228498879, 51.916016004424165 ] } },
{ "type": "Feature", "properties": { "max_height": 0.000499725341796875, "mean_height": 2.5865509087452665e-05, "std_height": 0.00018979189917445183, "count_pixels": 41, "percent_cover": 0.037566428440535093, "percent_above_0.1m": 0.0, "low_level_<0.5": 0.0, "mid_level_0.5-2": 0.0, "tall_2+": 0.0 }, "geometry": { "type": "Point", "coordinates": [ 0.876010431569124, 51.916011085414418 ] } },
{ "type": "Feature", "properties": { "max_height": 0.0005035400390625, "mean_height": -2.3074266209732741e-05, "std_height": 0.00019764358876273036, "count_pixels": 41, "percent_cover": 0.037566428440535093, "percent_above_0.1m": 0.0, "low_level_<0.5": 0.0, "mid_level_0.5-2": 0.0, "tall_2+": 0.0 }, "geometry": { "type": "Point", "coordinates": [ 0.876211634584638, 51.916006166058487 ] } },
{ "type": "Feature", "properties": { "max_height": 0.020000457763671875, "mean_height": 0.00068735523382201791, "std_height": 0.0031818430870771408, "count_pixels": 43, "percent_cover": 0.039398937144951442, "percent_above_0.1m": 0.0, "low_level_<0.5": 0.0, "mid_level_0.5-2": 0.0, "tall_2+": 0.0 }, "geometry": { "type": "Point", "coordinates": [ 0.876412837545427, 51.916001246356416 ] } },
{ "type": "Feature", "properties": { "max_height": 0.00025177001953125, "mean_height": -1.5702358723501675e-05, "std_height": 0.00020455310004763305, "count_pixels": 43, "percent_cover": 0.039398937144951442, "percent_above_0.1m": 0.0, "low_level_<0.5": 0.0, "mid_level_0.5-2": 0.0, "tall_2+": 0.0 }, "geometry": { "type": "Point", "coordinates": [ 0.876614040451487, 51.915996326308175 ] } },
{ "type": "Feature", "properties": { "max_height": 6.20574951171875, "mean_height": 0.23301954567432404, "std_height": 0.98834019899368286, "count_pixels": 43, "percent_cover": 0.039398937144951442, "percent_above_0.1m": 9.3023255813953494, "low_level_<0.5": 0.0, "mid_level_0.5-2": 6.9767441860465116, "tall_2+": 2.3255813953488373 }, "geometry": { "type": "Point", "coordinates": [ 0.879229673248136, 51.915932334180383 ] } },
{ "type": "Feature", "properties": { "max_height": 15.572254180908203, "mean_height": 8.3501529693603516, "std_height": 4.8896760940551758, "count_pixels": 43, "percent_cover": 0.039398937144951442, "percent_above_0.1m": 86.04651162790698, "low_level_<0.5": 2.3255813953488373, "mid_level_0.5-2": 0.0, "tall_2+": 81.395348837209298 }, "geometry": { "type": "Point", "coordinates": [ 0.879430875387584, 51.915927409285885 ] } },
{ "type": "Feature", "properties": { "max_height": 17.740001678466797, "mean_height": 6.0780434608459473, "std_height": 5.9534182548522949, "count_pixels": 43, "percent_cover": 0.039398937144951442, "percent_above_0.1m": 72.093023255813947, "low_level_<0.5": 2.3255813953488373, "mid_level_0.5-2": 9.3023255813953494, "tall_2+": 58.139534883720934 }, "geometry": { "type": "Point", "coordinates": [ 0.879632077472246, 51.91592248404524 ] } },
{ "type": "Feature", "properties": { "max_height": 7.4940032958984375, "mean_height": 2.1558825969696045, "std_height": 2.3220093250274658, "count_pixels": 42, "percent_cover": 0.038482682792743264, "percent_above_0.1m": 76.19047619047619, "low_level_<0.5": 14.285714285714285, "mid_level_0.5-2": 14.285714285714285, "tall_2+": 42.857142857142854 }, "geometry": { "type": "Point", "coordinates": [ 0.879833279502122, 51.915917558458425 ] } },
{ "type": "Feature", "properties": { "max_height": 11.422252655029297, "mean_height": 2.9824507236480713, "std_height": 2.2694649696350098, "count_pixels": 43, "percent_cover": 0.039398937144951442, "percent_above_0.1m": 100.0, "low_level_<0.5": 16.279069767441861, "mid_level_0.5-2": 16.279069767441861, "tall_2+": 65.116279069767444 }, "geometry": { "type": "Point", "coordinates": [ 0.8800344814772, 51.915912632525441 ] } },
{ "type": "Feature", "properties": { "max_height": 14.779251098632812, "mean_height": 8.312321662902832, "std_height": 3.7202785015106201, "count_pixels": 43, "percent_cover": 0.039398937144951442, "percent_above_0.1m": 100.0, "low_level_<0.5": 2.3255813953488373, "mid_level_0.5-2": 2.3255813953488373, "tall_2+": 95.348837209302332 }, "geometry": { "type": "Point", "coordinates": [ 0.88023568339748, 51.915907706246308 ] } },
{ "type": "Feature", "properties": { "max_height": 14.634506225585938, "mean_height": 8.9411334991455078, "std_height": 3.380622386932373, "count_pixels": 42, "percent_cover": 0.038482682792743264, "percent_above_0.1m": 100.0, "low_level_<0.5": 0.0, "mid_level_0.5-2": 4.7619047619047619, "tall_2+": 95.238095238095227 }, "geometry": { "type": "Point", "coordinates": [ 0.880436885262967, 51.915902779621014 ] } },
{ "type": "Feature", "properties": { "max_height": 11.721000671386719, "mean_height": 3.2161366939544678, "std_height": 3.7032833099365234, "count_pixels": 41, "percent_cover": 0.037566428440535093, "percent_above_0.1m": 82.926829268292678, "low_level_<0.5": 19.512195121951219, "mid_level_0.5-2": 19.512195121951219, "tall_2+": 41.463414634146339 }, "geometry": { "type": "Point", "coordinates": [ 0.880638087073645, 51.91589785264955 ] } },
{ "type": "Feature", "properties": { "max_height": 11.087505340576172, "mean_height": 3.3621606826782227, "std_height": 3.4623136520385742, "count_pixels": 41, "percent_cover": 0.037566428440535093, "percent_above_0.1m": 78.048780487804876, "low_level_<0.5": 14.634146341463413, "mid_level_0.5-2": 12.195121951219512, "tall_2+": 51.219512195121951 }, "geometry": { "type": "Point", "coordinates": [ 0.880839288829515, 51.915892925331917 ] } },
{ "type": "Feature", "properties": { "max_height": 10.271251678466797, "mean_height": 3.9858930110931396, "std_height": 3.6506907939910889, "count_pixels": 41, "percent_cover": 0.037566428440535093, "percent_above_0.1m": 78.048780487804876, "low_level_<0.5": 9.7560975609756095, "mid_level_0.5-2": 9.7560975609756095, "tall_2+": 56.09756097560976 }, "geometry": { "type": "Point", "coordinates": [ 0.881040490530575, 51.915887997668136 ] } },
{ "type": "Feature", "properties": { "max_height": 5.9897537231445312, "mean_height": 0.83786052465438843, "std_height": 1.5283222198486328, "count_pixels": 37, "percent_cover": 0.033901411031702404, "percent_above_0.1m": 43.243243243243242, "low_level_<0.5": 10.810810810810811, "mid_level_0.5-2": 13.513513513513514, "tall_2+": 16.216216216216218 }, "geometry": { "type": "Point", "coordinates": [ 0.881241692176817, 51.915883069658186 ] } },
{ "type": "Feature", "properties": { "max_height": 0.0162506103515625, "mean_height": 0.0029717423021793365, "std_height": 0.0041725840419530869, "count_pixels": 41, "percent_cover": 0.037566428440535093, "percent_above_0.1m": 0.0, "low_level_<0.5": 0.0, "mid_level_0.5-2": 0.0, "tall_2+": 0.0 }, "geometry": { "type": "Point", "coordinates": [ 0.881442893768246, 51.91587814130208 ] } },
{ "type": "Feature", "properties": { "max_height": 0.02225494384765625, "mean_height": 0.0045447000302374363, "std_height": 0.0063731269910931587, "count_pixels": 41, "percent_cover": 0.037566428440535093, "percent_above_0.1m": 0.0, "low_level_<0.5": 0.0, "mid_level_0.5-2": 0.0, "tall_2+": 0.0 }, "geometry": { "type": "Point", "coordinates": [ 0.881644095037913, 51.91587321280479 ] } },
{ "type": "Feature", "properties": { "max_height": 0.639251708984375, "mean_height": 0.017959780991077423, "std_height": 0.098342962563037872, "count_pixels": 41, "percent_cover": 0.037566428440535093, "percent_above_0.1m": 2.4390243902439024, "low_level_<0.5": 0.0, "mid_level_0.5-2": 2.4390243902439024, "tall_2+": 0.0 }, "geometry": { "type": "Point", "coordinates": [ 0.881845295732933, 51.915868284769175 ] } },
{ "type": "Feature", "properties": { "max_height": 10.098499298095703, "mean_height": 3.1274673938751221, "std_height": 2.2938516139984131, "count_pixels": 43, "percent_cover": 0.039398937144951442, "percent_above_0.1m": 83.720930232558146, "low_level_<0.5": 4.6511627906976747, "mid_level_0.5-2": 6.9767441860465116, "tall_2+": 72.093023255813947 }, "geometry": { "type": "Point", "coordinates": [ 0.882046496196005, 51.915863356490213 ] } },
{ "type": "Feature", "properties": { "max_height": 8.5110054016113281, "mean_height": 1.6988805532455444, "std_height": 2.4725186824798584, "count_pixels": 43, "percent_cover": 0.039398937144951442, "percent_above_0.1m": 60.465116279069761, "low_level_<0.5": 11.627906976744185, "mid_level_0.5-2": 13.953488372093023, "tall_2+": 32.558139534883722 }, "geometry": { "type": "Point", "coordinates": [ 0.88224769660309, 51.915858427866681 ] } },
{ "type": "Feature", "properties": { "max_height": 14.832504272460938, "mean_height": 10.327473640441895, "std_height": 2.5981342792510986, "count_pixels": 43, "percent_cover": 0.039398937144951442, "percent_above_0.1m": 100.0, "low_level_<0.5": 0.0, "mid_level_0.5-2": 0.0, "tall_2+": 100.0 }, "geometry": { "type": "Point", "coordinates": [ 0.882448896954182, 51.915853498898549 ] } },
{ "type": "Feature", "properties": { "max_height": 15.524501800537109, "mean_height": 6.2591390609741211, "std_height": 5.2980995178222656, "count_pixels": 42, "percent_cover": 0.038482682792743264, "percent_above_0.1m": 78.571428571428569, "low_level_<0.5": 7.1428571428571423, "mid_level_0.5-2": 7.1428571428571423, "tall_2+": 64.285714285714292 }, "geometry": { "type": "Point", "coordinates": [ 0.882650097249274, 51.915848569585798 ] } },
{ "type": "Feature", "properties": { "max_height": 9.8925018310546875, "mean_height": 0.60869383811950684, "std_height": 1.8993080854415894, "count_pixels": 43, "percent_cover": 0.039398937144951442, "percent_above_0.1m": 23.255813953488371, "low_level_<0.5": 4.6511627906976747, "mid_level_0.5-2": 11.627906976744185, "tall_2+": 6.9767441860465116 }, "geometry": { "type": "Point", "coordinates": [ 0.882851297488362, 51.915843639928482 ] } },
{ "type": "Feature", "properties": { "max_height": 0.000255584716796875, "mean_height": 7.8955363278510049e-06, "std_height": 0.00015742893447168171, "count_pixels": 43, "percent_cover": 0.039398937144951442, "percent_above_0.1m": 0.0, "low_level_<0.5": 0.0, "mid_level_0.5-2": 0.0, "tall_2+": 0.0 }, "geometry": { "type": "Point", "coordinates": [ 0.87571552353976, 51.91612621784472 ] } },
{ "type": "Feature", "properties": { "max_height": 0.001499176025390625, "mean_height": 4.2405237763887271e-05, "std_height": 0.00027967430651187897, "count_pixels": 43, "percent_cover": 0.039398937144951442, "percent_above_0.1m": 0.0, "low_level_<0.5": 0.0, "mid_level_0.5-2": 0.0, "tall_2+": 0.0 }, "geometry": { "type": "Point", "coordinates": [ 0.875916727086695, 51.916121299016815 ] } },
{ "type": "Feature", "properties": { "max_height": 0.000255584716796875, "mean_height": -4.0808390622260049e-06, "std_height": 0.00015714492474216968, "count_pixels": 43, "percent_cover": 0.039398937144951442, "percent_above_0.1m": 0.0, "low_level_<0.5": 0.0, "mid_level_0.5-2": 0.0, "tall_2+": 0.0 }, "geometry": { "type": "Point", "coordinates": [ 0.876117930578908, 51.916116379842741 ] } },
{ "type": "Feature", "properties": { "max_height": 0.0005035400390625, "mean_height": 1.9538692868081853e-06, "std_height": 0.00019166138372384012, "count_pixels": 41, "percent_cover": 0.037566428440535093, "percent_above_0.1m": 0.0, "low_level_<0.5": 0.0, "mid_level_0.5-2": 0.0, "tall_2+": 0.0 }, "geometry": { "type": "Point", "coordinates": [ 0.876319134016395, 51.916111460322504 ] } },
{ "type": "Feature", "properties": { "max_height": 0.002002716064453125, "mean_height": 5.0428436225047335e-05, "std_height": 0.00035034937900491059, "count_pixels": 41, "percent_cover": 0.037566428440535093, "percent_above_0.1m": 0.0, "low_level_<0.5": 0.0, "mid_level_0.5-2": 0.0, "tall_2+": 0.0 }, "geometry": { "type": "Point", "coordinates": [ 0.876520337399155, 51.916106540456113 ] } },
{ "type": "Feature", "properties": { "max_height": 0.002002716064453125, "mean_height": 1.9631734176073223e-05, "std_height": 0.00038409890839830041, "count_pixels": 41, "percent_cover": 0.037566428440535093, "percent_above_0.1m": 0.0, "low_level_<0.5": 0.0, "mid_level_0.5-2": 0.0, "tall_2+": 0.0 }, "geometry": { "type": "Point", "coordinates": [ 0.876721540727181, 51.916101620243538 ] } },
{ "type": "Feature", "properties": { "max_height": 0.0005035400390625, "mean_height": 2.1650985218002461e-06, "std_height": 0.00016495020827278495, "count_pixels": 37, "percent_cover": 0.033901411031702404, "percent_above_0.1m": 0.0, "low_level_<0.5": 0.0, "mid_level_0.5-2": 0.0, "tall_2+": 0.0 }, "geometry": { "type": "Point", "coordinates": [ 0.876922744000471, 51.916096699684836 ] } },
{ "type": "Feature", "properties": { "max_height": 0.002002716064453125, "mean_height": -0.00023074483033269644, "std_height": 0.0015537140425294638, "count_pixels": 43, "percent_cover": 0.039398937144951442, "percent_above_0.1m": 0.0, "low_level_<0.5": 0.0, "mid_level_0.5-2": 0.0, "tall_2+": 0.0 }, "geometry": { "type": "Point", "coordinates": [ 0.878934773722072, 51.916047475058683 ] } },
{ "type": "Feature", "properties": { "max_height": 0.009250640869140625, "mean_height": 0.00030694357701577246, "std_height": 0.0019270903430879116, "count_pixels": 41, "percent_cover": 0.037566428440535093, "percent_above_0.1m": 0.0, "low_level_<0.5": 0.0, "mid_level_0.5-2": 0.0, "tall_2+": 0.0 }, "geometry": { "type": "Point", "coordinates": [ 0.87913597639302, 51.916042550692175 ] } },
{ "type": "Feature", "properties": { "max_height": 17.458255767822266, "mean_height": 6.7128133773803711, "std_height": 5.5715508460998535, "count_pixels": 41, "percent_cover": 0.037566428440535093, "percent_above_0.1m": 82.926829268292678, "low_level_<0.5": 2.4390243902439024, "mid_level_0.5-2": 9.7560975609756095, "tall_2+": 68.292682926829272 }, "geometry": { "type": "Point", "coordinates": [ 0.879337179009186, 51.916037625979499 ] } },
{ "type": "Feature", "properties": { "max_height": 18.399757385253906, "mean_height": 11.258625030517578, "std_height": 4.2696957588195801, "count_pixels": 41, "percent_cover": 0.037566428440535093, "percent_above_0.1m": 100.0, "low_level_<0.5": 0.0, "mid_level_0.5-2": 2.4390243902439024, "tall_2+": 97.560975609756099 }, "geometry": { "type": "Point", "coordinates": [ 0.879538381570568, 51.916032700920695 ] } },
{ "type": "Feature", "properties": { "max_height": 9.8052520751953125, "mean_height": 1.657556414604187, "std_height": 2.5949385166168213, "count_pixels": 37, "percent_cover": 0.033901411031702404, "percent_above_0.1m": 48.648648648648653, "low_level_<0.5": 8.1081081081081088, "mid_level_0.5-2": 10.810810810810811, "tall_2+": 29.72972972972973 }, "geometry": { "type": "Point", "coordinates": [ 0.879739584077166, 51.916027775515687 ] } },
{ "type": "Feature", "properties": { "max_height": 7.7192535400390625, "mean_height": 1.5262703895568848, "std_height": 2.004464864730835, "count_pixels": 41, "percent_cover": 0.037566428440535093, "percent_above_0.1m": 95.121951219512198, "low_level_<0.5": 36.585365853658537, "mid_level_0.5-2": 21.951219512195124, "tall_2+": 24.390243902439025 }, "geometry": { "type": "Point", "coordinates": [ 0.879940786528965, 51.916022849764538 ] } },
{ "type": "Feature", "properties": { "max_height": 17.759254455566406, "mean_height": 11.798008918762207, "std_height": 4.1628909111022949, "count_pixels": 41, "percent_cover": 0.037566428440535093, "percent_above_0.1m": 100.0, "low_level_<0.5": 2.4390243902439024, "mid_level_0.5-2": 0.0, "tall_2+": 97.560975609756099 }, "geometry": { "type": "Point", "coordinates": [ 0.880141988925978, 51.916017923667219 ] } },
{ "type": "Feature", "properties": { "max_height": 13.955005645751953, "mean_height": 8.3498315811157227, "std_height": 3.3325297832489014, "count_pixels": 41, "percent_cover": 0.037566428440535093, "percent_above_0.1m": 100.0, "low_level_<0.5": 0.0, "mid_level_0.5-2": 2.4390243902439024, "tall_2+": 97.560975609756099 }, "geometry": { "type": "Point", "coordinates": [ 0.880343191268185, 51.916012997223724 ] } },
{ "type": "Feature", "properties": { "max_height": 14.260505676269531, "mean_height": 8.7325029373168945, "std_height": 3.4066252708435059, "count_pixels": 42, "percent_cover": 0.038482682792743264, "percent_above_0.1m": 97.61904761904762, "low_level_<0.5": 0.0, "mid_level_0.5-2": 0.0, "tall_2+": 97.61904761904762 }, "geometry": { "type": "Point", "coordinates": [ 0.880544393555592, 51.916008070434088 ] } },
{ "type": "Feature", "properties": { "max_height": 10.189750671386719, "mean_height": 0.96132224798202515, "std_height": 2.1675710678100586, "count_pixels": 43, "percent_cover": 0.039398937144951442, "percent_above_0.1m": 69.767441860465112, "low_level_<0.5": 34.883720930232556, "mid_level_0.5-2": 11.627906976744185, "tall_2+": 11.627906976744185 }, "geometry": { "type": "Point", "coordinates": [ 0.880745595788189, 51.916003143298276 ] } },
{ "type": "Feature", "properties": { "max_height": 11.720249176025391, "mean_height": 6.5339789390563965, "std_height": 3.0863592624664307, "count_pixels": 43, "percent_cover": 0.039398937144951442, "percent_above_0.1m": 97.674418604651152, "low_level_<0.5": 0.0, "mid_level_0.5-2": 9.3023255813953494, "tall_2+": 88.372093023255815 }, "geometry": { "type": "Point", "coordinates": [ 0.880946797965976, 51.915998215816302 ] } },
{ "type": "Feature", "properties": { "max_height": 10.432003021240234, "mean_height": 4.2521333694458008, "std_height": 2.0882744789123535, "count_pixels": 42, "percent_cover": 0.038482682792743264, "percent_above_0.1m": 100.0, "low_level_<0.5": 0.0, "mid_level_0.5-2": 11.904761904761903, "tall_2+": 88.095238095238088 }, "geometry": { "type": "Point", "coordinates": [ 0.881148000088955, 51.915993287988179 ] } },
{ "type": "Feature", "properties": { "max_height": 2.3994979858398438, "mean_height": 0.22571191191673279, "std_height": 0.56522828340530396, "count_pixels": 43, "percent_cover": 0.039398937144951442, "percent_above_0.1m": 23.255813953488371, "low_level_<0.5": 6.9767441860465116, "mid_level_0.5-2": 6.9767441860465116, "tall_2+": 4.6511627906976747 }, "geometry": { "type": "Point", "coordinates": [ 0.881349202157112, 51.915988359813866 ] } },
{ "type": "Feature", "properties": { "max_height": 0.093502044677734375, "mean_height": 0.0059674284420907497, "std_height": 0.015295813791453838, "count_pixels": 43, "percent_cover": 0.039398937144951442, "percent_above_0.1m": 0.0, "low_level_<0.5": 0.0, "mid_level_0.5-2": 0.0, "tall_2+": 0.0 }, "geometry": { "type": "Point", "coordinates": [ 0.881550404118432, 51.915983431323646 ] } },
{ "type": "Feature", "properties": { "max_height": 0.0682525634765625, "mean_height": 0.0037232332397252321, "std_height": 0.010913573205471039, "count_pixels": 43, "percent_cover": 0.039398937144951442, "percent_above_0.1m": 0.0, "low_level_<0.5": 0.0, "mid_level_0.5-2": 0.0, "tall_2+": 0.0 }, "geometry": { "type": "Point", "coordinates": [ 0.881751605531651, 51.915978503114836 ] } },
{ "type": "Feature", "properties": { "max_height": 14.028751373291016, "mean_height": 5.8275508880615234, "std_height": 4.9499087333679199, "count_pixels": 41, "percent_cover": 0.037566428440535093, "percent_above_0.1m": 82.926829268292678, "low_level_<0.5": 9.7560975609756095, "mid_level_0.5-2": 9.7560975609756095, "tall_2+": 63.414634146341463 }, "geometry": { "type": "Point", "coordinates": [ 0.881952806484642, 51.915973574999825 ] } },
{ "type": "Feature", "properties": { "max_height": 13.665756225585938, "mean_height": 4.2750091552734375, "std_height": 5.0386981964111328, "count_pixels": 41, "percent_cover": 0.037566428440535093, "percent_above_0.1m": 53.658536585365859, "low_level_<0.5": 2.4390243902439024, "mid_level_0.5-2": 4.8780487804878048, "tall_2+": 46.341463414634148 }, "geometry": { "type": "Point", "coordinates": [ 0.882154007381651, 51.915968646540215 ] } },
{ "type": "Feature", "properties": { "max_height": 3.0322532653808594, "mean_height": 0.23472772538661957, "std_height": 0.68175840377807617, "count_pixels": 41, "percent_cover": 0.037566428440535093, "percent_above_0.1m": 12.195121951219512, "low_level_<0.5": 0.0, "mid_level_0.5-2": 4.8780487804878048, "tall_2+": 7.3170731707317067 }, "geometry": { "type": "Point", "coordinates": [ 0.882355208222661, 51.915963717735991 ] } },
{ "type": "Feature", "properties": { "max_height": 12.266254425048828, "mean_height": 3.8137660026550293, "std_height": 4.2086548805236816, "count_pixels": 37, "percent_cover": 0.033901411031702404, "percent_above_0.1m": 54.054054054054056, "low_level_<0.5": 2.7027027027027026, "mid_level_0.5-2": 0.0, "tall_2+": 48.648648648648653 }, "geometry": { "type": "Point", "coordinates": [ 0.88255640900768, 51.91595878858719 ] } },
{ "type": "Feature", "properties": { "max_height": 12.796253204345703, "mean_height": 5.9969968795776367, "std_height": 4.3600506782531738, "count_pixels": 41, "percent_cover": 0.037566428440535093, "percent_above_0.1m": 82.926829268292678, "low_level_<0.5": 2.4390243902439024, "mid_level_0.5-2": 4.8780487804878048, "tall_2+": 73.170731707317074 }, "geometry": { "type": "Point", "coordinates": [ 0.882757609736695, 51.915953859093797 ] } },
{ "type": "Feature", "properties": { "max_height": 13.654251098632812, "mean_height": 5.4224538803100586, "std_height": 4.2979979515075684, "count_pixels": 41, "percent_cover": 0.037566428440535093, "percent_above_0.1m": 78.048780487804876, "low_level_<0.5": 2.4390243902439024, "mid_level_0.5-2": 7.3170731707317067, "tall_2+": 68.292682926829272 }, "geometry": { "type": "Point", "coordinates": [ 0.882958810409712, 51.915948929255798 ] } },
{ "type": "Feature", "properties": { "max_height": 9.8820037841796875, "mean_height": 1.4728131294250488, "std_height": 2.8388230800628662, "count_pixels": 41, "percent_cover": 0.037566428440535093, "percent_above_0.1m": 26.829268292682929, "low_level_<0.5": 0.0, "mid_level_0.5-2": 4.8780487804878048, "tall_2+": 21.951219512195124 }, "geometry": { "type": "Point", "coordinates": [ 0.883160011026717, 51.915943999073221 ] } },
{ "type": "Feature", "properties": { "max_height": 6.410003662109375, "mean_height": 0.90988940000534058, "std_height": 1.8759037256240845, "count_pixels": 42, "percent_cover": 0.038482682792743264, "percent_above_0.1m": 26.190476190476193, "low_level_<0.5": 2.3809523809523809, "mid_level_0.5-2": 7.1428571428571423, "tall_2+": 16.666666666666664 }, "geometry": { "type": "Point", "coordinates": [ 0.883361211587714, 51.915939068546024 ] } },
{ "type": "Feature", "properties": { "max_height": 7.9135017395019531, "mean_height": 3.2046771049499512, "std_height": 2.7391722202301025, "count_pixels": 43, "percent_cover": 0.039398937144951442, "percent_above_0.1m": 81.395348837209298, "low_level_<0.5": 6.9767441860465116, "mid_level_0.5-2": 16.279069767441861, "tall_2+": 58.139534883720934 }, "geometry": { "type": "Point", "coordinates": [ 0.883562412092689, 51.915934137674242 ] } },
{ "type": "Feature", "properties": { "max_height": 8.5815048217773438, "mean_height": 3.0592818260192871, "std_height": 3.0681061744689941, "count_pixels": 43, "percent_cover": 0.039398937144951442, "percent_above_0.1m": 76.744186046511629, "low_level_<0.5": 9.3023255813953494, "mid_level_0.5-2": 18.604651162790699, "tall_2+": 48.837209302325576 }, "geometry": { "type": "Point", "coordinates": [ 0.883763612541654, 51.915929206457875 ] } },
{ "type": "Feature", "properties": { "max_height": 0.000255584716796875, "mean_height": -5.9267371398163959e-05, "std_height": 0.00031113743898458779, "count_pixels": 41, "percent_cover": 0.037566428440535093, "percent_above_0.1m": 0.0, "low_level_<0.5": 0.0, "mid_level_0.5-2": 0.0, "tall_2+": 0.0 }, "geometry": { "type": "Point", "coordinates": [ 0.875823022182283, 51.916231512523183 ] } },
{ "type": "Feature", "properties": { "max_height": 0.0005035400390625, "mean_height": -1.0513677807466593e-05, "std_height": 0.0002066813176497817, "count_pixels": 41, "percent_cover": 0.037566428440535093, "percent_above_0.1m": 0.0, "low_level_<0.5": 0.0, "mid_level_0.5-2": 0.0, "tall_2+": 0.0 }, "geometry": { "type": "Point", "coordinates": [ 0.876024226151198, 51.916226593530951 ] } },
{ "type": "Feature", "properties": { "max_height": 0.00525665283203125, "mean_height": 3.8798261812189594e-05, "std_height": 0.001005915692076087, "count_pixels": 41, "percent_cover": 0.037566428440535093, "percent_above_0.1m": 0.0, "low_level_<0.5": 0.0, "mid_level_0.5-2": 0.0, "tall_2+": 0.0 }, "geometry": { "type": "Point", "coordinates": [ 0.876225430065385, 51.91622167419257 ] } },
{ "type": "Feature", "properties": { "max_height": 0.00025177001953125, "mean_height": -5.704303111997433e-05, "std_height": 0.00016031011182349175, "count_pixels": 43, "percent_cover": 0.039398937144951442, "percent_above_0.1m": 0.0, "low_level_<0.5": 0.0, "mid_level_0.5-2": 0.0, "tall_2+": 0.0 }, "geometry": { "type": "Point", "coordinates": [ 0.876426633924843, 51.916216754508 ] } },
{ "type": "Feature", "properties": { "max_height": 0.0005035400390625, "mean_height": -7.4164810939691961e-05, "std_height": 0.00048690935363993049, "count_pixels": 43, "percent_cover": 0.039398937144951442, "percent_above_0.1m": 0.0, "low_level_<0.5": 0.0, "mid_level_0.5-2": 0.0, "tall_2+": 0.0 }, "geometry": { "type": "Point", "coordinates": [ 0.876627837729575, 51.916211834477295 ] } },
{ "type": "Feature", "properties": { "max_height": 0.0005035400390625, "mean_height": -4.1695529944263399e-06, "std_height": 0.00017439044313505292, "count_pixels": 43, "percent_cover": 0.039398937144951442, "percent_above_0.1m": 0.0, "low_level_<0.5": 0.0, "mid_level_0.5-2": 0.0, "tall_2+": 0.0 }, "geometry": { "type": "Point", "coordinates": [ 0.876829041479569, 51.916206914100414 ] } },
{ "type": "Feature", "properties": { "max_height": 0.0005035400390625, "mean_height": 1.371474536426831e-05, "std_height": 0.00018863622972276062, "count_pixels": 42, "percent_cover": 0.038482682792743264, "percent_above_0.1m": 0.0, "low_level_<0.5": 0.0, "mid_level_0.5-2": 0.0, "tall_2+": 0.0 }, "geometry": { "type": "Point", "coordinates": [ 0.877030245174826, 51.916201993377364 ] } },
{ "type": "Feature", "properties": { "max_height": 0.012752532958984375, "mean_height": -1.6096160834422335e-05, "std_height": 0.0035861290525645018, "count_pixels": 41, "percent_cover": 0.037566428440535093, "percent_above_0.1m": 0.0, "low_level_<0.5": 0.0, "mid_level_0.5-2": 0.0, "tall_2+": 0.0 }, "geometry": { "type": "Point", "coordinates": [ 0.878841075968294, 51.916157691292618 ] } },
{ "type": "Feature", "properties": { "max_height": 1.8357505798339844, "mean_height": 0.044191129505634308, "std_height": 0.28327867388725281, "count_pixels": 41, "percent_cover": 0.037566428440535093, "percent_above_0.1m": 2.4390243902439024, "low_level_<0.5": 0.0, "mid_level_0.5-2": 2.4390243902439024, "tall_2+": 0.0 }, "geometry": { "type": "Point", "coordinates": [ 0.879042279115956, 51.916152767107953 ] } },
{ "type": "Feature", "properties": { "max_height": 10.978252410888672, "mean_height": 3.3398745059967041, "std_height": 3.8022165298461914, "count_pixels": 43, "percent_cover": 0.039398937144951442, "percent_above_0.1m": 65.116279069767444, "low_level_<0.5": 6.9767441860465116, "mid_level_0.5-2": 9.3023255813953494, "tall_2+": 48.837209302325576 }, "geometry": { "type": "Point", "coordinates": [ 0.879243482208846, 51.916147842577111 ] } },
{ "type": "Feature", "properties": { "max_height": 18.931751251220703, "mean_height": 13.856346130371094, "std_height": 3.4647214412689209, "count_pixels": 43, "percent_cover": 0.039398937144951442, "percent_above_0.1m": 100.0, "low_level_<0.5": 0.0, "mid_level_0.5-2": 0.0, "tall_2+": 100.0 }, "geometry": { "type": "Point", "coordinates": [ 0.879444685246952, 51.916142917700107 ] } },
{ "type": "Feature", "properties": { "max_height": 18.179756164550781, "mean_height": 10.045062065124512, "std_height": 6.0110430717468262, "count_pixels": 43, "percent_cover": 0.039398937144951442, "percent_above_0.1m": 93.023255813953483, "low_level_<0.5": 9.3023255813953494, "mid_level_0.5-2": 0.0, "tall_2+": 83.720930232558146 }, "geometry": { "type": "Point", "coordinates": [ 0.879645888230273, 51.916137992476941 ] } },
{ "type": "Feature", "properties": { "max_height": 8.1620025634765625, "mean_height": 1.1588591337203979, "std_height": 1.7202907800674438, "count_pixels": 42, "percent_cover": 0.038482682792743264, "percent_above_0.1m": 90.476190476190482, "low_level_<0.5": 35.714285714285715, "mid_level_0.5-2": 40.476190476190474, "tall_2+": 11.904761904761903 }, "geometry": { "type": "Point", "coordinates": [ 0.879847091158796, 51.916133066907605 ] } },
{ "type": "Feature", "properties": { "max_height": 7.5097541809082031, "mean_height": 1.2432401180267334, "std_height": 2.0330162048339844, "count_pixels": 43, "percent_cover": 0.039398937144951442, "percent_above_0.1m": 55.813953488372093, "low_level_<0.5": 6.9767441860465116, "mid_level_0.5-2": 16.279069767441861, "tall_2+": 23.255813953488371 }, "geometry": { "type": "Point", "coordinates": [ 0.880048294032537, 51.9161281409921 ] } },
{ "type": "Feature", "properties": { "max_height": 17.765251159667969, "mean_height": 10.018857002258301, "std_height": 5.6954345703125, "count_pixels": 43, "percent_cover": 0.039398937144951442, "percent_above_0.1m": 86.04651162790698, "low_level_<0.5": 0.0, "mid_level_0.5-2": 2.3255813953488373, "tall_2+": 81.395348837209298 }, "geometry": { "type": "Point", "coordinates": [ 0.880249496851474, 51.916123214730455 ] } },
{ "type": "Feature", "properties": { "max_height": 17.933502197265625, "mean_height": 11.798282623291016, "std_height": 3.5557379722595215, "count_pixels": 42, "percent_cover": 0.038482682792743264, "percent_above_0.1m": 100.0, "low_level_<0.5": 0.0, "mid_level_0.5-2": 0.0, "tall_2+": 100.0 }, "geometry": { "type": "Point", "coordinates": [ 0.880450699615606, 51.916118288122618 ] } },
{ "type": "Feature", "properties": { "max_height": 11.087505340576172, "mean_height": 4.3114109039306641, "std_height": 3.9193835258483887, "count_pixels": 41, "percent_cover": 0.037566428440535093, "percent_above_0.1m": 78.048780487804876, "low_level_<0.5": 4.8780487804878048, "mid_level_0.5-2": 12.195121951219512, "tall_2+": 58.536585365853654 }, "geometry": { "type": "Point", "coordinates": [ 0.88065190232494, 51.916113361168627 ] } },
{ "type": "Feature", "properties": { "max_height": 6.4767532348632812, "mean_height": 2.9660570621490479, "std_height": 2.0396006107330322, "count_pixels": 41, "percent_cover": 0.037566428440535093, "percent_above_0.1m": 87.804878048780495, "low_level_<0.5": 2.4390243902439024, "mid_level_0.5-2": 19.512195121951219, "tall_2+": 63.414634146341463 }, "geometry": { "type": "Point", "coordinates": [ 0.880853104979459, 51.916108433868466 ] } },
{ "type": "Feature", "properties": { "max_height": 8.5947532653808594, "mean_height": 4.6420021057128906, "std_height": 2.1692836284637451, "count_pixels": 41, "percent_cover": 0.037566428440535093, "percent_above_0.1m": 97.560975609756099, "low_level_<0.5": 0.0, "mid_level_0.5-2": 14.634146341463413, "tall_2+": 82.926829268292678 }, "geometry": { "type": "Point", "coordinates": [ 0.881054307579168, 51.916103506222157 ] } },
{ "type": "Feature", "properties": { "max_height": 3.1832504272460938, "mean_height": 0.24910365045070648, "std_height": 0.67521780729293823, "count_pixels": 37, "percent_cover": 0.033901411031702404, "percent_above_0.1m": 27.027027027027028, "low_level_<0.5": 13.513513513513514, "mid_level_0.5-2": 2.7027027027027026, "tall_2+": 5.4054054054054053 }, "geometry": { "type": "Point", "coordinates": [ 0.881255510124063, 51.916098578229665 ] } },
{ "type": "Feature", "properties": { "max_height": 0.048999786376953125, "mean_height": 0.011313089169561863, "std_height": 0.010295119136571884, "count_pixels": 41, "percent_cover": 0.037566428440535093, "percent_above_0.1m": 0.0, "low_level_<0.5": 0.0, "mid_level_0.5-2": 0.0, "tall_2+": 0.0 }, "geometry": { "type": "Point", "coordinates": [ 0.881456712614139, 51.916093649891025 ] } },
{ "type": "Feature", "properties": { "max_height": 2.1335029602050781, "mean_height": 0.50354516506195068, "std_height": 0.68449205160140991, "count_pixels": 41, "percent_cover": 0.037566428440535093, "percent_above_0.1m": 51.219512195121951, "low_level_<0.5": 17.073170731707318, "mid_level_0.5-2": 21.951219512195124, "tall_2+": 7.3170731707317067 }, "geometry": { "type": "Point", "coordinates": [ 0.881657914754608, 51.916088721462209 ] } },
{ "type": "Feature", "properties": { "max_height": 4.4562530517578125, "mean_height": 0.72073394060134888, "std_height": 1.2043203115463257, "count_pixels": 41, "percent_cover": 0.037566428440535093, "percent_above_0.1m": 46.341463414634148, "low_level_<0.5": 12.195121951219512, "mid_level_0.5-2": 19.512195121951219, "tall_2+": 14.634146341463413 }, "geometry": { "type": "Point", "coordinates": [ 0.881859116339342, 51.916083793429749 ] } },
{ "type": "Feature", "properties": { "max_height": 12.857254028320312, "mean_height": 2.3902702331542969, "std_height": 3.7893595695495605, "count_pixels": 43, "percent_cover": 0.039398937144951442, "percent_above_0.1m": 55.813953488372093, "low_level_<0.5": 11.627906976744185, "mid_level_0.5-2": 6.9767441860465116, "tall_2+": 34.883720930232556 }, "geometry": { "type": "Point", "coordinates": [ 0.882060317726269, 51.916078865134047 ] } },
{ "type": "Feature", "properties": { "max_height": 0.82049942016601562, "mean_height": 0.082461953163146973, "std_height": 0.19233044981956482, "count_pixels": 43, "percent_cover": 0.039398937144951442, "percent_above_0.1m": 13.953488372093023, "low_level_<0.5": 6.9767441860465116, "mid_level_0.5-2": 6.9767441860465116, "tall_2+": 0.0 }, "geometry": { "type": "Point", "coordinates": [ 0.882261519057212, 51.916073936493774 ] } },
{ "type": "Feature", "properties": { "max_height": 1.9594993591308594, "mean_height": 0.28362452983856201, "std_height": 0.40731465816497803, "count_pixels": 43, "percent_cover": 0.039398937144951442, "percent_above_0.1m": 46.511627906976742, "low_level_<0.5": 18.604651162790699, "mid_level_0.5-2": 25.581395348837212, "tall_2+": 0.0 }, "geometry": { "type": "Point", "coordinates": [ 0.882462720332152, 51.916069007508895 ] } },
{ "type": "Feature", "properties": { "max_height": 7.8350028991699219, "mean_height": 2.8084313869476318, "std_height": 2.9945559501647949, "count_pixels": 42, "percent_cover": 0.038482682792743264, "percent_above_0.1m": 54.761904761904766, "low_level_<0.5": 0.0, "mid_level_0.5-2": 4.7619047619047619, "tall_2+": 50.0 }, "geometry": { "type": "Point", "coordinates": [ 0.882663921551102, 51.916064078179403 ] } },
{ "type": "Feature", "properties": { "max_height": 10.068004608154297, "mean_height": 0.77675843238830566, "std_height": 2.1310462951660156, "count_pixels": 43, "percent_cover": 0.039398937144951442, "percent_above_0.1m": 16.279069767441861, "low_level_<0.5": 2.3255813953488373, "mid_level_0.5-2": 0.0, "tall_2+": 13.953488372093023 }, "geometry": { "type": "Point", "coordinates": [ 0.882865122714045, 51.916059148505347 ] } },
{ "type": "Feature", "properties": { "max_height": 12.093250274658203, "mean_height": 4.6100835800170898, "std_height": 4.0284452438354492, "count_pixels": 43, "percent_cover": 0.039398937144951442, "percent_above_0.1m": 72.093023255813947, "low_level_<0.5": 0.0, "mid_level_0.5-2": 9.3023255813953494, "tall_2+": 60.465116279069761 }, "geometry": { "type": "Point", "coordinates": [ 0.883066323820981, 51.916054218486686 ] } },
{ "type": "Feature", "properties": { "max_height": 6.0777511596679688, "mean_height": 0.95375204086303711, "std_height": 1.5460119247436523, "count_pixels": 42, "percent_cover": 0.038482682792743264, "percent_above_0.1m": 50.0, "low_level_<0.5": 11.904761904761903, "mid_level_0.5-2": 11.904761904761903, "tall_2+": 23.809523809523807 }, "geometry": { "type": "Point", "coordinates": [ 0.883267524871908, 51.916049288123411 ] } },
{ "type": "Feature", "properties": { "max_height": 7.3122520446777344, "mean_height": 1.1059595346450806, "std_height": 1.9371098279953003, "count_pixels": 41, "percent_cover": 0.037566428440535093, "percent_above_0.1m": 31.707317073170731, "low_level_<0.5": 0.0, "mid_level_0.5-2": 7.3170731707317067, "tall_2+": 24.390243902439025 }, "geometry": { "type": "Point", "coordinates": [ 0.883468725866824, 51.916044357415551 ] } },
{ "type": "Feature", "properties": { "max_height": 0.84000396728515625, "mean_height": 0.039684388786554337, "std_height": 0.16881842911243439, "count_pixels": 41, "percent_cover": 0.037566428440535093, "percent_above_0.1m": 4.8780487804878048, "low_level_<0.5": 0.0, "mid_level_0.5-2": 4.8780487804878048, "tall_2+": 0.0 }, "geometry": { "type": "Point", "coordinates": [ 0.88366992680572, 51.916039426363113 ] } },
{ "type": "Feature", "properties": { "max_height": 8.4970016479492188, "mean_height": 1.2115447521209717, "std_height": 2.4436221122741699, "count_pixels": 41, "percent_cover": 0.037566428440535093, "percent_above_0.1m": 31.707317073170731, "low_level_<0.5": 7.3170731707317067, "mid_level_0.5-2": 4.8780487804878048, "tall_2+": 19.512195121951219 }, "geometry": { "type": "Point", "coordinates": [ 0.883871127688592, 51.916034494966048 ] } },
{ "type": "Feature", "properties": { "max_height": 0.0005035400390625, "mean_height": 4.1518102079862729e-05, "std_height": 0.0002219262532889843, "count_pixels": 43, "percent_cover": 0.039398937144951442, "percent_above_0.1m": 0.0, "low_level_<0.5": 0.0, "mid_level_0.5-2": 0.0, "tall_2+": 0.0 }, "geometry": { "type": "Point", "coordinates": [ 0.876131725692393, 51.916331887966571 ] } },
{ "type": "Feature", "properties": { "max_height": 0.005252838134765625, "mean_height": 0.00022088027617428452, "std_height": 0.00093285465845838189, "count_pixels": 41, "percent_cover": 0.037566428440535093, "percent_above_0.1m": 0.0, "low_level_<0.5": 0.0, "mid_level_0.5-2": 0.0, "tall_2+": 0.0 }, "geometry": { "type": "Point", "coordinates": [ 0.876332930028553, 51.916326968463878 ] } },
{ "type": "Feature", "properties": { "max_height": 0.070003509521484375, "mean_height": 0.0027581192553043365, "std_height": 0.011618180200457573, "count_pixels": 41, "percent_cover": 0.037566428440535093, "percent_above_0.1m": 0.0, "low_level_<0.5": 0.0, "mid_level_0.5-2": 0.0, "tall_2+": 0.0 }, "geometry": { "type": "Point", "coordinates": [ 0.87653413430999, 51.916322048615001 ] } },
{ "type": "Feature", "properties": { "max_height": 0.003753662109375, "mean_height": 4.4287706259638071e-05, "std_height": 0.00066961604170501232, "count_pixels": 41, "percent_cover": 0.037566428440535093, "percent_above_0.1m": 0.0, "low_level_<0.5": 0.0, "mid_level_0.5-2": 0.0, "tall_2+": 0.0 }, "geometry": { "type": "Point", "coordinates": [ 0.876735338536692, 51.916317128419976 ] } },
{ "type": "Feature", "properties": { "max_height": 0.000499725341796875, "mean_height": -4.9487962314742617e-06, "std_height": 0.00019701712881214917, "count_pixels": 37, "percent_cover": 0.033901411031702404, "percent_above_0.1m": 0.0, "low_level_<0.5": 0.0, "mid_level_0.5-2": 0.0, "tall_2+": 0.0 }, "geometry": { "type": "Point", "coordinates": [ 0.876936542708658, 51.916312207878775 ] } },
{ "type": "Feature", "properties": { "max_height": 0.00025177001953125, "mean_height": -1.0327595191483852e-05, "std_height": 0.00014503007696475834, "count_pixels": 41, "percent_cover": 0.037566428440535093, "percent_above_0.1m": 0.0, "low_level_<0.5": 0.0, "mid_level_0.5-2": 0.0, "tall_2+": 0.0 }, "geometry": { "type": "Point", "coordinates": [ 0.877137746825881, 51.916307286991419 ] } },
{ "type": "Feature", "properties": { "max_height": 0.027751922607421875, "mean_height": 0.0026939746458083391, "std_height": 0.0068740835413336754, "count_pixels": 43, "percent_cover": 0.039398937144951442, "percent_above_0.1m": 0.0, "low_level_<0.5": 0.0, "mid_level_0.5-2": 0.0, "tall_2+": 0.0 }, "geometry": { "type": "Point", "coordinates": [ 0.878747377792558, 51.916267907430559 ] } },
{ "type": "Feature", "properties": { "max_height": 11.860500335693359, "mean_height": 2.4768915176391602, "std_height": 3.9849367141723633, "count_pixels": 43, "percent_cover": 0.039398937144951442, "percent_above_0.1m": 41.860465116279073, "low_level_<0.5": 4.6511627906976747, "mid_level_0.5-2": 4.6511627906976747, "tall_2+": 30.232558139534881 }, "geometry": { "type": "Point", "coordinates": [ 0.878948581416948, 51.916262983427714 ] } },
{ "type": "Feature", "properties": { "max_height": 15.437004089355469, "mean_height": 9.4154043197631836, "std_height": 4.4928035736083984, "count_pixels": 41, "percent_cover": 0.037566428440535093, "percent_above_0.1m": 95.121951219512198, "low_level_<0.5": 2.4390243902439024, "mid_level_0.5-2": 2.4390243902439024, "tall_2+": 90.243902439024396 }, "geometry": { "type": "Point", "coordinates": [ 0.879149784986559, 51.916258059078693 ] } },
{ "type": "Feature", "properties": { "max_height": 17.738506317138672, "mean_height": 12.445258140563965, "std_height": 3.756537914276123, "count_pixels": 41, "percent_cover": 0.037566428440535093, "percent_above_0.1m": 100.0, "low_level_<0.5": 0.0, "mid_level_0.5-2": 0.0, "tall_2+": 100.0 }, "geometry": { "type": "Point", "coordinates": [ 0.879350988501392, 51.91625313438351 ] } },
{ "type": "Feature", "properties": { "max_height": 18.874000549316406, "mean_height": 12.909601211547852, "std_height": 4.9790067672729492, "count_pixels": 41, "percent_cover": 0.037566428440535093, "percent_above_0.1m": 97.560975609756099, "low_level_<0.5": 0.0, "mid_level_0.5-2": 2.4390243902439024, "tall_2+": 95.121951219512198 }, "geometry": { "type": "Point", "coordinates": [ 0.879552191961435, 51.916248209342172 ] } },
{ "type": "Feature", "properties": { "max_height": 11.577499389648438, "mean_height": 1.4237722158432007, "std_height": 2.6474325656890869, "count_pixels": 37, "percent_cover": 0.033901411031702404, "percent_above_0.1m": 59.45945945945946, "low_level_<0.5": 16.216216216216218, "mid_level_0.5-2": 24.324324324324326, "tall_2+": 18.918918918918919 }, "geometry": { "type": "Point", "coordinates": [ 0.879753395366695, 51.916243283954671 ] } },
{ "type": "Feature", "properties": { "max_height": 2.9805030822753906, "mean_height": 0.32695314288139343, "std_height": 0.69302290678024292, "count_pixels": 41, "percent_cover": 0.037566428440535093, "percent_above_0.1m": 31.707317073170731, "low_level_<0.5": 12.195121951219512, "mid_level_0.5-2": 9.7560975609756095, "tall_2+": 7.3170731707317067 }, "geometry": { "type": "Point", "coordinates": [ 0.879954598717157, 51.916238358220994 ] } },
{ "type": "Feature", "properties": { "max_height": 9.1697540283203125, "mean_height": 1.0945329666137695, "std_height": 2.0768146514892578, "count_pixels": 41, "percent_cover": 0.037566428440535093, "percent_above_0.1m": 53.658536585365859, "low_level_<0.5": 17.073170731707318, "mid_level_0.5-2": 12.195121951219512, "tall_2+": 17.073170731707318 }, "geometry": { "type": "Point", "coordinates": [ 0.880155802012823, 51.916233432141141 ] } },
{ "type": "Feature", "properties": { "max_height": 16.521751403808594, "mean_height": 11.439026832580566, "std_height": 3.3961329460144043, "count_pixels": 41, "percent_cover": 0.037566428440535093, "percent_above_0.1m": 100.0, "low_level_<0.5": 0.0, "mid_level_0.5-2": 2.4390243902439024, "tall_2+": 97.560975609756099 }, "geometry": { "type": "Point", "coordinates": [ 0.880357005253695, 51.916228505715146 ] } },
{ "type": "Feature", "properties": { "max_height": 15.136501312255859, "mean_height": 8.3654613494873047, "std_height": 4.1479830741882324, "count_pixels": 42, "percent_cover": 0.038482682792743264, "percent_above_0.1m": 97.61904761904762, "low_level_<0.5": 4.7619047619047619, "mid_level_0.5-2": 0.0, "tall_2+": 92.857142857142861 }, "geometry": { "type": "Point", "coordinates": [ 0.880558208439753, 51.916223578942976 ] } },
{ "type": "Feature", "properties": { "max_height": 6.3792572021484375, "mean_height": 1.2981361150741577, "std_height": 1.5589028596878052, "count_pixels": 43, "percent_cover": 0.039398937144951442, "percent_above_0.1m": 83.720930232558146, "low_level_<0.5": 16.279069767441861, "mid_level_0.5-2": 44.186046511627907, "tall_2+": 20.930232558139537 }, "geometry": { "type": "Point", "coordinates": [ 0.880759411571018, 51.916218651824636 ] } },
{ "type": "Feature", "properties": { "max_height": 11.1405029296875, "mean_height": 4.830164909362793, "std_height": 2.4645071029663086, "count_pixels": 43, "percent_cover": 0.039398937144951442, "percent_above_0.1m": 100.0, "low_level_<0.5": 0.0, "mid_level_0.5-2": 16.279069767441861, "tall_2+": 83.720930232558146 }, "geometry": { "type": "Point", "coordinates": [ 0.880960614647452, 51.916213724360141 ] } },
{ "type": "Feature", "properties": { "max_height": 5.6777534484863281, "mean_height": 0.75955617427825928, "std_height": 1.3892364501953125, "count_pixels": 42, "percent_cover": 0.038482682792743264, "percent_above_0.1m": 42.857142857142854, "low_level_<0.5": 14.285714285714285, "mid_level_0.5-2": 14.285714285714285, "tall_2+": 11.904761904761903 }, "geometry": { "type": "Point", "coordinates": [ 0.881161817669094, 51.916208796549476 ] } },
{ "type": "Feature", "properties": { "max_height": 0.055751800537109375, "mean_height": 0.0079733384773135185, "std_height": 0.015275559388101101, "count_pixels": 43, "percent_cover": 0.039398937144951442, "percent_above_0.1m": 0.0, "low_level_<0.5": 0.0, "mid_level_0.5-2": 0.0, "tall_2+": 0.0 }, "geometry": { "type": "Point", "coordinates": [ 0.881363020635902, 51.916203868392635 ] } },
{ "type": "Feature", "properties": { "max_height": 15.672504425048828, "mean_height": 5.9469504356384277, "std_height": 5.9581451416015625, "count_pixels": 43, "percent_cover": 0.039398937144951442, "percent_above_0.1m": 74.418604651162795, "low_level_<0.5": 2.3255813953488373, "mid_level_0.5-2": 16.279069767441861, "tall_2+": 53.488372093023251 }, "geometry": { "type": "Point", "coordinates": [ 0.881564223467906, 51.916198939935533 ] } },
{ "type": "Feature", "properties": { "max_height": 1.7857513427734375, "mean_height": 0.082281425595283508, "std_height": 0.35994270443916321, "count_pixels": 43, "percent_cover": 0.039398937144951442, "percent_above_0.1m": 4.6511627906976747, "low_level_<0.5": 0.0, "mid_level_0.5-2": 4.6511627906976747, "tall_2+": 0.0 }, "geometry": { "type": "Point", "coordinates": [ 0.881765425760099, 51.916194011779993 ] } },
{ "type": "Feature", "properties": { "max_height": 0.82700347900390625, "mean_height": 0.037654969841241837, "std_height": 0.13761164247989655, "count_pixels": 41, "percent_cover": 0.037566428440535093, "percent_above_0.1m": 7.3170731707317067, "low_level_<0.5": 4.8780487804878048, "mid_level_0.5-2": 2.4390243902439024, "tall_2+": 0.0 }, "geometry": { "type": "Point", "coordinates": [ 0.881966627636954, 51.916189083648227 ] } },
{ "type": "Feature", "properties": { "max_height": 8.4797515869140625, "mean_height": 2.1832890510559082, "std_height": 3.0339009761810303, "count_pixels": 41, "percent_cover": 0.037566428440535093, "percent_above_0.1m": 46.341463414634148, "low_level_<0.5": 2.4390243902439024, "mid_level_0.5-2": 9.7560975609756095, "tall_2+": 34.146341463414636 }, "geometry": { "type": "Point", "coordinates": [ 0.88216782945782, 51.916184155171869 ] } },
{ "type": "Feature", "properties": { "max_height": 5.0282554626464844, "mean_height": 0.36130774021148682, "std_height": 1.0770657062530518, "count_pixels": 41, "percent_cover": 0.037566428440535093, "percent_above_0.1m": 19.512195121951219, "low_level_<0.5": 4.8780487804878048, "mid_level_0.5-2": 7.3170731707317067, "tall_2+": 4.8780487804878048 }, "geometry": { "type": "Point", "coordinates": [ 0.882972636181321, 51.916164437820477 ] } },
{ "type": "Feature", "properties": { "max_height": 7.9177513122558594, "mean_height": 2.5988564491271973, "std_height": 3.0378708839416504, "count_pixels": 41, "percent_cover": 0.037566428440535093, "percent_above_0.1m": 65.853658536585371, "low_level_<0.5": 14.634146341463413, "mid_level_0.5-2": 7.3170731707317067, "tall_2+": 41.463414634146339 }, "geometry": { "type": "Point", "coordinates": [ 0.883173837722179, 51.916159507621138 ] } },
{ "type": "Feature", "properties": { "max_height": 6.2125053405761719, "mean_height": 0.52905583381652832, "std_height": 1.3060719966888428, "count_pixels": 42, "percent_cover": 0.038482682792743264, "percent_above_0.1m": 28.571428571428569, "low_level_<0.5": 9.5238095238095237, "mid_level_0.5-2": 9.5238095238095237, "tall_2+": 9.5238095238095237 }, "geometry": { "type": "Point", "coordinates": [ 0.883375039207032, 51.91615457707718 ] } },
{ "type": "Feature", "properties": { "max_height": 6.1255035400390625, "mean_height": 0.8339383602142334, "std_height": 1.5464103221893311, "count_pixels": 43, "percent_cover": 0.039398937144951442, "percent_above_0.1m": 39.534883720930232, "low_level_<0.5": 9.3023255813953494, "mid_level_0.5-2": 9.3023255813953494, "tall_2+": 18.604651162790699 }, "geometry": { "type": "Point", "coordinates": [ 0.883576240635865, 51.916149646188657 ] } },
{ "type": "Feature", "properties": { "max_height": 2.2020034790039062, "mean_height": 0.30178734660148621, "std_height": 0.60133588314056396, "count_pixels": 43, "percent_cover": 0.039398937144951442, "percent_above_0.1m": 34.883720930232556, "low_level_<0.5": 13.953488372093023, "mid_level_0.5-2": 9.3023255813953494, "tall_2+": 6.9767441860465116 }, "geometry": { "type": "Point", "coordinates": [ 0.88377744200868, 51.916144714955522 ] } },
{ "type": "Feature", "properties": { "max_height": 2.701751708984375, "mean_height": 0.44401335716247559, "std_height": 0.82445722818374634, "count_pixels": 41, "percent_cover": 0.037566428440535093, "percent_above_0.1m": 26.829268292682929, "low_level_<0.5": 2.4390243902439024, "mid_level_0.5-2": 14.634146341463413, "tall_2+": 9.7560975609756095 }, "geometry": { "type": "Point", "coordinates": [ 0.876038020897412, 51.91644210164457 ] } },
{ "type": "Feature", "properties": { "max_height": 0.00025177001953125, "mean_height": 2.018998384301085e-05, "std_height": 0.00011524213914526626, "count_pixels": 41, "percent_cover": 0.037566428440535093, "percent_above_0.1m": 0.0, "low_level_<0.5": 0.0, "mid_level_0.5-2": 0.0, "tall_2+": 0.0 }, "geometry": { "type": "Point", "coordinates": [ 0.876239225710287, 51.916437182323719 ] } },
{ "type": "Feature", "properties": { "max_height": 0.01525115966796875, "mean_height": 0.00042635895079001784, "std_height": 0.002307266928255558, "count_pixels": 43, "percent_cover": 0.039398937144951442, "percent_above_0.1m": 0.0, "low_level_<0.5": 0.0, "mid_level_0.5-2": 0.0, "tall_2+": 0.0 }, "geometry": { "type": "Point", "coordinates": [ 0.876440430468424, 51.916432262656691 ] } },
{ "type": "Feature", "properties": { "max_height": 0.00775146484375, "mean_height": 0.0002106067695422098, "std_height": 0.0012412115465849638, "count_pixels": 43, "percent_cover": 0.039398937144951442, "percent_above_0.1m": 0.0, "low_level_<0.5": 0.0, "mid_level_0.5-2": 0.0, "tall_2+": 0.0 }, "geometry": { "type": "Point", "coordinates": [ 0.876641635171836, 51.916427342643487 ] } },
{ "type": "Feature", "properties": { "max_height": 0.000255584716796875, "mean_height": 7.4519666668493301e-06, "std_height": 0.00015715904009994119, "count_pixels": 43, "percent_cover": 0.039398937144951442, "percent_above_0.1m": 0.0, "low_level_<0.5": 0.0, "mid_level_0.5-2": 0.0, "tall_2+": 0.0 }, "geometry": { "type": "Point", "coordinates": [ 0.876842839820512, 51.916422422284143 ] } },
{ "type": "Feature", "properties": { "max_height": 0.004253387451171875, "mean_height": 0.00022824604820925742, "std_height": 0.0010648062452673912, "count_pixels": 42, "percent_cover": 0.038482682792743264, "percent_above_0.1m": 0.0, "low_level_<0.5": 0.0, "mid_level_0.5-2": 0.0, "tall_2+": 0.0 }, "geometry": { "type": "Point", "coordinates": [ 0.877044044414447, 51.916417501578621 ] } },
{ "type": "Feature", "properties": { "max_height": 0.045501708984375, "mean_height": 0.0025307410396635532, "std_height": 0.009680955670773983, "count_pixels": 43, "percent_cover": 0.039398937144951442, "percent_above_0.1m": 0.0, "low_level_<0.5": 0.0, "mid_level_0.5-2": 0.0, "tall_2+": 0.0 }, "geometry": { "type": "Point", "coordinates": [ 0.877245248953642, 51.916412580526924 ] } },
{ "type": "Feature", "properties": { "max_height": 0.0045013427734375, "mean_height": 0.00015879786224104464, "std_height": 0.0009865280007943511, "count_pixels": 43, "percent_cover": 0.039398937144951442, "percent_above_0.1m": 0.0, "low_level_<0.5": 0.0, "mid_level_0.5-2": 0.0, "tall_2+": 0.0 }, "geometry": { "type": "Point", "coordinates": [ 0.877446453438086, 51.916407659129071 ] } },
{ "type": "Feature", "properties": { "max_height": 0.0005035400390625, "mean_height": 2.5431314497836865e-05, "std_height": 0.00017121608834713697, "count_pixels": 42, "percent_cover": 0.038482682792743264, "percent_above_0.1m": 0.0, "low_level_<0.5": 0.0, "mid_level_0.5-2": 0.0, "tall_2+": 0.0 }, "geometry": { "type": "Point", "coordinates": [ 0.877647657867782, 51.916402737385077 ] } },
{ "type": "Feature", "properties": { "max_height": 0.000255584716796875, "mean_height": -7.7782606240361929e-05, "std_height": 0.00045993557432666421, "count_pixels": 41, "percent_cover": 0.037566428440535093, "percent_above_0.1m": 0.0, "low_level_<0.5": 0.0, "mid_level_0.5-2": 0.0, "tall_2+": 0.0 }, "geometry": { "type": "Point", "coordinates": [ 0.877848862242724, 51.916397815294872 ] } },
{ "type": "Feature", "properties": { "max_height": 0.009246826171875, "mean_height": 0.0003672344028018415, "std_height": 0.0018580405740067363, "count_pixels": 41, "percent_cover": 0.037566428440535093, "percent_above_0.1m": 0.0, "low_level_<0.5": 0.0, "mid_level_0.5-2": 0.0, "tall_2+": 0.0 }, "geometry": { "type": "Point", "coordinates": [ 0.878251270828331, 51.916387970076016 ] } },
{ "type": "Feature", "properties": { "max_height": 0.022003173828125, "mean_height": 0.0023729479871690273, "std_height": 0.005088340025395155, "count_pixels": 37, "percent_cover": 0.033901411031702404, "percent_above_0.1m": 0.0, "low_level_<0.5": 0.0, "mid_level_0.5-2": 0.0, "tall_2+": 0.0 }, "geometry": { "type": "Point", "coordinates": [ 0.878452475038983, 51.916383046947345 ] } },
{ "type": "Feature", "properties": { "max_height": 0.53100204467773438, "mean_height": 0.024227142333984375, "std_height": 0.092153400182723999, "count_pixels": 41, "percent_cover": 0.037566428440535093, "percent_above_0.1m": 7.3170731707317067, "low_level_<0.5": 4.8780487804878048, "mid_level_0.5-2": 2.4390243902439024, "tall_2+": 0.0 }, "geometry": { "type": "Point", "coordinates": [ 0.878653679194872, 51.916378123472469 ] } },
{ "type": "Feature", "properties": { "max_height": 12.686004638671875, "mean_height": 1.9947397708892822, "std_height": 3.8190774917602539, "count_pixels": 41, "percent_cover": 0.037566428440535093, "percent_above_0.1m": 36.585365853658537, "low_level_<0.5": 2.4390243902439024, "mid_level_0.5-2": 7.3170731707317067, "tall_2+": 24.390243902439025 }, "geometry": { "type": "Point", "coordinates": [ 0.878854883295987, 51.916373199651467 ] } },
{ "type": "Feature", "properties": { "max_height": 19.049251556396484, "mean_height": 13.896954536437988, "std_height": 3.4051034450531006, "count_pixels": 41, "percent_cover": 0.037566428440535093, "percent_above_0.1m": 100.0, "low_level_<0.5": 0.0, "mid_level_0.5-2": 0.0, "tall_2+": 100.0 }, "geometry": { "type": "Point", "coordinates": [ 0.879056087342324, 51.916368275484274 ] } },
{ "type": "Feature", "properties": { "max_height": 18.868755340576172, "mean_height": 11.532554626464844, "std_height": 5.3556861877441406, "count_pixels": 43, "percent_cover": 0.039398937144951442, "percent_above_0.1m": 97.674418604651152, "low_level_<0.5": 0.0, "mid_level_0.5-2": 4.6511627906976747, "tall_2+": 93.023255813953483 }, "geometry": { "type": "Point", "coordinates": [ 0.879257291333882, 51.916363350970926 ] } },
{ "type": "Feature", "properties": { "max_height": 16.779502868652344, "mean_height": 5.5613627433776855, "std_height": 5.8857021331787109, "count_pixels": 43, "percent_cover": 0.039398937144951442, "percent_above_0.1m": 76.744186046511629, "low_level_<0.5": 11.627906976744185, "mid_level_0.5-2": 9.3023255813953494, "tall_2+": 51.162790697674424 }, "geometry": { "type": "Point", "coordinates": [ 0.87945849527066, 51.916358426111408 ] } },
{ "type": "Feature", "properties": { "max_height": 2.2815017700195312, "mean_height": 0.35403653979301453, "std_height": 0.4509395956993103, "count_pixels": 43, "percent_cover": 0.039398937144951442, "percent_above_0.1m": 65.116279069767444, "low_level_<0.5": 27.906976744186046, "mid_level_0.5-2": 25.581395348837212, "tall_2+": 2.3255813953488373 }, "geometry": { "type": "Point", "coordinates": [ 0.879659699152641, 51.916353500905721 ] } },
{ "type": "Feature", "properties": { "max_height": 0.13850021362304688, "mean_height": 0.037561871111392975, "std_height": 0.033704958856105804, "count_pixels": 42, "percent_cover": 0.038482682792743264, "percent_above_0.1m": 4.7619047619047619, "low_level_<0.5": 0.0, "mid_level_0.5-2": 0.0, "tall_2+": 0.0 }, "geometry": { "type": "Point", "coordinates": [ 0.879860902979839, 51.916348575353879 ] } },
{ "type": "Feature", "properties": { "max_height": 8.7600021362304688, "mean_height": 1.0369614362716675, "std_height": 2.1411788463592529, "count_pixels": 43, "percent_cover": 0.039398937144951442, "percent_above_0.1m": 65.116279069767444, "low_level_<0.5": 27.906976744186046, "mid_level_0.5-2": 4.6511627906976747, "tall_2+": 16.279069767441861 }, "geometry": { "type": "Point", "coordinates": [ 0.88006210675224, 51.916343649455854 ] } },
{ "type": "Feature", "properties": { "max_height": 8.8075027465820312, "mean_height": 0.70082217454910278, "std_height": 1.510468602180481, "count_pixels": 43, "percent_cover": 0.039398937144951442, "percent_above_0.1m": 74.418604651162795, "low_level_<0.5": 41.860465116279073, "mid_level_0.5-2": 16.279069767441861, "tall_2+": 6.9767441860465116 }, "geometry": { "type": "Point", "coordinates": [ 0.880263310469842, 51.916338723211673 ] } },
{ "type": "Feature", "properties": { "max_height": 15.155002593994141, "mean_height": 4.4786982536315918, "std_height": 4.6599688529968262, "count_pixels": 42, "percent_cover": 0.038482682792743264, "percent_above_0.1m": 83.333333333333343, "low_level_<0.5": 9.5238095238095237, "mid_level_0.5-2": 11.904761904761903, "tall_2+": 61.904761904761905 }, "geometry": { "type": "Point", "coordinates": [ 0.880464514132643, 51.916333796621323 ] } },
{ "type": "Feature", "properties": { "max_height": 10.057754516601562, "mean_height": 4.1778683662414551, "std_height": 2.2386705875396729, "count_pixels": 41, "percent_cover": 0.037566428440535093, "percent_above_0.1m": 100.0, "low_level_<0.5": 0.0, "mid_level_0.5-2": 14.634146341463413, "tall_2+": 85.365853658536579 }, "geometry": { "type": "Point", "coordinates": [ 0.880665717740634, 51.916328869684797 ] } },
{ "type": "Feature", "properties": { "max_height": 14.406253814697266, "mean_height": 6.6596112251281738, "std_height": 3.2975082397460938, "count_pixels": 41, "percent_cover": 0.037566428440535093, "percent_above_0.1m": 100.0, "low_level_<0.5": 0.0, "mid_level_0.5-2": 9.7560975609756095, "tall_2+": 90.243902439024396 }, "geometry": { "type": "Point", "coordinates": [ 0.88086692129382, 51.91632394240213 ] } },
{ "type": "Feature", "properties": { "max_height": 12.446502685546875, "mean_height": 5.6922764778137207, "std_height": 3.1262710094451904, "count_pixels": 41, "percent_cover": 0.037566428440535093, "percent_above_0.1m": 100.0, "low_level_<0.5": 4.8780487804878048, "mid_level_0.5-2": 7.3170731707317067, "tall_2+": 87.804878048780495 }, "geometry": { "type": "Point", "coordinates": [ 0.881068124792188, 51.916319014773279 ] } },
{ "type": "Feature", "properties": { "max_height": 4.6502571105957031, "mean_height": 0.3014075756072998, "std_height": 1.0025162696838379, "count_pixels": 37, "percent_cover": 0.033901411031702404, "percent_above_0.1m": 8.1081081081081088, "low_level_<0.5": 0.0, "mid_level_0.5-2": 0.0, "tall_2+": 8.1081081081081088 }, "geometry": { "type": "Point", "coordinates": [ 0.881269328235746, 51.916314086798266 ] } },
{ "type": "Feature", "properties": { "max_height": 10.099502563476562, "mean_height": 0.85269135236740112, "std_height": 1.6921114921569824, "count_pixels": 41, "percent_cover": 0.037566428440535093, "percent_above_0.1m": 58.536585365853654, "low_level_<0.5": 17.073170731707318, "mid_level_0.5-2": 29.268292682926827, "tall_2+": 7.3170731707317067 }, "geometry": { "type": "Point", "coordinates": [ 0.881470531624477, 51.916309158477077 ] } },
{ "type": "Feature", "properties": { "max_height": 14.660251617431641, "mean_height": 0.88684350252151489, "std_height": 2.5280508995056152, "count_pixels": 41, "percent_cover": 0.037566428440535093, "percent_above_0.1m": 24.390243902439025, "low_level_<0.5": 4.8780487804878048, "mid_level_0.5-2": 4.8780487804878048, "tall_2+": 14.634146341463413 }, "geometry": { "type": "Point", "coordinates": [ 0.881671734637628, 51.916304230113084 ] } },
{ "type": "Feature", "properties": { "max_height": 0.59375381469726562, "mean_height": 0.066258497536182404, "std_height": 0.13405585289001465, "count_pixels": 41, "percent_cover": 0.037566428440535093, "percent_above_0.1m": 17.073170731707318, "low_level_<0.5": 14.634146341463413, "mid_level_0.5-2": 2.4390243902439024, "tall_2+": 0.0 }, "geometry": { "type": "Point", "coordinates": [ 0.881872937113691, 51.91629930208272 ] } },
{ "type": "Feature", "properties": { "max_height": 9.5760040283203125, "mean_height": 1.045923113822937, "std_height": 2.2104804515838623, "count_pixels": 41, "percent_cover": 0.037566428440535093, "percent_above_0.1m": 46.341463414634148, "low_level_<0.5": 9.7560975609756095, "mid_level_0.5-2": 19.512195121951219, "tall_2+": 14.634146341463413 }, "geometry": { "type": "Point", "coordinates": [ 0.88348255403209, 51.916259865934535 ] } },
{ "type": "Feature", "properties": { "max_height": 9.589752197265625, "mean_height": 1.431185245513916, "std_height": 2.7509341239929199, "count_pixels": 41, "percent_cover": 0.037566428440535093, "percent_above_0.1m": 56.09756097560976, "low_level_<0.5": 24.390243902439025, "mid_level_0.5-2": 7.3170731707317067, "tall_2+": 19.512195121951219 }, "geometry": { "type": "Point", "coordinates": [ 0.88368375589484, 51.916254934865322 ] } },
{ "type": "Feature", "properties": { "max_height": 0.23900222778320312, "mean_height": 0.03375244140625, "std_height": 0.067304663360118866, "count_pixels": 41, "percent_cover": 0.037566428440535093, "percent_above_0.1m": 14.634146341463413, "low_level_<0.5": 12.195121951219512, "mid_level_0.5-2": 0.0, "tall_2+": 0.0 }, "geometry": { "type": "Point", "coordinates": [ 0.883884957701583, 51.916250003451502 ] } },
{ "type": "Feature", "properties": { "max_height": 0.74425125122070312, "mean_height": 0.097676075994968414, "std_height": 0.1969643235206604, "count_pixels": 43, "percent_cover": 0.039398937144951442, "percent_above_0.1m": 25.581395348837212, "low_level_<0.5": 9.3023255813953494, "mid_level_0.5-2": 6.9767441860465116, "tall_2+": 0.0 }, "geometry": { "type": "Point", "coordinates": [ 0.876145520970025, 51.916547396087523 ] } },
{ "type": "Feature", "properties": { "max_height": 1.019500732421875, "mean_height": 0.13720326125621796, "std_height": 0.28592538833618164, "count_pixels": 41, "percent_cover": 0.037566428440535093, "percent_above_0.1m": 19.512195121951219, "low_level_<0.5": 4.8780487804878048, "mid_level_0.5-2": 14.634146341463413, "tall_2+": 0.0 }, "geometry": { "type": "Point", "coordinates": [ 0.876346726204877, 51.916542476602331 ] } },
{ "type": "Feature", "properties": { "max_height": 0.0149993896484375, "mean_height": 0.00056252826470881701, "std_height": 0.0023564312141388655, "count_pixels": 41, "percent_cover": 0.037566428440535093, "percent_above_0.1m": 0.0, "low_level_<0.5": 0.0, "mid_level_0.5-2": 0.0, "tall_2+": 0.0 }, "geometry": { "type": "Point", "coordinates": [ 0.876547931385001, 51.916537556771004 ] } },
{ "type": "Feature", "properties": { "max_height": 0.00025177001953125, "mean_height": -1.0699760423449334e-05, "std_height": 0.000155890520545654, "count_pixels": 41, "percent_cover": 0.037566428440535093, "percent_above_0.1m": 0.0, "low_level_<0.5": 0.0, "mid_level_0.5-2": 0.0, "tall_2+": 0.0 }, "geometry": { "type": "Point", "coordinates": [ 0.876749136510386, 51.916532636593494 ] } },
{ "type": "Feature", "properties": { "max_height": 0.00025177001953125, "mean_height": -5.2580962801584974e-05, "std_height": 0.00014390503929462284, "count_pixels": 37, "percent_cover": 0.033901411031702404, "percent_above_0.1m": 0.0, "low_level_<0.5": 0.0, "mid_level_0.5-2": 0.0, "tall_2+": 0.0 }, "geometry": { "type": "Point", "coordinates": [ 0.876950341581035, 51.916527716069815 ] } },
{ "type": "Feature", "properties": { "max_height": 0.011501312255859375, "mean_height": 0.00022674188949167728, "std_height": 0.0018476586556062102, "count_pixels": 41, "percent_cover": 0.037566428440535093, "percent_above_0.1m": 0.0, "low_level_<0.5": 0.0, "mid_level_0.5-2": 0.0, "tall_2+": 0.0 }, "geometry": { "type": "Point", "coordinates": [ 0.87715154659695, 51.916522795199974 ] } },
{ "type": "Feature", "properties": { "max_height": 0.0005035400390625, "mean_height": -0.00018143071793019772, "std_height": 0.0013263999717310071, "count_pixels": 41, "percent_cover": 0.037566428440535093, "percent_above_0.1m": 0.0, "low_level_<0.5": 0.0, "mid_level_0.5-2": 0.0, "tall_2+": 0.0 }, "geometry": { "type": "Point", "coordinates": [ 0.877352751558108, 51.91651787398397 ] } },
{ "type": "Feature", "properties": { "max_height": 0.0005035400390625, "mean_height": -9.5367431640625e-05, "std_height": 0.00099073781166225672, "count_pixels": 41, "percent_cover": 0.037566428440535093, "percent_above_0.1m": 0.0, "low_level_<0.5": 0.0, "mid_level_0.5-2": 0.0, "tall_2+": 0.0 }, "geometry": { "type": "Point", "coordinates": [ 0.877553956464521, 51.91651295242179 ] } },
{ "type": "Feature", "properties": { "max_height": 0.000499725341796875, "mean_height": -0.00012933640391565859, "std_height": 0.00070575712015852332, "count_pixels": 42, "percent_cover": 0.038482682792743264, "percent_above_0.1m": 0.0, "low_level_<0.5": 0.0, "mid_level_0.5-2": 0.0, "tall_2+": 0.0 }, "geometry": { "type": "Point", "coordinates": [ 0.877755161316183, 51.916508030513427 ] } },
{ "type": "Feature", "properties": { "max_height": 0.000499725341796875, "mean_height": -0.00016083828813862056, "std_height": 0.00075497751822695136, "count_pixels": 43, "percent_cover": 0.039398937144951442, "percent_above_0.1m": 0.0, "low_level_<0.5": 0.0, "mid_level_0.5-2": 0.0, "tall_2+": 0.0 }, "geometry": { "type": "Point", "coordinates": [ 0.87795636611309, 51.916503108258929 ] } },
{ "type": "Feature", "properties": { "max_height": 3.814697265625e-06, "mean_height": -0.00033551594242453575, "std_height": 0.0010372680844739079, "count_pixels": 43, "percent_cover": 0.039398937144951442, "percent_above_0.1m": 0.0, "low_level_<0.5": 0.0, "mid_level_0.5-2": 0.0, "tall_2+": 0.0 }, "geometry": { "type": "Point", "coordinates": [ 0.878157570855232, 51.916498185658241 ] } },
{ "type": "Feature", "properties": { "max_height": 0.01450347900390625, "mean_height": 0.0026565734297037125, "std_height": 0.0046279351226985455, "count_pixels": 42, "percent_cover": 0.038482682792743264, "percent_above_0.1m": 0.0, "low_level_<0.5": 0.0, "mid_level_0.5-2": 0.0, "tall_2+": 0.0 }, "geometry": { "type": "Point", "coordinates": [ 0.878358775542612, 51.916493262711384 ] } },
{ "type": "Feature", "properties": { "max_height": 1.2137527465820312, "mean_height": 0.037798769772052765, "std_height": 0.1919693797826767, "count_pixels": 43, "percent_cover": 0.039398937144951442, "percent_above_0.1m": 4.6511627906976747, "low_level_<0.5": 2.3255813953488373, "mid_level_0.5-2": 2.3255813953488373, "tall_2+": 0.0 }, "geometry": { "type": "Point", "coordinates": [ 0.878559980175228, 51.916488339418379 ] } },
{ "type": "Feature", "properties": { "max_height": 12.819751739501953, "mean_height": 3.2113277912139893, "std_height": 4.5848474502563477, "count_pixels": 43, "percent_cover": 0.039398937144951442, "percent_above_0.1m": 48.837209302325576, "low_level_<0.5": 2.3255813953488373, "mid_level_0.5-2": 4.6511627906976747, "tall_2+": 39.534883720930232 }, "geometry": { "type": "Point", "coordinates": [ 0.87876118475307, 51.91648341577919 ] } },
{ "type": "Feature", "properties": { "max_height": 19.866256713867188, "mean_height": 15.785449028015137, "std_height": 3.0092928409576416, "count_pixels": 43, "percent_cover": 0.039398937144951442, "percent_above_0.1m": 100.0, "low_level_<0.5": 0.0, "mid_level_0.5-2": 0.0, "tall_2+": 100.0 }, "geometry": { "type": "Point", "coordinates": [ 0.878962389276135, 51.916478491793832 ] } },
{ "type": "Feature", "properties": { "max_height": 19.426753997802734, "mean_height": 14.248519897460938, "std_height": 3.6863815784454346, "count_pixels": 41, "percent_cover": 0.037566428440535093, "percent_above_0.1m": 100.0, "low_level_<0.5": 0.0, "mid_level_0.5-2": 0.0, "tall_2+": 100.0 }, "geometry": { "type": "Point", "coordinates": [ 0.879163593744422, 51.916473567462319 ] } },
{ "type": "Feature", "properties": { "max_height": 18.295001983642578, "mean_height": 10.682112693786621, "std_height": 5.160952091217041, "count_pixels": 41, "percent_cover": 0.037566428440535093, "percent_above_0.1m": 97.560975609756099, "low_level_<0.5": 0.0, "mid_level_0.5-2": 4.8780487804878048, "tall_2+": 92.682926829268297 }, "geometry": { "type": "Point", "coordinates": [ 0.879364798157928, 51.916468642784629 ] } },
{ "type": "Feature", "properties": { "max_height": 0.98675537109375, "mean_height": 0.23109324276447296, "std_height": 0.25346451997756958, "count_pixels": 41, "percent_cover": 0.037566428440535093, "percent_above_0.1m": 53.658536585365859, "low_level_<0.5": 34.146341463414636, "mid_level_0.5-2": 14.634146341463413, "tall_2+": 0.0 }, "geometry": { "type": "Point", "coordinates": [ 0.879566002516649, 51.916463717760777 ] } },
{ "type": "Feature", "properties": { "max_height": 7.1877517700195312, "mean_height": 1.740414023399353, "std_height": 2.1993710994720459, "count_pixels": 37, "percent_cover": 0.033901411031702404, "percent_above_0.1m": 62.162162162162161, "low_level_<0.5": 8.1081081081081088, "mid_level_0.5-2": 10.810810810810811, "tall_2+": 37.837837837837839 }, "geometry": { "type": "Point", "coordinates": [ 0.879767206820577, 51.916458792390749 ] } },
{ "type": "Feature", "properties": { "max_height": 12.430252075195312, "mean_height": 6.6687955856323242, "std_height": 3.7731494903564453, "count_pixels": 41, "percent_cover": 0.037566428440535093, "percent_above_0.1m": 97.560975609756099, "low_level_<0.5": 9.7560975609756095, "mid_level_0.5-2": 4.8780487804878048, "tall_2+": 82.926829268292678 }, "geometry": { "type": "Point", "coordinates": [ 0.879968411069712, 51.916453866674566 ] } },
{ "type": "Feature", "properties": { "max_height": 17.239749908447266, "mean_height": 11.452057838439941, "std_height": 3.8770604133605957, "count_pixels": 41, "percent_cover": 0.037566428440535093, "percent_above_0.1m": 100.0, "low_level_<0.5": 0.0, "mid_level_0.5-2": 0.0, "tall_2+": 100.0 }, "geometry": { "type": "Point", "coordinates": [ 0.880169615264053, 51.916448940612206 ] } },
{ "type": "Feature", "properties": { "max_height": 18.148502349853516, "mean_height": 10.103642463684082, "std_height": 4.3838944435119629, "count_pixels": 41, "percent_cover": 0.037566428440535093, "percent_above_0.1m": 100.0, "low_level_<0.5": 2.4390243902439024, "mid_level_0.5-2": 4.8780487804878048, "tall_2+": 92.682926829268297 }, "geometry": { "type": "Point", "coordinates": [ 0.880370819403589, 51.91644401420367 ] } },
{ "type": "Feature", "properties": { "max_height": 15.458003997802734, "mean_height": 7.8921566009521484, "std_height": 3.8522212505340576, "count_pixels": 42, "percent_cover": 0.038482682792743264, "percent_above_0.1m": 100.0, "low_level_<0.5": 2.3809523809523809, "mid_level_0.5-2": 4.7619047619047619, "tall_2+": 92.857142857142861 }, "geometry": { "type": "Point", "coordinates": [ 0.880572023488324, 51.916439087448978 ] } },
{ "type": "Feature", "properties": { "max_height": 13.562503814697266, "mean_height": 6.1807408332824707, "std_height": 2.3112611770629883, "count_pixels": 43, "percent_cover": 0.039398937144951442, "percent_above_0.1m": 100.0, "low_level_<0.5": 0.0, "mid_level_0.5-2": 2.3255813953488373, "tall_2+": 97.674418604651152 }, "geometry": { "type": "Point", "coordinates": [ 0.88077322751825, 51.916434160348103 ] } },
{ "type": "Feature", "properties": { "max_height": 10.878253936767578, "mean_height": 5.3342461585998535, "std_height": 2.5541443824768066, "count_pixels": 43, "percent_cover": 0.039398937144951442, "percent_above_0.1m": 100.0, "low_level_<0.5": 0.0, "mid_level_0.5-2": 2.3255813953488373, "tall_2+": 97.674418604651152 }, "geometry": { "type": "Point", "coordinates": [ 0.880974431493362, 51.916429232901073 ] } },
{ "type": "Feature", "properties": { "max_height": 4.5647544860839844, "mean_height": 2.2365741729736328, "std_height": 1.1395840644836426, "count_pixels": 42, "percent_cover": 0.038482682792743264, "percent_above_0.1m": 100.0, "low_level_<0.5": 4.7619047619047619, "mid_level_0.5-2": 38.095238095238095, "tall_2+": 57.142857142857139 }, "geometry": { "type": "Point", "coordinates": [ 0.881175635413655, 51.916424305107874 ] } },
{ "type": "Feature", "properties": { "max_height": 2.3587532043457031, "mean_height": 0.53749704360961914, "std_height": 0.72145497798919678, "count_pixels": 43, "percent_cover": 0.039398937144951442, "percent_above_0.1m": 55.813953488372093, "low_level_<0.5": 11.627906976744185, "mid_level_0.5-2": 27.906976744186046, "tall_2+": 6.9767441860465116 }, "geometry": { "type": "Point", "coordinates": [ 0.881376839279138, 51.916419376968506 ] } },
{ "type": "Feature", "properties": { "max_height": 0.017749786376953125, "mean_height": 0.0049844784662127495, "std_height": 0.0049891220405697823, "count_pixels": 43, "percent_cover": 0.039398937144951442, "percent_above_0.1m": 0.0, "low_level_<0.5": 0.0, "mid_level_0.5-2": 0.0, "tall_2+": 0.0 }, "geometry": { "type": "Point", "coordinates": [ 0.881578042983446, 51.916414448543456 ] } },
{ "type": "Feature", "properties": { "max_height": 0.66425323486328125, "mean_height": 0.075164973735809326, "std_height": 0.14792805910110474, "count_pixels": 43, "percent_cover": 0.039398937144951442, "percent_above_0.1m": 20.930232558139537, "low_level_<0.5": 18.604651162790699, "mid_level_0.5-2": 2.3255813953488373, "tall_2+": 0.0 }, "geometry": { "type": "Point", "coordinates": [ 0.881779246156484, 51.91640952043754 ] } },
{ "type": "Feature", "properties": { "max_height": 0.2817535400390625, "mean_height": 0.012824732810258865, "std_height": 0.047044180333614349, "count_pixels": 41, "percent_cover": 0.037566428440535093, "percent_above_0.1m": 4.8780487804878048, "low_level_<0.5": 2.4390243902439024, "mid_level_0.5-2": 0.0, "tall_2+": 0.0 }, "geometry": { "type": "Point", "coordinates": [ 0.876253021519341, 51.916652690451961 ] } },
{ "type": "Feature", "properties": { "max_height": 0.045501708984375, "mean_height": 0.006699584424495697, "std_height": 0.011291651055216789, "count_pixels": 43, "percent_cover": 0.039398937144951442, "percent_above_0.1m": 0.0, "low_level_<0.5": 0.0, "mid_level_0.5-2": 0.0, "tall_2+": 0.0 }, "geometry": { "type": "Point", "coordinates": [ 0.876454227176174, 51.91664777080247 ] } },
{ "type": "Feature", "properties": { "max_height": 0.22350311279296875, "mean_height": 0.017094723880290985, "std_height": 0.050428837537765503, "count_pixels": 43, "percent_cover": 0.039398937144951442, "percent_above_0.1m": 6.9767441860465116, "low_level_<0.5": 4.6511627906976747, "mid_level_0.5-2": 0.0, "tall_2+": 0.0 }, "geometry": { "type": "Point", "coordinates": [ 0.876655432778282, 51.916642850806809 ] } },
{ "type": "Feature", "properties": { "max_height": 3.1832542419433594, "mean_height": 0.62737327814102173, "std_height": 0.99436086416244507, "count_pixels": 43, "percent_cover": 0.039398937144951442, "percent_above_0.1m": 39.534883720930232, "low_level_<0.5": 6.9767441860465116, "mid_level_0.5-2": 16.279069767441861, "tall_2+": 16.279069767441861 }, "geometry": { "type": "Point", "coordinates": [ 0.876856638325647, 51.916637930464979 ] } },
{ "type": "Feature", "properties": { "max_height": 0.25, "mean_height": 0.0083642685785889626, "std_height": 0.038858722895383835, "count_pixels": 42, "percent_cover": 0.038482682792743264, "percent_above_0.1m": 2.3809523809523809, "low_level_<0.5": 2.3809523809523809, "mid_level_0.5-2": 0.0, "tall_2+": 0.0 }, "geometry": { "type": "Point", "coordinates": [ 0.877057843818273, 51.91663300977698 ] } },
{ "type": "Feature", "properties": { "max_height": 0.00299835205078125, "mean_height": 7.1946968091651797e-05, "std_height": 0.00050622230628505349, "count_pixels": 43, "percent_cover": 0.039398937144951442, "percent_above_0.1m": 0.0, "low_level_<0.5": 0.0, "mid_level_0.5-2": 0.0, "tall_2+": 0.0 }, "geometry": { "type": "Point", "coordinates": [ 0.877259049256155, 51.916628088742812 ] } },
{ "type": "Feature", "properties": { "max_height": 13.135753631591797, "mean_height": 1.4824203252792358, "std_height": 3.5501091480255127, "count_pixels": 43, "percent_cover": 0.039398937144951442, "percent_above_0.1m": 23.255813953488371, "low_level_<0.5": 0.0, "mid_level_0.5-2": 2.3255813953488373, "tall_2+": 16.279069767441861 }, "geometry": { "type": "Point", "coordinates": [ 0.877460254639289, 51.916623167362467 ] } },
{ "type": "Feature", "properties": { "max_height": 12.990253448486328, "mean_height": 2.3451685905456543, "std_height": 4.2720184326171875, "count_pixels": 42, "percent_cover": 0.038482682792743264, "percent_above_0.1m": 30.952380952380953, "low_level_<0.5": 2.3809523809523809, "mid_level_0.5-2": 2.3809523809523809, "tall_2+": 26.190476190476193 }, "geometry": { "type": "Point", "coordinates": [ 0.877661459967677, 51.916618245635973 ] } },
{ "type": "Feature", "properties": { "max_height": 0.00150299072265625, "mean_height": -0.00037598027847707272, "std_height": 0.0018267381237819791, "count_pixels": 41, "percent_cover": 0.037566428440535093, "percent_above_0.1m": 0.0, "low_level_<0.5": 0.0, "mid_level_0.5-2": 0.0, "tall_2+": 0.0 }, "geometry": { "type": "Point", "coordinates": [ 0.877862665241299, 51.91661332356329 ] } },
{ "type": "Feature", "properties": { "max_height": 0.10150146484375, "mean_height": 0.0024588981177657843, "std_height": 0.015722613781690598, "count_pixels": 41, "percent_cover": 0.037566428440535093, "percent_above_0.1m": 2.4390243902439024, "low_level_<0.5": 0.0, "mid_level_0.5-2": 0.0, "tall_2+": 0.0 }, "geometry": { "type": "Point", "coordinates": [ 0.878063870460173, 51.916608401144451 ] } },
{ "type": "Feature", "properties": { "max_height": 10.789249420166016, "mean_height": 0.91262364387512207, "std_height": 2.348421573638916, "count_pixels": 41, "percent_cover": 0.037566428440535093, "percent_above_0.1m": 24.390243902439025, "low_level_<0.5": 2.4390243902439024, "mid_level_0.5-2": 7.3170731707317067, "tall_2+": 14.634146341463413 }, "geometry": { "type": "Point", "coordinates": [ 0.878265075624277, 51.916603478379429 ] } },
{ "type": "Feature", "properties": { "max_height": 13.53375244140625, "mean_height": 4.81671142578125, "std_height": 4.9902458190917969, "count_pixels": 37, "percent_cover": 0.033901411031702404, "percent_above_0.1m": 59.45945945945946, "low_level_<0.5": 2.7027027027027026, "mid_level_0.5-2": 2.7027027027027026, "tall_2+": 51.351351351351347 }, "geometry": { "type": "Point", "coordinates": [ 0.878466280733619, 51.916598555268237 ] } },
{ "type": "Feature", "properties": { "max_height": 16.987754821777344, "mean_height": 5.6764297485351562, "std_height": 5.7933588027954102, "count_pixels": 41, "percent_cover": 0.037566428440535093, "percent_above_0.1m": 65.853658536585371, "low_level_<0.5": 0.0, "mid_level_0.5-2": 9.7560975609756095, "tall_2+": 56.09756097560976 }, "geometry": { "type": "Point", "coordinates": [ 0.878667485788189, 51.916593631810912 ] } },
{ "type": "Feature", "properties": { "max_height": 18.786998748779297, "mean_height": 14.079293251037598, "std_height": 3.39518141746521, "count_pixels": 41, "percent_cover": 0.037566428440535093, "percent_above_0.1m": 100.0, "low_level_<0.5": 0.0, "mid_level_0.5-2": 0.0, "tall_2+": 100.0 }, "geometry": { "type": "Point", "coordinates": [ 0.878868690787989, 51.916588708007374 ] } },
{ "type": "Feature", "properties": { "max_height": 20.877002716064453, "mean_height": 14.942940711975098, "std_height": 4.651374340057373, "count_pixels": 41, "percent_cover": 0.037566428440535093, "percent_above_0.1m": 100.0, "low_level_<0.5": 0.0, "mid_level_0.5-2": 0.0, "tall_2+": 100.0 }, "geometry": { "type": "Point", "coordinates": [ 0.879069895733007, 51.916583783857696 ] } },
{ "type": "Feature", "properties": { "max_height": 17.951251983642578, "mean_height": 12.474391937255859, "std_height": 5.091310977935791, "count_pixels": 43, "percent_cover": 0.039398937144951442, "percent_above_0.1m": 97.674418604651152, "low_level_<0.5": 0.0, "mid_level_0.5-2": 6.9767441860465116, "tall_2+": 90.697674418604649 }, "geometry": { "type": "Point", "coordinates": [ 0.879271100623249, 51.916578859361842 ] } },
{ "type": "Feature", "properties": { "max_height": 13.890251159667969, "mean_height": 1.824188232421875, "std_height": 3.2764346599578857, "count_pixels": 43, "percent_cover": 0.039398937144951442, "percent_above_0.1m": 48.837209302325576, "low_level_<0.5": 2.3255813953488373, "mid_level_0.5-2": 16.279069767441861, "tall_2+": 23.255813953488371 }, "geometry": { "type": "Point", "coordinates": [ 0.879472305458698, 51.916573934519811 ] } },
{ "type": "Feature", "properties": { "max_height": 0.63574981689453125, "mean_height": 0.11285098642110825, "std_height": 0.12515664100646973, "count_pixels": 43, "percent_cover": 0.039398937144951442, "percent_above_0.1m": 44.186046511627907, "low_level_<0.5": 18.604651162790699, "mid_level_0.5-2": 2.3255813953488373, "tall_2+": 0.0 }, "geometry": { "type": "Point", "coordinates": [ 0.879673510239368, 51.91656900933161 ] } },
{ "type": "Feature", "properties": { "max_height": 7.0397529602050781, "mean_height": 2.1910970211029053, "std_height": 2.2661998271942139, "count_pixels": 42, "percent_cover": 0.038482682792743264, "percent_above_0.1m": 78.571428571428569, "low_level_<0.5": 14.285714285714285, "mid_level_0.5-2": 19.047619047619047, "tall_2+": 42.857142857142854 }, "geometry": { "type": "Point", "coordinates": [ 0.879874714965244, 51.916564083797255 ] } },
{ "type": "Feature", "properties": { "max_height": 15.892250061035156, "mean_height": 11.942112922668457, "std_height": 2.7368006706237793, "count_pixels": 43, "percent_cover": 0.039398937144951442, "percent_above_0.1m": 100.0, "low_level_<0.5": 0.0, "mid_level_0.5-2": 0.0, "tall_2+": 100.0 }, "geometry": { "type": "Point", "coordinates": [ 0.880075919636314, 51.916559157916723 ] } },
{ "type": "Feature", "properties": { "max_height": 18.448001861572266, "mean_height": 13.027786254882812, "std_height": 3.5719969272613525, "count_pixels": 43, "percent_cover": 0.039398937144951442, "percent_above_0.1m": 100.0, "low_level_<0.5": 0.0, "mid_level_0.5-2": 0.0, "tall_2+": 100.0 }, "geometry": { "type": "Point", "coordinates": [ 0.880277124252598, 51.916554231690021 ] } },
{ "type": "Feature", "properties": { "max_height": 17.661003112792969, "mean_height": 7.7397360801696777, "std_height": 4.885796070098877, "count_pixels": 42, "percent_cover": 0.038482682792743264, "percent_above_0.1m": 92.857142857142861, "low_level_<0.5": 0.0, "mid_level_0.5-2": 9.5238095238095237, "tall_2+": 83.333333333333343 }, "geometry": { "type": "Point", "coordinates": [ 0.880478328814073, 51.91654930511713 ] } },
{ "type": "Feature", "properties": { "max_height": 12.852252960205078, "mean_height": 5.2813506126403809, "std_height": 3.2725715637207031, "count_pixels": 41, "percent_cover": 0.037566428440535093, "percent_above_0.1m": 100.0, "low_level_<0.5": 2.4390243902439024, "mid_level_0.5-2": 17.073170731707318, "tall_2+": 80.487804878048792 }, "geometry": { "type": "Point", "coordinates": [ 0.88067953332074, 51.916544378198097 ] } },
{ "type": "Feature", "properties": { "max_height": 10.004501342773438, "mean_height": 5.8233814239501953, "std_height": 2.6165270805358887, "count_pixels": 41, "percent_cover": 0.037566428440535093, "percent_above_0.1m": 100.0, "low_level_<0.5": 0.0, "mid_level_0.5-2": 9.7560975609756095, "tall_2+": 90.243902439024396 }, "geometry": { "type": "Point", "coordinates": [ 0.880880737772598, 51.916539450932888 ] } },
{ "type": "Feature", "properties": { "max_height": 6.2372512817382812, "mean_height": 2.5770268440246582, "std_height": 1.5210208892822266, "count_pixels": 41, "percent_cover": 0.037566428440535093, "percent_above_0.1m": 100.0, "low_level_<0.5": 7.3170731707317067, "mid_level_0.5-2": 29.268292682926827, "tall_2+": 63.414634146341463 }, "geometry": { "type": "Point", "coordinates": [ 0.881081942169645, 51.916534523321502 ] } },
{ "type": "Feature", "properties": { "max_height": 3.9767532348632812, "mean_height": 1.4391574859619141, "std_height": 1.1279416084289551, "count_pixels": 37, "percent_cover": 0.033901411031702404, "percent_above_0.1m": 97.297297297297305, "low_level_<0.5": 24.324324324324326, "mid_level_0.5-2": 35.135135135135137, "tall_2+": 35.135135135135137 }, "geometry": { "type": "Point", "coordinates": [ 0.881283146511868, 51.916529595363954 ] } },
{ "type": "Feature", "properties": { "max_height": 1.9207496643066406, "mean_height": 0.093197055160999298, "std_height": 0.32815003395080566, "count_pixels": 41, "percent_cover": 0.037566428440535093, "percent_above_0.1m": 9.7560975609756095, "low_level_<0.5": 2.4390243902439024, "mid_level_0.5-2": 7.3170731707317067, "tall_2+": 0.0 }, "geometry": { "type": "Point", "coordinates": [ 0.881484350799272, 51.916524667060216 ] } },
{ "type": "Feature", "properties": { "max_height": 8.2205047607421875, "mean_height": 0.84196555614471436, "std_height": 2.1316461563110352, "count_pixels": 41, "percent_cover": 0.037566428440535093, "percent_above_0.1m": 29.268292682926827, "low_level_<0.5": 9.7560975609756095, "mid_level_0.5-2": 9.7560975609756095, "tall_2+": 9.7560975609756095 }, "geometry": { "type": "Point", "coordinates": [ 0.881685554686972, 51.916519738757408 ] } },
{ "type": "Feature", "properties": { "max_height": 0.11199951171875, "mean_height": 0.0067026093602180481, "std_height": 0.023177703842520714, "count_pixels": 41, "percent_cover": 0.037566428440535093, "percent_above_0.1m": 4.8780487804878048, "low_level_<0.5": 0.0, "mid_level_0.5-2": 0.0, "tall_2+": 0.0 }, "geometry": { "type": "Point", "coordinates": [ 0.876360522545362, 51.916757984737913 ] } },
{ "type": "Feature", "properties": { "max_height": 0.02175140380859375, "mean_height": 0.0029590886551886797, "std_height": 0.0054428586736321449, "count_pixels": 41, "percent_cover": 0.037566428440535093, "percent_above_0.1m": 0.0, "low_level_<0.5": 0.0, "mid_level_0.5-2": 0.0, "tall_2+": 0.0 }, "geometry": { "type": "Point", "coordinates": [ 0.876561728624184, 51.916753064924087 ] } },
{ "type": "Feature", "properties": { "max_height": 0.016002655029296875, "mean_height": 0.0011905577266588807, "std_height": 0.0032871430739760399, "count_pixels": 41, "percent_cover": 0.037566428440535093, "percent_above_0.1m": 0.0, "low_level_<0.5": 0.0, "mid_level_0.5-2": 0.0, "tall_2+": 0.0 }, "geometry": { "type": "Point", "coordinates": [ 0.876762934648269, 51.916748144764107 ] } },
{ "type": "Feature", "properties": { "max_height": 0.76300430297851562, "mean_height": 0.027934512123465538, "std_height": 0.12354594469070435, "count_pixels": 37, "percent_cover": 0.033901411031702404, "percent_above_0.1m": 2.7027027027027026, "low_level_<0.5": 0.0, "mid_level_0.5-2": 2.7027027027027026, "tall_2+": 0.0 }, "geometry": { "type": "Point", "coordinates": [ 0.876964140617618, 51.916743224257957 ] } },
{ "type": "Feature", "properties": { "max_height": 2.3355026245117188, "mean_height": 0.33781871199607849, "std_height": 0.62011945247650146, "count_pixels": 41, "percent_cover": 0.037566428440535093, "percent_above_0.1m": 36.585365853658537, "low_level_<0.5": 12.195121951219512, "mid_level_0.5-2": 17.073170731707318, "tall_2+": 2.4390243902439024 }, "geometry": { "type": "Point", "coordinates": [ 0.877165346532219, 51.916738303405644 ] } },
{ "type": "Feature", "properties": { "max_height": 13.515998840332031, "mean_height": 2.7977578639984131, "std_height": 3.8770761489868164, "count_pixels": 41, "percent_cover": 0.037566428440535093, "percent_above_0.1m": 63.414634146341463, "low_level_<0.5": 2.4390243902439024, "mid_level_0.5-2": 19.512195121951219, "tall_2+": 41.463414634146339 }, "geometry": { "type": "Point", "coordinates": [ 0.877366552392078, 51.916733382207127 ] } },
{ "type": "Feature", "properties": { "max_height": 17.607254028320312, "mean_height": 15.75340461730957, "std_height": 1.2335582971572876, "count_pixels": 41, "percent_cover": 0.037566428440535093, "percent_above_0.1m": 100.0, "low_level_<0.5": 0.0, "mid_level_0.5-2": 0.0, "tall_2+": 100.0 }, "geometry": { "type": "Point", "coordinates": [ 0.877567758197187, 51.91672846066249 ] } },
{ "type": "Feature", "properties": { "max_height": 15.373752593994141, "mean_height": 3.5545856952667236, "std_height": 5.2136573791503906, "count_pixels": 42, "percent_cover": 0.038482682792743264, "percent_above_0.1m": 66.666666666666657, "low_level_<0.5": 9.5238095238095237, "mid_level_0.5-2": 23.809523809523807, "tall_2+": 33.333333333333329 }, "geometry": { "type": "Point", "coordinates": [ 0.877768963947543, 51.916723538771649 ] } },
{ "type": "Feature", "properties": { "max_height": 2.5662498474121094, "mean_height": 0.6109088659286499, "std_height": 0.84177964925765991, "count_pixels": 43, "percent_cover": 0.039398937144951442, "percent_above_0.1m": 44.186046511627907, "low_level_<0.5": 9.3023255813953494, "mid_level_0.5-2": 25.581395348837212, "tall_2+": 9.3023255813953494 }, "geometry": { "type": "Point", "coordinates": [ 0.877970169643139, 51.916718616534652 ] } },
{ "type": "Feature", "properties": { "max_height": 2.2400016784667969, "mean_height": 0.29518181085586548, "std_height": 0.59204137325286865, "count_pixels": 43, "percent_cover": 0.039398937144951442, "percent_above_0.1m": 30.232558139534881, "low_level_<0.5": 9.3023255813953494, "mid_level_0.5-2": 13.953488372093023, "tall_2+": 4.6511627906976747 }, "geometry": { "type": "Point", "coordinates": [ 0.878171375283976, 51.916713693951465 ] } },
{ "type": "Feature", "properties": { "max_height": 14.388004302978516, "mean_height": 5.5887942314147949, "std_height": 5.480400562286377, "count_pixels": 42, "percent_cover": 0.038482682792743264, "percent_above_0.1m": 66.666666666666657, "low_level_<0.5": 0.0, "mid_level_0.5-2": 11.904761904761903, "tall_2+": 54.761904761904766 }, "geometry": { "type": "Point", "coordinates": [ 0.878372580870044, 51.916708771022115 ] } },
{ "type": "Feature", "properties": { "max_height": 13.518253326416016, "mean_height": 4.7954440116882324, "std_height": 4.433936595916748, "count_pixels": 43, "percent_cover": 0.039398937144951442, "percent_above_0.1m": 72.093023255813947, "low_level_<0.5": 4.6511627906976747, "mid_level_0.5-2": 9.3023255813953494, "tall_2+": 58.139534883720934 }, "geometry": { "type": "Point", "coordinates": [ 0.878573786401347, 51.916703847746611 ] } },
{ "type": "Feature", "properties": { "max_height": 18.019004821777344, "mean_height": 6.8900432586669922, "std_height": 6.0116052627563477, "count_pixels": 43, "percent_cover": 0.039398937144951442, "percent_above_0.1m": 83.720930232558146, "low_level_<0.5": 2.3255813953488373, "mid_level_0.5-2": 13.953488372093023, "tall_2+": 65.116279069767444 }, "geometry": { "type": "Point", "coordinates": [ 0.878774991877881, 51.916698924124915 ] } },
{ "type": "Feature", "properties": { "max_height": 20.701751708984375, "mean_height": 14.930109024047852, "std_height": 4.8897123336791992, "count_pixels": 43, "percent_cover": 0.039398937144951442, "percent_above_0.1m": 100.0, "low_level_<0.5": 0.0, "mid_level_0.5-2": 0.0, "tall_2+": 100.0 }, "geometry": { "type": "Point", "coordinates": [ 0.878976197299632, 51.916694000157072 ] } },
{ "type": "Feature", "properties": { "max_height": 19.751003265380859, "mean_height": 11.513020515441895, "std_height": 5.9524040222167969, "count_pixels": 41, "percent_cover": 0.037566428440535093, "percent_above_0.1m": 90.243902439024396, "low_level_<0.5": 2.4390243902439024, "mid_level_0.5-2": 2.4390243902439024, "tall_2+": 82.926829268292678 }, "geometry": { "type": "Point", "coordinates": [ 0.87917740266661, 51.916689075843038 ] } },
{ "type": "Feature", "properties": { "max_height": 17.009502410888672, "mean_height": 8.5755634307861328, "std_height": 5.5247807502746582, "count_pixels": 41, "percent_cover": 0.037566428440535093, "percent_above_0.1m": 87.804878048780495, "low_level_<0.5": 0.0, "mid_level_0.5-2": 7.3170731707317067, "tall_2+": 80.487804878048792 }, "geometry": { "type": "Point", "coordinates": [ 0.879378607978798, 51.916684151182835 ] } },
{ "type": "Feature", "properties": { "max_height": 7.1565017700195312, "mean_height": 2.297276496887207, "std_height": 2.2822334766387939, "count_pixels": 41, "percent_cover": 0.037566428440535093, "percent_above_0.1m": 80.487804878048792, "low_level_<0.5": 12.195121951219512, "mid_level_0.5-2": 17.073170731707318, "tall_2+": 46.341463414634148 }, "geometry": { "type": "Point", "coordinates": [ 0.879579813236207, 51.91667922617647 ] } },
{ "type": "Feature", "properties": { "max_height": 12.757755279541016, "mean_height": 2.7671236991882324, "std_height": 4.3616523742675781, "count_pixels": 37, "percent_cover": 0.033901411031702404, "percent_above_0.1m": 51.351351351351347, "low_level_<0.5": 10.810810810810811, "mid_level_0.5-2": 0.0, "tall_2+": 32.432432432432435 }, "geometry": { "type": "Point", "coordinates": [ 0.879781018438816, 51.916674300823942 ] } },
{ "type": "Feature", "properties": { "max_height": 15.313755035400391, "mean_height": 6.7466244697570801, "std_height": 4.2283902168273926, "count_pixels": 41, "percent_cover": 0.037566428440535093, "percent_above_0.1m": 95.121951219512198, "low_level_<0.5": 4.8780487804878048, "mid_level_0.5-2": 4.8780487804878048, "tall_2+": 85.365853658536579 }, "geometry": { "type": "Point", "coordinates": [ 0.879982223586638, 51.916669375125238 ] } },
{ "type": "Feature", "properties": { "max_height": 16.184253692626953, "mean_height": 11.829069137573242, "std_height": 2.7582063674926758, "count_pixels": 41, "percent_cover": 0.037566428440535093, "percent_above_0.1m": 100.0, "low_level_<0.5": 0.0, "mid_level_0.5-2": 0.0, "tall_2+": 100.0 }, "geometry": { "type": "Point", "coordinates": [ 0.880183428679658, 51.916664449080336 ] } },
{ "type": "Feature", "properties": { "max_height": 14.069503784179688, "mean_height": 3.9955575466156006, "std_height": 3.5346653461456299, "count_pixels": 41, "percent_cover": 0.037566428440535093, "percent_above_0.1m": 97.560975609756099, "low_level_<0.5": 2.4390243902439024, "mid_level_0.5-2": 41.463414634146339, "tall_2+": 53.658536585365859 }, "geometry": { "type": "Point", "coordinates": [ 0.880384633717881, 51.916659522689294 ] } },
{ "type": "Feature", "properties": { "max_height": 10.398002624511719, "mean_height": 4.4942045211791992, "std_height": 2.8979847431182861, "count_pixels": 42, "percent_cover": 0.038482682792743264, "percent_above_0.1m": 97.61904761904762, "low_level_<0.5": 7.1428571428571423, "mid_level_0.5-2": 14.285714285714285, "tall_2+": 73.80952380952381 }, "geometry": { "type": "Point", "coordinates": [ 0.880585838701296, 51.916654595952082 ] } },
{ "type": "Feature", "properties": { "max_height": 10.235752105712891, "mean_height": 5.1599621772766113, "std_height": 2.6644983291625977, "count_pixels": 43, "percent_cover": 0.039398937144951442, "percent_above_0.1m": 100.0, "low_level_<0.5": 0.0, "mid_level_0.5-2": 18.604651162790699, "tall_2+": 81.395348837209298 }, "geometry": { "type": "Point", "coordinates": [ 0.880787043629894, 51.916649668868686 ] } },
{ "type": "Feature", "properties": { "max_height": 4.0940055847167969, "mean_height": 1.8340549468994141, "std_height": 1.0730379819869995, "count_pixels": 43, "percent_cover": 0.039398937144951442, "percent_above_0.1m": 97.674418604651152, "low_level_<0.5": 4.6511627906976747, "mid_level_0.5-2": 48.837209302325576, "tall_2+": 41.860465116279073 }, "geometry": { "type": "Point", "coordinates": [ 0.88098824850369, 51.916644741439107 ] } },
{ "type": "Feature", "properties": { "max_height": 4.8300018310546875, "mean_height": 1.7004848718643188, "std_height": 1.5435804128646851, "count_pixels": 42, "percent_cover": 0.038482682792743264, "percent_above_0.1m": 73.80952380952381, "low_level_<0.5": 2.3809523809523809, "mid_level_0.5-2": 26.190476190476193, "tall_2+": 40.476190476190474 }, "geometry": { "type": "Point", "coordinates": [ 0.881189453322669, 51.916639813663387 ] } },
{ "type": "Feature", "properties": { "max_height": 1.6802520751953125, "mean_height": 0.22385682165622711, "std_height": 0.48338675498962402, "count_pixels": 43, "percent_cover": 0.039398937144951442, "percent_above_0.1m": 20.930232558139537, "low_level_<0.5": 6.9767441860465116, "mid_level_0.5-2": 13.953488372093023, "tall_2+": 0.0 }, "geometry": { "type": "Point", "coordinates": [ 0.881390658086818, 51.916634885541484 ] } },
{ "type": "Feature", "properties": { "max_height": 8.4957542419433594, "mean_height": 0.99192702770233154, "std_height": 2.285287618637085, "count_pixels": 43, "percent_cover": 0.039398937144951442, "percent_above_0.1m": 37.209302325581397, "low_level_<0.5": 9.3023255813953494, "mid_level_0.5-2": 11.627906976744185, "tall_2+": 11.627906976744185 }, "geometry": { "type": "Point", "coordinates": [ 0.881591862665055, 51.916629957147428 ] } },
{ "type": "Feature", "properties": { "max_height": 0.42824935913085938, "mean_height": 0.020932219922542572, "std_height": 0.069770075380802155, "count_pixels": 43, "percent_cover": 0.039398937144951442, "percent_above_0.1m": 4.6511627906976747, "low_level_<0.5": 4.6511627906976747, "mid_level_0.5-2": 0.0, "tall_2+": 0.0 }, "geometry": { "type": "Point", "coordinates": [ 0.876468024048096, 51.916863278945343 ] } },
{ "type": "Feature", "properties": { "max_height": 0.02050018310546875, "mean_height": 0.0010017572203651071, "std_height": 0.0035853204317390919, "count_pixels": 43, "percent_cover": 0.039398937144951442, "percent_above_0.1m": 0.0, "low_level_<0.5": 0.0, "mid_level_0.5-2": 0.0, "tall_2+": 0.0 }, "geometry": { "type": "Point", "coordinates": [ 0.876669230548902, 51.916858358967204 ] } },
{ "type": "Feature", "properties": { "max_height": 0.04000091552734375, "mean_height": 0.0035076586063951254, "std_height": 0.0075381053611636162, "count_pixels": 43, "percent_cover": 0.039398937144951442, "percent_above_0.1m": 0.0, "low_level_<0.5": 0.0, "mid_level_0.5-2": 0.0, "tall_2+": 0.0 }, "geometry": { "type": "Point", "coordinates": [ 0.876870436994974, 51.916853438642896 ] } },
{ "type": "Feature", "properties": { "max_height": 0.042751312255859375, "mean_height": 0.0030075255781412125, "std_height": 0.0073355580680072308, "count_pixels": 42, "percent_cover": 0.038482682792743264, "percent_above_0.1m": 0.0, "low_level_<0.5": 0.0, "mid_level_0.5-2": 0.0, "tall_2+": 0.0 }, "geometry": { "type": "Point", "coordinates": [ 0.877071643386303, 51.916848517972433 ] } },
{ "type": "Feature", "properties": { "max_height": 2.0082511901855469, "mean_height": 0.11261864751577377, "std_height": 0.34135803580284119, "count_pixels": 43, "percent_cover": 0.039398937144951442, "percent_above_0.1m": 13.953488372093023, "low_level_<0.5": 4.6511627906976747, "mid_level_0.5-2": 6.9767441860465116, "tall_2+": 2.3255813953488373 }, "geometry": { "type": "Point", "coordinates": [ 0.877272849722887, 51.916843596955772 ] } },
{ "type": "Feature", "properties": { "max_height": 15.185005187988281, "mean_height": 3.5900778770446777, "std_height": 5.1013393402099609, "count_pixels": 43, "percent_cover": 0.039398937144951442, "percent_above_0.1m": 46.511627906976742, "low_level_<0.5": 4.6511627906976747, "mid_level_0.5-2": 4.6511627906976747, "tall_2+": 37.209302325581397 }, "geometry": { "type": "Point", "coordinates": [ 0.877474056004721, 51.91683867559297 ] } },
{ "type": "Feature", "properties": { "max_height": 16.093002319335938, "mean_height": 4.2883062362670898, "std_height": 5.6889204978942871, "count_pixels": 42, "percent_cover": 0.038482682792743264, "percent_above_0.1m": 45.238095238095241, "low_level_<0.5": 2.3809523809523809, "mid_level_0.5-2": 4.7619047619047619, "tall_2+": 38.095238095238095 }, "geometry": { "type": "Point", "coordinates": [ 0.877675262231802, 51.916833753883964 ] } },
{ "type": "Feature", "properties": { "max_height": 0.16374969482421875, "mean_height": 0.0074595008045434952, "std_height": 0.025838689878582954, "count_pixels": 41, "percent_cover": 0.037566428440535093, "percent_above_0.1m": 2.4390243902439024, "low_level_<0.5": 2.4390243902439024, "mid_level_0.5-2": 0.0, "tall_2+": 0.0 }, "geometry": { "type": "Point", "coordinates": [ 0.87787646840413, 51.916828831828795 ] } },
{ "type": "Feature", "properties": { "max_height": 0.013004302978515625, "mean_height": 0.00062374951085075736, "std_height": 0.0026627522893249989, "count_pixels": 41, "percent_cover": 0.037566428440535093, "percent_above_0.1m": 0.0, "low_level_<0.5": 0.0, "mid_level_0.5-2": 0.0, "tall_2+": 0.0 }, "geometry": { "type": "Point", "coordinates": [ 0.8780776745217, 51.916823909427471 ] } },
{ "type": "Feature", "properties": { "max_height": 0.014003753662109375, "mean_height": 0.001575190806761384, "std_height": 0.0038773284759372473, "count_pixels": 41, "percent_cover": 0.037566428440535093, "percent_above_0.1m": 0.0, "low_level_<0.5": 0.0, "mid_level_0.5-2": 0.0, "tall_2+": 0.0 }, "geometry": { "type": "Point", "coordinates": [ 0.878278880584503, 51.916818986679964 ] } },
{ "type": "Feature", "properties": { "max_height": 0.0240020751953125, "mean_height": 0.0012792638735845685, "std_height": 0.00526406429708004, "count_pixels": 37, "percent_cover": 0.033901411031702404, "percent_above_0.1m": 0.0, "low_level_<0.5": 0.0, "mid_level_0.5-2": 0.0, "tall_2+": 0.0 }, "geometry": { "type": "Point", "coordinates": [ 0.878480086592536, 51.916814063586294 ] } },
{ "type": "Feature", "properties": { "max_height": 0.029750823974609375, "mean_height": 0.002941131591796875, "std_height": 0.0061442041769623756, "count_pixels": 41, "percent_cover": 0.037566428440535093, "percent_above_0.1m": 0.0, "low_level_<0.5": 0.0, "mid_level_0.5-2": 0.0, "tall_2+": 0.0 }, "geometry": { "type": "Point", "coordinates": [ 0.878681292545805, 51.916809140146427 ] } },
{ "type": "Feature", "properties": { "max_height": 1.8570022583007812, "mean_height": 0.098227523267269135, "std_height": 0.39112713932991028, "count_pixels": 41, "percent_cover": 0.037566428440535093, "percent_above_0.1m": 7.3170731707317067, "low_level_<0.5": 2.4390243902439024, "mid_level_0.5-2": 4.8780487804878048, "tall_2+": 0.0 }, "geometry": { "type": "Point", "coordinates": [ 0.878882498444297, 51.916804216360418 ] } },
{ "type": "Feature", "properties": { "max_height": 17.490501403808594, "mean_height": 4.0104408264160156, "std_height": 5.5142989158630371, "count_pixels": 41, "percent_cover": 0.037566428440535093, "percent_above_0.1m": 48.780487804878049, "low_level_<0.5": 0.0, "mid_level_0.5-2": 7.3170731707317067, "tall_2+": 39.024390243902438 }, "geometry": { "type": "Point", "coordinates": [ 0.879083704288006, 51.91679929222822 ] } },
{ "type": "Feature", "properties": { "max_height": 6.9705047607421875, "mean_height": 1.4677926301956177, "std_height": 1.9103201627731323, "count_pixels": 43, "percent_cover": 0.039398937144951442, "percent_above_0.1m": 62.790697674418603, "low_level_<0.5": 11.627906976744185, "mid_level_0.5-2": 18.604651162790699, "tall_2+": 30.232558139534881 }, "geometry": { "type": "Point", "coordinates": [ 0.879284910076942, 51.916794367749844 ] } },
{ "type": "Feature", "properties": { "max_height": 7.1362495422363281, "mean_height": 2.2819209098815918, "std_height": 1.8911620378494263, "count_pixels": 43, "percent_cover": 0.039398937144951442, "percent_above_0.1m": 83.720930232558146, "low_level_<0.5": 4.6511627906976747, "mid_level_0.5-2": 25.581395348837212, "tall_2+": 53.488372093023251 }, "geometry": { "type": "Point", "coordinates": [ 0.879486115811086, 51.916789442925321 ] } },
{ "type": "Feature", "properties": { "max_height": 17.570003509521484, "mean_height": 5.8089909553527832, "std_height": 5.2161173820495605, "count_pixels": 43, "percent_cover": 0.039398937144951442, "percent_above_0.1m": 90.697674418604649, "low_level_<0.5": 0.0, "mid_level_0.5-2": 18.604651162790699, "tall_2+": 65.116279069767444 }, "geometry": { "type": "Point", "coordinates": [ 0.879687321490441, 51.916784517754614 ] } },
{ "type": "Feature", "properties": { "max_height": 18.450508117675781, "mean_height": 14.894150733947754, "std_height": 2.5370247364044189, "count_pixels": 42, "percent_cover": 0.038482682792743264, "percent_above_0.1m": 100.0, "low_level_<0.5": 0.0, "mid_level_0.5-2": 0.0, "tall_2+": 100.0 }, "geometry": { "type": "Point", "coordinates": [ 0.879888527115007, 51.91677959223771 ] } },
{ "type": "Feature", "properties": { "max_height": 17.033248901367188, "mean_height": 10.213083267211914, "std_height": 4.2192163467407227, "count_pixels": 43, "percent_cover": 0.039398937144951442, "percent_above_0.1m": 95.348837209302332, "low_level_<0.5": 0.0, "mid_level_0.5-2": 2.3255813953488373, "tall_2+": 93.023255813953483 }, "geometry": { "type": "Point", "coordinates": [ 0.880089732684773, 51.916774666374664 ] } },
{ "type": "Feature", "properties": { "max_height": 17.120754241943359, "mean_height": 12.137264251708984, "std_height": 3.1042954921722412, "count_pixels": 43, "percent_cover": 0.039398937144951442, "percent_above_0.1m": 100.0, "low_level_<0.5": 0.0, "mid_level_0.5-2": 0.0, "tall_2+": 100.0 }, "geometry": { "type": "Point", "coordinates": [ 0.880290938199738, 51.916769740165442 ] } },
{ "type": "Feature", "properties": { "max_height": 12.401752471923828, "mean_height": 5.9965448379516602, "std_height": 3.4350273609161377, "count_pixels": 42, "percent_cover": 0.038482682792743264, "percent_above_0.1m": 97.61904761904762, "low_level_<0.5": 4.7619047619047619, "mid_level_0.5-2": 7.1428571428571423, "tall_2+": 85.714285714285708 }, "geometry": { "type": "Point", "coordinates": [ 0.880492143659902, 51.916764813610051 ] } },
{ "type": "Feature", "properties": { "max_height": 16.650753021240234, "mean_height": 11.197630882263184, "std_height": 3.2311089038848877, "count_pixels": 41, "percent_cover": 0.037566428440535093, "percent_above_0.1m": 100.0, "low_level_<0.5": 0.0, "mid_level_0.5-2": 0.0, "tall_2+": 100.0 }, "geometry": { "type": "Point", "coordinates": [ 0.880693349065258, 51.916759886708476 ] } },
{ "type": "Feature", "properties": { "max_height": 12.361255645751953, "mean_height": 6.7036614418029785, "std_height": 2.9496722221374512, "count_pixels": 41, "percent_cover": 0.037566428440535093, "percent_above_0.1m": 100.0, "low_level_<0.5": 0.0, "mid_level_0.5-2": 4.8780487804878048, "tall_2+": 95.121951219512198 }, "geometry": { "type": "Point", "coordinates": [ 0.880894554415799, 51.916754959460725 ] } },
{ "type": "Feature", "properties": { "max_height": 12.615501403808594, "mean_height": 2.6541543006896973, "std_height": 3.2485730648040771, "count_pixels": 41, "percent_cover": 0.037566428440535093, "percent_above_0.1m": 92.682926829268297, "low_level_<0.5": 17.073170731707318, "mid_level_0.5-2": 39.024390243902438, "tall_2+": 31.707317073170731 }, "geometry": { "type": "Point", "coordinates": [ 0.881095759711525, 51.916750031866826 ] } },
{ "type": "Feature", "properties": { "max_height": 1.8542556762695312, "mean_height": 0.19813723862171173, "std_height": 0.44414708018302917, "count_pixels": 37, "percent_cover": 0.033901411031702404, "percent_above_0.1m": 24.324324324324326, "low_level_<0.5": 10.810810810810811, "mid_level_0.5-2": 13.513513513513514, "tall_2+": 0.0 }, "geometry": { "type": "Point", "coordinates": [ 0.881296964952433, 51.916745103926729 ] } },
{ "type": "Feature", "properties": { "max_height": 1.4610023498535156, "mean_height": 0.13417285680770874, "std_height": 0.29286360740661621, "count_pixels": 41, "percent_cover": 0.037566428440535093, "percent_above_0.1m": 31.707317073170731, "low_level_<0.5": 19.512195121951219, "mid_level_0.5-2": 7.3170731707317067, "tall_2+": 0.0 }, "geometry": { "type": "Point", "coordinates": [ 0.881498170138524, 51.91674017564047 ] } },
{ "type": "Feature", "properties": { "max_height": 8.9837570190429688, "mean_height": 0.8947526216506958, "std_height": 2.0306754112243652, "count_pixels": 41, "percent_cover": 0.037566428440535093, "percent_above_0.1m": 60.975609756097562, "low_level_<0.5": 19.512195121951219, "mid_level_0.5-2": 12.195121951219512, "tall_2+": 12.195121951219512 }, "geometry": { "type": "Point", "coordinates": [ 0.881699374902643, 51.916735247395209 ] } },
{ "type": "Feature", "properties": { "max_height": 2.1452522277832031, "mean_height": 0.26724576950073242, "std_height": 0.53047847747802734, "count_pixels": 41, "percent_cover": 0.037566428440535093, "percent_above_0.1m": 29.268292682926827, "low_level_<0.5": 4.8780487804878048, "mid_level_0.5-2": 17.073170731707318, "tall_2+": 2.4390243902439024 }, "geometry": { "type": "Point", "coordinates": [ 0.876575526027544, 51.916968573074286 ] } },
{ "type": "Feature", "properties": { "max_height": 0.016254425048828125, "mean_height": 0.001544952392578125, "std_height": 0.0038139475509524345, "count_pixels": 41, "percent_cover": 0.037566428440535093, "percent_above_0.1m": 0.0, "low_level_<0.5": 0.0, "mid_level_0.5-2": 0.0, "tall_2+": 0.0 }, "geometry": { "type": "Point", "coordinates": [ 0.876776732950342, 51.916963652931834 ] } },
{ "type": "Feature", "properties": { "max_height": 0.01850128173828125, "mean_height": 0.0011167783522978425, "std_height": 0.0035945973359048367, "count_pixels": 37, "percent_cover": 0.033901411031702404, "percent_above_0.1m": 0.0, "low_level_<0.5": 0.0, "mid_level_0.5-2": 0.0, "tall_2+": 0.0 }, "geometry": { "type": "Point", "coordinates": [ 0.876977939818392, 51.916958732443192 ] } },
{ "type": "Feature", "properties": { "max_height": 0.023250579833984375, "mean_height": 0.0013492862926796079, "std_height": 0.0044570611789822578, "count_pixels": 41, "percent_cover": 0.037566428440535093, "percent_above_0.1m": 0.0, "low_level_<0.5": 0.0, "mid_level_0.5-2": 0.0, "tall_2+": 0.0 }, "geometry": { "type": "Point", "coordinates": [ 0.877179146631711, 51.916953811608394 ] } },
{ "type": "Feature", "properties": { "max_height": 0.009250640869140625, "mean_height": 0.0007275837124325335, "std_height": 0.0021994232665747404, "count_pixels": 41, "percent_cover": 0.037566428440535093, "percent_above_0.1m": 0.0, "low_level_<0.5": 0.0, "mid_level_0.5-2": 0.0, "tall_2+": 0.0 }, "geometry": { "type": "Point", "coordinates": [ 0.877380353390269, 51.916948890427427 ] } },
{ "type": "Feature", "properties": { "max_height": 0.02625274658203125, "mean_height": 0.0030565960332751274, "std_height": 0.0068620629608631134, "count_pixels": 41, "percent_cover": 0.037566428440535093, "percent_above_0.1m": 0.0, "low_level_<0.5": 0.0, "mid_level_0.5-2": 0.0, "tall_2+": 0.0 }, "geometry": { "type": "Point", "coordinates": [ 0.877581560094085, 51.916943968900263 ] } },
{ "type": "Feature", "properties": { "max_height": 0.032001495361328125, "mean_height": 0.0025965373497456312, "std_height": 0.006393049843609333, "count_pixels": 42, "percent_cover": 0.038482682792743264, "percent_above_0.1m": 0.0, "low_level_<0.5": 0.0, "mid_level_0.5-2": 0.0, "tall_2+": 0.0 }, "geometry": { "type": "Point", "coordinates": [ 0.877782766743144, 51.916939047026958 ] } },
{ "type": "Feature", "properties": { "max_height": 0.007999420166015625, "mean_height": 0.00053042033687233925, "std_height": 0.0018699392676353455, "count_pixels": 43, "percent_cover": 0.039398937144951442, "percent_above_0.1m": 0.0, "low_level_<0.5": 0.0, "mid_level_0.5-2": 0.0, "tall_2+": 0.0 }, "geometry": { "type": "Point", "coordinates": [ 0.87798397333745, 51.916934124807447 ] } },
{ "type": "Feature", "properties": { "max_height": 0.019001007080078125, "mean_height": 0.00053042033687233925, "std_height": 0.0032801209017634392, "count_pixels": 43, "percent_cover": 0.039398937144951442, "percent_above_0.1m": 0.0, "low_level_<0.5": 0.0, "mid_level_0.5-2": 0.0, "tall_2+": 0.0 }, "geometry": { "type": "Point", "coordinates": [ 0.878185179876981, 51.916929202241775 ] } },
{ "type": "Feature", "properties": { "max_height": 0.014255523681640625, "mean_height": 0.00085912429494783282, "std_height": 0.0029451516456902027, "count_pixels": 42, "percent_cover": 0.038482682792743264, "percent_above_0.1m": 0.0, "low_level_<0.5": 0.0, "mid_level_0.5-2": 0.0, "tall_2+": 0.0 }, "geometry": { "type": "Point", "coordinates": [ 0.878386386361757, 51.916924279329955 ] } },
{ "type": "Feature", "properties": { "max_height": 0.027004241943359375, "mean_height": 0.00086203287355601788, "std_height": 0.0048806625418365002, "count_pixels": 43, "percent_cover": 0.039398937144951442, "percent_above_0.1m": 0.0, "low_level_<0.5": 0.0, "mid_level_0.5-2": 0.0, "tall_2+": 0.0 }, "geometry": { "type": "Point", "coordinates": [ 0.878587592791763, 51.916919356071936 ] } },
{ "type": "Feature", "properties": { "max_height": 0.017253875732421875, "mean_height": 0.0021356982178986073, "std_height": 0.0047397827729582787, "count_pixels": 43, "percent_cover": 0.039398937144951442, "percent_above_0.1m": 0.0, "low_level_<0.5": 0.0, "mid_level_0.5-2": 0.0, "tall_2+": 0.0 }, "geometry": { "type": "Point", "coordinates": [ 0.878788799166992, 51.916914432467756 ] } },
{ "type": "Feature", "properties": { "max_height": 0.02700042724609375, "mean_height": 0.0044786320067942142, "std_height": 0.0065772915259003639, "count_pixels": 43, "percent_cover": 0.039398937144951442, "percent_above_0.1m": 0.0, "low_level_<0.5": 0.0, "mid_level_0.5-2": 0.0, "tall_2+": 0.0 }, "geometry": { "type": "Point", "coordinates": [ 0.878990005487445, 51.916909508517392 ] } },
{ "type": "Feature", "properties": { "max_height": 0.0292510986328125, "mean_height": 0.0034952862188220024, "std_height": 0.0075392886064946651, "count_pixels": 41, "percent_cover": 0.037566428440535093, "percent_above_0.1m": 0.0, "low_level_<0.5": 0.0, "mid_level_0.5-2": 0.0, "tall_2+": 0.0 }, "geometry": { "type": "Point", "coordinates": [ 0.879191211753119, 51.916904584220852 ] } },
{ "type": "Feature", "properties": { "max_height": 0.072505950927734375, "mean_height": 0.0049899960868060589, "std_height": 0.014689654111862183, "count_pixels": 41, "percent_cover": 0.037566428440535093, "percent_above_0.1m": 0.0, "low_level_<0.5": 0.0, "mid_level_0.5-2": 0.0, "tall_2+": 0.0 }, "geometry": { "type": "Point", "coordinates": [ 0.879392417964009, 51.916899659578156 ] } },
{ "type": "Feature", "properties": { "max_height": 6.0284996032714844, "mean_height": 1.057569146156311, "std_height": 1.7397327423095703, "count_pixels": 41, "percent_cover": 0.037566428440535093, "percent_above_0.1m": 34.146341463414636, "low_level_<0.5": 2.4390243902439024, "mid_level_0.5-2": 7.3170731707317067, "tall_2+": 24.390243902439025 }, "geometry": { "type": "Point", "coordinates": [ 0.87959362412011, 51.91689473458927 ] } },
{ "type": "Feature", "properties": { "max_height": 18.453250885009766, "mean_height": 9.8638334274291992, "std_height": 6.820927619934082, "count_pixels": 37, "percent_cover": 0.033901411031702404, "percent_above_0.1m": 78.378378378378372, "low_level_<0.5": 0.0, "mid_level_0.5-2": 2.7027027027027026, "tall_2+": 75.675675675675677 }, "geometry": { "type": "Point", "coordinates": [ 0.87979483022142, 51.916889809254208 ] } },
{ "type": "Feature", "properties": { "max_height": 18.868751525878906, "mean_height": 11.617155075073242, "std_height": 4.9092068672180176, "count_pixels": 41, "percent_cover": 0.037566428440535093, "percent_above_0.1m": 97.560975609756099, "low_level_<0.5": 2.4390243902439024, "mid_level_0.5-2": 4.8780487804878048, "tall_2+": 90.243902439024396 }, "geometry": { "type": "Point", "coordinates": [ 0.879996036267932, 51.916884883572983 ] } },
{ "type": "Feature", "properties": { "max_height": 18.581253051757812, "mean_height": 13.356533050537109, "std_height": 3.722517728805542, "count_pixels": 41, "percent_cover": 0.037566428440535093, "percent_above_0.1m": 100.0, "low_level_<0.5": 0.0, "mid_level_0.5-2": 0.0, "tall_2+": 100.0 }, "geometry": { "type": "Point", "coordinates": [ 0.880197242259648, 51.916879957545596 ] } },
{ "type": "Feature", "properties": { "max_height": 17.137004852294922, "mean_height": 12.012002944946289, "std_height": 3.2231044769287109, "count_pixels": 41, "percent_cover": 0.037566428440535093, "percent_above_0.1m": 100.0, "low_level_<0.5": 0.0, "mid_level_0.5-2": 2.4390243902439024, "tall_2+": 97.560975609756099 }, "geometry": { "type": "Point", "coordinates": [ 0.880398448196564, 51.916875031172019 ] } },
{ "type": "Feature", "properties": { "max_height": 16.993507385253906, "mean_height": 8.7542238235473633, "std_height": 3.4877033233642578, "count_pixels": 42, "percent_cover": 0.038482682792743264, "percent_above_0.1m": 100.0, "low_level_<0.5": 2.3809523809523809, "mid_level_0.5-2": 0.0, "tall_2+": 97.61904761904762 }, "geometry": { "type": "Point", "coordinates": [ 0.880599654078666, 51.916870104452272 ] } },
{ "type": "Feature", "properties": { "max_height": 15.26824951171875, "mean_height": 10.582514762878418, "std_height": 2.740516185760498, "count_pixels": 43, "percent_cover": 0.039398937144951442, "percent_above_0.1m": 100.0, "low_level_<0.5": 0.0, "mid_level_0.5-2": 0.0, "tall_2+": 100.0 }, "geometry": { "type": "Point", "coordinates": [ 0.880800859905964, 51.916865177386349 ] } },
{ "type": "Feature", "properties": { "max_height": 10.439998626708984, "mean_height": 4.171234130859375, "std_height": 2.9724564552307129, "count_pixels": 43, "percent_cover": 0.039398937144951442, "percent_above_0.1m": 95.348837209302332, "low_level_<0.5": 4.6511627906976747, "mid_level_0.5-2": 20.930232558139537, "tall_2+": 69.767441860465112 }, "geometry": { "type": "Point", "coordinates": [ 0.881002065678448, 51.916860249974249 ] } },
{ "type": "Feature", "properties": { "max_height": 2.4317512512207031, "mean_height": 0.54382336139678955, "std_height": 0.75568199157714844, "count_pixels": 42, "percent_cover": 0.038482682792743264, "percent_above_0.1m": 47.619047619047613, "low_level_<0.5": 11.904761904761903, "mid_level_0.5-2": 23.809523809523807, "tall_2+": 9.5238095238095237 }, "geometry": { "type": "Point", "coordinates": [ 0.881203271396112, 51.916855322215994 ] } },
{ "type": "Feature", "properties": { "max_height": 3.2060050964355469, "mean_height": 0.24435123801231384, "std_height": 0.66271835565567017, "count_pixels": 43, "percent_cover": 0.039398937144951442, "percent_above_0.1m": 25.581395348837212, "low_level_<0.5": 11.627906976744185, "mid_level_0.5-2": 9.3023255813953494, "tall_2+": 4.6511627906976747 }, "geometry": { "type": "Point", "coordinates": [ 0.881404477058956, 51.916850394111556 ] } },
{ "type": "Feature", "properties": { "max_height": 8.3392486572265625, "mean_height": 3.444652795791626, "std_height": 2.6510589122772217, "count_pixels": 43, "percent_cover": 0.039398937144951442, "percent_above_0.1m": 76.744186046511629, "low_level_<0.5": 2.3255813953488373, "mid_level_0.5-2": 9.3023255813953494, "tall_2+": 65.116279069767444 }, "geometry": { "type": "Point", "coordinates": [ 0.876683028483713, 51.917073867124707 ] } },
{ "type": "Feature", "properties": { "max_height": 0.15975189208984375, "mean_height": 0.0053156474605202675, "std_height": 0.024893905967473984, "count_pixels": 43, "percent_cover": 0.039398937144951442, "percent_above_0.1m": 2.3255813953488373, "low_level_<0.5": 2.3255813953488373, "mid_level_0.5-2": 0.0, "tall_2+": 0.0 }, "geometry": { "type": "Point", "coordinates": [ 0.876884235828496, 51.917068946817935 ] } },
{ "type": "Feature", "properties": { "max_height": 0.011753082275390625, "mean_height": 0.00069209508365020156, "std_height": 0.0024795609060674906, "count_pixels": 42, "percent_cover": 0.038482682792743264, "percent_above_0.1m": 0.0, "low_level_<0.5": 0.0, "mid_level_0.5-2": 0.0, "tall_2+": 0.0 }, "geometry": { "type": "Point", "coordinates": [ 0.877085443118539, 51.917064026164987 ] } },
{ "type": "Feature", "properties": { "max_height": 0.0122528076171875, "mean_height": 0.0017514782957732677, "std_height": 0.0035217858385294676, "count_pixels": 43, "percent_cover": 0.039398937144951442, "percent_above_0.1m": 0.0, "low_level_<0.5": 0.0, "mid_level_0.5-2": 0.0, "tall_2+": 0.0 }, "geometry": { "type": "Point", "coordinates": [ 0.877286650353835, 51.917059105165862 ] } },
{ "type": "Feature", "properties": { "max_height": 0.02100372314453125, "mean_height": 0.0021356095094233751, "std_height": 0.0057571898214519024, "count_pixels": 43, "percent_cover": 0.039398937144951442, "percent_above_0.1m": 0.0, "low_level_<0.5": 0.0, "mid_level_0.5-2": 0.0, "tall_2+": 0.0 }, "geometry": { "type": "Point", "coordinates": [ 0.877487857534383, 51.917054183820547 ] } },
{ "type": "Feature", "properties": { "max_height": 0.034252166748046875, "mean_height": 0.0024543036706745625, "std_height": 0.0065529942512512207, "count_pixels": 42, "percent_cover": 0.038482682792743264, "percent_above_0.1m": 0.0, "low_level_<0.5": 0.0, "mid_level_0.5-2": 0.0, "tall_2+": 0.0 }, "geometry": { "type": "Point", "coordinates": [ 0.877689064660176, 51.917049262129083 ] } },
{ "type": "Feature", "properties": { "max_height": 0.085750579833984375, "mean_height": 0.0032029501162469387, "std_height": 0.013496629893779755, "count_pixels": 41, "percent_cover": 0.037566428440535093, "percent_above_0.1m": 0.0, "low_level_<0.5": 0.0, "mid_level_0.5-2": 0.0, "tall_2+": 0.0 }, "geometry": { "type": "Point", "coordinates": [ 0.877890271731212, 51.917044340091415 ] } },
{ "type": "Feature", "properties": { "max_height": 0.031253814697265625, "mean_height": 0.0022513226140290499, "std_height": 0.006106215063482523, "count_pixels": 41, "percent_cover": 0.037566428440535093, "percent_above_0.1m": 0.0, "low_level_<0.5": 0.0, "mid_level_0.5-2": 0.0, "tall_2+": 0.0 }, "geometry": { "type": "Point", "coordinates": [ 0.87809147874749, 51.917039417707592 ] } },
{ "type": "Feature", "properties": { "max_height": 0.0162506103515625, "mean_height": 0.00070916151162236929, "std_height": 0.0037907434161752462, "count_pixels": 41, "percent_cover": 0.037566428440535093, "percent_above_0.1m": 0.0, "low_level_<0.5": 0.0, "mid_level_0.5-2": 0.0, "tall_2+": 0.0 }, "geometry": { "type": "Point", "coordinates": [ 0.878292685709002, 51.917034494977592 ] } },
{ "type": "Feature", "properties": { "max_height": 0.029754638671875, "mean_height": 0.002826278330758214, "std_height": 0.0064596645534038544, "count_pixels": 37, "percent_cover": 0.033901411031702404, "percent_above_0.1m": 0.0, "low_level_<0.5": 0.0, "mid_level_0.5-2": 0.0, "tall_2+": 0.0 }, "geometry": { "type": "Point", "coordinates": [ 0.878493892615742, 51.917029571901423 ] } },
{ "type": "Feature", "properties": { "max_height": 0.028751373291015625, "mean_height": 0.0030450588092207909, "std_height": 0.0064422320574522018, "count_pixels": 41, "percent_cover": 0.037566428440535093, "percent_above_0.1m": 0.0, "low_level_<0.5": 0.0, "mid_level_0.5-2": 0.0, "tall_2+": 0.0 }, "geometry": { "type": "Point", "coordinates": [ 0.87869509946772, 51.917024648479078 ] } },
{ "type": "Feature", "properties": { "max_height": 0.03800201416015625, "mean_height": 0.0017886278219521046, "std_height": 0.0065883668139576912, "count_pixels": 41, "percent_cover": 0.037566428440535093, "percent_above_0.1m": 0.0, "low_level_<0.5": 0.0, "mid_level_0.5-2": 0.0, "tall_2+": 0.0 }, "geometry": { "type": "Point", "coordinates": [ 0.878896306264915, 51.917019724710535 ] } },
{ "type": "Feature", "properties": { "max_height": 0.007747650146484375, "mean_height": 0.00017836035112850368, "std_height": 0.0028679382521659136, "count_pixels": 41, "percent_cover": 0.037566428440535093, "percent_above_0.1m": 0.0, "low_level_<0.5": 0.0, "mid_level_0.5-2": 0.0, "tall_2+": 0.0 }, "geometry": { "type": "Point", "coordinates": [ 0.879097513007332, 51.917014800595844 ] } },
{ "type": "Feature", "properties": { "max_height": 0.01125335693359375, "mean_height": 0.00034474217682145536, "std_height": 0.0033781114034354687, "count_pixels": 43, "percent_cover": 0.039398937144951442, "percent_above_0.1m": 0.0, "low_level_<0.5": 0.0, "mid_level_0.5-2": 0.0, "tall_2+": 0.0 }, "geometry": { "type": "Point", "coordinates": [ 0.879298719694966, 51.917009876134969 ] } },
{ "type": "Feature", "properties": { "max_height": 0.084003448486328125, "mean_height": 0.0048742960207164288, "std_height": 0.013981110416352749, "count_pixels": 43, "percent_cover": 0.039398937144951442, "percent_above_0.1m": 0.0, "low_level_<0.5": 0.0, "mid_level_0.5-2": 0.0, "tall_2+": 0.0 }, "geometry": { "type": "Point", "coordinates": [ 0.879499926327819, 51.917004951327925 ] } },
{ "type": "Feature", "properties": { "max_height": 0.01375579833984375, "mean_height": 0.0010664296569302678, "std_height": 0.0069540580734610558, "count_pixels": 43, "percent_cover": 0.039398937144951442, "percent_above_0.1m": 0.0, "low_level_<0.5": 0.0, "mid_level_0.5-2": 0.0, "tall_2+": 0.0 }, "geometry": { "type": "Point", "coordinates": [ 0.879701132905873, 51.917000026174698 ] } },
{ "type": "Feature", "properties": { "max_height": 0.061004638671875, "mean_height": 0.011007853783667088, "std_height": 0.012972052209079266, "count_pixels": 42, "percent_cover": 0.038482682792743264, "percent_above_0.1m": 0.0, "low_level_<0.5": 0.0, "mid_level_0.5-2": 0.0, "tall_2+": 0.0 }, "geometry": { "type": "Point", "coordinates": [ 0.879902339429139, 51.916995100675294 ] } },
{ "type": "Feature", "properties": { "max_height": 13.709503173828125, "mean_height": 1.1305723190307617, "std_height": 2.7847504615783691, "count_pixels": 43, "percent_cover": 0.039398937144951442, "percent_above_0.1m": 23.255813953488371, "low_level_<0.5": 0.0, "mid_level_0.5-2": 4.6511627906976747, "tall_2+": 18.604651162790699 }, "geometry": { "type": "Point", "coordinates": [ 0.880103545897605, 51.916990174829742 ] } },
{ "type": "Feature", "properties": { "max_height": 7.8447532653808594, "mean_height": 0.62090915441513062, "std_height": 1.3903399705886841, "count_pixels": 43, "percent_cover": 0.039398937144951442, "percent_above_0.1m": 41.860465116279073, "low_level_<0.5": 18.604651162790699, "mid_level_0.5-2": 11.627906976744185, "tall_2+": 11.627906976744185 }, "geometry": { "type": "Point", "coordinates": [ 0.88030475231127, 51.916985248637978 ] } },
{ "type": "Feature", "properties": { "max_height": 15.984001159667969, "mean_height": 10.559121131896973, "std_height": 4.1237940788269043, "count_pixels": 42, "percent_cover": 0.038482682792743264, "percent_above_0.1m": 97.61904761904762, "low_level_<0.5": 0.0, "mid_level_0.5-2": 4.7619047619047619, "tall_2+": 92.857142857142861 }, "geometry": { "type": "Point", "coordinates": [ 0.880505958670134, 51.916980322100059 ] } },
{ "type": "Feature", "properties": { "max_height": 16.087749481201172, "mean_height": 13.40733814239502, "std_height": 1.9685872793197632, "count_pixels": 41, "percent_cover": 0.037566428440535093, "percent_above_0.1m": 100.0, "low_level_<0.5": 0.0, "mid_level_0.5-2": 0.0, "tall_2+": 100.0 }, "geometry": { "type": "Point", "coordinates": [ 0.880707164974182, 51.916975395215957 ] } },
{ "type": "Feature", "properties": { "max_height": 15.840003967285156, "mean_height": 6.6926312446594238, "std_height": 5.6749053001403809, "count_pixels": 41, "percent_cover": 0.037566428440535093, "percent_above_0.1m": 87.804878048780495, "low_level_<0.5": 9.7560975609756095, "mid_level_0.5-2": 12.195121951219512, "tall_2+": 63.414634146341463 }, "geometry": { "type": "Point", "coordinates": [ 0.880908371223424, 51.916970467985692 ] } },
{ "type": "Feature", "properties": { "max_height": 1.8050003051757812, "mean_height": 0.23106943070888519, "std_height": 0.43506893515586853, "count_pixels": 41, "percent_cover": 0.037566428440535093, "percent_above_0.1m": 31.707317073170731, "low_level_<0.5": 12.195121951219512, "mid_level_0.5-2": 19.512195121951219, "tall_2+": 0.0 }, "geometry": { "type": "Point", "coordinates": [ 0.881109577417844, 51.916965540409244 ] } },
{ "type": "Feature", "properties": { "max_height": 3.4582557678222656, "mean_height": 0.16990795731544495, "std_height": 0.60193699598312378, "count_pixels": 37, "percent_cover": 0.033901411031702404, "percent_above_0.1m": 10.810810810810811, "low_level_<0.5": 0.0, "mid_level_0.5-2": 8.1081081081081088, "tall_2+": 2.7027027027027026 }, "geometry": { "type": "Point", "coordinates": [ 0.881310783557453, 51.916960612486612 ] } },
{ "type": "Feature", "properties": { "max_height": 0.61224746704101562, "mean_height": 0.07244110107421875, "std_height": 0.1405593603849411, "count_pixels": 37, "percent_cover": 0.033901411031702404, "percent_above_0.1m": 27.027027027027028, "low_level_<0.5": 21.621621621621621, "mid_level_0.5-2": 2.7027027027027026, "tall_2+": 0.0 }, "geometry": { "type": "Point", "coordinates": [ 0.876991738675267, 51.917174241208571 ] } },
{ "type": "Feature", "properties": { "max_height": 0.018749237060546875, "mean_height": 0.0020811499562114477, "std_height": 0.0046688276343047619, "count_pixels": 41, "percent_cover": 0.037566428440535093, "percent_above_0.1m": 0.0, "low_level_<0.5": 0.0, "mid_level_0.5-2": 0.0, "tall_2+": 0.0 }, "geometry": { "type": "Point", "coordinates": [ 0.877192946434592, 51.917169320346574 ] } },
{ "type": "Feature", "properties": { "max_height": 0.018505096435546875, "mean_height": 0.00058095046551898122, "std_height": 0.0030751330778002739, "count_pixels": 41, "percent_cover": 0.037566428440535093, "percent_above_0.1m": 0.0, "low_level_<0.5": 0.0, "mid_level_0.5-2": 0.0, "tall_2+": 0.0 }, "geometry": { "type": "Point", "coordinates": [ 0.877394154138487, 51.917164399139196 ] } },
{ "type": "Feature", "properties": { "max_height": 0.023502349853515625, "mean_height": 0.0021603282075375319, "std_height": 0.0053647179156541824, "count_pixels": 41, "percent_cover": 0.037566428440535093, "percent_above_0.1m": 0.0, "low_level_<0.5": 0.0, "mid_level_0.5-2": 0.0, "tall_2+": 0.0 }, "geometry": { "type": "Point", "coordinates": [ 0.877595361786959, 51.917159477586424 ] } },
{ "type": "Feature", "properties": { "max_height": 0.047000885009765625, "mean_height": 0.0035733722615987062, "std_height": 0.0088854478672146797, "count_pixels": 42, "percent_cover": 0.038482682792743264, "percent_above_0.1m": 0.0, "low_level_<0.5": 0.0, "mid_level_0.5-2": 0.0, "tall_2+": 0.0 }, "geometry": { "type": "Point", "coordinates": [ 0.877796569379993, 51.917154555688271 ] } },
{ "type": "Feature", "properties": { "max_height": 0.00550079345703125, "mean_height": 5.9881876950385049e-05, "std_height": 0.0011933693895116448, "count_pixels": 43, "percent_cover": 0.039398937144951442, "percent_above_0.1m": 0.0, "low_level_<0.5": 0.0, "mid_level_0.5-2": 0.0, "tall_2+": 0.0 }, "geometry": { "type": "Point", "coordinates": [ 0.877997776917594, 51.917149633444708 ] } },
{ "type": "Feature", "properties": { "max_height": 0.027500152587890625, "mean_height": 0.0043861032463610172, "std_height": 0.0071379756554961205, "count_pixels": 43, "percent_cover": 0.039398937144951442, "percent_above_0.1m": 0.0, "low_level_<0.5": 0.0, "mid_level_0.5-2": 0.0, "tall_2+": 0.0 }, "geometry": { "type": "Point", "coordinates": [ 0.878198984399755, 51.917144710855744 ] } },
{ "type": "Feature", "properties": { "max_height": 0.046001434326171875, "mean_height": 0.00275793531909585, "std_height": 0.0075325989164412022, "count_pixels": 42, "percent_cover": 0.038482682792743264, "percent_above_0.1m": 0.0, "low_level_<0.5": 0.0, "mid_level_0.5-2": 0.0, "tall_2+": 0.0 }, "geometry": { "type": "Point", "coordinates": [ 0.878400191826472, 51.917139787921407 ] } },
{ "type": "Feature", "properties": { "max_height": 0.03874969482421875, "mean_height": 0.006449677050113678, "std_height": 0.010991253890097141, "count_pixels": 43, "percent_cover": 0.039398937144951442, "percent_above_0.1m": 0.0, "low_level_<0.5": 0.0, "mid_level_0.5-2": 0.0, "tall_2+": 0.0 }, "geometry": { "type": "Point", "coordinates": [ 0.878601399197742, 51.91713486464166 ] } },
{ "type": "Feature", "properties": { "max_height": 0.032001495361328125, "mean_height": 0.0049495254643261433, "std_height": 0.0077384575270116329, "count_pixels": 43, "percent_cover": 0.039398937144951442, "percent_above_0.1m": 0.0, "low_level_<0.5": 0.0, "mid_level_0.5-2": 0.0, "tall_2+": 0.0 }, "geometry": { "type": "Point", "coordinates": [ 0.878802606513557, 51.917129941016526 ] } },
{ "type": "Feature", "properties": { "max_height": 0.0135040283203125, "mean_height": 0.0016064310912042856, "std_height": 0.0041939467191696167, "count_pixels": 43, "percent_cover": 0.039398937144951442, "percent_above_0.1m": 0.0, "low_level_<0.5": 0.0, "mid_level_0.5-2": 0.0, "tall_2+": 0.0 }, "geometry": { "type": "Point", "coordinates": [ 0.879003813773921, 51.917125017046018 ] } },
{ "type": "Feature", "properties": { "max_height": 0.037754058837890625, "mean_height": 0.005331830121576786, "std_height": 0.0097656287252902985, "count_pixels": 41, "percent_cover": 0.037566428440535093, "percent_above_0.1m": 0.0, "low_level_<0.5": 0.0, "mid_level_0.5-2": 0.0, "tall_2+": 0.0 }, "geometry": { "type": "Point", "coordinates": [ 0.87920502097279, 51.917120092732141 ] } },
{ "type": "Feature", "properties": { "max_height": 0.014251708984375, "mean_height": 0.0023252905812114477, "std_height": 0.0047849183902144432, "count_pixels": 41, "percent_cover": 0.037566428440535093, "percent_above_0.1m": 0.0, "low_level_<0.5": 0.0, "mid_level_0.5-2": 0.0, "tall_2+": 0.0 }, "geometry": { "type": "Point", "coordinates": [ 0.879406228092862, 51.917115168083498 ] } },
{ "type": "Feature", "properties": { "max_height": 0.029750823974609375, "mean_height": 0.0023922803811728954, "std_height": 0.0076373787596821785, "count_pixels": 41, "percent_cover": 0.037566428440535093, "percent_above_0.1m": 0.0, "low_level_<0.5": 0.0, "mid_level_0.5-2": 0.0, "tall_2+": 0.0 }, "geometry": { "type": "Point", "coordinates": [ 0.879607435151238, 51.917110243092289 ] } },
{ "type": "Feature", "properties": { "max_height": 0.023754119873046875, "mean_height": 0.0027113219257444143, "std_height": 0.0077035850845277309, "count_pixels": 37, "percent_cover": 0.033901411031702404, "percent_above_0.1m": 0.0, "low_level_<0.5": 0.0, "mid_level_0.5-2": 0.0, "tall_2+": 0.0 }, "geometry": { "type": "Point", "coordinates": [ 0.879808642154772, 51.917105317755336 ] } },
{ "type": "Feature", "properties": { "max_height": 0.033252716064453125, "mean_height": 0.009288787841796875, "std_height": 0.0086926715448498726, "count_pixels": 41, "percent_cover": 0.037566428440535093, "percent_above_0.1m": 0.0, "low_level_<0.5": 0.0, "mid_level_0.5-2": 0.0, "tall_2+": 0.0 }, "geometry": { "type": "Point", "coordinates": [ 0.880009849103452, 51.917100392072626 ] } },
{ "type": "Feature", "properties": { "max_height": 0.051502227783203125, "mean_height": 0.01287404540926218, "std_height": 0.011829524300992489, "count_pixels": 41, "percent_cover": 0.037566428440535093, "percent_above_0.1m": 0.0, "low_level_<0.5": 0.0, "mid_level_0.5-2": 0.0, "tall_2+": 0.0 }, "geometry": { "type": "Point", "coordinates": [ 0.880211055997285, 51.917095466044181 ] } },
{ "type": "Feature", "properties": { "max_height": 0.03800201416015625, "mean_height": 0.01520947739481926, "std_height": 0.010134193114936352, "count_pixels": 41, "percent_cover": 0.037566428440535093, "percent_above_0.1m": 0.0, "low_level_<0.5": 0.0, "mid_level_0.5-2": 0.0, "tall_2+": 0.0 }, "geometry": { "type": "Point", "coordinates": [ 0.880412262836255, 51.917090539669971 ] } },
{ "type": "Feature", "properties": { "max_height": 10.852752685546875, "mean_height": 1.5767641067504883, "std_height": 3.0222647190093994, "count_pixels": 42, "percent_cover": 0.038482682792743264, "percent_above_0.1m": 26.190476190476193, "low_level_<0.5": 0.0, "mid_level_0.5-2": 4.7619047619047619, "tall_2+": 21.428571428571427 }, "geometry": { "type": "Point", "coordinates": [ 0.880613469620369, 51.917085612950032 ] } },
{ "type": "Feature", "properties": { "max_height": 10.203506469726562, "mean_height": 1.2192814350128174, "std_height": 2.5095434188842773, "count_pixels": 43, "percent_cover": 0.039398937144951442, "percent_above_0.1m": 48.837209302325576, "low_level_<0.5": 13.953488372093023, "mid_level_0.5-2": 13.953488372093023, "tall_2+": 16.279069767441861 }, "geometry": { "type": "Point", "coordinates": [ 0.880814676346453, 51.917080685901134 ] } },
{ "type": "Feature", "properties": { "max_height": 2.8422508239746094, "mean_height": 0.25025248527526855, "std_height": 0.56658482551574707, "count_pixels": 43, "percent_cover": 0.039398937144951442, "percent_above_0.1m": 25.581395348837212, "low_level_<0.5": 11.627906976744185, "mid_level_0.5-2": 11.627906976744185, "tall_2+": 2.3255813953488373 }, "geometry": { "type": "Point", "coordinates": [ 0.881015883017632, 51.917075758506506 ] } },
{ "type": "Feature", "properties": { "max_height": 0.098751068115234375, "mean_height": 0.005752291064709425, "std_height": 0.015871511772274971, "count_pixels": 42, "percent_cover": 0.038482682792743264, "percent_above_0.1m": 0.0, "low_level_<0.5": 0.0, "mid_level_0.5-2": 0.0, "tall_2+": 0.0 }, "geometry": { "type": "Point", "coordinates": [ 0.881217089634003, 51.917070830765702 ] } },
{ "type": "Feature", "properties": { "max_height": 1.4867515563964844, "mean_height": 0.18068899214267731, "std_height": 0.33229163289070129, "count_pixels": 43, "percent_cover": 0.039398937144951442, "percent_above_0.1m": 27.906976744186046, "low_level_<0.5": 13.953488372093023, "mid_level_0.5-2": 13.953488372093023, "tall_2+": 0.0 }, "geometry": { "type": "Point", "coordinates": [ 0.881418296195545, 51.917065902678722 ] } },
{ "type": "Feature", "properties": { "max_height": 7.0475006103515625, "mean_height": 1.1904784440994263, "std_height": 1.8991522789001465, "count_pixels": 42, "percent_cover": 0.038482682792743264, "percent_above_0.1m": 64.285714285714292, "low_level_<0.5": 16.666666666666664, "mid_level_0.5-2": 26.190476190476193, "tall_2+": 16.666666666666664 }, "geometry": { "type": "Point", "coordinates": [ 0.877099240859281, 51.917279536293179 ] } },
{ "type": "Feature", "properties": { "max_height": 0.019500732421875, "mean_height": 0.0011644585756585002, "std_height": 0.0036857041995972395, "count_pixels": 43, "percent_cover": 0.039398937144951442, "percent_above_0.1m": 0.0, "low_level_<0.5": 0.0, "mid_level_0.5-2": 0.0, "tall_2+": 0.0 }, "geometry": { "type": "Point", "coordinates": [ 0.877300449096252, 51.917274615214815 ] } },
{ "type": "Feature", "properties": { "max_height": 0.0200042724609375, "mean_height": 0.00061239197384566069, "std_height": 0.0043377494439482689, "count_pixels": 43, "percent_cover": 0.039398937144951442, "percent_above_0.1m": 0.0, "low_level_<0.5": 0.0, "mid_level_0.5-2": 0.0, "tall_2+": 0.0 }, "geometry": { "type": "Point", "coordinates": [ 0.877501657277119, 51.91726969379183 ] } },
{ "type": "Feature", "properties": { "max_height": 0.008251190185546875, "mean_height": 0.00023424057872034609, "std_height": 0.0022947720717638731, "count_pixels": 42, "percent_cover": 0.038482682792743264, "percent_above_0.1m": 0.0, "low_level_<0.5": 0.0, "mid_level_0.5-2": 0.0, "tall_2+": 0.0 }, "geometry": { "type": "Point", "coordinates": [ 0.877702865401879, 51.917264772024254 ] } },
{ "type": "Feature", "properties": { "max_height": 0.004001617431640625, "mean_height": -0.00021139005548320711, "std_height": 0.0025627776049077511, "count_pixels": 41, "percent_cover": 0.037566428440535093, "percent_above_0.1m": 0.0, "low_level_<0.5": 0.0, "mid_level_0.5-2": 0.0, "tall_2+": 0.0 }, "geometry": { "type": "Point", "coordinates": [ 0.877904073470523, 51.917259849912057 ] } },
{ "type": "Feature", "properties": { "max_height": 0.035003662109375, "mean_height": 0.0036426638253033161, "std_height": 0.0074039814062416553, "count_pixels": 41, "percent_cover": 0.037566428440535093, "percent_above_0.1m": 0.0, "low_level_<0.5": 0.0, "mid_level_0.5-2": 0.0, "tall_2+": 0.0 }, "geometry": { "type": "Point", "coordinates": [ 0.878105281483053, 51.917254927455247 ] } },
{ "type": "Feature", "properties": { "max_height": 0.093753814697265625, "mean_height": 0.0096609536558389664, "std_height": 0.018220452591776848, "count_pixels": 41, "percent_cover": 0.037566428440535093, "percent_above_0.1m": 0.0, "low_level_<0.5": 0.0, "mid_level_0.5-2": 0.0, "tall_2+": 0.0 }, "geometry": { "type": "Point", "coordinates": [ 0.87830648943947, 51.917250004653823 ] } },
{ "type": "Feature", "properties": { "max_height": 0.018001556396484375, "mean_height": 0.003657469991594553, "std_height": 0.0062180198729038239, "count_pixels": 37, "percent_cover": 0.033901411031702404, "percent_above_0.1m": 0.0, "low_level_<0.5": 0.0, "mid_level_0.5-2": 0.0, "tall_2+": 0.0 }, "geometry": { "type": "Point", "coordinates": [ 0.878507697339758, 51.917245081507787 ] } },
{ "type": "Feature", "properties": { "max_height": 0.02825164794921875, "mean_height": 0.00081932253669947386, "std_height": 0.0061841006390750408, "count_pixels": 41, "percent_cover": 0.037566428440535093, "percent_above_0.1m": 0.0, "low_level_<0.5": 0.0, "mid_level_0.5-2": 0.0, "tall_2+": 0.0 }, "geometry": { "type": "Point", "coordinates": [ 0.878708905183916, 51.91724015801713 ] } },
{ "type": "Feature", "properties": { "max_height": 0.01975250244140625, "mean_height": 0.0012031183578073978, "std_height": 0.0046861479058861732, "count_pixels": 41, "percent_cover": 0.037566428440535093, "percent_above_0.1m": 0.0, "low_level_<0.5": 0.0, "mid_level_0.5-2": 0.0, "tall_2+": 0.0 }, "geometry": { "type": "Point", "coordinates": [ 0.878910112971948, 51.917235234181874 ] } },
{ "type": "Feature", "properties": { "max_height": 0.13325119018554688, "mean_height": 0.0048012151382863522, "std_height": 0.020873559638857841, "count_pixels": 41, "percent_cover": 0.037566428440535093, "percent_above_0.1m": 2.4390243902439024, "low_level_<0.5": 0.0, "mid_level_0.5-2": 0.0, "tall_2+": 0.0 }, "geometry": { "type": "Point", "coordinates": [ 0.879111320703845, 51.917230310002005 ] } },
{ "type": "Feature", "properties": { "max_height": 0.029003143310546875, "mean_height": 0.002346038818359375, "std_height": 0.0075512412004172802, "count_pixels": 43, "percent_cover": 0.039398937144951442, "percent_above_0.1m": 0.0, "low_level_<0.5": 0.0, "mid_level_0.5-2": 0.0, "tall_2+": 0.0 }, "geometry": { "type": "Point", "coordinates": [ 0.879312528376978, 51.91722538549184 ] } },
{ "type": "Feature", "properties": { "max_height": 0.022502899169921875, "mean_height": 0.00024068077618721873, "std_height": 0.0079436767846345901, "count_pixels": 43, "percent_cover": 0.039398937144951442, "percent_above_0.1m": 0.0, "low_level_<0.5": 0.0, "mid_level_0.5-2": 0.0, "tall_2+": 0.0 }, "geometry": { "type": "Point", "coordinates": [ 0.879513735993193, 51.917220460641225 ] } },
{ "type": "Feature", "properties": { "max_height": 0.160003662109375, "mean_height": 0.0047870012931525707, "std_height": 0.026196544989943504, "count_pixels": 43, "percent_cover": 0.039398937144951442, "percent_above_0.1m": 2.3255813953488373, "low_level_<0.5": 2.3255813953488373, "mid_level_0.5-2": 0.0, "tall_2+": 0.0 }, "geometry": { "type": "Point", "coordinates": [ 0.879714943553316, 51.917215535445564 ] } },
{ "type": "Feature", "properties": { "max_height": 0.044750213623046875, "mean_height": 0.0081452867016196251, "std_height": 0.0097083905711770058, "count_pixels": 42, "percent_cover": 0.038482682792743264, "percent_above_0.1m": 0.0, "low_level_<0.5": 0.0, "mid_level_0.5-2": 0.0, "tall_2+": 0.0 }, "geometry": { "type": "Point", "coordinates": [ 0.879916151057338, 51.917210609904856 ] } },
{ "type": "Feature", "properties": { "max_height": 0.036754608154296875, "mean_height": 0.0051132910884916782, "std_height": 0.0093854945152997971, "count_pixels": 43, "percent_cover": 0.039398937144951442, "percent_above_0.1m": 0.0, "low_level_<0.5": 0.0, "mid_level_0.5-2": 0.0, "tall_2+": 0.0 }, "geometry": { "type": "Point", "coordinates": [ 0.880117358505265, 51.917205684019116 ] } },
{ "type": "Feature", "properties": { "max_height": 0.032001495361328125, "mean_height": 0.0043971040286123753, "std_height": 0.0090988278388977051, "count_pixels": 43, "percent_cover": 0.039398937144951442, "percent_above_0.1m": 0.0, "low_level_<0.5": 0.0, "mid_level_0.5-2": 0.0, "tall_2+": 0.0 }, "geometry": { "type": "Point", "coordinates": [ 0.880318565897084, 51.917200757788329 ] } },
{ "type": "Feature", "properties": { "max_height": 5.0487556457519531, "mean_height": 0.24268686771392822, "std_height": 0.96968579292297363, "count_pixels": 42, "percent_cover": 0.038482682792743264, "percent_above_0.1m": 7.1428571428571423, "low_level_<0.5": 0.0, "mid_level_0.5-2": 2.3809523809523809, "tall_2+": 4.7619047619047619 }, "geometry": { "type": "Point", "coordinates": [ 0.880519773232798, 51.917195831212517 ] } },
{ "type": "Feature", "properties": { "max_height": 12.840499877929688, "mean_height": 4.3464045524597168, "std_height": 4.3981380462646484, "count_pixels": 41, "percent_cover": 0.037566428440535093, "percent_above_0.1m": 63.414634146341463, "low_level_<0.5": 0.0, "mid_level_0.5-2": 4.8780487804878048, "tall_2+": 58.536585365853654 }, "geometry": { "type": "Point", "coordinates": [ 0.880720980486827, 51.917190904303517 ] } },
{ "type": "Feature", "properties": { "max_height": 8.73699951171875, "mean_height": 1.3020509481430054, "std_height": 2.4936270713806152, "count_pixels": 41, "percent_cover": 0.037566428440535093, "percent_above_0.1m": 39.024390243902438, "low_level_<0.5": 9.7560975609756095, "mid_level_0.5-2": 9.7560975609756095, "tall_2+": 19.512195121951219 }, "geometry": { "type": "Point", "coordinates": [ 0.880922187677154, 51.917185977051865 ] } },
{ "type": "Feature", "properties": { "max_height": 7.9080009460449219, "mean_height": 2.3188924789428711, "std_height": 2.971513032913208, "count_pixels": 41, "percent_cover": 0.037566428440535093, "percent_above_0.1m": 53.658536585365859, "low_level_<0.5": 7.3170731707317067, "mid_level_0.5-2": 7.3170731707317067, "tall_2+": 36.585365853658537 }, "geometry": { "type": "Point", "coordinates": [ 0.881123394811796, 51.917181049454875 ] } },
{ "type": "Feature", "properties": { "max_height": 7.6265029907226562, "mean_height": 1.496232271194458, "std_height": 2.3603262901306152, "count_pixels": 37, "percent_cover": 0.033901411031702404, "percent_above_0.1m": 72.972972972972968, "low_level_<0.5": 24.324324324324326, "mid_level_0.5-2": 21.621621621621621, "tall_2+": 21.621621621621621 }, "geometry": { "type": "Point", "coordinates": [ 0.881324601890933, 51.91717612151249 ] } },
{ "type": "Feature", "properties": { "max_height": 8.2965049743652344, "mean_height": 3.6061546802520752, "std_height": 2.8935277462005615, "count_pixels": 41, "percent_cover": 0.037566428440535093, "percent_above_0.1m": 92.682926829268297, "low_level_<0.5": 17.073170731707318, "mid_level_0.5-2": 12.195121951219512, "tall_2+": 60.975609756097562 }, "geometry": { "type": "Point", "coordinates": [ 0.877206743329783, 51.917384831593047 ] } },
{ "type": "Feature", "properties": { "max_height": 0.70050048828125, "mean_height": 0.061489850282669067, "std_height": 0.15721902251243591, "count_pixels": 41, "percent_cover": 0.037566428440535093, "percent_above_0.1m": 12.195121951219512, "low_level_<0.5": 9.7560975609756095, "mid_level_0.5-2": 2.4390243902439024, "tall_2+": 0.0 }, "geometry": { "type": "Point", "coordinates": [ 0.877407952002919, 51.917379910334006 ] } },
{ "type": "Feature", "properties": { "max_height": 0.020999908447265625, "mean_height": 0.00086798320990055799, "std_height": 0.0050501404330134392, "count_pixels": 41, "percent_cover": 0.037566428440535093, "percent_above_0.1m": 0.0, "low_level_<0.5": 0.0, "mid_level_0.5-2": 0.0, "tall_2+": 0.0 }, "geometry": { "type": "Point", "coordinates": [ 0.877609160619952, 51.917374988730323 ] } },
{ "type": "Feature", "properties": { "max_height": 0.0057525634765625, "mean_height": -0.0025267829187214375, "std_height": 0.0054571004584431648, "count_pixels": 42, "percent_cover": 0.038482682792743264, "percent_above_0.1m": 0.0, "low_level_<0.5": 0.0, "mid_level_0.5-2": 0.0, "tall_2+": 0.0 }, "geometry": { "type": "Point", "coordinates": [ 0.877810369180867, 51.917370066782048 ] } },
{ "type": "Feature", "properties": { "max_height": 0.009502410888671875, "mean_height": 0.00010139997903024778, "std_height": 0.0037324859295040369, "count_pixels": 43, "percent_cover": 0.039398937144951442, "percent_above_0.1m": 0.0, "low_level_<0.5": 0.0, "mid_level_0.5-2": 0.0, "tall_2+": 0.0 }, "geometry": { "type": "Point", "coordinates": [ 0.878011577685673, 51.91736514448916 ] } },
{ "type": "Feature", "properties": { "max_height": 0.042999267578125, "mean_height": 0.0059439195320010185, "std_height": 0.0099992398172616959, "count_pixels": 43, "percent_cover": 0.039398937144951442, "percent_above_0.1m": 0.0, "low_level_<0.5": 0.0, "mid_level_0.5-2": 0.0, "tall_2+": 0.0 }, "geometry": { "type": "Point", "coordinates": [ 0.87821278613436, 51.917360221851652 ] } },
{ "type": "Feature", "properties": { "max_height": 0.04900360107421875, "mean_height": 0.0060791741125285625, "std_height": 0.011551586911082268, "count_pixels": 42, "percent_cover": 0.038482682792743264, "percent_above_0.1m": 0.0, "low_level_<0.5": 0.0, "mid_level_0.5-2": 0.0, "tall_2+": 0.0 }, "geometry": { "type": "Point", "coordinates": [ 0.878413994526925, 51.917355298869545 ] } },
{ "type": "Feature", "properties": { "max_height": 0.0227508544921875, "mean_height": 0.00079292472219094634, "std_height": 0.0067651038989424706, "count_pixels": 43, "percent_cover": 0.039398937144951442, "percent_above_0.1m": 0.0, "low_level_<0.5": 0.0, "mid_level_0.5-2": 0.0, "tall_2+": 0.0 }, "geometry": { "type": "Point", "coordinates": [ 0.878615202863364, 51.917350375542796 ] } },
{ "type": "Feature", "properties": { "max_height": 0.014251708984375, "mean_height": -0.00055650225840508938, "std_height": 0.0044888951815664768, "count_pixels": 43, "percent_cover": 0.039398937144951442, "percent_above_0.1m": 0.0, "low_level_<0.5": 0.0, "mid_level_0.5-2": 0.0, "tall_2+": 0.0 }, "geometry": { "type": "Point", "coordinates": [ 0.878816411143675, 51.917345451871455 ] } },
{ "type": "Feature", "properties": { "max_height": 0.10425186157226562, "mean_height": 0.0022231701295822859, "std_height": 0.016111636534333229, "count_pixels": 43, "percent_cover": 0.039398937144951442, "percent_above_0.1m": 2.3255813953488373, "low_level_<0.5": 0.0, "mid_level_0.5-2": 0.0, "tall_2+": 0.0 }, "geometry": { "type": "Point", "coordinates": [ 0.879017619367849, 51.917340527855501 ] } },
{ "type": "Feature", "properties": { "max_height": 0.0265045166015625, "mean_height": 0.0014655881095677614, "std_height": 0.0071942508220672607, "count_pixels": 41, "percent_cover": 0.037566428440535093, "percent_above_0.1m": 0.0, "low_level_<0.5": 0.0, "mid_level_0.5-2": 0.0, "tall_2+": 0.0 }, "geometry": { "type": "Point", "coordinates": [ 0.879218827535893, 51.917335603494934 ] } },
{ "type": "Feature", "properties": { "max_height": 0.026752471923828125, "mean_height": 0.00092241237871348858, "std_height": 0.0076934457756578922, "count_pixels": 41, "percent_cover": 0.037566428440535093, "percent_above_0.1m": 0.0, "low_level_<0.5": 0.0, "mid_level_0.5-2": 0.0, "tall_2+": 0.0 }, "geometry": { "type": "Point", "coordinates": [ 0.879420035647789, 51.917330678789739 ] } },
{ "type": "Feature", "properties": { "max_height": 0.04724884033203125, "mean_height": -0.0018823205027729273, "std_height": 0.012521578930318356, "count_pixels": 41, "percent_cover": 0.037566428440535093, "percent_above_0.1m": 0.0, "low_level_<0.5": 0.0, "mid_level_0.5-2": 0.0, "tall_2+": 0.0 }, "geometry": { "type": "Point", "coordinates": [ 0.879621243703541, 51.917325753739938 ] } },
{ "type": "Feature", "properties": { "max_height": 0.06075286865234375, "mean_height": 0.002117156982421875, "std_height": 0.011381613090634346, "count_pixels": 37, "percent_cover": 0.033901411031702404, "percent_above_0.1m": 0.0, "low_level_<0.5": 0.0, "mid_level_0.5-2": 0.0, "tall_2+": 0.0 }, "geometry": { "type": "Point", "coordinates": [ 0.879822451703146, 51.917320828345531 ] } },
{ "type": "Feature", "properties": { "max_height": 0.0175018310546875, "mean_height": 0.0010388072114437819, "std_height": 0.0078265955671668053, "count_pixels": 41, "percent_cover": 0.037566428440535093, "percent_above_0.1m": 0.0, "low_level_<0.5": 0.0, "mid_level_0.5-2": 0.0, "tall_2+": 0.0 }, "geometry": { "type": "Point", "coordinates": [ 0.880023659646597, 51.917315902606518 ] } },
{ "type": "Feature", "properties": { "max_height": 0.014751434326171875, "mean_height": 8.178338612196967e-05, "std_height": 0.0063185202889144421, "count_pixels": 41, "percent_cover": 0.037566428440535093, "percent_above_0.1m": 0.0, "low_level_<0.5": 0.0, "mid_level_0.5-2": 0.0, "tall_2+": 0.0 }, "geometry": { "type": "Point", "coordinates": [ 0.880224867533897, 51.91731097652287 ] } },
{ "type": "Feature", "properties": { "max_height": 6.9912490844726562, "mean_height": 0.42417880892753601, "std_height": 1.4175208806991577, "count_pixels": 41, "percent_cover": 0.037566428440535093, "percent_above_0.1m": 9.7560975609756095, "low_level_<0.5": 0.0, "mid_level_0.5-2": 0.0, "tall_2+": 9.7560975609756095 }, "geometry": { "type": "Point", "coordinates": [ 0.880426075365029, 51.917306050094624 ] } },
{ "type": "Feature", "properties": { "max_height": 15.458499908447266, "mean_height": 8.5487289428710938, "std_height": 4.7731242179870605, "count_pixels": 42, "percent_cover": 0.038482682792743264, "percent_above_0.1m": 88.095238095238088, "low_level_<0.5": 2.3809523809523809, "mid_level_0.5-2": 2.3809523809523809, "tall_2+": 83.333333333333343 }, "geometry": { "type": "Point", "coordinates": [ 0.880627283140003, 51.917301123321757 ] } },
{ "type": "Feature", "properties": { "max_height": 14.144252777099609, "mean_height": 3.4157183170318604, "std_height": 4.4589452743530273, "count_pixels": 43, "percent_cover": 0.039398937144951442, "percent_above_0.1m": 53.488372093023251, "low_level_<0.5": 6.9767441860465116, "mid_level_0.5-2": 4.6511627906976747, "tall_2+": 41.860465116279073 }, "geometry": { "type": "Point", "coordinates": [ 0.880828490858804, 51.917296196204283 ] } },
{ "type": "Feature", "properties": { "max_height": 6.2492523193359375, "mean_height": 0.59856629371643066, "std_height": 1.3532006740570068, "count_pixels": 43, "percent_cover": 0.039398937144951442, "percent_above_0.1m": 48.837209302325576, "low_level_<0.5": 20.930232558139537, "mid_level_0.5-2": 11.627906976744185, "tall_2+": 9.3023255813953494 }, "geometry": { "type": "Point", "coordinates": [ 0.881029698521439, 51.917291268742218 ] } },
{ "type": "Feature", "properties": { "max_height": 8.8520011901855469, "mean_height": 5.0125598907470703, "std_height": 2.3083078861236572, "count_pixels": 43, "percent_cover": 0.039398937144951442, "percent_above_0.1m": 100.0, "low_level_<0.5": 0.0, "mid_level_0.5-2": 11.627906976744185, "tall_2+": 86.04651162790698 }, "geometry": { "type": "Point", "coordinates": [ 0.877314246292557, 51.91749012679648 ] } },
{ "type": "Feature", "properties": { "max_height": 5.8070030212402344, "mean_height": 0.42901912331581116, "std_height": 1.1436399221420288, "count_pixels": 43, "percent_cover": 0.039398937144951442, "percent_above_0.1m": 30.232558139534881, "low_level_<0.5": 11.627906976744185, "mid_level_0.5-2": 9.3023255813953494, "tall_2+": 6.9767441860465116 }, "geometry": { "type": "Point", "coordinates": [ 0.877515455401857, 51.917485205356734 ] } },
{ "type": "Feature", "properties": { "max_height": 0.17775344848632812, "mean_height": 0.0091987792402505875, "std_height": 0.031996969133615494, "count_pixels": 42, "percent_cover": 0.038482682792743264, "percent_above_0.1m": 4.7619047619047619, "low_level_<0.5": 2.3809523809523809, "mid_level_0.5-2": 0.0, "tall_2+": 0.0 }, "geometry": { "type": "Point", "coordinates": [ 0.877716664455051, 51.917480283572374 ] } },
{ "type": "Feature", "properties": { "max_height": 0.008754730224609375, "mean_height": 0.0003863078891299665, "std_height": 0.0042638983577489853, "count_pixels": 41, "percent_cover": 0.037566428440535093, "percent_above_0.1m": 0.0, "low_level_<0.5": 0.0, "mid_level_0.5-2": 0.0, "tall_2+": 0.0 }, "geometry": { "type": "Point", "coordinates": [ 0.877917873452134, 51.917475361443401 ] } },
{ "type": "Feature", "properties": { "max_height": 0.0227508544921875, "mean_height": 0.0014039016095921397, "std_height": 0.0059649362228810787, "count_pixels": 41, "percent_cover": 0.037566428440535093, "percent_above_0.1m": 0.0, "low_level_<0.5": 0.0, "mid_level_0.5-2": 0.0, "tall_2+": 0.0 }, "geometry": { "type": "Point", "coordinates": [ 0.878119082393095, 51.917470438969829 ] } },
{ "type": "Feature", "properties": { "max_height": 0.00475311279296875, "mean_height": -0.00072348990943282843, "std_height": 0.0029129371978342533, "count_pixels": 41, "percent_cover": 0.037566428440535093, "percent_above_0.1m": 0.0, "low_level_<0.5": 0.0, "mid_level_0.5-2": 0.0, "tall_2+": 0.0 }, "geometry": { "type": "Point", "coordinates": [ 0.878320291277941, 51.917465516151616 ] } },
{ "type": "Feature", "properties": { "max_height": 0.0135040283203125, "mean_height": 0.00073159707244485617, "std_height": 0.004158330149948597, "count_pixels": 37, "percent_cover": 0.033901411031702404, "percent_above_0.1m": 0.0, "low_level_<0.5": 0.0, "mid_level_0.5-2": 0.0, "tall_2+": 0.0 }, "geometry": { "type": "Point", "coordinates": [ 0.878521500106659, 51.91746059298881 ] } },
{ "type": "Feature", "properties": { "max_height": 0.01175689697265625, "mean_height": 0.00014886623830534518, "std_height": 0.0045821554958820343, "count_pixels": 41, "percent_cover": 0.037566428440535093, "percent_above_0.1m": 0.0, "low_level_<0.5": 0.0, "mid_level_0.5-2": 0.0, "tall_2+": 0.0 }, "geometry": { "type": "Point", "coordinates": [ 0.87872270887925, 51.917455669481377 ] } },
{ "type": "Feature", "properties": { "max_height": 0.025249481201171875, "mean_height": 0.00022134548635222018, "std_height": 0.0085639161989092827, "count_pixels": 41, "percent_cover": 0.037566428440535093, "percent_above_0.1m": 0.0, "low_level_<0.5": 0.0, "mid_level_0.5-2": 0.0, "tall_2+": 0.0 }, "geometry": { "type": "Point", "coordinates": [ 0.878923917595711, 51.917450745629338 ] } },
{ "type": "Feature", "properties": { "max_height": 0.017253875732421875, "mean_height": -0.00027270434657111764, "std_height": 0.0053809871897101402, "count_pixels": 41, "percent_cover": 0.037566428440535093, "percent_above_0.1m": 0.0, "low_level_<0.5": 0.0, "mid_level_0.5-2": 0.0, "tall_2+": 0.0 }, "geometry": { "type": "Point", "coordinates": [ 0.879125126256034, 51.917445821432672 ] } },
{ "type": "Feature", "properties": { "max_height": 0.026500701904296875, "mean_height": -3.725983333424665e-06, "std_height": 0.0068299337290227413, "count_pixels": 43, "percent_cover": 0.039398937144951442, "percent_above_0.1m": 0.0, "low_level_<0.5": 0.0, "mid_level_0.5-2": 0.0, "tall_2+": 0.0 }, "geometry": { "type": "Point", "coordinates": [ 0.879326334860219, 51.917440896891414 ] } },
{ "type": "Feature", "properties": { "max_height": 0.019001007080078125, "mean_height": -0.0005211941315792501, "std_height": 0.0065288268961012363, "count_pixels": 43, "percent_cover": 0.039398937144951442, "percent_above_0.1m": 0.0, "low_level_<0.5": 0.0, "mid_level_0.5-2": 0.0, "tall_2+": 0.0 }, "geometry": { "type": "Point", "coordinates": [ 0.87952754340826, 51.917435972005521 ] } },
{ "type": "Feature", "properties": { "max_height": 0.12775421142578125, "mean_height": 0.005362754687666893, "std_height": 0.022230586037039757, "count_pixels": 43, "percent_cover": 0.039398937144951442, "percent_above_0.1m": 2.3255813953488373, "low_level_<0.5": 0.0, "mid_level_0.5-2": 0.0, "tall_2+": 0.0 }, "geometry": { "type": "Point", "coordinates": [ 0.879728751900153, 51.917431046775022 ] } },
{ "type": "Feature", "properties": { "max_height": 0.035251617431640625, "mean_height": 0.0058470228686928749, "std_height": 0.007548017892986536, "count_pixels": 42, "percent_cover": 0.038482682792743264, "percent_above_0.1m": 0.0, "low_level_<0.5": 0.0, "mid_level_0.5-2": 0.0, "tall_2+": 0.0 }, "geometry": { "type": "Point", "coordinates": [ 0.879929960335897, 51.917426121199895 ] } },
{ "type": "Feature", "properties": { "max_height": 0.020751953125, "mean_height": 0.0020139827392995358, "std_height": 0.0070332582108676434, "count_pixels": 43, "percent_cover": 0.039398937144951442, "percent_above_0.1m": 0.0, "low_level_<0.5": 0.0, "mid_level_0.5-2": 0.0, "tall_2+": 0.0 }, "geometry": { "type": "Point", "coordinates": [ 0.880131168715483, 51.917421195280156 ] } },
{ "type": "Feature", "properties": { "max_height": 13.191001892089844, "mean_height": 3.5215542316436768, "std_height": 4.3829197883605957, "count_pixels": 43, "percent_cover": 0.039398937144951442, "percent_above_0.1m": 48.837209302325576, "low_level_<0.5": 0.0, "mid_level_0.5-2": 4.6511627906976747, "tall_2+": 44.186046511627907 }, "geometry": { "type": "Point", "coordinates": [ 0.880332377038915, 51.917416269015824 ] } },
{ "type": "Feature", "properties": { "max_height": 12.883003234863281, "mean_height": 6.5555200576782227, "std_height": 4.5082674026489258, "count_pixels": 42, "percent_cover": 0.038482682792743264, "percent_above_0.1m": 88.095238095238088, "low_level_<0.5": 0.0, "mid_level_0.5-2": 16.666666666666664, "tall_2+": 71.428571428571431 }, "geometry": { "type": "Point", "coordinates": [ 0.880533585306179, 51.917411342406858 ] } },
{ "type": "Feature", "properties": { "max_height": 10.767753601074219, "mean_height": 1.830453634262085, "std_height": 3.210681676864624, "count_pixels": 41, "percent_cover": 0.037566428440535093, "percent_above_0.1m": 31.707317073170731, "low_level_<0.5": 0.0, "mid_level_0.5-2": 4.8780487804878048, "tall_2+": 26.829268292682929 }, "geometry": { "type": "Point", "coordinates": [ 0.88073479351728, 51.917406415453279 ] } },
{ "type": "Feature", "properties": { "max_height": 8.0030021667480469, "mean_height": 3.9931788444519043, "std_height": 2.9305005073547363, "count_pixels": 41, "percent_cover": 0.037566428440535093, "percent_above_0.1m": 90.243902439024396, "low_level_<0.5": 17.073170731707318, "mid_level_0.5-2": 4.8780487804878048, "tall_2+": 65.853658536585371 }, "geometry": { "type": "Point", "coordinates": [ 0.880936001672207, 51.917401488155107 ] } },
{ "type": "Feature", "properties": { "max_height": 4.9307518005371094, "mean_height": 1.0141420364379883, "std_height": 1.2226748466491699, "count_pixels": 41, "percent_cover": 0.037566428440535093, "percent_above_0.1m": 80.487804878048792, "low_level_<0.5": 19.512195121951219, "mid_level_0.5-2": 39.024390243902438, "tall_2+": 17.073170731707318 }, "geometry": { "type": "Point", "coordinates": [ 0.877622959293069, 51.91759050028304 ] } },
{ "type": "Feature", "properties": { "max_height": 0.76925277709960938, "mean_height": 0.025519870221614838, "std_height": 0.11939404904842377, "count_pixels": 42, "percent_cover": 0.038482682792743264, "percent_above_0.1m": 7.1428571428571423, "low_level_<0.5": 2.3809523809523809, "mid_level_0.5-2": 2.3809523809523809, "tall_2+": 0.0 }, "geometry": { "type": "Point", "coordinates": [ 0.877824168782426, 51.91758557831799 ] } },
{ "type": "Feature", "properties": { "max_height": 0.01399993896484375, "mean_height": 0.0021475858520716429, "std_height": 0.0049530519172549248, "count_pixels": 43, "percent_cover": 0.039398937144951442, "percent_above_0.1m": 0.0, "low_level_<0.5": 0.0, "mid_level_0.5-2": 0.0, "tall_2+": 0.0 }, "geometry": { "type": "Point", "coordinates": [ 0.878025378215672, 51.917580656008326 ] } },
{ "type": "Feature", "properties": { "max_height": 0.01700592041015625, "mean_height": 0.00032185399322770536, "std_height": 0.0040570073761045933, "count_pixels": 43, "percent_cover": 0.039398937144951442, "percent_above_0.1m": 0.0, "low_level_<0.5": 0.0, "mid_level_0.5-2": 0.0, "tall_2+": 0.0 }, "geometry": { "type": "Point", "coordinates": [ 0.878226587592797, 51.917575733354049 ] } },
{ "type": "Feature", "properties": { "max_height": 0.01325225830078125, "mean_height": -0.00094431923935189843, "std_height": 0.0052560796029865742, "count_pixels": 42, "percent_cover": 0.038482682792743264, "percent_above_0.1m": 0.0, "low_level_<0.5": 0.0, "mid_level_0.5-2": 0.0, "tall_2+": 0.0 }, "geometry": { "type": "Point", "coordinates": [ 0.878427796913795, 51.917570810355144 ] } },
{ "type": "Feature", "properties": { "max_height": 0.016002655029296875, "mean_height": 0.0021877733524888754, "std_height": 0.005323067307472229, "count_pixels": 43, "percent_cover": 0.039398937144951442, "percent_above_0.1m": 0.0, "low_level_<0.5": 0.0, "mid_level_0.5-2": 0.0, "tall_2+": 0.0 }, "geometry": { "type": "Point", "coordinates": [ 0.878629006178678, 51.917565887011627 ] } },
{ "type": "Feature", "properties": { "max_height": 0.019252777099609375, "mean_height": 0.0012985052308067679, "std_height": 0.0041809054091572762, "count_pixels": 43, "percent_cover": 0.039398937144951442, "percent_above_0.1m": 0.0, "low_level_<0.5": 0.0, "mid_level_0.5-2": 0.0, "tall_2+": 0.0 }, "geometry": { "type": "Point", "coordinates": [ 0.878830215387417, 51.91756096332351 ] } },
{ "type": "Feature", "properties": { "max_height": 0.019252777099609375, "mean_height": -0.00099847477395087481, "std_height": 0.007043253630399704, "count_pixels": 43, "percent_cover": 0.039398937144951442, "percent_above_0.1m": 0.0, "low_level_<0.5": 0.0, "mid_level_0.5-2": 0.0, "tall_2+": 0.0 }, "geometry": { "type": "Point", "coordinates": [ 0.879031424540029, 51.917556039290766 ] } },
{ "type": "Feature", "properties": { "max_height": 0.009002685546875, "mean_height": -0.0011812535813078284, "std_height": 0.0049837995320558548, "count_pixels": 41, "percent_cover": 0.037566428440535093, "percent_above_0.1m": 0.0, "low_level_<0.5": 0.0, "mid_level_0.5-2": 0.0, "tall_2+": 0.0 }, "geometry": { "type": "Point", "coordinates": [ 0.879232633636503, 51.917551114913408 ] } },
{ "type": "Feature", "properties": { "max_height": 0.020252227783203125, "mean_height": 0.0024896946270018816, "std_height": 0.0062158345244824886, "count_pixels": 41, "percent_cover": 0.037566428440535093, "percent_above_0.1m": 0.0, "low_level_<0.5": 0.0, "mid_level_0.5-2": 0.0, "tall_2+": 0.0 }, "geometry": { "type": "Point", "coordinates": [ 0.879433842676834, 51.917546190191423 ] } },
{ "type": "Feature", "properties": { "max_height": 0.064754486083984375, "mean_height": 0.0071365544572472572, "std_height": 0.012587307021021843, "count_pixels": 41, "percent_cover": 0.037566428440535093, "percent_above_0.1m": 0.0, "low_level_<0.5": 0.0, "mid_level_0.5-2": 0.0, "tall_2+": 0.0 }, "geometry": { "type": "Point", "coordinates": [ 0.879635051661021, 51.917541265124832 ] } },
{ "type": "Feature", "properties": { "max_height": 0.020751953125, "mean_height": 0.004238850437104702, "std_height": 0.0060064159333705902, "count_pixels": 37, "percent_cover": 0.033901411031702404, "percent_above_0.1m": 0.0, "low_level_<0.5": 0.0, "mid_level_0.5-2": 0.0, "tall_2+": 0.0 }, "geometry": { "type": "Point", "coordinates": [ 0.879836260589055, 51.917536339713614 ] } },
{ "type": "Feature", "properties": { "max_height": 0.08875274658203125, "mean_height": 0.0059109199792146683, "std_height": 0.018719237297773361, "count_pixels": 41, "percent_cover": 0.037566428440535093, "percent_above_0.1m": 0.0, "low_level_<0.5": 0.0, "mid_level_0.5-2": 0.0, "tall_2+": 0.0 }, "geometry": { "type": "Point", "coordinates": [ 0.880037469460935, 51.917531413957796 ] } },
{ "type": "Feature", "properties": { "max_height": 8.079254150390625, "mean_height": 2.5220263004302979, "std_height": 3.1001076698303223, "count_pixels": 41, "percent_cover": 0.037566428440535093, "percent_above_0.1m": 51.219512195121951, "low_level_<0.5": 4.8780487804878048, "mid_level_0.5-2": 7.3170731707317067, "tall_2+": 39.024390243902438 }, "geometry": { "type": "Point", "coordinates": [ 0.88023867827666, 51.917526487857359 ] } },
{ "type": "Feature", "properties": { "max_height": 14.801502227783203, "mean_height": 6.4722824096679688, "std_height": 5.0935816764831543, "count_pixels": 41, "percent_cover": 0.037566428440535093, "percent_above_0.1m": 73.170731707317074, "low_level_<0.5": 0.0, "mid_level_0.5-2": 2.4390243902439024, "tall_2+": 70.731707317073173 }, "geometry": { "type": "Point", "coordinates": [ 0.880439887036224, 51.9175215614123 ] } },
{ "type": "Feature", "properties": { "max_height": 0.053752899169921875, "mean_height": 0.0068239485844969749, "std_height": 0.011053712107241154, "count_pixels": 42, "percent_cover": 0.038482682792743264, "percent_above_0.1m": 0.0, "low_level_<0.5": 0.0, "mid_level_0.5-2": 0.0, "tall_2+": 0.0 }, "geometry": { "type": "Point", "coordinates": [ 0.880641095739625, 51.917516634622643 ] } },
{ "type": "Feature", "properties": { "max_height": 10.040252685546875, "mean_height": 4.3197641372680664, "std_height": 3.0363013744354248, "count_pixels": 42, "percent_cover": 0.038482682792743264, "percent_above_0.1m": 88.095238095238088, "low_level_<0.5": 9.5238095238095237, "mid_level_0.5-2": 7.1428571428571423, "tall_2+": 71.428571428571431 }, "geometry": { "type": "Point", "coordinates": [ 0.877730463676555, 51.917695795112905 ] } },
{ "type": "Feature", "properties": { "max_height": 1.1777534484863281, "mean_height": 0.029605492949485779, "std_height": 0.18158569931983948, "count_pixels": 41, "percent_cover": 0.037566428440535093, "percent_above_0.1m": 2.4390243902439024, "low_level_<0.5": 0.0, "mid_level_0.5-2": 2.4390243902439024, "tall_2+": 0.0 }, "geometry": { "type": "Point", "coordinates": [ 0.877931673602081, 51.917690872967164 ] } },
{ "type": "Feature", "properties": { "max_height": 0.01650238037109375, "mean_height": 0.0016480422345921397, "std_height": 0.0042853495106101036, "count_pixels": 41, "percent_cover": 0.037566428440535093, "percent_above_0.1m": 0.0, "low_level_<0.5": 0.0, "mid_level_0.5-2": 0.0, "tall_2+": 0.0 }, "geometry": { "type": "Point", "coordinates": [ 0.878132883471491, 51.917685950476795 ] } },
{ "type": "Feature", "properties": { "max_height": 0.006252288818359375, "mean_height": -0.00061956263380125165, "std_height": 0.0026417151093482971, "count_pixels": 41, "percent_cover": 0.037566428440535093, "percent_above_0.1m": 0.0, "low_level_<0.5": 0.0, "mid_level_0.5-2": 0.0, "tall_2+": 0.0 }, "geometry": { "type": "Point", "coordinates": [ 0.878334093284777, 51.917681027641827 ] } },
{ "type": "Feature", "properties": { "max_height": 0.01025390625, "mean_height": 0.00088738108752295375, "std_height": 0.0033402249682694674, "count_pixels": 37, "percent_cover": 0.033901411031702404, "percent_above_0.1m": 0.0, "low_level_<0.5": 0.0, "mid_level_0.5-2": 0.0, "tall_2+": 0.0 }, "geometry": { "type": "Point", "coordinates": [ 0.87853530304194, 51.917676104462224 ] } },
{ "type": "Feature", "properties": { "max_height": 0.034000396728515625, "mean_height": 0.0031174449250102043, "std_height": 0.0083633763715624809, "count_pixels": 41, "percent_cover": 0.037566428440535093, "percent_above_0.1m": 0.0, "low_level_<0.5": 0.0, "mid_level_0.5-2": 0.0, "tall_2+": 0.0 }, "geometry": { "type": "Point", "coordinates": [ 0.878736512742971, 51.917671180938008 ] } },
{ "type": "Feature", "properties": { "max_height": 0.032253265380859375, "mean_height": 0.0021731678862124681, "std_height": 0.0063592311926186085, "count_pixels": 41, "percent_cover": 0.037566428440535093, "percent_above_0.1m": 0.0, "low_level_<0.5": 0.0, "mid_level_0.5-2": 0.0, "tall_2+": 0.0 }, "geometry": { "type": "Point", "coordinates": [ 0.878937722387872, 51.917666257069179 ] } },
{ "type": "Feature", "properties": { "max_height": 0.05025482177734375, "mean_height": 0.0038312587421387434, "std_height": 0.010247314348816872, "count_pixels": 41, "percent_cover": 0.037566428440535093, "percent_above_0.1m": 0.0, "low_level_<0.5": 0.0, "mid_level_0.5-2": 0.0, "tall_2+": 0.0 }, "geometry": { "type": "Point", "coordinates": [ 0.879138931976637, 51.917661332855744 ] } },
{ "type": "Feature", "properties": { "max_height": 0.110504150390625, "mean_height": 0.0027173950802534819, "std_height": 0.017581256106495857, "count_pixels": 43, "percent_cover": 0.039398937144951442, "percent_above_0.1m": 2.3255813953488373, "low_level_<0.5": 0.0, "mid_level_0.5-2": 0.0, "tall_2+": 0.0 }, "geometry": { "type": "Point", "coordinates": [ 0.879340141509261, 51.917656408297681 ] } },
{ "type": "Feature", "properties": { "max_height": 0.0212554931640625, "mean_height": 0.0022756888065487146, "std_height": 0.0067530949600040913, "count_pixels": 43, "percent_cover": 0.039398937144951442, "percent_above_0.1m": 0.0, "low_level_<0.5": 0.0, "mid_level_0.5-2": 0.0, "tall_2+": 0.0 }, "geometry": { "type": "Point", "coordinates": [ 0.879541350985738, 51.917651483394991 ] } },
{ "type": "Feature", "properties": { "max_height": 0.0435028076171875, "mean_height": 0.0076824454590678215, "std_height": 0.011884263716638088, "count_pixels": 43, "percent_cover": 0.039398937144951442, "percent_above_0.1m": 0.0, "low_level_<0.5": 0.0, "mid_level_0.5-2": 0.0, "tall_2+": 0.0 }, "geometry": { "type": "Point", "coordinates": [ 0.879742560406071, 51.917646558147688 ] } },
{ "type": "Feature", "properties": { "max_height": 1.6785049438476562, "mean_height": 0.050443194806575775, "std_height": 0.25600528717041016, "count_pixels": 42, "percent_cover": 0.038482682792743264, "percent_above_0.1m": 4.7619047619047619, "low_level_<0.5": 2.3809523809523809, "mid_level_0.5-2": 2.3809523809523809, "tall_2+": 0.0 }, "geometry": { "type": "Point", "coordinates": [ 0.879943769770247, 51.917641632555785 ] } },
{ "type": "Feature", "properties": { "max_height": 11.279254913330078, "mean_height": 5.9646306037902832, "std_height": 3.8986682891845703, "count_pixels": 43, "percent_cover": 0.039398937144951442, "percent_above_0.1m": 81.395348837209298, "low_level_<0.5": 0.0, "mid_level_0.5-2": 6.9767441860465116, "tall_2+": 74.418604651162795 }, "geometry": { "type": "Point", "coordinates": [ 0.88014497907827, 51.917636706619255 ] } },
{ "type": "Feature", "properties": { "max_height": 8.5080032348632812, "mean_height": 2.3228399753570557, "std_height": 3.0514991283416748, "count_pixels": 43, "percent_cover": 0.039398937144951442, "percent_above_0.1m": 41.860465116279073, "low_level_<0.5": 0.0, "mid_level_0.5-2": 4.6511627906976747, "tall_2+": 37.209302325581397 }, "geometry": { "type": "Point", "coordinates": [ 0.880346188330136, 51.917631780338098 ] } },
{ "type": "Feature", "properties": { "max_height": 2.7410049438476562, "mean_height": 0.21550242602825165, "std_height": 0.51314771175384521, "count_pixels": 42, "percent_cover": 0.038482682792743264, "percent_above_0.1m": 21.428571428571427, "low_level_<0.5": 7.1428571428571423, "mid_level_0.5-2": 11.904761904761903, "tall_2+": 2.3809523809523809 }, "geometry": { "type": "Point", "coordinates": [ 0.880547397525832, 51.917626853712342 ] } },
{ "type": "Feature", "properties": { "max_height": 6.5852508544921875, "mean_height": 1.6990079879760742, "std_height": 2.102226734161377, "count_pixels": 42, "percent_cover": 0.038482682792743264, "percent_above_0.1m": 64.285714285714292, "low_level_<0.5": 4.7619047619047619, "mid_level_0.5-2": 19.047619047619047, "tall_2+": 33.333333333333329 }, "geometry": { "type": "Point", "coordinates": [ 0.877837968552322, 51.9178010898463 ] } },
{ "type": "Feature", "properties": { "max_height": 6.5895042419433594, "mean_height": 1.2951477766036987, "std_height": 2.1292004585266113, "count_pixels": 43, "percent_cover": 0.039398937144951442, "percent_above_0.1m": 34.883720930232556, "low_level_<0.5": 2.3255813953488373, "mid_level_0.5-2": 2.3255813953488373, "tall_2+": 27.906976744186046 }, "geometry": { "type": "Point", "coordinates": [ 0.878039178914017, 51.917796167519882 ] } },
{ "type": "Feature", "properties": { "max_height": 0.12400436401367188, "mean_height": 0.004810066893696785, "std_height": 0.020051717758178711, "count_pixels": 43, "percent_cover": 0.039398937144951442, "percent_above_0.1m": 2.3255813953488373, "low_level_<0.5": 0.0, "mid_level_0.5-2": 0.0, "tall_2+": 0.0 }, "geometry": { "type": "Point", "coordinates": [ 0.878240389219593, 51.917791244848829 ] } },
{ "type": "Feature", "properties": { "max_height": 0.00424957275390625, "mean_height": -0.00081988744204863906, "std_height": 0.0034197571221739054, "count_pixels": 42, "percent_cover": 0.038482682792743264, "percent_above_0.1m": 0.0, "low_level_<0.5": 0.0, "mid_level_0.5-2": 0.0, "tall_2+": 0.0 }, "geometry": { "type": "Point", "coordinates": [ 0.878441599469043, 51.917786321833148 ] } },
{ "type": "Feature", "properties": { "max_height": 0.006999969482421875, "mean_height": -0.0002130907669197768, "std_height": 0.002908035647124052, "count_pixels": 43, "percent_cover": 0.039398937144951442, "percent_above_0.1m": 0.0, "low_level_<0.5": 0.0, "mid_level_0.5-2": 0.0, "tall_2+": 0.0 }, "geometry": { "type": "Point", "coordinates": [ 0.878642809662367, 51.917781398472862 ] } },
{ "type": "Feature", "properties": { "max_height": 0.038501739501953125, "mean_height": 0.00094968220219016075, "std_height": 0.0069690211676061153, "count_pixels": 43, "percent_cover": 0.039398937144951442, "percent_above_0.1m": 0.0, "low_level_<0.5": 0.0, "mid_level_0.5-2": 0.0, "tall_2+": 0.0 }, "geometry": { "type": "Point", "coordinates": [ 0.878844019799557, 51.917776474767948 ] } },
{ "type": "Feature", "properties": { "max_height": 0.01850128173828125, "mean_height": 0.001362556591629982, "std_height": 0.0051140873692929745, "count_pixels": 43, "percent_cover": 0.039398937144951442, "percent_above_0.1m": 0.0, "low_level_<0.5": 0.0, "mid_level_0.5-2": 0.0, "tall_2+": 0.0 }, "geometry": { "type": "Point", "coordinates": [ 0.879045229880618, 51.917771550718413 ] } },
{ "type": "Feature", "properties": { "max_height": 0.009250640869140625, "mean_height": 0.00014198117423802614, "std_height": 0.0031647442374378443, "count_pixels": 41, "percent_cover": 0.037566428440535093, "percent_above_0.1m": 0.0, "low_level_<0.5": 0.0, "mid_level_0.5-2": 0.0, "tall_2+": 0.0 }, "geometry": { "type": "Point", "coordinates": [ 0.879246439905534, 51.917766626324266 ] } },
{ "type": "Feature", "properties": { "max_height": 0.016754150390625, "mean_height": 0.00061844615265727043, "std_height": 0.0063167000189423561, "count_pixels": 41, "percent_cover": 0.037566428440535093, "percent_above_0.1m": 0.0, "low_level_<0.5": 0.0, "mid_level_0.5-2": 0.0, "tall_2+": 0.0 }, "geometry": { "type": "Point", "coordinates": [ 0.879447649874309, 51.917761701585498 ] } },
{ "type": "Feature", "properties": { "max_height": 0.032253265380859375, "mean_height": 0.0050513106398284435, "std_height": 0.0098695280030369759, "count_pixels": 41, "percent_cover": 0.037566428440535093, "percent_above_0.1m": 0.0, "low_level_<0.5": 0.0, "mid_level_0.5-2": 0.0, "tall_2+": 0.0 }, "geometry": { "type": "Point", "coordinates": [ 0.879648859786938, 51.917756776502102 ] } },
{ "type": "Feature", "properties": { "max_height": 0.01650238037109375, "mean_height": 0.0018265183316543698, "std_height": 0.0062394486740231514, "count_pixels": 37, "percent_cover": 0.033901411031702404, "percent_above_0.1m": 0.0, "low_level_<0.5": 0.0, "mid_level_0.5-2": 0.0, "tall_2+": 0.0 }, "geometry": { "type": "Point", "coordinates": [ 0.879850069643415, 51.917751851074101 ] } },
{ "type": "Feature", "properties": { "max_height": 12.447002410888672, "mean_height": 7.4469475746154785, "std_height": 4.1614398956298828, "count_pixels": 41, "percent_cover": 0.037566428440535093, "percent_above_0.1m": 87.804878048780495, "low_level_<0.5": 0.0, "mid_level_0.5-2": 7.3170731707317067, "tall_2+": 80.487804878048792 }, "geometry": { "type": "Point", "coordinates": [ 0.880051279443738, 51.917746925301479 ] } },
{ "type": "Feature", "properties": { "max_height": 11.036003112792969, "mean_height": 2.0875022411346436, "std_height": 3.1833348274230957, "count_pixels": 41, "percent_cover": 0.037566428440535093, "percent_above_0.1m": 48.780487804878049, "low_level_<0.5": 4.8780487804878048, "mid_level_0.5-2": 12.195121951219512, "tall_2+": 29.268292682926827 }, "geometry": { "type": "Point", "coordinates": [ 0.880252489187905, 51.917741999184244 ] } },
{ "type": "Feature", "properties": { "max_height": 0.65875244140625, "mean_height": 0.10863011330366135, "std_height": 0.19081319868564606, "count_pixels": 41, "percent_cover": 0.037566428440535093, "percent_above_0.1m": 24.390243902439025, "low_level_<0.5": 12.195121951219512, "mid_level_0.5-2": 7.3170731707317067, "tall_2+": 0.0 }, "geometry": { "type": "Point", "coordinates": [ 0.88045369887591, 51.917737072722389 ] } },
{ "type": "Feature", "properties": { "max_height": 8.0030059814453125, "mean_height": 3.0423192977905273, "std_height": 2.9628434181213379, "count_pixels": 41, "percent_cover": 0.037566428440535093, "percent_above_0.1m": 75.609756097560975, "low_level_<0.5": 14.634146341463413, "mid_level_0.5-2": 12.195121951219512, "tall_2+": 48.780487804878049 }, "geometry": { "type": "Point", "coordinates": [ 0.877945473920377, 51.917906384483295 ] } },
{ "type": "Feature", "properties": { "max_height": 6.9142532348632812, "mean_height": 2.1209292411804199, "std_height": 2.5410480499267578, "count_pixels": 41, "percent_cover": 0.037566428440535093, "percent_above_0.1m": 51.219512195121951, "low_level_<0.5": 0.0, "mid_level_0.5-2": 4.8780487804878048, "tall_2+": 41.463414634146339 }, "geometry": { "type": "Point", "coordinates": [ 0.878146684718239, 51.917901461976157 ] } },
{ "type": "Feature", "properties": { "max_height": 0.01725006103515625, "mean_height": 0.00056345871416851878, "std_height": 0.0044990549795329571, "count_pixels": 41, "percent_cover": 0.037566428440535093, "percent_above_0.1m": 0.0, "low_level_<0.5": 0.0, "mid_level_0.5-2": 0.0, "tall_2+": 0.0 }, "geometry": { "type": "Point", "coordinates": [ 0.878347895459981, 51.917896539124413 ] } },
{ "type": "Feature", "properties": { "max_height": 0.02300262451171875, "mean_height": 0.00043508168892003596, "std_height": 0.0047448612749576569, "count_pixels": 37, "percent_cover": 0.033901411031702404, "percent_above_0.1m": 0.0, "low_level_<0.5": 0.0, "mid_level_0.5-2": 0.0, "tall_2+": 0.0 }, "geometry": { "type": "Point", "coordinates": [ 0.878549106145599, 51.917891615928028 ] } },
{ "type": "Feature", "properties": { "max_height": 0.01325225830078125, "mean_height": 0.0013798970030620694, "std_height": 0.004801332950592041, "count_pixels": 41, "percent_cover": 0.037566428440535093, "percent_above_0.1m": 0.0, "low_level_<0.5": 0.0, "mid_level_0.5-2": 0.0, "tall_2+": 0.0 }, "geometry": { "type": "Point", "coordinates": [ 0.878750316775086, 51.91788669238705 ] } },
{ "type": "Feature", "properties": { "max_height": 0.023250579833984375, "mean_height": 0.0018678060732781887, "std_height": 0.0056270956993103027, "count_pixels": 41, "percent_cover": 0.037566428440535093, "percent_above_0.1m": 0.0, "low_level_<0.5": 0.0, "mid_level_0.5-2": 0.0, "tall_2+": 0.0 }, "geometry": { "type": "Point", "coordinates": [ 0.878951527348437, 51.917881768501424 ] } },
{ "type": "Feature", "properties": { "max_height": 0.0070037841796875, "mean_height": 0.00045999666326679289, "std_height": 0.0022781782317906618, "count_pixels": 41, "percent_cover": 0.037566428440535093, "percent_above_0.1m": 0.0, "low_level_<0.5": 0.0, "mid_level_0.5-2": 0.0, "tall_2+": 0.0 }, "geometry": { "type": "Point", "coordinates": [ 0.879152737865653, 51.917876844271198 ] } },
{ "type": "Feature", "properties": { "max_height": 0.020000457763671875, "mean_height": 0.0016353518003597856, "std_height": 0.0062035615555942059, "count_pixels": 43, "percent_cover": 0.039398937144951442, "percent_above_0.1m": 0.0, "low_level_<0.5": 0.0, "mid_level_0.5-2": 0.0, "tall_2+": 0.0 }, "geometry": { "type": "Point", "coordinates": [ 0.879353948326726, 51.917871919696331 ] } },
{ "type": "Feature", "properties": { "max_height": 0.03375244140625, "mean_height": 0.0022581233642995358, "std_height": 0.0080756014212965965, "count_pixels": 43, "percent_cover": 0.039398937144951442, "percent_above_0.1m": 0.0, "low_level_<0.5": 0.0, "mid_level_0.5-2": 0.0, "tall_2+": 0.0 }, "geometry": { "type": "Point", "coordinates": [ 0.879555158731656, 51.917866994776858 ] } },
{ "type": "Feature", "properties": { "max_height": 8.0022544860839844, "mean_height": 0.52400720119476318, "std_height": 1.5684927701950073, "count_pixels": 43, "percent_cover": 0.039398937144951442, "percent_above_0.1m": 16.279069767441861, "low_level_<0.5": 2.3255813953488373, "mid_level_0.5-2": 4.6511627906976747, "tall_2+": 9.3023255813953494 }, "geometry": { "type": "Point", "coordinates": [ 0.879756369080436, 51.917862069512765 ] } },
{ "type": "Feature", "properties": { "max_height": 4.0730018615722656, "mean_height": 0.52824032306671143, "std_height": 0.9105980396270752, "count_pixels": 42, "percent_cover": 0.038482682792743264, "percent_above_0.1m": 40.476190476190474, "low_level_<0.5": 9.5238095238095237, "mid_level_0.5-2": 19.047619047619047, "tall_2+": 9.5238095238095237 }, "geometry": { "type": "Point", "coordinates": [ 0.879957579373062, 51.917857143904058 ] } },
{ "type": "Feature", "properties": { "max_height": 0.4562530517578125, "mean_height": 0.022845245897769928, "std_height": 0.087321445345878601, "count_pixels": 43, "percent_cover": 0.039398937144951442, "percent_above_0.1m": 4.6511627906976747, "low_level_<0.5": 4.6511627906976747, "mid_level_0.5-2": 0.0, "tall_2+": 0.0 }, "geometry": { "type": "Point", "coordinates": [ 0.880158789609532, 51.917852217950724 ] } },
{ "type": "Feature", "properties": { "max_height": 8.0040054321289062, "mean_height": 1.4119672775268555, "std_height": 2.5081267356872559, "count_pixels": 43, "percent_cover": 0.039398937144951442, "percent_above_0.1m": 46.511627906976742, "low_level_<0.5": 13.953488372093023, "mid_level_0.5-2": 4.6511627906976747, "tall_2+": 23.255813953488371 }, "geometry": { "type": "Point", "coordinates": [ 0.880359999789839, 51.917847291652777 ] } },
{ "type": "Feature", "properties": { "max_height": 11.179500579833984, "mean_height": 6.3734159469604492, "std_height": 2.68310546875, "count_pixels": 43, "percent_cover": 0.039398937144951442, "percent_above_0.1m": 97.674418604651152, "low_level_<0.5": 2.3255813953488373, "mid_level_0.5-2": 6.9767441860465116, "tall_2+": 88.372093023255815 }, "geometry": { "type": "Point", "coordinates": [ 0.878254191014753, 51.918006756335998 ] } },
{ "type": "Feature", "properties": { "max_height": 3.5810012817382812, "mean_height": 0.1991802453994751, "std_height": 0.70951002836227417, "count_pixels": 42, "percent_cover": 0.038482682792743264, "percent_above_0.1m": 11.904761904761903, "low_level_<0.5": 4.7619047619047619, "mid_level_0.5-2": 2.3809523809523809, "tall_2+": 4.7619047619047619 }, "geometry": { "type": "Point", "coordinates": [ 0.878455402192661, 51.918001833303542 ] } },
{ "type": "Feature", "properties": { "max_height": 0.014003753662109375, "mean_height": 0.0005784145905636251, "std_height": 0.0032972460612654686, "count_pixels": 43, "percent_cover": 0.039398937144951442, "percent_above_0.1m": 0.0, "low_level_<0.5": 0.0, "mid_level_0.5-2": 0.0, "tall_2+": 0.0 }, "geometry": { "type": "Point", "coordinates": [ 0.878656613314445, 51.917996909926465 ] } },
{ "type": "Feature", "properties": { "max_height": 0.01575469970703125, "mean_height": 0.0024496566038578749, "std_height": 0.0048617660067975521, "count_pixels": 43, "percent_cover": 0.039398937144951442, "percent_above_0.1m": 0.0, "low_level_<0.5": 0.0, "mid_level_0.5-2": 0.0, "tall_2+": 0.0 }, "geometry": { "type": "Point", "coordinates": [ 0.878857824380097, 51.917991986204768 ] } },
{ "type": "Feature", "properties": { "max_height": 0.010501861572265625, "mean_height": 0.0001937511406140402, "std_height": 0.0028145767282694578, "count_pixels": 43, "percent_cover": 0.039398937144951442, "percent_above_0.1m": 0.0, "low_level_<0.5": 0.0, "mid_level_0.5-2": 0.0, "tall_2+": 0.0 }, "geometry": { "type": "Point", "coordinates": [ 0.879059035389613, 51.917987062138458 ] } },
{ "type": "Feature", "properties": { "max_height": 0.020999908447265625, "mean_height": 0.0012217265320941806, "std_height": 0.0044880295172333717, "count_pixels": 41, "percent_cover": 0.037566428440535093, "percent_above_0.1m": 0.0, "low_level_<0.5": 0.0, "mid_level_0.5-2": 0.0, "tall_2+": 0.0 }, "geometry": { "type": "Point", "coordinates": [ 0.879260246342986, 51.91798213772752 ] } },
{ "type": "Feature", "properties": { "max_height": 0.07900238037109375, "mean_height": 0.0068193762563169003, "std_height": 0.01371940691024065, "count_pixels": 41, "percent_cover": 0.037566428440535093, "percent_above_0.1m": 0.0, "low_level_<0.5": 0.0, "mid_level_0.5-2": 0.0, "tall_2+": 0.0 }, "geometry": { "type": "Point", "coordinates": [ 0.87946145724022, 51.917977212971955 ] } },
{ "type": "Feature", "properties": { "max_height": 9.3750038146972656, "mean_height": 1.4147154092788696, "std_height": 2.628908634185791, "count_pixels": 41, "percent_cover": 0.037566428440535093, "percent_above_0.1m": 41.463414634146339, "low_level_<0.5": 7.3170731707317067, "mid_level_0.5-2": 12.195121951219512, "tall_2+": 21.951219512195124 }, "geometry": { "type": "Point", "coordinates": [ 0.8796626680813, 51.917972287871791 ] } },
{ "type": "Feature", "properties": { "max_height": 9.8844985961914062, "mean_height": 2.3625087738037109, "std_height": 3.1423158645629883, "count_pixels": 37, "percent_cover": 0.033901411031702404, "percent_above_0.1m": 54.054054054054056, "low_level_<0.5": 0.0, "mid_level_0.5-2": 13.513513513513514, "tall_2+": 35.135135135135137 }, "geometry": { "type": "Point", "coordinates": [ 0.879863878866235, 51.917967362426978 ] } },
{ "type": "Feature", "properties": { "max_height": 0.022003173828125, "mean_height": 0.0050692674703896046, "std_height": 0.0079674236476421356, "count_pixels": 41, "percent_cover": 0.037566428440535093, "percent_above_0.1m": 0.0, "low_level_<0.5": 0.0, "mid_level_0.5-2": 0.0, "tall_2+": 0.0 }, "geometry": { "type": "Point", "coordinates": [ 0.880065089595008, 51.917962436637552 ] } },
{ "type": "Feature", "properties": { "max_height": 0.2075042724609375, "mean_height": 0.025441611185669899, "std_height": 0.044064261019229889, "count_pixels": 41, "percent_cover": 0.037566428440535093, "percent_above_0.1m": 7.3170731707317067, "low_level_<0.5": 4.8780487804878048, "mid_level_0.5-2": 0.0, "tall_2+": 0.0 }, "geometry": { "type": "Point", "coordinates": [ 0.88026630026763, 51.917957510503506 ] } },
{ "type": "Feature", "properties": { "max_height": 9.6355018615722656, "mean_height": 6.7765212059020996, "std_height": 1.9261761903762817, "count_pixels": 41, "percent_cover": 0.037566428440535093, "percent_above_0.1m": 100.0, "low_level_<0.5": 0.0, "mid_level_0.5-2": 0.0, "tall_2+": 100.0 }, "geometry": { "type": "Point", "coordinates": [ 0.87836169780356, 51.91811205059939 ] } },
{ "type": "Feature", "properties": { "max_height": 3.4150009155273438, "mean_height": 0.22381962835788727, "std_height": 0.75377911329269409, "count_pixels": 37, "percent_cover": 0.033901411031702404, "percent_above_0.1m": 10.810810810810811, "low_level_<0.5": 0.0, "mid_level_0.5-2": 0.0, "tall_2+": 8.1081081081081088 }, "geometry": { "type": "Point", "coordinates": [ 0.878562909417638, 51.918107127386229 ] } },
{ "type": "Feature", "properties": { "max_height": 0.014751434326171875, "mean_height": 0.00036211710539646447, "std_height": 0.0030344922561198473, "count_pixels": 41, "percent_cover": 0.037566428440535093, "percent_above_0.1m": 0.0, "low_level_<0.5": 0.0, "mid_level_0.5-2": 0.0, "tall_2+": 0.0 }, "geometry": { "type": "Point", "coordinates": [ 0.878764120975591, 51.918102203828454 ] } },
{ "type": "Feature", "properties": { "max_height": 0.03650665283203125, "mean_height": 0.0032699399162083864, "std_height": 0.009637921117246151, "count_pixels": 41, "percent_cover": 0.037566428440535093, "percent_above_0.1m": 0.0, "low_level_<0.5": 0.0, "mid_level_0.5-2": 0.0, "tall_2+": 0.0 }, "geometry": { "type": "Point", "coordinates": [ 0.878965332477408, 51.918097279926066 ] } },
{ "type": "Feature", "properties": { "max_height": 0.019500732421875, "mean_height": 0.0015562104526907206, "std_height": 0.0047062980011105537, "count_pixels": 41, "percent_cover": 0.037566428440535093, "percent_above_0.1m": 0.0, "low_level_<0.5": 0.0, "mid_level_0.5-2": 0.0, "tall_2+": 0.0 }, "geometry": { "type": "Point", "coordinates": [ 0.879166543923087, 51.918092355679036 ] } },
{ "type": "Feature", "properties": { "max_height": 0.017253875732421875, "mean_height": 0.002275954931974411, "std_height": 0.0063137919642031193, "count_pixels": 43, "percent_cover": 0.039398937144951442, "percent_above_0.1m": 0.0, "low_level_<0.5": 0.0, "mid_level_0.5-2": 0.0, "tall_2+": 0.0 }, "geometry": { "type": "Point", "coordinates": [ 0.879367755312623, 51.918087431087393 ] } },
{ "type": "Feature", "properties": { "max_height": 2.1917572021484375, "mean_height": 0.22711838781833649, "std_height": 0.46489623188972473, "count_pixels": 43, "percent_cover": 0.039398937144951442, "percent_above_0.1m": 27.906976744186046, "low_level_<0.5": 13.953488372093023, "mid_level_0.5-2": 11.627906976744185, "tall_2+": 2.3255813953488373 }, "geometry": { "type": "Point", "coordinates": [ 0.879568966646011, 51.91808250615113 ] } },
{ "type": "Feature", "properties": { "max_height": 2.597503662109375, "mean_height": 0.20378680527210236, "std_height": 0.53557068109512329, "count_pixels": 43, "percent_cover": 0.039398937144951442, "percent_above_0.1m": 16.279069767441861, "low_level_<0.5": 2.3255813953488373, "mid_level_0.5-2": 11.627906976744185, "tall_2+": 2.3255813953488373 }, "geometry": { "type": "Point", "coordinates": [ 0.879770177923251, 51.918077580870225 ] } },
{ "type": "Feature", "properties": { "max_height": 0.034755706787109375, "mean_height": 0.007293791975826025, "std_height": 0.009474465623497963, "count_pixels": 42, "percent_cover": 0.038482682792743264, "percent_above_0.1m": 0.0, "low_level_<0.5": 0.0, "mid_level_0.5-2": 0.0, "tall_2+": 0.0 }, "geometry": { "type": "Point", "coordinates": [ 0.879971389144341, 51.918072655244728 ] } },
{ "type": "Feature", "properties": { "max_height": 0.32075119018554688, "mean_height": 0.055304769426584244, "std_height": 0.088115006685256958, "count_pixels": 43, "percent_cover": 0.039398937144951442, "percent_above_0.1m": 20.930232558139537, "low_level_<0.5": 18.604651162790699, "mid_level_0.5-2": 0.0, "tall_2+": 0.0 }, "geometry": { "type": "Point", "coordinates": [ 0.880172600309267, 51.918067729274583 ] } },
{ "type": "Feature", "properties": { "max_height": 10.769004821777344, "mean_height": 6.537078857421875, "std_height": 3.0582988262176514, "count_pixels": 42, "percent_cover": 0.038482682792743264, "percent_above_0.1m": 100.0, "low_level_<0.5": 0.0, "mid_level_0.5-2": 14.285714285714285, "tall_2+": 85.714285714285708 }, "geometry": { "type": "Point", "coordinates": [ 0.878469205084661, 51.918217344766326 ] } },
{ "type": "Feature", "properties": { "max_height": 8.6492538452148438, "mean_height": 2.7324790954589844, "std_height": 3.092322826385498, "count_pixels": 43, "percent_cover": 0.039398937144951442, "percent_above_0.1m": 53.488372093023251, "low_level_<0.5": 2.3255813953488373, "mid_level_0.5-2": 9.3023255813953494, "tall_2+": 41.860465116279073 }, "geometry": { "type": "Point", "coordinates": [ 0.878670417134917, 51.918212421372473 ] } },
{ "type": "Feature", "properties": { "max_height": 0.21075057983398438, "mean_height": 0.0088277421891689301, "std_height": 0.035180728882551193, "count_pixels": 43, "percent_cover": 0.039398937144951442, "percent_above_0.1m": 4.6511627906976747, "low_level_<0.5": 2.3255813953488373, "mid_level_0.5-2": 0.0, "tall_2+": 0.0 }, "geometry": { "type": "Point", "coordinates": [ 0.878871629129035, 51.918207497633986 ] } },
{ "type": "Feature", "properties": { "max_height": 0.0214996337890625, "mean_height": 0.0026763207279145718, "std_height": 0.0056961649097502232, "count_pixels": 43, "percent_cover": 0.039398937144951442, "percent_above_0.1m": 0.0, "low_level_<0.5": 0.0, "mid_level_0.5-2": 0.0, "tall_2+": 0.0 }, "geometry": { "type": "Point", "coordinates": [ 0.879072841067023, 51.918202573550879 ] } },
{ "type": "Feature", "properties": { "max_height": 0.0292510986328125, "mean_height": 0.0022151295561343431, "std_height": 0.00567247299477458, "count_pixels": 41, "percent_cover": 0.037566428440535093, "percent_above_0.1m": 0.0, "low_level_<0.5": 0.0, "mid_level_0.5-2": 0.0, "tall_2+": 0.0 }, "geometry": { "type": "Point", "coordinates": [ 0.879274052948865, 51.918197649123151 ] } },
{ "type": "Feature", "properties": { "max_height": 3.0665016174316406, "mean_height": 0.48984909057617188, "std_height": 0.75094485282897949, "count_pixels": 41, "percent_cover": 0.037566428440535093, "percent_above_0.1m": 43.902439024390247, "low_level_<0.5": 9.7560975609756095, "mid_level_0.5-2": 29.268292682926827, "tall_2+": 4.8780487804878048 }, "geometry": { "type": "Point", "coordinates": [ 0.879475264774562, 51.918192724350817 ] } },
{ "type": "Feature", "properties": { "max_height": 0.021251678466796875, "mean_height": 0.0025082100182771683, "std_height": 0.0055803554132580757, "count_pixels": 41, "percent_cover": 0.037566428440535093, "percent_above_0.1m": 0.0, "low_level_<0.5": 0.0, "mid_level_0.5-2": 0.0, "tall_2+": 0.0 }, "geometry": { "type": "Point", "coordinates": [ 0.879676476544112, 51.918187799233834 ] } },
{ "type": "Feature", "properties": { "max_height": 0.02050018310546875, "mean_height": 0.0035227183252573013, "std_height": 0.006865866482257843, "count_pixels": 37, "percent_cover": 0.033901411031702404, "percent_above_0.1m": 0.0, "low_level_<0.5": 0.0, "mid_level_0.5-2": 0.0, "tall_2+": 0.0 }, "geometry": { "type": "Point", "coordinates": [ 0.879877688257511, 51.918182873772231 ] } },
{ "type": "Feature", "properties": { "max_height": 0.28375244140625, "mean_height": 0.031233903020620346, "std_height": 0.065210573375225067, "count_pixels": 41, "percent_cover": 0.037566428440535093, "percent_above_0.1m": 9.7560975609756095, "low_level_<0.5": 7.3170731707317067, "mid_level_0.5-2": 0.0, "tall_2+": 0.0 }, "geometry": { "type": "Point", "coordinates": [ 0.880078899914754, 51.918177947966008 ] } },
{ "type": "Feature", "properties": { "max_height": 10.953750610351562, "mean_height": 4.8872461318969727, "std_height": 3.6063170433044434, "count_pixels": 41, "percent_cover": 0.037566428440535093, "percent_above_0.1m": 82.926829268292678, "low_level_<0.5": 7.3170731707317067, "mid_level_0.5-2": 4.8780487804878048, "tall_2+": 70.731707317073173 }, "geometry": { "type": "Point", "coordinates": [ 0.878777925344493, 51.918317715262255 ] } },
{ "type": "Feature", "properties": { "max_height": 1.1375007629394531, "mean_height": 0.055855728685855865, "std_height": 0.20718251168727875, "count_pixels": 41, "percent_cover": 0.037566428440535093, "percent_above_0.1m": 7.3170731707317067, "low_level_<0.5": 2.4390243902439024, "mid_level_0.5-2": 4.8780487804878048, "tall_2+": 0.0 }, "geometry": { "type": "Point", "coordinates": [ 0.878979137774786, 51.918312791343062 ] } },
{ "type": "Feature", "properties": { "max_height": 11.208503723144531, "mean_height": 1.9431115388870239, "std_height": 3.4427800178527832, "count_pixels": 41, "percent_cover": 0.037566428440535093, "percent_above_0.1m": 41.463414634146339, "low_level_<0.5": 7.3170731707317067, "mid_level_0.5-2": 7.3170731707317067, "tall_2+": 24.390243902439025 }, "geometry": { "type": "Point", "coordinates": [ 0.87918035014894, 51.918307867079257 ] } },
{ "type": "Feature", "properties": { "max_height": 1.270751953125, "mean_height": 0.16748490929603577, "std_height": 0.3107210099697113, "count_pixels": 43, "percent_cover": 0.039398937144951442, "percent_above_0.1m": 27.906976744186046, "low_level_<0.5": 9.3023255813953494, "mid_level_0.5-2": 16.279069767441861, "tall_2+": 0.0 }, "geometry": { "type": "Point", "coordinates": [ 0.879381562466951, 51.918302942470824 ] } },
{ "type": "Feature", "properties": { "max_height": 0.027500152587890625, "mean_height": 0.0039033223874866962, "std_height": 0.0072499490343034267, "count_pixels": 43, "percent_cover": 0.039398937144951442, "percent_above_0.1m": 0.0, "low_level_<0.5": 0.0, "mid_level_0.5-2": 0.0, "tall_2+": 0.0 }, "geometry": { "type": "Point", "coordinates": [ 0.879582774728813, 51.918298017517763 ] } },
{ "type": "Feature", "properties": { "max_height": 0.01650238037109375, "mean_height": -0.00019517056352924556, "std_height": 0.006424696184694767, "count_pixels": 43, "percent_cover": 0.039398937144951442, "percent_above_0.1m": 0.0, "low_level_<0.5": 0.0, "mid_level_0.5-2": 0.0, "tall_2+": 0.0 }, "geometry": { "type": "Point", "coordinates": [ 0.879783986934523, 51.918293092220082 ] } },
{ "type": "Feature", "properties": { "max_height": 0.18925094604492188, "mean_height": 0.015740258619189262, "std_height": 0.040922015905380249, "count_pixels": 42, "percent_cover": 0.038482682792743264, "percent_above_0.1m": 7.1428571428571423, "low_level_<0.5": 2.3809523809523809, "mid_level_0.5-2": 0.0, "tall_2+": 0.0 }, "geometry": { "type": "Point", "coordinates": [ 0.879985199084082, 51.918288166577774 ] } },
{ "type": "Feature", "properties": { "max_height": 14.701499938964844, "mean_height": 6.9579448699951172, "std_height": 2.9156081676483154, "count_pixels": 43, "percent_cover": 0.039398937144951442, "percent_above_0.1m": 100.0, "low_level_<0.5": 0.0, "mid_level_0.5-2": 4.6511627906976747, "tall_2+": 95.348837209302332 }, "geometry": { "type": "Point", "coordinates": [ 0.878885434046381, 51.91842300905558 ] } },
{ "type": "Feature", "properties": { "max_height": 11.120250701904297, "mean_height": 3.290973424911499, "std_height": 3.2447879314422607, "count_pixels": 43, "percent_cover": 0.039398937144951442, "percent_above_0.1m": 79.069767441860463, "low_level_<0.5": 6.9767441860465116, "mid_level_0.5-2": 20.930232558139537, "tall_2+": 51.162790697674424 }, "geometry": { "type": "Point", "coordinates": [ 0.879086646912842, 51.918418084955697 ] } },
{ "type": "Feature", "properties": { "max_height": 11.049003601074219, "mean_height": 1.7243198156356812, "std_height": 3.2639167308807373, "count_pixels": 41, "percent_cover": 0.037566428440535093, "percent_above_0.1m": 34.146341463414636, "low_level_<0.5": 4.8780487804878048, "mid_level_0.5-2": 2.4390243902439024, "tall_2+": 24.390243902439025 }, "geometry": { "type": "Point", "coordinates": [ 0.879287859723171, 51.918413160511179 ] } },
{ "type": "Feature", "properties": { "max_height": 0.01924896240234375, "mean_height": 0.0010384350316599011, "std_height": 0.0063605322502553463, "count_pixels": 41, "percent_cover": 0.037566428440535093, "percent_above_0.1m": 0.0, "low_level_<0.5": 0.0, "mid_level_0.5-2": 0.0, "tall_2+": 0.0 }, "geometry": { "type": "Point", "coordinates": [ 0.879489072477346, 51.91840823572204 ] } },
{ "type": "Feature", "properties": { "max_height": 0.012500762939453125, "mean_height": 0.00094734749291092157, "std_height": 0.003841848112642765, "count_pixels": 41, "percent_cover": 0.037566428440535093, "percent_above_0.1m": 0.0, "low_level_<0.5": 0.0, "mid_level_0.5-2": 0.0, "tall_2+": 0.0 }, "geometry": { "type": "Point", "coordinates": [ 0.879690285175375, 51.918403310588268 ] } },
{ "type": "Feature", "properties": { "max_height": 0.025501251220703125, "mean_height": 0.0054347063414752483, "std_height": 0.0074151982553303242, "count_pixels": 37, "percent_cover": 0.033901411031702404, "percent_above_0.1m": 0.0, "low_level_<0.5": 0.0, "mid_level_0.5-2": 0.0, "tall_2+": 0.0 }, "geometry": { "type": "Point", "coordinates": [ 0.879891497817251, 51.918398385109889 ] } },
{ "type": "Feature", "properties": { "max_height": 7.8740043640136719, "mean_height": 1.6314899921417236, "std_height": 2.4764018058776855, "count_pixels": 41, "percent_cover": 0.037566428440535093, "percent_above_0.1m": 46.341463414634148, "low_level_<0.5": 4.8780487804878048, "mid_level_0.5-2": 14.634146341463413, "tall_2+": 26.829268292682929 }, "geometry": { "type": "Point", "coordinates": [ 0.880092710402966, 51.918393459286861 ] } },
{ "type": "Feature", "properties": { "max_height": 7.8062553405761719, "mean_height": 2.0006852149963379, "std_height": 2.5204927921295166, "count_pixels": 41, "percent_cover": 0.037566428440535093, "percent_above_0.1m": 58.536585365853654, "low_level_<0.5": 4.8780487804878048, "mid_level_0.5-2": 17.073170731707318, "tall_2+": 36.585365853658537 }, "geometry": { "type": "Point", "coordinates": [ 0.879194156543214, 51.918523378471875 ] } },
{ "type": "Feature", "properties": { "max_height": 0.011249542236328125, "mean_height": 0.00023491437605116516, "std_height": 0.0025626863352954388, "count_pixels": 43, "percent_cover": 0.039398937144951442, "percent_above_0.1m": 0.0, "low_level_<0.5": 0.0, "mid_level_0.5-2": 0.0, "tall_2+": 0.0 }, "geometry": { "type": "Point", "coordinates": [ 0.87939536978971, 51.918518453846666 ] } },
{ "type": "Feature", "properties": { "max_height": 0.068752288818359375, "mean_height": 0.0021361417602747679, "std_height": 0.011247416958212852, "count_pixels": 43, "percent_cover": 0.039398937144951442, "percent_above_0.1m": 0.0, "low_level_<0.5": 0.0, "mid_level_0.5-2": 0.0, "tall_2+": 0.0 }, "geometry": { "type": "Point", "coordinates": [ 0.879596582980058, 51.918513528876801 ] } },
{ "type": "Feature", "properties": { "max_height": 0.0240020751953125, "mean_height": 0.0042403466068208218, "std_height": 0.0065275365486741066, "count_pixels": 43, "percent_cover": 0.039398937144951442, "percent_above_0.1m": 0.0, "low_level_<0.5": 0.0, "mid_level_0.5-2": 0.0, "tall_2+": 0.0 }, "geometry": { "type": "Point", "coordinates": [ 0.879797796114255, 51.918508603562323 ] } },
{ "type": "Feature", "properties": { "max_height": 0.78975296020507812, "mean_height": 0.021681103855371475, "std_height": 0.1202036514878273, "count_pixels": 42, "percent_cover": 0.038482682792743264, "percent_above_0.1m": 2.3809523809523809, "low_level_<0.5": 0.0, "mid_level_0.5-2": 2.3809523809523809, "tall_2+": 0.0 }, "geometry": { "type": "Point", "coordinates": [ 0.879999009192296, 51.918503677903225 ] } },
{ "type": "Feature", "properties": { "max_height": 8.1105003356933594, "mean_height": 2.4327993392944336, "std_height": 3.0088527202606201, "count_pixels": 43, "percent_cover": 0.039398937144951442, "percent_above_0.1m": 53.488372093023251, "low_level_<0.5": 4.6511627906976747, "mid_level_0.5-2": 6.9767441860465116, "tall_2+": 39.534883720930232 }, "geometry": { "type": "Point", "coordinates": [ 0.880200222214176, 51.918498751899477 ] } },
{ "type": "Feature", "properties": { "max_height": 8.8137550354003906, "mean_height": 4.1940569877624512, "std_height": 3.2759735584259033, "count_pixels": 41, "percent_cover": 0.037566428440535093, "percent_above_0.1m": 85.365853658536579, "low_level_<0.5": 9.7560975609756095, "mid_level_0.5-2": 12.195121951219512, "tall_2+": 60.975609756097562 }, "geometry": { "type": "Point", "coordinates": [ 0.879301666665904, 51.918628671891611 ] } },
{ "type": "Feature", "properties": { "max_height": 0.20325088500976562, "mean_height": 0.0085144974291324615, "std_height": 0.032983880490064621, "count_pixels": 41, "percent_cover": 0.037566428440535093, "percent_above_0.1m": 2.4390243902439024, "low_level_<0.5": 2.4390243902439024, "mid_level_0.5-2": 0.0, "tall_2+": 0.0 }, "geometry": { "type": "Point", "coordinates": [ 0.87950288034857, 51.918623747085668 ] } },
{ "type": "Feature", "properties": { "max_height": 0.027500152587890625, "mean_height": 0.0059957737103104591, "std_height": 0.0080762077122926712, "count_pixels": 41, "percent_cover": 0.037566428440535093, "percent_above_0.1m": 0.0, "low_level_<0.5": 0.0, "mid_level_0.5-2": 0.0, "tall_2+": 0.0 }, "geometry": { "type": "Point", "coordinates": [ 0.879704093975089, 51.918618821935105 ] } },
{ "type": "Feature", "properties": { "max_height": 0.01700592041015625, "mean_height": 0.00042136939009651542, "std_height": 0.0053392276167869568, "count_pixels": 37, "percent_cover": 0.033901411031702404, "percent_above_0.1m": 0.0, "low_level_<0.5": 0.0, "mid_level_0.5-2": 0.0, "tall_2+": 0.0 }, "geometry": { "type": "Point", "coordinates": [ 0.879905307545455, 51.918613896439908 ] } },
{ "type": "Feature", "properties": { "max_height": 0.02750396728515625, "mean_height": 0.0047091040760278702, "std_height": 0.0063224965706467628, "count_pixels": 41, "percent_cover": 0.037566428440535093, "percent_above_0.1m": 0.0, "low_level_<0.5": 0.0, "mid_level_0.5-2": 0.0, "tall_2+": 0.0 }, "geometry": { "type": "Point", "coordinates": [ 0.880106521059661, 51.918608970600097 ] } },
{ "type": "Feature", "properties": { "max_height": 0.07050323486328125, "mean_height": 0.014782417565584183, "std_height": 0.016237892210483551, "count_pixels": 41, "percent_cover": 0.037566428440535093, "percent_above_0.1m": 0.0, "low_level_<0.5": 0.0, "mid_level_0.5-2": 0.0, "tall_2+": 0.0 }, "geometry": { "type": "Point", "coordinates": [ 0.880307734517706, 51.918604044415645 ] } },
{ "type": "Feature", "properties": { "max_height": 6.60150146484375, "mean_height": 0.76716625690460205, "std_height": 1.8603545427322388, "count_pixels": 41, "percent_cover": 0.037566428440535093, "percent_above_0.1m": 21.951219512195124, "low_level_<0.5": 2.4390243902439024, "mid_level_0.5-2": 2.4390243902439024, "tall_2+": 14.634146341463413 }, "geometry": { "type": "Point", "coordinates": [ 0.880508947919587, 51.918599117886586 ] } },
{ "type": "Feature", "properties": { "max_height": 10.820751190185547, "mean_height": 5.8710083961486816, "std_height": 3.327472448348999, "count_pixels": 43, "percent_cover": 0.039398937144951442, "percent_above_0.1m": 95.348837209302332, "low_level_<0.5": 4.6511627906976747, "mid_level_0.5-2": 11.627906976744185, "tall_2+": 79.069767441860463 }, "geometry": { "type": "Point", "coordinates": [ 0.87940917728091, 51.918733965214876 ] } },
{ "type": "Feature", "properties": { "max_height": 2.2094993591308594, "mean_height": 0.18773473799228668, "std_height": 0.45278915762901306, "count_pixels": 43, "percent_cover": 0.039398937144951442, "percent_above_0.1m": 23.255813953488371, "low_level_<0.5": 11.627906976744185, "mid_level_0.5-2": 9.3023255813953494, "tall_2+": 2.3255813953488373 }, "geometry": { "type": "Point", "coordinates": [ 0.879610391399754, 51.918729040228229 ] } },
{ "type": "Feature", "properties": { "max_height": 0.0155029296875, "mean_height": 0.0028507320675998926, "std_height": 0.0056081302464008331, "count_pixels": 43, "percent_cover": 0.039398937144951442, "percent_above_0.1m": 0.0, "low_level_<0.5": 0.0, "mid_level_0.5-2": 0.0, "tall_2+": 0.0 }, "geometry": { "type": "Point", "coordinates": [ 0.879811605462443, 51.918724114896953 ] } },
{ "type": "Feature", "properties": { "max_height": 0.19425201416015625, "mean_height": 0.0093180341646075249, "std_height": 0.029587097465991974, "count_pixels": 42, "percent_cover": 0.038482682792743264, "percent_above_0.1m": 2.3809523809523809, "low_level_<0.5": 2.3809523809523809, "mid_level_0.5-2": 0.0, "tall_2+": 0.0 }, "geometry": { "type": "Point", "coordinates": [ 0.880012819468979, 51.918719189221036 ] } },
{ "type": "Feature", "properties": { "max_height": 0.06525421142578125, "mean_height": 0.006112564355134964, "std_height": 0.011636298149824142, "count_pixels": 43, "percent_cover": 0.039398937144951442, "percent_above_0.1m": 0.0, "low_level_<0.5": 0.0, "mid_level_0.5-2": 0.0, "tall_2+": 0.0 }, "geometry": { "type": "Point", "coordinates": [ 0.880214033419353, 51.918714263200513 ] } },
{ "type": "Feature", "properties": { "max_height": 0.37400054931640625, "mean_height": 0.013066491112112999, "std_height": 0.055982869118452072, "count_pixels": 43, "percent_cover": 0.039398937144951442, "percent_above_0.1m": 2.3255813953488373, "low_level_<0.5": 2.3255813953488373, "mid_level_0.5-2": 0.0, "tall_2+": 0.0 }, "geometry": { "type": "Point", "coordinates": [ 0.880415247313565, 51.918709336835349 ] } },
{ "type": "Feature", "properties": { "max_height": 0.040248870849609375, "mean_height": 0.010454995557665825, "std_height": 0.010330379940569401, "count_pixels": 42, "percent_cover": 0.038482682792743264, "percent_above_0.1m": 0.0, "low_level_<0.5": 0.0, "mid_level_0.5-2": 0.0, "tall_2+": 0.0 }, "geometry": { "type": "Point", "coordinates": [ 0.880616461151605, 51.918704410125549 ] } },
{ "type": "Feature", "properties": { "max_height": 0.3312530517578125, "mean_height": 0.022935075685381889, "std_height": 0.058645915240049362, "count_pixels": 41, "percent_cover": 0.037566428440535093, "percent_above_0.1m": 7.3170731707317067, "low_level_<0.5": 4.8780487804878048, "mid_level_0.5-2": 0.0, "tall_2+": 0.0 }, "geometry": { "type": "Point", "coordinates": [ 0.880817674933474, 51.918699483071144 ] } },
{ "type": "Feature", "properties": { "max_height": 2.8472518920898438, "mean_height": 0.11147187650203705, "std_height": 0.44265156984329224, "count_pixels": 41, "percent_cover": 0.037566428440535093, "percent_above_0.1m": 9.7560975609756095, "low_level_<0.5": 7.3170731707317067, "mid_level_0.5-2": 0.0, "tall_2+": 2.4390243902439024 }, "geometry": { "type": "Point", "coordinates": [ 0.881018888659168, 51.918694555672083 ] } },
{ "type": "Feature", "properties": { "max_height": 3.9355049133300781, "mean_height": 0.68223387002944946, "std_height": 1.1546163558959961, "count_pixels": 41, "percent_cover": 0.037566428440535093, "percent_above_0.1m": 43.902439024390247, "low_level_<0.5": 12.195121951219512, "mid_level_0.5-2": 14.634146341463413, "tall_2+": 17.073170731707318 }, "geometry": { "type": "Point", "coordinates": [ 0.879717902943261, 51.918834333274333 ] } },
{ "type": "Feature", "properties": { "max_height": 0.022251129150390625, "mean_height": 0.0035089028533548117, "std_height": 0.0067098848521709442, "count_pixels": 37, "percent_cover": 0.033901411031702404, "percent_above_0.1m": 0.0, "low_level_<0.5": 0.0, "mid_level_0.5-2": 0.0, "tall_2+": 0.0 }, "geometry": { "type": "Point", "coordinates": [ 0.879919117442128, 51.918829407762338 ] } },
{ "type": "Feature", "properties": { "max_height": 0.0885009765625, "mean_height": 0.0032828727271407843, "std_height": 0.014825957827270031, "count_pixels": 41, "percent_cover": 0.037566428440535093, "percent_above_0.1m": 0.0, "low_level_<0.5": 0.0, "mid_level_0.5-2": 0.0, "tall_2+": 0.0 }, "geometry": { "type": "Point", "coordinates": [ 0.880120331884832, 51.918824481905709 ] } },
{ "type": "Feature", "properties": { "max_height": 0.032501220703125, "mean_height": 0.0029108000453561544, "std_height": 0.0078035397455096245, "count_pixels": 41, "percent_cover": 0.037566428440535093, "percent_above_0.1m": 0.0, "low_level_<0.5": 0.0, "mid_level_0.5-2": 0.0, "tall_2+": 0.0 }, "geometry": { "type": "Point", "coordinates": [ 0.880321546271378, 51.918819555704466 ] } },
{ "type": "Feature", "properties": { "max_height": 0.027004241943359375, "mean_height": 0.0013499376364052296, "std_height": 0.0076951812952756882, "count_pixels": 41, "percent_cover": 0.037566428440535093, "percent_above_0.1m": 0.0, "low_level_<0.5": 0.0, "mid_level_0.5-2": 0.0, "tall_2+": 0.0 }, "geometry": { "type": "Point", "coordinates": [ 0.88052276060175, 51.918814629158575 ] } },
{ "type": "Feature", "properties": { "max_height": 0.02700042724609375, "mean_height": 0.00058564683422446251, "std_height": 0.0076250480487942696, "count_pixels": 42, "percent_cover": 0.038482682792743264, "percent_above_0.1m": 0.0, "low_level_<0.5": 0.0, "mid_level_0.5-2": 0.0, "tall_2+": 0.0 }, "geometry": { "type": "Point", "coordinates": [ 0.880723974875963, 51.918809702268085 ] } },
{ "type": "Feature", "properties": { "max_height": 0.023502349853515625, "mean_height": 0.004740249365568161, "std_height": 0.0074988137930631638, "count_pixels": 43, "percent_cover": 0.039398937144951442, "percent_above_0.1m": 0.0, "low_level_<0.5": 0.0, "mid_level_0.5-2": 0.0, "tall_2+": 0.0 }, "geometry": { "type": "Point", "coordinates": [ 0.88092518909399, 51.918804775032939 ] } },
{ "type": "Feature", "properties": { "max_height": 0.055004119873046875, "mean_height": 0.0072465939447283745, "std_height": 0.01425609365105629, "count_pixels": 43, "percent_cover": 0.039398937144951442, "percent_above_0.1m": 0.0, "low_level_<0.5": 0.0, "mid_level_0.5-2": 0.0, "tall_2+": 0.0 }, "geometry": { "type": "Point", "coordinates": [ 0.881126403255842, 51.918799847453151 ] } },
{ "type": "Feature", "properties": { "max_height": 6.5982513427734375, "mean_height": 0.74221086502075195, "std_height": 1.7510201930999756, "count_pixels": 42, "percent_cover": 0.038482682792743264, "percent_above_0.1m": 26.190476190476193, "low_level_<0.5": 2.3809523809523809, "mid_level_0.5-2": 4.7619047619047619, "tall_2+": 14.285714285714285 }, "geometry": { "type": "Point", "coordinates": [ 0.881327617361517, 51.918794919528743 ] } },
{ "type": "Feature", "properties": { "max_height": 4.2467536926269531, "mean_height": 1.200281023979187, "std_height": 1.3584657907485962, "count_pixels": 43, "percent_cover": 0.039398937144951442, "percent_above_0.1m": 69.767441860465112, "low_level_<0.5": 16.279069767441861, "mid_level_0.5-2": 18.604651162790699, "tall_2+": 30.232558139534881 }, "geometry": { "type": "Point", "coordinates": [ 0.879825414979097, 51.918939626223967 ] } },
{ "type": "Feature", "properties": { "max_height": 0.013500213623046875, "mean_height": 0.00096039543859660625, "std_height": 0.0051385145634412766, "count_pixels": 42, "percent_cover": 0.038482682792743264, "percent_above_0.1m": 0.0, "low_level_<0.5": 0.0, "mid_level_0.5-2": 0.0, "tall_2+": 0.0 }, "geometry": { "type": "Point", "coordinates": [ 0.880026629914137, 51.918934700531267 ] } },
{ "type": "Feature", "properties": { "max_height": 0.063755035400390625, "mean_height": 0.0044382670894265175, "std_height": 0.010828101076185703, "count_pixels": 43, "percent_cover": 0.039398937144951442, "percent_above_0.1m": 0.0, "low_level_<0.5": 0.0, "mid_level_0.5-2": 0.0, "tall_2+": 0.0 }, "geometry": { "type": "Point", "coordinates": [ 0.880227844793021, 51.918929774493925 ] } },
{ "type": "Feature", "properties": { "max_height": 0.13550186157226562, "mean_height": 0.009897897019982338, "std_height": 0.024936359375715256, "count_pixels": 43, "percent_cover": 0.039398937144951442, "percent_above_0.1m": 2.3255813953488373, "low_level_<0.5": 0.0, "mid_level_0.5-2": 0.0, "tall_2+": 0.0 }, "geometry": { "type": "Point", "coordinates": [ 0.880429059615732, 51.918924848111956 ] } },
{ "type": "Feature", "properties": { "max_height": 0.477752685546875, "mean_height": 0.035460516810417175, "std_height": 0.088142141699790955, "count_pixels": 42, "percent_cover": 0.038482682792743264, "percent_above_0.1m": 11.904761904761903, "low_level_<0.5": 7.1428571428571423, "mid_level_0.5-2": 0.0, "tall_2+": 0.0 }, "geometry": { "type": "Point", "coordinates": [ 0.880630274382278, 51.918919921385367 ] } },
{ "type": "Feature", "properties": { "max_height": 0.22499847412109375, "mean_height": 0.037508241832256317, "std_height": 0.0680231973528862, "count_pixels": 41, "percent_cover": 0.037566428440535093, "percent_above_0.1m": 19.512195121951219, "low_level_<0.5": 12.195121951219512, "mid_level_0.5-2": 0.0, "tall_2+": 0.0 }, "geometry": { "type": "Point", "coordinates": [ 0.880831489092652, 51.918914994314122 ] } },
{ "type": "Feature", "properties": { "max_height": 0.30825042724609375, "mean_height": 0.032386593520641327, "std_height": 0.062670931220054626, "count_pixels": 41, "percent_cover": 0.037566428440535093, "percent_above_0.1m": 9.7560975609756095, "low_level_<0.5": 7.3170731707317067, "mid_level_0.5-2": 0.0, "tall_2+": 0.0 }, "geometry": { "type": "Point", "coordinates": [ 0.881032703746843, 51.918910066898256 ] } },
{ "type": "Feature", "properties": { "max_height": 0.091754913330078125, "mean_height": 0.010600299574434757, "std_height": 0.022165216505527496, "count_pixels": 41, "percent_cover": 0.037566428440535093, "percent_above_0.1m": 0.0, "low_level_<0.5": 0.0, "mid_level_0.5-2": 0.0, "tall_2+": 0.0 }, "geometry": { "type": "Point", "coordinates": [ 0.881233918344862, 51.918905139137756 ] } },
{ "type": "Feature", "properties": { "max_height": 1.1225013732910156, "mean_height": 0.06669771671295166, "std_height": 0.19241063296794891, "count_pixels": 37, "percent_cover": 0.033901411031702404, "percent_above_0.1m": 16.216216216216218, "low_level_<0.5": 5.4054054054054053, "mid_level_0.5-2": 2.7027027027027026, "tall_2+": 0.0 }, "geometry": { "type": "Point", "coordinates": [ 0.881435132886689, 51.918900211032636 ] } },
{ "type": "Feature", "properties": { "max_height": 1.7687530517578125, "mean_height": 0.26593220233917236, "std_height": 0.45214465260505676, "count_pixels": 43, "percent_cover": 0.039398937144951442, "percent_above_0.1m": 30.232558139534881, "low_level_<0.5": 4.6511627906976747, "mid_level_0.5-2": 25.581395348837212, "tall_2+": 0.0 }, "geometry": { "type": "Point", "coordinates": [ 0.883044841892457, 51.91886077878118 ] } },
{ "type": "Feature", "properties": { "max_height": 9.2910041809082031, "mean_height": 3.7243611812591553, "std_height": 3.211306095123291, "count_pixels": 37, "percent_cover": 0.033901411031702404, "percent_above_0.1m": 91.891891891891902, "low_level_<0.5": 13.513513513513514, "mid_level_0.5-2": 21.621621621621621, "tall_2+": 56.756756756756758 }, "geometry": { "type": "Point", "coordinates": [ 0.879932927507267, 51.919044919077152 ] } },
{ "type": "Feature", "properties": { "max_height": 2.6762504577636719, "mean_height": 0.2929655909538269, "std_height": 0.61162179708480835, "count_pixels": 41, "percent_cover": 0.037566428440535093, "percent_above_0.1m": 21.951219512195124, "low_level_<0.5": 0.0, "mid_level_0.5-2": 19.512195121951219, "tall_2+": 2.4390243902439024 }, "geometry": { "type": "Point", "coordinates": [ 0.880134142878487, 51.919039993203725 ] } },
{ "type": "Feature", "properties": { "max_height": 0.1360015869140625, "mean_height": 0.015313311479985714, "std_height": 0.028480121865868568, "count_pixels": 41, "percent_cover": 0.037566428440535093, "percent_above_0.1m": 2.4390243902439024, "low_level_<0.5": 0.0, "mid_level_0.5-2": 0.0, "tall_2+": 0.0 }, "geometry": { "type": "Point", "coordinates": [ 0.880335358193541, 51.919035066985678 ] } },
{ "type": "Feature", "properties": { "max_height": 0.31725311279296875, "mean_height": 0.066880106925964355, "std_height": 0.084302656352519989, "count_pixels": 41, "percent_cover": 0.037566428440535093, "percent_above_0.1m": 24.390243902439025, "low_level_<0.5": 17.073170731707318, "mid_level_0.5-2": 0.0, "tall_2+": 0.0 }, "geometry": { "type": "Point", "coordinates": [ 0.880536573452427, 51.919030140422997 ] } },
{ "type": "Feature", "properties": { "max_height": 0.49225234985351562, "mean_height": 0.10463914275169373, "std_height": 0.12837238609790802, "count_pixels": 42, "percent_cover": 0.038482682792743264, "percent_above_0.1m": 33.333333333333329, "low_level_<0.5": 30.952380952380953, "mid_level_0.5-2": 0.0, "tall_2+": 0.0 }, "geometry": { "type": "Point", "coordinates": [ 0.880737788655144, 51.91902521351566 ] } },
{ "type": "Feature", "properties": { "max_height": 0.84650039672851562, "mean_height": 0.18482740223407745, "std_height": 0.23735605180263519, "count_pixels": 43, "percent_cover": 0.039398937144951442, "percent_above_0.1m": 44.186046511627907, "low_level_<0.5": 23.255813953488371, "mid_level_0.5-2": 13.953488372093023, "tall_2+": 0.0 }, "geometry": { "type": "Point", "coordinates": [ 0.880939003801681, 51.919020286263716 ] } },
{ "type": "Feature", "properties": { "max_height": 0.354248046875, "mean_height": 0.020292237401008606, "std_height": 0.063481777906417847, "count_pixels": 43, "percent_cover": 0.039398937144951442, "percent_above_0.1m": 6.9767441860465116, "low_level_<0.5": 6.9767441860465116, "mid_level_0.5-2": 0.0, "tall_2+": 0.0 }, "geometry": { "type": "Point", "coordinates": [ 0.881140218892042, 51.919015358667117 ] } },
{ "type": "Feature", "properties": { "max_height": 0.15850067138671875, "mean_height": 0.0071628205478191376, "std_height": 0.027685262262821198, "count_pixels": 42, "percent_cover": 0.038482682792743264, "percent_above_0.1m": 2.3809523809523809, "low_level_<0.5": 2.3809523809523809, "mid_level_0.5-2": 0.0, "tall_2+": 0.0 }, "geometry": { "type": "Point", "coordinates": [ 0.881341433926221, 51.919010430725898 ] } },
{ "type": "Feature", "properties": { "max_height": 1.3557548522949219, "mean_height": 0.07584487646818161, "std_height": 0.22804352641105652, "count_pixels": 43, "percent_cover": 0.039398937144951442, "percent_above_0.1m": 16.279069767441861, "low_level_<0.5": 6.9767441860465116, "mid_level_0.5-2": 4.6511627906976747, "tall_2+": 0.0 }, "geometry": { "type": "Point", "coordinates": [ 0.881542648876244, 51.919005502452876 ] } },
{ "type": "Feature", "properties": { "max_height": 7.6332511901855469, "mean_height": 1.7607003450393677, "std_height": 2.4603631496429443, "count_pixels": 43, "percent_cover": 0.039398937144951442, "percent_above_0.1m": 65.116279069767444, "low_level_<0.5": 16.279069767441861, "mid_level_0.5-2": 20.930232558139537, "tall_2+": 27.906976744186046 }, "geometry": { "type": "Point", "coordinates": [ 0.881743863385137, 51.919000574216732 ] } },
{ "type": "Feature", "properties": { "max_height": 2.0675048828125, "mean_height": 0.35614886879920959, "std_height": 0.46482640504837036, "count_pixels": 41, "percent_cover": 0.037566428440535093, "percent_above_0.1m": 60.975609756097562, "low_level_<0.5": 31.707317073170731, "mid_level_0.5-2": 21.951219512195124, "tall_2+": 2.4390243902439024 }, "geometry": { "type": "Point", "coordinates": [ 0.883152361025345, 51.918966069026972 ] } },
{ "type": "Feature", "properties": { "max_height": 0.69100189208984375, "mean_height": 0.10137446224689484, "std_height": 0.19844503700733185, "count_pixels": 41, "percent_cover": 0.037566428440535093, "percent_above_0.1m": 21.951219512195124, "low_level_<0.5": 12.195121951219512, "mid_level_0.5-2": 9.7560975609756095, "tall_2+": 0.0 }, "geometry": { "type": "Point", "coordinates": [ 0.883353574747708, 51.918961138340286 ] } },
{ "type": "Feature", "properties": { "max_height": 0.82125091552734375, "mean_height": 0.047621410340070724, "std_height": 0.15343637764453888, "count_pixels": 42, "percent_cover": 0.038482682792743264, "percent_above_0.1m": 7.1428571428571423, "low_level_<0.5": 4.7619047619047619, "mid_level_0.5-2": 2.3809523809523809, "tall_2+": 0.0 }, "geometry": { "type": "Point", "coordinates": [ 0.883554788413502, 51.918956207310131 ] } },
{ "type": "Feature", "properties": { "max_height": 4.9510002136230469, "mean_height": 0.73590356111526489, "std_height": 1.3919988870620728, "count_pixels": 43, "percent_cover": 0.039398937144951442, "percent_above_0.1m": 41.860465116279073, "low_level_<0.5": 9.3023255813953494, "mid_level_0.5-2": 11.627906976744185, "tall_2+": 16.279069767441861 }, "geometry": { "type": "Point", "coordinates": [ 0.880241656335173, 51.919145285779742 ] } },
{ "type": "Feature", "properties": { "max_height": 0.5800018310546875, "mean_height": 0.084374003112316132, "std_height": 0.16058194637298584, "count_pixels": 43, "percent_cover": 0.039398937144951442, "percent_above_0.1m": 23.255813953488371, "low_level_<0.5": 16.279069767441861, "mid_level_0.5-2": 4.6511627906976747, "tall_2+": 0.0 }, "geometry": { "type": "Point", "coordinates": [ 0.880442872086405, 51.919140359380968 ] } },
{ "type": "Feature", "properties": { "max_height": 0.29725265502929688, "mean_height": 0.11329396814107895, "std_height": 0.091444067656993866, "count_pixels": 42, "percent_cover": 0.038482682792743264, "percent_above_0.1m": 47.619047619047613, "low_level_<0.5": 33.333333333333329, "mid_level_0.5-2": 0.0, "tall_2+": 0.0 }, "geometry": { "type": "Point", "coordinates": [ 0.880644087781464, 51.919135432637553 ] } },
{ "type": "Feature", "properties": { "max_height": 0.41450119018554688, "mean_height": 0.061910398304462433, "std_height": 0.11484410613775253, "count_pixels": 41, "percent_cover": 0.037566428440535093, "percent_above_0.1m": 21.951219512195124, "low_level_<0.5": 19.512195121951219, "mid_level_0.5-2": 0.0, "tall_2+": 0.0 }, "geometry": { "type": "Point", "coordinates": [ 0.880845303420348, 51.919130505549518 ] } },
{ "type": "Feature", "properties": { "max_height": 0.3487548828125, "mean_height": 0.035862155258655548, "std_height": 0.081162087619304657, "count_pixels": 41, "percent_cover": 0.037566428440535093, "percent_above_0.1m": 12.195121951219512, "low_level_<0.5": 9.7560975609756095, "mid_level_0.5-2": 0.0, "tall_2+": 0.0 }, "geometry": { "type": "Point", "coordinates": [ 0.881046519003059, 51.919125578116834 ] } },
{ "type": "Feature", "properties": { "max_height": 0.015003204345703125, "mean_height": 0.0022455540020018816, "std_height": 0.004460661206394434, "count_pixels": 41, "percent_cover": 0.037566428440535093, "percent_above_0.1m": 0.0, "low_level_<0.5": 0.0, "mid_level_0.5-2": 0.0, "tall_2+": 0.0 }, "geometry": { "type": "Point", "coordinates": [ 0.881247734529586, 51.919120650339515 ] } },
{ "type": "Feature", "properties": { "max_height": 0.041004180908203125, "mean_height": 0.0034143603406846523, "std_height": 0.0088755516335368156, "count_pixels": 37, "percent_cover": 0.033901411031702404, "percent_above_0.1m": 0.0, "low_level_<0.5": 0.0, "mid_level_0.5-2": 0.0, "tall_2+": 0.0 }, "geometry": { "type": "Point", "coordinates": [ 0.881448949999927, 51.919115722217555 ] } },
{ "type": "Feature", "properties": { "max_height": 0.057750701904296875, "mean_height": 0.0097453417256474495, "std_height": 0.015601807273924351, "count_pixels": 41, "percent_cover": 0.037566428440535093, "percent_above_0.1m": 0.0, "low_level_<0.5": 0.0, "mid_level_0.5-2": 0.0, "tall_2+": 0.0 }, "geometry": { "type": "Point", "coordinates": [ 0.881650165196168, 51.919110793891726 ] } },
{ "type": "Feature", "properties": { "max_height": 0.15800094604492188, "mean_height": 0.014654485508799553, "std_height": 0.027915244922041893, "count_pixels": 41, "percent_cover": 0.037566428440535093, "percent_above_0.1m": 2.4390243902439024, "low_level_<0.5": 2.4390243902439024, "mid_level_0.5-2": 0.0, "tall_2+": 0.0 }, "geometry": { "type": "Point", "coordinates": [ 0.881851379936116, 51.919105865702647 ] } },
{ "type": "Feature", "properties": { "max_height": 8.1315040588378906, "mean_height": 1.0897278785705566, "std_height": 2.3803000450134277, "count_pixels": 41, "percent_cover": 0.037566428440535093, "percent_above_0.1m": 31.707317073170731, "low_level_<0.5": 12.195121951219512, "mid_level_0.5-2": 4.8780487804878048, "tall_2+": 14.634146341463413 }, "geometry": { "type": "Point", "coordinates": [ 0.882052594494121, 51.919100937227398 ] } },
{ "type": "Feature", "properties": { "max_height": 8.9507522583007812, "mean_height": 2.2239148616790771, "std_height": 3.2988529205322266, "count_pixels": 43, "percent_cover": 0.039398937144951442, "percent_above_0.1m": 41.860465116279073, "low_level_<0.5": 2.3255813953488373, "mid_level_0.5-2": 11.627906976744185, "tall_2+": 27.906976744186046 }, "geometry": { "type": "Point", "coordinates": [ 0.882656237828842, 51.919086149740814 ] } },
{ "type": "Feature", "properties": { "max_height": 0.02375030517578125, "mean_height": 0.0041984375566244125, "std_height": 0.007281450554728508, "count_pixels": 42, "percent_cover": 0.038482682792743264, "percent_above_0.1m": 0.0, "low_level_<0.5": 0.0, "mid_level_0.5-2": 0.0, "tall_2+": 0.0 }, "geometry": { "type": "Point", "coordinates": [ 0.882857452160634, 51.91908121989168 ] } },
{ "type": "Feature", "properties": { "max_height": 0.522003173828125, "mean_height": 0.11943249404430389, "std_height": 0.13962233066558838, "count_pixels": 43, "percent_cover": 0.039398937144951442, "percent_above_0.1m": 39.534883720930232, "low_level_<0.5": 25.581395348837212, "mid_level_0.5-2": 6.9767441860465116, "tall_2+": 0.0 }, "geometry": { "type": "Point", "coordinates": [ 0.883058666435867, 51.919076289699099 ] } },
{ "type": "Feature", "properties": { "max_height": 4.0312538146972656, "mean_height": 0.22181595861911774, "std_height": 0.83030140399932861, "count_pixels": 43, "percent_cover": 0.039398937144951442, "percent_above_0.1m": 11.627906976744185, "low_level_<0.5": 4.6511627906976747, "mid_level_0.5-2": 2.3255813953488373, "tall_2+": 4.6511627906976747 }, "geometry": { "type": "Point", "coordinates": [ 0.883259880654541, 51.919071359163027 ] } },
{ "type": "Feature", "properties": { "max_height": 12.689254760742188, "mean_height": 1.8423118591308594, "std_height": 3.4908745288848877, "count_pixels": 42, "percent_cover": 0.038482682792743264, "percent_above_0.1m": 33.333333333333329, "low_level_<0.5": 2.3809523809523809, "mid_level_0.5-2": 9.5238095238095237, "tall_2+": 21.428571428571427 }, "geometry": { "type": "Point", "coordinates": [ 0.883461094816636, 51.919066428283486 ] } },
{ "type": "Feature", "properties": { "max_height": 0.79400253295898438, "mean_height": 0.069343477487564087, "std_height": 0.19576211273670197, "count_pixels": 41, "percent_cover": 0.037566428440535093, "percent_above_0.1m": 9.7560975609756095, "low_level_<0.5": 0.0, "mid_level_0.5-2": 9.7560975609756095, "tall_2+": 0.0 }, "geometry": { "type": "Point", "coordinates": [ 0.883662308922163, 51.919061497060483 ] } },
{ "type": "Feature", "properties": { "max_height": 7.1702499389648438, "mean_height": 1.8937705755233765, "std_height": 1.9495400190353394, "count_pixels": 41, "percent_cover": 0.037566428440535093, "percent_above_0.1m": 75.609756097560975, "low_level_<0.5": 14.634146341463413, "mid_level_0.5-2": 24.390243902439025, "tall_2+": 36.585365853658537 }, "geometry": { "type": "Point", "coordinates": [ 0.880349170284201, 51.91925057825928 ] } },
{ "type": "Feature", "properties": { "max_height": 0.18175125122070312, "mean_height": 0.017453541979193687, "std_height": 0.034783687442541122, "count_pixels": 41, "percent_cover": 0.037566428440535093, "percent_above_0.1m": 4.8780487804878048, "low_level_<0.5": 2.4390243902439024, "mid_level_0.5-2": 0.0, "tall_2+": 0.0 }, "geometry": { "type": "Point", "coordinates": [ 0.880550386471609, 51.919245651679795 ] } },
{ "type": "Feature", "properties": { "max_height": 0.029003143310546875, "mean_height": 0.011668704450130463, "std_height": 0.010315030813217163, "count_pixels": 42, "percent_cover": 0.038482682792743264, "percent_above_0.1m": 0.0, "low_level_<0.5": 0.0, "mid_level_0.5-2": 0.0, "tall_2+": 0.0 }, "geometry": { "type": "Point", "coordinates": [ 0.880751602602848, 51.919240724755653 ] } },
{ "type": "Feature", "properties": { "max_height": 0.02700042724609375, "mean_height": 0.0079263197258114815, "std_height": 0.0080223800614476204, "count_pixels": 43, "percent_cover": 0.039398937144951442, "percent_above_0.1m": 0.0, "low_level_<0.5": 0.0, "mid_level_0.5-2": 0.0, "tall_2+": 0.0 }, "geometry": { "type": "Point", "coordinates": [ 0.880952818677904, 51.919235797486884 ] } },
{ "type": "Feature", "properties": { "max_height": 0.042003631591796875, "mean_height": 0.012571644969284534, "std_height": 0.011711420491337776, "count_pixels": 43, "percent_cover": 0.039398937144951442, "percent_above_0.1m": 0.0, "low_level_<0.5": 0.0, "mid_level_0.5-2": 0.0, "tall_2+": 0.0 }, "geometry": { "type": "Point", "coordinates": [ 0.881154034696783, 51.919230869873466 ] } },
{ "type": "Feature", "properties": { "max_height": 0.6372528076171875, "mean_height": 0.051376797258853912, "std_height": 0.11146757006645203, "count_pixels": 42, "percent_cover": 0.038482682792743264, "percent_above_0.1m": 11.904761904761903, "low_level_<0.5": 7.1428571428571423, "mid_level_0.5-2": 2.3809523809523809, "tall_2+": 0.0 }, "geometry": { "type": "Point", "coordinates": [ 0.881355250659479, 51.919225941915435 ] } },
{ "type": "Feature", "properties": { "max_height": 0.65724945068359375, "mean_height": 0.078961215913295746, "std_height": 0.15865837037563324, "count_pixels": 43, "percent_cover": 0.039398937144951442, "percent_above_0.1m": 13.953488372093023, "low_level_<0.5": 6.9767441860465116, "mid_level_0.5-2": 4.6511627906976747, "tall_2+": 0.0 }, "geometry": { "type": "Point", "coordinates": [ 0.881556466514971, 51.919221013635571 ] } },
{ "type": "Feature", "properties": { "max_height": 0.3520050048828125, "mean_height": 0.023903336375951767, "std_height": 0.061215408146381378, "count_pixels": 43, "percent_cover": 0.039398937144951442, "percent_above_0.1m": 6.9767441860465116, "low_level_<0.5": 4.6511627906976747, "mid_level_0.5-2": 0.0, "tall_2+": 0.0 }, "geometry": { "type": "Point", "coordinates": [ 0.881757681929085, 51.919216085403427 ] } },
{ "type": "Feature", "properties": { "max_height": 0.944000244140625, "mean_height": 0.060164518654346466, "std_height": 0.16815690696239471, "count_pixels": 43, "percent_cover": 0.039398937144951442, "percent_above_0.1m": 11.627906976744185, "low_level_<0.5": 4.6511627906976747, "mid_level_0.5-2": 4.6511627906976747, "tall_2+": 0.0 }, "geometry": { "type": "Point", "coordinates": [ 0.881958896983391, 51.919211157078813 ] } },
{ "type": "Feature", "properties": { "max_height": 0.028499603271484375, "mean_height": 0.0070142978802323341, "std_height": 0.0083172153681516647, "count_pixels": 41, "percent_cover": 0.037566428440535093, "percent_above_0.1m": 0.0, "low_level_<0.5": 0.0, "mid_level_0.5-2": 0.0, "tall_2+": 0.0 }, "geometry": { "type": "Point", "coordinates": [ 0.882160111981146, 51.919206228410737 ] } },
{ "type": "Feature", "properties": { "max_height": 0.031505584716796875, "mean_height": 0.0081729423254728317, "std_height": 0.010458042845129967, "count_pixels": 41, "percent_cover": 0.037566428440535093, "percent_above_0.1m": 0.0, "low_level_<0.5": 0.0, "mid_level_0.5-2": 0.0, "tall_2+": 0.0 }, "geometry": { "type": "Point", "coordinates": [ 0.882361326922355, 51.91920129939917 ] } },
{ "type": "Feature", "properties": { "max_height": 0.08100128173828125, "mean_height": 0.013130001723766327, "std_height": 0.018162846565246582, "count_pixels": 41, "percent_cover": 0.037566428440535093, "percent_above_0.1m": 0.0, "low_level_<0.5": 0.0, "mid_level_0.5-2": 0.0, "tall_2+": 0.0 }, "geometry": { "type": "Point", "coordinates": [ 0.882562541807014, 51.919196370044141 ] } },
{ "type": "Feature", "properties": { "max_height": 0.14249801635742188, "mean_height": 0.0090218624100089073, "std_height": 0.025949113070964813, "count_pixels": 37, "percent_cover": 0.033901411031702404, "percent_above_0.1m": 2.7027027027027026, "low_level_<0.5": 0.0, "mid_level_0.5-2": 0.0, "tall_2+": 0.0 }, "geometry": { "type": "Point", "coordinates": [ 0.882763756635115, 51.919191440345635 ] } },
{ "type": "Feature", "properties": { "max_height": 0.12925338745117188, "mean_height": 0.0089716101065278053, "std_height": 0.021437779068946838, "count_pixels": 41, "percent_cover": 0.037566428440535093, "percent_above_0.1m": 2.4390243902439024, "low_level_<0.5": 0.0, "mid_level_0.5-2": 0.0, "tall_2+": 0.0 }, "geometry": { "type": "Point", "coordinates": [ 0.882964971406651, 51.919186510303668 ] } },
{ "type": "Feature", "properties": { "max_height": 9.8507537841796875, "mean_height": 2.4503071308135986, "std_height": 3.5670871734619141, "count_pixels": 41, "percent_cover": 0.037566428440535093, "percent_above_0.1m": 43.902439024390247, "low_level_<0.5": 0.0, "mid_level_0.5-2": 12.195121951219512, "tall_2+": 31.707317073170731 }, "geometry": { "type": "Point", "coordinates": [ 0.883166186121628, 51.919181579918231 ] } },
{ "type": "Feature", "properties": { "max_height": 12.106754302978516, "mean_height": 3.6190025806427002, "std_height": 3.9461021423339844, "count_pixels": 41, "percent_cover": 0.037566428440535093, "percent_above_0.1m": 56.09756097560976, "low_level_<0.5": 2.4390243902439024, "mid_level_0.5-2": 0.0, "tall_2+": 51.219512195121951 }, "geometry": { "type": "Point", "coordinates": [ 0.883367400780037, 51.919176649189311 ] } },
{ "type": "Feature", "properties": { "max_height": 9.7267532348632812, "mean_height": 0.68294233083724976, "std_height": 1.864431619644165, "count_pixels": 42, "percent_cover": 0.038482682792743264, "percent_above_0.1m": 28.571428571428569, "low_level_<0.5": 4.7619047619047619, "mid_level_0.5-2": 9.5238095238095237, "tall_2+": 9.5238095238095237 }, "geometry": { "type": "Point", "coordinates": [ 0.88356861538187, 51.919171718116928 ] } },
{ "type": "Feature", "properties": { "max_height": 0.7947540283203125, "mean_height": 0.063048608601093292, "std_height": 0.17912550270557404, "count_pixels": 43, "percent_cover": 0.039398937144951442, "percent_above_0.1m": 11.627906976744185, "low_level_<0.5": 4.6511627906976747, "mid_level_0.5-2": 6.9767441860465116, "tall_2+": 0.0 }, "geometry": { "type": "Point", "coordinates": [ 0.883769829927134, 51.919166786701091 ] } },
{ "type": "Feature", "properties": { "max_height": 8.8122482299804688, "mean_height": 4.1824955940246582, "std_height": 2.6626982688903809, "count_pixels": 43, "percent_cover": 0.039398937144951442, "percent_above_0.1m": 88.372093023255815, "low_level_<0.5": 11.627906976744185, "mid_level_0.5-2": 2.3255813953488373, "tall_2+": 74.418604651162795 }, "geometry": { "type": "Point", "coordinates": [ 0.880456684725579, 51.919355870642349 ] } },
{ "type": "Feature", "properties": { "max_height": 1.1250038146972656, "mean_height": 0.066031865775585175, "std_height": 0.19786570966243744, "count_pixels": 42, "percent_cover": 0.038482682792743264, "percent_above_0.1m": 11.904761904761903, "low_level_<0.5": 9.5238095238095237, "mid_level_0.5-2": 2.3809523809523809, "tall_2+": 0.0 }, "geometry": { "type": "Point", "coordinates": [ 0.880657901349165, 51.919350943882137 ] } },
{ "type": "Feature", "properties": { "max_height": 0.034000396728515625, "mean_height": 0.0063375146128237247, "std_height": 0.0079805916175246239, "count_pixels": 41, "percent_cover": 0.037566428440535093, "percent_above_0.1m": 0.0, "low_level_<0.5": 0.0, "mid_level_0.5-2": 0.0, "tall_2+": 0.0 }, "geometry": { "type": "Point", "coordinates": [ 0.880859117916579, 51.919346016777283 ] } },
{ "type": "Feature", "properties": { "max_height": 0.1405029296875, "mean_height": 0.016501821577548981, "std_height": 0.029219627380371094, "count_pixels": 41, "percent_cover": 0.037566428440535093, "percent_above_0.1m": 2.4390243902439024, "low_level_<0.5": 0.0, "mid_level_0.5-2": 0.0, "tall_2+": 0.0 }, "geometry": { "type": "Point", "coordinates": [ 0.881060334427808, 51.919341089327787 ] } },
{ "type": "Feature", "properties": { "max_height": 0.12224960327148438, "mean_height": 0.014073999598622322, "std_height": 0.02779083326458931, "count_pixels": 41, "percent_cover": 0.037566428440535093, "percent_above_0.1m": 2.4390243902439024, "low_level_<0.5": 0.0, "mid_level_0.5-2": 0.0, "tall_2+": 0.0 }, "geometry": { "type": "Point", "coordinates": [ 0.881261550882861, 51.91933616153365 ] } },
{ "type": "Feature", "properties": { "max_height": 0.13250350952148438, "mean_height": 0.013716517016291618, "std_height": 0.029351523146033287, "count_pixels": 37, "percent_cover": 0.033901411031702404, "percent_above_0.1m": 2.7027027027027026, "low_level_<0.5": 0.0, "mid_level_0.5-2": 0.0, "tall_2+": 0.0 }, "geometry": { "type": "Point", "coordinates": [ 0.881462767281726, 51.919331233394892 ] } },
{ "type": "Feature", "properties": { "max_height": 0.90575027465820312, "mean_height": 0.10548251867294312, "std_height": 0.22010838985443115, "count_pixels": 41, "percent_cover": 0.037566428440535093, "percent_above_0.1m": 21.951219512195124, "low_level_<0.5": 7.3170731707317067, "mid_level_0.5-2": 7.3170731707317067, "tall_2+": 0.0 }, "geometry": { "type": "Point", "coordinates": [ 0.881663983381194, 51.919326305081604 ] } },
{ "type": "Feature", "properties": { "max_height": 0.62250137329101562, "mean_height": 0.042702373117208481, "std_height": 0.10589791089296341, "count_pixels": 41, "percent_cover": 0.037566428440535093, "percent_above_0.1m": 12.195121951219512, "low_level_<0.5": 2.4390243902439024, "mid_level_0.5-2": 2.4390243902439024, "tall_2+": 0.0 }, "geometry": { "type": "Point", "coordinates": [ 0.881865199032902, 51.919321376862698 ] } },
{ "type": "Feature", "properties": { "max_height": 0.9862518310546875, "mean_height": 0.15474560856819153, "std_height": 0.25293898582458496, "count_pixels": 41, "percent_cover": 0.037566428440535093, "percent_above_0.1m": 29.268292682926827, "low_level_<0.5": 9.7560975609756095, "mid_level_0.5-2": 14.634146341463413, "tall_2+": 0.0 }, "geometry": { "type": "Point", "coordinates": [ 0.882066414526964, 51.919316448345249 ] } },
{ "type": "Feature", "properties": { "max_height": 0.618499755859375, "mean_height": 0.072001524269580841, "std_height": 0.15098181366920471, "count_pixels": 43, "percent_cover": 0.039398937144951442, "percent_above_0.1m": 23.255813953488371, "low_level_<0.5": 11.627906976744185, "mid_level_0.5-2": 4.6511627906976747, "tall_2+": 0.0 }, "geometry": { "type": "Point", "coordinates": [ 0.882267629964476, 51.919311519484324 ] } },
{ "type": "Feature", "properties": { "max_height": 0.17425155639648438, "mean_height": 0.022176787257194519, "std_height": 0.04284406453371048, "count_pixels": 43, "percent_cover": 0.039398937144951442, "percent_above_0.1m": 9.3023255813953494, "low_level_<0.5": 6.9767441860465116, "mid_level_0.5-2": 0.0, "tall_2+": 0.0 }, "geometry": { "type": "Point", "coordinates": [ 0.882468845345437, 51.91930659027993 ] } },
{ "type": "Feature", "properties": { "max_height": 0.20550155639648438, "mean_height": 0.012281107716262341, "std_height": 0.032381322234869003, "count_pixels": 43, "percent_cover": 0.039398937144951442, "percent_above_0.1m": 2.3255813953488373, "low_level_<0.5": 2.3255813953488373, "mid_level_0.5-2": 0.0, "tall_2+": 0.0 }, "geometry": { "type": "Point", "coordinates": [ 0.882670060669843, 51.919301660732053 ] } },
{ "type": "Feature", "properties": { "max_height": 0.342498779296875, "mean_height": 0.02957916259765625, "std_height": 0.060176081955432892, "count_pixels": 42, "percent_cover": 0.038482682792743264, "percent_above_0.1m": 7.1428571428571423, "low_level_<0.5": 7.1428571428571423, "mid_level_0.5-2": 0.0, "tall_2+": 0.0 }, "geometry": { "type": "Point", "coordinates": [ 0.882871275937691, 51.919296730840706 ] } },
{ "type": "Feature", "properties": { "max_height": 10.918498992919922, "mean_height": 4.2041702270507812, "std_height": 3.5516400337219238, "count_pixels": 43, "percent_cover": 0.039398937144951442, "percent_above_0.1m": 81.395348837209298, "low_level_<0.5": 6.9767441860465116, "mid_level_0.5-2": 11.627906976744185, "tall_2+": 62.790697674418603 }, "geometry": { "type": "Point", "coordinates": [ 0.883072491148978, 51.919291800605905 ] } },
{ "type": "Feature", "properties": { "max_height": 8.282501220703125, "mean_height": 1.0645774602890015, "std_height": 2.136042594909668, "count_pixels": 43, "percent_cover": 0.039398937144951442, "percent_above_0.1m": 25.581395348837212, "low_level_<0.5": 0.0, "mid_level_0.5-2": 6.9767441860465116, "tall_2+": 18.604651162790699 }, "geometry": { "type": "Point", "coordinates": [ 0.883273706303699, 51.919286870027612 ] } },
{ "type": "Feature", "properties": { "max_height": 0.01975250244140625, "mean_height": 0.0041149682365357876, "std_height": 0.0058746850118041039, "count_pixels": 42, "percent_cover": 0.038482682792743264, "percent_above_0.1m": 0.0, "low_level_<0.5": 0.0, "mid_level_0.5-2": 0.0, "tall_2+": 0.0 }, "geometry": { "type": "Point", "coordinates": [ 0.883474921401842, 51.919281939105851 ] } },
{ "type": "Feature", "properties": { "max_height": 0.60625457763671875, "mean_height": 0.069563701748847961, "std_height": 0.16878610849380493, "count_pixels": 41, "percent_cover": 0.037566428440535093, "percent_above_0.1m": 14.634146341463413, "low_level_<0.5": 4.8780487804878048, "mid_level_0.5-2": 7.3170731707317067, "tall_2+": 0.0 }, "geometry": { "type": "Point", "coordinates": [ 0.883676136443417, 51.919277007840627 ] } },
{ "type": "Feature", "properties": { "max_height": 0.37450408935546875, "mean_height": 0.010538891889154911, "std_height": 0.057747263461351395, "count_pixels": 41, "percent_cover": 0.037566428440535093, "percent_above_0.1m": 2.4390243902439024, "low_level_<0.5": 2.4390243902439024, "mid_level_0.5-2": 0.0, "tall_2+": 0.0 }, "geometry": { "type": "Point", "coordinates": [ 0.883877351428414, 51.919272076231934 ] } },
{ "type": "Feature", "properties": { "max_height": 2.8282508850097656, "mean_height": 0.28671610355377197, "std_height": 0.61072647571563721, "count_pixels": 42, "percent_cover": 0.038482682792743264, "percent_above_0.1m": 35.714285714285715, "low_level_<0.5": 19.047619047619047, "mid_level_0.5-2": 11.904761904761903, "tall_2+": 4.7619047619047619 }, "geometry": { "type": "Point", "coordinates": [ 0.880765416719071, 51.919456235988015 ] } },
{ "type": "Feature", "properties": { "max_height": 0.0292510986328125, "mean_height": 0.0061183306388556957, "std_height": 0.0080263065174221992, "count_pixels": 43, "percent_cover": 0.039398937144951442, "percent_above_0.1m": 0.0, "low_level_<0.5": 0.0, "mid_level_0.5-2": 0.0, "tall_2+": 0.0 }, "geometry": { "type": "Point", "coordinates": [ 0.88096663372266, 51.919451308702442 ] } },
{ "type": "Feature", "properties": { "max_height": 0.42875289916992188, "mean_height": 0.056501433253288269, "std_height": 0.11556201428174973, "count_pixels": 43, "percent_cover": 0.039398937144951442, "percent_above_0.1m": 13.953488372093023, "low_level_<0.5": 13.953488372093023, "mid_level_0.5-2": 0.0, "tall_2+": 0.0 }, "geometry": { "type": "Point", "coordinates": [ 0.881167850670073, 51.919446381072227 ] } },
{ "type": "Feature", "properties": { "max_height": 0.0, "mean_height": 0.0, "std_height": 0.0, "count_pixels": 42, "percent_cover": 0.038482682792743264, "percent_above_0.1m": 0.0, "low_level_<0.5": 0.0, "mid_level_0.5-2": 0.0, "tall_2+": 0.0 }, "geometry": { "type": "Point", "coordinates": [ 0.881369067561294, 51.919441453097363 ] } },
{ "type": "Feature", "properties": { "max_height": 0.0, "mean_height": 0.0, "std_height": 0.0, "count_pixels": 43, "percent_cover": 0.039398937144951442, "percent_above_0.1m": 0.0, "low_level_<0.5": 0.0, "mid_level_0.5-2": 0.0, "tall_2+": 0.0 }, "geometry": { "type": "Point", "coordinates": [ 0.881570284322778, 51.919436524809896 ] } },
{ "type": "Feature", "properties": { "max_height": 0.025249481201171875, "mean_height": 0.0013197078369557858, "std_height": 0.0056156190112233162, "count_pixels": 43, "percent_cover": 0.039398937144951442, "percent_above_0.1m": 0.0, "low_level_<0.5": 0.0, "mid_level_0.5-2": 0.0, "tall_2+": 0.0 }, "geometry": { "type": "Point", "coordinates": [ 0.881771500642657, 51.919431596579031 ] } },
{ "type": "Feature", "properties": { "max_height": 0.77625274658203125, "mean_height": 0.10678543895483017, "std_height": 0.20829734206199646, "count_pixels": 43, "percent_cover": 0.039398937144951442, "percent_above_0.1m": 25.581395348837212, "low_level_<0.5": 16.279069767441861, "mid_level_0.5-2": 9.3023255813953494, "tall_2+": 0.0 }, "geometry": { "type": "Point", "coordinates": [ 0.881972716633017, 51.919426668212211 ] } },
{ "type": "Feature", "properties": { "max_height": 0.37649917602539062, "mean_height": 0.047319088131189346, "std_height": 0.09573819488286972, "count_pixels": 41, "percent_cover": 0.037566428440535093, "percent_above_0.1m": 14.634146341463413, "low_level_<0.5": 12.195121951219512, "mid_level_0.5-2": 0.0, "tall_2+": 0.0 }, "geometry": { "type": "Point", "coordinates": [ 0.882173932566841, 51.919421739501935 ] } },
{ "type": "Feature", "properties": { "max_height": 0.139251708984375, "mean_height": 0.018062684684991837, "std_height": 0.030780505388975143, "count_pixels": 41, "percent_cover": 0.037566428440535093, "percent_above_0.1m": 4.8780487804878048, "low_level_<0.5": 0.0, "mid_level_0.5-2": 0.0, "tall_2+": 0.0 }, "geometry": { "type": "Point", "coordinates": [ 0.882375148444106, 51.919416810448162 ] } },
{ "type": "Feature", "properties": { "max_height": 0.27025604248046875, "mean_height": 0.017124176025390625, "std_height": 0.044630315154790878, "count_pixels": 41, "percent_cover": 0.037566428440535093, "percent_above_0.1m": 4.8780487804878048, "low_level_<0.5": 2.4390243902439024, "mid_level_0.5-2": 0.0, "tall_2+": 0.0 }, "geometry": { "type": "Point", "coordinates": [ 0.882576364264826, 51.91941188105092 ] } },
{ "type": "Feature", "properties": { "max_height": 1.061248779296875, "mean_height": 0.11783311516046524, "std_height": 0.25648525357246399, "count_pixels": 37, "percent_cover": 0.033901411031702404, "percent_above_0.1m": 21.621621621621621, "low_level_<0.5": 2.7027027027027026, "mid_level_0.5-2": 13.513513513513514, "tall_2+": 0.0 }, "geometry": { "type": "Point", "coordinates": [ 0.882777580028982, 51.919406951310208 ] } },
{ "type": "Feature", "properties": { "max_height": 0.46350479125976562, "mean_height": 0.049428895115852356, "std_height": 0.10749471187591553, "count_pixels": 41, "percent_cover": 0.037566428440535093, "percent_above_0.1m": 14.634146341463413, "low_level_<0.5": 9.7560975609756095, "mid_level_0.5-2": 0.0, "tall_2+": 0.0 }, "geometry": { "type": "Point", "coordinates": [ 0.882978795736579, 51.91940202122602 ] } },
{ "type": "Feature", "properties": { "max_height": 0.019252777099609375, "mean_height": 0.0039834743365645409, "std_height": 0.0065733860246837139, "count_pixels": 41, "percent_cover": 0.037566428440535093, "percent_above_0.1m": 0.0, "low_level_<0.5": 0.0, "mid_level_0.5-2": 0.0, "tall_2+": 0.0 }, "geometry": { "type": "Point", "coordinates": [ 0.883180011387611, 51.919397090798363 ] } },
{ "type": "Feature", "properties": { "max_height": 0.021503448486328125, "mean_height": 0.0047218510881066322, "std_height": 0.0055779148824512959, "count_pixels": 41, "percent_cover": 0.037566428440535093, "percent_above_0.1m": 0.0, "low_level_<0.5": 0.0, "mid_level_0.5-2": 0.0, "tall_2+": 0.0 }, "geometry": { "type": "Point", "coordinates": [ 0.883381226982074, 51.91939216002725 ] } },
{ "type": "Feature", "properties": { "max_height": 0.01200103759765625, "mean_height": 0.0015968141378834844, "std_height": 0.0040441076271235943, "count_pixels": 42, "percent_cover": 0.038482682792743264, "percent_above_0.1m": 0.0, "low_level_<0.5": 0.0, "mid_level_0.5-2": 0.0, "tall_2+": 0.0 }, "geometry": { "type": "Point", "coordinates": [ 0.883582442519967, 51.919387228912633 ] } },
{ "type": "Feature", "properties": { "max_height": 0.73775100708007812, "mean_height": 0.10142659395933151, "std_height": 0.21502977609634399, "count_pixels": 43, "percent_cover": 0.039398937144951442, "percent_above_0.1m": 16.279069767441861, "low_level_<0.5": 2.3255813953488373, "mid_level_0.5-2": 13.953488372093023, "tall_2+": 0.0 }, "geometry": { "type": "Point", "coordinates": [ 0.883783658001279, 51.919382297454554 ] } },
{ "type": "Feature", "properties": { "max_height": 8.2900009155273438, "mean_height": 2.9021663665771484, "std_height": 2.6943693161010742, "count_pixels": 41, "percent_cover": 0.037566428440535093, "percent_above_0.1m": 75.609756097560975, "low_level_<0.5": 9.7560975609756095, "mid_level_0.5-2": 12.195121951219512, "tall_2+": 51.219512195121951 }, "geometry": { "type": "Point", "coordinates": [ 0.880872932581332, 51.919561527997438 ] } },
{ "type": "Feature", "properties": { "max_height": 5.3192520141601562, "mean_height": 0.41355672478675842, "std_height": 1.0008635520935059, "count_pixels": 41, "percent_cover": 0.037566428440535093, "percent_above_0.1m": 31.707317073170731, "low_level_<0.5": 9.7560975609756095, "mid_level_0.5-2": 9.7560975609756095, "tall_2+": 7.3170731707317067 }, "geometry": { "type": "Point", "coordinates": [ 0.881074150021105, 51.919556600531131 ] } },
{ "type": "Feature", "properties": { "max_height": 0.028499603271484375, "mean_height": 0.0048296856693923473, "std_height": 0.0092675825580954552, "count_pixels": 41, "percent_cover": 0.037566428440535093, "percent_above_0.1m": 0.0, "low_level_<0.5": 0.0, "mid_level_0.5-2": 0.0, "tall_2+": 0.0 }, "geometry": { "type": "Point", "coordinates": [ 0.881275367404689, 51.919551672720196 ] } },
{ "type": "Feature", "properties": { "max_height": 0.01525115966796875, "mean_height": 0.000689326087012887, "std_height": 0.0029183609876781702, "count_pixels": 37, "percent_cover": 0.033901411031702404, "percent_above_0.1m": 0.0, "low_level_<0.5": 0.0, "mid_level_0.5-2": 0.0, "tall_2+": 0.0 }, "geometry": { "type": "Point", "coordinates": [ 0.881476584732092, 51.919546744564606 ] } },
{ "type": "Feature", "properties": { "max_height": 0.0, "mean_height": 0.0, "std_height": 0.0, "count_pixels": 41, "percent_cover": 0.037566428440535093, "percent_above_0.1m": 0.0, "low_level_<0.5": 0.0, "mid_level_0.5-2": 0.0, "tall_2+": 0.0 }, "geometry": { "type": "Point", "coordinates": [ 0.881677801735317, 51.919541816261159 ] } },
{ "type": "Feature", "properties": { "max_height": 0.33425140380859375, "mean_height": 0.029556088149547577, "std_height": 0.057450111955404282, "count_pixels": 41, "percent_cover": 0.037566428440535093, "percent_above_0.1m": 4.8780487804878048, "low_level_<0.5": 2.4390243902439024, "mid_level_0.5-2": 0.0, "tall_2+": 0.0 }, "geometry": { "type": "Point", "coordinates": [ 0.881879018299318, 51.919536888011649 ] } },
{ "type": "Feature", "properties": { "max_height": 0.80125045776367188, "mean_height": 0.13936735689640045, "std_height": 0.24506370723247528, "count_pixels": 41, "percent_cover": 0.037566428440535093, "percent_above_0.1m": 24.390243902439025, "low_level_<0.5": 4.8780487804878048, "mid_level_0.5-2": 17.073170731707318, "tall_2+": 0.0 }, "geometry": { "type": "Point", "coordinates": [ 0.882080234729441, 51.91953195945198 ] } },
{ "type": "Feature", "properties": { "max_height": 0.2454986572265625, "mean_height": 0.026903197169303894, "std_height": 0.055593829602003098, "count_pixels": 43, "percent_cover": 0.039398937144951442, "percent_above_0.1m": 9.3023255813953494, "low_level_<0.5": 6.9767441860465116, "mid_level_0.5-2": 0.0, "tall_2+": 0.0 }, "geometry": { "type": "Point", "coordinates": [ 0.882281451103021, 51.919527030548863 ] } },
{ "type": "Feature", "properties": { "max_height": 8.1334991455078125, "mean_height": 1.3598392009735107, "std_height": 2.050806999206543, "count_pixels": 43, "percent_cover": 0.039398937144951442, "percent_above_0.1m": 53.488372093023251, "low_level_<0.5": 0.0, "mid_level_0.5-2": 37.209302325581397, "tall_2+": 16.279069767441861 }, "geometry": { "type": "Point", "coordinates": [ 0.88248266742005, 51.919522101302263 ] } },
{ "type": "Feature", "properties": { "max_height": 7.8165016174316406, "mean_height": 0.8627052903175354, "std_height": 1.9750348329544067, "count_pixels": 43, "percent_cover": 0.039398937144951442, "percent_above_0.1m": 37.209302325581397, "low_level_<0.5": 9.3023255813953494, "mid_level_0.5-2": 13.953488372093023, "tall_2+": 11.627906976744185 }, "geometry": { "type": "Point", "coordinates": [ 0.882683883680521, 51.919517171712187 ] } },
{ "type": "Feature", "properties": { "max_height": 0.033252716064453125, "mean_height": 0.0075437454506754875, "std_height": 0.0091914990916848183, "count_pixels": 42, "percent_cover": 0.038482682792743264, "percent_above_0.1m": 0.0, "low_level_<0.5": 0.0, "mid_level_0.5-2": 0.0, "tall_2+": 0.0 }, "geometry": { "type": "Point", "coordinates": [ 0.882885099884432, 51.919512241778627 ] } },
{ "type": "Feature", "properties": { "max_height": 0.014499664306640625, "mean_height": 0.0017632772214710712, "std_height": 0.004647265188395977, "count_pixels": 43, "percent_cover": 0.039398937144951442, "percent_above_0.1m": 0.0, "low_level_<0.5": 0.0, "mid_level_0.5-2": 0.0, "tall_2+": 0.0 }, "geometry": { "type": "Point", "coordinates": [ 0.883086316031781, 51.91950731150159 ] } },
{ "type": "Feature", "properties": { "max_height": 0.015254974365234375, "mean_height": 0.0048569082282483578, "std_height": 0.0056958342902362347, "count_pixels": 43, "percent_cover": 0.039398937144951442, "percent_above_0.1m": 0.0, "low_level_<0.5": 0.0, "mid_level_0.5-2": 0.0, "tall_2+": 0.0 }, "geometry": { "type": "Point", "coordinates": [ 0.883287532122563, 51.919502380881092 ] } },
{ "type": "Feature", "properties": { "max_height": 0.020000457763671875, "mean_height": 0.0058831712231040001, "std_height": 0.0064696031622588634, "count_pixels": 42, "percent_cover": 0.038482682792743264, "percent_above_0.1m": 0.0, "low_level_<0.5": 0.0, "mid_level_0.5-2": 0.0, "tall_2+": 0.0 }, "geometry": { "type": "Point", "coordinates": [ 0.883488748156767, 51.919497449917102 ] } },
{ "type": "Feature", "properties": { "max_height": 0.0252532958984375, "mean_height": 0.0058188089169561863, "std_height": 0.0066860318183898926, "count_pixels": 41, "percent_cover": 0.037566428440535093, "percent_above_0.1m": 0.0, "low_level_<0.5": 0.0, "mid_level_0.5-2": 0.0, "tall_2+": 0.0 }, "geometry": { "type": "Point", "coordinates": [ 0.883689964134405, 51.919492518609665 ] } },
{ "type": "Feature", "properties": { "max_height": 0.82350540161132812, "mean_height": 0.063861757516860962, "std_height": 0.17202891409397125, "count_pixels": 41, "percent_cover": 0.037566428440535093, "percent_above_0.1m": 12.195121951219512, "low_level_<0.5": 4.8780487804878048, "mid_level_0.5-2": 7.3170731707317067, "tall_2+": 0.0 }, "geometry": { "type": "Point", "coordinates": [ 0.883891180055456, 51.919487586958731 ] } },
{ "type": "Feature", "properties": { "max_height": 7.2504997253417969, "mean_height": 4.2791471481323242, "std_height": 2.2018413543701172, "count_pixels": 43, "percent_cover": 0.039398937144951442, "percent_above_0.1m": 88.372093023255815, "low_level_<0.5": 2.3255813953488373, "mid_level_0.5-2": 4.6511627906976747, "tall_2+": 81.395348837209298 }, "geometry": { "type": "Point", "coordinates": [ 0.880980448935958, 51.91966681991039 ] } },
{ "type": "Feature", "properties": { "max_height": 11.39324951171875, "mean_height": 3.0915427207946777, "std_height": 3.860274076461792, "count_pixels": 43, "percent_cover": 0.039398937144951442, "percent_above_0.1m": 55.813953488372093, "low_level_<0.5": 4.6511627906976747, "mid_level_0.5-2": 6.9767441860465116, "tall_2+": 41.860465116279073 }, "geometry": { "type": "Point", "coordinates": [ 0.881181666811906, 51.919661892263356 ] } },
{ "type": "Feature", "properties": { "max_height": 0.246002197265625, "mean_height": 0.032114665955305099, "std_height": 0.059596247971057892, "count_pixels": 42, "percent_cover": 0.038482682792743264, "percent_above_0.1m": 7.1428571428571423, "low_level_<0.5": 7.1428571428571423, "mid_level_0.5-2": 0.0, "tall_2+": 0.0 }, "geometry": { "type": "Point", "coordinates": [ 0.881382884631671, 51.919656964271688 ] } },
{ "type": "Feature", "properties": { "max_height": 0.22825241088867188, "mean_height": 0.031193399801850319, "std_height": 0.04922742024064064, "count_pixels": 43, "percent_cover": 0.039398937144951442, "percent_above_0.1m": 9.3023255813953494, "low_level_<0.5": 4.6511627906976747, "mid_level_0.5-2": 0.0, "tall_2+": 0.0 }, "geometry": { "type": "Point", "coordinates": [ 0.881584102299666, 51.919652035975801 ] } },
{ "type": "Feature", "properties": { "max_height": 0.066249847412109375, "mean_height": 0.0097974734380841255, "std_height": 0.016265802085399628, "count_pixels": 43, "percent_cover": 0.039398937144951442, "percent_above_0.1m": 0.0, "low_level_<0.5": 0.0, "mid_level_0.5-2": 0.0, "tall_2+": 0.0 }, "geometry": { "type": "Point", "coordinates": [ 0.881785319525844, 51.919647107743529 ] } },
{ "type": "Feature", "properties": { "max_height": 0.045001983642578125, "mean_height": 0.007571907714009285, "std_height": 0.012049246579408646, "count_pixels": 43, "percent_cover": 0.039398937144951442, "percent_above_0.1m": 0.0, "low_level_<0.5": 0.0, "mid_level_0.5-2": 0.0, "tall_2+": 0.0 }, "geometry": { "type": "Point", "coordinates": [ 0.881986536452282, 51.919642179334517 ] } },
{ "type": "Feature", "properties": { "max_height": 0.13375091552734375, "mean_height": 0.018453365191817284, "std_height": 0.035318028181791306, "count_pixels": 41, "percent_cover": 0.037566428440535093, "percent_above_0.1m": 4.8780487804878048, "low_level_<0.5": 0.0, "mid_level_0.5-2": 0.0, "tall_2+": 0.0 }, "geometry": { "type": "Point", "coordinates": [ 0.882187753322173, 51.919637250582021 ] } },
{ "type": "Feature", "properties": { "max_height": 0.18775177001953125, "mean_height": 0.015123693272471428, "std_height": 0.038877170532941818, "count_pixels": 41, "percent_cover": 0.037566428440535093, "percent_above_0.1m": 4.8780487804878048, "low_level_<0.5": 4.8780487804878048, "mid_level_0.5-2": 0.0, "tall_2+": 0.0 }, "geometry": { "type": "Point", "coordinates": [ 0.882388970135515, 51.919632321486048 ] } },
{ "type": "Feature", "properties": { "max_height": 6.38275146484375, "mean_height": 0.87700200080871582, "std_height": 1.7130336761474609, "count_pixels": 41, "percent_cover": 0.037566428440535093, "percent_above_0.1m": 29.268292682926827, "low_level_<0.5": 0.0, "mid_level_0.5-2": 7.3170731707317067, "tall_2+": 19.512195121951219 }, "geometry": { "type": "Point", "coordinates": [ 0.882590186892304, 51.9196273920466 ] } },
{ "type": "Feature", "properties": { "max_height": 0.02574920654296875, "mean_height": 0.003900167066603899, "std_height": 0.0074364906176924706, "count_pixels": 37, "percent_cover": 0.033901411031702404, "percent_above_0.1m": 0.0, "low_level_<0.5": 0.0, "mid_level_0.5-2": 0.0, "tall_2+": 0.0 }, "geometry": { "type": "Point", "coordinates": [ 0.88279140359253, 51.919622462263682 ] } },
{ "type": "Feature", "properties": { "max_height": 0.0240020751953125, "mean_height": 0.0033437216188758612, "std_height": 0.0074445698410272598, "count_pixels": 41, "percent_cover": 0.037566428440535093, "percent_above_0.1m": 0.0, "low_level_<0.5": 0.0, "mid_level_0.5-2": 0.0, "tall_2+": 0.0 }, "geometry": { "type": "Point", "coordinates": [ 0.882992620236198, 51.919617532137288 ] } },
{ "type": "Feature", "properties": { "max_height": 0.020503997802734375, "mean_height": 0.0042887432500720024, "std_height": 0.0052982005290687084, "count_pixels": 41, "percent_cover": 0.037566428440535093, "percent_above_0.1m": 0.0, "low_level_<0.5": 0.0, "mid_level_0.5-2": 0.0, "tall_2+": 0.0 }, "geometry": { "type": "Point", "coordinates": [ 0.883193836823298, 51.919612601667424 ] } },
{ "type": "Feature", "properties": { "max_height": 0.0137481689453125, "mean_height": 0.0020262554753571749, "std_height": 0.0040155383758246899, "count_pixels": 41, "percent_cover": 0.037566428440535093, "percent_above_0.1m": 0.0, "low_level_<0.5": 0.0, "mid_level_0.5-2": 0.0, "tall_2+": 0.0 }, "geometry": { "type": "Point", "coordinates": [ 0.883395053353828, 51.919607670854063 ] } },
{ "type": "Feature", "properties": { "max_height": 0.02100372314453125, "mean_height": 0.0017344156512990594, "std_height": 0.0057559427805244923, "count_pixels": 42, "percent_cover": 0.038482682792743264, "percent_above_0.1m": 0.0, "low_level_<0.5": 0.0, "mid_level_0.5-2": 0.0, "tall_2+": 0.0 }, "geometry": { "type": "Point", "coordinates": [ 0.883596269827787, 51.919602739697226 ] } },
{ "type": "Feature", "properties": { "max_height": 0.016754150390625, "mean_height": 0.0034789151977747679, "std_height": 0.006041571032255888, "count_pixels": 43, "percent_cover": 0.039398937144951442, "percent_above_0.1m": 0.0, "low_level_<0.5": 0.0, "mid_level_0.5-2": 0.0, "tall_2+": 0.0 }, "geometry": { "type": "Point", "coordinates": [ 0.883797486245164, 51.919597808196933 ] } },
{ "type": "Feature", "properties": { "max_height": 0.8912506103515625, "mean_height": 0.1233915314078331, "std_height": 0.2175191193819046, "count_pixels": 43, "percent_cover": 0.039398937144951442, "percent_above_0.1m": 30.232558139534881, "low_level_<0.5": 23.255813953488371, "mid_level_0.5-2": 4.6511627906976747, "tall_2+": 0.0 }, "geometry": { "type": "Point", "coordinates": [ 0.883998702605961, 51.91959287635315 ] } },
{ "type": "Feature", "properties": { "max_height": 9.9720001220703125, "mean_height": 3.8078253269195557, "std_height": 2.4975104331970215, "count_pixels": 41, "percent_cover": 0.037566428440535093, "percent_above_0.1m": 85.365853658536579, "low_level_<0.5": 0.0, "mid_level_0.5-2": 7.3170731707317067, "tall_2+": 78.048780487804876 }, "geometry": { "type": "Point", "coordinates": [ 0.881289184095075, 51.919767183899104 ] } },
{ "type": "Feature", "properties": { "max_height": 10.493751525878906, "mean_height": 0.86966383457183838, "std_height": 2.2914314270019531, "count_pixels": 37, "percent_cover": 0.033901411031702404, "percent_above_0.1m": 29.72972972972973, "low_level_<0.5": 10.810810810810811, "mid_level_0.5-2": 8.1081081081081088, "tall_2+": 10.810810810810811 }, "geometry": { "type": "Point", "coordinates": [ 0.881490402351023, 51.919762255726702 ] } },
{ "type": "Feature", "properties": { "max_height": 0.22650146484375, "mean_height": 0.017379201948642731, "std_height": 0.051043123006820679, "count_pixels": 41, "percent_cover": 0.037566428440535093, "percent_above_0.1m": 7.3170731707317067, "low_level_<0.5": 4.8780487804878048, "mid_level_0.5-2": 0.0, "tall_2+": 0.0 }, "geometry": { "type": "Point", "coordinates": [ 0.881691620258552, 51.919757327430389 ] } },
{ "type": "Feature", "properties": { "max_height": 0.26324844360351562, "mean_height": 0.037416595965623856, "std_height": 0.0726899653673172, "count_pixels": 41, "percent_cover": 0.037566428440535093, "percent_above_0.1m": 14.634146341463413, "low_level_<0.5": 9.7560975609756095, "mid_level_0.5-2": 0.0, "tall_2+": 0.0 }, "geometry": { "type": "Point", "coordinates": [ 0.881892837735355, 51.919752399149488 ] } },
{ "type": "Feature", "properties": { "max_height": 0.01824951171875, "mean_height": 0.0016665575094521046, "std_height": 0.0049566109664738178, "count_pixels": 41, "percent_cover": 0.037566428440535093, "percent_above_0.1m": 0.0, "low_level_<0.5": 0.0, "mid_level_0.5-2": 0.0, "tall_2+": 0.0 }, "geometry": { "type": "Point", "coordinates": [ 0.88209405510156, 51.919747470547634 ] } },
{ "type": "Feature", "properties": { "max_height": 0.020751953125, "mean_height": 0.003292793408036232, "std_height": 0.0061209243722259998, "count_pixels": 43, "percent_cover": 0.039398937144951442, "percent_above_0.1m": 0.0, "low_level_<0.5": 0.0, "mid_level_0.5-2": 0.0, "tall_2+": 0.0 }, "geometry": { "type": "Point", "coordinates": [ 0.88229527241122, 51.919742541602297 ] } },
{ "type": "Feature", "properties": { "max_height": 0.014003753662109375, "mean_height": 0.0038044950924813747, "std_height": 0.005375271663069725, "count_pixels": 43, "percent_cover": 0.039398937144951442, "percent_above_0.1m": 0.0, "low_level_<0.5": 0.0, "mid_level_0.5-2": 0.0, "tall_2+": 0.0 }, "geometry": { "type": "Point", "coordinates": [ 0.882496489664324, 51.919737612313483 ] } },
{ "type": "Feature", "properties": { "max_height": 0.02300262451171875, "mean_height": 0.0041304300539195538, "std_height": 0.007303902879357338, "count_pixels": 43, "percent_cover": 0.039398937144951442, "percent_above_0.1m": 0.0, "low_level_<0.5": 0.0, "mid_level_0.5-2": 0.0, "tall_2+": 0.0 }, "geometry": { "type": "Point", "coordinates": [ 0.882697706860871, 51.919732682681193 ] } },
{ "type": "Feature", "properties": { "max_height": 0.0292510986328125, "mean_height": 0.0051751816645264626, "std_height": 0.0076120155863463879, "count_pixels": 42, "percent_cover": 0.038482682792743264, "percent_above_0.1m": 0.0, "low_level_<0.5": 0.0, "mid_level_0.5-2": 0.0, "tall_2+": 0.0 }, "geometry": { "type": "Point", "coordinates": [ 0.882898924000861, 51.919727752705434 ] } },
{ "type": "Feature", "properties": { "max_height": 0.0200042724609375, "mean_height": 0.00094400451052933931, "std_height": 0.0057630641385912895, "count_pixels": 43, "percent_cover": 0.039398937144951442, "percent_above_0.1m": 0.0, "low_level_<0.5": 0.0, "mid_level_0.5-2": 0.0, "tall_2+": 0.0 }, "geometry": { "type": "Point", "coordinates": [ 0.88310014108428, 51.919722822386184 ] } },
{ "type": "Feature", "properties": { "max_height": 0.019252777099609375, "mean_height": 0.0027984797488898039, "std_height": 0.004320287611335516, "count_pixels": 43, "percent_cover": 0.039398937144951442, "percent_above_0.1m": 0.0, "low_level_<0.5": 0.0, "mid_level_0.5-2": 0.0, "tall_2+": 0.0 }, "geometry": { "type": "Point", "coordinates": [ 0.883301358111136, 51.919717891723472 ] } },
{ "type": "Feature", "properties": { "max_height": 0.01599884033203125, "mean_height": 0.0017404102254658937, "std_height": 0.006611894816160202, "count_pixels": 42, "percent_cover": 0.038482682792743264, "percent_above_0.1m": 0.0, "low_level_<0.5": 0.0, "mid_level_0.5-2": 0.0, "tall_2+": 0.0 }, "geometry": { "type": "Point", "coordinates": [ 0.883502575081417, 51.91971296071727 ] } },
{ "type": "Feature", "properties": { "max_height": 0.90925216674804688, "mean_height": 0.072971716523170471, "std_height": 0.18850819766521454, "count_pixels": 41, "percent_cover": 0.037566428440535093, "percent_above_0.1m": 17.073170731707318, "low_level_<0.5": 7.3170731707317067, "mid_level_0.5-2": 7.3170731707317067, "tall_2+": 0.0 }, "geometry": { "type": "Point", "coordinates": [ 0.883703791995124, 51.919708029367598 ] } },
{ "type": "Feature", "properties": { "max_height": 0.94775390625, "mean_height": 0.084733918309211731, "std_height": 0.21243266761302948, "count_pixels": 41, "percent_cover": 0.037566428440535093, "percent_above_0.1m": 17.073170731707318, "low_level_<0.5": 7.3170731707317067, "mid_level_0.5-2": 7.3170731707317067, "tall_2+": 0.0 }, "geometry": { "type": "Point", "coordinates": [ 0.883905008852251, 51.919703097674429 ] } },
{ "type": "Feature", "properties": { "max_height": 10.828750610351562, "mean_height": 4.9416508674621582, "std_height": 3.1936097145080566, "count_pixels": 42, "percent_cover": 0.038482682792743264, "percent_above_0.1m": 85.714285714285708, "low_level_<0.5": 2.3809523809523809, "mid_level_0.5-2": 7.1428571428571423, "tall_2+": 76.19047619047619 }, "geometry": { "type": "Point", "coordinates": [ 0.881396701870614, 51.919872475438389 ] } },
{ "type": "Feature", "properties": { "max_height": 9.2010040283203125, "mean_height": 3.0651755332946777, "std_height": 3.2317924499511719, "count_pixels": 43, "percent_cover": 0.039398937144951442, "percent_above_0.1m": 60.465116279069761, "low_level_<0.5": 4.6511627906976747, "mid_level_0.5-2": 6.9767441860465116, "tall_2+": 48.837209302325576 }, "geometry": { "type": "Point", "coordinates": [ 0.881597920445637, 51.919867547133322 ] } },
{ "type": "Feature", "properties": { "max_height": 0.030750274658203125, "mean_height": 0.007396964356303215, "std_height": 0.0081436662003397942, "count_pixels": 43, "percent_cover": 0.039398937144951442, "percent_above_0.1m": 0.0, "low_level_<0.5": 0.0, "mid_level_0.5-2": 0.0, "tall_2+": 0.0 }, "geometry": { "type": "Point", "coordinates": [ 0.881799138578657, 51.919862618896921 ] } },
{ "type": "Feature", "properties": { "max_height": 0.0332489013671875, "mean_height": 0.011350853368639946, "std_height": 0.0095087643712759018, "count_pixels": 43, "percent_cover": 0.039398937144951442, "percent_above_0.1m": 0.0, "low_level_<0.5": 0.0, "mid_level_0.5-2": 0.0, "tall_2+": 0.0 }, "geometry": { "type": "Point", "coordinates": [ 0.882000356441178, 51.919857690445724 ] } },
{ "type": "Feature", "properties": { "max_height": 0.02050018310546875, "mean_height": 0.0060444343835115433, "std_height": 0.00679733045399189, "count_pixels": 41, "percent_cover": 0.037566428440535093, "percent_above_0.1m": 0.0, "low_level_<0.5": 0.0, "mid_level_0.5-2": 0.0, "tall_2+": 0.0 }, "geometry": { "type": "Point", "coordinates": [ 0.882201574247157, 51.919852761651001 ] } },
{ "type": "Feature", "properties": { "max_height": 0.029247283935546875, "mean_height": 0.0098924404010176659, "std_height": 0.0078743249177932739, "count_pixels": 41, "percent_cover": 0.037566428440535093, "percent_above_0.1m": 0.0, "low_level_<0.5": 0.0, "mid_level_0.5-2": 0.0, "tall_2+": 0.0 }, "geometry": { "type": "Point", "coordinates": [ 0.882402791996582, 51.919847832512829 ] } },
{ "type": "Feature", "properties": { "max_height": 0.03400421142578125, "mean_height": 0.0077154580503702164, "std_height": 0.0079999621957540512, "count_pixels": 41, "percent_cover": 0.037566428440535093, "percent_above_0.1m": 0.0, "low_level_<0.5": 0.0, "mid_level_0.5-2": 0.0, "tall_2+": 0.0 }, "geometry": { "type": "Point", "coordinates": [ 0.88260400968945, 51.919842903031174 ] } },
{ "type": "Feature", "properties": { "max_height": 0.024250030517578125, "mean_height": 0.0062861056067049503, "std_height": 0.0061748344451189041, "count_pixels": 37, "percent_cover": 0.033901411031702404, "percent_above_0.1m": 0.0, "low_level_<0.5": 0.0, "mid_level_0.5-2": 0.0, "tall_2+": 0.0 }, "geometry": { "type": "Point", "coordinates": [ 0.88280522732576, 51.91983797320605 ] } },
{ "type": "Feature", "properties": { "max_height": 0.027256011962890625, "mean_height": 0.0065390425734221935, "std_height": 0.0076112756505608559, "count_pixels": 41, "percent_cover": 0.037566428440535093, "percent_above_0.1m": 0.0, "low_level_<0.5": 0.0, "mid_level_0.5-2": 0.0, "tall_2+": 0.0 }, "geometry": { "type": "Point", "coordinates": [ 0.88300644490551, 51.919833043037436 ] } },
{ "type": "Feature", "properties": { "max_height": 0.016750335693359375, "mean_height": 0.0043135853484272957, "std_height": 0.0060463408008217812, "count_pixels": 41, "percent_cover": 0.037566428440535093, "percent_above_0.1m": 0.0, "low_level_<0.5": 0.0, "mid_level_0.5-2": 0.0, "tall_2+": 0.0 }, "geometry": { "type": "Point", "coordinates": [ 0.883207662428688, 51.919828112525337 ] } },
{ "type": "Feature", "properties": { "max_height": 0.6202545166015625, "mean_height": 0.068050943315029144, "std_height": 0.15182054042816162, "count_pixels": 41, "percent_cover": 0.037566428440535093, "percent_above_0.1m": 17.073170731707318, "low_level_<0.5": 12.195121951219512, "mid_level_0.5-2": 4.8780487804878048, "tall_2+": 0.0 }, "geometry": { "type": "Point", "coordinates": [ 0.883408879895299, 51.919823181669763 ] } },
{ "type": "Feature", "properties": { "max_height": 0.9217529296875, "mean_height": 0.10036541521549225, "std_height": 0.22163788974285126, "count_pixels": 42, "percent_cover": 0.038482682792743264, "percent_above_0.1m": 19.047619047619047, "low_level_<0.5": 9.5238095238095237, "mid_level_0.5-2": 9.5238095238095237, "tall_2+": 0.0 }, "geometry": { "type": "Point", "coordinates": [ 0.883610097305332, 51.919818250470712 ] } },
{ "type": "Feature", "properties": { "max_height": 8.6925048828125, "mean_height": 3.8380146026611328, "std_height": 2.4340224266052246, "count_pixels": 41, "percent_cover": 0.037566428440535093, "percent_above_0.1m": 87.804878048780495, "low_level_<0.5": 2.4390243902439024, "mid_level_0.5-2": 12.195121951219512, "tall_2+": 73.170731707317074 }, "geometry": { "type": "Point", "coordinates": [ 0.881705438950891, 51.919972838589295 ] } },
{ "type": "Feature", "properties": { "max_height": 1.104248046875, "mean_height": 0.10752012580633163, "std_height": 0.22387313842773438, "count_pixels": 41, "percent_cover": 0.037566428440535093, "percent_above_0.1m": 26.829268292682929, "low_level_<0.5": 17.073170731707318, "mid_level_0.5-2": 4.8780487804878048, "tall_2+": 0.0 }, "geometry": { "type": "Point", "coordinates": [ 0.881906657341024, 51.919967910276235 ] } },
{ "type": "Feature", "properties": { "max_height": 0.4732513427734375, "mean_height": 0.044130001217126846, "std_height": 0.1132243275642395, "count_pixels": 41, "percent_cover": 0.037566428440535093, "percent_above_0.1m": 12.195121951219512, "low_level_<0.5": 12.195121951219512, "mid_level_0.5-2": 0.0, "tall_2+": 0.0 }, "geometry": { "type": "Point", "coordinates": [ 0.882107875643323, 51.919962981632167 ] } },
{ "type": "Feature", "properties": { "max_height": 0.032253265380859375, "mean_height": 0.0039378320798277855, "std_height": 0.0097154239192605019, "count_pixels": 43, "percent_cover": 0.039398937144951442, "percent_above_0.1m": 0.0, "low_level_<0.5": 0.0, "mid_level_0.5-2": 0.0, "tall_2+": 0.0 }, "geometry": { "type": "Point", "coordinates": [ 0.882309093889072, 51.919958052644645 ] } },
{ "type": "Feature", "properties": { "max_height": 0.0175018310546875, "mean_height": 0.0046420427970588207, "std_height": 0.0057805292308330536, "count_pixels": 43, "percent_cover": 0.039398937144951442, "percent_above_0.1m": 0.0, "low_level_<0.5": 0.0, "mid_level_0.5-2": 0.0, "tall_2+": 0.0 }, "geometry": { "type": "Point", "coordinates": [ 0.882510312078263, 51.919953123313618 ] } },
{ "type": "Feature", "properties": { "max_height": 0.02300262451171875, "mean_height": 0.0031764009036123753, "std_height": 0.0064576021395623684, "count_pixels": 43, "percent_cover": 0.039398937144951442, "percent_above_0.1m": 0.0, "low_level_<0.5": 0.0, "mid_level_0.5-2": 0.0, "tall_2+": 0.0 }, "geometry": { "type": "Point", "coordinates": [ 0.8827115302109, 51.919948193639108 ] } },
{ "type": "Feature", "properties": { "max_height": 0.026500701904296875, "mean_height": 0.0048537482507526875, "std_height": 0.006984291598200798, "count_pixels": 42, "percent_cover": 0.038482682792743264, "percent_above_0.1m": 0.0, "low_level_<0.5": 0.0, "mid_level_0.5-2": 0.0, "tall_2+": 0.0 }, "geometry": { "type": "Point", "coordinates": [ 0.882912748286976, 51.919943263621136 ] } },
{ "type": "Feature", "properties": { "max_height": 0.8912506103515625, "mean_height": 0.086903326213359833, "std_height": 0.2285696417093277, "count_pixels": 43, "percent_cover": 0.039398937144951442, "percent_above_0.1m": 13.953488372093023, "low_level_<0.5": 6.9767441860465116, "mid_level_0.5-2": 6.9767441860465116, "tall_2+": 0.0 }, "geometry": { "type": "Point", "coordinates": [ 0.883113966306483, 51.919938333259665 ] } },
{ "type": "Feature", "properties": { "max_height": 0.6477508544921875, "mean_height": 0.089356973767280579, "std_height": 0.187816321849823, "count_pixels": 43, "percent_cover": 0.039398937144951442, "percent_above_0.1m": 18.604651162790699, "low_level_<0.5": 11.627906976744185, "mid_level_0.5-2": 6.9767441860465116, "tall_2+": 0.0 }, "geometry": { "type": "Point", "coordinates": [ 0.883315184269424, 51.919933402554747 ] } },
{ "type": "Feature", "properties": { "max_height": 0.52099990844726562, "mean_height": 0.062465574592351913, "std_height": 0.11783458292484283, "count_pixels": 41, "percent_cover": 0.037566428440535093, "percent_above_0.1m": 19.512195121951219, "low_level_<0.5": 14.634146341463413, "mid_level_0.5-2": 2.4390243902439024, "tall_2+": 0.0 }, "geometry": { "type": "Point", "coordinates": [ 0.882215395341784, 51.920068272708882 ] } },
{ "type": "Feature", "properties": { "max_height": 0.014255523681640625, "mean_height": 0.0015878444537520409, "std_height": 0.0050873649306595325, "count_pixels": 41, "percent_cover": 0.037566428440535093, "percent_above_0.1m": 0.0, "low_level_<0.5": 0.0, "mid_level_0.5-2": 0.0, "tall_2+": 0.0 }, "geometry": { "type": "Point", "coordinates": [ 0.882416614027312, 51.920063343528511 ] } },
{ "type": "Feature", "properties": { "max_height": 0.13375091552734375, "mean_height": 0.0099475206807255745, "std_height": 0.022304544225335121, "count_pixels": 41, "percent_cover": 0.037566428440535093, "percent_above_0.1m": 2.4390243902439024, "low_level_<0.5": 0.0, "mid_level_0.5-2": 0.0, "tall_2+": 0.0 }, "geometry": { "type": "Point", "coordinates": [ 0.882617832656272, 51.920058414004629 ] } },
{ "type": "Feature", "properties": { "max_height": 0.52425003051757812, "mean_height": 0.037130612879991531, "std_height": 0.12055084109306335, "count_pixels": 37, "percent_cover": 0.033901411031702404, "percent_above_0.1m": 8.1081081081081088, "low_level_<0.5": 5.4054054054054053, "mid_level_0.5-2": 2.7027027027027026, "tall_2+": 0.0 }, "geometry": { "type": "Point", "coordinates": [ 0.882819051228677, 51.920053484137291 ] } },
{ "type": "Feature", "properties": { "max_height": 1.1840057373046875, "mean_height": 0.11205105483531952, "std_height": 0.25715163350105286, "count_pixels": 41, "percent_cover": 0.037566428440535093, "percent_above_0.1m": 21.951219512195124, "low_level_<0.5": 4.8780487804878048, "mid_level_0.5-2": 9.7560975609756095, "tall_2+": 0.0 }, "geometry": { "type": "Point", "coordinates": [ 0.883020269744518, 51.92004855392647 ] } },
{ "type": "Feature", "properties": { "max_height": 3.0400009155273438, "mean_height": 0.64667606353759766, "std_height": 0.97935342788696289, "count_pixels": 43, "percent_cover": 0.039398937144951442, "percent_above_0.1m": 44.186046511627907, "low_level_<0.5": 11.627906976744185, "mid_level_0.5-2": 11.627906976744185, "tall_2+": 18.604651162790699 }, "geometry": { "type": "Point", "coordinates": [ 0.882322915536578, 51.920173563675867 ] } },
{ "type": "Feature", "properties": { "max_height": 0.9947509765625, "mean_height": 0.10368826240301132, "std_height": 0.24689027667045593, "count_pixels": 43, "percent_cover": 0.039398937144951442, "percent_above_0.1m": 16.279069767441861, "low_level_<0.5": 9.3023255813953494, "mid_level_0.5-2": 6.9767441860465116, "tall_2+": 0.0 }, "geometry": { "type": "Point", "coordinates": [ 0.882524134661873, 51.920168634302627 ] } },
{ "type": "Feature", "properties": { "max_height": 0.72425460815429688, "mean_height": 0.069037504494190216, "std_height": 0.17365632951259613, "count_pixels": 43, "percent_cover": 0.039398937144951442, "percent_above_0.1m": 13.953488372093023, "low_level_<0.5": 4.6511627906976747, "mid_level_0.5-2": 6.9767441860465116, "tall_2+": 0.0 }, "geometry": { "type": "Point", "coordinates": [ 0.88272535373061, 51.920163704585917 ] } },
{ "type": "Feature", "properties": { "max_height": 0.71825027465820312, "mean_height": 0.099172636866569519, "std_height": 0.19146937131881714, "count_pixels": 41, "percent_cover": 0.037566428440535093, "percent_above_0.1m": 24.390243902439025, "low_level_<0.5": 12.195121951219512, "mid_level_0.5-2": 7.3170731707317067, "tall_2+": 0.0 }, "geometry": { "type": "Point", "coordinates": [ 0.882631655792769, 51.920273924966999 ] } }
]
}
