{
"type": "FeatureCollection",
"name": "c52d7983e78f_visibility",
"crs": { "type": "name", "properties": { "name": "urn:ogc:def:crs:OGC:1.3:CRS84" } },
"features": [
{ "type": "Feature", "properties": { "visible_points": 0, "total_points": 46, "visibility_pct": 0.0 }, "geometry": { "type": "Point", "coordinates": [ 0.123773135997258, 52.191737650627879 ] } },
{ "type": "Feature", "properties": { "visible_points": 8, "total_points": 42, "visibility_pct": 19.047619047619047 }, "geometry": { "type": "Point", "coordinates": [ 0.123975695817017, 52.191734004821022 ] } },
{ "type": "Feature", "properties": { "visible_points": 0, "total_points": 54, "visibility_pct": 0.0 }, "geometry": { "type": "Point", "coordinates": [ 0.123676995920014, 52.191847285290542 ] } },
{ "type": "Feature", "properties": { "visible_points": 0, "total_points": 50, "visibility_pct": 0.0 }, "geometry": { "type": "Point", "coordinates": [ 0.123879556253592, 52.191843639645541 ] } },
{ "type": "Feature", "properties": { "visible_points": 0, "total_points": 64, "visibility_pct": 0.0 }, "geometry": { "type": "Point", "coordinates": [ 0.12358085537233, 52.191956919876063 ] } },
{ "type": "Feature", "properties": { "visible_points": 0, "total_points": 59, "visibility_pct": 0.0 }, "geometry": { "type": "Point", "coordinates": [ 0.123783416219727, 52.191953274392908 ] } },
{ "type": "Feature", "properties": { "visible_points": 0, "total_points": 77, "visibility_pct": 0.0 }, "geometry": { "type": "Point", "coordinates": [ 0.12328215295732, 52.192070199430191 ] } },
{ "type": "Feature", "properties": { "visible_points": 0, "total_points": 74, "visibility_pct": 0.0 }, "geometry": { "type": "Point", "coordinates": [ 0.123484714360959, 52.192066554447862 ] } },
{ "type": "Feature", "properties": { "visible_points": 11, "total_points": 69, "visibility_pct": 15.942028985507244 }, "geometry": { "type": "Point", "coordinates": [ 0.123687275721205, 52.192062909117531 ] } },
{ "type": "Feature", "properties": { "visible_points": 15, "total_points": 63, "visibility_pct": 23.809523809523807 }, "geometry": { "type": "Point", "coordinates": [ 0.123889837038054, 52.192059263439212 ] } },
{ "type": "Feature", "properties": { "visible_points": 0, "total_points": 80, "visibility_pct": 0.0 }, "geometry": { "type": "Point", "coordinates": [ 0.122983449208928, 52.192183478734712 ] } },
{ "type": "Feature", "properties": { "visible_points": 0, "total_points": 84, "visibility_pct": 0.0 }, "geometry": { "type": "Point", "coordinates": [ 0.123186011161815, 52.192179834255136 ] } },
{ "type": "Feature", "properties": { "visible_points": 14, "total_points": 83, "visibility_pct": 16.867469879518072 }, "geometry": { "type": "Point", "coordinates": [ 0.123388573071162, 52.19217618942713 ] } },
{ "type": "Feature", "properties": { "visible_points": 13, "total_points": 79, "visibility_pct": 16.455696202531644 }, "geometry": { "type": "Point", "coordinates": [ 0.123591134936958, 52.192172544250738 ] } },
{ "type": "Feature", "properties": { "visible_points": 13, "total_points": 72, "visibility_pct": 18.055555555555554 }, "geometry": { "type": "Point", "coordinates": [ 0.123793696759205, 52.192168898725903 ] } },
{ "type": "Feature", "properties": { "visible_points": 0, "total_points": 83, "visibility_pct": 0.0 }, "geometry": { "type": "Point", "coordinates": [ 0.122887306571277, 52.192293113757898 ] } },
{ "type": "Feature", "properties": { "visible_points": 11, "total_points": 90, "visibility_pct": 12.222222222222221 }, "geometry": { "type": "Point", "coordinates": [ 0.123089869040044, 52.192289469445051 ] } },
{ "type": "Feature", "properties": { "visible_points": 21, "total_points": 90, "visibility_pct": 23.333333333333332 }, "geometry": { "type": "Point", "coordinates": [ 0.123292431465246, 52.192285824783525 ] } },
{ "type": "Feature", "properties": { "visible_points": 19, "total_points": 86, "visibility_pct": 22.093023255813954 }, "geometry": { "type": "Point", "coordinates": [ 0.123494993846884, 52.192282179773315 ] } },
{ "type": "Feature", "properties": { "visible_points": 0, "total_points": 80, "visibility_pct": 0.0 }, "geometry": { "type": "Point", "coordinates": [ 0.123697556184952, 52.192278534414406 ] } },
{ "type": "Feature", "properties": { "visible_points": 0, "total_points": 87, "visibility_pct": 0.0 }, "geometry": { "type": "Point", "coordinates": [ 0.122791163461117, 52.192402748698164 ] } },
{ "type": "Feature", "properties": { "visible_points": 26, "total_points": 94, "visibility_pct": 27.659574468085108 }, "geometry": { "type": "Point", "coordinates": [ 0.122993726446799, 52.192399104561666 ] } },
{ "type": "Feature", "properties": { "visible_points": 26, "total_points": 95, "visibility_pct": 27.368421052631582 }, "geometry": { "type": "Point", "coordinates": [ 0.123196289388912, 52.192395460076526 ] } },
{ "type": "Feature", "properties": { "visible_points": 21, "total_points": 91, "visibility_pct": 23.076923076923077 }, "geometry": { "type": "Point", "coordinates": [ 0.123398852287464, 52.192391815242665 ] } },
{ "type": "Feature", "properties": { "visible_points": 0, "total_points": 85, "visibility_pct": 0.0 }, "geometry": { "type": "Point", "coordinates": [ 0.123601415142446, 52.192388170060127 ] } },
{ "type": "Feature", "properties": { "visible_points": 11, "total_points": 77, "visibility_pct": 14.285714285714285 }, "geometry": { "type": "Point", "coordinates": [ 0.123803977953851, 52.192384524528904 ] } },
{ "type": "Feature", "properties": { "visible_points": 0, "total_points": 83, "visibility_pct": 0.0 }, "geometry": { "type": "Point", "coordinates": [ 0.122492456331473, 52.192516027159144 ] } },
{ "type": "Feature", "properties": { "visible_points": 26, "total_points": 91, "visibility_pct": 28.571428571428569 }, "geometry": { "type": "Point", "coordinates": [ 0.122695019877618, 52.192512383547722 ] } },
{ "type": "Feature", "properties": { "visible_points": 28, "total_points": 99, "visibility_pct": 28.28282828282828 }, "geometry": { "type": "Point", "coordinates": [ 0.122897583380208, 52.192508739587609 ] } },
{ "type": "Feature", "properties": { "visible_points": 31, "total_points": 99, "visibility_pct": 31.313131313131315 }, "geometry": { "type": "Point", "coordinates": [ 0.123100146839238, 52.192505095278797 ] } },
{ "type": "Feature", "properties": { "visible_points": 24, "total_points": 96, "visibility_pct": 25.0 }, "geometry": { "type": "Point", "coordinates": [ 0.123302710254705, 52.1925014506213 ] } },
{ "type": "Feature", "properties": { "visible_points": 4, "total_points": 90, "visibility_pct": 4.4444444444444446 }, "geometry": { "type": "Point", "coordinates": [ 0.1235052736266, 52.192497805615126 ] } },
{ "type": "Feature", "properties": { "visible_points": 4, "total_points": 81, "visibility_pct": 4.9382716049382713 }, "geometry": { "type": "Point", "coordinates": [ 0.12370783695493, 52.192494160260281 ] } },
{ "type": "Feature", "properties": { "visible_points": 0, "total_points": 79, "visibility_pct": 0.0 }, "geometry": { "type": "Point", "coordinates": [ 0.122193747651099, 52.192629304827982 ] } },
{ "type": "Feature", "properties": { "visible_points": 0, "total_points": 87, "visibility_pct": 0.0 }, "geometry": { "type": "Point", "coordinates": [ 0.122396311757706, 52.192625661741616 ] } },
{ "type": "Feature", "properties": { "visible_points": 32, "total_points": 95, "visibility_pct": 33.684210526315788 }, "geometry": { "type": "Point", "coordinates": [ 0.122598875820764, 52.192622018306565 ] } },
{ "type": "Feature", "properties": { "visible_points": 30, "total_points": 103, "visibility_pct": 29.126213592233007 }, "geometry": { "type": "Point", "coordinates": [ 0.122801439840273, 52.19261837452283 ] } },
{ "type": "Feature", "properties": { "visible_points": 28, "total_points": 103, "visibility_pct": 27.184466019417474 }, "geometry": { "type": "Point", "coordinates": [ 0.123004003816219, 52.192614730390382 ] } },
{ "type": "Feature", "properties": { "visible_points": 24, "total_points": 100, "visibility_pct": 24.0 }, "geometry": { "type": "Point", "coordinates": [ 0.123206567748603, 52.192611085909249 ] } },
{ "type": "Feature", "properties": { "visible_points": 21, "total_points": 94, "visibility_pct": 22.340425531914892 }, "geometry": { "type": "Point", "coordinates": [ 0.123409131637423, 52.192607441079446 ] } },
{ "type": "Feature", "properties": { "visible_points": 23, "total_points": 83, "visibility_pct": 27.710843373493976 }, "geometry": { "type": "Point", "coordinates": [ 0.123611695482671, 52.192603795900943 ] } },
{ "type": "Feature", "properties": { "visible_points": 0, "total_points": 83, "visibility_pct": 0.0 }, "geometry": { "type": "Point", "coordinates": [ 0.122097602087064, 52.192738939143389 ] } },
{ "type": "Feature", "properties": { "visible_points": 18, "total_points": 91, "visibility_pct": 19.780219780219781 }, "geometry": { "type": "Point", "coordinates": [ 0.122300166710585, 52.192735296233373 ] } },
{ "type": "Feature", "properties": { "visible_points": 30, "total_points": 99, "visibility_pct": 30.303030303030305 }, "geometry": { "type": "Point", "coordinates": [ 0.122502731290564, 52.1927316529747 ] } },
{ "type": "Feature", "properties": { "visible_points": 31, "total_points": 106, "visibility_pct": 29.245283018867923 }, "geometry": { "type": "Point", "coordinates": [ 0.122705295826984, 52.192728009367322 ] } },
{ "type": "Feature", "properties": { "visible_points": 29, "total_points": 107, "visibility_pct": 27.102803738317753 }, "geometry": { "type": "Point", "coordinates": [ 0.122907860319852, 52.192724365411252 ] } },
{ "type": "Feature", "properties": { "visible_points": 24, "total_points": 103, "visibility_pct": 23.300970873786408 }, "geometry": { "type": "Point", "coordinates": [ 0.123110424769157, 52.19272072110649 ] } },
{ "type": "Feature", "properties": { "visible_points": 14, "total_points": 96, "visibility_pct": 14.583333333333334 }, "geometry": { "type": "Point", "coordinates": [ 0.123312989174898, 52.192717076453043 ] } },
{ "type": "Feature", "properties": { "visible_points": 18, "total_points": 85, "visibility_pct": 21.176470588235293 }, "geometry": { "type": "Point", "coordinates": [ 0.123515553537066, 52.192713431450905 ] } },
{ "type": "Feature", "properties": { "visible_points": 0, "total_points": 86, "visibility_pct": 0.0 }, "geometry": { "type": "Point", "coordinates": [ 0.122001456049665, 52.192848573368046 ] } },
{ "type": "Feature", "properties": { "visible_points": 30, "total_points": 95, "visibility_pct": 31.578947368421051 }, "geometry": { "type": "Point", "coordinates": [ 0.122204021190103, 52.192844930634436 ] } },
{ "type": "Feature", "properties": { "visible_points": 32, "total_points": 103, "visibility_pct": 31.067961165048541 }, "geometry": { "type": "Point", "coordinates": [ 0.122406586286999, 52.192841287552113 ] } },
{ "type": "Feature", "properties": { "visible_points": 32, "total_points": 109, "visibility_pct": 29.357798165137616 }, "geometry": { "type": "Point", "coordinates": [ 0.122609151340341, 52.192837644121113 ] } },
{ "type": "Feature", "properties": { "visible_points": 31, "total_points": 110, "visibility_pct": 28.18181818181818 }, "geometry": { "type": "Point", "coordinates": [ 0.12281171635013, 52.192834000341414 ] } },
{ "type": "Feature", "properties": { "visible_points": 27, "total_points": 107, "visibility_pct": 25.233644859813083 }, "geometry": { "type": "Point", "coordinates": [ 0.123014281316362, 52.192830356213008 ] } },
{ "type": "Feature", "properties": { "visible_points": 16, "total_points": 98, "visibility_pct": 16.326530612244898 }, "geometry": { "type": "Point", "coordinates": [ 0.123216846239022, 52.19282671173594 ] } },
{ "type": "Feature", "properties": { "visible_points": 0, "total_points": 87, "visibility_pct": 0.0 }, "geometry": { "type": "Point", "coordinates": [ 0.123419411118123, 52.192823066910158 ] } },
{ "type": "Feature", "properties": { "visible_points": 0, "total_points": 82, "visibility_pct": 0.0 }, "geometry": { "type": "Point", "coordinates": [ 0.121702743837999, 52.192961849710571 ] } },
{ "type": "Feature", "properties": { "visible_points": 2, "total_points": 90, "visibility_pct": 2.2222222222222223 }, "geometry": { "type": "Point", "coordinates": [ 0.121905309538901, 52.192958207502016 ] } },
{ "type": "Feature", "properties": { "visible_points": 25, "total_points": 98, "visibility_pct": 25.510204081632654 }, "geometry": { "type": "Point", "coordinates": [ 0.122107875196258, 52.192954564944756 ] } },
{ "type": "Feature", "properties": { "visible_points": 29, "total_points": 106, "visibility_pct": 27.358490566037734 }, "geometry": { "type": "Point", "coordinates": [ 0.122310440810074, 52.192950922038825 ] } },
{ "type": "Feature", "properties": { "visible_points": 35, "total_points": 112, "visibility_pct": 31.25 }, "geometry": { "type": "Point", "coordinates": [ 0.122513006380339, 52.192947278784196 ] } },
{ "type": "Feature", "properties": { "visible_points": 31, "total_points": 113, "visibility_pct": 27.43362831858407 }, "geometry": { "type": "Point", "coordinates": [ 0.12271557190705, 52.19294363518086 ] } },
{ "type": "Feature", "properties": { "visible_points": 28, "total_points": 109, "visibility_pct": 25.688073394495415 }, "geometry": { "type": "Point", "coordinates": [ 0.122918137390204, 52.192939991228833 ] } },
{ "type": "Feature", "properties": { "visible_points": 27, "total_points": 100, "visibility_pct": 27.0 }, "geometry": { "type": "Point", "coordinates": [ 0.123120702829801, 52.192936346928114 ] } },
{ "type": "Feature", "properties": { "visible_points": 17, "total_points": 89, "visibility_pct": 19.101123595505616 }, "geometry": { "type": "Point", "coordinates": [ 0.123323268225827, 52.192932702278711 ] } },
{ "type": "Feature", "properties": { "visible_points": 0, "total_points": 85, "visibility_pct": 0.0 }, "geometry": { "type": "Point", "coordinates": [ 0.121606596336946, 52.193071483577441 ] } },
{ "type": "Feature", "properties": { "visible_points": 0, "total_points": 94, "visibility_pct": 0.0 }, "geometry": { "type": "Point", "coordinates": [ 0.121809162554766, 52.19306784154525 ] } },
{ "type": "Feature", "properties": { "visible_points": 25, "total_points": 102, "visibility_pct": 24.509803921568626 }, "geometry": { "type": "Point", "coordinates": [ 0.122011728729044, 52.19306419916439 ] } },
{ "type": "Feature", "properties": { "visible_points": 28, "total_points": 109, "visibility_pct": 25.688073394495415 }, "geometry": { "type": "Point", "coordinates": [ 0.122214294859784, 52.193060556434808 ] } },
{ "type": "Feature", "properties": { "visible_points": 25, "total_points": 115, "visibility_pct": 21.739130434782609 }, "geometry": { "type": "Point", "coordinates": [ 0.12241686094697, 52.193056913356557 ] } },
{ "type": "Feature", "properties": { "visible_points": 29, "total_points": 116, "visibility_pct": 25.0 }, "geometry": { "type": "Point", "coordinates": [ 0.122619426990613, 52.193053269929599 ] } },
{ "type": "Feature", "properties": { "visible_points": 20, "total_points": 110, "visibility_pct": 18.181818181818183 }, "geometry": { "type": "Point", "coordinates": [ 0.122821992990695, 52.19304962615395 ] } },
{ "type": "Feature", "properties": { "visible_points": 30, "total_points": 101, "visibility_pct": 29.702970297029701 }, "geometry": { "type": "Point", "coordinates": [ 0.123024558947217, 52.193045982029581 ] } },
{ "type": "Feature", "properties": { "visible_points": 12, "total_points": 91, "visibility_pct": 13.186813186813188 }, "geometry": { "type": "Point", "coordinates": [ 0.123227124860177, 52.193042337556541 ] } },
{ "type": "Feature", "properties": { "visible_points": 23, "total_points": 79, "visibility_pct": 29.11392405063291 }, "geometry": { "type": "Point", "coordinates": [ 0.123429690729569, 52.19303869273481 ] } },
{ "type": "Feature", "properties": { "visible_points": 0, "total_points": 81, "visibility_pct": 0.0 }, "geometry": { "type": "Point", "coordinates": [ 0.121307881584242, 52.193184758860689 ] } },
{ "type": "Feature", "properties": { "visible_points": 0, "total_points": 89, "visibility_pct": 0.0 }, "geometry": { "type": "Point", "coordinates": [ 0.121510448362513, 52.193181117353589 ] } },
{ "type": "Feature", "properties": { "visible_points": 18, "total_points": 97, "visibility_pct": 18.556701030927837 }, "geometry": { "type": "Point", "coordinates": [ 0.121713015097254, 52.193177475497784 ] } },
{ "type": "Feature", "properties": { "visible_points": 3, "total_points": 105, "visibility_pct": 2.8571428571428572 }, "geometry": { "type": "Point", "coordinates": [ 0.121915581788457, 52.193173833293287 ] } },
{ "type": "Feature", "properties": { "visible_points": 26, "total_points": 111, "visibility_pct": 23.423423423423422 }, "geometry": { "type": "Point", "coordinates": [ 0.122118148436125, 52.193170190740105 ] } },
{ "type": "Feature", "properties": { "visible_points": 32, "total_points": 117, "visibility_pct": 27.350427350427353 }, "geometry": { "type": "Point", "coordinates": [ 0.122320715040235, 52.19316654783821 ] } },
{ "type": "Feature", "properties": { "visible_points": 32, "total_points": 118, "visibility_pct": 27.118644067796609 }, "geometry": { "type": "Point", "coordinates": [ 0.122523281600807, 52.193162904587624 ] } },
{ "type": "Feature", "properties": { "visible_points": 29, "total_points": 111, "visibility_pct": 26.126126126126124 }, "geometry": { "type": "Point", "coordinates": [ 0.122725848117819, 52.193159260988345 ] } },
{ "type": "Feature", "properties": { "visible_points": 18, "total_points": 102, "visibility_pct": 17.647058823529413 }, "geometry": { "type": "Point", "coordinates": [ 0.122928414591277, 52.193155617040354 ] } },
{ "type": "Feature", "properties": { "visible_points": 27, "total_points": 92, "visibility_pct": 29.347826086956523 }, "geometry": { "type": "Point", "coordinates": [ 0.123130981021171, 52.193151972743678 ] } },
{ "type": "Feature", "properties": { "visible_points": 29, "total_points": 81, "visibility_pct": 35.802469135802468 }, "geometry": { "type": "Point", "coordinates": [ 0.123333547407497, 52.19314832809831 ] } },
{ "type": "Feature", "properties": { "visible_points": 0, "total_points": 83, "visibility_pct": 0.0 }, "geometry": { "type": "Point", "coordinates": [ 0.121211732619503, 52.193294392369737 ] } },
{ "type": "Feature", "properties": { "visible_points": 11, "total_points": 91, "visibility_pct": 12.087912087912088 }, "geometry": { "type": "Point", "coordinates": [ 0.121414299914698, 52.193290751039022 ] } },
{ "type": "Feature", "properties": { "visible_points": 23, "total_points": 99, "visibility_pct": 23.232323232323232 }, "geometry": { "type": "Point", "coordinates": [ 0.121616867166365, 52.193287109359602 ] } },
{ "type": "Feature", "properties": { "visible_points": 25, "total_points": 106, "visibility_pct": 23.584905660377359 }, "geometry": { "type": "Point", "coordinates": [ 0.121819434374495, 52.193283467331476 ] } },
{ "type": "Feature", "properties": { "visible_points": 26, "total_points": 113, "visibility_pct": 23.008849557522122 }, "geometry": { "type": "Point", "coordinates": [ 0.122022001539086, 52.193279824954658 ] } },
{ "type": "Feature", "properties": { "visible_points": 27, "total_points": 119, "visibility_pct": 22.689075630252102 }, "geometry": { "type": "Point", "coordinates": [ 0.122224568660133, 52.193276182229162 ] } },
{ "type": "Feature", "properties": { "visible_points": 30, "total_points": 119, "visibility_pct": 25.210084033613445 }, "geometry": { "type": "Point", "coordinates": [ 0.122427135737634, 52.193272539154933 ] } },
{ "type": "Feature", "properties": { "visible_points": 29, "total_points": 112, "visibility_pct": 25.892857142857146 }, "geometry": { "type": "Point", "coordinates": [ 0.122629702771578, 52.193268895732039 ] } },
{ "type": "Feature", "properties": { "visible_points": 32, "total_points": 103, "visibility_pct": 31.067961165048541 }, "geometry": { "type": "Point", "coordinates": [ 0.12283226976197, 52.193265251960419 ] } },
{ "type": "Feature", "properties": { "visible_points": 27, "total_points": 93, "visibility_pct": 29.032258064516132 }, "geometry": { "type": "Point", "coordinates": [ 0.1230348367088, 52.193261607840114 ] } },
{ "type": "Feature", "properties": { "visible_points": 28, "total_points": 82, "visibility_pct": 34.146341463414636 }, "geometry": { "type": "Point", "coordinates": [ 0.123237403612066, 52.193257963371117 ] } },
{ "type": "Feature", "properties": { "visible_points": 0, "total_points": 85, "visibility_pct": 0.0 }, "geometry": { "type": "Point", "coordinates": [ 0.121115583181375, 52.193404025788055 ] } },
{ "type": "Feature", "properties": { "visible_points": 14, "total_points": 91, "visibility_pct": 15.384615384615385 }, "geometry": { "type": "Point", "coordinates": [ 0.1213181509935, 52.193400384633726 ] } },
{ "type": "Feature", "properties": { "visible_points": 19, "total_points": 97, "visibility_pct": 19.587628865979383 }, "geometry": { "type": "Point", "coordinates": [ 0.121520718762092, 52.193396743130691 ] } },
{ "type": "Feature", "properties": { "visible_points": 19, "total_points": 103, "visibility_pct": 18.446601941747574 }, "geometry": { "type": "Point", "coordinates": [ 0.121723286487153, 52.193393101278943 ] } },
{ "type": "Feature", "properties": { "visible_points": 6, "total_points": 110, "visibility_pct": 5.4545454545454541 }, "geometry": { "type": "Point", "coordinates": [ 0.121925854168669, 52.193389459078517 ] } },
{ "type": "Feature", "properties": { "visible_points": 22, "total_points": 115, "visibility_pct": 19.130434782608695 }, "geometry": { "type": "Point", "coordinates": [ 0.122128421806654, 52.193385816529364 ] } },
{ "type": "Feature", "properties": { "visible_points": 26, "total_points": 117, "visibility_pct": 22.222222222222221 }, "geometry": { "type": "Point", "coordinates": [ 0.122330989401083, 52.193382173631534 ] } },
{ "type": "Feature", "properties": { "visible_points": 30, "total_points": 112, "visibility_pct": 26.785714285714285 }, "geometry": { "type": "Point", "coordinates": [ 0.122533556951967, 52.193378530385004 ] } },
{ "type": "Feature", "properties": { "visible_points": 25, "total_points": 104, "visibility_pct": 24.03846153846154 }, "geometry": { "type": "Point", "coordinates": [ 0.122736124459294, 52.193374886789755 ] } },
{ "type": "Feature", "properties": { "visible_points": 26, "total_points": 94, "visibility_pct": 27.659574468085108 }, "geometry": { "type": "Point", "coordinates": [ 0.122938691923063, 52.193371242845842 ] } },
{ "type": "Feature", "properties": { "visible_points": 25, "total_points": 83, "visibility_pct": 30.120481927710845 }, "geometry": { "type": "Point", "coordinates": [ 0.12314125934327, 52.193367598553202 ] } },
{ "type": "Feature", "properties": { "visible_points": 0, "total_points": 79, "visibility_pct": 0.0 }, "geometry": { "type": "Point", "coordinates": [ 0.120816864897286, 52.193517299744926 ] } },
{ "type": "Feature", "properties": { "visible_points": 0, "total_points": 84, "visibility_pct": 0.0 }, "geometry": { "type": "Point", "coordinates": [ 0.121019433269859, 52.193513659115673 ] } },
{ "type": "Feature", "properties": { "visible_points": 8, "total_points": 89, "visibility_pct": 8.9887640449438209 }, "geometry": { "type": "Point", "coordinates": [ 0.121222001598907, 52.193510018137708 ] } },
{ "type": "Feature", "properties": { "visible_points": 4, "total_points": 94, "visibility_pct": 4.2553191489361701 }, "geometry": { "type": "Point", "coordinates": [ 0.121424569884432, 52.193506376811065 ] } },
{ "type": "Feature", "properties": { "visible_points": 13, "total_points": 100, "visibility_pct": 13.0 }, "geometry": { "type": "Point", "coordinates": [ 0.121627138126421, 52.193502735135695 ] } },
{ "type": "Feature", "properties": { "visible_points": 19, "total_points": 105, "visibility_pct": 18.095238095238095 }, "geometry": { "type": "Point", "coordinates": [ 0.121829706324876, 52.19349909311164 ] } },
{ "type": "Feature", "properties": { "visible_points": 23, "total_points": 108, "visibility_pct": 21.296296296296298 }, "geometry": { "type": "Point", "coordinates": [ 0.122032274479791, 52.19349545073888 ] } },
{ "type": "Feature", "properties": { "visible_points": 26, "total_points": 109, "visibility_pct": 23.853211009174313 }, "geometry": { "type": "Point", "coordinates": [ 0.122234842591157, 52.19349180801742 ] } },
{ "type": "Feature", "properties": { "visible_points": 30, "total_points": 105, "visibility_pct": 28.571428571428569 }, "geometry": { "type": "Point", "coordinates": [ 0.122437410658978, 52.193488164947269 ] } },
{ "type": "Feature", "properties": { "visible_points": 33, "total_points": 99, "visibility_pct": 33.333333333333329 }, "geometry": { "type": "Point", "coordinates": [ 0.122639978683246, 52.193484521528411 ] } },
{ "type": "Feature", "properties": { "visible_points": 22, "total_points": 91, "visibility_pct": 24.175824175824175 }, "geometry": { "type": "Point", "coordinates": [ 0.122842546663957, 52.193480877760848 ] } },
{ "type": "Feature", "properties": { "visible_points": 23, "total_points": 82, "visibility_pct": 28.04878048780488 }, "geometry": { "type": "Point", "coordinates": [ 0.123045114601108, 52.193477233644572 ] } },
{ "type": "Feature", "properties": { "visible_points": 0, "total_points": 75, "visibility_pct": 0.0 }, "geometry": { "type": "Point", "coordinates": [ 0.120518145062422, 52.193630572909584 ] } },
{ "type": "Feature", "properties": { "visible_points": 0, "total_points": 78, "visibility_pct": 0.0 }, "geometry": { "type": "Point", "coordinates": [ 0.120720713995441, 52.193626932805408 ] } },
{ "type": "Feature", "properties": { "visible_points": 0, "total_points": 82, "visibility_pct": 0.0 }, "geometry": { "type": "Point", "coordinates": [ 0.120923282884946, 52.193623292352548 ] } },
{ "type": "Feature", "properties": { "visible_points": 5, "total_points": 86, "visibility_pct": 5.8139534883720927 }, "geometry": { "type": "Point", "coordinates": [ 0.121125851730927, 52.193619651550968 ] } },
{ "type": "Feature", "properties": { "visible_points": 3, "total_points": 89, "visibility_pct": 3.3707865168539324 }, "geometry": { "type": "Point", "coordinates": [ 0.121328420533375, 52.19361601040071 ] } },
{ "type": "Feature", "properties": { "visible_points": 5, "total_points": 94, "visibility_pct": 5.3191489361702127 }, "geometry": { "type": "Point", "coordinates": [ 0.121530989292304, 52.193612368901732 ] } },
{ "type": "Feature", "properties": { "visible_points": 2, "total_points": 98, "visibility_pct": 2.0408163265306123 }, "geometry": { "type": "Point", "coordinates": [ 0.121733558007693, 52.193608727054048 ] } },
{ "type": "Feature", "properties": { "visible_points": 3, "total_points": 99, "visibility_pct": 3.0303030303030303 }, "geometry": { "type": "Point", "coordinates": [ 0.121936126679543, 52.193605084857673 ] } },
{ "type": "Feature", "properties": { "visible_points": 0, "total_points": 100, "visibility_pct": 0.0 }, "geometry": { "type": "Point", "coordinates": [ 0.122138695307848, 52.193601442312598 ] } },
{ "type": "Feature", "properties": { "visible_points": 18, "total_points": 97, "visibility_pct": 18.556701030927837 }, "geometry": { "type": "Point", "coordinates": [ 0.122341263892609, 52.193597799418825 ] } },
{ "type": "Feature", "properties": { "visible_points": 24, "total_points": 92, "visibility_pct": 26.086956521739129 }, "geometry": { "type": "Point", "coordinates": [ 0.122543832433824, 52.193594156176317 ] } },
{ "type": "Feature", "properties": { "visible_points": 17, "total_points": 86, "visibility_pct": 19.767441860465116 }, "geometry": { "type": "Point", "coordinates": [ 0.122746400931475, 52.193590512585132 ] } },
{ "type": "Feature", "properties": { "visible_points": 14, "total_points": 78, "visibility_pct": 17.948717948717949 }, "geometry": { "type": "Point", "coordinates": [ 0.122948969385566, 52.193586868645255 ] } },
{ "type": "Feature", "properties": { "visible_points": 0, "total_points": 70, "visibility_pct": 0.0 }, "geometry": { "type": "Point", "coordinates": [ 0.120016854139818, 52.193747484512386 ] } },
{ "type": "Feature", "properties": { "visible_points": 0, "total_points": 73, "visibility_pct": 0.0 }, "geometry": { "type": "Point", "coordinates": [ 0.120219423676783, 52.193743845282029 ] } },
{ "type": "Feature", "properties": { "visible_points": 0, "total_points": 75, "visibility_pct": 0.0 }, "geometry": { "type": "Point", "coordinates": [ 0.120421993170251, 52.193740205702959 ] } },
{ "type": "Feature", "properties": { "visible_points": 0, "total_points": 76, "visibility_pct": 0.0 }, "geometry": { "type": "Point", "coordinates": [ 0.120624562620198, 52.193736565775176 ] } },
{ "type": "Feature", "properties": { "visible_points": 0, "total_points": 79, "visibility_pct": 0.0 }, "geometry": { "type": "Point", "coordinates": [ 0.120827132026629, 52.193732925498693 ] } },
{ "type": "Feature", "properties": { "visible_points": 0, "total_points": 82, "visibility_pct": 0.0 }, "geometry": { "type": "Point", "coordinates": [ 0.121029701389541, 52.19372928487352 ] } },
{ "type": "Feature", "properties": { "visible_points": 0, "total_points": 84, "visibility_pct": 0.0 }, "geometry": { "type": "Point", "coordinates": [ 0.121232270708931, 52.193725643899633 ] } },
{ "type": "Feature", "properties": { "visible_points": 0, "total_points": 90, "visibility_pct": 0.0 }, "geometry": { "type": "Point", "coordinates": [ 0.121637409217118, 52.193718360905741 ] } },
{ "type": "Feature", "properties": { "visible_points": 1, "total_points": 90, "visibility_pct": 1.1111111111111112 }, "geometry": { "type": "Point", "coordinates": [ 0.121839978405905, 52.193714718885737 ] } },
{ "type": "Feature", "properties": { "visible_points": 0, "total_points": 90, "visibility_pct": 0.0 }, "geometry": { "type": "Point", "coordinates": [ 0.122042547551157, 52.19371107651704 ] } },
{ "type": "Feature", "properties": { "visible_points": 2, "total_points": 88, "visibility_pct": 2.2727272727272729 }, "geometry": { "type": "Point", "coordinates": [ 0.122245116652862, 52.193707433799638 ] } },
{ "type": "Feature", "properties": { "visible_points": 10, "total_points": 84, "visibility_pct": 11.904761904761903 }, "geometry": { "type": "Point", "coordinates": [ 0.122447685711012, 52.193703790733537 ] } },
{ "type": "Feature", "properties": { "visible_points": 12, "total_points": 79, "visibility_pct": 15.18987341772152 }, "geometry": { "type": "Point", "coordinates": [ 0.122650254725616, 52.193700147318722 ] } },
{ "type": "Feature", "properties": { "visible_points": 4, "total_points": 73, "visibility_pct": 5.4794520547945202 }, "geometry": { "type": "Point", "coordinates": [ 0.122852823696657, 52.193696503555202 ] } },
{ "type": "Feature", "properties": { "visible_points": 0, "total_points": 69, "visibility_pct": 0.0 }, "geometry": { "type": "Point", "coordinates": [ 0.119718130642977, 52.193860755567542 ] } },
{ "type": "Feature", "properties": { "visible_points": 0, "total_points": 71, "visibility_pct": 0.0 }, "geometry": { "type": "Point", "coordinates": [ 0.119920700740373, 52.193857116862269 ] } },
{ "type": "Feature", "properties": { "visible_points": 0, "total_points": 73, "visibility_pct": 0.0 }, "geometry": { "type": "Point", "coordinates": [ 0.120123270794275, 52.19385347780829 ] } },
{ "type": "Feature", "properties": { "visible_points": 0, "total_points": 74, "visibility_pct": 0.0 }, "geometry": { "type": "Point", "coordinates": [ 0.120325840804663, 52.193849838405605 ] } },
{ "type": "Feature", "properties": { "visible_points": 0, "total_points": 75, "visibility_pct": 0.0 }, "geometry": { "type": "Point", "coordinates": [ 0.120528410771545, 52.193846198654221 ] } },
{ "type": "Feature", "properties": { "visible_points": 0, "total_points": 76, "visibility_pct": 0.0 }, "geometry": { "type": "Point", "coordinates": [ 0.12073098069491, 52.193842558554131 ] } },
{ "type": "Feature", "properties": { "visible_points": 0, "total_points": 77, "visibility_pct": 0.0 }, "geometry": { "type": "Point", "coordinates": [ 0.120933550574758, 52.193838918105328 ] } },
{ "type": "Feature", "properties": { "visible_points": 0, "total_points": 78, "visibility_pct": 0.0 }, "geometry": { "type": "Point", "coordinates": [ 0.12214896893972, 52.193817068089743 ] } },
{ "type": "Feature", "properties": { "visible_points": 0, "total_points": 75, "visibility_pct": 0.0 }, "geometry": { "type": "Point", "coordinates": [ 0.122351538514823, 52.19381342520002 ] } },
{ "type": "Feature", "properties": { "visible_points": 3, "total_points": 71, "visibility_pct": 4.225352112676056 }, "geometry": { "type": "Point", "coordinates": [ 0.122554108046372, 52.193809781961583 ] } },
{ "type": "Feature", "properties": { "visible_points": 0, "total_points": 66, "visibility_pct": 0.0 }, "geometry": { "type": "Point", "coordinates": [ 0.122756677534366, 52.193806138374448 ] } },
{ "type": "Feature", "properties": { "visible_points": 0, "total_points": 71, "visibility_pct": 0.0 }, "geometry": { "type": "Point", "coordinates": [ 0.119621976253185, 52.193970387650275 ] } },
{ "type": "Feature", "properties": { "visible_points": 0, "total_points": 72, "visibility_pct": 0.0 }, "geometry": { "type": "Point", "coordinates": [ 0.119824546867515, 52.193966749121387 ] } },
{ "type": "Feature", "properties": { "visible_points": 0, "total_points": 73, "visibility_pct": 0.0 }, "geometry": { "type": "Point", "coordinates": [ 0.120027117438343, 52.193963110243814 ] } },
{ "type": "Feature", "properties": { "visible_points": 0, "total_points": 73, "visibility_pct": 0.0 }, "geometry": { "type": "Point", "coordinates": [ 0.120229687965664, 52.193959471017514 ] } },
{ "type": "Feature", "properties": { "visible_points": 0, "total_points": 73, "visibility_pct": 0.0 }, "geometry": { "type": "Point", "coordinates": [ 0.120432258449482, 52.19395583144253 ] } },
{ "type": "Feature", "properties": { "visible_points": 0, "total_points": 72, "visibility_pct": 0.0 }, "geometry": { "type": "Point", "coordinates": [ 0.120634828889783, 52.193952191518825 ] } },
{ "type": "Feature", "properties": { "visible_points": 0, "total_points": 72, "visibility_pct": 0.0 }, "geometry": { "type": "Point", "coordinates": [ 0.119120678996976, 52.194087295301109 ] } },
{ "type": "Feature", "properties": { "visible_points": 0, "total_points": 72, "visibility_pct": 0.0 }, "geometry": { "type": "Point", "coordinates": [ 0.11932325021522, 52.19408365764604 ] } },
{ "type": "Feature", "properties": { "visible_points": 0, "total_points": 72, "visibility_pct": 0.0 }, "geometry": { "type": "Point", "coordinates": [ 0.11952582138997, 52.194080019642279 ] } },
{ "type": "Feature", "properties": { "visible_points": 1, "total_points": 72, "visibility_pct": 1.3888888888888888 }, "geometry": { "type": "Point", "coordinates": [ 0.119728392521232, 52.19407638128979 ] } },
{ "type": "Feature", "properties": { "visible_points": 0, "total_points": 72, "visibility_pct": 0.0 }, "geometry": { "type": "Point", "coordinates": [ 0.119930963608992, 52.19407274258861 ] } },
{ "type": "Feature", "properties": { "visible_points": 0, "total_points": 72, "visibility_pct": 0.0 }, "geometry": { "type": "Point", "coordinates": [ 0.120133534653248, 52.194069103538709 ] } },
{ "type": "Feature", "properties": { "visible_points": 0, "total_points": 75, "visibility_pct": 0.0 }, "geometry": { "type": "Point", "coordinates": [ 0.118821950847809, 52.194200563979528 ] } },
{ "type": "Feature", "properties": { "visible_points": 0, "total_points": 74, "visibility_pct": 0.0 }, "geometry": { "type": "Point", "coordinates": [ 0.11902452262647, 52.194196926849571 ] } },
{ "type": "Feature", "properties": { "visible_points": 0, "total_points": 73, "visibility_pct": 0.0 }, "geometry": { "type": "Point", "coordinates": [ 0.119227094361643, 52.194193289370915 ] } },
{ "type": "Feature", "properties": { "visible_points": 0, "total_points": 72, "visibility_pct": 0.0 }, "geometry": { "type": "Point", "coordinates": [ 0.119429666053328, 52.194189651543539 ] } },
{ "type": "Feature", "properties": { "visible_points": 0, "total_points": 72, "visibility_pct": 0.0 }, "geometry": { "type": "Point", "coordinates": [ 0.119632237701521, 52.194186013367464 ] } },
{ "type": "Feature", "properties": { "visible_points": 1, "total_points": 71, "visibility_pct": 1.4084507042253522 }, "geometry": { "type": "Point", "coordinates": [ 0.119834809306215, 52.194182374842669 ] } },
{ "type": "Feature", "properties": { "visible_points": 0, "total_points": 76, "visibility_pct": 0.0 }, "geometry": { "type": "Point", "coordinates": [ 0.117712931356899, 52.194328374797934 ] } },
{ "type": "Feature", "properties": { "visible_points": 0, "total_points": 78, "visibility_pct": 0.0 }, "geometry": { "type": "Point", "coordinates": [ 0.117915503869833, 52.194324739587927 ] } },
{ "type": "Feature", "properties": { "visible_points": 0, "total_points": 79, "visibility_pct": 0.0 }, "geometry": { "type": "Point", "coordinates": [ 0.118118076339312, 52.194321104029214 ] } },
{ "type": "Feature", "properties": { "visible_points": 0, "total_points": 79, "visibility_pct": 0.0 }, "geometry": { "type": "Point", "coordinates": [ 0.118320648765325, 52.194317468121795 ] } },
{ "type": "Feature", "properties": { "visible_points": 0, "total_points": 79, "visibility_pct": 0.0 }, "geometry": { "type": "Point", "coordinates": [ 0.118523221147869, 52.194313831865671 ] } },
{ "type": "Feature", "properties": { "visible_points": 1, "total_points": 78, "visibility_pct": 1.2820512820512819 }, "geometry": { "type": "Point", "coordinates": [ 0.118725793486933, 52.19431019526084 ] } },
{ "type": "Feature", "properties": { "visible_points": 1, "total_points": 75, "visibility_pct": 1.3333333333333335 }, "geometry": { "type": "Point", "coordinates": [ 0.118928365782526, 52.194306558307289 ] } },
{ "type": "Feature", "properties": { "visible_points": 1, "total_points": 72, "visibility_pct": 1.3888888888888888 }, "geometry": { "type": "Point", "coordinates": [ 0.11913093803463, 52.194302921005026 ] } },
{ "type": "Feature", "properties": { "visible_points": 0, "total_points": 71, "visibility_pct": 0.0 }, "geometry": { "type": "Point", "coordinates": [ 0.11933351024325, 52.194299283354049 ] } },
{ "type": "Feature", "properties": { "visible_points": 0, "total_points": 70, "visibility_pct": 0.0 }, "geometry": { "type": "Point", "coordinates": [ 0.11953608240838, 52.194295645354387 ] } },
{ "type": "Feature", "properties": { "visible_points": 0, "total_points": 79, "visibility_pct": 0.0 }, "geometry": { "type": "Point", "coordinates": [ 0.117211624747841, 52.194445274127489 ] } },
{ "type": "Feature", "properties": { "visible_points": 0, "total_points": 83, "visibility_pct": 0.0 }, "geometry": { "type": "Point", "coordinates": [ 0.117414197864613, 52.194441639791329 ] } },
{ "type": "Feature", "properties": { "visible_points": 0, "total_points": 85, "visibility_pct": 0.0 }, "geometry": { "type": "Point", "coordinates": [ 0.117616770937934, 52.194438005106448 ] } },
{ "type": "Feature", "properties": { "visible_points": 11, "total_points": 86, "visibility_pct": 12.790697674418606 }, "geometry": { "type": "Point", "coordinates": [ 0.1178193439678, 52.194434370072869 ] } },
{ "type": "Feature", "properties": { "visible_points": 0, "total_points": 87, "visibility_pct": 0.0 }, "geometry": { "type": "Point", "coordinates": [ 0.118021916954203, 52.194430734690577 ] } },
{ "type": "Feature", "properties": { "visible_points": 1, "total_points": 86, "visibility_pct": 1.1627906976744187 }, "geometry": { "type": "Point", "coordinates": [ 0.118224489897141, 52.194427098959565 ] } },
{ "type": "Feature", "properties": { "visible_points": 0, "total_points": 84, "visibility_pct": 0.0 }, "geometry": { "type": "Point", "coordinates": [ 0.118427062796615, 52.194423462879847 ] } },
{ "type": "Feature", "properties": { "visible_points": 1, "total_points": 81, "visibility_pct": 1.2345679012345678 }, "geometry": { "type": "Point", "coordinates": [ 0.118629635652613, 52.194419826451401 ] } },
{ "type": "Feature", "properties": { "visible_points": 1, "total_points": 77, "visibility_pct": 1.2987012987012987 }, "geometry": { "type": "Point", "coordinates": [ 0.11883220846514, 52.194416189674257 ] } },
{ "type": "Feature", "properties": { "visible_points": 0, "total_points": 72, "visibility_pct": 0.0 }, "geometry": { "type": "Point", "coordinates": [ 0.119034781234177, 52.194412552548414 ] } },
{ "type": "Feature", "properties": { "visible_points": 0, "total_points": 68, "visibility_pct": 0.0 }, "geometry": { "type": "Point", "coordinates": [ 0.119237353959734, 52.194408915073844 ] } },
{ "type": "Feature", "properties": { "visible_points": 0, "total_points": 71, "visibility_pct": 0.0 }, "geometry": { "type": "Point", "coordinates": [ 0.116710315423842, 52.19456217126578 ] } },
{ "type": "Feature", "properties": { "visible_points": 0, "total_points": 80, "visibility_pct": 0.0 }, "geometry": { "type": "Point", "coordinates": [ 0.116912889144427, 52.194558537803466 ] } },
{ "type": "Feature", "properties": { "visible_points": 35, "total_points": 87, "visibility_pct": 40.229885057471265 }, "geometry": { "type": "Point", "coordinates": [ 0.11711546282157, 52.194554903992433 ] } },
{ "type": "Feature", "properties": { "visible_points": 36, "total_points": 92, "visibility_pct": 39.130434782608695 }, "geometry": { "type": "Point", "coordinates": [ 0.117318036455261, 52.194551269832687 ] } },
{ "type": "Feature", "properties": { "visible_points": 31, "total_points": 94, "visibility_pct": 32.978723404255319 }, "geometry": { "type": "Point", "coordinates": [ 0.117520610045511, 52.194547635324234 ] } },
{ "type": "Feature", "properties": { "visible_points": 29, "total_points": 95, "visibility_pct": 30.526315789473685 }, "geometry": { "type": "Point", "coordinates": [ 0.117723183592302, 52.194544000467047 ] } },
{ "type": "Feature", "properties": { "visible_points": 19, "total_points": 95, "visibility_pct": 20.0 }, "geometry": { "type": "Point", "coordinates": [ 0.117925757095635, 52.194540365261176 ] } },
{ "type": "Feature", "properties": { "visible_points": 11, "total_points": 93, "visibility_pct": 11.827956989247312 }, "geometry": { "type": "Point", "coordinates": [ 0.118128330555508, 52.19453672970657 ] } },
{ "type": "Feature", "properties": { "visible_points": 6, "total_points": 90, "visibility_pct": 6.666666666666667 }, "geometry": { "type": "Point", "coordinates": [ 0.11833090397191, 52.194533093803265 ] } },
{ "type": "Feature", "properties": { "visible_points": 0, "total_points": 86, "visibility_pct": 0.0 }, "geometry": { "type": "Point", "coordinates": [ 0.118533477344845, 52.194529457551241 ] } },
{ "type": "Feature", "properties": { "visible_points": 0, "total_points": 80, "visibility_pct": 0.0 }, "geometry": { "type": "Point", "coordinates": [ 0.118736050674301, 52.194525820950503 ] } },
{ "type": "Feature", "properties": { "visible_points": 0, "total_points": 74, "visibility_pct": 0.0 }, "geometry": { "type": "Point", "coordinates": [ 0.118938623960282, 52.194522184001066 ] } },
{ "type": "Feature", "properties": { "visible_points": 0, "total_points": 63, "visibility_pct": 0.0 }, "geometry": { "type": "Point", "coordinates": [ 0.11641157770931, 52.194675433624319 ] } },
{ "type": "Feature", "properties": { "visible_points": 0, "total_points": 74, "visibility_pct": 0.0 }, "geometry": { "type": "Point", "coordinates": [ 0.116614151990253, 52.194671800687132 ] } },
{ "type": "Feature", "properties": { "visible_points": 32, "total_points": 84, "visibility_pct": 38.095238095238095 }, "geometry": { "type": "Point", "coordinates": [ 0.116816726227759, 52.194668167401232 ] } },
{ "type": "Feature", "properties": { "visible_points": 39, "total_points": 93, "visibility_pct": 41.935483870967744 }, "geometry": { "type": "Point", "coordinates": [ 0.117019300421825, 52.19466453376662 ] } },
{ "type": "Feature", "properties": { "visible_points": 16, "total_points": 99, "visibility_pct": 16.161616161616163 }, "geometry": { "type": "Point", "coordinates": [ 0.117221874572448, 52.194660899783308 ] } },
{ "type": "Feature", "properties": { "visible_points": 37, "total_points": 103, "visibility_pct": 35.922330097087382 }, "geometry": { "type": "Point", "coordinates": [ 0.117424448679622, 52.194657265451255 ] } },
{ "type": "Feature", "properties": { "visible_points": 34, "total_points": 103, "visibility_pct": 33.009708737864081 }, "geometry": { "type": "Point", "coordinates": [ 0.117627022743345, 52.194653630770503 ] } },
{ "type": "Feature", "properties": { "visible_points": 32, "total_points": 103, "visibility_pct": 31.067961165048541 }, "geometry": { "type": "Point", "coordinates": [ 0.117829596763608, 52.194649995741031 ] } },
{ "type": "Feature", "properties": { "visible_points": 12, "total_points": 100, "visibility_pct": 12.0 }, "geometry": { "type": "Point", "coordinates": [ 0.118032170740414, 52.194646360362853 ] } },
{ "type": "Feature", "properties": { "visible_points": 0, "total_points": 96, "visibility_pct": 0.0 }, "geometry": { "type": "Point", "coordinates": [ 0.11823474467375, 52.194642724635941 ] } },
{ "type": "Feature", "properties": { "visible_points": 0, "total_points": 90, "visibility_pct": 0.0 }, "geometry": { "type": "Point", "coordinates": [ 0.118437318563624, 52.194639088560315 ] } },
{ "type": "Feature", "properties": { "visible_points": 0, "total_points": 83, "visibility_pct": 0.0 }, "geometry": { "type": "Point", "coordinates": [ 0.118639892410018, 52.194635452136005 ] } },
{ "type": "Feature", "properties": { "visible_points": 0, "total_points": 63, "visibility_pct": 0.0 }, "geometry": { "type": "Point", "coordinates": [ 0.116315413285318, 52.194785062778486 ] } },
{ "type": "Feature", "properties": { "visible_points": 7, "total_points": 74, "visibility_pct": 9.4594594594594597 }, "geometry": { "type": "Point", "coordinates": [ 0.116517988083183, 52.194781430017727 ] } },
{ "type": "Feature", "properties": { "visible_points": 34, "total_points": 86, "visibility_pct": 39.534883720930232 }, "geometry": { "type": "Point", "coordinates": [ 0.116720562837616, 52.194777796908262 ] } },
{ "type": "Feature", "properties": { "visible_points": 43, "total_points": 97, "visibility_pct": 44.329896907216494 }, "geometry": { "type": "Point", "coordinates": [ 0.116923137548608, 52.194774163450063 ] } },
{ "type": "Feature", "properties": { "visible_points": 44, "total_points": 105, "visibility_pct": 41.904761904761905 }, "geometry": { "type": "Point", "coordinates": [ 0.117125712216159, 52.194770529643172 ] } },
{ "type": "Feature", "properties": { "visible_points": 25, "total_points": 109, "visibility_pct": 22.935779816513762 }, "geometry": { "type": "Point", "coordinates": [ 0.117328286840265, 52.194766895487547 ] } },
{ "type": "Feature", "properties": { "visible_points": 45, "total_points": 110, "visibility_pct": 40.909090909090914 }, "geometry": { "type": "Point", "coordinates": [ 0.117530861420918, 52.194763260983194 ] } },
{ "type": "Feature", "properties": { "visible_points": 38, "total_points": 110, "visibility_pct": 34.545454545454547 }, "geometry": { "type": "Point", "coordinates": [ 0.117733435958117, 52.194759626130136 ] } },
{ "type": "Feature", "properties": { "visible_points": 0, "total_points": 106, "visibility_pct": 0.0 }, "geometry": { "type": "Point", "coordinates": [ 0.117936010451854, 52.194755990928357 ] } },
{ "type": "Feature", "properties": { "visible_points": 0, "total_points": 102, "visibility_pct": 0.0 }, "geometry": { "type": "Point", "coordinates": [ 0.118138584902135, 52.194752355377872 ] } },
{ "type": "Feature", "properties": { "visible_points": 23, "total_points": 73, "visibility_pct": 31.506849315068493 }, "geometry": { "type": "Point", "coordinates": [ 0.11642182370263, 52.194891059257564 ] } },
{ "type": "Feature", "properties": { "visible_points": 37, "total_points": 85, "visibility_pct": 43.529411764705884 }, "geometry": { "type": "Point", "coordinates": [ 0.11662439897399, 52.194887426324513 ] } },
{ "type": "Feature", "properties": { "visible_points": 44, "total_points": 97, "visibility_pct": 45.360824742268044 }, "geometry": { "type": "Point", "coordinates": [ 0.116826974201913, 52.194883793042742 ] } },
{ "type": "Feature", "properties": { "visible_points": 48, "total_points": 109, "visibility_pct": 44.036697247706428 }, "geometry": { "type": "Point", "coordinates": [ 0.117029549386396, 52.19488015941225 ] } },
{ "type": "Feature", "properties": { "visible_points": 50, "total_points": 115, "visibility_pct": 43.478260869565219 }, "geometry": { "type": "Point", "coordinates": [ 0.11723212452743, 52.194876525433038 ] } },
{ "type": "Feature", "properties": { "visible_points": 32, "total_points": 115, "visibility_pct": 27.826086956521738 }, "geometry": { "type": "Point", "coordinates": [ 0.117434699625025, 52.194872891105128 ] } },
{ "type": "Feature", "properties": { "visible_points": 46, "total_points": 114, "visibility_pct": 40.350877192982452 }, "geometry": { "type": "Point", "coordinates": [ 0.117637274679153, 52.194869256428497 ] } },
{ "type": "Feature", "properties": { "visible_points": 39, "total_points": 110, "visibility_pct": 35.454545454545453 }, "geometry": { "type": "Point", "coordinates": [ 0.117839849689833, 52.194865621403132 ] } },
{ "type": "Feature", "properties": { "visible_points": 0, "total_points": 103, "visibility_pct": 0.0 }, "geometry": { "type": "Point", "coordinates": [ 0.11804242465705, 52.194861986029053 ] } },
{ "type": "Feature", "properties": { "visible_points": 0, "total_points": 69, "visibility_pct": 0.0 }, "geometry": { "type": "Point", "coordinates": [ 0.116325658848588, 52.195000688406651 ] } },
{ "type": "Feature", "properties": { "visible_points": 30, "total_points": 82, "visibility_pct": 36.585365853658537 }, "geometry": { "type": "Point", "coordinates": [ 0.116528234636882, 52.19499705565002 ] } },
{ "type": "Feature", "properties": { "visible_points": 45, "total_points": 95, "visibility_pct": 47.368421052631575 }, "geometry": { "type": "Point", "coordinates": [ 0.116730810381734, 52.19499342254467 ] } },
{ "type": "Feature", "properties": { "visible_points": 48, "total_points": 108, "visibility_pct": 44.444444444444443 }, "geometry": { "type": "Point", "coordinates": [ 0.116933386083153, 52.194989789090599 ] } },
{ "type": "Feature", "properties": { "visible_points": 50, "total_points": 119, "visibility_pct": 42.016806722689076 }, "geometry": { "type": "Point", "coordinates": [ 0.117135961741123, 52.194986155287808 ] } },
{ "type": "Feature", "properties": { "visible_points": 55, "total_points": 119, "visibility_pct": 46.218487394957982 }, "geometry": { "type": "Point", "coordinates": [ 0.117338537355648, 52.194982521136303 ] } },
{ "type": "Feature", "properties": { "visible_points": 50, "total_points": 116, "visibility_pct": 43.103448275862064 }, "geometry": { "type": "Point", "coordinates": [ 0.117541112926721, 52.194978886636093 ] } },
{ "type": "Feature", "properties": { "visible_points": 51, "total_points": 111, "visibility_pct": 45.945945945945951 }, "geometry": { "type": "Point", "coordinates": [ 0.11774368845434, 52.194975251787149 ] } },
{ "type": "Feature", "properties": { "visible_points": 17, "total_points": 105, "visibility_pct": 16.19047619047619 }, "geometry": { "type": "Point", "coordinates": [ 0.117946263938498, 52.194971616589498 ] } },
{ "type": "Feature", "properties": { "visible_points": 21, "total_points": 77, "visibility_pct": 27.27272727272727 }, "geometry": { "type": "Point", "coordinates": [ 0.116432069826278, 52.195106684884749 ] } },
{ "type": "Feature", "properties": { "visible_points": 41, "total_points": 90, "visibility_pct": 45.555555555555557 }, "geometry": { "type": "Point", "coordinates": [ 0.116634646088074, 52.19510305195584 ] } },
{ "type": "Feature", "properties": { "visible_points": 46, "total_points": 103, "visibility_pct": 44.660194174757287 }, "geometry": { "type": "Point", "coordinates": [ 0.116837222306419, 52.19509941867819 ] } },
{ "type": "Feature", "properties": { "visible_points": 50, "total_points": 114, "visibility_pct": 43.859649122807014 }, "geometry": { "type": "Point", "coordinates": [ 0.117039798481335, 52.195095785051826 ] } },
{ "type": "Feature", "properties": { "visible_points": 54, "total_points": 120, "visibility_pct": 45.0 }, "geometry": { "type": "Point", "coordinates": [ 0.117242374612795, 52.195092151076743 ] } },
{ "type": "Feature", "properties": { "visible_points": 60, "total_points": 118, "visibility_pct": 50.847457627118644 }, "geometry": { "type": "Point", "coordinates": [ 0.117444950700811, 52.195088516752953 ] } },
{ "type": "Feature", "properties": { "visible_points": 58, "total_points": 113, "visibility_pct": 51.327433628318587 }, "geometry": { "type": "Point", "coordinates": [ 0.117647526745374, 52.195084882080423 ] } },
{ "type": "Feature", "properties": { "visible_points": 51, "total_points": 107, "visibility_pct": 47.663551401869157 }, "geometry": { "type": "Point", "coordinates": [ 0.117850102746474, 52.195081247059164 ] } },
{ "type": "Feature", "properties": { "visible_points": 0, "total_points": 101, "visibility_pct": 0.0 }, "geometry": { "type": "Point", "coordinates": [ 0.118052678704114, 52.195077611689207 ] } },
{ "type": "Feature", "properties": { "visible_points": 26, "total_points": 81, "visibility_pct": 32.098765432098766 }, "geometry": { "type": "Point", "coordinates": [ 0.116538481320914, 52.195212681276246 ] } },
{ "type": "Feature", "properties": { "visible_points": 39, "total_points": 94, "visibility_pct": 41.48936170212766 }, "geometry": { "type": "Point", "coordinates": [ 0.116741058056204, 52.195209048175016 ] } },
{ "type": "Feature", "properties": { "visible_points": 47, "total_points": 105, "visibility_pct": 44.761904761904766 }, "geometry": { "type": "Point", "coordinates": [ 0.116943634748058, 52.195205414725081 ] } },
{ "type": "Feature", "properties": { "visible_points": 51, "total_points": 114, "visibility_pct": 44.736842105263158 }, "geometry": { "type": "Point", "coordinates": [ 0.117146211396458, 52.195201780926418 ] } },
{ "type": "Feature", "properties": { "visible_points": 61, "total_points": 120, "visibility_pct": 50.833333333333329 }, "geometry": { "type": "Point", "coordinates": [ 0.11734878800142, 52.195198146779049 ] } },
{ "type": "Feature", "properties": { "visible_points": 64, "total_points": 116, "visibility_pct": 55.172413793103445 }, "geometry": { "type": "Point", "coordinates": [ 0.117551364562923, 52.195194512282939 ] } },
{ "type": "Feature", "properties": { "visible_points": 57, "total_points": 110, "visibility_pct": 51.81818181818182 }, "geometry": { "type": "Point", "coordinates": [ 0.117753941080979, 52.195190877438108 ] } },
{ "type": "Feature", "properties": { "visible_points": 51, "total_points": 104, "visibility_pct": 49.038461538461533 }, "geometry": { "type": "Point", "coordinates": [ 0.117956517555564, 52.195187242244572 ] } },
{ "type": "Feature", "properties": { "visible_points": 0, "total_points": 97, "visibility_pct": 0.0 }, "geometry": { "type": "Point", "coordinates": [ 0.118159093986688, 52.195183606702301 ] } },
{ "type": "Feature", "properties": { "visible_points": 5, "total_points": 71, "visibility_pct": 7.042253521126761 }, "geometry": { "type": "Point", "coordinates": [ 0.116442316080264, 52.195322310505887 ] } },
{ "type": "Feature", "properties": { "visible_points": 31, "total_points": 83, "visibility_pct": 37.349397590361441 }, "geometry": { "type": "Point", "coordinates": [ 0.116644893332496, 52.195318677581085 ] } },
{ "type": "Feature", "properties": { "visible_points": 44, "total_points": 95, "visibility_pct": 46.315789473684212 }, "geometry": { "type": "Point", "coordinates": [ 0.116847470541285, 52.195315044307577 ] } },
{ "type": "Feature", "properties": { "visible_points": 45, "total_points": 105, "visibility_pct": 42.857142857142854 }, "geometry": { "type": "Point", "coordinates": [ 0.117050047706642, 52.195311410685342 ] } },
{ "type": "Feature", "properties": { "visible_points": 54, "total_points": 113, "visibility_pct": 47.787610619469028 }, "geometry": { "type": "Point", "coordinates": [ 0.117252624828541, 52.19530777671438 ] } },
{ "type": "Feature", "properties": { "visible_points": 60, "total_points": 119, "visibility_pct": 50.420168067226889 }, "geometry": { "type": "Point", "coordinates": [ 0.117455201906995, 52.195304142394697 ] } },
{ "type": "Feature", "properties": { "visible_points": 62, "total_points": 114, "visibility_pct": 54.385964912280706 }, "geometry": { "type": "Point", "coordinates": [ 0.117657778941997, 52.19530050772628 ] } },
{ "type": "Feature", "properties": { "visible_points": 56, "total_points": 108, "visibility_pct": 51.851851851851848 }, "geometry": { "type": "Point", "coordinates": [ 0.117860355933534, 52.195296872709164 ] } },
{ "type": "Feature", "properties": { "visible_points": 45, "total_points": 101, "visibility_pct": 44.554455445544555 }, "geometry": { "type": "Point", "coordinates": [ 0.118062932881615, 52.195293237343321 ] } },
{ "type": "Feature", "properties": { "visible_points": 0, "total_points": 93, "visibility_pct": 0.0 }, "geometry": { "type": "Point", "coordinates": [ 0.118265509786223, 52.195289601628737 ] } },
{ "type": "Feature", "properties": { "visible_points": 0, "total_points": 72, "visibility_pct": 0.0 }, "geometry": { "type": "Point", "coordinates": [ 0.116548728135287, 52.195428306896403 ] } },
{ "type": "Feature", "properties": { "visible_points": 0, "total_points": 84, "visibility_pct": 0.0 }, "geometry": { "type": "Point", "coordinates": [ 0.116751305861026, 52.195424673799316 ] } },
{ "type": "Feature", "properties": { "visible_points": 42, "total_points": 95, "visibility_pct": 44.210526315789473 }, "geometry": { "type": "Point", "coordinates": [ 0.116953883543325, 52.195421040353501 ] } },
{ "type": "Feature", "properties": { "visible_points": 51, "total_points": 104, "visibility_pct": 49.038461538461533 }, "geometry": { "type": "Point", "coordinates": [ 0.117156461182177, 52.195417406558974 ] } },
{ "type": "Feature", "properties": { "visible_points": 61, "total_points": 112, "visibility_pct": 54.464285714285708 }, "geometry": { "type": "Point", "coordinates": [ 0.117359038777579, 52.195413772415712 ] } },
{ "type": "Feature", "properties": { "visible_points": 65, "total_points": 117, "visibility_pct": 55.555555555555557 }, "geometry": { "type": "Point", "coordinates": [ 0.117561616329532, 52.195410137923723 ] } },
{ "type": "Feature", "properties": { "visible_points": 41, "total_points": 113, "visibility_pct": 36.283185840707965 }, "geometry": { "type": "Point", "coordinates": [ 0.117764193838025, 52.195406503083014 ] } },
{ "type": "Feature", "properties": { "visible_points": 54, "total_points": 106, "visibility_pct": 50.943396226415096 }, "geometry": { "type": "Point", "coordinates": [ 0.117966771303057, 52.195402867893577 ] } },
{ "type": "Feature", "properties": { "visible_points": 45, "total_points": 98, "visibility_pct": 45.91836734693878 }, "geometry": { "type": "Point", "coordinates": [ 0.118169348724627, 52.195399232355427 ] } },
{ "type": "Feature", "properties": { "visible_points": 0, "total_points": 89, "visibility_pct": 0.0 }, "geometry": { "type": "Point", "coordinates": [ 0.118371926102719, 52.195395596468543 ] } },
{ "type": "Feature", "properties": { "visible_points": 25, "total_points": 84, "visibility_pct": 29.761904761904763 }, "geometry": { "type": "Point", "coordinates": [ 0.116857718906513, 52.195530669930903 ] } },
{ "type": "Feature", "properties": { "visible_points": 40, "total_points": 94, "visibility_pct": 42.553191489361701 }, "geometry": { "type": "Point", "coordinates": [ 0.117060297062315, 52.195527036312789 ] } },
{ "type": "Feature", "properties": { "visible_points": 52, "total_points": 103, "visibility_pct": 50.485436893203882 }, "geometry": { "type": "Point", "coordinates": [ 0.117262875174675, 52.195523402345955 ] } },
{ "type": "Feature", "properties": { "visible_points": 57, "total_points": 111, "visibility_pct": 51.351351351351347 }, "geometry": { "type": "Point", "coordinates": [ 0.117465453243575, 52.195519768030401 ] } },
{ "type": "Feature", "properties": { "visible_points": 61, "total_points": 115, "visibility_pct": 53.04347826086957 }, "geometry": { "type": "Point", "coordinates": [ 0.117668031269028, 52.195516133366105 ] } },
{ "type": "Feature", "properties": { "visible_points": 43, "total_points": 113, "visibility_pct": 38.053097345132741 }, "geometry": { "type": "Point", "coordinates": [ 0.117870609251019, 52.195512498353096 ] } },
{ "type": "Feature", "properties": { "visible_points": 52, "total_points": 105, "visibility_pct": 49.523809523809526 }, "geometry": { "type": "Point", "coordinates": [ 0.118073187189543, 52.195508862991339 ] } },
{ "type": "Feature", "properties": { "visible_points": 37, "total_points": 96, "visibility_pct": 38.541666666666671 }, "geometry": { "type": "Point", "coordinates": [ 0.118275765084602, 52.195505227280883 ] } },
{ "type": "Feature", "properties": { "visible_points": 0, "total_points": 86, "visibility_pct": 0.0 }, "geometry": { "type": "Point", "coordinates": [ 0.118478342936191, 52.195501591221699 ] } },
{ "type": "Feature", "properties": { "visible_points": 9, "total_points": 83, "visibility_pct": 10.843373493975903 }, "geometry": { "type": "Point", "coordinates": [ 0.116964132468961, 52.195636665975876 ] } },
{ "type": "Feature", "properties": { "visible_points": 0, "total_points": 93, "visibility_pct": 0.0 }, "geometry": { "type": "Point", "coordinates": [ 0.117166711098269, 52.195633032185455 ] } },
{ "type": "Feature", "properties": { "visible_points": 54, "total_points": 102, "visibility_pct": 52.941176470588239 }, "geometry": { "type": "Point", "coordinates": [ 0.117369289684134, 52.195629398046307 ] } },
{ "type": "Feature", "properties": { "visible_points": 57, "total_points": 110, "visibility_pct": 51.81818181818182 }, "geometry": { "type": "Point", "coordinates": [ 0.117571868226541, 52.195625763558439 ] } },
{ "type": "Feature", "properties": { "visible_points": 60, "total_points": 114, "visibility_pct": 52.631578947368418 }, "geometry": { "type": "Point", "coordinates": [ 0.117774446725489, 52.195622128721858 ] } },
{ "type": "Feature", "properties": { "visible_points": 37, "total_points": 113, "visibility_pct": 32.743362831858406 }, "geometry": { "type": "Point", "coordinates": [ 0.11797702518098, 52.195618493536536 ] } },
{ "type": "Feature", "properties": { "visible_points": 47, "total_points": 105, "visibility_pct": 44.761904761904766 }, "geometry": { "type": "Point", "coordinates": [ 0.118179603592999, 52.195614858002486 ] } },
{ "type": "Feature", "properties": { "visible_points": 41, "total_points": 96, "visibility_pct": 42.708333333333329 }, "geometry": { "type": "Point", "coordinates": [ 0.118382181961553, 52.195611222119695 ] } },
{ "type": "Feature", "properties": { "visible_points": 0, "total_points": 85, "visibility_pct": 0.0 }, "geometry": { "type": "Point", "coordinates": [ 0.11858476028663, 52.195607585888197 ] } },
{ "type": "Feature", "properties": { "visible_points": 0, "total_points": 82, "visibility_pct": 0.0 }, "geometry": { "type": "Point", "coordinates": [ 0.117070546548371, 52.19574266193419 ] } },
{ "type": "Feature", "properties": { "visible_points": 0, "total_points": 92, "visibility_pct": 0.0 }, "geometry": { "type": "Point", "coordinates": [ 0.117273125651188, 52.19573902797147 ] } },
{ "type": "Feature", "properties": { "visible_points": 51, "total_points": 101, "visibility_pct": 50.495049504950494 }, "geometry": { "type": "Point", "coordinates": [ 0.117475704710557, 52.195735393660023 ] } },
{ "type": "Feature", "properties": { "visible_points": 54, "total_points": 109, "visibility_pct": 49.541284403669728 }, "geometry": { "type": "Point", "coordinates": [ 0.117678283726474, 52.195731758999862 ] } },
{ "type": "Feature", "properties": { "visible_points": 54, "total_points": 113, "visibility_pct": 47.787610619469028 }, "geometry": { "type": "Point", "coordinates": [ 0.117880862698923, 52.195728123990946 ] } },
{ "type": "Feature", "properties": { "visible_points": 46, "total_points": 113, "visibility_pct": 40.707964601769916 }, "geometry": { "type": "Point", "coordinates": [ 0.118083441627911, 52.195724488633331 ] } },
{ "type": "Feature", "properties": { "visible_points": 44, "total_points": 105, "visibility_pct": 41.904761904761905 }, "geometry": { "type": "Point", "coordinates": [ 0.118286020513432, 52.195720852926968 ] } },
{ "type": "Feature", "properties": { "visible_points": 38, "total_points": 95, "visibility_pct": 40.0 }, "geometry": { "type": "Point", "coordinates": [ 0.118488599355478, 52.195717216871891 ] } },
{ "type": "Feature", "properties": { "visible_points": 0, "total_points": 84, "visibility_pct": 0.0 }, "geometry": { "type": "Point", "coordinates": [ 0.118691178154047, 52.195713580468066 ] } },
{ "type": "Feature", "properties": { "visible_points": 0, "total_points": 81, "visibility_pct": 0.0 }, "geometry": { "type": "Point", "coordinates": [ 0.117176961144747, 52.195848657805875 ] } },
{ "type": "Feature", "properties": { "visible_points": 37, "total_points": 91, "visibility_pct": 40.659340659340657 }, "geometry": { "type": "Point", "coordinates": [ 0.117379540721076, 52.195845023670863 ] } },
{ "type": "Feature", "properties": { "visible_points": 49, "total_points": 100, "visibility_pct": 49.0 }, "geometry": { "type": "Point", "coordinates": [ 0.117582120253953, 52.195841389187102 ] } },
{ "type": "Feature", "properties": { "visible_points": 54, "total_points": 108, "visibility_pct": 50.0 }, "geometry": { "type": "Point", "coordinates": [ 0.117784699743378, 52.195837754354628 ] } },
{ "type": "Feature", "properties": { "visible_points": 53, "total_points": 113, "visibility_pct": 46.902654867256636 }, "geometry": { "type": "Point", "coordinates": [ 0.117987279189329, 52.195834119173426 ] } },
{ "type": "Feature", "properties": { "visible_points": 42, "total_points": 113, "visibility_pct": 37.168141592920357 }, "geometry": { "type": "Point", "coordinates": [ 0.11818985859182, 52.195830483643483 ] } },
{ "type": "Feature", "properties": { "visible_points": 45, "total_points": 104, "visibility_pct": 43.269230769230774 }, "geometry": { "type": "Point", "coordinates": [ 0.118392437950839, 52.195826847764806 ] } },
{ "type": "Feature", "properties": { "visible_points": 0, "total_points": 94, "visibility_pct": 0.0 }, "geometry": { "type": "Point", "coordinates": [ 0.118595017266384, 52.195823211537416 ] } },
{ "type": "Feature", "properties": { "visible_points": 0, "total_points": 83, "visibility_pct": 0.0 }, "geometry": { "type": "Point", "coordinates": [ 0.118797596538446, 52.195819574961291 ] } },
{ "type": "Feature", "properties": { "visible_points": 0, "total_points": 80, "visibility_pct": 0.0 }, "geometry": { "type": "Point", "coordinates": [ 0.117283376258092, 52.195954653590952 ] } },
{ "type": "Feature", "properties": { "visible_points": 38, "total_points": 90, "visibility_pct": 42.222222222222221 }, "geometry": { "type": "Point", "coordinates": [ 0.117485956307941, 52.195951019283612 ] } },
{ "type": "Feature", "properties": { "visible_points": 49, "total_points": 99, "visibility_pct": 49.494949494949495 }, "geometry": { "type": "Point", "coordinates": [ 0.117688536314329, 52.195947384627537 ] } },
{ "type": "Feature", "properties": { "visible_points": 54, "total_points": 107, "visibility_pct": 50.467289719626166 }, "geometry": { "type": "Point", "coordinates": [ 0.117891116277257, 52.195943749622771 ] } },
{ "type": "Feature", "properties": { "visible_points": 58, "total_points": 114, "visibility_pct": 50.877192982456144 }, "geometry": { "type": "Point", "coordinates": [ 0.118093696196713, 52.195940114269249 ] } },
{ "type": "Feature", "properties": { "visible_points": 48, "total_points": 112, "visibility_pct": 42.857142857142854 }, "geometry": { "type": "Point", "coordinates": [ 0.118296276072713, 52.195936478567006 ] } },
{ "type": "Feature", "properties": { "visible_points": 46, "total_points": 103, "visibility_pct": 44.660194174757287 }, "geometry": { "type": "Point", "coordinates": [ 0.118498855905227, 52.195932842516022 ] } },
{ "type": "Feature", "properties": { "visible_points": 35, "total_points": 93, "visibility_pct": 37.634408602150536 }, "geometry": { "type": "Point", "coordinates": [ 0.11870143569427, 52.195929206116325 ] } },
{ "type": "Feature", "properties": { "visible_points": 0, "total_points": 81, "visibility_pct": 0.0 }, "geometry": { "type": "Point", "coordinates": [ 0.118904015439832, 52.195925569367873 ] } },
{ "type": "Feature", "properties": { "visible_points": 0, "total_points": 79, "visibility_pct": 0.0 }, "geometry": { "type": "Point", "coordinates": [ 0.117389791888418, 52.196060649289343 ] } },
{ "type": "Feature", "properties": { "visible_points": 39, "total_points": 89, "visibility_pct": 43.820224719101127 }, "geometry": { "type": "Point", "coordinates": [ 0.11759237241178, 52.196057014809718 ] } },
{ "type": "Feature", "properties": { "visible_points": 49, "total_points": 98, "visibility_pct": 50.0 }, "geometry": { "type": "Point", "coordinates": [ 0.117794952891679, 52.19605337998135 ] } },
{ "type": "Feature", "properties": { "visible_points": 54, "total_points": 107, "visibility_pct": 50.467289719626166 }, "geometry": { "type": "Point", "coordinates": [ 0.117997533328115, 52.196049744804263 ] } },
{ "type": "Feature", "properties": { "visible_points": 47, "total_points": 115, "visibility_pct": 40.869565217391305 }, "geometry": { "type": "Point", "coordinates": [ 0.118200113721085, 52.19604610927842 ] } },
{ "type": "Feature", "properties": { "visible_points": 53, "total_points": 112, "visibility_pct": 47.321428571428569 }, "geometry": { "type": "Point", "coordinates": [ 0.118402694070585, 52.196042473403871 ] } },
{ "type": "Feature", "properties": { "visible_points": 49, "total_points": 103, "visibility_pct": 47.572815533980581 }, "geometry": { "type": "Point", "coordinates": [ 0.118605274376606, 52.196038837180581 ] } },
{ "type": "Feature", "properties": { "visible_points": 37, "total_points": 92, "visibility_pct": 40.217391304347828 }, "geometry": { "type": "Point", "coordinates": [ 0.118807854639148, 52.196035200608563 ] } },
{ "type": "Feature", "properties": { "visible_points": 0, "total_points": 80, "visibility_pct": 0.0 }, "geometry": { "type": "Point", "coordinates": [ 0.119010434858204, 52.196031563687797 ] } },
{ "type": "Feature", "properties": { "visible_points": 0, "total_points": 78, "visibility_pct": 0.0 }, "geometry": { "type": "Point", "coordinates": [ 0.117496208035722, 52.196166644901126 ] } },
{ "type": "Feature", "properties": { "visible_points": 0, "total_points": 88, "visibility_pct": 0.0 }, "geometry": { "type": "Point", "coordinates": [ 0.117698789032601, 52.196163010249208 ] } },
{ "type": "Feature", "properties": { "visible_points": 47, "total_points": 98, "visibility_pct": 47.959183673469383 }, "geometry": { "type": "Point", "coordinates": [ 0.117901369986012, 52.196159375248527 ] } },
{ "type": "Feature", "properties": { "visible_points": 54, "total_points": 107, "visibility_pct": 50.467289719626166 }, "geometry": { "type": "Point", "coordinates": [ 0.118103950895965, 52.196155739899105 ] } },
{ "type": "Feature", "properties": { "visible_points": 42, "total_points": 114, "visibility_pct": 36.84210526315789 }, "geometry": { "type": "Point", "coordinates": [ 0.118306531762438, 52.196152104200969 ] } },
{ "type": "Feature", "properties": { "visible_points": 45, "total_points": 112, "visibility_pct": 40.178571428571431 }, "geometry": { "type": "Point", "coordinates": [ 0.118509112585448, 52.196148468154092 ] } },
{ "type": "Feature", "properties": { "visible_points": 47, "total_points": 102, "visibility_pct": 46.078431372549019 }, "geometry": { "type": "Point", "coordinates": [ 0.118711693364972, 52.196144831758488 ] } },
{ "type": "Feature", "properties": { "visible_points": 39, "total_points": 91, "visibility_pct": 42.857142857142854 }, "geometry": { "type": "Point", "coordinates": [ 0.118914274101014, 52.19614119501415 ] } },
{ "type": "Feature", "properties": { "visible_points": 0, "total_points": 79, "visibility_pct": 0.0 }, "geometry": { "type": "Point", "coordinates": [ 0.11911685479357, 52.19613755792107 ] } },
{ "type": "Feature", "properties": { "visible_points": 0, "total_points": 77, "visibility_pct": 0.0 }, "geometry": { "type": "Point", "coordinates": [ 0.117602624700011, 52.196272640426265 ] } },
{ "type": "Feature", "properties": { "visible_points": 36, "total_points": 88, "visibility_pct": 40.909090909090914 }, "geometry": { "type": "Point", "coordinates": [ 0.117805206170408, 52.196269005602019 ] } },
{ "type": "Feature", "properties": { "visible_points": 49, "total_points": 98, "visibility_pct": 50.0 }, "geometry": { "type": "Point", "coordinates": [ 0.118007787597338, 52.196265370429039 ] } },
{ "type": "Feature", "properties": { "visible_points": 49, "total_points": 107, "visibility_pct": 45.794392523364486 }, "geometry": { "type": "Point", "coordinates": [ 0.118210368980797, 52.196261734907324 ] } },
{ "type": "Feature", "properties": { "visible_points": 38, "total_points": 113, "visibility_pct": 33.628318584070797 }, "geometry": { "type": "Point", "coordinates": [ 0.118412950320788, 52.196258099036868 ] } },
{ "type": "Feature", "properties": { "visible_points": 47, "total_points": 110, "visibility_pct": 42.727272727272727 }, "geometry": { "type": "Point", "coordinates": [ 0.118615531617301, 52.196254462817684 ] } },
{ "type": "Feature", "properties": { "visible_points": 45, "total_points": 100, "visibility_pct": 45.0 }, "geometry": { "type": "Point", "coordinates": [ 0.118818112870333, 52.196250826249745 ] } },
{ "type": "Feature", "properties": { "visible_points": 40, "total_points": 88, "visibility_pct": 45.454545454545453 }, "geometry": { "type": "Point", "coordinates": [ 0.119020694079879, 52.196247189333093 ] } },
{ "type": "Feature", "properties": { "visible_points": 18, "total_points": 76, "visibility_pct": 23.684210526315788 }, "geometry": { "type": "Point", "coordinates": [ 0.119223275245936, 52.196243552067706 ] } },
{ "type": "Feature", "properties": { "visible_points": 0, "total_points": 77, "visibility_pct": 0.0 }, "geometry": { "type": "Point", "coordinates": [ 0.117709041881288, 52.196378635864775 ] } },
{ "type": "Feature", "properties": { "visible_points": 31, "total_points": 88, "visibility_pct": 35.227272727272727 }, "geometry": { "type": "Point", "coordinates": [ 0.117911623825203, 52.196375000868215 ] } },
{ "type": "Feature", "properties": { "visible_points": 41, "total_points": 98, "visibility_pct": 41.836734693877553 }, "geometry": { "type": "Point", "coordinates": [ 0.11811420572565, 52.196371365522907 ] } },
{ "type": "Feature", "properties": { "visible_points": 44, "total_points": 107, "visibility_pct": 41.121495327102799 }, "geometry": { "type": "Point", "coordinates": [ 0.118316787582631, 52.196367729828886 ] } },
{ "type": "Feature", "properties": { "visible_points": 31, "total_points": 111, "visibility_pct": 27.927927927927925 }, "geometry": { "type": "Point", "coordinates": [ 0.118519369396129, 52.196364093786109 ] } },
{ "type": "Feature", "properties": { "visible_points": 47, "total_points": 108, "visibility_pct": 43.518518518518519 }, "geometry": { "type": "Point", "coordinates": [ 0.118721951166151, 52.196360457394611 ] } },
{ "type": "Feature", "properties": { "visible_points": 41, "total_points": 97, "visibility_pct": 42.268041237113401 }, "geometry": { "type": "Point", "coordinates": [ 0.11892453289269, 52.19635682065438 ] } },
{ "type": "Feature", "properties": { "visible_points": 34, "total_points": 85, "visibility_pct": 40.0 }, "geometry": { "type": "Point", "coordinates": [ 0.119127114575743, 52.196353183565407 ] } },
{ "type": "Feature", "properties": { "visible_points": 0, "total_points": 77, "visibility_pct": 0.0 }, "geometry": { "type": "Point", "coordinates": [ 0.11781545957956, 52.19648463121662 ] } },
{ "type": "Feature", "properties": { "visible_points": 22, "total_points": 88, "visibility_pct": 25.0 }, "geometry": { "type": "Point", "coordinates": [ 0.118018041996996, 52.196480996047761 ] } },
{ "type": "Feature", "properties": { "visible_points": 36, "total_points": 98, "visibility_pct": 36.734693877551024 }, "geometry": { "type": "Point", "coordinates": [ 0.11822062437096, 52.196477360530139 ] } },
{ "type": "Feature", "properties": { "visible_points": 43, "total_points": 107, "visibility_pct": 40.186915887850468 }, "geometry": { "type": "Point", "coordinates": [ 0.118423206701457, 52.19647372466379 ] } },
{ "type": "Feature", "properties": { "visible_points": 44, "total_points": 109, "visibility_pct": 40.366972477064223 }, "geometry": { "type": "Point", "coordinates": [ 0.118625788988468, 52.19647008844872 ] } },
{ "type": "Feature", "properties": { "visible_points": 45, "total_points": 105, "visibility_pct": 42.857142857142854 }, "geometry": { "type": "Point", "coordinates": [ 0.118828371232005, 52.196466451884895 ] } },
{ "type": "Feature", "properties": { "visible_points": 39, "total_points": 94, "visibility_pct": 41.48936170212766 }, "geometry": { "type": "Point", "coordinates": [ 0.119030953432052, 52.196462814972342 ] } },
{ "type": "Feature", "properties": { "visible_points": 32, "total_points": 82, "visibility_pct": 39.024390243902438 }, "geometry": { "type": "Point", "coordinates": [ 0.119233535588611, 52.196459177711048 ] } },
{ "type": "Feature", "properties": { "visible_points": 16, "total_points": 88, "visibility_pct": 18.181818181818183 }, "geometry": { "type": "Point", "coordinates": [ 0.118124460685783, 52.196586991140649 ] } },
{ "type": "Feature", "properties": { "visible_points": 40, "total_points": 98, "visibility_pct": 40.816326530612244 }, "geometry": { "type": "Point", "coordinates": [ 0.118327043533275, 52.196583355450734 ] } },
{ "type": "Feature", "properties": { "visible_points": 44, "total_points": 106, "visibility_pct": 41.509433962264154 }, "geometry": { "type": "Point", "coordinates": [ 0.118529626337278, 52.196579719412078 ] } },
{ "type": "Feature", "properties": { "visible_points": 43, "total_points": 106, "visibility_pct": 40.566037735849058 }, "geometry": { "type": "Point", "coordinates": [ 0.118732209097815, 52.196576083024681 ] } },
{ "type": "Feature", "properties": { "visible_points": 44, "total_points": 102, "visibility_pct": 43.137254901960787 }, "geometry": { "type": "Point", "coordinates": [ 0.118934791814861, 52.196572446288528 ] } },
{ "type": "Feature", "properties": { "visible_points": 37, "total_points": 90, "visibility_pct": 41.111111111111107 }, "geometry": { "type": "Point", "coordinates": [ 0.119137374488422, 52.196568809203647 ] } },
{ "type": "Feature", "properties": { "visible_points": 1, "total_points": 78, "visibility_pct": 1.2820512820512819 }, "geometry": { "type": "Point", "coordinates": [ 0.119339957118488, 52.19656517177004 ] } },
{ "type": "Feature", "properties": { "visible_points": 0, "total_points": 89, "visibility_pct": 0.0 }, "geometry": { "type": "Point", "coordinates": [ 0.118230879891574, 52.196692986146928 ] } },
{ "type": "Feature", "properties": { "visible_points": 36, "total_points": 99, "visibility_pct": 36.363636363636367 }, "geometry": { "type": "Point", "coordinates": [ 0.118433463212585, 52.196689350284686 ] } },
{ "type": "Feature", "properties": { "visible_points": 31, "total_points": 105, "visibility_pct": 29.523809523809526 }, "geometry": { "type": "Point", "coordinates": [ 0.118636046490118, 52.196685714073709 ] } },
{ "type": "Feature", "properties": { "visible_points": 42, "total_points": 104, "visibility_pct": 40.384615384615387 }, "geometry": { "type": "Point", "coordinates": [ 0.118838629724166, 52.196682077513977 ] } },
{ "type": "Feature", "properties": { "visible_points": 38, "total_points": 98, "visibility_pct": 38.775510204081634 }, "geometry": { "type": "Point", "coordinates": [ 0.119041212914727, 52.196678440605524 ] } },
{ "type": "Feature", "properties": { "visible_points": 34, "total_points": 86, "visibility_pct": 39.534883720930232 }, "geometry": { "type": "Point", "coordinates": [ 0.119243796061799, 52.196674803348323 ] } },
{ "type": "Feature", "properties": { "visible_points": 0, "total_points": 90, "visibility_pct": 0.0 }, "geometry": { "type": "Point", "coordinates": [ 0.118337299614374, 52.196798981066536 ] } },
{ "type": "Feature", "properties": { "visible_points": 33, "total_points": 100, "visibility_pct": 33.0 }, "geometry": { "type": "Point", "coordinates": [ 0.118539883408906, 52.196795345031987 ] } },
{ "type": "Feature", "properties": { "visible_points": 17, "total_points": 104, "visibility_pct": 16.346153846153847 }, "geometry": { "type": "Point", "coordinates": [ 0.11874246715996, 52.196791708648682 ] } },
{ "type": "Feature", "properties": { "visible_points": 39, "total_points": 102, "visibility_pct": 38.235294117647058 }, "geometry": { "type": "Point", "coordinates": [ 0.118945050867531, 52.196788071916643 ] } },
{ "type": "Feature", "properties": { "visible_points": 30, "total_points": 95, "visibility_pct": 31.578947368421051 }, "geometry": { "type": "Point", "coordinates": [ 0.119147634531606, 52.196784434835855 ] } },
{ "type": "Feature", "properties": { "visible_points": 23, "total_points": 83, "visibility_pct": 27.710843373493976 }, "geometry": { "type": "Point", "coordinates": [ 0.119350218152197, 52.196780797406333 ] } },
{ "type": "Feature", "properties": { "visible_points": 0, "total_points": 92, "visibility_pct": 0.0 }, "geometry": { "type": "Point", "coordinates": [ 0.118443719854182, 52.196904975899507 ] } },
{ "type": "Feature", "properties": { "visible_points": 30, "total_points": 101, "visibility_pct": 29.702970297029701 }, "geometry": { "type": "Point", "coordinates": [ 0.11864630412224, 52.19690133969263 ] } },
{ "type": "Feature", "properties": { "visible_points": 4, "total_points": 102, "visibility_pct": 3.9215686274509802 }, "geometry": { "type": "Point", "coordinates": [ 0.118848888346818, 52.196897703137019 ] } },
{ "type": "Feature", "properties": { "visible_points": 30, "total_points": 100, "visibility_pct": 30.0 }, "geometry": { "type": "Point", "coordinates": [ 0.119051472527911, 52.196894066232666 ] } },
{ "type": "Feature", "properties": { "visible_points": 22, "total_points": 91, "visibility_pct": 24.175824175824175 }, "geometry": { "type": "Point", "coordinates": [ 0.119254056665504, 52.196890428979557 ] } },
{ "type": "Feature", "properties": { "visible_points": 1, "total_points": 78, "visibility_pct": 1.2820512820512819 }, "geometry": { "type": "Point", "coordinates": [ 0.119456640759607, 52.1968867913777 ] } },
{ "type": "Feature", "properties": { "visible_points": 0, "total_points": 95, "visibility_pct": 0.0 }, "geometry": { "type": "Point", "coordinates": [ 0.118550140611008, 52.19701097064582 ] } },
{ "type": "Feature", "properties": { "visible_points": 27, "total_points": 101, "visibility_pct": 26.732673267326735 }, "geometry": { "type": "Point", "coordinates": [ 0.118752725352592, 52.19700733426663 ] } },
{ "type": "Feature", "properties": { "visible_points": 10, "total_points": 101, "visibility_pct": 9.9009900990099009 }, "geometry": { "type": "Point", "coordinates": [ 0.118955310050693, 52.197003697538698 ] } },
{ "type": "Feature", "properties": { "visible_points": 22, "total_points": 96, "visibility_pct": 22.916666666666664 }, "geometry": { "type": "Point", "coordinates": [ 0.119157894705308, 52.197000060462003 ] } },
{ "type": "Feature", "properties": { "visible_points": 0, "total_points": 85, "visibility_pct": 0.0 }, "geometry": { "type": "Point", "coordinates": [ 0.119360479316425, 52.196996423036602 ] } },
{ "type": "Feature", "properties": { "visible_points": 0, "total_points": 98, "visibility_pct": 0.0 }, "geometry": { "type": "Point", "coordinates": [ 0.11865656188485, 52.197116965305504 ] } },
{ "type": "Feature", "properties": { "visible_points": 26, "total_points": 102, "visibility_pct": 25.490196078431371 }, "geometry": { "type": "Point", "coordinates": [ 0.118859147099966, 52.197113328753986 ] } },
{ "type": "Feature", "properties": { "visible_points": 24, "total_points": 98, "visibility_pct": 24.489795918367346 }, "geometry": { "type": "Point", "coordinates": [ 0.119061732271592, 52.197109691853719 ] } },
{ "type": "Feature", "properties": { "visible_points": 17, "total_points": 90, "visibility_pct": 18.888888888888889 }, "geometry": { "type": "Point", "coordinates": [ 0.119264317399731, 52.19710605460471 ] } },
{ "type": "Feature", "properties": { "visible_points": 0, "total_points": 78, "visibility_pct": 0.0 }, "geometry": { "type": "Point", "coordinates": [ 0.119466902484367, 52.197102417006974 ] } },
{ "type": "Feature", "properties": { "visible_points": 0, "total_points": 93, "visibility_pct": 0.0 }, "geometry": { "type": "Point", "coordinates": [ 0.118560397943578, 52.1972265962536 ] } },
{ "type": "Feature", "properties": { "visible_points": 14, "total_points": 101, "visibility_pct": 13.861386138613863 }, "geometry": { "type": "Point", "coordinates": [ 0.118762983675716, 52.197222959878523 ] } },
{ "type": "Feature", "properties": { "visible_points": 19, "total_points": 99, "visibility_pct": 19.19191919191919 }, "geometry": { "type": "Point", "coordinates": [ 0.118965569364361, 52.197219323154677 ] } },
{ "type": "Feature", "properties": { "visible_points": 17, "total_points": 94, "visibility_pct": 18.085106382978726 }, "geometry": { "type": "Point", "coordinates": [ 0.119168155009518, 52.197215686082096 ] } },
{ "type": "Feature", "properties": { "visible_points": 12, "total_points": 85, "visibility_pct": 14.117647058823529 }, "geometry": { "type": "Point", "coordinates": [ 0.119370740611182, 52.197212048660774 ] } },
{ "type": "Feature", "properties": { "visible_points": 1, "total_points": 72, "visibility_pct": 1.3888888888888888 }, "geometry": { "type": "Point", "coordinates": [ 0.119573326169346, 52.197208410890681 ] } },
{ "type": "Feature", "properties": { "visible_points": 14, "total_points": 98, "visibility_pct": 14.285714285714285 }, "geometry": { "type": "Point", "coordinates": [ 0.118666819777939, 52.197332590912303 ] } },
{ "type": "Feature", "properties": { "visible_points": 18, "total_points": 100, "visibility_pct": 18.0 }, "geometry": { "type": "Point", "coordinates": [ 0.118869405983609, 52.197328954364885 ] } },
{ "type": "Feature", "properties": { "visible_points": 12, "total_points": 96, "visibility_pct": 12.5 }, "geometry": { "type": "Point", "coordinates": [ 0.119071992145786, 52.197325317468724 ] } },
{ "type": "Feature", "properties": { "visible_points": 20, "total_points": 89, "visibility_pct": 22.471910112359549 }, "geometry": { "type": "Point", "coordinates": [ 0.119274578264472, 52.19732168022383 ] } },
{ "type": "Feature", "properties": { "visible_points": 9, "total_points": 78, "visibility_pct": 11.538461538461538 }, "geometry": { "type": "Point", "coordinates": [ 0.119477164339667, 52.197318042630179 ] } },
{ "type": "Feature", "properties": { "visible_points": 0, "total_points": 94, "visibility_pct": 0.0 }, "geometry": { "type": "Point", "coordinates": [ 0.118570655406633, 52.19744222185534 ] } },
{ "type": "Feature", "properties": { "visible_points": 0, "total_points": 100, "visibility_pct": 0.0 }, "geometry": { "type": "Point", "coordinates": [ 0.118773242129326, 52.197438585484342 ] } },
{ "type": "Feature", "properties": { "visible_points": 8, "total_points": 98, "visibility_pct": 8.1632653061224492 }, "geometry": { "type": "Point", "coordinates": [ 0.11897582880853, 52.197434948764624 ] } },
{ "type": "Feature", "properties": { "visible_points": 3, "total_points": 92, "visibility_pct": 3.2608695652173911 }, "geometry": { "type": "Point", "coordinates": [ 0.119178415444248, 52.197431311696128 ] } },
{ "type": "Feature", "properties": { "visible_points": 9, "total_points": 83, "visibility_pct": 10.843373493975903 }, "geometry": { "type": "Point", "coordinates": [ 0.119381002036463, 52.197427674278892 ] } },
{ "type": "Feature", "properties": { "visible_points": 2, "total_points": 98, "visibility_pct": 2.0408163265306123 }, "geometry": { "type": "Point", "coordinates": [ 0.118677077801517, 52.19754821651307 ] } },
{ "type": "Feature", "properties": { "visible_points": 8, "total_points": 99, "visibility_pct": 8.0808080808080813 }, "geometry": { "type": "Point", "coordinates": [ 0.118879664997744, 52.197544579969744 ] } },
{ "type": "Feature", "properties": { "visible_points": 3, "total_points": 95, "visibility_pct": 3.1578947368421053 }, "geometry": { "type": "Point", "coordinates": [ 0.119082252150493, 52.197540943077684 ] } },
{ "type": "Feature", "properties": { "visible_points": 9, "total_points": 88, "visibility_pct": 10.227272727272728 }, "geometry": { "type": "Point", "coordinates": [ 0.119284839259741, 52.197537305836875 ] } },
{ "type": "Feature", "properties": { "visible_points": 0, "total_points": 97, "visibility_pct": 0.0 }, "geometry": { "type": "Point", "coordinates": [ 0.118580913000165, 52.197657847451005 ] } },
{ "type": "Feature", "properties": { "visible_points": 4, "total_points": 99, "visibility_pct": 4.0404040404040407 }, "geometry": { "type": "Point", "coordinates": [ 0.118783500713434, 52.197654211084135 ] } },
{ "type": "Feature", "properties": { "visible_points": 3, "total_points": 98, "visibility_pct": 3.0612244897959182 }, "geometry": { "type": "Point", "coordinates": [ 0.118986088383207, 52.197650574368488 ] } },
{ "type": "Feature", "properties": { "visible_points": 12, "total_points": 91, "visibility_pct": 13.186813186813188 }, "geometry": { "type": "Point", "coordinates": [ 0.119188676009488, 52.197646937304093 ] } },
{ "type": "Feature", "properties": { "visible_points": 1, "total_points": 81, "visibility_pct": 1.2345679012345678 }, "geometry": { "type": "Point", "coordinates": [ 0.119391263592277, 52.19764329989097 ] } },
{ "type": "Feature", "properties": { "visible_points": 0, "total_points": 96, "visibility_pct": 0.0 }, "geometry": { "type": "Point", "coordinates": [ 0.118484747725281, 52.197767478298204 ] } },
{ "type": "Feature", "properties": { "visible_points": 10, "total_points": 100, "visibility_pct": 10.0 }, "geometry": { "type": "Point", "coordinates": [ 0.118687335955576, 52.197763842107747 ] } },
{ "type": "Feature", "properties": { "visible_points": 0, "total_points": 99, "visibility_pct": 0.0 }, "geometry": { "type": "Point", "coordinates": [ 0.118889924142389, 52.197760205568542 ] } },
{ "type": "Feature", "properties": { "visible_points": 11, "total_points": 94, "visibility_pct": 11.702127659574469 }, "geometry": { "type": "Point", "coordinates": [ 0.119092512285708, 52.197756568680575 ] } },
{ "type": "Feature", "properties": { "visible_points": 0, "total_points": 85, "visibility_pct": 0.0 }, "geometry": { "type": "Point", "coordinates": [ 0.119295100385531, 52.197752931443866 ] } },
{ "type": "Feature", "properties": { "visible_points": 12, "total_points": 86, "visibility_pct": 13.953488372093023 }, "geometry": { "type": "Point", "coordinates": [ 0.11818599318604, 52.197880744719917 ] } },
{ "type": "Feature", "properties": { "visible_points": 20, "total_points": 95, "visibility_pct": 21.052631578947366 }, "geometry": { "type": "Point", "coordinates": [ 0.118388581976852, 52.19787710905463 ] } },
{ "type": "Feature", "properties": { "visible_points": 18, "total_points": 101, "visibility_pct": 17.82178217821782 }, "geometry": { "type": "Point", "coordinates": [ 0.118591170724182, 52.19787347304063 ] } },
{ "type": "Feature", "properties": { "visible_points": 0, "total_points": 101, "visibility_pct": 0.0 }, "geometry": { "type": "Point", "coordinates": [ 0.118793759428029, 52.197869836677839 ] } },
{ "type": "Feature", "properties": { "visible_points": 10, "total_points": 96, "visibility_pct": 10.416666666666668 }, "geometry": { "type": "Point", "coordinates": [ 0.118996348088389, 52.19786619996632 ] } },
{ "type": "Feature", "properties": { "visible_points": 0, "total_points": 88, "visibility_pct": 0.0 }, "geometry": { "type": "Point", "coordinates": [ 0.119198936705256, 52.197862562906025 ] } },
{ "type": "Feature", "properties": { "visible_points": 20, "total_points": 87, "visibility_pct": 22.988505747126435 }, "geometry": { "type": "Point", "coordinates": [ 0.118089826447026, 52.197990375209159 ] } },
{ "type": "Feature", "properties": { "visible_points": 19, "total_points": 96, "visibility_pct": 19.791666666666664 }, "geometry": { "type": "Point", "coordinates": [ 0.118292415754876, 52.197986739720321 ] } },
{ "type": "Feature", "properties": { "visible_points": 24, "total_points": 103, "visibility_pct": 23.300970873786408 }, "geometry": { "type": "Point", "coordinates": [ 0.11849500501924, 52.197983103882734 ] } },
{ "type": "Feature", "properties": { "visible_points": 18, "total_points": 103, "visibility_pct": 17.475728155339805 }, "geometry": { "type": "Point", "coordinates": [ 0.118697594240132, 52.197979467696392 ] } },
{ "type": "Feature", "properties": { "visible_points": 21, "total_points": 99, "visibility_pct": 21.212121212121211 }, "geometry": { "type": "Point", "coordinates": [ 0.11890018341753, 52.197975831161273 ] } },
{ "type": "Feature", "properties": { "visible_points": 17, "total_points": 91, "visibility_pct": 18.681318681318682 }, "geometry": { "type": "Point", "coordinates": [ 0.119102772551438, 52.197972194277419 ] } },
{ "type": "Feature", "properties": { "visible_points": 1, "total_points": 79, "visibility_pct": 1.2658227848101267 }, "geometry": { "type": "Point", "coordinates": [ 0.119305361641855, 52.197968557044803 ] } },
{ "type": "Feature", "properties": { "visible_points": 22, "total_points": 88, "visibility_pct": 25.0 }, "geometry": { "type": "Point", "coordinates": [ 0.117993659234459, 52.19810000560765 ] } },
{ "type": "Feature", "properties": { "visible_points": 27, "total_points": 97, "visibility_pct": 27.835051546391753 }, "geometry": { "type": "Point", "coordinates": [ 0.118196249059346, 52.198096370295239 ] } },
{ "type": "Feature", "properties": { "visible_points": 23, "total_points": 105, "visibility_pct": 21.904761904761905 }, "geometry": { "type": "Point", "coordinates": [ 0.118398838840757, 52.198092734634095 ] } },
{ "type": "Feature", "properties": { "visible_points": 27, "total_points": 106, "visibility_pct": 25.471698113207548 }, "geometry": { "type": "Point", "coordinates": [ 0.118601428578682, 52.198089098624166 ] } },
{ "type": "Feature", "properties": { "visible_points": 29, "total_points": 103, "visibility_pct": 28.155339805825243 }, "geometry": { "type": "Point", "coordinates": [ 0.118804018273127, 52.198085462265496 ] } },
{ "type": "Feature", "properties": { "visible_points": 21, "total_points": 94, "visibility_pct": 22.340425531914892 }, "geometry": { "type": "Point", "coordinates": [ 0.119006607924083, 52.198081825558056 ] } },
{ "type": "Feature", "properties": { "visible_points": 1, "total_points": 82, "visibility_pct": 1.2195121951219512 }, "geometry": { "type": "Point", "coordinates": [ 0.119209197531542, 52.198078188501874 ] } },
{ "type": "Feature", "properties": { "visible_points": 0, "total_points": 80, "visibility_pct": 0.0 }, "geometry": { "type": "Point", "coordinates": [ 0.117694901162936, 52.198213270702588 ] } },
{ "type": "Feature", "properties": { "visible_points": 0, "total_points": 90, "visibility_pct": 0.0 }, "geometry": { "type": "Point", "coordinates": [ 0.117897491548337, 52.198209635915376 ] } },
{ "type": "Feature", "properties": { "visible_points": 31, "total_points": 99, "visibility_pct": 31.313131313131315 }, "geometry": { "type": "Point", "coordinates": [ 0.118100081890265, 52.198206000779415 ] } },
{ "type": "Feature", "properties": { "visible_points": 29, "total_points": 107, "visibility_pct": 27.102803738317753 }, "geometry": { "type": "Point", "coordinates": [ 0.118302672188713, 52.198202365294684 ] } },
{ "type": "Feature", "properties": { "visible_points": 17, "total_points": 109, "visibility_pct": 15.596330275229359 }, "geometry": { "type": "Point", "coordinates": [ 0.118505262443684, 52.198198729461211 ] } },
{ "type": "Feature", "properties": { "visible_points": 31, "total_points": 107, "visibility_pct": 28.971962616822427 }, "geometry": { "type": "Point", "coordinates": [ 0.118707852655176, 52.198195093278947 ] } },
{ "type": "Feature", "properties": { "visible_points": 28, "total_points": 97, "visibility_pct": 28.865979381443296 }, "geometry": { "type": "Point", "coordinates": [ 0.118910442823178, 52.198191456747949 ] } },
{ "type": "Feature", "properties": { "visible_points": 0, "total_points": 85, "visibility_pct": 0.0 }, "geometry": { "type": "Point", "coordinates": [ 0.119113032947687, 52.198187819868203 ] } },
{ "type": "Feature", "properties": { "visible_points": 1, "total_points": 83, "visibility_pct": 1.2048192771084338 }, "geometry": { "type": "Point", "coordinates": [ 0.11759873248621, 52.198322900743122 ] } },
{ "type": "Feature", "properties": { "visible_points": 0, "total_points": 92, "visibility_pct": 0.0 }, "geometry": { "type": "Point", "coordinates": [ 0.11780132338865, 52.198319266132344 ] } },
{ "type": "Feature", "properties": { "visible_points": 33, "total_points": 101, "visibility_pct": 32.673267326732677 }, "geometry": { "type": "Point", "coordinates": [ 0.118003914247616, 52.198315631172818 ] } },
{ "type": "Feature", "properties": { "visible_points": 35, "total_points": 109, "visibility_pct": 32.11009174311927 }, "geometry": { "type": "Point", "coordinates": [ 0.118206505063115, 52.198311995864529 ] } },
{ "type": "Feature", "properties": { "visible_points": 30, "total_points": 113, "visibility_pct": 26.548672566371685 }, "geometry": { "type": "Point", "coordinates": [ 0.118409095835134, 52.198308360207484 ] } },
{ "type": "Feature", "properties": { "visible_points": 28, "total_points": 110, "visibility_pct": 25.454545454545453 }, "geometry": { "type": "Point", "coordinates": [ 0.11861168656367, 52.198304724201662 ] } },
{ "type": "Feature", "properties": { "visible_points": 35, "total_points": 101, "visibility_pct": 34.653465346534652 }, "geometry": { "type": "Point", "coordinates": [ 0.118814277248723, 52.198301087847085 ] } },
{ "type": "Feature", "properties": { "visible_points": 0, "total_points": 89, "visibility_pct": 0.0 }, "geometry": { "type": "Point", "coordinates": [ 0.119016867890286, 52.198297451143766 ] } },
{ "type": "Feature", "properties": { "visible_points": 0, "total_points": 86, "visibility_pct": 0.0 }, "geometry": { "type": "Point", "coordinates": [ 0.117502563335915, 52.198432530692891 ] } },
{ "type": "Feature", "properties": { "visible_points": 0, "total_points": 95, "visibility_pct": 0.0 }, "geometry": { "type": "Point", "coordinates": [ 0.117705154755395, 52.198428896258548 ] } },
{ "type": "Feature", "properties": { "visible_points": 27, "total_points": 103, "visibility_pct": 26.21359223300971 }, "geometry": { "type": "Point", "coordinates": [ 0.117907746131411, 52.198425261475464 ] } },
{ "type": "Feature", "properties": { "visible_points": 34, "total_points": 111, "visibility_pct": 30.630630630630627 }, "geometry": { "type": "Point", "coordinates": [ 0.118110337463953, 52.198421626343617 ] } },
{ "type": "Feature", "properties": { "visible_points": 38, "total_points": 116, "visibility_pct": 32.758620689655174 }, "geometry": { "type": "Point", "coordinates": [ 0.118312928753022, 52.198417990863007 ] } },
{ "type": "Feature", "properties": { "visible_points": 32, "total_points": 113, "visibility_pct": 28.318584070796462 }, "geometry": { "type": "Point", "coordinates": [ 0.118515519998611, 52.19841435503362 ] } },
{ "type": "Feature", "properties": { "visible_points": 36, "total_points": 104, "visibility_pct": 34.615384615384613 }, "geometry": { "type": "Point", "coordinates": [ 0.118718111200715, 52.198410718855477 ] } },
{ "type": "Feature", "properties": { "visible_points": 31, "total_points": 93, "visibility_pct": 33.333333333333329 }, "geometry": { "type": "Point", "coordinates": [ 0.118920702359329, 52.198407082328586 ] } },
{ "type": "Feature", "properties": { "visible_points": 0, "total_points": 81, "visibility_pct": 0.0 }, "geometry": { "type": "Point", "coordinates": [ 0.119123293474456, 52.198403445452911 ] } },
{ "type": "Feature", "properties": { "visible_points": 0, "total_points": 88, "visibility_pct": 0.0 }, "geometry": { "type": "Point", "coordinates": [ 0.117406393712043, 52.198542160551888 ] } },
{ "type": "Feature", "properties": { "visible_points": 0, "total_points": 97, "visibility_pct": 0.0 }, "geometry": { "type": "Point", "coordinates": [ 0.117608985648571, 52.198538526294008 ] } },
{ "type": "Feature", "properties": { "visible_points": 13, "total_points": 105, "visibility_pct": 12.380952380952381 }, "geometry": { "type": "Point", "coordinates": [ 0.117811577541634, 52.198534891687352 ] } },
{ "type": "Feature", "properties": { "visible_points": 36, "total_points": 112, "visibility_pct": 32.142857142857146 }, "geometry": { "type": "Point", "coordinates": [ 0.11801416939123, 52.198531256731933 ] } },
{ "type": "Feature", "properties": { "visible_points": 41, "total_points": 118, "visibility_pct": 34.745762711864408 }, "geometry": { "type": "Point", "coordinates": [ 0.118216761197349, 52.198527621427758 ] } },
{ "type": "Feature", "properties": { "visible_points": 24, "total_points": 115, "visibility_pct": 20.869565217391305 }, "geometry": { "type": "Point", "coordinates": [ 0.118419352959988, 52.198523985774813 ] } },
{ "type": "Feature", "properties": { "visible_points": 34, "total_points": 107, "visibility_pct": 31.775700934579437 }, "geometry": { "type": "Point", "coordinates": [ 0.118621944679146, 52.198520349773112 ] } },
{ "type": "Feature", "properties": { "visible_points": 36, "total_points": 96, "visibility_pct": 37.5 }, "geometry": { "type": "Point", "coordinates": [ 0.118824536354821, 52.198516713422634 ] } },
{ "type": "Feature", "properties": { "visible_points": 0, "total_points": 84, "visibility_pct": 0.0 }, "geometry": { "type": "Point", "coordinates": [ 0.119027127987002, 52.198513076723415 ] } },
{ "type": "Feature", "properties": { "visible_points": 1, "total_points": 82, "visibility_pct": 1.2195121951219512 }, "geometry": { "type": "Point", "coordinates": [ 0.11710763111756, 52.198655424052816 ] } },
{ "type": "Feature", "properties": { "visible_points": 1, "total_points": 91, "visibility_pct": 1.098901098901099 }, "geometry": { "type": "Point", "coordinates": [ 0.117310223614593, 52.19865179032012 ] } },
{ "type": "Feature", "properties": { "visible_points": 0, "total_points": 99, "visibility_pct": 0.0 }, "geometry": { "type": "Point", "coordinates": [ 0.117512816068177, 52.198648156238676 ] } },
{ "type": "Feature", "properties": { "visible_points": 5, "total_points": 107, "visibility_pct": 4.6728971962616823 }, "geometry": { "type": "Point", "coordinates": [ 0.117715408478284, 52.198644521808468 ] } },
{ "type": "Feature", "properties": { "visible_points": 43, "total_points": 113, "visibility_pct": 38.053097345132741 }, "geometry": { "type": "Point", "coordinates": [ 0.117918000844932, 52.198640887029505 ] } },
{ "type": "Feature", "properties": { "visible_points": 38, "total_points": 119, "visibility_pct": 31.932773109243694 }, "geometry": { "type": "Point", "coordinates": [ 0.118120593168106, 52.198637251901758 ] } },
{ "type": "Feature", "properties": { "visible_points": 17, "total_points": 117, "visibility_pct": 14.529914529914532 }, "geometry": { "type": "Point", "coordinates": [ 0.118323185447803, 52.198633616425255 ] } },
{ "type": "Feature", "properties": { "visible_points": 34, "total_points": 109, "visibility_pct": 31.192660550458719 }, "geometry": { "type": "Point", "coordinates": [ 0.118525777684018, 52.198629980599975 ] } },
{ "type": "Feature", "properties": { "visible_points": 34, "total_points": 99, "visibility_pct": 34.343434343434339 }, "geometry": { "type": "Point", "coordinates": [ 0.118728369876751, 52.198626344425932 ] } },
{ "type": "Feature", "properties": { "visible_points": 22, "total_points": 87, "visibility_pct": 25.287356321839084 }, "geometry": { "type": "Point", "coordinates": [ 0.118930962025992, 52.198622707903155 ] } },
{ "type": "Feature", "properties": { "visible_points": 0, "total_points": 85, "visibility_pct": 0.0 }, "geometry": { "type": "Point", "coordinates": [ 0.117011460029478, 52.198765053553828 ] } },
{ "type": "Feature", "properties": { "visible_points": 2, "total_points": 94, "visibility_pct": 2.1276595744680851 }, "geometry": { "type": "Point", "coordinates": [ 0.117214053043567, 52.198761419997595 ] } },
{ "type": "Feature", "properties": { "visible_points": 3, "total_points": 102, "visibility_pct": 2.9411764705882351 }, "geometry": { "type": "Point", "coordinates": [ 0.117416646014196, 52.198757786092578 ] } },
{ "type": "Feature", "properties": { "visible_points": 0, "total_points": 109, "visibility_pct": 0.0 }, "geometry": { "type": "Point", "coordinates": [ 0.117619238941363, 52.19875415183882 ] } },
{ "type": "Feature", "properties": { "visible_points": 46, "total_points": 115, "visibility_pct": 40.0 }, "geometry": { "type": "Point", "coordinates": [ 0.11782183182506, 52.198750517236299 ] } },
{ "type": "Feature", "properties": { "visible_points": 44, "total_points": 120, "visibility_pct": 36.666666666666664 }, "geometry": { "type": "Point", "coordinates": [ 0.118024424665294, 52.198746882284986 ] } },
{ "type": "Feature", "properties": { "visible_points": 0, "total_points": 119, "visibility_pct": 0.0 }, "geometry": { "type": "Point", "coordinates": [ 0.118227017462047, 52.198743246984918 ] } },
{ "type": "Feature", "properties": { "visible_points": 29, "total_points": 111, "visibility_pct": 26.126126126126124 }, "geometry": { "type": "Point", "coordinates": [ 0.118429610215322, 52.19873961133608 ] } },
{ "type": "Feature", "properties": { "visible_points": 34, "total_points": 102, "visibility_pct": 33.333333333333329 }, "geometry": { "type": "Point", "coordinates": [ 0.118632202925116, 52.198735975338472 ] } },
{ "type": "Feature", "properties": { "visible_points": 29, "total_points": 91, "visibility_pct": 31.868131868131865 }, "geometry": { "type": "Point", "coordinates": [ 0.11883479559142, 52.198732338992123 ] } },
{ "type": "Feature", "properties": { "visible_points": 0, "total_points": 79, "visibility_pct": 0.0 }, "geometry": { "type": "Point", "coordinates": [ 0.119037388214239, 52.198728702296989 ] } },
{ "type": "Feature", "properties": { "visible_points": 3, "total_points": 78, "visibility_pct": 3.8461538461538463 }, "geometry": { "type": "Point", "coordinates": [ 0.116712694893223, 52.198878315995096 ] } },
{ "type": "Feature", "properties": { "visible_points": 0, "total_points": 88, "visibility_pct": 0.0 }, "geometry": { "type": "Point", "coordinates": [ 0.116915288467813, 52.198874682964075 ] } },
{ "type": "Feature", "properties": { "visible_points": 0, "total_points": 97, "visibility_pct": 0.0 }, "geometry": { "type": "Point", "coordinates": [ 0.117117881998952, 52.198871049584298 ] } },
{ "type": "Feature", "properties": { "visible_points": 0, "total_points": 105, "visibility_pct": 0.0 }, "geometry": { "type": "Point", "coordinates": [ 0.117320475486635, 52.19886741585573 ] } },
{ "type": "Feature", "properties": { "visible_points": 0, "total_points": 111, "visibility_pct": 0.0 }, "geometry": { "type": "Point", "coordinates": [ 0.117523068930861, 52.198863781778421 ] } },
{ "type": "Feature", "properties": { "visible_points": 49, "total_points": 117, "visibility_pct": 41.880341880341881 }, "geometry": { "type": "Point", "coordinates": [ 0.117725662331611, 52.198860147352313 ] } },
{ "type": "Feature", "properties": { "visible_points": 48, "total_points": 120, "visibility_pct": 40.0 }, "geometry": { "type": "Point", "coordinates": [ 0.117928255688905, 52.198856512577457 ] } },
{ "type": "Feature", "properties": { "visible_points": 17, "total_points": 120, "visibility_pct": 14.166666666666666 }, "geometry": { "type": "Point", "coordinates": [ 0.118130849002716, 52.198852877453824 ] } },
{ "type": "Feature", "properties": { "visible_points": 40, "total_points": 114, "visibility_pct": 35.087719298245609 }, "geometry": { "type": "Point", "coordinates": [ 0.118333442273057, 52.198849241981442 ] } },
{ "type": "Feature", "properties": { "visible_points": 34, "total_points": 105, "visibility_pct": 32.38095238095238 }, "geometry": { "type": "Point", "coordinates": [ 0.118536035499913, 52.198845606160276 ] } },
{ "type": "Feature", "properties": { "visible_points": 33, "total_points": 94, "visibility_pct": 35.106382978723403 }, "geometry": { "type": "Point", "coordinates": [ 0.118738628683288, 52.19884196999034 ] } },
{ "type": "Feature", "properties": { "visible_points": 0, "total_points": 82, "visibility_pct": 0.0 }, "geometry": { "type": "Point", "coordinates": [ 0.118941221823167, 52.198838333471656 ] } },
{ "type": "Feature", "properties": { "visible_points": 0, "total_points": 80, "visibility_pct": 0.0 }, "geometry": { "type": "Point", "coordinates": [ 0.116616522340915, 52.198987945138136 ] } },
{ "type": "Feature", "properties": { "visible_points": 5, "total_points": 90, "visibility_pct": 5.5555555555555554 }, "geometry": { "type": "Point", "coordinates": [ 0.116819116432555, 52.198984312283557 ] } },
{ "type": "Feature", "properties": { "visible_points": 1, "total_points": 107, "visibility_pct": 0.93457943925233633 }, "geometry": { "type": "Point", "coordinates": [ 0.117224304485491, 52.198977045528117 ] } },
{ "type": "Feature", "properties": { "visible_points": 6, "total_points": 113, "visibility_pct": 5.3097345132743365 }, "geometry": { "type": "Point", "coordinates": [ 0.117426898446764, 52.198973411627229 ] } },
{ "type": "Feature", "properties": { "visible_points": 50, "total_points": 118, "visibility_pct": 42.372881355932201 }, "geometry": { "type": "Point", "coordinates": [ 0.117629492364587, 52.19896977737757 ] } },
{ "type": "Feature", "properties": { "visible_points": 54, "total_points": 120, "visibility_pct": 45.0 }, "geometry": { "type": "Point", "coordinates": [ 0.117832086238933, 52.198966142779177 ] } },
{ "type": "Feature", "properties": { "visible_points": 39, "total_points": 120, "visibility_pct": 32.5 }, "geometry": { "type": "Point", "coordinates": [ 0.118034680069813, 52.198962507831986 ] } },
{ "type": "Feature", "properties": { "visible_points": 49, "total_points": 116, "visibility_pct": 42.241379310344826 }, "geometry": { "type": "Point", "coordinates": [ 0.118237273857212, 52.198958872536025 ] } },
{ "type": "Feature", "properties": { "visible_points": 38, "total_points": 108, "visibility_pct": 35.185185185185183 }, "geometry": { "type": "Point", "coordinates": [ 0.118439867601138, 52.198955236891308 ] } },
{ "type": "Feature", "properties": { "visible_points": 38, "total_points": 97, "visibility_pct": 39.175257731958766 }, "geometry": { "type": "Point", "coordinates": [ 0.118642461301578, 52.198951600897836 ] } },
{ "type": "Feature", "properties": { "visible_points": 19, "total_points": 85, "visibility_pct": 22.352941176470591 }, "geometry": { "type": "Point", "coordinates": [ 0.118845054958528, 52.198947964555551 ] } },
{ "type": "Feature", "properties": { "visible_points": 6, "total_points": 72, "visibility_pct": 8.3333333333333321 }, "geometry": { "type": "Point", "coordinates": [ 0.116317754662859, 52.199101206519757 ] } },
{ "type": "Feature", "properties": { "visible_points": 0, "total_points": 82, "visibility_pct": 0.0 }, "geometry": { "type": "Point", "coordinates": [ 0.116520349315006, 52.199097574190397 ] } },
{ "type": "Feature", "properties": { "visible_points": 0, "total_points": 92, "visibility_pct": 0.0 }, "geometry": { "type": "Point", "coordinates": [ 0.1167229439237, 52.199093941512281 ] } },
{ "type": "Feature", "properties": { "visible_points": 5, "total_points": 109, "visibility_pct": 4.5871559633027523 }, "geometry": { "type": "Point", "coordinates": [ 0.117128133010746, 52.199086675109726 ] } },
{ "type": "Feature", "properties": { "visible_points": 37, "total_points": 115, "visibility_pct": 32.173913043478258 }, "geometry": { "type": "Point", "coordinates": [ 0.11733072748909, 52.199083041385286 ] } },
{ "type": "Feature", "properties": { "visible_points": 49, "total_points": 119, "visibility_pct": 41.17647058823529 }, "geometry": { "type": "Point", "coordinates": [ 0.117533321923967, 52.199079407312077 ] } },
{ "type": "Feature", "properties": { "visible_points": 53, "total_points": 120, "visibility_pct": 44.166666666666664 }, "geometry": { "type": "Point", "coordinates": [ 0.117735916315381, 52.199075772890104 ] } },
{ "type": "Feature", "properties": { "visible_points": 51, "total_points": 120, "visibility_pct": 42.5 }, "geometry": { "type": "Point", "coordinates": [ 0.117938510663324, 52.199072138119369 ] } },
{ "type": "Feature", "properties": { "visible_points": 54, "total_points": 118, "visibility_pct": 45.762711864406782 }, "geometry": { "type": "Point", "coordinates": [ 0.118141104967794, 52.19906850299985 ] } },
{ "type": "Feature", "properties": { "visible_points": 48, "total_points": 110, "visibility_pct": 43.636363636363633 }, "geometry": { "type": "Point", "coordinates": [ 0.118343699228788, 52.199064867531575 ] } },
{ "type": "Feature", "properties": { "visible_points": 42, "total_points": 100, "visibility_pct": 42.0 }, "geometry": { "type": "Point", "coordinates": [ 0.118546293446295, 52.199061231714509 ] } },
{ "type": "Feature", "properties": { "visible_points": 35, "total_points": 88, "visibility_pct": 39.772727272727273 }, "geometry": { "type": "Point", "coordinates": [ 0.118748887620321, 52.199057595548695 ] } },
{ "type": "Feature", "properties": { "visible_points": 8, "total_points": 73, "visibility_pct": 10.95890410958904 }, "geometry": { "type": "Point", "coordinates": [ 0.116221580646293, 52.199210835304797 ] } },
{ "type": "Feature", "properties": { "visible_points": 2, "total_points": 84, "visibility_pct": 2.3809523809523809 }, "geometry": { "type": "Point", "coordinates": [ 0.116424175815493, 52.199207203151886 ] } },
{ "type": "Feature", "properties": { "visible_points": 2, "total_points": 94, "visibility_pct": 2.1276595744680851 }, "geometry": { "type": "Point", "coordinates": [ 0.116626770941247, 52.199203570650219 ] } },
{ "type": "Feature", "properties": { "visible_points": 5, "total_points": 111, "visibility_pct": 4.5045045045045047 }, "geometry": { "type": "Point", "coordinates": [ 0.117031961062416, 52.199196304600569 ] } },
{ "type": "Feature", "properties": { "visible_points": 34, "total_points": 117, "visibility_pct": 29.059829059829063 }, "geometry": { "type": "Point", "coordinates": [ 0.117234556057819, 52.199192671052579 ] } },
{ "type": "Feature", "properties": { "visible_points": 46, "total_points": 120, "visibility_pct": 38.333333333333336 }, "geometry": { "type": "Point", "coordinates": [ 0.117437151009761, 52.199189037155811 ] } },
{ "type": "Feature", "properties": { "visible_points": 58, "total_points": 120, "visibility_pct": 48.333333333333336 }, "geometry": { "type": "Point", "coordinates": [ 0.117639745918238, 52.199185402910288 ] } },
{ "type": "Feature", "properties": { "visible_points": 52, "total_points": 120, "visibility_pct": 43.333333333333336 }, "geometry": { "type": "Point", "coordinates": [ 0.117842340783251, 52.199181768315995 ] } },
{ "type": "Feature", "properties": { "visible_points": 56, "total_points": 119, "visibility_pct": 47.058823529411761 }, "geometry": { "type": "Point", "coordinates": [ 0.118044935604791, 52.199178133372904 ] } },
{ "type": "Feature", "properties": { "visible_points": 53, "total_points": 112, "visibility_pct": 47.321428571428569 }, "geometry": { "type": "Point", "coordinates": [ 0.118247530382854, 52.199174498081092 ] } },
{ "type": "Feature", "properties": { "visible_points": 48, "total_points": 102, "visibility_pct": 47.058823529411761 }, "geometry": { "type": "Point", "coordinates": [ 0.118450125117438, 52.199170862440468 ] } },
{ "type": "Feature", "properties": { "visible_points": 38, "total_points": 91, "visibility_pct": 41.758241758241759 }, "geometry": { "type": "Point", "coordinates": [ 0.118652719808534, 52.199167226451074 ] } },
{ "type": "Feature", "properties": { "visible_points": 0, "total_points": 79, "visibility_pct": 0.0 }, "geometry": { "type": "Point", "coordinates": [ 0.118855314456145, 52.199163590112931 ] } },
{ "type": "Feature", "properties": { "visible_points": 7, "total_points": 73, "visibility_pct": 9.5890410958904102 }, "geometry": { "type": "Point", "coordinates": [ 0.116125406156115, 52.199320463999051 ] } },
{ "type": "Feature", "properties": { "visible_points": 3, "total_points": 85, "visibility_pct": 3.5294117647058822 }, "geometry": { "type": "Point", "coordinates": [ 0.116328001842372, 52.199316832022596 ] } },
{ "type": "Feature", "properties": { "visible_points": 3, "total_points": 96, "visibility_pct": 3.125 }, "geometry": { "type": "Point", "coordinates": [ 0.11653059748519, 52.199313199697393 ] } },
{ "type": "Feature", "properties": { "visible_points": 5, "total_points": 113, "visibility_pct": 4.4247787610619467 }, "geometry": { "type": "Point", "coordinates": [ 0.116935788640483, 52.199305934000634 ] } },
{ "type": "Feature", "properties": { "visible_points": 0, "total_points": 119, "visibility_pct": 0.0 }, "geometry": { "type": "Point", "coordinates": [ 0.117138384152949, 52.199302300629093 ] } },
{ "type": "Feature", "properties": { "visible_points": 50, "total_points": 120, "visibility_pct": 41.666666666666671 }, "geometry": { "type": "Point", "coordinates": [ 0.117340979621957, 52.199298666908781 ] } },
{ "type": "Feature", "properties": { "visible_points": 53, "total_points": 120, "visibility_pct": 44.166666666666664 }, "geometry": { "type": "Point", "coordinates": [ 0.117543575047506, 52.1992950328397 ] } },
{ "type": "Feature", "properties": { "visible_points": 58, "total_points": 120, "visibility_pct": 48.333333333333336 }, "geometry": { "type": "Point", "coordinates": [ 0.117746170429591, 52.199291398421849 ] } },
{ "type": "Feature", "properties": { "visible_points": 64, "total_points": 120, "visibility_pct": 53.333333333333336 }, "geometry": { "type": "Point", "coordinates": [ 0.117948765768196, 52.199287763655228 ] } },
{ "type": "Feature", "properties": { "visible_points": 61, "total_points": 113, "visibility_pct": 53.982300884955748 }, "geometry": { "type": "Point", "coordinates": [ 0.118151361063337, 52.199284128539823 ] } },
{ "type": "Feature", "properties": { "visible_points": 55, "total_points": 104, "visibility_pct": 52.884615384615387 }, "geometry": { "type": "Point", "coordinates": [ 0.118353956314996, 52.199280493075655 ] } },
{ "type": "Feature", "properties": { "visible_points": 43, "total_points": 93, "visibility_pct": 46.236559139784944 }, "geometry": { "type": "Point", "coordinates": [ 0.11855655152317, 52.199276857262703 ] } },
{ "type": "Feature", "properties": { "visible_points": 0, "total_points": 81, "visibility_pct": 0.0 }, "geometry": { "type": "Point", "coordinates": [ 0.118759146687857, 52.199273221100974 ] } },
{ "type": "Feature", "properties": { "visible_points": 0, "total_points": 84, "visibility_pct": 0.0 }, "geometry": { "type": "Point", "coordinates": [ 0.116231827395644, 52.199426460802542 ] } },
{ "type": "Feature", "properties": { "visible_points": 2, "total_points": 96, "visibility_pct": 2.083333333333333 }, "geometry": { "type": "Point", "coordinates": [ 0.116434423555523, 52.19942282865378 ] } },
{ "type": "Feature", "properties": { "visible_points": 5, "total_points": 114, "visibility_pct": 4.3859649122807012 }, "geometry": { "type": "Point", "coordinates": [ 0.116839615744943, 52.199415563309934 ] } },
{ "type": "Feature", "properties": { "visible_points": 0, "total_points": 120, "visibility_pct": 0.0 }, "geometry": { "type": "Point", "coordinates": [ 0.117042211774481, 52.199411930114842 ] } },
{ "type": "Feature", "properties": { "visible_points": 47, "total_points": 120, "visibility_pct": 39.166666666666664 }, "geometry": { "type": "Point", "coordinates": [ 0.117244807760559, 52.199408296570986 ] } },
{ "type": "Feature", "properties": { "visible_points": 54, "total_points": 120, "visibility_pct": 45.0 }, "geometry": { "type": "Point", "coordinates": [ 0.117447403703175, 52.19940466267834 ] } },
{ "type": "Feature", "properties": { "visible_points": 50, "total_points": 120, "visibility_pct": 41.666666666666671 }, "geometry": { "type": "Point", "coordinates": [ 0.117649999602332, 52.199401028436945 ] } },
{ "type": "Feature", "properties": { "visible_points": 65, "total_points": 120, "visibility_pct": 54.166666666666664 }, "geometry": { "type": "Point", "coordinates": [ 0.117852595458017, 52.199397393846766 ] } },
{ "type": "Feature", "properties": { "visible_points": 64, "total_points": 113, "visibility_pct": 56.637168141592923 }, "geometry": { "type": "Point", "coordinates": [ 0.118055191270229, 52.199393758907803 ] } },
{ "type": "Feature", "properties": { "visible_points": 55, "total_points": 104, "visibility_pct": 52.884615384615387 }, "geometry": { "type": "Point", "coordinates": [ 0.118257787038964, 52.199390123620077 ] } },
{ "type": "Feature", "properties": { "visible_points": 48, "total_points": 94, "visibility_pct": 51.063829787234042 }, "geometry": { "type": "Point", "coordinates": [ 0.118460382764226, 52.199386487983574 ] } },
{ "type": "Feature", "properties": { "visible_points": 0, "total_points": 82, "visibility_pct": 0.0 }, "geometry": { "type": "Point", "coordinates": [ 0.118662978445988, 52.199382851998287 ] } },
{ "type": "Feature", "properties": { "visible_points": 0, "total_points": 83, "visibility_pct": 0.0 }, "geometry": { "type": "Point", "coordinates": [ 0.1161356524753, 52.199536089491701 ] } },
{ "type": "Feature", "properties": { "visible_points": 0, "total_points": 95, "visibility_pct": 0.0 }, "geometry": { "type": "Point", "coordinates": [ 0.116338249152241, 52.199532457519389 ] } },
{ "type": "Feature", "properties": { "visible_points": 0, "total_points": 120, "visibility_pct": 0.0 }, "geometry": { "type": "Point", "coordinates": [ 0.116946038922404, 52.199521559509819 ] } },
{ "type": "Feature", "properties": { "visible_points": 41, "total_points": 120, "visibility_pct": 34.166666666666664 }, "geometry": { "type": "Point", "coordinates": [ 0.117148635425556, 52.199517926142413 ] } },
{ "type": "Feature", "properties": { "visible_points": 45, "total_points": 120, "visibility_pct": 37.5 }, "geometry": { "type": "Point", "coordinates": [ 0.117351231885248, 52.19951429242623 ] } },
{ "type": "Feature", "properties": { "visible_points": 48, "total_points": 120, "visibility_pct": 40.0 }, "geometry": { "type": "Point", "coordinates": [ 0.117553828301477, 52.199510658361277 ] } },
{ "type": "Feature", "properties": { "visible_points": 61, "total_points": 119, "visibility_pct": 51.260504201680668 }, "geometry": { "type": "Point", "coordinates": [ 0.117756424674239, 52.199507023947518 ] } },
{ "type": "Feature", "properties": { "visible_points": 61, "total_points": 113, "visibility_pct": 53.982300884955748 }, "geometry": { "type": "Point", "coordinates": [ 0.11795902100353, 52.199503389185018 ] } },
{ "type": "Feature", "properties": { "visible_points": 55, "total_points": 104, "visibility_pct": 52.884615384615387 }, "geometry": { "type": "Point", "coordinates": [ 0.118161617289346, 52.19949975407372 ] } },
{ "type": "Feature", "properties": { "visible_points": 53, "total_points": 94, "visibility_pct": 56.38297872340425 }, "geometry": { "type": "Point", "coordinates": [ 0.118364213531682, 52.199496118613666 ] } },
{ "type": "Feature", "properties": { "visible_points": 29, "total_points": 83, "visibility_pct": 34.939759036144579 }, "geometry": { "type": "Point", "coordinates": [ 0.118566809730538, 52.199492482804828 ] } },
{ "type": "Feature", "properties": { "visible_points": 0, "total_points": 71, "visibility_pct": 0.0 }, "geometry": { "type": "Point", "coordinates": [ 0.118769405885903, 52.199488846647213 ] } },
{ "type": "Feature", "properties": { "visible_points": 0, "total_points": 75, "visibility_pct": 0.0 }, "geometry": { "type": "Point", "coordinates": [ 0.11603947708134, 52.199645718090082 ] } },
{ "type": "Feature", "properties": { "visible_points": 0, "total_points": 88, "visibility_pct": 0.0 }, "geometry": { "type": "Point", "coordinates": [ 0.116242074275345, 52.199642086294233 ] } },
{ "type": "Feature", "properties": { "visible_points": 2, "total_points": 119, "visibility_pct": 1.680672268907563 }, "geometry": { "type": "Point", "coordinates": [ 0.116849865596722, 52.19963118881401 ] } },
{ "type": "Feature", "properties": { "visible_points": 37, "total_points": 120, "visibility_pct": 30.833333333333336 }, "geometry": { "type": "Point", "coordinates": [ 0.117052462616944, 52.199627555623046 ] } },
{ "type": "Feature", "properties": { "visible_points": 39, "total_points": 120, "visibility_pct": 32.5 }, "geometry": { "type": "Point", "coordinates": [ 0.117255059593714, 52.199623922083326 ] } },
{ "type": "Feature", "properties": { "visible_points": 38, "total_points": 120, "visibility_pct": 31.666666666666664 }, "geometry": { "type": "Point", "coordinates": [ 0.117457656527017, 52.199620288194822 ] } },
{ "type": "Feature", "properties": { "visible_points": 59, "total_points": 118, "visibility_pct": 50.0 }, "geometry": { "type": "Point", "coordinates": [ 0.117660253416861, 52.199616653957527 ] } },
{ "type": "Feature", "properties": { "visible_points": 56, "total_points": 112, "visibility_pct": 50.0 }, "geometry": { "type": "Point", "coordinates": [ 0.117862850263233, 52.199613019371462 ] } },
{ "type": "Feature", "properties": { "visible_points": 53, "total_points": 104, "visibility_pct": 50.96153846153846 }, "geometry": { "type": "Point", "coordinates": [ 0.118065447066131, 52.19960938443662 ] } },
{ "type": "Feature", "properties": { "visible_points": 50, "total_points": 94, "visibility_pct": 53.191489361702125 }, "geometry": { "type": "Point", "coordinates": [ 0.118268043825553, 52.199605749153008 ] } },
{ "type": "Feature", "properties": { "visible_points": 37, "total_points": 83, "visibility_pct": 44.578313253012048 }, "geometry": { "type": "Point", "coordinates": [ 0.118470640541492, 52.199602113520598 ] } },
{ "type": "Feature", "properties": { "visible_points": 4, "total_points": 67, "visibility_pct": 5.9701492537313428 }, "geometry": { "type": "Point", "coordinates": [ 0.115943301213748, 52.199755346597698 ] } },
{ "type": "Feature", "properties": { "visible_points": 0, "total_points": 80, "visibility_pct": 0.0 }, "geometry": { "type": "Point", "coordinates": [ 0.11614589892483, 52.199751714978298 ] } },
{ "type": "Feature", "properties": { "visible_points": 0, "total_points": 93, "visibility_pct": 0.0 }, "geometry": { "type": "Point", "coordinates": [ 0.116348496592474, 52.199748083010128 ] } },
{ "type": "Feature", "properties": { "visible_points": 1, "total_points": 116, "visibility_pct": 0.86206896551724133 }, "geometry": { "type": "Point", "coordinates": [ 0.116753691797424, 52.199740818027436 ] } },
{ "type": "Feature", "properties": { "visible_points": 28, "total_points": 118, "visibility_pct": 23.728813559322035 }, "geometry": { "type": "Point", "coordinates": [ 0.116956289334722, 52.199737185012943 ] } },
{ "type": "Feature", "properties": { "visible_points": 34, "total_points": 119, "visibility_pct": 28.571428571428569 }, "geometry": { "type": "Point", "coordinates": [ 0.11715888682857, 52.199733551649672 ] } },
{ "type": "Feature", "properties": { "visible_points": 35, "total_points": 120, "visibility_pct": 29.166666666666668 }, "geometry": { "type": "Point", "coordinates": [ 0.117361484278955, 52.19972991793761 ] } },
{ "type": "Feature", "properties": { "visible_points": 51, "total_points": 117, "visibility_pct": 43.589743589743591 }, "geometry": { "type": "Point", "coordinates": [ 0.117564081685878, 52.199726283876764 ] } },
{ "type": "Feature", "properties": { "visible_points": 56, "total_points": 111, "visibility_pct": 50.450450450450447 }, "geometry": { "type": "Point", "coordinates": [ 0.117766679049334, 52.199722649467162 ] } },
{ "type": "Feature", "properties": { "visible_points": 53, "total_points": 103, "visibility_pct": 51.456310679611647 }, "geometry": { "type": "Point", "coordinates": [ 0.117969276369319, 52.199719014708748 ] } },
{ "type": "Feature", "properties": { "visible_points": 45, "total_points": 94, "visibility_pct": 47.872340425531917 }, "geometry": { "type": "Point", "coordinates": [ 0.118171873645827, 52.199715379601578 ] } },
{ "type": "Feature", "properties": { "visible_points": 0, "total_points": 83, "visibility_pct": 0.0 }, "geometry": { "type": "Point", "coordinates": [ 0.118374470878854, 52.199711744145631 ] } },
{ "type": "Feature", "properties": { "visible_points": 0, "total_points": 71, "visibility_pct": 0.0 }, "geometry": { "type": "Point", "coordinates": [ 0.116049723100688, 52.199861343571591 ] } },
{ "type": "Feature", "properties": { "visible_points": 0, "total_points": 84, "visibility_pct": 0.0 }, "geometry": { "type": "Point", "coordinates": [ 0.116252321285404, 52.19985771177987 ] } },
{ "type": "Feature", "properties": { "visible_points": 4, "total_points": 109, "visibility_pct": 3.669724770642202 }, "geometry": { "type": "Point", "coordinates": [ 0.116657517524508, 52.199850447150098 ] } },
{ "type": "Feature", "properties": { "visible_points": 0, "total_points": 114, "visibility_pct": 0.0 }, "geometry": { "type": "Point", "coordinates": [ 0.116860115578886, 52.19984681431206 ] } },
{ "type": "Feature", "properties": { "visible_points": 25, "total_points": 117, "visibility_pct": 21.367521367521366 }, "geometry": { "type": "Point", "coordinates": [ 0.117062713589813, 52.199843181125225 ] } },
{ "type": "Feature", "properties": { "visible_points": 31, "total_points": 119, "visibility_pct": 26.05042016806723 }, "geometry": { "type": "Point", "coordinates": [ 0.117265311557279, 52.199839547589619 ] } },
{ "type": "Feature", "properties": { "visible_points": 46, "total_points": 115, "visibility_pct": 40.0 }, "geometry": { "type": "Point", "coordinates": [ 0.117467909481292, 52.199835913705222 ] } },
{ "type": "Feature", "properties": { "visible_points": 52, "total_points": 109, "visibility_pct": 47.706422018348626 }, "geometry": { "type": "Point", "coordinates": [ 0.117670507361829, 52.199832279472055 ] } },
{ "type": "Feature", "properties": { "visible_points": 50, "total_points": 101, "visibility_pct": 49.504950495049506 }, "geometry": { "type": "Point", "coordinates": [ 0.117873105198902, 52.199828644890125 ] } },
{ "type": "Feature", "properties": { "visible_points": 0, "total_points": 92, "visibility_pct": 0.0 }, "geometry": { "type": "Point", "coordinates": [ 0.118075702992503, 52.19982500995939 ] } },
{ "type": "Feature", "properties": { "visible_points": 11, "total_points": 82, "visibility_pct": 13.414634146341465 }, "geometry": { "type": "Point", "coordinates": [ 0.118278300742616, 52.199821374679885 ] } },
{ "type": "Feature", "properties": { "visible_points": 0, "total_points": 62, "visibility_pct": 0.0 }, "geometry": { "type": "Point", "coordinates": [ 0.115953546802915, 52.199970972074091 ] } },
{ "type": "Feature", "properties": { "visible_points": 0, "total_points": 74, "visibility_pct": 0.0 }, "geometry": { "type": "Point", "coordinates": [ 0.116156145504706, 52.199967340458826 ] } },
{ "type": "Feature", "properties": { "visible_points": 2, "total_points": 108, "visibility_pct": 1.8518518518518516 }, "geometry": { "type": "Point", "coordinates": [ 0.116763941349429, 52.199956443520399 ] } },
{ "type": "Feature", "properties": { "visible_points": 0, "total_points": 112, "visibility_pct": 0.0 }, "geometry": { "type": "Point", "coordinates": [ 0.116966539877442, 52.19995281051002 ] } },
{ "type": "Feature", "properties": { "visible_points": 23, "total_points": 115, "visibility_pct": 20.0 }, "geometry": { "type": "Point", "coordinates": [ 0.117169138361993, 52.199949177150856 ] } },
{ "type": "Feature", "properties": { "visible_points": 36, "total_points": 112, "visibility_pct": 32.142857142857146 }, "geometry": { "type": "Point", "coordinates": [ 0.117371736803087, 52.199945543442922 ] } },
{ "type": "Feature", "properties": { "visible_points": 43, "total_points": 107, "visibility_pct": 40.186915887850468 }, "geometry": { "type": "Point", "coordinates": [ 0.117574335200716, 52.199941909386212 ] } },
{ "type": "Feature", "properties": { "visible_points": 45, "total_points": 99, "visibility_pct": 45.454545454545453 }, "geometry": { "type": "Point", "coordinates": [ 0.117776933554879, 52.19993827498071 ] } },
{ "type": "Feature", "properties": { "visible_points": 0, "total_points": 90, "visibility_pct": 0.0 }, "geometry": { "type": "Point", "coordinates": [ 0.117979531865567, 52.199934640226431 ] } },
{ "type": "Feature", "properties": { "visible_points": 6, "total_points": 106, "visibility_pct": 5.6603773584905666 }, "geometry": { "type": "Point", "coordinates": [ 0.116870365691445, 52.200062439804029 ] } },
{ "type": "Feature", "properties": { "visible_points": 5, "total_points": 108, "visibility_pct": 4.6296296296296298 }, "geometry": { "type": "Point", "coordinates": [ 0.117072964693086, 52.200058806621335 ] } },
{ "type": "Feature", "properties": { "visible_points": 28, "total_points": 106, "visibility_pct": 26.415094339622641 }, "geometry": { "type": "Point", "coordinates": [ 0.117275563651269, 52.200055173089851 ] } },
{ "type": "Feature", "properties": { "visible_points": 37, "total_points": 103, "visibility_pct": 35.922330097087382 }, "geometry": { "type": "Point", "coordinates": [ 0.11747816256599, 52.200051539209568 ] } },
{ "type": "Feature", "properties": { "visible_points": 37, "total_points": 96, "visibility_pct": 38.541666666666671 }, "geometry": { "type": "Point", "coordinates": [ 0.11768076143724, 52.200047904980543 ] } },
{ "type": "Feature", "properties": { "visible_points": 1, "total_points": 87, "visibility_pct": 1.1494252873563218 }, "geometry": { "type": "Point", "coordinates": [ 0.117883360265027, 52.200044270402714 ] } },
{ "type": "Feature", "properties": { "visible_points": 6, "total_points": 96, "visibility_pct": 6.25 }, "geometry": { "type": "Point", "coordinates": [ 0.116976790550557, 52.200168436001043 ] } },
{ "type": "Feature", "properties": { "visible_points": 15, "total_points": 96, "visibility_pct": 15.625 }, "geometry": { "type": "Point", "coordinates": [ 0.117179390025828, 52.200164802646007 ] } },
{ "type": "Feature", "properties": { "visible_points": 29, "total_points": 94, "visibility_pct": 30.851063829787233 }, "geometry": { "type": "Point", "coordinates": [ 0.117381989457645, 52.200161168942188 ] } },
{ "type": "Feature", "properties": { "visible_points": 28, "total_points": 91, "visibility_pct": 30.76923076923077 }, "geometry": { "type": "Point", "coordinates": [ 0.117584588845992, 52.200157534889591 ] } },
{ "type": "Feature", "properties": { "visible_points": 7, "total_points": 84, "visibility_pct": 8.3333333333333321 }, "geometry": { "type": "Point", "coordinates": [ 0.117787188190869, 52.20015390048821 ] } },
{ "type": "Feature", "properties": { "visible_points": 6, "total_points": 84, "visibility_pct": 7.1428571428571423 }, "geometry": { "type": "Point", "coordinates": [ 0.116880615934399, 52.200278065289965 ] } },
{ "type": "Feature", "properties": { "visible_points": 0, "total_points": 85, "visibility_pct": 0.0 }, "geometry": { "type": "Point", "coordinates": [ 0.117083215926766, 52.200274432111392 ] } },
{ "type": "Feature", "properties": { "visible_points": 20, "total_points": 84, "visibility_pct": 23.809523809523807 }, "geometry": { "type": "Point", "coordinates": [ 0.117285815875677, 52.200270798584022 ] } },
{ "type": "Feature", "properties": { "visible_points": 22, "total_points": 82, "visibility_pct": 26.829268292682929 }, "geometry": { "type": "Point", "coordinates": [ 0.117488415781121, 52.200267164707874 ] } },
{ "type": "Feature", "properties": { "visible_points": 1, "total_points": 79, "visibility_pct": 1.2658227848101267 }, "geometry": { "type": "Point", "coordinates": [ 0.117691015643099, 52.200263530482964 ] } },
{ "type": "Feature", "properties": { "visible_points": 3, "total_points": 73, "visibility_pct": 4.10958904109589 }, "geometry": { "type": "Point", "coordinates": [ 0.116987041360581, 52.200384061529469 ] } },
{ "type": "Feature", "properties": { "visible_points": 17, "total_points": 73, "visibility_pct": 23.287671232876711 }, "geometry": { "type": "Point", "coordinates": [ 0.117189641823937, 52.200380428160791 ] } },
{ "type": "Feature", "properties": { "visible_points": 17, "total_points": 72, "visibility_pct": 23.611111111111111 }, "geometry": { "type": "Point", "coordinates": [ 0.117392242243837, 52.200376794443457 ] } },
{ "type": "Feature", "properties": { "visible_points": 0, "total_points": 70, "visibility_pct": 0.0 }, "geometry": { "type": "Point", "coordinates": [ 0.117594842621707, 52.200373160386924 ] } },
{ "type": "Feature", "properties": { "visible_points": 2, "total_points": 61, "visibility_pct": 3.278688524590164 }, "geometry": { "type": "Point", "coordinates": [ 0.116890866781048, 52.20049369170507 ] } },
{ "type": "Feature", "properties": { "visible_points": 0, "total_points": 62, "visibility_pct": 0.0 }, "geometry": { "type": "Point", "coordinates": [ 0.117093467731161, 52.200490058481684 ] } },
{ "type": "Feature", "properties": { "visible_points": 0, "total_points": 62, "visibility_pct": 0.0 }, "geometry": { "type": "Point", "coordinates": [ 0.117296068637826, 52.200486424909862 ] } },
{ "type": "Feature", "properties": { "visible_points": 1, "total_points": 51, "visibility_pct": 1.9607843137254901 }, "geometry": { "type": "Point", "coordinates": [ 0.116997293776984, 52.200599689616688 ] } }
]
}
