{
"type": "FeatureCollection",
"name": "8ae12bdbfa8f_visibility",
"crs": { "type": "name", "properties": { "name": "urn:ogc:def:crs:OGC:1.3:CRS84" } },
"features": [
{ "type": "Feature", "properties": { "visible_points": 8, "total_points": 79, "visibility_pct": 10.126582278481013 }, "geometry": { "type": "Point", "coordinates": [ -2.9538747137511, 51.154548483106872 ] } },
{ "type": "Feature", "properties": { "visible_points": 9, "total_points": 81, "visibility_pct": 11.111111111111111 }, "geometry": { "type": "Point", "coordinates": [ -2.953676615036108, 51.154550098356765 ] } },
{ "type": "Feature", "properties": { "visible_points": 8, "total_points": 83, "visibility_pct": 9.6385542168674707 }, "geometry": { "type": "Point", "coordinates": [ -2.953478516302314, 51.154551713270855 ] } },
{ "type": "Feature", "properties": { "visible_points": 11, "total_points": 84, "visibility_pct": 13.095238095238097 }, "geometry": { "type": "Point", "coordinates": [ -2.95328041754974, 51.154553327849179 ] } },
{ "type": "Feature", "properties": { "visible_points": 13, "total_points": 83, "visibility_pct": 15.66265060240964 }, "geometry": { "type": "Point", "coordinates": [ -2.95308231877838, 51.154554942091671 ] } },
{ "type": "Feature", "properties": { "visible_points": 11, "total_points": 80, "visibility_pct": 13.75 }, "geometry": { "type": "Point", "coordinates": [ -2.952884219988234, 51.154556555998397 ] } },
{ "type": "Feature", "properties": { "visible_points": 10, "total_points": 75, "visibility_pct": 13.333333333333334 }, "geometry": { "type": "Point", "coordinates": [ -2.952686121179317, 51.154558169569313 ] } },
{ "type": "Feature", "properties": { "visible_points": 7, "total_points": 68, "visibility_pct": 10.294117647058822 }, "geometry": { "type": "Point", "coordinates": [ -2.952488022351623, 51.154559782804455 ] } },
{ "type": "Feature", "properties": { "visible_points": 5, "total_points": 60, "visibility_pct": 8.3333333333333321 }, "geometry": { "type": "Point", "coordinates": [ -2.952289923505163, 51.154561395703773 ] } },
{ "type": "Feature", "properties": { "visible_points": 1, "total_points": 80, "visibility_pct": 1.25 }, "geometry": { "type": "Point", "coordinates": [ -2.954570289525949, 51.154650716844714 ] } },
{ "type": "Feature", "properties": { "visible_points": 0, "total_points": 83, "visibility_pct": 0.0 }, "geometry": { "type": "Point", "coordinates": [ -2.954372190399341, 51.154652333265176 ] } },
{ "type": "Feature", "properties": { "visible_points": 0, "total_points": 86, "visibility_pct": 0.0 }, "geometry": { "type": "Point", "coordinates": [ -2.954174091253925, 51.154653949349843 ] } },
{ "type": "Feature", "properties": { "visible_points": 0, "total_points": 89, "visibility_pct": 0.0 }, "geometry": { "type": "Point", "coordinates": [ -2.953975992089707, 51.154655565098686 ] } },
{ "type": "Feature", "properties": { "visible_points": 0, "total_points": 91, "visibility_pct": 0.0 }, "geometry": { "type": "Point", "coordinates": [ -2.953777892906692, 51.154657180511762 ] } },
{ "type": "Feature", "properties": { "visible_points": 0, "total_points": 93, "visibility_pct": 0.0 }, "geometry": { "type": "Point", "coordinates": [ -2.953579793704877, 51.154658795589022 ] } },
{ "type": "Feature", "properties": { "visible_points": 5, "total_points": 95, "visibility_pct": 5.2631578947368416 }, "geometry": { "type": "Point", "coordinates": [ -2.953381694484277, 51.154660410330514 ] } },
{ "type": "Feature", "properties": { "visible_points": 0, "total_points": 95, "visibility_pct": 0.0 }, "geometry": { "type": "Point", "coordinates": [ -2.953183595244888, 51.15466202473619 ] } },
{ "type": "Feature", "properties": { "visible_points": 8, "total_points": 93, "visibility_pct": 8.6021505376344098 }, "geometry": { "type": "Point", "coordinates": [ -2.952985495986714, 51.154663638806078 ] } },
{ "type": "Feature", "properties": { "visible_points": 9, "total_points": 88, "visibility_pct": 10.227272727272728 }, "geometry": { "type": "Point", "coordinates": [ -2.952787396709768, 51.154665252540163 ] } },
{ "type": "Feature", "properties": { "visible_points": 0, "total_points": 81, "visibility_pct": 0.0 }, "geometry": { "type": "Point", "coordinates": [ -2.952589297414036, 51.154666865938481 ] } },
{ "type": "Feature", "properties": { "visible_points": 0, "total_points": 72, "visibility_pct": 0.0 }, "geometry": { "type": "Point", "coordinates": [ -2.952391198099543, 51.154668479000961 ] } },
{ "type": "Feature", "properties": { "visible_points": 2, "total_points": 63, "visibility_pct": 3.1746031746031744 }, "geometry": { "type": "Point", "coordinates": [ -2.952193098766277, 51.154670091727674 ] } },
{ "type": "Feature", "properties": { "visible_points": 0, "total_points": 81, "visibility_pct": 0.0 }, "geometry": { "type": "Point", "coordinates": [ -2.955067768888219, 51.154754564091277 ] } },
{ "type": "Feature", "properties": { "visible_points": 0, "total_points": 85, "visibility_pct": 0.0 }, "geometry": { "type": "Point", "coordinates": [ -2.954869669331222, 51.154756181346521 ] } },
{ "type": "Feature", "properties": { "visible_points": 0, "total_points": 88, "visibility_pct": 0.0 }, "geometry": { "type": "Point", "coordinates": [ -2.954671569755413, 51.154757798265933 ] } },
{ "type": "Feature", "properties": { "visible_points": 0, "total_points": 92, "visibility_pct": 0.0 }, "geometry": { "type": "Point", "coordinates": [ -2.954473470160786, 51.154759414849572 ] } },
{ "type": "Feature", "properties": { "visible_points": 0, "total_points": 95, "visibility_pct": 0.0 }, "geometry": { "type": "Point", "coordinates": [ -2.954275370547355, 51.154761031097422 ] } },
{ "type": "Feature", "properties": { "visible_points": 0, "total_points": 98, "visibility_pct": 0.0 }, "geometry": { "type": "Point", "coordinates": [ -2.954077270915113, 51.154762647009456 ] } },
{ "type": "Feature", "properties": { "visible_points": 0, "total_points": 100, "visibility_pct": 0.0 }, "geometry": { "type": "Point", "coordinates": [ -2.953879171264078, 51.154764262585701 ] } },
{ "type": "Feature", "properties": { "visible_points": 0, "total_points": 102, "visibility_pct": 0.0 }, "geometry": { "type": "Point", "coordinates": [ -2.953681071594235, 51.154765877826151 ] } },
{ "type": "Feature", "properties": { "visible_points": 0, "total_points": 104, "visibility_pct": 0.0 }, "geometry": { "type": "Point", "coordinates": [ -2.953482971905612, 51.154767492730791 ] } },
{ "type": "Feature", "properties": { "visible_points": 0, "total_points": 105, "visibility_pct": 0.0 }, "geometry": { "type": "Point", "coordinates": [ -2.953284872198192, 51.154769107299664 ] } },
{ "type": "Feature", "properties": { "visible_points": 0, "total_points": 105, "visibility_pct": 0.0 }, "geometry": { "type": "Point", "coordinates": [ -2.95308677247199, 51.154770721532721 ] } },
{ "type": "Feature", "properties": { "visible_points": 0, "total_points": 101, "visibility_pct": 0.0 }, "geometry": { "type": "Point", "coordinates": [ -2.952888672727004, 51.154772335429975 ] } },
{ "type": "Feature", "properties": { "visible_points": 0, "total_points": 94, "visibility_pct": 0.0 }, "geometry": { "type": "Point", "coordinates": [ -2.952690572963243, 51.154773948991441 ] } },
{ "type": "Feature", "properties": { "visible_points": 0, "total_points": 85, "visibility_pct": 0.0 }, "geometry": { "type": "Point", "coordinates": [ -2.952492473180709, 51.154775562217118 ] } },
{ "type": "Feature", "properties": { "visible_points": 0, "total_points": 75, "visibility_pct": 0.0 }, "geometry": { "type": "Point", "coordinates": [ -2.952294373379406, 51.154777175106986 ] } },
{ "type": "Feature", "properties": { "visible_points": 0, "total_points": 81, "visibility_pct": 0.0 }, "geometry": { "type": "Point", "coordinates": [ -2.955565250534073, 51.154858409260882 ] } },
{ "type": "Feature", "properties": { "visible_points": 0, "total_points": 85, "visibility_pct": 0.0 }, "geometry": { "type": "Point", "coordinates": [ -2.955367150546711, 51.154860027350885 ] } },
{ "type": "Feature", "properties": { "visible_points": 0, "total_points": 89, "visibility_pct": 0.0 }, "geometry": { "type": "Point", "coordinates": [ -2.955169050540523, 51.154861645105093 ] } },
{ "type": "Feature", "properties": { "visible_points": 0, "total_points": 93, "visibility_pct": 0.0 }, "geometry": { "type": "Point", "coordinates": [ -2.954970950515516, 51.154863262523513 ] } },
{ "type": "Feature", "properties": { "visible_points": 0, "total_points": 97, "visibility_pct": 0.0 }, "geometry": { "type": "Point", "coordinates": [ -2.954772850471688, 51.154864879606123 ] } },
{ "type": "Feature", "properties": { "visible_points": 0, "total_points": 100, "visibility_pct": 0.0 }, "geometry": { "type": "Point", "coordinates": [ -2.954574750409044, 51.15486649635293 ] } },
{ "type": "Feature", "properties": { "visible_points": 0, "total_points": 103, "visibility_pct": 0.0 }, "geometry": { "type": "Point", "coordinates": [ -2.954376650327589, 51.154868112763957 ] } },
{ "type": "Feature", "properties": { "visible_points": 0, "total_points": 106, "visibility_pct": 0.0 }, "geometry": { "type": "Point", "coordinates": [ -2.954178550227333, 51.154869728839181 ] } },
{ "type": "Feature", "properties": { "visible_points": 0, "total_points": 108, "visibility_pct": 0.0 }, "geometry": { "type": "Point", "coordinates": [ -2.953980450108267, 51.154871344578602 ] } },
{ "type": "Feature", "properties": { "visible_points": 0, "total_points": 110, "visibility_pct": 0.0 }, "geometry": { "type": "Point", "coordinates": [ -2.953782349970402, 51.154872959982221 ] } },
{ "type": "Feature", "properties": { "visible_points": 0, "total_points": 112, "visibility_pct": 0.0 }, "geometry": { "type": "Point", "coordinates": [ -2.953584249813745, 51.154874575050052 ] } },
{ "type": "Feature", "properties": { "visible_points": 0, "total_points": 113, "visibility_pct": 0.0 }, "geometry": { "type": "Point", "coordinates": [ -2.953386149638297, 51.15487618978208 ] } },
{ "type": "Feature", "properties": { "visible_points": 0, "total_points": 114, "visibility_pct": 0.0 }, "geometry": { "type": "Point", "coordinates": [ -2.953188049444064, 51.154877804178305 ] } },
{ "type": "Feature", "properties": { "visible_points": 0, "total_points": 114, "visibility_pct": 0.0 }, "geometry": { "type": "Point", "coordinates": [ -2.952989949231041, 51.15487941823875 ] } },
{ "type": "Feature", "properties": { "visible_points": 0, "total_points": 107, "visibility_pct": 0.0 }, "geometry": { "type": "Point", "coordinates": [ -2.952791848999243, 51.154881031963377 ] } },
{ "type": "Feature", "properties": { "visible_points": 0, "total_points": 98, "visibility_pct": 0.0 }, "geometry": { "type": "Point", "coordinates": [ -2.95259374874867, 51.154882645352224 ] } },
{ "type": "Feature", "properties": { "visible_points": 0, "total_points": 88, "visibility_pct": 0.0 }, "geometry": { "type": "Point", "coordinates": [ -2.952395648479326, 51.154884258405261 ] } },
{ "type": "Feature", "properties": { "visible_points": 0, "total_points": 77, "visibility_pct": 0.0 }, "geometry": { "type": "Point", "coordinates": [ -2.952197548191208, 51.154885871122495 ] } },
{ "type": "Feature", "properties": { "visible_points": 0, "total_points": 85, "visibility_pct": 0.0 }, "geometry": { "type": "Point", "coordinates": [ -2.95586463404576, 51.154963871278255 ] } },
{ "type": "Feature", "properties": { "visible_points": 0, "total_points": 89, "visibility_pct": 0.0 }, "geometry": { "type": "Point", "coordinates": [ -2.955666533609222, 51.154965489867259 ] } },
{ "type": "Feature", "properties": { "visible_points": 0, "total_points": 93, "visibility_pct": 0.0 }, "geometry": { "type": "Point", "coordinates": [ -2.95546843315385, 51.154967108120459 ] } },
{ "type": "Feature", "properties": { "visible_points": 0, "total_points": 97, "visibility_pct": 0.0 }, "geometry": { "type": "Point", "coordinates": [ -2.955270332679647, 51.154968726037858 ] } },
{ "type": "Feature", "properties": { "visible_points": 0, "total_points": 101, "visibility_pct": 0.0 }, "geometry": { "type": "Point", "coordinates": [ -2.955072232186623, 51.154970343619446 ] } },
{ "type": "Feature", "properties": { "visible_points": 0, "total_points": 105, "visibility_pct": 0.0 }, "geometry": { "type": "Point", "coordinates": [ -2.954874131674779, 51.154971960865254 ] } },
{ "type": "Feature", "properties": { "visible_points": 0, "total_points": 108, "visibility_pct": 0.0 }, "geometry": { "type": "Point", "coordinates": [ -2.954676031144116, 51.154973577775252 ] } },
{ "type": "Feature", "properties": { "visible_points": 0, "total_points": 110, "visibility_pct": 0.0 }, "geometry": { "type": "Point", "coordinates": [ -2.954477930594641, 51.154975194349454 ] } },
{ "type": "Feature", "properties": { "visible_points": 0, "total_points": 112, "visibility_pct": 0.0 }, "geometry": { "type": "Point", "coordinates": [ -2.954279830026352, 51.154976810587854 ] } },
{ "type": "Feature", "properties": { "visible_points": 0, "total_points": 114, "visibility_pct": 0.0 }, "geometry": { "type": "Point", "coordinates": [ -2.954081729439266, 51.154978426490445 ] } },
{ "type": "Feature", "properties": { "visible_points": 0, "total_points": 116, "visibility_pct": 0.0 }, "geometry": { "type": "Point", "coordinates": [ -2.953883628833377, 51.154980042057261 ] } },
{ "type": "Feature", "properties": { "visible_points": 0, "total_points": 118, "visibility_pct": 0.0 }, "geometry": { "type": "Point", "coordinates": [ -2.953685528208684, 51.154981657288261 ] } },
{ "type": "Feature", "properties": { "visible_points": 0, "total_points": 119, "visibility_pct": 0.0 }, "geometry": { "type": "Point", "coordinates": [ -2.953487427565207, 51.154983272183465 ] } },
{ "type": "Feature", "properties": { "visible_points": 0, "total_points": 120, "visibility_pct": 0.0 }, "geometry": { "type": "Point", "coordinates": [ -2.953289326902931, 51.154984886742866 ] } },
{ "type": "Feature", "properties": { "visible_points": 0, "total_points": 120, "visibility_pct": 0.0 }, "geometry": { "type": "Point", "coordinates": [ -2.95309122622188, 51.154986500966473 ] } },
{ "type": "Feature", "properties": { "visible_points": 0, "total_points": 119, "visibility_pct": 0.0 }, "geometry": { "type": "Point", "coordinates": [ -2.952893125522041, 51.154988114854291 ] } },
{ "type": "Feature", "properties": { "visible_points": 0, "total_points": 110, "visibility_pct": 0.0 }, "geometry": { "type": "Point", "coordinates": [ -2.952695024803424, 51.154989728406285 ] } },
{ "type": "Feature", "properties": { "visible_points": 0, "total_points": 100, "visibility_pct": 0.0 }, "geometry": { "type": "Point", "coordinates": [ -2.95249692406604, 51.154991341622505 ] } },
{ "type": "Feature", "properties": { "visible_points": 0, "total_points": 89, "visibility_pct": 0.0 }, "geometry": { "type": "Point", "coordinates": [ -2.952298823309876, 51.154992954502909 ] } },
{ "type": "Feature", "properties": { "visible_points": 1, "total_points": 82, "visibility_pct": 1.2195121951219512 }, "geometry": { "type": "Point", "coordinates": [ -2.956560220676345, 51.155066093369015 ] } },
{ "type": "Feature", "properties": { "visible_points": 2, "total_points": 86, "visibility_pct": 2.3255813953488373 }, "geometry": { "type": "Point", "coordinates": [ -2.956362119828324, 51.155067713128609 ] } },
{ "type": "Feature", "properties": { "visible_points": 6, "total_points": 90, "visibility_pct": 6.666666666666667 }, "geometry": { "type": "Point", "coordinates": [ -2.956164018961458, 51.155069332552401 ] } },
{ "type": "Feature", "properties": { "visible_points": 0, "total_points": 93, "visibility_pct": 0.0 }, "geometry": { "type": "Point", "coordinates": [ -2.955965918075747, 51.15507095164039 ] } },
{ "type": "Feature", "properties": { "visible_points": 0, "total_points": 97, "visibility_pct": 0.0 }, "geometry": { "type": "Point", "coordinates": [ -2.955767817171195, 51.155072570392576 ] } },
{ "type": "Feature", "properties": { "visible_points": 0, "total_points": 101, "visibility_pct": 0.0 }, "geometry": { "type": "Point", "coordinates": [ -2.955569716247813, 51.155074188808968 ] } },
{ "type": "Feature", "properties": { "visible_points": 0, "total_points": 105, "visibility_pct": 0.0 }, "geometry": { "type": "Point", "coordinates": [ -2.9553716153056, 51.155075806889563 ] } },
{ "type": "Feature", "properties": { "visible_points": 0, "total_points": 108, "visibility_pct": 0.0 }, "geometry": { "type": "Point", "coordinates": [ -2.955173514344554, 51.155077424634335 ] } },
{ "type": "Feature", "properties": { "visible_points": 0, "total_points": 111, "visibility_pct": 0.0 }, "geometry": { "type": "Point", "coordinates": [ -2.954975413364692, 51.15507904204334 ] } },
{ "type": "Feature", "properties": { "visible_points": 0, "total_points": 114, "visibility_pct": 0.0 }, "geometry": { "type": "Point", "coordinates": [ -2.954777312366006, 51.155080659116507 ] } },
{ "type": "Feature", "properties": { "visible_points": 0, "total_points": 116, "visibility_pct": 0.0 }, "geometry": { "type": "Point", "coordinates": [ -2.954579211348504, 51.155082275853886 ] } },
{ "type": "Feature", "properties": { "visible_points": 0, "total_points": 118, "visibility_pct": 0.0 }, "geometry": { "type": "Point", "coordinates": [ -2.954381110312197, 51.155083892255469 ] } },
{ "type": "Feature", "properties": { "visible_points": 0, "total_points": 119, "visibility_pct": 0.0 }, "geometry": { "type": "Point", "coordinates": [ -2.954183009257079, 51.155085508321257 ] } },
{ "type": "Feature", "properties": { "visible_points": 0, "total_points": 120, "visibility_pct": 0.0 }, "geometry": { "type": "Point", "coordinates": [ -2.953984908183155, 51.155087124051235 ] } },
{ "type": "Feature", "properties": { "visible_points": 0, "total_points": 120, "visibility_pct": 0.0 }, "geometry": { "type": "Point", "coordinates": [ -2.953786807090438, 51.155088739445418 ] } },
{ "type": "Feature", "properties": { "visible_points": 0, "total_points": 120, "visibility_pct": 0.0 }, "geometry": { "type": "Point", "coordinates": [ -2.953588705978919, 51.155090354503798 ] } },
{ "type": "Feature", "properties": { "visible_points": 0, "total_points": 120, "visibility_pct": 0.0 }, "geometry": { "type": "Point", "coordinates": [ -2.953390604848614, 51.155091969226376 ] } },
{ "type": "Feature", "properties": { "visible_points": 0, "total_points": 120, "visibility_pct": 0.0 }, "geometry": { "type": "Point", "coordinates": [ -2.953192503699519, 51.155093583613159 ] } },
{ "type": "Feature", "properties": { "visible_points": 0, "total_points": 120, "visibility_pct": 0.0 }, "geometry": { "type": "Point", "coordinates": [ -2.952994402531638, 51.155095197664139 ] } },
{ "type": "Feature", "properties": { "visible_points": 0, "total_points": 117, "visibility_pct": 0.0 }, "geometry": { "type": "Point", "coordinates": [ -2.952796301344983, 51.155096811379323 ] } },
{ "type": "Feature", "properties": { "visible_points": 0, "total_points": 109, "visibility_pct": 0.0 }, "geometry": { "type": "Point", "coordinates": [ -2.952598200139549, 51.155098424758691 ] } },
{ "type": "Feature", "properties": { "visible_points": 0, "total_points": 99, "visibility_pct": 0.0 }, "geometry": { "type": "Point", "coordinates": [ -2.952400098915343, 51.155100037802278 ] } },
{ "type": "Feature", "properties": { "visible_points": 0, "total_points": 88, "visibility_pct": 0.0 }, "geometry": { "type": "Point", "coordinates": [ -2.95220199767237, 51.155101650510048 ] } },
{ "type": "Feature", "properties": { "visible_points": 12, "total_points": 81, "visibility_pct": 14.814814814814813 }, "geometry": { "type": "Point", "coordinates": [ -2.95725581043214, 51.155168311377338 ] } },
{ "type": "Feature", "properties": { "visible_points": 22, "total_points": 84, "visibility_pct": 26.190476190476193 }, "geometry": { "type": "Point", "coordinates": [ -2.957057709172684, 51.15516993230753 ] } },
{ "type": "Feature", "properties": { "visible_points": 22, "total_points": 87, "visibility_pct": 25.287356321839084 }, "geometry": { "type": "Point", "coordinates": [ -2.956859607894364, 51.155171552901919 ] } },
{ "type": "Feature", "properties": { "visible_points": 21, "total_points": 91, "visibility_pct": 23.076923076923077 }, "geometry": { "type": "Point", "coordinates": [ -2.95666150659719, 51.15517317316052 ] } },
{ "type": "Feature", "properties": { "visible_points": 22, "total_points": 94, "visibility_pct": 23.404255319148938 }, "geometry": { "type": "Point", "coordinates": [ -2.956463405281163, 51.155174793083297 ] } },
{ "type": "Feature", "properties": { "visible_points": 15, "total_points": 98, "visibility_pct": 15.306122448979592 }, "geometry": { "type": "Point", "coordinates": [ -2.956265303946288, 51.155176412670272 ] } },
{ "type": "Feature", "properties": { "visible_points": 0, "total_points": 101, "visibility_pct": 0.0 }, "geometry": { "type": "Point", "coordinates": [ -2.956067202592564, 51.155178031921459 ] } },
{ "type": "Feature", "properties": { "visible_points": 0, "total_points": 104, "visibility_pct": 0.0 }, "geometry": { "type": "Point", "coordinates": [ -2.955869101220004, 51.155179650836835 ] } },
{ "type": "Feature", "properties": { "visible_points": 0, "total_points": 107, "visibility_pct": 0.0 }, "geometry": { "type": "Point", "coordinates": [ -2.955670999828604, 51.155181269416424 ] } },
{ "type": "Feature", "properties": { "visible_points": 0, "total_points": 111, "visibility_pct": 0.0 }, "geometry": { "type": "Point", "coordinates": [ -2.955472898418374, 51.155182887660203 ] } },
{ "type": "Feature", "properties": { "visible_points": 0, "total_points": 114, "visibility_pct": 0.0 }, "geometry": { "type": "Point", "coordinates": [ -2.95527479698931, 51.155184505568172 ] } },
{ "type": "Feature", "properties": { "visible_points": 0, "total_points": 117, "visibility_pct": 0.0 }, "geometry": { "type": "Point", "coordinates": [ -2.955076695541426, 51.155186123140354 ] } },
{ "type": "Feature", "properties": { "visible_points": 0, "total_points": 119, "visibility_pct": 0.0 }, "geometry": { "type": "Point", "coordinates": [ -2.954878594074714, 51.155187740376711 ] } },
{ "type": "Feature", "properties": { "visible_points": 0, "total_points": 120, "visibility_pct": 0.0 }, "geometry": { "type": "Point", "coordinates": [ -2.954680492589193, 51.155189357277287 ] } },
{ "type": "Feature", "properties": { "visible_points": 0, "total_points": 120, "visibility_pct": 0.0 }, "geometry": { "type": "Point", "coordinates": [ -2.954482391084855, 51.155190973842032 ] } },
{ "type": "Feature", "properties": { "visible_points": 0, "total_points": 120, "visibility_pct": 0.0 }, "geometry": { "type": "Point", "coordinates": [ -2.954284289561703, 51.15519259007101 ] } },
{ "type": "Feature", "properties": { "visible_points": 0, "total_points": 120, "visibility_pct": 0.0 }, "geometry": { "type": "Point", "coordinates": [ -2.954086188019754, 51.155194205964172 ] } },
{ "type": "Feature", "properties": { "visible_points": 0, "total_points": 120, "visibility_pct": 0.0 }, "geometry": { "type": "Point", "coordinates": [ -2.953888086458997, 51.155195821521531 ] } },
{ "type": "Feature", "properties": { "visible_points": 0, "total_points": 120, "visibility_pct": 0.0 }, "geometry": { "type": "Point", "coordinates": [ -2.953689984879448, 51.155197436743087 ] } },
{ "type": "Feature", "properties": { "visible_points": 0, "total_points": 120, "visibility_pct": 0.0 }, "geometry": { "type": "Point", "coordinates": [ -2.9534918832811, 51.155199051628841 ] } },
{ "type": "Feature", "properties": { "visible_points": 0, "total_points": 120, "visibility_pct": 0.0 }, "geometry": { "type": "Point", "coordinates": [ -2.953293781663966, 51.155200666178793 ] } },
{ "type": "Feature", "properties": { "visible_points": 0, "total_points": 120, "visibility_pct": 0.0 }, "geometry": { "type": "Point", "coordinates": [ -2.953095680028045, 51.155202280392956 ] } },
{ "type": "Feature", "properties": { "visible_points": 0, "total_points": 120, "visibility_pct": 0.0 }, "geometry": { "type": "Point", "coordinates": [ -2.952897578373342, 51.15520389427131 ] } },
{ "type": "Feature", "properties": { "visible_points": 0, "total_points": 115, "visibility_pct": 0.0 }, "geometry": { "type": "Point", "coordinates": [ -2.952699476699863, 51.155205507813861 ] } },
{ "type": "Feature", "properties": { "visible_points": 0, "total_points": 107, "visibility_pct": 0.0 }, "geometry": { "type": "Point", "coordinates": [ -2.952501375007608, 51.155207121020602 ] } },
{ "type": "Feature", "properties": { "visible_points": 0, "total_points": 97, "visibility_pct": 0.0 }, "geometry": { "type": "Point", "coordinates": [ -2.952303273296581, 51.155208733891541 ] } },
{ "type": "Feature", "properties": { "visible_points": 0, "total_points": 86, "visibility_pct": 0.0 }, "geometry": { "type": "Point", "coordinates": [ -2.952105171566794, 51.155210346426699 ] } },
{ "type": "Feature", "properties": { "visible_points": 1, "total_points": 78, "visibility_pct": 1.2820512820512819 }, "geometry": { "type": "Point", "coordinates": [ -2.957951403312995, 51.155270525303152 ] } },
{ "type": "Feature", "properties": { "visible_points": 16, "total_points": 83, "visibility_pct": 19.277108433734941 }, "geometry": { "type": "Point", "coordinates": [ -2.957753301642152, 51.155272147403949 ] } },
{ "type": "Feature", "properties": { "visible_points": 25, "total_points": 86, "visibility_pct": 29.069767441860467 }, "geometry": { "type": "Point", "coordinates": [ -2.957555199952431, 51.155273769168943 ] } },
{ "type": "Feature", "properties": { "visible_points": 23, "total_points": 89, "visibility_pct": 25.842696629213485 }, "geometry": { "type": "Point", "coordinates": [ -2.957357098243839, 51.155275390598156 ] } },
{ "type": "Feature", "properties": { "visible_points": 20, "total_points": 93, "visibility_pct": 21.50537634408602 }, "geometry": { "type": "Point", "coordinates": [ -2.957158996516379, 51.155277011691545 ] } },
{ "type": "Feature", "properties": { "visible_points": 23, "total_points": 96, "visibility_pct": 23.958333333333336 }, "geometry": { "type": "Point", "coordinates": [ -2.956960894770059, 51.155278632449132 ] } },
{ "type": "Feature", "properties": { "visible_points": 25, "total_points": 99, "visibility_pct": 25.252525252525253 }, "geometry": { "type": "Point", "coordinates": [ -2.956762793004875, 51.155280252870924 ] } },
{ "type": "Feature", "properties": { "visible_points": 23, "total_points": 102, "visibility_pct": 22.549019607843139 }, "geometry": { "type": "Point", "coordinates": [ -2.956564691220842, 51.15528187295692 ] } },
{ "type": "Feature", "properties": { "visible_points": 25, "total_points": 105, "visibility_pct": 23.809523809523807 }, "geometry": { "type": "Point", "coordinates": [ -2.956366589417956, 51.155283492707092 ] } },
{ "type": "Feature", "properties": { "visible_points": 19, "total_points": 107, "visibility_pct": 17.75700934579439 }, "geometry": { "type": "Point", "coordinates": [ -2.956168487596224, 51.155285112121476 ] } },
{ "type": "Feature", "properties": { "visible_points": 12, "total_points": 110, "visibility_pct": 10.909090909090908 }, "geometry": { "type": "Point", "coordinates": [ -2.955970385755647, 51.155286731200057 ] } },
{ "type": "Feature", "properties": { "visible_points": 0, "total_points": 113, "visibility_pct": 0.0 }, "geometry": { "type": "Point", "coordinates": [ -2.955772283896228, 51.155288349942808 ] } },
{ "type": "Feature", "properties": { "visible_points": 0, "total_points": 116, "visibility_pct": 0.0 }, "geometry": { "type": "Point", "coordinates": [ -2.955574182017979, 51.155289968349777 ] } },
{ "type": "Feature", "properties": { "visible_points": 0, "total_points": 118, "visibility_pct": 0.0 }, "geometry": { "type": "Point", "coordinates": [ -2.955376080120897, 51.155291586420951 ] } },
{ "type": "Feature", "properties": { "visible_points": 0, "total_points": 120, "visibility_pct": 0.0 }, "geometry": { "type": "Point", "coordinates": [ -2.955177978204986, 51.155293204156301 ] } },
{ "type": "Feature", "properties": { "visible_points": 0, "total_points": 120, "visibility_pct": 0.0 }, "geometry": { "type": "Point", "coordinates": [ -2.954979876270254, 51.155294821555863 ] } },
{ "type": "Feature", "properties": { "visible_points": 0, "total_points": 120, "visibility_pct": 0.0 }, "geometry": { "type": "Point", "coordinates": [ -2.954781774316701, 51.155296438619608 ] } },
{ "type": "Feature", "properties": { "visible_points": 0, "total_points": 120, "visibility_pct": 0.0 }, "geometry": { "type": "Point", "coordinates": [ -2.954583672344336, 51.155298055347558 ] } },
{ "type": "Feature", "properties": { "visible_points": 0, "total_points": 120, "visibility_pct": 0.0 }, "geometry": { "type": "Point", "coordinates": [ -2.954385570353158, 51.155299671739691 ] } },
{ "type": "Feature", "properties": { "visible_points": 0, "total_points": 120, "visibility_pct": 0.0 }, "geometry": { "type": "Point", "coordinates": [ -2.954187468343167, 51.15530128779605 ] } },
{ "type": "Feature", "properties": { "visible_points": 0, "total_points": 120, "visibility_pct": 0.0 }, "geometry": { "type": "Point", "coordinates": [ -2.953989366314378, 51.155302903516599 ] } },
{ "type": "Feature", "properties": { "visible_points": 0, "total_points": 120, "visibility_pct": 0.0 }, "geometry": { "type": "Point", "coordinates": [ -2.953791264266787, 51.155304518901332 ] } },
{ "type": "Feature", "properties": { "visible_points": 0, "total_points": 120, "visibility_pct": 0.0 }, "geometry": { "type": "Point", "coordinates": [ -2.953593162200406, 51.155306133950262 ] } },
{ "type": "Feature", "properties": { "visible_points": 0, "total_points": 120, "visibility_pct": 0.0 }, "geometry": { "type": "Point", "coordinates": [ -2.953395060115222, 51.155307748663397 ] } },
{ "type": "Feature", "properties": { "visible_points": 0, "total_points": 120, "visibility_pct": 0.0 }, "geometry": { "type": "Point", "coordinates": [ -2.953196958011262, 51.155309363040736 ] } },
{ "type": "Feature", "properties": { "visible_points": 0, "total_points": 120, "visibility_pct": 0.0 }, "geometry": { "type": "Point", "coordinates": [ -2.952998855888511, 51.155310977082259 ] } },
{ "type": "Feature", "properties": { "visible_points": 9, "total_points": 119, "visibility_pct": 7.5630252100840334 }, "geometry": { "type": "Point", "coordinates": [ -2.952800753746982, 51.155312590787972 ] } },
{ "type": "Feature", "properties": { "visible_points": 0, "total_points": 113, "visibility_pct": 0.0 }, "geometry": { "type": "Point", "coordinates": [ -2.952602651586678, 51.155314204157897 ] } },
{ "type": "Feature", "properties": { "visible_points": 0, "total_points": 105, "visibility_pct": 0.0 }, "geometry": { "type": "Point", "coordinates": [ -2.952404549407601, 51.155315817192005 ] } },
{ "type": "Feature", "properties": { "visible_points": 0, "total_points": 95, "visibility_pct": 0.0 }, "geometry": { "type": "Point", "coordinates": [ -2.952206447209756, 51.155317429890303 ] } },
{ "type": "Feature", "properties": { "visible_points": 0, "total_points": 83, "visibility_pct": 0.0 }, "geometry": { "type": "Point", "coordinates": [ -2.952008344993147, 51.15531904225282 ] } },
{ "type": "Feature", "properties": { "visible_points": 0, "total_points": 74, "visibility_pct": 0.0 }, "geometry": { "type": "Point", "coordinates": [ -2.958448897236589, 51.155374358417831 ] } },
{ "type": "Feature", "properties": { "visible_points": 0, "total_points": 80, "visibility_pct": 0.0 }, "geometry": { "type": "Point", "coordinates": [ -2.958250795135503, 51.155375981353451 ] } },
{ "type": "Feature", "properties": { "visible_points": 0, "total_points": 86, "visibility_pct": 0.0 }, "geometry": { "type": "Point", "coordinates": [ -2.958052693015547, 51.155377603953276 ] } },
{ "type": "Feature", "properties": { "visible_points": 0, "total_points": 91, "visibility_pct": 0.0 }, "geometry": { "type": "Point", "coordinates": [ -2.9578545908767, 51.155379226217292 ] } },
{ "type": "Feature", "properties": { "visible_points": 30, "total_points": 95, "visibility_pct": 31.578947368421051 }, "geometry": { "type": "Point", "coordinates": [ -2.957656488718981, 51.155380848145498 ] } },
{ "type": "Feature", "properties": { "visible_points": 28, "total_points": 98, "visibility_pct": 28.571428571428569 }, "geometry": { "type": "Point", "coordinates": [ -2.957458386542388, 51.155382469737901 ] } },
{ "type": "Feature", "properties": { "visible_points": 21, "total_points": 101, "visibility_pct": 20.792079207920793 }, "geometry": { "type": "Point", "coordinates": [ -2.957260284346925, 51.155384090994509 ] } },
{ "type": "Feature", "properties": { "visible_points": 17, "total_points": 104, "visibility_pct": 16.346153846153847 }, "geometry": { "type": "Point", "coordinates": [ -2.957062182132598, 51.155385711915287 ] } },
{ "type": "Feature", "properties": { "visible_points": 20, "total_points": 107, "visibility_pct": 18.691588785046729 }, "geometry": { "type": "Point", "coordinates": [ -2.956864079899408, 51.155387332500275 ] } },
{ "type": "Feature", "properties": { "visible_points": 22, "total_points": 109, "visibility_pct": 20.183486238532112 }, "geometry": { "type": "Point", "coordinates": [ -2.956665977647364, 51.155388952749462 ] } },
{ "type": "Feature", "properties": { "visible_points": 21, "total_points": 111, "visibility_pct": 18.918918918918919 }, "geometry": { "type": "Point", "coordinates": [ -2.956467875376468, 51.155390572662832 ] } },
{ "type": "Feature", "properties": { "visible_points": 21, "total_points": 113, "visibility_pct": 18.584070796460178 }, "geometry": { "type": "Point", "coordinates": [ -2.956269773086717, 51.155392192240413 ] } },
{ "type": "Feature", "properties": { "visible_points": 17, "total_points": 115, "visibility_pct": 14.782608695652174 }, "geometry": { "type": "Point", "coordinates": [ -2.956071670778128, 51.15539381148217 ] } },
{ "type": "Feature", "properties": { "visible_points": 0, "total_points": 117, "visibility_pct": 0.0 }, "geometry": { "type": "Point", "coordinates": [ -2.955873568450688, 51.15539543038814 ] } },
{ "type": "Feature", "properties": { "visible_points": 0, "total_points": 119, "visibility_pct": 0.0 }, "geometry": { "type": "Point", "coordinates": [ -2.955675466104421, 51.155397048958307 ] } },
{ "type": "Feature", "properties": { "visible_points": 0, "total_points": 120, "visibility_pct": 0.0 }, "geometry": { "type": "Point", "coordinates": [ -2.955477363739316, 51.155398667192664 ] } },
{ "type": "Feature", "properties": { "visible_points": 0, "total_points": 120, "visibility_pct": 0.0 }, "geometry": { "type": "Point", "coordinates": [ -2.955279261355381, 51.155400285091204 ] } },
{ "type": "Feature", "properties": { "visible_points": 0, "total_points": 120, "visibility_pct": 0.0 }, "geometry": { "type": "Point", "coordinates": [ -2.955081158952619, 51.155401902653963 ] } },
{ "type": "Feature", "properties": { "visible_points": 0, "total_points": 120, "visibility_pct": 0.0 }, "geometry": { "type": "Point", "coordinates": [ -2.95488305653104, 51.155403519880885 ] } },
{ "type": "Feature", "properties": { "visible_points": 0, "total_points": 120, "visibility_pct": 0.0 }, "geometry": { "type": "Point", "coordinates": [ -2.95468495409064, 51.155405136772032 ] } },
{ "type": "Feature", "properties": { "visible_points": 0, "total_points": 120, "visibility_pct": 0.0 }, "geometry": { "type": "Point", "coordinates": [ -2.954486851631429, 51.155406753327355 ] } },
{ "type": "Feature", "properties": { "visible_points": 0, "total_points": 120, "visibility_pct": 0.0 }, "geometry": { "type": "Point", "coordinates": [ -2.954288749153406, 51.155408369546883 ] } },
{ "type": "Feature", "properties": { "visible_points": 0, "total_points": 120, "visibility_pct": 0.0 }, "geometry": { "type": "Point", "coordinates": [ -2.95409064665658, 51.155409985430616 ] } },
{ "type": "Feature", "properties": { "visible_points": 0, "total_points": 120, "visibility_pct": 0.0 }, "geometry": { "type": "Point", "coordinates": [ -2.953892544140949, 51.155411600978525 ] } },
{ "type": "Feature", "properties": { "visible_points": 0, "total_points": 120, "visibility_pct": 0.0 }, "geometry": { "type": "Point", "coordinates": [ -2.953694441606522, 51.155413216190645 ] } },
{ "type": "Feature", "properties": { "visible_points": 0, "total_points": 120, "visibility_pct": 0.0 }, "geometry": { "type": "Point", "coordinates": [ -2.9534963390533, 51.155414831066956 ] } },
{ "type": "Feature", "properties": { "visible_points": 25, "total_points": 120, "visibility_pct": 20.833333333333336 }, "geometry": { "type": "Point", "coordinates": [ -2.953298236481289, 51.155416445607457 ] } },
{ "type": "Feature", "properties": { "visible_points": 18, "total_points": 120, "visibility_pct": 15.0 }, "geometry": { "type": "Point", "coordinates": [ -2.953100133890493, 51.155418059812156 ] } },
{ "type": "Feature", "properties": { "visible_points": 13, "total_points": 120, "visibility_pct": 10.833333333333334 }, "geometry": { "type": "Point", "coordinates": [ -2.952902031280913, 51.155419673681067 ] } },
{ "type": "Feature", "properties": { "visible_points": 15, "total_points": 118, "visibility_pct": 12.711864406779661 }, "geometry": { "type": "Point", "coordinates": [ -2.952703928652554, 51.155421287214146 ] } },
{ "type": "Feature", "properties": { "visible_points": 0, "total_points": 111, "visibility_pct": 0.0 }, "geometry": { "type": "Point", "coordinates": [ -2.952505826005422, 51.155422900411438 ] } },
{ "type": "Feature", "properties": { "visible_points": 0, "total_points": 103, "visibility_pct": 0.0 }, "geometry": { "type": "Point", "coordinates": [ -2.952307723339521, 51.155424513272919 ] } },
{ "type": "Feature", "properties": { "visible_points": 0, "total_points": 92, "visibility_pct": 0.0 }, "geometry": { "type": "Point", "coordinates": [ -2.952109620654857, 51.155426125798591 ] } },
{ "type": "Feature", "properties": { "visible_points": 0, "total_points": 80, "visibility_pct": 0.0 }, "geometry": { "type": "Point", "coordinates": [ -2.951911517951421, 51.155427737988454 ] } },
{ "type": "Feature", "properties": { "visible_points": 0, "total_points": 80, "visibility_pct": 0.0 }, "geometry": { "type": "Point", "coordinates": [ -2.958550188361983, 51.155481436660466 ] } },
{ "type": "Feature", "properties": { "visible_points": 0, "total_points": 87, "visibility_pct": 0.0 }, "geometry": { "type": "Point", "coordinates": [ -2.958352085792912, 51.155483059759312 ] } },
{ "type": "Feature", "properties": { "visible_points": 0, "total_points": 93, "visibility_pct": 0.0 }, "geometry": { "type": "Point", "coordinates": [ -2.958153983204953, 51.155484682522335 ] } },
{ "type": "Feature", "properties": { "visible_points": 6, "total_points": 98, "visibility_pct": 6.1224489795918364 }, "geometry": { "type": "Point", "coordinates": [ -2.957955880598111, 51.155486304949562 ] } },
{ "type": "Feature", "properties": { "visible_points": 35, "total_points": 103, "visibility_pct": 33.980582524271846 }, "geometry": { "type": "Point", "coordinates": [ -2.957757777972389, 51.155487927040973 ] } },
{ "type": "Feature", "properties": { "visible_points": 24, "total_points": 106, "visibility_pct": 22.641509433962266 }, "geometry": { "type": "Point", "coordinates": [ -2.957559675327793, 51.155489548796588 ] } },
{ "type": "Feature", "properties": { "visible_points": 18, "total_points": 109, "visibility_pct": 16.513761467889911 }, "geometry": { "type": "Point", "coordinates": [ -2.957361572664325, 51.155491170216372 ] } },
{ "type": "Feature", "properties": { "visible_points": 18, "total_points": 111, "visibility_pct": 16.216216216216218 }, "geometry": { "type": "Point", "coordinates": [ -2.957163469981992, 51.155492791300375 ] } },
{ "type": "Feature", "properties": { "visible_points": 20, "total_points": 113, "visibility_pct": 17.699115044247787 }, "geometry": { "type": "Point", "coordinates": [ -2.956965367280791, 51.155494412048562 ] } },
{ "type": "Feature", "properties": { "visible_points": 21, "total_points": 115, "visibility_pct": 18.260869565217391 }, "geometry": { "type": "Point", "coordinates": [ -2.956767264560734, 51.155496032460952 ] } },
{ "type": "Feature", "properties": { "visible_points": 0, "total_points": 117, "visibility_pct": 0.0 }, "geometry": { "type": "Point", "coordinates": [ -2.956569161821826, 51.155497652537527 ] } },
{ "type": "Feature", "properties": { "visible_points": 11, "total_points": 118, "visibility_pct": 9.3220338983050848 }, "geometry": { "type": "Point", "coordinates": [ -2.956371059064058, 51.155499272278291 ] } },
{ "type": "Feature", "properties": { "visible_points": 16, "total_points": 119, "visibility_pct": 13.445378151260504 }, "geometry": { "type": "Point", "coordinates": [ -2.956172956287451, 51.155500891683261 ] } },
{ "type": "Feature", "properties": { "visible_points": 17, "total_points": 120, "visibility_pct": 14.166666666666666 }, "geometry": { "type": "Point", "coordinates": [ -2.955974853491994, 51.155502510752413 ] } },
{ "type": "Feature", "properties": { "visible_points": 0, "total_points": 120, "visibility_pct": 0.0 }, "geometry": { "type": "Point", "coordinates": [ -2.9557767506777, 51.155504129485777 ] } },
{ "type": "Feature", "properties": { "visible_points": 0, "total_points": 120, "visibility_pct": 0.0 }, "geometry": { "type": "Point", "coordinates": [ -2.95557864784457, 51.155505747883318 ] } },
{ "type": "Feature", "properties": { "visible_points": 0, "total_points": 120, "visibility_pct": 0.0 }, "geometry": { "type": "Point", "coordinates": [ -2.955380544992613, 51.155507365945056 ] } },
{ "type": "Feature", "properties": { "visible_points": 0, "total_points": 120, "visibility_pct": 0.0 }, "geometry": { "type": "Point", "coordinates": [ -2.955182442121825, 51.155508983670998 ] } },
{ "type": "Feature", "properties": { "visible_points": 0, "total_points": 120, "visibility_pct": 0.0 }, "geometry": { "type": "Point", "coordinates": [ -2.954984339232206, 51.15551060106111 ] } },
{ "type": "Feature", "properties": { "visible_points": 0, "total_points": 120, "visibility_pct": 0.0 }, "geometry": { "type": "Point", "coordinates": [ -2.954786236323778, 51.15551221811544 ] } },
{ "type": "Feature", "properties": { "visible_points": 0, "total_points": 120, "visibility_pct": 0.0 }, "geometry": { "type": "Point", "coordinates": [ -2.954588133396533, 51.155513834833975 ] } },
{ "type": "Feature", "properties": { "visible_points": 0, "total_points": 120, "visibility_pct": 0.0 }, "geometry": { "type": "Point", "coordinates": [ -2.95439003045047, 51.155515451216665 ] } },
{ "type": "Feature", "properties": { "visible_points": 0, "total_points": 120, "visibility_pct": 0.0 }, "geometry": { "type": "Point", "coordinates": [ -2.954191927485604, 51.155517067263581 ] } },
{ "type": "Feature", "properties": { "visible_points": 0, "total_points": 120, "visibility_pct": 0.0 }, "geometry": { "type": "Point", "coordinates": [ -2.953993824501933, 51.155518682974673 ] } },
{ "type": "Feature", "properties": { "visible_points": 0, "total_points": 120, "visibility_pct": 0.0 }, "geometry": { "type": "Point", "coordinates": [ -2.953795721499463, 51.155520298349963 ] } },
{ "type": "Feature", "properties": { "visible_points": 26, "total_points": 120, "visibility_pct": 21.666666666666668 }, "geometry": { "type": "Point", "coordinates": [ -2.953597618478196, 51.155521913389464 ] } },
{ "type": "Feature", "properties": { "visible_points": 27, "total_points": 120, "visibility_pct": 22.5 }, "geometry": { "type": "Point", "coordinates": [ -2.953399515438135, 51.155523528093134 ] } },
{ "type": "Feature", "properties": { "visible_points": 28, "total_points": 120, "visibility_pct": 23.333333333333332 }, "geometry": { "type": "Point", "coordinates": [ -2.953201412379285, 51.155525142461016 ] } },
{ "type": "Feature", "properties": { "visible_points": 8, "total_points": 120, "visibility_pct": 6.666666666666667 }, "geometry": { "type": "Point", "coordinates": [ -2.953003309301659, 51.155526756493096 ] } },
{ "type": "Feature", "properties": { "visible_points": 17, "total_points": 120, "visibility_pct": 14.166666666666666 }, "geometry": { "type": "Point", "coordinates": [ -2.952805206205245, 51.155528370189359 ] } },
{ "type": "Feature", "properties": { "visible_points": 23, "total_points": 117, "visibility_pct": 19.658119658119659 }, "geometry": { "type": "Point", "coordinates": [ -2.952607103090056, 51.155529983549819 ] } },
{ "type": "Feature", "properties": { "visible_points": 0, "total_points": 110, "visibility_pct": 0.0 }, "geometry": { "type": "Point", "coordinates": [ -2.952408999956099, 51.15553159657447 ] } },
{ "type": "Feature", "properties": { "visible_points": 0, "total_points": 100, "visibility_pct": 0.0 }, "geometry": { "type": "Point", "coordinates": [ -2.95221089680337, 51.155533209263318 ] } },
{ "type": "Feature", "properties": { "visible_points": 0, "total_points": 89, "visibility_pct": 0.0 }, "geometry": { "type": "Point", "coordinates": [ -2.952012793631876, 51.155534821616357 ] } },
{ "type": "Feature", "properties": { "visible_points": 0, "total_points": 77, "visibility_pct": 0.0 }, "geometry": { "type": "Point", "coordinates": [ -2.951814690441624, 51.1555364336336 ] } },
{ "type": "Feature", "properties": { "visible_points": 0, "total_points": 93, "visibility_pct": 0.0 }, "geometry": { "type": "Point", "coordinates": [ -2.958453376937185, 51.155590138084079 ] } },
{ "type": "Feature", "properties": { "visible_points": 0, "total_points": 100, "visibility_pct": 0.0 }, "geometry": { "type": "Point", "coordinates": [ -2.958255273881223, 51.155591761010321 ] } },
{ "type": "Feature", "properties": { "visible_points": 20, "total_points": 105, "visibility_pct": 19.047619047619047 }, "geometry": { "type": "Point", "coordinates": [ -2.95805717080638, 51.15559338360076 ] } },
{ "type": "Feature", "properties": { "visible_points": 33, "total_points": 109, "visibility_pct": 30.275229357798167 }, "geometry": { "type": "Point", "coordinates": [ -2.95785906771266, 51.155595005855368 ] } },
{ "type": "Feature", "properties": { "visible_points": 35, "total_points": 112, "visibility_pct": 31.25 }, "geometry": { "type": "Point", "coordinates": [ -2.957660964600056, 51.155596627774187 ] } },
{ "type": "Feature", "properties": { "visible_points": 0, "total_points": 115, "visibility_pct": 0.0 }, "geometry": { "type": "Point", "coordinates": [ -2.957462861468579, 51.155598249357183 ] } },
{ "type": "Feature", "properties": { "visible_points": 0, "total_points": 117, "visibility_pct": 0.0 }, "geometry": { "type": "Point", "coordinates": [ -2.957264758318236, 51.155599870604398 ] } },
{ "type": "Feature", "properties": { "visible_points": 0, "total_points": 119, "visibility_pct": 0.0 }, "geometry": { "type": "Point", "coordinates": [ -2.957066655149029, 51.155601491515782 ] } },
{ "type": "Feature", "properties": { "visible_points": 0, "total_points": 120, "visibility_pct": 0.0 }, "geometry": { "type": "Point", "coordinates": [ -2.956868551960957, 51.155603112091363 ] } },
{ "type": "Feature", "properties": { "visible_points": 0, "total_points": 120, "visibility_pct": 0.0 }, "geometry": { "type": "Point", "coordinates": [ -2.956670448754028, 51.155604732331142 ] } },
{ "type": "Feature", "properties": { "visible_points": 0, "total_points": 120, "visibility_pct": 0.0 }, "geometry": { "type": "Point", "coordinates": [ -2.95647234552825, 51.155606352235125 ] } },
{ "type": "Feature", "properties": { "visible_points": 12, "total_points": 120, "visibility_pct": 10.0 }, "geometry": { "type": "Point", "coordinates": [ -2.956274242283618, 51.155607971803271 ] } },
{ "type": "Feature", "properties": { "visible_points": 18, "total_points": 120, "visibility_pct": 15.0 }, "geometry": { "type": "Point", "coordinates": [ -2.956076139020142, 51.155609591035621 ] } },
{ "type": "Feature", "properties": { "visible_points": 19, "total_points": 120, "visibility_pct": 15.833333333333332 }, "geometry": { "type": "Point", "coordinates": [ -2.955878035737823, 51.155611209932175 ] } },
{ "type": "Feature", "properties": { "visible_points": 0, "total_points": 120, "visibility_pct": 0.0 }, "geometry": { "type": "Point", "coordinates": [ -2.955679932436669, 51.15561282849292 ] } },
{ "type": "Feature", "properties": { "visible_points": 0, "total_points": 120, "visibility_pct": 0.0 }, "geometry": { "type": "Point", "coordinates": [ -2.955481829116677, 51.155614446717848 ] } },
{ "type": "Feature", "properties": { "visible_points": 0, "total_points": 120, "visibility_pct": 0.0 }, "geometry": { "type": "Point", "coordinates": [ -2.95528372577786, 51.155616064606974 ] } },
{ "type": "Feature", "properties": { "visible_points": 0, "total_points": 120, "visibility_pct": 0.0 }, "geometry": { "type": "Point", "coordinates": [ -2.955085622420214, 51.15561768216029 ] } },
{ "type": "Feature", "properties": { "visible_points": 0, "total_points": 120, "visibility_pct": 0.0 }, "geometry": { "type": "Point", "coordinates": [ -2.954887519043749, 51.155619299377797 ] } },
{ "type": "Feature", "properties": { "visible_points": 0, "total_points": 120, "visibility_pct": 0.0 }, "geometry": { "type": "Point", "coordinates": [ -2.954689415648463, 51.155620916259508 ] } },
{ "type": "Feature", "properties": { "visible_points": 0, "total_points": 120, "visibility_pct": 0.0 }, "geometry": { "type": "Point", "coordinates": [ -2.954491312234363, 51.155622532805403 ] } },
{ "type": "Feature", "properties": { "visible_points": 0, "total_points": 120, "visibility_pct": 0.0 }, "geometry": { "type": "Point", "coordinates": [ -2.954293208801456, 51.155624149015487 ] } },
{ "type": "Feature", "properties": { "visible_points": 0, "total_points": 120, "visibility_pct": 0.0 }, "geometry": { "type": "Point", "coordinates": [ -2.954095105349743, 51.155625764889777 ] } },
{ "type": "Feature", "properties": { "visible_points": 24, "total_points": 120, "visibility_pct": 20.0 }, "geometry": { "type": "Point", "coordinates": [ -2.953897001879227, 51.155627380428243 ] } },
{ "type": "Feature", "properties": { "visible_points": 24, "total_points": 120, "visibility_pct": 20.0 }, "geometry": { "type": "Point", "coordinates": [ -2.95369889838991, 51.15562899563092 ] } },
{ "type": "Feature", "properties": { "visible_points": 34, "total_points": 120, "visibility_pct": 28.333333333333332 }, "geometry": { "type": "Point", "coordinates": [ -2.953500794881804, 51.155630610497781 ] } },
{ "type": "Feature", "properties": { "visible_points": 36, "total_points": 120, "visibility_pct": 30.0 }, "geometry": { "type": "Point", "coordinates": [ -2.953302691354904, 51.155632225028825 ] } },
{ "type": "Feature", "properties": { "visible_points": 40, "total_points": 120, "visibility_pct": 33.333333333333329 }, "geometry": { "type": "Point", "coordinates": [ -2.953104587809217, 51.15563383922408 ] } },
{ "type": "Feature", "properties": { "visible_points": 27, "total_points": 120, "visibility_pct": 22.5 }, "geometry": { "type": "Point", "coordinates": [ -2.952906484244754, 51.155635453083526 ] } },
{ "type": "Feature", "properties": { "visible_points": 31, "total_points": 120, "visibility_pct": 25.833333333333336 }, "geometry": { "type": "Point", "coordinates": [ -2.952708380661505, 51.155637066607156 ] } },
{ "type": "Feature", "properties": { "visible_points": 21, "total_points": 116, "visibility_pct": 18.103448275862068 }, "geometry": { "type": "Point", "coordinates": [ -2.952510277059486, 51.15563867979499 ] } },
{ "type": "Feature", "properties": { "visible_points": 0, "total_points": 108, "visibility_pct": 0.0 }, "geometry": { "type": "Point", "coordinates": [ -2.952312173438691, 51.155640292647007 ] } },
{ "type": "Feature", "properties": { "visible_points": 0, "total_points": 98, "visibility_pct": 0.0 }, "geometry": { "type": "Point", "coordinates": [ -2.952114069799138, 51.155641905163229 ] } },
{ "type": "Feature", "properties": { "visible_points": 0, "total_points": 87, "visibility_pct": 0.0 }, "geometry": { "type": "Point", "coordinates": [ -2.951915966140813, 51.15564351734362 ] } },
{ "type": "Feature", "properties": { "visible_points": 0, "total_points": 82, "visibility_pct": 0.0 }, "geometry": { "type": "Point", "coordinates": [ -2.958950875559561, 51.155693969141446 ] } },
{ "type": "Feature", "properties": { "visible_points": 1, "total_points": 90, "visibility_pct": 1.1111111111111112 }, "geometry": { "type": "Point", "coordinates": [ -2.958752772073393, 51.155695592902518 ] } },
{ "type": "Feature", "properties": { "visible_points": 0, "total_points": 98, "visibility_pct": 0.0 }, "geometry": { "type": "Point", "coordinates": [ -2.958554668568323, 51.155697216327773 ] } },
{ "type": "Feature", "properties": { "visible_points": 0, "total_points": 105, "visibility_pct": 0.0 }, "geometry": { "type": "Point", "coordinates": [ -2.958356565044364, 51.155698839417219 ] } },
{ "type": "Feature", "properties": { "visible_points": 4, "total_points": 111, "visibility_pct": 3.6036036036036037 }, "geometry": { "type": "Point", "coordinates": [ -2.95815846150152, 51.155700462170877 ] } },
{ "type": "Feature", "properties": { "visible_points": 33, "total_points": 115, "visibility_pct": 28.695652173913043 }, "geometry": { "type": "Point", "coordinates": [ -2.957960357939788, 51.155702084588683 ] } },
{ "type": "Feature", "properties": { "visible_points": 34, "total_points": 117, "visibility_pct": 29.059829059829063 }, "geometry": { "type": "Point", "coordinates": [ -2.957762254359187, 51.155703706670714 ] } },
{ "type": "Feature", "properties": { "visible_points": 30, "total_points": 119, "visibility_pct": 25.210084033613445 }, "geometry": { "type": "Point", "coordinates": [ -2.957564150759698, 51.155705328416929 ] } },
{ "type": "Feature", "properties": { "visible_points": 0, "total_points": 120, "visibility_pct": 0.0 }, "geometry": { "type": "Point", "coordinates": [ -2.957366047141345, 51.155706949827334 ] } },
{ "type": "Feature", "properties": { "visible_points": 0, "total_points": 120, "visibility_pct": 0.0 }, "geometry": { "type": "Point", "coordinates": [ -2.957167943504122, 51.155708570901929 ] } },
{ "type": "Feature", "properties": { "visible_points": 0, "total_points": 120, "visibility_pct": 0.0 }, "geometry": { "type": "Point", "coordinates": [ -2.956969839848036, 51.155710191640708 ] } },
{ "type": "Feature", "properties": { "visible_points": 0, "total_points": 120, "visibility_pct": 0.0 }, "geometry": { "type": "Point", "coordinates": [ -2.956771736173089, 51.155711812043691 ] } },
{ "type": "Feature", "properties": { "visible_points": 12, "total_points": 120, "visibility_pct": 10.0 }, "geometry": { "type": "Point", "coordinates": [ -2.95657363247929, 51.155713432110858 ] } },
{ "type": "Feature", "properties": { "visible_points": 13, "total_points": 120, "visibility_pct": 10.833333333333334 }, "geometry": { "type": "Point", "coordinates": [ -2.956375528766638, 51.155715051842229 ] } },
{ "type": "Feature", "properties": { "visible_points": 14, "total_points": 120, "visibility_pct": 11.666666666666666 }, "geometry": { "type": "Point", "coordinates": [ -2.956177425035135, 51.155716671237769 ] } },
{ "type": "Feature", "properties": { "visible_points": 15, "total_points": 120, "visibility_pct": 12.5 }, "geometry": { "type": "Point", "coordinates": [ -2.955979321284796, 51.155718290297514 ] } },
{ "type": "Feature", "properties": { "visible_points": 0, "total_points": 120, "visibility_pct": 0.0 }, "geometry": { "type": "Point", "coordinates": [ -2.955781217515609, 51.15571990902145 ] } },
{ "type": "Feature", "properties": { "visible_points": 0, "total_points": 120, "visibility_pct": 0.0 }, "geometry": { "type": "Point", "coordinates": [ -2.955583113727591, 51.155721527409575 ] } },
{ "type": "Feature", "properties": { "visible_points": 0, "total_points": 120, "visibility_pct": 0.0 }, "geometry": { "type": "Point", "coordinates": [ -2.955385009920741, 51.155723145461906 ] } },
{ "type": "Feature", "properties": { "visible_points": 0, "total_points": 120, "visibility_pct": 0.0 }, "geometry": { "type": "Point", "coordinates": [ -2.95518690609506, 51.155724763178398 ] } },
{ "type": "Feature", "properties": { "visible_points": 0, "total_points": 120, "visibility_pct": 0.0 }, "geometry": { "type": "Point", "coordinates": [ -2.954988802250557, 51.155726380559116 ] } },
{ "type": "Feature", "properties": { "visible_points": 0, "total_points": 120, "visibility_pct": 0.0 }, "geometry": { "type": "Point", "coordinates": [ -2.954790698387236, 51.155727997603996 ] } },
{ "type": "Feature", "properties": { "visible_points": 0, "total_points": 120, "visibility_pct": 0.0 }, "geometry": { "type": "Point", "coordinates": [ -2.954592594505094, 51.155729614313074 ] } },
{ "type": "Feature", "properties": { "visible_points": 0, "total_points": 120, "visibility_pct": 0.0 }, "geometry": { "type": "Point", "coordinates": [ -2.954394490604145, 51.155731230686364 ] } },
{ "type": "Feature", "properties": { "visible_points": 7, "total_points": 120, "visibility_pct": 5.833333333333333 }, "geometry": { "type": "Point", "coordinates": [ -2.954196386684383, 51.155732846723822 ] } },
{ "type": "Feature", "properties": { "visible_points": 15, "total_points": 120, "visibility_pct": 12.5 }, "geometry": { "type": "Point", "coordinates": [ -2.95399828274582, 51.155734462425478 ] } },
{ "type": "Feature", "properties": { "visible_points": 28, "total_points": 120, "visibility_pct": 23.333333333333332 }, "geometry": { "type": "Point", "coordinates": [ -2.953800178788457, 51.155736077791325 ] } },
{ "type": "Feature", "properties": { "visible_points": 38, "total_points": 120, "visibility_pct": 31.666666666666664 }, "geometry": { "type": "Point", "coordinates": [ -2.953602074812297, 51.155737692821361 ] } },
{ "type": "Feature", "properties": { "visible_points": 46, "total_points": 120, "visibility_pct": 38.333333333333336 }, "geometry": { "type": "Point", "coordinates": [ -2.953403970817342, 51.155739307515617 ] } },
{ "type": "Feature", "properties": { "visible_points": 42, "total_points": 120, "visibility_pct": 35.0 }, "geometry": { "type": "Point", "coordinates": [ -2.953205866803605, 51.155740921874042 ] } },
{ "type": "Feature", "properties": { "visible_points": 39, "total_points": 120, "visibility_pct": 32.5 }, "geometry": { "type": "Point", "coordinates": [ -2.953007762771078, 51.155742535896657 ] } },
{ "type": "Feature", "properties": { "visible_points": 43, "total_points": 120, "visibility_pct": 35.833333333333336 }, "geometry": { "type": "Point", "coordinates": [ -2.952809658719771, 51.155744149583462 ] } },
{ "type": "Feature", "properties": { "visible_points": 36, "total_points": 120, "visibility_pct": 30.0 }, "geometry": { "type": "Point", "coordinates": [ -2.952611554649689, 51.155745762934458 ] } },
{ "type": "Feature", "properties": { "visible_points": 20, "total_points": 114, "visibility_pct": 17.543859649122805 }, "geometry": { "type": "Point", "coordinates": [ -2.952413450560833, 51.155747375949645 ] } },
{ "type": "Feature", "properties": { "visible_points": 0, "total_points": 106, "visibility_pct": 0.0 }, "geometry": { "type": "Point", "coordinates": [ -2.952215346453212, 51.155748988629043 ] } },
{ "type": "Feature", "properties": { "visible_points": 0, "total_points": 96, "visibility_pct": 0.0 }, "geometry": { "type": "Point", "coordinates": [ -2.95201724232682, 51.155750600972617 ] } },
{ "type": "Feature", "properties": { "visible_points": 0, "total_points": 86, "visibility_pct": 0.0 }, "geometry": { "type": "Point", "coordinates": [ -2.951819138181672, 51.155752212980396 ] } },
{ "type": "Feature", "properties": { "visible_points": 0, "total_points": 86, "visibility_pct": 0.0 }, "geometry": { "type": "Point", "coordinates": [ -2.959052168613574, 51.155801046977622 ] } },
{ "type": "Feature", "properties": { "visible_points": 0, "total_points": 94, "visibility_pct": 0.0 }, "geometry": { "type": "Point", "coordinates": [ -2.958854064659405, 51.15580267090192 ] } },
{ "type": "Feature", "properties": { "visible_points": 0, "total_points": 102, "visibility_pct": 0.0 }, "geometry": { "type": "Point", "coordinates": [ -2.958655960686339, 51.155804294490373 ] } },
{ "type": "Feature", "properties": { "visible_points": 0, "total_points": 110, "visibility_pct": 0.0 }, "geometry": { "type": "Point", "coordinates": [ -2.958457856694377, 51.155805917743052 ] } },
{ "type": "Feature", "properties": { "visible_points": 0, "total_points": 116, "visibility_pct": 0.0 }, "geometry": { "type": "Point", "coordinates": [ -2.958259752683528, 51.1558075406599 ] } },
{ "type": "Feature", "properties": { "visible_points": 0, "total_points": 119, "visibility_pct": 0.0 }, "geometry": { "type": "Point", "coordinates": [ -2.95806164865379, 51.155809163240932 ] } },
{ "type": "Feature", "properties": { "visible_points": 38, "total_points": 120, "visibility_pct": 31.666666666666664 }, "geometry": { "type": "Point", "coordinates": [ -2.957863544605174, 51.155810785486175 ] } },
{ "type": "Feature", "properties": { "visible_points": 38, "total_points": 120, "visibility_pct": 31.666666666666664 }, "geometry": { "type": "Point", "coordinates": [ -2.957665440537682, 51.15581240739558 ] } },
{ "type": "Feature", "properties": { "visible_points": 26, "total_points": 120, "visibility_pct": 21.666666666666668 }, "geometry": { "type": "Point", "coordinates": [ -2.957467336451313, 51.155814028969196 ] } },
{ "type": "Feature", "properties": { "visible_points": 0, "total_points": 120, "visibility_pct": 0.0 }, "geometry": { "type": "Point", "coordinates": [ -2.957269232346075, 51.155815650206989 ] } },
{ "type": "Feature", "properties": { "visible_points": 17, "total_points": 120, "visibility_pct": 14.166666666666666 }, "geometry": { "type": "Point", "coordinates": [ -2.957071128221975, 51.155817271108994 ] } },
{ "type": "Feature", "properties": { "visible_points": 18, "total_points": 120, "visibility_pct": 15.0 }, "geometry": { "type": "Point", "coordinates": [ -2.95687302407901, 51.155818891675167 ] } },
{ "type": "Feature", "properties": { "visible_points": 17, "total_points": 120, "visibility_pct": 14.166666666666666 }, "geometry": { "type": "Point", "coordinates": [ -2.956674919917185, 51.155820511905539 ] } },
{ "type": "Feature", "properties": { "visible_points": 3, "total_points": 120, "visibility_pct": 2.5 }, "geometry": { "type": "Point", "coordinates": [ -2.956476815736512, 51.155822131800107 ] } },
{ "type": "Feature", "properties": { "visible_points": 0, "total_points": 120, "visibility_pct": 0.0 }, "geometry": { "type": "Point", "coordinates": [ -2.956278711536983, 51.155823751358845 ] } },
{ "type": "Feature", "properties": { "visible_points": 13, "total_points": 120, "visibility_pct": 10.833333333333334 }, "geometry": { "type": "Point", "coordinates": [ -2.956080607318615, 51.155825370581788 ] } },
{ "type": "Feature", "properties": { "visible_points": 3, "total_points": 120, "visibility_pct": 2.5 }, "geometry": { "type": "Point", "coordinates": [ -2.955882503081401, 51.155826989468942 ] } },
{ "type": "Feature", "properties": { "visible_points": 0, "total_points": 120, "visibility_pct": 0.0 }, "geometry": { "type": "Point", "coordinates": [ -2.955684398825348, 51.155828608020244 ] } },
{ "type": "Feature", "properties": { "visible_points": 0, "total_points": 120, "visibility_pct": 0.0 }, "geometry": { "type": "Point", "coordinates": [ -2.955486294550465, 51.155830226235764 ] } },
{ "type": "Feature", "properties": { "visible_points": 0, "total_points": 120, "visibility_pct": 0.0 }, "geometry": { "type": "Point", "coordinates": [ -2.955288190256746, 51.155831844115461 ] } },
{ "type": "Feature", "properties": { "visible_points": 0, "total_points": 120, "visibility_pct": 0.0 }, "geometry": { "type": "Point", "coordinates": [ -2.95509008594421, 51.155833461659348 ] } },
{ "type": "Feature", "properties": { "visible_points": 0, "total_points": 120, "visibility_pct": 0.0 }, "geometry": { "type": "Point", "coordinates": [ -2.954891981612843, 51.155835078867433 ] } },
{ "type": "Feature", "properties": { "visible_points": 0, "total_points": 120, "visibility_pct": 0.0 }, "geometry": { "type": "Point", "coordinates": [ -2.954693877262662, 51.155836695739694 ] } },
{ "type": "Feature", "properties": { "visible_points": 0, "total_points": 120, "visibility_pct": 0.0 }, "geometry": { "type": "Point", "coordinates": [ -2.954495772893665, 51.15583831227616 ] } },
{ "type": "Feature", "properties": { "visible_points": 0, "total_points": 120, "visibility_pct": 0.0 }, "geometry": { "type": "Point", "coordinates": [ -2.95429766850586, 51.15583992847683 ] } },
{ "type": "Feature", "properties": { "visible_points": 4, "total_points": 120, "visibility_pct": 3.3333333333333335 }, "geometry": { "type": "Point", "coordinates": [ -2.954099564099248, 51.155841544341655 ] } },
{ "type": "Feature", "properties": { "visible_points": 0, "total_points": 120, "visibility_pct": 0.0 }, "geometry": { "type": "Point", "coordinates": [ -2.953901459673831, 51.155843159870685 ] } },
{ "type": "Feature", "properties": { "visible_points": 32, "total_points": 120, "visibility_pct": 26.666666666666668 }, "geometry": { "type": "Point", "coordinates": [ -2.953703355229617, 51.155844775063912 ] } },
{ "type": "Feature", "properties": { "visible_points": 46, "total_points": 120, "visibility_pct": 38.333333333333336 }, "geometry": { "type": "Point", "coordinates": [ -2.953505250766613, 51.155846389921329 ] } },
{ "type": "Feature", "properties": { "visible_points": 55, "total_points": 120, "visibility_pct": 45.833333333333329 }, "geometry": { "type": "Point", "coordinates": [ -2.953307146284811, 51.15584800444293 ] } },
{ "type": "Feature", "properties": { "visible_points": 46, "total_points": 120, "visibility_pct": 38.333333333333336 }, "geometry": { "type": "Point", "coordinates": [ -2.953109041784226, 51.155849618628721 ] } },
{ "type": "Feature", "properties": { "visible_points": 45, "total_points": 120, "visibility_pct": 37.5 }, "geometry": { "type": "Point", "coordinates": [ -2.95291093726486, 51.155851232478717 ] } },
{ "type": "Feature", "properties": { "visible_points": 44, "total_points": 120, "visibility_pct": 36.666666666666664 }, "geometry": { "type": "Point", "coordinates": [ -2.952712832726714, 51.155852845992897 ] } },
{ "type": "Feature", "properties": { "visible_points": 33, "total_points": 120, "visibility_pct": 27.5 }, "geometry": { "type": "Point", "coordinates": [ -2.952514728169791, 51.155854459171259 ] } },
{ "type": "Feature", "properties": { "visible_points": 19, "total_points": 113, "visibility_pct": 16.814159292035399 }, "geometry": { "type": "Point", "coordinates": [ -2.952316623594098, 51.155856072013812 ] } },
{ "type": "Feature", "properties": { "visible_points": 0, "total_points": 104, "visibility_pct": 0.0 }, "geometry": { "type": "Point", "coordinates": [ -2.95211851899964, 51.155857684520569 ] } },
{ "type": "Feature", "properties": { "visible_points": 0, "total_points": 95, "visibility_pct": 0.0 }, "geometry": { "type": "Point", "coordinates": [ -2.951920414386418, 51.15585929669151 ] } },
{ "type": "Feature", "properties": { "visible_points": 0, "total_points": 85, "visibility_pct": 0.0 }, "geometry": { "type": "Point", "coordinates": [ -2.95172230975444, 51.155860908526634 ] } },
{ "type": "Feature", "properties": { "visible_points": 0, "total_points": 79, "visibility_pct": 0.0 }, "geometry": { "type": "Point", "coordinates": [ -2.959351566557736, 51.15590650030942 ] } },
{ "type": "Feature", "properties": { "visible_points": 0, "total_points": 89, "visibility_pct": 0.0 }, "geometry": { "type": "Point", "coordinates": [ -2.959153462154467, 51.155908124732726 ] } },
{ "type": "Feature", "properties": { "visible_points": 0, "total_points": 98, "visibility_pct": 0.0 }, "geometry": { "type": "Point", "coordinates": [ -2.958955357732299, 51.155909748820235 ] } },
{ "type": "Feature", "properties": { "visible_points": 0, "total_points": 106, "visibility_pct": 0.0 }, "geometry": { "type": "Point", "coordinates": [ -2.958757253291231, 51.155911372571929 ] } },
{ "type": "Feature", "properties": { "visible_points": 0, "total_points": 113, "visibility_pct": 0.0 }, "geometry": { "type": "Point", "coordinates": [ -2.958559148831264, 51.155912995987784 ] } },
{ "type": "Feature", "properties": { "visible_points": 0, "total_points": 119, "visibility_pct": 0.0 }, "geometry": { "type": "Point", "coordinates": [ -2.958361044352408, 51.155914619067865 ] } },
{ "type": "Feature", "properties": { "visible_points": 0, "total_points": 120, "visibility_pct": 0.0 }, "geometry": { "type": "Point", "coordinates": [ -2.95816293985467, 51.155916241812108 ] } },
{ "type": "Feature", "properties": { "visible_points": 37, "total_points": 120, "visibility_pct": 30.833333333333336 }, "geometry": { "type": "Point", "coordinates": [ -2.957964835338036, 51.155917864220548 ] } },
{ "type": "Feature", "properties": { "visible_points": 41, "total_points": 120, "visibility_pct": 34.166666666666664 }, "geometry": { "type": "Point", "coordinates": [ -2.957766730802532, 51.155919486293179 ] } },
{ "type": "Feature", "properties": { "visible_points": 40, "total_points": 120, "visibility_pct": 33.333333333333329 }, "geometry": { "type": "Point", "coordinates": [ -2.957568626248151, 51.15592110803 ] } },
{ "type": "Feature", "properties": { "visible_points": 39, "total_points": 120, "visibility_pct": 32.5 }, "geometry": { "type": "Point", "coordinates": [ -2.957370521674895, 51.155922729431012 ] } },
{ "type": "Feature", "properties": { "visible_points": 33, "total_points": 120, "visibility_pct": 27.5 }, "geometry": { "type": "Point", "coordinates": [ -2.957172417082774, 51.1559243504962 ] } },
{ "type": "Feature", "properties": { "visible_points": 25, "total_points": 120, "visibility_pct": 20.833333333333336 }, "geometry": { "type": "Point", "coordinates": [ -2.956974312471792, 51.155925971225578 ] } },
{ "type": "Feature", "properties": { "visible_points": 14, "total_points": 120, "visibility_pct": 11.666666666666666 }, "geometry": { "type": "Point", "coordinates": [ -2.956776207841944, 51.155927591619161 ] } },
{ "type": "Feature", "properties": { "visible_points": 4, "total_points": 120, "visibility_pct": 3.3333333333333335 }, "geometry": { "type": "Point", "coordinates": [ -2.956578103193242, 51.15592921167692 ] } },
{ "type": "Feature", "properties": { "visible_points": 0, "total_points": 120, "visibility_pct": 0.0 }, "geometry": { "type": "Point", "coordinates": [ -2.956379998525692, 51.155930831398869 ] } },
{ "type": "Feature", "properties": { "visible_points": 3, "total_points": 120, "visibility_pct": 2.5 }, "geometry": { "type": "Point", "coordinates": [ -2.95618189383929, 51.155932450785009 ] } },
{ "type": "Feature", "properties": { "visible_points": 0, "total_points": 120, "visibility_pct": 0.0 }, "geometry": { "type": "Point", "coordinates": [ -2.955983789134046, 51.15593406983534 ] } },
{ "type": "Feature", "properties": { "visible_points": 0, "total_points": 120, "visibility_pct": 0.0 }, "geometry": { "type": "Point", "coordinates": [ -2.955785684409956, 51.155935688549853 ] } },
{ "type": "Feature", "properties": { "visible_points": 0, "total_points": 120, "visibility_pct": 0.0 }, "geometry": { "type": "Point", "coordinates": [ -2.95558757966704, 51.155937306928564 ] } },
{ "type": "Feature", "properties": { "visible_points": 0, "total_points": 120, "visibility_pct": 0.0 }, "geometry": { "type": "Point", "coordinates": [ -2.955389474905284, 51.155938924971458 ] } },
{ "type": "Feature", "properties": { "visible_points": 0, "total_points": 120, "visibility_pct": 0.0 }, "geometry": { "type": "Point", "coordinates": [ -2.955191370124705, 51.155940542678536 ] } },
{ "type": "Feature", "properties": { "visible_points": 0, "total_points": 120, "visibility_pct": 0.0 }, "geometry": { "type": "Point", "coordinates": [ -2.954993265325299, 51.155942160049811 ] } },
{ "type": "Feature", "properties": { "visible_points": 0, "total_points": 120, "visibility_pct": 0.0 }, "geometry": { "type": "Point", "coordinates": [ -2.95479516050707, 51.155943777085277 ] } },
{ "type": "Feature", "properties": { "visible_points": 0, "total_points": 120, "visibility_pct": 0.0 }, "geometry": { "type": "Point", "coordinates": [ -2.95459705567003, 51.155945393784926 ] } },
{ "type": "Feature", "properties": { "visible_points": 0, "total_points": 120, "visibility_pct": 0.0 }, "geometry": { "type": "Point", "coordinates": [ -2.954398950814173, 51.155947010148765 ] } },
{ "type": "Feature", "properties": { "visible_points": 0, "total_points": 120, "visibility_pct": 0.0 }, "geometry": { "type": "Point", "coordinates": [ -2.954200845939512, 51.15594862617678 ] } },
{ "type": "Feature", "properties": { "visible_points": 5, "total_points": 120, "visibility_pct": 4.1666666666666661 }, "geometry": { "type": "Point", "coordinates": [ -2.954002741046044, 51.155950241869 ] } },
{ "type": "Feature", "properties": { "visible_points": 3, "total_points": 120, "visibility_pct": 2.5 }, "geometry": { "type": "Point", "coordinates": [ -2.953804636133772, 51.155951857225411 ] } },
{ "type": "Feature", "properties": { "visible_points": 48, "total_points": 120, "visibility_pct": 40.0 }, "geometry": { "type": "Point", "coordinates": [ -2.95360653120271, 51.155953472246011 ] } },
{ "type": "Feature", "properties": { "visible_points": 53, "total_points": 120, "visibility_pct": 44.166666666666664 }, "geometry": { "type": "Point", "coordinates": [ -2.953408426252852, 51.155955086930803 ] } },
{ "type": "Feature", "properties": { "visible_points": 47, "total_points": 120, "visibility_pct": 39.166666666666664 }, "geometry": { "type": "Point", "coordinates": [ -2.953210321284206, 51.155956701279777 ] } },
{ "type": "Feature", "properties": { "visible_points": 56, "total_points": 120, "visibility_pct": 46.666666666666664 }, "geometry": { "type": "Point", "coordinates": [ -2.953012216296773, 51.155958315292928 ] } },
{ "type": "Feature", "properties": { "visible_points": 54, "total_points": 120, "visibility_pct": 45.0 }, "geometry": { "type": "Point", "coordinates": [ -2.952814111290562, 51.15595992897029 ] } },
{ "type": "Feature", "properties": { "visible_points": 46, "total_points": 120, "visibility_pct": 38.333333333333336 }, "geometry": { "type": "Point", "coordinates": [ -2.952616006265573, 51.155961542311807 ] } },
{ "type": "Feature", "properties": { "visible_points": 44, "total_points": 119, "visibility_pct": 36.97478991596639 }, "geometry": { "type": "Point", "coordinates": [ -2.952417901221808, 51.155963155317565 ] } },
{ "type": "Feature", "properties": { "visible_points": 23, "total_points": 112, "visibility_pct": 20.535714285714285 }, "geometry": { "type": "Point", "coordinates": [ -2.95221979615928, 51.155964767987477 ] } },
{ "type": "Feature", "properties": { "visible_points": 24, "total_points": 104, "visibility_pct": 23.076923076923077 }, "geometry": { "type": "Point", "coordinates": [ -2.952021691077986, 51.155966380321594 ] } },
{ "type": "Feature", "properties": { "visible_points": 0, "total_points": 95, "visibility_pct": 0.0 }, "geometry": { "type": "Point", "coordinates": [ -2.951823585977927, 51.155967992319894 ] } },
{ "type": "Feature", "properties": { "visible_points": 0, "total_points": 85, "visibility_pct": 0.0 }, "geometry": { "type": "Point", "coordinates": [ -2.951625480859114, 51.155969603982378 ] } },
{ "type": "Feature", "properties": { "visible_points": 0, "total_points": 81, "visibility_pct": 0.0 }, "geometry": { "type": "Point", "coordinates": [ -2.959452861053514, 51.156013577820218 ] } },
{ "type": "Feature", "properties": { "visible_points": 0, "total_points": 91, "visibility_pct": 0.0 }, "geometry": { "type": "Point", "coordinates": [ -2.959254756182249, 51.156015202406749 ] } },
{ "type": "Feature", "properties": { "visible_points": 0, "total_points": 100, "visibility_pct": 0.0 }, "geometry": { "type": "Point", "coordinates": [ -2.959056651292075, 51.156016826657464 ] } },
{ "type": "Feature", "properties": { "visible_points": 0, "total_points": 108, "visibility_pct": 0.0 }, "geometry": { "type": "Point", "coordinates": [ -2.958858546383004, 51.156018450572375 ] } },
{ "type": "Feature", "properties": { "visible_points": 0, "total_points": 114, "visibility_pct": 0.0 }, "geometry": { "type": "Point", "coordinates": [ -2.958660441455029, 51.156020074151442 ] } },
{ "type": "Feature", "properties": { "visible_points": 6, "total_points": 120, "visibility_pct": 5.0 }, "geometry": { "type": "Point", "coordinates": [ -2.958462336508167, 51.156021697394735 ] } },
{ "type": "Feature", "properties": { "visible_points": 0, "total_points": 120, "visibility_pct": 0.0 }, "geometry": { "type": "Point", "coordinates": [ -2.958264231542418, 51.156023320302204 ] } },
{ "type": "Feature", "properties": { "visible_points": 17, "total_points": 120, "visibility_pct": 14.166666666666666 }, "geometry": { "type": "Point", "coordinates": [ -2.958066126557776, 51.156024942873856 ] } },
{ "type": "Feature", "properties": { "visible_points": 44, "total_points": 120, "visibility_pct": 36.666666666666664 }, "geometry": { "type": "Point", "coordinates": [ -2.957868021554257, 51.156026565109698 ] } },
{ "type": "Feature", "properties": { "visible_points": 47, "total_points": 120, "visibility_pct": 39.166666666666664 }, "geometry": { "type": "Point", "coordinates": [ -2.957669916531857, 51.156028187009724 ] } },
{ "type": "Feature", "properties": { "visible_points": 48, "total_points": 120, "visibility_pct": 40.0 }, "geometry": { "type": "Point", "coordinates": [ -2.957471811490584, 51.156029808573933 ] } },
{ "type": "Feature", "properties": { "visible_points": 41, "total_points": 120, "visibility_pct": 34.166666666666664 }, "geometry": { "type": "Point", "coordinates": [ -2.957273706430444, 51.156031429802347 ] } },
{ "type": "Feature", "properties": { "visible_points": 36, "total_points": 120, "visibility_pct": 30.0 }, "geometry": { "type": "Point", "coordinates": [ -2.957075601351435, 51.156033050694923 ] } },
{ "type": "Feature", "properties": { "visible_points": 0, "total_points": 120, "visibility_pct": 0.0 }, "geometry": { "type": "Point", "coordinates": [ -2.956877496253564, 51.15603467125171 ] } },
{ "type": "Feature", "properties": { "visible_points": 0, "total_points": 120, "visibility_pct": 0.0 }, "geometry": { "type": "Point", "coordinates": [ -2.956679391136837, 51.156036291472667 ] } },
{ "type": "Feature", "properties": { "visible_points": 0, "total_points": 120, "visibility_pct": 0.0 }, "geometry": { "type": "Point", "coordinates": [ -2.956481286001254, 51.156037911357814 ] } },
{ "type": "Feature", "properties": { "visible_points": 4, "total_points": 120, "visibility_pct": 3.3333333333333335 }, "geometry": { "type": "Point", "coordinates": [ -2.956283180846825, 51.156039530907151 ] } },
{ "type": "Feature", "properties": { "visible_points": 4, "total_points": 120, "visibility_pct": 3.3333333333333335 }, "geometry": { "type": "Point", "coordinates": [ -2.956085075673544, 51.156041150120693 ] } },
{ "type": "Feature", "properties": { "visible_points": 1, "total_points": 120, "visibility_pct": 0.83333333333333337 }, "geometry": { "type": "Point", "coordinates": [ -2.955886970481422, 51.15604276899839 ] } },
{ "type": "Feature", "properties": { "visible_points": 0, "total_points": 120, "visibility_pct": 0.0 }, "geometry": { "type": "Point", "coordinates": [ -2.955688865270466, 51.156044387540298 ] } },
{ "type": "Feature", "properties": { "visible_points": 0, "total_points": 120, "visibility_pct": 0.0 }, "geometry": { "type": "Point", "coordinates": [ -2.955490760040672, 51.15604600574639 ] } },
{ "type": "Feature", "properties": { "visible_points": 0, "total_points": 120, "visibility_pct": 0.0 }, "geometry": { "type": "Point", "coordinates": [ -2.955292654792048, 51.156047623616672 ] } },
{ "type": "Feature", "properties": { "visible_points": 0, "total_points": 120, "visibility_pct": 0.0 }, "geometry": { "type": "Point", "coordinates": [ -2.955094549524599, 51.156049241151131 ] } },
{ "type": "Feature", "properties": { "visible_points": 0, "total_points": 120, "visibility_pct": 0.0 }, "geometry": { "type": "Point", "coordinates": [ -2.954896444238327, 51.156050858349786 ] } },
{ "type": "Feature", "properties": { "visible_points": 0, "total_points": 120, "visibility_pct": 0.0 }, "geometry": { "type": "Point", "coordinates": [ -2.954698338933234, 51.156052475212618 ] } },
{ "type": "Feature", "properties": { "visible_points": 0, "total_points": 120, "visibility_pct": 0.0 }, "geometry": { "type": "Point", "coordinates": [ -2.95450023360933, 51.156054091739655 ] } },
{ "type": "Feature", "properties": { "visible_points": 0, "total_points": 120, "visibility_pct": 0.0 }, "geometry": { "type": "Point", "coordinates": [ -2.954302128266614, 51.156055707930868 ] } },
{ "type": "Feature", "properties": { "visible_points": 0, "total_points": 120, "visibility_pct": 0.0 }, "geometry": { "type": "Point", "coordinates": [ -2.954104022905092, 51.156057323786271 ] } },
{ "type": "Feature", "properties": { "visible_points": 0, "total_points": 120, "visibility_pct": 0.0 }, "geometry": { "type": "Point", "coordinates": [ -2.953905917524768, 51.156058939305865 ] } },
{ "type": "Feature", "properties": { "visible_points": 37, "total_points": 120, "visibility_pct": 30.833333333333336 }, "geometry": { "type": "Point", "coordinates": [ -2.953707812125639, 51.156060554489635 ] } },
{ "type": "Feature", "properties": { "visible_points": 46, "total_points": 120, "visibility_pct": 38.333333333333336 }, "geometry": { "type": "Point", "coordinates": [ -2.953509706707726, 51.156062169337609 ] } },
{ "type": "Feature", "properties": { "visible_points": 47, "total_points": 120, "visibility_pct": 39.166666666666664 }, "geometry": { "type": "Point", "coordinates": [ -2.953311601271015, 51.156063783849753 ] } },
{ "type": "Feature", "properties": { "visible_points": 49, "total_points": 120, "visibility_pct": 40.833333333333336 }, "geometry": { "type": "Point", "coordinates": [ -2.953113495815516, 51.156065398026101 ] } },
{ "type": "Feature", "properties": { "visible_points": 62, "total_points": 120, "visibility_pct": 51.666666666666671 }, "geometry": { "type": "Point", "coordinates": [ -2.95291539034124, 51.156067011866625 ] } },
{ "type": "Feature", "properties": { "visible_points": 53, "total_points": 120, "visibility_pct": 44.166666666666664 }, "geometry": { "type": "Point", "coordinates": [ -2.952717284848175, 51.156068625371361 ] } },
{ "type": "Feature", "properties": { "visible_points": 45, "total_points": 120, "visibility_pct": 37.5 }, "geometry": { "type": "Point", "coordinates": [ -2.952519179336347, 51.156070238540259 ] } },
{ "type": "Feature", "properties": { "visible_points": 47, "total_points": 118, "visibility_pct": 39.83050847457627 }, "geometry": { "type": "Point", "coordinates": [ -2.952321073805744, 51.156071851373355 ] } },
{ "type": "Feature", "properties": { "visible_points": 29, "total_points": 112, "visibility_pct": 25.892857142857146 }, "geometry": { "type": "Point", "coordinates": [ -2.952122968256369, 51.156073463870641 ] } },
{ "type": "Feature", "properties": { "visible_points": 24, "total_points": 104, "visibility_pct": 23.076923076923077 }, "geometry": { "type": "Point", "coordinates": [ -2.951924862688234, 51.156075076032117 ] } },
{ "type": "Feature", "properties": { "visible_points": 0, "total_points": 95, "visibility_pct": 0.0 }, "geometry": { "type": "Point", "coordinates": [ -2.951726757101339, 51.156076687857762 ] } },
{ "type": "Feature", "properties": { "visible_points": 0, "total_points": 85, "visibility_pct": 0.0 }, "geometry": { "type": "Point", "coordinates": [ -2.95152865149569, 51.156078299347612 ] } },
{ "type": "Feature", "properties": { "visible_points": 0, "total_points": 83, "visibility_pct": 0.0 }, "geometry": { "type": "Point", "coordinates": [ -2.959554156036184, 51.156120655249936 ] } },
{ "type": "Feature", "properties": { "visible_points": 0, "total_points": 93, "visibility_pct": 0.0 }, "geometry": { "type": "Point", "coordinates": [ -2.959356050696915, 51.156122279999678 ] } },
{ "type": "Feature", "properties": { "visible_points": 0, "total_points": 102, "visibility_pct": 0.0 }, "geometry": { "type": "Point", "coordinates": [ -2.959157945338743, 51.156123904413619 ] } },
{ "type": "Feature", "properties": { "visible_points": 0, "total_points": 110, "visibility_pct": 0.0 }, "geometry": { "type": "Point", "coordinates": [ -2.958959839961662, 51.156125528491749 ] } },
{ "type": "Feature", "properties": { "visible_points": 0, "total_points": 116, "visibility_pct": 0.0 }, "geometry": { "type": "Point", "coordinates": [ -2.958761734565686, 51.156127152234042 ] } },
{ "type": "Feature", "properties": { "visible_points": 11, "total_points": 120, "visibility_pct": 9.1666666666666661 }, "geometry": { "type": "Point", "coordinates": [ -2.958563629150811, 51.156128775640546 ] } },
{ "type": "Feature", "properties": { "visible_points": 0, "total_points": 120, "visibility_pct": 0.0 }, "geometry": { "type": "Point", "coordinates": [ -2.958365523717048, 51.156130398711234 ] } },
{ "type": "Feature", "properties": { "visible_points": 0, "total_points": 120, "visibility_pct": 0.0 }, "geometry": { "type": "Point", "coordinates": [ -2.958167418264392, 51.156132021446084 ] } },
{ "type": "Feature", "properties": { "visible_points": 39, "total_points": 120, "visibility_pct": 32.5 }, "geometry": { "type": "Point", "coordinates": [ -2.957969312792859, 51.156133643845138 ] } },
{ "type": "Feature", "properties": { "visible_points": 50, "total_points": 120, "visibility_pct": 41.666666666666671 }, "geometry": { "type": "Point", "coordinates": [ -2.95777120730244, 51.156135265908368 ] } },
{ "type": "Feature", "properties": { "visible_points": 55, "total_points": 120, "visibility_pct": 45.833333333333329 }, "geometry": { "type": "Point", "coordinates": [ -2.957573101793148, 51.156136887635803 ] } },
{ "type": "Feature", "properties": { "visible_points": 44, "total_points": 120, "visibility_pct": 36.666666666666664 }, "geometry": { "type": "Point", "coordinates": [ -2.957374996264983, 51.1561385090274 ] } },
{ "type": "Feature", "properties": { "visible_points": 44, "total_points": 120, "visibility_pct": 36.666666666666664 }, "geometry": { "type": "Point", "coordinates": [ -2.95717689071795, 51.156140130083195 ] } },
{ "type": "Feature", "properties": { "visible_points": 35, "total_points": 120, "visibility_pct": 29.166666666666668 }, "geometry": { "type": "Point", "coordinates": [ -2.956978785152053, 51.156141750803187 ] } },
{ "type": "Feature", "properties": { "visible_points": 0, "total_points": 120, "visibility_pct": 0.0 }, "geometry": { "type": "Point", "coordinates": [ -2.9567806795673, 51.156143371187348 ] } },
{ "type": "Feature", "properties": { "visible_points": 0, "total_points": 120, "visibility_pct": 0.0 }, "geometry": { "type": "Point", "coordinates": [ -2.956582573963684, 51.156144991235706 ] } },
{ "type": "Feature", "properties": { "visible_points": 1, "total_points": 120, "visibility_pct": 0.83333333333333337 }, "geometry": { "type": "Point", "coordinates": [ -2.956384468341219, 51.156146610948248 ] } },
{ "type": "Feature", "properties": { "visible_points": 4, "total_points": 120, "visibility_pct": 3.3333333333333335 }, "geometry": { "type": "Point", "coordinates": [ -2.956186362699906, 51.156148230324973 ] } },
{ "type": "Feature", "properties": { "visible_points": 2, "total_points": 120, "visibility_pct": 1.6666666666666667 }, "geometry": { "type": "Point", "coordinates": [ -2.955988257039746, 51.156149849365882 ] } },
{ "type": "Feature", "properties": { "visible_points": 0, "total_points": 120, "visibility_pct": 0.0 }, "geometry": { "type": "Point", "coordinates": [ -2.955790151360751, 51.156151468070988 ] } },
{ "type": "Feature", "properties": { "visible_points": 0, "total_points": 120, "visibility_pct": 0.0 }, "geometry": { "type": "Point", "coordinates": [ -2.955592045662915, 51.156153086440263 ] } },
{ "type": "Feature", "properties": { "visible_points": 0, "total_points": 120, "visibility_pct": 0.0 }, "geometry": { "type": "Point", "coordinates": [ -2.955393939946249, 51.156154704473728 ] } },
{ "type": "Feature", "properties": { "visible_points": 0, "total_points": 120, "visibility_pct": 0.0 }, "geometry": { "type": "Point", "coordinates": [ -2.955195834210752, 51.156156322171391 ] } },
{ "type": "Feature", "properties": { "visible_points": 0, "total_points": 120, "visibility_pct": 0.0 }, "geometry": { "type": "Point", "coordinates": [ -2.95499772845643, 51.156157939533237 ] } },
{ "type": "Feature", "properties": { "visible_points": 0, "total_points": 120, "visibility_pct": 0.0 }, "geometry": { "type": "Point", "coordinates": [ -2.954799622683292, 51.156159556559267 ] } },
{ "type": "Feature", "properties": { "visible_points": 0, "total_points": 120, "visibility_pct": 0.0 }, "geometry": { "type": "Point", "coordinates": [ -2.954601516891331, 51.156161173249487 ] } },
{ "type": "Feature", "properties": { "visible_points": 0, "total_points": 120, "visibility_pct": 0.0 }, "geometry": { "type": "Point", "coordinates": [ -2.954403411080566, 51.15616278960389 ] } },
{ "type": "Feature", "properties": { "visible_points": 0, "total_points": 120, "visibility_pct": 0.0 }, "geometry": { "type": "Point", "coordinates": [ -2.954205305250983, 51.156164405622476 ] } },
{ "type": "Feature", "properties": { "visible_points": 0, "total_points": 120, "visibility_pct": 0.0 }, "geometry": { "type": "Point", "coordinates": [ -2.954007199402602, 51.15616602130526 ] } },
{ "type": "Feature", "properties": { "visible_points": 30, "total_points": 120, "visibility_pct": 25.0 }, "geometry": { "type": "Point", "coordinates": [ -2.953809093535415, 51.156167636652221 ] } },
{ "type": "Feature", "properties": { "visible_points": 40, "total_points": 120, "visibility_pct": 33.333333333333329 }, "geometry": { "type": "Point", "coordinates": [ -2.953610987649433, 51.156169251663378 ] } },
{ "type": "Feature", "properties": { "visible_points": 44, "total_points": 120, "visibility_pct": 36.666666666666664 }, "geometry": { "type": "Point", "coordinates": [ -2.953412881744659, 51.156170866338705 ] } },
{ "type": "Feature", "properties": { "visible_points": 47, "total_points": 120, "visibility_pct": 39.166666666666664 }, "geometry": { "type": "Point", "coordinates": [ -2.953214775821096, 51.156172480678222 ] } },
{ "type": "Feature", "properties": { "visible_points": 53, "total_points": 120, "visibility_pct": 44.166666666666664 }, "geometry": { "type": "Point", "coordinates": [ -2.953016669878748, 51.15617409468193 ] } },
{ "type": "Feature", "properties": { "visible_points": 63, "total_points": 120, "visibility_pct": 52.5 }, "geometry": { "type": "Point", "coordinates": [ -2.952818563917615, 51.156175708349828 ] } },
{ "type": "Feature", "properties": { "visible_points": 60, "total_points": 120, "visibility_pct": 50.0 }, "geometry": { "type": "Point", "coordinates": [ -2.95262045793771, 51.156177321681909 ] } },
{ "type": "Feature", "properties": { "visible_points": 55, "total_points": 120, "visibility_pct": 45.833333333333329 }, "geometry": { "type": "Point", "coordinates": [ -2.952422351939031, 51.156178934678181 ] } },
{ "type": "Feature", "properties": { "visible_points": 53, "total_points": 117, "visibility_pct": 45.299145299145302 }, "geometry": { "type": "Point", "coordinates": [ -2.952224245921581, 51.156180547338643 ] } },
{ "type": "Feature", "properties": { "visible_points": 33, "total_points": 112, "visibility_pct": 29.464285714285715 }, "geometry": { "type": "Point", "coordinates": [ -2.952026139885366, 51.156182159663288 ] } },
{ "type": "Feature", "properties": { "visible_points": 16, "total_points": 104, "visibility_pct": 15.384615384615385 }, "geometry": { "type": "Point", "coordinates": [ -2.951828033830388, 51.156183771652117 ] } },
{ "type": "Feature", "properties": { "visible_points": 0, "total_points": 95, "visibility_pct": 0.0 }, "geometry": { "type": "Point", "coordinates": [ -2.951629927756655, 51.156185383305129 ] } },
{ "type": "Feature", "properties": { "visible_points": 0, "total_points": 85, "visibility_pct": 0.0 }, "geometry": { "type": "Point", "coordinates": [ -2.951431821664169, 51.156186994622324 ] } },
{ "type": "Feature", "properties": { "visible_points": 0, "total_points": 84, "visibility_pct": 0.0 }, "geometry": { "type": "Point", "coordinates": [ -2.959655451505745, 51.156227732598552 ] } },
{ "type": "Feature", "properties": { "visible_points": 0, "total_points": 94, "visibility_pct": 0.0 }, "geometry": { "type": "Point", "coordinates": [ -2.959457345698477, 51.156229357511528 ] } },
{ "type": "Feature", "properties": { "visible_points": 0, "total_points": 103, "visibility_pct": 0.0 }, "geometry": { "type": "Point", "coordinates": [ -2.959259239872298, 51.15623098208868 ] } },
{ "type": "Feature", "properties": { "visible_points": 0, "total_points": 111, "visibility_pct": 0.0 }, "geometry": { "type": "Point", "coordinates": [ -2.95906113402721, 51.156232606330015 ] } },
{ "type": "Feature", "properties": { "visible_points": 0, "total_points": 117, "visibility_pct": 0.0 }, "geometry": { "type": "Point", "coordinates": [ -2.958863028163226, 51.156234230235555 ] } },
{ "type": "Feature", "properties": { "visible_points": 0, "total_points": 120, "visibility_pct": 0.0 }, "geometry": { "type": "Point", "coordinates": [ -2.958664922280338, 51.156235853805256 ] } },
{ "type": "Feature", "properties": { "visible_points": 22, "total_points": 120, "visibility_pct": 18.333333333333332 }, "geometry": { "type": "Point", "coordinates": [ -2.95846681637856, 51.156237477039163 ] } },
{ "type": "Feature", "properties": { "visible_points": 29, "total_points": 120, "visibility_pct": 24.166666666666668 }, "geometry": { "type": "Point", "coordinates": [ -2.958268710457893, 51.156239099937231 ] } },
{ "type": "Feature", "properties": { "visible_points": 39, "total_points": 120, "visibility_pct": 32.5 }, "geometry": { "type": "Point", "coordinates": [ -2.958070604518338, 51.156240722499504 ] } },
{ "type": "Feature", "properties": { "visible_points": 48, "total_points": 120, "visibility_pct": 40.0 }, "geometry": { "type": "Point", "coordinates": [ -2.9578724985599, 51.156242344725946 ] } },
{ "type": "Feature", "properties": { "visible_points": 54, "total_points": 120, "visibility_pct": 45.0 }, "geometry": { "type": "Point", "coordinates": [ -2.957674392582586, 51.156243966616579 ] } },
{ "type": "Feature", "properties": { "visible_points": 45, "total_points": 120, "visibility_pct": 37.5 }, "geometry": { "type": "Point", "coordinates": [ -2.957476286586399, 51.156245588171387 ] } },
{ "type": "Feature", "properties": { "visible_points": 42, "total_points": 120, "visibility_pct": 35.0 }, "geometry": { "type": "Point", "coordinates": [ -2.957278180571338, 51.156247209390393 ] } },
{ "type": "Feature", "properties": { "visible_points": 45, "total_points": 120, "visibility_pct": 37.5 }, "geometry": { "type": "Point", "coordinates": [ -2.957080074537413, 51.156248830273583 ] } },
{ "type": "Feature", "properties": { "visible_points": 29, "total_points": 120, "visibility_pct": 24.166666666666668 }, "geometry": { "type": "Point", "coordinates": [ -2.956881968484625, 51.156250450820963 ] } },
{ "type": "Feature", "properties": { "visible_points": 18, "total_points": 120, "visibility_pct": 15.0 }, "geometry": { "type": "Point", "coordinates": [ -2.956683862412981, 51.156252071032512 ] } },
{ "type": "Feature", "properties": { "visible_points": 8, "total_points": 120, "visibility_pct": 6.666666666666667 }, "geometry": { "type": "Point", "coordinates": [ -2.956485756322483, 51.156253690908258 ] } },
{ "type": "Feature", "properties": { "visible_points": 0, "total_points": 120, "visibility_pct": 0.0 }, "geometry": { "type": "Point", "coordinates": [ -2.95628765021313, 51.156255310448202 ] } },
{ "type": "Feature", "properties": { "visible_points": 1, "total_points": 120, "visibility_pct": 0.83333333333333337 }, "geometry": { "type": "Point", "coordinates": [ -2.956089544084933, 51.156256929652301 ] } },
{ "type": "Feature", "properties": { "visible_points": 0, "total_points": 120, "visibility_pct": 0.0 }, "geometry": { "type": "Point", "coordinates": [ -2.955891437937894, 51.156258548520604 ] } },
{ "type": "Feature", "properties": { "visible_points": 0, "total_points": 120, "visibility_pct": 0.0 }, "geometry": { "type": "Point", "coordinates": [ -2.955693331772016, 51.156260167053084 ] } },
{ "type": "Feature", "properties": { "visible_points": 0, "total_points": 120, "visibility_pct": 0.0 }, "geometry": { "type": "Point", "coordinates": [ -2.955495225587305, 51.156261785249747 ] } },
{ "type": "Feature", "properties": { "visible_points": 0, "total_points": 120, "visibility_pct": 0.0 }, "geometry": { "type": "Point", "coordinates": [ -2.955297119383758, 51.156263403110607 ] } },
{ "type": "Feature", "properties": { "visible_points": 0, "total_points": 120, "visibility_pct": 0.0 }, "geometry": { "type": "Point", "coordinates": [ -2.955099013161391, 51.156265020635637 ] } },
{ "type": "Feature", "properties": { "visible_points": 0, "total_points": 120, "visibility_pct": 0.0 }, "geometry": { "type": "Point", "coordinates": [ -2.954900906920198, 51.156266637824857 ] } },
{ "type": "Feature", "properties": { "visible_points": 0, "total_points": 120, "visibility_pct": 0.0 }, "geometry": { "type": "Point", "coordinates": [ -2.954702800660185, 51.15626825467826 ] } },
{ "type": "Feature", "properties": { "visible_points": 0, "total_points": 120, "visibility_pct": 0.0 }, "geometry": { "type": "Point", "coordinates": [ -2.95450469438136, 51.156269871195853 ] } },
{ "type": "Feature", "properties": { "visible_points": 0, "total_points": 120, "visibility_pct": 0.0 }, "geometry": { "type": "Point", "coordinates": [ -2.954306588083722, 51.156271487377637 ] } },
{ "type": "Feature", "properties": { "visible_points": 0, "total_points": 120, "visibility_pct": 0.0 }, "geometry": { "type": "Point", "coordinates": [ -2.95410848176728, 51.15627310322359 ] } },
{ "type": "Feature", "properties": { "visible_points": 32, "total_points": 120, "visibility_pct": 26.666666666666668 }, "geometry": { "type": "Point", "coordinates": [ -2.953910375432029, 51.156274718733755 ] } },
{ "type": "Feature", "properties": { "visible_points": 34, "total_points": 120, "visibility_pct": 28.333333333333332 }, "geometry": { "type": "Point", "coordinates": [ -2.953712269077984, 51.156276333908075 ] } },
{ "type": "Feature", "properties": { "visible_points": 40, "total_points": 120, "visibility_pct": 33.333333333333329 }, "geometry": { "type": "Point", "coordinates": [ -2.953514162705143, 51.156277948746599 ] } },
{ "type": "Feature", "properties": { "visible_points": 41, "total_points": 120, "visibility_pct": 34.166666666666664 }, "geometry": { "type": "Point", "coordinates": [ -2.953316056313512, 51.156279563249306 ] } },
{ "type": "Feature", "properties": { "visible_points": 46, "total_points": 120, "visibility_pct": 38.333333333333336 }, "geometry": { "type": "Point", "coordinates": [ -2.953117949903092, 51.156281177416204 ] } },
{ "type": "Feature", "properties": { "visible_points": 50, "total_points": 120, "visibility_pct": 41.666666666666671 }, "geometry": { "type": "Point", "coordinates": [ -2.952919843473887, 51.156282791247271 ] } },
{ "type": "Feature", "properties": { "visible_points": 55, "total_points": 120, "visibility_pct": 45.833333333333329 }, "geometry": { "type": "Point", "coordinates": [ -2.952721737025907, 51.156284404742536 ] } },
{ "type": "Feature", "properties": { "visible_points": 53, "total_points": 120, "visibility_pct": 44.166666666666664 }, "geometry": { "type": "Point", "coordinates": [ -2.952523630559147, 51.156286017901976 ] } },
{ "type": "Feature", "properties": { "visible_points": 55, "total_points": 120, "visibility_pct": 45.833333333333329 }, "geometry": { "type": "Point", "coordinates": [ -2.95232552407362, 51.156287630725615 ] } },
{ "type": "Feature", "properties": { "visible_points": 52, "total_points": 117, "visibility_pct": 44.444444444444443 }, "geometry": { "type": "Point", "coordinates": [ -2.952127417569323, 51.156289243213429 ] } },
{ "type": "Feature", "properties": { "visible_points": 47, "total_points": 112, "visibility_pct": 41.964285714285715 }, "geometry": { "type": "Point", "coordinates": [ -2.951929311046262, 51.15629085536542 ] } },
{ "type": "Feature", "properties": { "visible_points": 25, "total_points": 104, "visibility_pct": 24.03846153846154 }, "geometry": { "type": "Point", "coordinates": [ -2.951731204504443, 51.156292467181615 ] } },
{ "type": "Feature", "properties": { "visible_points": 0, "total_points": 95, "visibility_pct": 0.0 }, "geometry": { "type": "Point", "coordinates": [ -2.951533097943867, 51.156294078661986 ] } },
{ "type": "Feature", "properties": { "visible_points": 0, "total_points": 85, "visibility_pct": 0.0 }, "geometry": { "type": "Point", "coordinates": [ -2.951334991396956, 51.156295689816851 ] } },
{ "type": "Feature", "properties": { "visible_points": 0, "total_points": 85, "visibility_pct": 0.0 }, "geometry": { "type": "Point", "coordinates": [ -2.959756747462208, 51.156334809866102 ] } },
{ "type": "Feature", "properties": { "visible_points": 0, "total_points": 95, "visibility_pct": 0.0 }, "geometry": { "type": "Point", "coordinates": [ -2.959558641186935, 51.15633643494229 ] } },
{ "type": "Feature", "properties": { "visible_points": 0, "total_points": 104, "visibility_pct": 0.0 }, "geometry": { "type": "Point", "coordinates": [ -2.959360534892748, 51.15633805968266 ] } },
{ "type": "Feature", "properties": { "visible_points": 0, "total_points": 112, "visibility_pct": 0.0 }, "geometry": { "type": "Point", "coordinates": [ -2.959162428579651, 51.156339684087229 ] } },
{ "type": "Feature", "properties": { "visible_points": 28, "total_points": 118, "visibility_pct": 23.728813559322035 }, "geometry": { "type": "Point", "coordinates": [ -2.958964322247656, 51.156341308155973 ] } },
{ "type": "Feature", "properties": { "visible_points": 29, "total_points": 120, "visibility_pct": 24.166666666666668 }, "geometry": { "type": "Point", "coordinates": [ -2.958766215896759, 51.156342931888901 ] } },
{ "type": "Feature", "properties": { "visible_points": 29, "total_points": 120, "visibility_pct": 24.166666666666668 }, "geometry": { "type": "Point", "coordinates": [ -2.958568109526961, 51.156344555285997 ] } },
{ "type": "Feature", "properties": { "visible_points": 25, "total_points": 120, "visibility_pct": 20.833333333333336 }, "geometry": { "type": "Point", "coordinates": [ -2.958370003138278, 51.156346178347299 ] } },
{ "type": "Feature", "properties": { "visible_points": 39, "total_points": 120, "visibility_pct": 32.5 }, "geometry": { "type": "Point", "coordinates": [ -2.958171896730704, 51.156347801072791 ] } },
{ "type": "Feature", "properties": { "visible_points": 43, "total_points": 120, "visibility_pct": 35.833333333333336 }, "geometry": { "type": "Point", "coordinates": [ -2.957973790304246, 51.156349423462444 ] } },
{ "type": "Feature", "properties": { "visible_points": 47, "total_points": 120, "visibility_pct": 39.166666666666664 }, "geometry": { "type": "Point", "coordinates": [ -2.957775683858906, 51.156351045516288 ] } },
{ "type": "Feature", "properties": { "visible_points": 45, "total_points": 120, "visibility_pct": 37.5 }, "geometry": { "type": "Point", "coordinates": [ -2.957577577394694, 51.156352667234316 ] } },
{ "type": "Feature", "properties": { "visible_points": 45, "total_points": 120, "visibility_pct": 37.5 }, "geometry": { "type": "Point", "coordinates": [ -2.957379470911606, 51.156354288616534 ] } },
{ "type": "Feature", "properties": { "visible_points": 42, "total_points": 120, "visibility_pct": 35.0 }, "geometry": { "type": "Point", "coordinates": [ -2.957181364409651, 51.156355909662942 ] } },
{ "type": "Feature", "properties": { "visible_points": 35, "total_points": 120, "visibility_pct": 29.166666666666668 }, "geometry": { "type": "Point", "coordinates": [ -2.956983257888829, 51.156357530373519 ] } },
{ "type": "Feature", "properties": { "visible_points": 28, "total_points": 120, "visibility_pct": 23.333333333333332 }, "geometry": { "type": "Point", "coordinates": [ -2.956785151349152, 51.156359150748266 ] } },
{ "type": "Feature", "properties": { "visible_points": 22, "total_points": 120, "visibility_pct": 18.333333333333332 }, "geometry": { "type": "Point", "coordinates": [ -2.956587044790614, 51.156360770787209 ] } },
{ "type": "Feature", "properties": { "visible_points": 9, "total_points": 120, "visibility_pct": 7.5 }, "geometry": { "type": "Point", "coordinates": [ -2.956388938213222, 51.156362390490351 ] } },
{ "type": "Feature", "properties": { "visible_points": 0, "total_points": 120, "visibility_pct": 0.0 }, "geometry": { "type": "Point", "coordinates": [ -2.956190831616987, 51.156364009857661 ] } },
{ "type": "Feature", "properties": { "visible_points": 2, "total_points": 120, "visibility_pct": 1.6666666666666667 }, "geometry": { "type": "Point", "coordinates": [ -2.955992725001905, 51.156365628889162 ] } },
{ "type": "Feature", "properties": { "visible_points": 0, "total_points": 120, "visibility_pct": 0.0 }, "geometry": { "type": "Point", "coordinates": [ -2.955794618367981, 51.156367247584839 ] } },
{ "type": "Feature", "properties": { "visible_points": 0, "total_points": 120, "visibility_pct": 0.0 }, "geometry": { "type": "Point", "coordinates": [ -2.955596511715221, 51.1563688659447 ] } },
{ "type": "Feature", "properties": { "visible_points": 0, "total_points": 120, "visibility_pct": 0.0 }, "geometry": { "type": "Point", "coordinates": [ -2.955398405043629, 51.156370483968757 ] } },
{ "type": "Feature", "properties": { "visible_points": 0, "total_points": 120, "visibility_pct": 0.0 }, "geometry": { "type": "Point", "coordinates": [ -2.955200298353208, 51.156372101656984 ] } },
{ "type": "Feature", "properties": { "visible_points": 0, "total_points": 120, "visibility_pct": 0.0 }, "geometry": { "type": "Point", "coordinates": [ -2.955002191643961, 51.156373719009402 ] } },
{ "type": "Feature", "properties": { "visible_points": 0, "total_points": 120, "visibility_pct": 0.0 }, "geometry": { "type": "Point", "coordinates": [ -2.954804084915893, 51.156375336025995 ] } },
{ "type": "Feature", "properties": { "visible_points": 0, "total_points": 120, "visibility_pct": 0.0 }, "geometry": { "type": "Point", "coordinates": [ -2.95460597816901, 51.156376952706786 ] } },
{ "type": "Feature", "properties": { "visible_points": 0, "total_points": 120, "visibility_pct": 0.0 }, "geometry": { "type": "Point", "coordinates": [ -2.954407871403313, 51.156378569051739 ] } },
{ "type": "Feature", "properties": { "visible_points": 19, "total_points": 120, "visibility_pct": 15.833333333333332 }, "geometry": { "type": "Point", "coordinates": [ -2.954209764618804, 51.156380185060897 ] } },
{ "type": "Feature", "properties": { "visible_points": 25, "total_points": 120, "visibility_pct": 20.833333333333336 }, "geometry": { "type": "Point", "coordinates": [ -2.954011657815494, 51.156381800734223 ] } },
{ "type": "Feature", "properties": { "visible_points": 31, "total_points": 120, "visibility_pct": 25.833333333333336 }, "geometry": { "type": "Point", "coordinates": [ -2.953813550993381, 51.156383416071755 ] } },
{ "type": "Feature", "properties": { "visible_points": 38, "total_points": 120, "visibility_pct": 31.666666666666664 }, "geometry": { "type": "Point", "coordinates": [ -2.953615444152474, 51.156385031073448 ] } },
{ "type": "Feature", "properties": { "visible_points": 44, "total_points": 120, "visibility_pct": 36.666666666666664 }, "geometry": { "type": "Point", "coordinates": [ -2.953417337292768, 51.156386645739339 ] } },
{ "type": "Feature", "properties": { "visible_points": 46, "total_points": 120, "visibility_pct": 38.333333333333336 }, "geometry": { "type": "Point", "coordinates": [ -2.953219230414274, 51.156388260069413 ] } },
{ "type": "Feature", "properties": { "visible_points": 40, "total_points": 120, "visibility_pct": 33.333333333333329 }, "geometry": { "type": "Point", "coordinates": [ -2.953021123516999, 51.156389874063663 ] } },
{ "type": "Feature", "properties": { "visible_points": 42, "total_points": 120, "visibility_pct": 35.0 }, "geometry": { "type": "Point", "coordinates": [ -2.952823016600936, 51.15639148772209 ] } },
{ "type": "Feature", "properties": { "visible_points": 44, "total_points": 120, "visibility_pct": 36.666666666666664 }, "geometry": { "type": "Point", "coordinates": [ -2.952624909666101, 51.156393101044728 ] } },
{ "type": "Feature", "properties": { "visible_points": 56, "total_points": 120, "visibility_pct": 46.666666666666664 }, "geometry": { "type": "Point", "coordinates": [ -2.952426802712493, 51.156394714031535 ] } },
{ "type": "Feature", "properties": { "visible_points": 52, "total_points": 120, "visibility_pct": 43.333333333333336 }, "geometry": { "type": "Point", "coordinates": [ -2.95222869574011, 51.156396326682518 ] } },
{ "type": "Feature", "properties": { "visible_points": 57, "total_points": 117, "visibility_pct": 48.717948717948715 }, "geometry": { "type": "Point", "coordinates": [ -2.952030588748964, 51.156397938997706 ] } },
{ "type": "Feature", "properties": { "visible_points": 44, "total_points": 112, "visibility_pct": 39.285714285714285 }, "geometry": { "type": "Point", "coordinates": [ -2.951832481739063, 51.156399550977063 ] } },
{ "type": "Feature", "properties": { "visible_points": 30, "total_points": 104, "visibility_pct": 28.846153846153843 }, "geometry": { "type": "Point", "coordinates": [ -2.951634374710391, 51.156401162620611 ] } },
{ "type": "Feature", "properties": { "visible_points": 0, "total_points": 95, "visibility_pct": 0.0 }, "geometry": { "type": "Point", "coordinates": [ -2.951436267662974, 51.156402773928342 ] } },
{ "type": "Feature", "properties": { "visible_points": 0, "total_points": 85, "visibility_pct": 0.0 }, "geometry": { "type": "Point", "coordinates": [ -2.95123816070273, 51.156404384953845 ] } },
{ "type": "Feature", "properties": { "visible_points": 0, "total_points": 87, "visibility_pct": 0.0 }, "geometry": { "type": "Point", "coordinates": [ -2.959858043905573, 51.156441887052537 ] } },
{ "type": "Feature", "properties": { "visible_points": 0, "total_points": 96, "visibility_pct": 0.0 }, "geometry": { "type": "Point", "coordinates": [ -2.959659937162294, 51.156443512291951 ] } },
{ "type": "Feature", "properties": { "visible_points": 0, "total_points": 105, "visibility_pct": 0.0 }, "geometry": { "type": "Point", "coordinates": [ -2.959461830400096, 51.156445137195547 ] } },
{ "type": "Feature", "properties": { "visible_points": 0, "total_points": 113, "visibility_pct": 0.0 }, "geometry": { "type": "Point", "coordinates": [ -2.959263723618996, 51.156446761763341 ] } },
{ "type": "Feature", "properties": { "visible_points": 29, "total_points": 119, "visibility_pct": 24.369747899159663 }, "geometry": { "type": "Point", "coordinates": [ -2.959065616818979, 51.156448385995304 ] } },
{ "type": "Feature", "properties": { "visible_points": 31, "total_points": 120, "visibility_pct": 25.833333333333336 }, "geometry": { "type": "Point", "coordinates": [ -2.958867510000066, 51.156450009891451 ] } },
{ "type": "Feature", "properties": { "visible_points": 36, "total_points": 120, "visibility_pct": 30.0 }, "geometry": { "type": "Point", "coordinates": [ -2.958669403162258, 51.156451633451773 ] } },
{ "type": "Feature", "properties": { "visible_points": 31, "total_points": 120, "visibility_pct": 25.833333333333336 }, "geometry": { "type": "Point", "coordinates": [ -2.958471296305553, 51.156453256676294 ] } },
{ "type": "Feature", "properties": { "visible_points": 29, "total_points": 120, "visibility_pct": 24.166666666666668 }, "geometry": { "type": "Point", "coordinates": [ -2.958273189429959, 51.156454879565004 ] } },
{ "type": "Feature", "properties": { "visible_points": 25, "total_points": 120, "visibility_pct": 20.833333333333336 }, "geometry": { "type": "Point", "coordinates": [ -2.958075082535476, 51.156456502117862 ] } },
{ "type": "Feature", "properties": { "visible_points": 40, "total_points": 120, "visibility_pct": 33.333333333333329 }, "geometry": { "type": "Point", "coordinates": [ -2.957876975622111, 51.156458124334918 ] } },
{ "type": "Feature", "properties": { "visible_points": 38, "total_points": 120, "visibility_pct": 31.666666666666664 }, "geometry": { "type": "Point", "coordinates": [ -2.957678868689869, 51.156459746216157 ] } },
{ "type": "Feature", "properties": { "visible_points": 40, "total_points": 120, "visibility_pct": 33.333333333333329 }, "geometry": { "type": "Point", "coordinates": [ -2.957480761738751, 51.15646136776158 ] } },
{ "type": "Feature", "properties": { "visible_points": 36, "total_points": 120, "visibility_pct": 30.0 }, "geometry": { "type": "Point", "coordinates": [ -2.957282654768767, 51.156462988971199 ] } },
{ "type": "Feature", "properties": { "visible_points": 41, "total_points": 120, "visibility_pct": 34.166666666666664 }, "geometry": { "type": "Point", "coordinates": [ -2.957084547779909, 51.156464609844981 ] } },
{ "type": "Feature", "properties": { "visible_points": 27, "total_points": 120, "visibility_pct": 22.5 }, "geometry": { "type": "Point", "coordinates": [ -2.956886440772196, 51.156466230382939 ] } },
{ "type": "Feature", "properties": { "visible_points": 23, "total_points": 120, "visibility_pct": 19.166666666666668 }, "geometry": { "type": "Point", "coordinates": [ -2.956688333745618, 51.156467850585102 ] } },
{ "type": "Feature", "properties": { "visible_points": 11, "total_points": 120, "visibility_pct": 9.1666666666666661 }, "geometry": { "type": "Point", "coordinates": [ -2.956490226700191, 51.156469470451434 ] } },
{ "type": "Feature", "properties": { "visible_points": 0, "total_points": 120, "visibility_pct": 0.0 }, "geometry": { "type": "Point", "coordinates": [ -2.956292119635908, 51.156471089981949 ] } },
{ "type": "Feature", "properties": { "visible_points": 2, "total_points": 120, "visibility_pct": 1.6666666666666667 }, "geometry": { "type": "Point", "coordinates": [ -2.956094012552785, 51.15647270917664 ] } },
{ "type": "Feature", "properties": { "visible_points": 0, "total_points": 120, "visibility_pct": 0.0 }, "geometry": { "type": "Point", "coordinates": [ -2.955895905450811, 51.156474328035522 ] } },
{ "type": "Feature", "properties": { "visible_points": 0, "total_points": 120, "visibility_pct": 0.0 }, "geometry": { "type": "Point", "coordinates": [ -2.955697798330003, 51.156475946558587 ] } },
{ "type": "Feature", "properties": { "visible_points": 0, "total_points": 120, "visibility_pct": 0.0 }, "geometry": { "type": "Point", "coordinates": [ -2.95549969119036, 51.156477564745813 ] } },
{ "type": "Feature", "properties": { "visible_points": 0, "total_points": 120, "visibility_pct": 0.0 }, "geometry": { "type": "Point", "coordinates": [ -2.955301584031881, 51.156479182597259 ] } },
{ "type": "Feature", "properties": { "visible_points": 0, "total_points": 120, "visibility_pct": 0.0 }, "geometry": { "type": "Point", "coordinates": [ -2.955103476854585, 51.156480800112874 ] } },
{ "type": "Feature", "properties": { "visible_points": 0, "total_points": 120, "visibility_pct": 0.0 }, "geometry": { "type": "Point", "coordinates": [ -2.954905369658458, 51.156482417292651 ] } },
{ "type": "Feature", "properties": { "visible_points": 0, "total_points": 120, "visibility_pct": 0.0 }, "geometry": { "type": "Point", "coordinates": [ -2.954707262443515, 51.156484034136646 ] } },
{ "type": "Feature", "properties": { "visible_points": 0, "total_points": 120, "visibility_pct": 0.0 }, "geometry": { "type": "Point", "coordinates": [ -2.954509155209754, 51.156485650644797 ] } },
{ "type": "Feature", "properties": { "visible_points": 0, "total_points": 120, "visibility_pct": 0.0 }, "geometry": { "type": "Point", "coordinates": [ -2.954311047957184, 51.15648726681713 ] } },
{ "type": "Feature", "properties": { "visible_points": 21, "total_points": 120, "visibility_pct": 17.5 }, "geometry": { "type": "Point", "coordinates": [ -2.954112940685807, 51.156488882653662 ] } },
{ "type": "Feature", "properties": { "visible_points": 27, "total_points": 120, "visibility_pct": 22.5 }, "geometry": { "type": "Point", "coordinates": [ -2.953914833395626, 51.156490498154369 ] } },
{ "type": "Feature", "properties": { "visible_points": 37, "total_points": 120, "visibility_pct": 30.833333333333336 }, "geometry": { "type": "Point", "coordinates": [ -2.953716726086645, 51.156492113319246 ] } },
{ "type": "Feature", "properties": { "visible_points": 41, "total_points": 120, "visibility_pct": 34.166666666666664 }, "geometry": { "type": "Point", "coordinates": [ -2.95351861875887, 51.156493728148313 ] } },
{ "type": "Feature", "properties": { "visible_points": 39, "total_points": 120, "visibility_pct": 32.5 }, "geometry": { "type": "Point", "coordinates": [ -2.953320511412307, 51.156495342641584 ] } },
{ "type": "Feature", "properties": { "visible_points": 29, "total_points": 120, "visibility_pct": 24.166666666666668 }, "geometry": { "type": "Point", "coordinates": [ -2.953122404046948, 51.156496956799025 ] } },
{ "type": "Feature", "properties": { "visible_points": 12, "total_points": 120, "visibility_pct": 10.0 }, "geometry": { "type": "Point", "coordinates": [ -2.95292429666281, 51.156498570620634 ] } },
{ "type": "Feature", "properties": { "visible_points": 3, "total_points": 120, "visibility_pct": 2.5 }, "geometry": { "type": "Point", "coordinates": [ -2.952726189259895, 51.156500184106442 ] } },
{ "type": "Feature", "properties": { "visible_points": 43, "total_points": 120, "visibility_pct": 35.833333333333336 }, "geometry": { "type": "Point", "coordinates": [ -2.952528081838198, 51.156501797256418 ] } },
{ "type": "Feature", "properties": { "visible_points": 47, "total_points": 120, "visibility_pct": 39.166666666666664 }, "geometry": { "type": "Point", "coordinates": [ -2.952329974397734, 51.156503410070577 ] } },
{ "type": "Feature", "properties": { "visible_points": 52, "total_points": 120, "visibility_pct": 43.333333333333336 }, "geometry": { "type": "Point", "coordinates": [ -2.952131866938501, 51.156505022548941 ] } },
{ "type": "Feature", "properties": { "visible_points": 56, "total_points": 118, "visibility_pct": 47.457627118644069 }, "geometry": { "type": "Point", "coordinates": [ -2.951933759460503, 51.156506634691489 ] } },
{ "type": "Feature", "properties": { "visible_points": 52, "total_points": 112, "visibility_pct": 46.428571428571431 }, "geometry": { "type": "Point", "coordinates": [ -2.951735651963747, 51.156508246498184 ] } },
{ "type": "Feature", "properties": { "visible_points": 41, "total_points": 104, "visibility_pct": 39.42307692307692 }, "geometry": { "type": "Point", "coordinates": [ -2.951537544448236, 51.156509857969091 ] } },
{ "type": "Feature", "properties": { "visible_points": 0, "total_points": 95, "visibility_pct": 0.0 }, "geometry": { "type": "Point", "coordinates": [ -2.951339436939589, 51.156511469112232 ] } },
{ "type": "Feature", "properties": { "visible_points": 0, "total_points": 85, "visibility_pct": 0.0 }, "geometry": { "type": "Point", "coordinates": [ -2.951141329564932, 51.1565130800305 ] } },
{ "type": "Feature", "properties": { "visible_points": 3, "total_points": 79, "visibility_pct": 3.79746835443038 }, "geometry": { "type": "Point", "coordinates": [ -2.960157448028214, 51.156547338419436 ] } },
{ "type": "Feature", "properties": { "visible_points": 0, "total_points": 89, "visibility_pct": 0.0 }, "geometry": { "type": "Point", "coordinates": [ -2.959959340835848, 51.156548964157899 ] } },
{ "type": "Feature", "properties": { "visible_points": 0, "total_points": 98, "visibility_pct": 0.0 }, "geometry": { "type": "Point", "coordinates": [ -2.959761233624556, 51.156550589560545 ] } },
{ "type": "Feature", "properties": { "visible_points": 0, "total_points": 106, "visibility_pct": 0.0 }, "geometry": { "type": "Point", "coordinates": [ -2.95956312639435, 51.156552214627361 ] } },
{ "type": "Feature", "properties": { "visible_points": 0, "total_points": 114, "visibility_pct": 0.0 }, "geometry": { "type": "Point", "coordinates": [ -2.959365019145234, 51.156553839358367 ] } },
{ "type": "Feature", "properties": { "visible_points": 22, "total_points": 120, "visibility_pct": 18.333333333333332 }, "geometry": { "type": "Point", "coordinates": [ -2.959166911877205, 51.156555463753563 ] } },
{ "type": "Feature", "properties": { "visible_points": 30, "total_points": 120, "visibility_pct": 25.0 }, "geometry": { "type": "Point", "coordinates": [ -2.958968804590278, 51.156557087812935 ] } },
{ "type": "Feature", "properties": { "visible_points": 34, "total_points": 120, "visibility_pct": 28.333333333333332 }, "geometry": { "type": "Point", "coordinates": [ -2.95877069728445, 51.156558711536483 ] } },
{ "type": "Feature", "properties": { "visible_points": 35, "total_points": 120, "visibility_pct": 29.166666666666668 }, "geometry": { "type": "Point", "coordinates": [ -2.958572589959723, 51.156560334924215 ] } },
{ "type": "Feature", "properties": { "visible_points": 36, "total_points": 120, "visibility_pct": 30.0 }, "geometry": { "type": "Point", "coordinates": [ -2.958374482616102, 51.156561957976123 ] } },
{ "type": "Feature", "properties": { "visible_points": 32, "total_points": 120, "visibility_pct": 26.666666666666668 }, "geometry": { "type": "Point", "coordinates": [ -2.958176375253597, 51.156563580692207 ] } },
{ "type": "Feature", "properties": { "visible_points": 0, "total_points": 120, "visibility_pct": 0.0 }, "geometry": { "type": "Point", "coordinates": [ -2.957978267872202, 51.156565203072482 ] } },
{ "type": "Feature", "properties": { "visible_points": 33, "total_points": 120, "visibility_pct": 27.5 }, "geometry": { "type": "Point", "coordinates": [ -2.957780160471933, 51.15656682511694 ] } },
{ "type": "Feature", "properties": { "visible_points": 40, "total_points": 120, "visibility_pct": 33.333333333333329 }, "geometry": { "type": "Point", "coordinates": [ -2.957582053052785, 51.156568446825574 ] } },
{ "type": "Feature", "properties": { "visible_points": 32, "total_points": 120, "visibility_pct": 26.666666666666668 }, "geometry": { "type": "Point", "coordinates": [ -2.957383945614765, 51.156570068198377 ] } },
{ "type": "Feature", "properties": { "visible_points": 30, "total_points": 120, "visibility_pct": 25.0 }, "geometry": { "type": "Point", "coordinates": [ -2.957185838157874, 51.156571689235363 ] } },
{ "type": "Feature", "properties": { "visible_points": 35, "total_points": 120, "visibility_pct": 29.166666666666668 }, "geometry": { "type": "Point", "coordinates": [ -2.956987730682118, 51.156573309936562 ] } },
{ "type": "Feature", "properties": { "visible_points": 25, "total_points": 120, "visibility_pct": 20.833333333333336 }, "geometry": { "type": "Point", "coordinates": [ -2.956789623187503, 51.156574930301922 ] } },
{ "type": "Feature", "properties": { "visible_points": 17, "total_points": 120, "visibility_pct": 14.166666666666666 }, "geometry": { "type": "Point", "coordinates": [ -2.956591515674032, 51.156576550331444 ] } },
{ "type": "Feature", "properties": { "visible_points": 0, "total_points": 120, "visibility_pct": 0.0 }, "geometry": { "type": "Point", "coordinates": [ -2.956393408141709, 51.15657817002517 ] } },
{ "type": "Feature", "properties": { "visible_points": 0, "total_points": 120, "visibility_pct": 0.0 }, "geometry": { "type": "Point", "coordinates": [ -2.956195300590534, 51.156579789383059 ] } },
{ "type": "Feature", "properties": { "visible_points": 3, "total_points": 120, "visibility_pct": 2.5 }, "geometry": { "type": "Point", "coordinates": [ -2.955997193020512, 51.15658140840516 ] } },
{ "type": "Feature", "properties": { "visible_points": 0, "total_points": 120, "visibility_pct": 0.0 }, "geometry": { "type": "Point", "coordinates": [ -2.955799085431657, 51.156583027091415 ] } },
{ "type": "Feature", "properties": { "visible_points": 0, "total_points": 120, "visibility_pct": 0.0 }, "geometry": { "type": "Point", "coordinates": [ -2.955600977823957, 51.156584645441853 ] } },
{ "type": "Feature", "properties": { "visible_points": 0, "total_points": 120, "visibility_pct": 0.0 }, "geometry": { "type": "Point", "coordinates": [ -2.955402870197428, 51.156586263456475 ] } },
{ "type": "Feature", "properties": { "visible_points": 0, "total_points": 120, "visibility_pct": 0.0 }, "geometry": { "type": "Point", "coordinates": [ -2.955204762552072, 51.15658788113528 ] } },
{ "type": "Feature", "properties": { "visible_points": 0, "total_points": 120, "visibility_pct": 0.0 }, "geometry": { "type": "Point", "coordinates": [ -2.955006654887884, 51.156589498478262 ] } },
{ "type": "Feature", "properties": { "visible_points": 0, "total_points": 120, "visibility_pct": 0.0 }, "geometry": { "type": "Point", "coordinates": [ -2.954808547204879, 51.156591115485433 ] } },
{ "type": "Feature", "properties": { "visible_points": 0, "total_points": 120, "visibility_pct": 0.0 }, "geometry": { "type": "Point", "coordinates": [ -2.954610439503055, 51.156592732156781 ] } },
{ "type": "Feature", "properties": { "visible_points": 0, "total_points": 120, "visibility_pct": 0.0 }, "geometry": { "type": "Point", "coordinates": [ -2.954412331782422, 51.156594348492312 ] } },
{ "type": "Feature", "properties": { "visible_points": 0, "total_points": 120, "visibility_pct": 0.0 }, "geometry": { "type": "Point", "coordinates": [ -2.954214224042978, 51.156595964492027 ] } },
{ "type": "Feature", "properties": { "visible_points": 23, "total_points": 120, "visibility_pct": 19.166666666666668 }, "geometry": { "type": "Point", "coordinates": [ -2.954016116284725, 51.156597580155932 ] } },
{ "type": "Feature", "properties": { "visible_points": 32, "total_points": 120, "visibility_pct": 26.666666666666668 }, "geometry": { "type": "Point", "coordinates": [ -2.953818008507672, 51.156599195483999 ] } },
{ "type": "Feature", "properties": { "visible_points": 37, "total_points": 120, "visibility_pct": 30.833333333333336 }, "geometry": { "type": "Point", "coordinates": [ -2.953619900711823, 51.156600810476256 ] } },
{ "type": "Feature", "properties": { "visible_points": 43, "total_points": 120, "visibility_pct": 35.833333333333336 }, "geometry": { "type": "Point", "coordinates": [ -2.95342179289718, 51.156602425132689 ] } },
{ "type": "Feature", "properties": { "visible_points": 35, "total_points": 120, "visibility_pct": 29.166666666666668 }, "geometry": { "type": "Point", "coordinates": [ -2.95322368506375, 51.156604039453313 ] } },
{ "type": "Feature", "properties": { "visible_points": 5, "total_points": 120, "visibility_pct": 4.1666666666666661 }, "geometry": { "type": "Point", "coordinates": [ -2.953025577211526, 51.156605653438113 ] } },
{ "type": "Feature", "properties": { "visible_points": 5, "total_points": 120, "visibility_pct": 4.1666666666666661 }, "geometry": { "type": "Point", "coordinates": [ -2.952827469340526, 51.156607267087082 ] } },
{ "type": "Feature", "properties": { "visible_points": 29, "total_points": 120, "visibility_pct": 24.166666666666668 }, "geometry": { "type": "Point", "coordinates": [ -2.952629361450747, 51.156608880400263 ] } },
{ "type": "Feature", "properties": { "visible_points": 39, "total_points": 120, "visibility_pct": 32.5 }, "geometry": { "type": "Point", "coordinates": [ -2.952431253542197, 51.156610493377606 ] } },
{ "type": "Feature", "properties": { "visible_points": 40, "total_points": 120, "visibility_pct": 33.333333333333329 }, "geometry": { "type": "Point", "coordinates": [ -2.952233145614875, 51.156612106019132 ] } },
{ "type": "Feature", "properties": { "visible_points": 48, "total_points": 120, "visibility_pct": 40.0 }, "geometry": { "type": "Point", "coordinates": [ -2.952035037668785, 51.156613718324834 ] } },
{ "type": "Feature", "properties": { "visible_points": 49, "total_points": 119, "visibility_pct": 41.17647058823529 }, "geometry": { "type": "Point", "coordinates": [ -2.951836929703936, 51.156615330294727 ] } },
{ "type": "Feature", "properties": { "visible_points": 42, "total_points": 113, "visibility_pct": 37.168141592920357 }, "geometry": { "type": "Point", "coordinates": [ -2.951638821720328, 51.15661694192881 ] } },
{ "type": "Feature", "properties": { "visible_points": 40, "total_points": 105, "visibility_pct": 38.095238095238095 }, "geometry": { "type": "Point", "coordinates": [ -2.951440713717968, 51.156618553227062 ] } },
{ "type": "Feature", "properties": { "visible_points": 0, "total_points": 96, "visibility_pct": 0.0 }, "geometry": { "type": "Point", "coordinates": [ -2.951242605785829, 51.156620164232741 ] } },
{ "type": "Feature", "properties": { "visible_points": 0, "total_points": 83, "visibility_pct": 0.0 }, "geometry": { "type": "Point", "coordinates": [ -2.951044497979493, 51.156621775015715 ] } },
{ "type": "Feature", "properties": { "visible_points": 0, "total_points": 81, "visibility_pct": 0.0 }, "geometry": { "type": "Point", "coordinates": [ -2.960258745913401, 51.156654415280457 ] } },
{ "type": "Feature", "properties": { "visible_points": 0, "total_points": 91, "visibility_pct": 0.0 }, "geometry": { "type": "Point", "coordinates": [ -2.960060638253028, 51.156656041182167 ] } },
{ "type": "Feature", "properties": { "visible_points": 0, "total_points": 100, "visibility_pct": 0.0 }, "geometry": { "type": "Point", "coordinates": [ -2.959862530573727, 51.156657666748039 ] } },
{ "type": "Feature", "properties": { "visible_points": 0, "total_points": 108, "visibility_pct": 0.0 }, "geometry": { "type": "Point", "coordinates": [ -2.95966442287551, 51.15665929197808 ] } },
{ "type": "Feature", "properties": { "visible_points": 0, "total_points": 115, "visibility_pct": 0.0 }, "geometry": { "type": "Point", "coordinates": [ -2.959466315158378, 51.156660916872319 ] } },
{ "type": "Feature", "properties": { "visible_points": 30, "total_points": 120, "visibility_pct": 25.0 }, "geometry": { "type": "Point", "coordinates": [ -2.959268207422336, 51.156662541430734 ] } },
{ "type": "Feature", "properties": { "visible_points": 30, "total_points": 120, "visibility_pct": 25.0 }, "geometry": { "type": "Point", "coordinates": [ -2.95907009966739, 51.156664165653318 ] } },
{ "type": "Feature", "properties": { "visible_points": 36, "total_points": 120, "visibility_pct": 30.0 }, "geometry": { "type": "Point", "coordinates": [ -2.958871991893539, 51.156665789540085 ] } },
{ "type": "Feature", "properties": { "visible_points": 35, "total_points": 120, "visibility_pct": 29.166666666666668 }, "geometry": { "type": "Point", "coordinates": [ -2.958673884100786, 51.156667413091029 ] } },
{ "type": "Feature", "properties": { "visible_points": 35, "total_points": 120, "visibility_pct": 29.166666666666668 }, "geometry": { "type": "Point", "coordinates": [ -2.958475776289146, 51.15666903630617 ] } },
{ "type": "Feature", "properties": { "visible_points": 37, "total_points": 120, "visibility_pct": 30.833333333333336 }, "geometry": { "type": "Point", "coordinates": [ -2.958277668458611, 51.156670659185487 ] } },
{ "type": "Feature", "properties": { "visible_points": 27, "total_points": 120, "visibility_pct": 22.5 }, "geometry": { "type": "Point", "coordinates": [ -2.95807956060919, 51.156672281728952 ] } },
{ "type": "Feature", "properties": { "visible_points": 24, "total_points": 120, "visibility_pct": 20.0 }, "geometry": { "type": "Point", "coordinates": [ -2.957881452740887, 51.156673903936621 ] } },
{ "type": "Feature", "properties": { "visible_points": 33, "total_points": 120, "visibility_pct": 27.5 }, "geometry": { "type": "Point", "coordinates": [ -2.957683344853705, 51.156675525808467 ] } },
{ "type": "Feature", "properties": { "visible_points": 0, "total_points": 120, "visibility_pct": 0.0 }, "geometry": { "type": "Point", "coordinates": [ -2.957485236947649, 51.15667714734451 ] } },
{ "type": "Feature", "properties": { "visible_points": 13, "total_points": 120, "visibility_pct": 10.833333333333334 }, "geometry": { "type": "Point", "coordinates": [ -2.95728712902272, 51.156678768544694 ] } },
{ "type": "Feature", "properties": { "visible_points": 30, "total_points": 120, "visibility_pct": 25.0 }, "geometry": { "type": "Point", "coordinates": [ -2.95708902107893, 51.15668038940909 ] } },
{ "type": "Feature", "properties": { "visible_points": 23, "total_points": 120, "visibility_pct": 19.166666666666668 }, "geometry": { "type": "Point", "coordinates": [ -2.956890913116266, 51.156682009937654 ] } },
{ "type": "Feature", "properties": { "visible_points": 20, "total_points": 120, "visibility_pct": 16.666666666666664 }, "geometry": { "type": "Point", "coordinates": [ -2.956692805134753, 51.156683630130388 ] } },
{ "type": "Feature", "properties": { "visible_points": 3, "total_points": 120, "visibility_pct": 2.5 }, "geometry": { "type": "Point", "coordinates": [ -2.956494697134384, 51.156685249987319 ] } },
{ "type": "Feature", "properties": { "visible_points": 10, "total_points": 120, "visibility_pct": 8.3333333333333321 }, "geometry": { "type": "Point", "coordinates": [ -2.956296589115163, 51.15668686950842 ] } },
{ "type": "Feature", "properties": { "visible_points": 4, "total_points": 120, "visibility_pct": 3.3333333333333335 }, "geometry": { "type": "Point", "coordinates": [ -2.956098481077091, 51.156688488693703 ] } },
{ "type": "Feature", "properties": { "visible_points": 0, "total_points": 120, "visibility_pct": 0.0 }, "geometry": { "type": "Point", "coordinates": [ -2.955900373020179, 51.15669010754317 ] } },
{ "type": "Feature", "properties": { "visible_points": 0, "total_points": 120, "visibility_pct": 0.0 }, "geometry": { "type": "Point", "coordinates": [ -2.955702264944425, 51.156691726056806 ] } },
{ "type": "Feature", "properties": { "visible_points": 0, "total_points": 120, "visibility_pct": 0.0 }, "geometry": { "type": "Point", "coordinates": [ -2.955504156849844, 51.15669334423464 ] } },
{ "type": "Feature", "properties": { "visible_points": 0, "total_points": 120, "visibility_pct": 0.0 }, "geometry": { "type": "Point", "coordinates": [ -2.95530604873642, 51.156694962076635 ] } },
{ "type": "Feature", "properties": { "visible_points": 0, "total_points": 120, "visibility_pct": 0.0 }, "geometry": { "type": "Point", "coordinates": [ -2.955107940604178, 51.156696579582828 ] } },
{ "type": "Feature", "properties": { "visible_points": 0, "total_points": 120, "visibility_pct": 0.0 }, "geometry": { "type": "Point", "coordinates": [ -2.954909832453112, 51.156698196753183 ] } },
{ "type": "Feature", "properties": { "visible_points": 0, "total_points": 120, "visibility_pct": 0.0 }, "geometry": { "type": "Point", "coordinates": [ -2.954711724283218, 51.156699813587736 ] } },
{ "type": "Feature", "properties": { "visible_points": 0, "total_points": 120, "visibility_pct": 0.0 }, "geometry": { "type": "Point", "coordinates": [ -2.954513616094518, 51.15670143008645 ] } },
{ "type": "Feature", "properties": { "visible_points": 0, "total_points": 120, "visibility_pct": 0.0 }, "geometry": { "type": "Point", "coordinates": [ -2.954315507887003, 51.156703046249348 ] } },
{ "type": "Feature", "properties": { "visible_points": 9, "total_points": 120, "visibility_pct": 7.5 }, "geometry": { "type": "Point", "coordinates": [ -2.954117399660679, 51.156704662076429 ] } },
{ "type": "Feature", "properties": { "visible_points": 7, "total_points": 120, "visibility_pct": 5.833333333333333 }, "geometry": { "type": "Point", "coordinates": [ -2.953919291415554, 51.156706277567693 ] } },
{ "type": "Feature", "properties": { "visible_points": 25, "total_points": 120, "visibility_pct": 20.833333333333336 }, "geometry": { "type": "Point", "coordinates": [ -2.953721183151628, 51.156707892723141 ] } },
{ "type": "Feature", "properties": { "visible_points": 8, "total_points": 120, "visibility_pct": 6.666666666666667 }, "geometry": { "type": "Point", "coordinates": [ -2.953523074868907, 51.156709507542764 ] } },
{ "type": "Feature", "properties": { "visible_points": 2, "total_points": 120, "visibility_pct": 1.6666666666666667 }, "geometry": { "type": "Point", "coordinates": [ -2.953324966567392, 51.156711122026564 ] } },
{ "type": "Feature", "properties": { "visible_points": 5, "total_points": 120, "visibility_pct": 4.1666666666666661 }, "geometry": { "type": "Point", "coordinates": [ -2.953126858247091, 51.156712736174548 ] } },
{ "type": "Feature", "properties": { "visible_points": 0, "total_points": 120, "visibility_pct": 0.0 }, "geometry": { "type": "Point", "coordinates": [ -2.952928749908007, 51.156714349986714 ] } },
{ "type": "Feature", "properties": { "visible_points": 35, "total_points": 120, "visibility_pct": 29.166666666666668 }, "geometry": { "type": "Point", "coordinates": [ -2.95273064155014, 51.156715963463057 ] } },
{ "type": "Feature", "properties": { "visible_points": 36, "total_points": 120, "visibility_pct": 30.0 }, "geometry": { "type": "Point", "coordinates": [ -2.9525325331735, 51.156717576603583 ] } },
{ "type": "Feature", "properties": { "visible_points": 37, "total_points": 120, "visibility_pct": 30.833333333333336 }, "geometry": { "type": "Point", "coordinates": [ -2.952334424778087, 51.156719189408285 ] } },
{ "type": "Feature", "properties": { "visible_points": 42, "total_points": 120, "visibility_pct": 35.0 }, "geometry": { "type": "Point", "coordinates": [ -2.952136316363907, 51.156720801877171 ] } },
{ "type": "Feature", "properties": { "visible_points": 43, "total_points": 120, "visibility_pct": 35.833333333333336 }, "geometry": { "type": "Point", "coordinates": [ -2.951938207930961, 51.156722414010233 ] } },
{ "type": "Feature", "properties": { "visible_points": 42, "total_points": 120, "visibility_pct": 35.0 }, "geometry": { "type": "Point", "coordinates": [ -2.951740099479255, 51.156724025807485 ] } },
{ "type": "Feature", "properties": { "visible_points": 39, "total_points": 114, "visibility_pct": 34.210526315789473 }, "geometry": { "type": "Point", "coordinates": [ -2.951541991008794, 51.156725637268906 ] } },
{ "type": "Feature", "properties": { "visible_points": 38, "total_points": 105, "visibility_pct": 36.19047619047619 }, "geometry": { "type": "Point", "coordinates": [ -2.95134388253919, 51.156727248400614 ] } },
{ "type": "Feature", "properties": { "visible_points": 29, "total_points": 92, "visibility_pct": 31.521739130434785 }, "geometry": { "type": "Point", "coordinates": [ -2.951145774182051, 51.156728859288961 ] } },
{ "type": "Feature", "properties": { "visible_points": 0, "total_points": 79, "visibility_pct": 0.0 }, "geometry": { "type": "Point", "coordinates": [ -2.950947665906151, 51.156730469896956 ] } },
{ "type": "Feature", "properties": { "visible_points": 0, "total_points": 66, "visibility_pct": 0.0 }, "geometry": { "type": "Point", "coordinates": [ -2.950749557610902, 51.156732080168744 ] } },
{ "type": "Feature", "properties": { "visible_points": 0, "total_points": 82, "visibility_pct": 0.0 }, "geometry": { "type": "Point", "coordinates": [ -2.960360044285509, 51.156761492060426 ] } },
{ "type": "Feature", "properties": { "visible_points": 0, "total_points": 92, "visibility_pct": 0.0 }, "geometry": { "type": "Point", "coordinates": [ -2.960161936157125, 51.15676311812534 ] } },
{ "type": "Feature", "properties": { "visible_points": 0, "total_points": 101, "visibility_pct": 0.0 }, "geometry": { "type": "Point", "coordinates": [ -2.95996382800981, 51.156764743854445 ] } },
{ "type": "Feature", "properties": { "visible_points": 0, "total_points": 109, "visibility_pct": 0.0 }, "geometry": { "type": "Point", "coordinates": [ -2.959765719843582, 51.156766369247727 ] } },
{ "type": "Feature", "properties": { "visible_points": 0, "total_points": 115, "visibility_pct": 0.0 }, "geometry": { "type": "Point", "coordinates": [ -2.959567611658433, 51.156767994305177 ] } },
{ "type": "Feature", "properties": { "visible_points": 35, "total_points": 120, "visibility_pct": 29.166666666666668 }, "geometry": { "type": "Point", "coordinates": [ -2.95936950345437, 51.156769619026797 ] } },
{ "type": "Feature", "properties": { "visible_points": 42, "total_points": 120, "visibility_pct": 35.0 }, "geometry": { "type": "Point", "coordinates": [ -2.959171395231405, 51.156771243412621 ] } },
{ "type": "Feature", "properties": { "visible_points": 39, "total_points": 120, "visibility_pct": 32.5 }, "geometry": { "type": "Point", "coordinates": [ -2.958973286989532, 51.156772867462621 ] } },
{ "type": "Feature", "properties": { "visible_points": 35, "total_points": 120, "visibility_pct": 29.166666666666668 }, "geometry": { "type": "Point", "coordinates": [ -2.958775178728759, 51.156774491176797 ] } },
{ "type": "Feature", "properties": { "visible_points": 37, "total_points": 120, "visibility_pct": 30.833333333333336 }, "geometry": { "type": "Point", "coordinates": [ -2.958577070449089, 51.156776114555136 ] } },
{ "type": "Feature", "properties": { "visible_points": 31, "total_points": 120, "visibility_pct": 25.833333333333336 }, "geometry": { "type": "Point", "coordinates": [ -2.958378962150525, 51.156777737597658 ] } },
{ "type": "Feature", "properties": { "visible_points": 31, "total_points": 120, "visibility_pct": 25.833333333333336 }, "geometry": { "type": "Point", "coordinates": [ -2.958180853833072, 51.156779360304355 ] } },
{ "type": "Feature", "properties": { "visible_points": 33, "total_points": 120, "visibility_pct": 27.5 }, "geometry": { "type": "Point", "coordinates": [ -2.957982745496736, 51.156780982675244 ] } },
{ "type": "Feature", "properties": { "visible_points": 34, "total_points": 120, "visibility_pct": 28.333333333333332 }, "geometry": { "type": "Point", "coordinates": [ -2.957784637141522, 51.156782604710301 ] } },
{ "type": "Feature", "properties": { "visible_points": 25, "total_points": 120, "visibility_pct": 20.833333333333336 }, "geometry": { "type": "Point", "coordinates": [ -2.957586528767426, 51.156784226409542 ] } },
{ "type": "Feature", "properties": { "visible_points": 0, "total_points": 120, "visibility_pct": 0.0 }, "geometry": { "type": "Point", "coordinates": [ -2.957388420374459, 51.156785847772944 ] } },
{ "type": "Feature", "properties": { "visible_points": 19, "total_points": 120, "visibility_pct": 15.833333333333332 }, "geometry": { "type": "Point", "coordinates": [ -2.957190311962622, 51.156787468800545 ] } },
{ "type": "Feature", "properties": { "visible_points": 24, "total_points": 120, "visibility_pct": 20.0 }, "geometry": { "type": "Point", "coordinates": [ -2.956992203531922, 51.156789089492321 ] } },
{ "type": "Feature", "properties": { "visible_points": 20, "total_points": 120, "visibility_pct": 16.666666666666664 }, "geometry": { "type": "Point", "coordinates": [ -2.956794095082359, 51.156790709848273 ] } },
{ "type": "Feature", "properties": { "visible_points": 13, "total_points": 120, "visibility_pct": 10.833333333333334 }, "geometry": { "type": "Point", "coordinates": [ -2.956595986613942, 51.156792329868424 ] } },
{ "type": "Feature", "properties": { "visible_points": 10, "total_points": 120, "visibility_pct": 8.3333333333333321 }, "geometry": { "type": "Point", "coordinates": [ -2.956397878126667, 51.156793949552707 ] } },
{ "type": "Feature", "properties": { "visible_points": 0, "total_points": 120, "visibility_pct": 0.0 }, "geometry": { "type": "Point", "coordinates": [ -2.95619976962055, 51.156795568901209 ] } },
{ "type": "Feature", "properties": { "visible_points": 6, "total_points": 120, "visibility_pct": 5.0 }, "geometry": { "type": "Point", "coordinates": [ -2.95600166109558, 51.156797187913867 ] } },
{ "type": "Feature", "properties": { "visible_points": 0, "total_points": 120, "visibility_pct": 0.0 }, "geometry": { "type": "Point", "coordinates": [ -2.955803552551774, 51.1567988065907 ] } },
{ "type": "Feature", "properties": { "visible_points": 0, "total_points": 120, "visibility_pct": 0.0 }, "geometry": { "type": "Point", "coordinates": [ -2.955605443989125, 51.156800424931724 ] } },
{ "type": "Feature", "properties": { "visible_points": 0, "total_points": 120, "visibility_pct": 0.0 }, "geometry": { "type": "Point", "coordinates": [ -2.955407335407649, 51.156802042936924 ] } },
{ "type": "Feature", "properties": { "visible_points": 0, "total_points": 120, "visibility_pct": 0.0 }, "geometry": { "type": "Point", "coordinates": [ -2.955209226807343, 51.156803660606315 ] } },
{ "type": "Feature", "properties": { "visible_points": 0, "total_points": 120, "visibility_pct": 0.0 }, "geometry": { "type": "Point", "coordinates": [ -2.955011118188205, 51.156805277939881 ] } },
{ "type": "Feature", "properties": { "visible_points": 0, "total_points": 120, "visibility_pct": 0.0 }, "geometry": { "type": "Point", "coordinates": [ -2.95481300955025, 51.156806894937596 ] } },
{ "type": "Feature", "properties": { "visible_points": 0, "total_points": 120, "visibility_pct": 0.0 }, "geometry": { "type": "Point", "coordinates": [ -2.95461490089348, 51.156808511599536 ] } },
{ "type": "Feature", "properties": { "visible_points": 0, "total_points": 120, "visibility_pct": 0.0 }, "geometry": { "type": "Point", "coordinates": [ -2.954416792217892, 51.156810127925617 ] } },
{ "type": "Feature", "properties": { "visible_points": 12, "total_points": 120, "visibility_pct": 10.0 }, "geometry": { "type": "Point", "coordinates": [ -2.954218683523495, 51.156811743915895 ] } },
{ "type": "Feature", "properties": { "visible_points": 20, "total_points": 120, "visibility_pct": 16.666666666666664 }, "geometry": { "type": "Point", "coordinates": [ -2.954020574810295, 51.15681335957035 ] } },
{ "type": "Feature", "properties": { "visible_points": 33, "total_points": 120, "visibility_pct": 27.5 }, "geometry": { "type": "Point", "coordinates": [ -2.95382246607829, 51.156814974888981 ] } },
{ "type": "Feature", "properties": { "visible_points": 42, "total_points": 120, "visibility_pct": 35.0 }, "geometry": { "type": "Point", "coordinates": [ -2.953624357327487, 51.156816589871781 ] } },
{ "type": "Feature", "properties": { "visible_points": 0, "total_points": 120, "visibility_pct": 0.0 }, "geometry": { "type": "Point", "coordinates": [ -2.953426248557892, 51.156818204518764 ] } },
{ "type": "Feature", "properties": { "visible_points": 36, "total_points": 120, "visibility_pct": 30.0 }, "geometry": { "type": "Point", "coordinates": [ -2.953228139769509, 51.156819818829945 ] } },
{ "type": "Feature", "properties": { "visible_points": 40, "total_points": 120, "visibility_pct": 33.333333333333329 }, "geometry": { "type": "Point", "coordinates": [ -2.953030030962338, 51.15682143280528 ] } },
{ "type": "Feature", "properties": { "visible_points": 40, "total_points": 120, "visibility_pct": 33.333333333333329 }, "geometry": { "type": "Point", "coordinates": [ -2.95283192213638, 51.156823046444799 ] } },
{ "type": "Feature", "properties": { "visible_points": 39, "total_points": 120, "visibility_pct": 32.5 }, "geometry": { "type": "Point", "coordinates": [ -2.95263381329165, 51.156824659748523 ] } },
{ "type": "Feature", "properties": { "visible_points": 40, "total_points": 120, "visibility_pct": 33.333333333333329 }, "geometry": { "type": "Point", "coordinates": [ -2.952435704428146, 51.156826272716401 ] } },
{ "type": "Feature", "properties": { "visible_points": 41, "total_points": 120, "visibility_pct": 34.166666666666664 }, "geometry": { "type": "Point", "coordinates": [ -2.952237595545871, 51.15682788534847 ] } },
{ "type": "Feature", "properties": { "visible_points": 40, "total_points": 120, "visibility_pct": 33.333333333333329 }, "geometry": { "type": "Point", "coordinates": [ -2.952039486644826, 51.156829497644715 ] } },
{ "type": "Feature", "properties": { "visible_points": 42, "total_points": 120, "visibility_pct": 35.0 }, "geometry": { "type": "Point", "coordinates": [ -2.951841377725022, 51.156831109605129 ] } },
{ "type": "Feature", "properties": { "visible_points": 34, "total_points": 120, "visibility_pct": 28.333333333333332 }, "geometry": { "type": "Point", "coordinates": [ -2.951643268786461, 51.156832721229733 ] } },
{ "type": "Feature", "properties": { "visible_points": 27, "total_points": 112, "visibility_pct": 24.107142857142858 }, "geometry": { "type": "Point", "coordinates": [ -2.951445159829146, 51.1568343325185 ] } },
{ "type": "Feature", "properties": { "visible_points": 31, "total_points": 99, "visibility_pct": 31.313131313131315 }, "geometry": { "type": "Point", "coordinates": [ -2.951247050926112, 51.156835943505314 ] } },
{ "type": "Feature", "properties": { "visible_points": 28, "total_points": 86, "visibility_pct": 32.558139534883722 }, "geometry": { "type": "Point", "coordinates": [ -2.951048942128033, 51.156837554252768 ] } },
{ "type": "Feature", "properties": { "visible_points": 23, "total_points": 73, "visibility_pct": 31.506849315068493 }, "geometry": { "type": "Point", "coordinates": [ -2.950850833344902, 51.156839164674281 ] } },
{ "type": "Feature", "properties": { "visible_points": 0, "total_points": 60, "visibility_pct": 0.0 }, "geometry": { "type": "Point", "coordinates": [ -2.950652724542429, 51.15684077475958 ] } },
{ "type": "Feature", "properties": { "visible_points": 0, "total_points": 83, "visibility_pct": 0.0 }, "geometry": { "type": "Point", "coordinates": [ -2.960461343144536, 51.156868568759272 ] } },
{ "type": "Feature", "properties": { "visible_points": 0, "total_points": 93, "visibility_pct": 0.0 }, "geometry": { "type": "Point", "coordinates": [ -2.960263234548135, 51.15687019498742 ] } },
{ "type": "Feature", "properties": { "visible_points": 0, "total_points": 102, "visibility_pct": 0.0 }, "geometry": { "type": "Point", "coordinates": [ -2.960065125932816, 51.156871820879758 ] } },
{ "type": "Feature", "properties": { "visible_points": 0, "total_points": 110, "visibility_pct": 0.0 }, "geometry": { "type": "Point", "coordinates": [ -2.959867017298563, 51.156873446436244 ] } },
{ "type": "Feature", "properties": { "visible_points": 29, "total_points": 116, "visibility_pct": 25.0 }, "geometry": { "type": "Point", "coordinates": [ -2.9596689086454, 51.156875071656941 ] } },
{ "type": "Feature", "properties": { "visible_points": 32, "total_points": 120, "visibility_pct": 26.666666666666668 }, "geometry": { "type": "Point", "coordinates": [ -2.959470799973319, 51.156876696541815 ] } },
{ "type": "Feature", "properties": { "visible_points": 40, "total_points": 120, "visibility_pct": 33.333333333333329 }, "geometry": { "type": "Point", "coordinates": [ -2.959272691282331, 51.156878321090844 ] } },
{ "type": "Feature", "properties": { "visible_points": 46, "total_points": 120, "visibility_pct": 38.333333333333336 }, "geometry": { "type": "Point", "coordinates": [ -2.959074582572431, 51.156879945304048 ] } },
{ "type": "Feature", "properties": { "visible_points": 38, "total_points": 120, "visibility_pct": 31.666666666666664 }, "geometry": { "type": "Point", "coordinates": [ -2.958876473843632, 51.156881569181444 ] } },
{ "type": "Feature", "properties": { "visible_points": 37, "total_points": 120, "visibility_pct": 30.833333333333336 }, "geometry": { "type": "Point", "coordinates": [ -2.958678365095932, 51.156883192723015 ] } },
{ "type": "Feature", "properties": { "visible_points": 35, "total_points": 120, "visibility_pct": 29.166666666666668 }, "geometry": { "type": "Point", "coordinates": [ -2.958480256329341, 51.156884815928748 ] } },
{ "type": "Feature", "properties": { "visible_points": 0, "total_points": 120, "visibility_pct": 0.0 }, "geometry": { "type": "Point", "coordinates": [ -2.958282147543855, 51.156886438798686 ] } },
{ "type": "Feature", "properties": { "visible_points": 33, "total_points": 120, "visibility_pct": 27.5 }, "geometry": { "type": "Point", "coordinates": [ -2.958084038739484, 51.156888061332772 ] } },
{ "type": "Feature", "properties": { "visible_points": 36, "total_points": 120, "visibility_pct": 30.0 }, "geometry": { "type": "Point", "coordinates": [ -2.95788592991623, 51.156889683531048 ] } },
{ "type": "Feature", "properties": { "visible_points": 35, "total_points": 120, "visibility_pct": 29.166666666666668 }, "geometry": { "type": "Point", "coordinates": [ -2.957687821074096, 51.156891305393501 ] } },
{ "type": "Feature", "properties": { "visible_points": 27, "total_points": 120, "visibility_pct": 22.5 }, "geometry": { "type": "Point", "coordinates": [ -2.957489712213088, 51.156892926920129 ] } },
{ "type": "Feature", "properties": { "visible_points": 19, "total_points": 120, "visibility_pct": 15.833333333333332 }, "geometry": { "type": "Point", "coordinates": [ -2.957291603333209, 51.156894548110934 ] } },
{ "type": "Feature", "properties": { "visible_points": 17, "total_points": 120, "visibility_pct": 14.166666666666666 }, "geometry": { "type": "Point", "coordinates": [ -2.957093494434464, 51.156896168965915 ] } },
{ "type": "Feature", "properties": { "visible_points": 20, "total_points": 120, "visibility_pct": 16.666666666666664 }, "geometry": { "type": "Point", "coordinates": [ -2.956895385516852, 51.156897789485079 ] } },
{ "type": "Feature", "properties": { "visible_points": 0, "total_points": 120, "visibility_pct": 0.0 }, "geometry": { "type": "Point", "coordinates": [ -2.956697276580389, 51.156899409668419 ] } },
{ "type": "Feature", "properties": { "visible_points": 12, "total_points": 120, "visibility_pct": 10.0 }, "geometry": { "type": "Point", "coordinates": [ -2.956499167625056, 51.156901029515936 ] } },
{ "type": "Feature", "properties": { "visible_points": 13, "total_points": 120, "visibility_pct": 10.833333333333334 }, "geometry": { "type": "Point", "coordinates": [ -2.956301058650888, 51.156902649027629 ] } },
{ "type": "Feature", "properties": { "visible_points": 4, "total_points": 120, "visibility_pct": 3.3333333333333335 }, "geometry": { "type": "Point", "coordinates": [ -2.956102949657862, 51.156904268203505 ] } },
{ "type": "Feature", "properties": { "visible_points": 1, "total_points": 120, "visibility_pct": 0.83333333333333337 }, "geometry": { "type": "Point", "coordinates": [ -2.955904840645995, 51.156905887043543 ] } },
{ "type": "Feature", "properties": { "visible_points": 0, "total_points": 120, "visibility_pct": 0.0 }, "geometry": { "type": "Point", "coordinates": [ -2.955706731615291, 51.156907505547764 ] } },
{ "type": "Feature", "properties": { "visible_points": 0, "total_points": 120, "visibility_pct": 0.0 }, "geometry": { "type": "Point", "coordinates": [ -2.955508622565747, 51.156909123716169 ] } },
{ "type": "Feature", "properties": { "visible_points": 0, "total_points": 120, "visibility_pct": 0.0 }, "geometry": { "type": "Point", "coordinates": [ -2.955310513497378, 51.156910741548757 ] } },
{ "type": "Feature", "properties": { "visible_points": 0, "total_points": 120, "visibility_pct": 0.0 }, "geometry": { "type": "Point", "coordinates": [ -2.955112404410175, 51.156912359045492 ] } },
{ "type": "Feature", "properties": { "visible_points": 0, "total_points": 120, "visibility_pct": 0.0 }, "geometry": { "type": "Point", "coordinates": [ -2.954914295304151, 51.156913976206432 ] } },
{ "type": "Feature", "properties": { "visible_points": 0, "total_points": 120, "visibility_pct": 0.0 }, "geometry": { "type": "Point", "coordinates": [ -2.954716186179307, 51.156915593031542 ] } },
{ "type": "Feature", "properties": { "visible_points": 0, "total_points": 120, "visibility_pct": 0.0 }, "geometry": { "type": "Point", "coordinates": [ -2.954518077035647, 51.15691720952082 ] } },
{ "type": "Feature", "properties": { "visible_points": 3, "total_points": 120, "visibility_pct": 2.5 }, "geometry": { "type": "Point", "coordinates": [ -2.954319967873174, 51.156918825674303 ] } },
{ "type": "Feature", "properties": { "visible_points": 25, "total_points": 120, "visibility_pct": 20.833333333333336 }, "geometry": { "type": "Point", "coordinates": [ -2.954121858691897, 51.156920441491941 ] } },
{ "type": "Feature", "properties": { "visible_points": 34, "total_points": 120, "visibility_pct": 28.333333333333332 }, "geometry": { "type": "Point", "coordinates": [ -2.953923749491814, 51.156922056973748 ] } },
{ "type": "Feature", "properties": { "visible_points": 37, "total_points": 120, "visibility_pct": 30.833333333333336 }, "geometry": { "type": "Point", "coordinates": [ -2.953725640272929, 51.156923672119753 ] } },
{ "type": "Feature", "properties": { "visible_points": 42, "total_points": 120, "visibility_pct": 35.0 }, "geometry": { "type": "Point", "coordinates": [ -2.953527531035252, 51.156925286929926 ] } },
{ "type": "Feature", "properties": { "visible_points": 45, "total_points": 120, "visibility_pct": 37.5 }, "geometry": { "type": "Point", "coordinates": [ -2.95332942177878, 51.156926901404276 ] } },
{ "type": "Feature", "properties": { "visible_points": 44, "total_points": 120, "visibility_pct": 36.666666666666664 }, "geometry": { "type": "Point", "coordinates": [ -2.953131312503519, 51.156928515542816 ] } },
{ "type": "Feature", "properties": { "visible_points": 37, "total_points": 120, "visibility_pct": 30.833333333333336 }, "geometry": { "type": "Point", "coordinates": [ -2.952933203209474, 51.156930129345518 ] } },
{ "type": "Feature", "properties": { "visible_points": 37, "total_points": 120, "visibility_pct": 30.833333333333336 }, "geometry": { "type": "Point", "coordinates": [ -2.952735093896655, 51.156931742812411 ] } },
{ "type": "Feature", "properties": { "visible_points": 27, "total_points": 120, "visibility_pct": 22.5 }, "geometry": { "type": "Point", "coordinates": [ -2.952536984565052, 51.156933355943465 ] } },
{ "type": "Feature", "properties": { "visible_points": 33, "total_points": 120, "visibility_pct": 27.5 }, "geometry": { "type": "Point", "coordinates": [ -2.952338875214679, 51.15693496873871 ] } },
{ "type": "Feature", "properties": { "visible_points": 38, "total_points": 120, "visibility_pct": 31.666666666666664 }, "geometry": { "type": "Point", "coordinates": [ -2.952140765845537, 51.156936581198138 ] } },
{ "type": "Feature", "properties": { "visible_points": 46, "total_points": 120, "visibility_pct": 38.333333333333336 }, "geometry": { "type": "Point", "coordinates": [ -2.951942656457634, 51.156938193321729 ] } },
{ "type": "Feature", "properties": { "visible_points": 43, "total_points": 119, "visibility_pct": 36.134453781512605 }, "geometry": { "type": "Point", "coordinates": [ -2.951744547050966, 51.156939805109488 ] } },
{ "type": "Feature", "properties": { "visible_points": 37, "total_points": 115, "visibility_pct": 32.173913043478258 }, "geometry": { "type": "Point", "coordinates": [ -2.951546437625546, 51.156941416561452 ] } },
{ "type": "Feature", "properties": { "visible_points": 34, "total_points": 104, "visibility_pct": 32.692307692307693 }, "geometry": { "type": "Point", "coordinates": [ -2.951348328195768, 51.156943027681983 ] } },
{ "type": "Feature", "properties": { "visible_points": 25, "total_points": 91, "visibility_pct": 27.472527472527474 }, "geometry": { "type": "Point", "coordinates": [ -2.951150218857137, 51.156944638541354 ] } },
{ "type": "Feature", "properties": { "visible_points": 25, "total_points": 78, "visibility_pct": 32.051282051282051 }, "geometry": { "type": "Point", "coordinates": [ -2.950952109586109, 51.156946249112607 ] } },
{ "type": "Feature", "properties": { "visible_points": 11, "total_points": 65, "visibility_pct": 16.923076923076923 }, "geometry": { "type": "Point", "coordinates": [ -2.950754000295746, 51.156947859347646 ] } },
{ "type": "Feature", "properties": { "visible_points": 0, "total_points": 53, "visibility_pct": 0.0 }, "geometry": { "type": "Point", "coordinates": [ -2.95055589098604, 51.156949469246456 ] } },
{ "type": "Feature", "properties": { "visible_points": 0, "total_points": 84, "visibility_pct": 0.0 }, "geometry": { "type": "Point", "coordinates": [ -2.960562642490487, 51.156975645377017 ] } },
{ "type": "Feature", "properties": { "visible_points": 0, "total_points": 94, "visibility_pct": 0.0 }, "geometry": { "type": "Point", "coordinates": [ -2.960364533426074, 51.156977271768419 ] } },
{ "type": "Feature", "properties": { "visible_points": 5, "total_points": 103, "visibility_pct": 4.8543689320388346 }, "geometry": { "type": "Point", "coordinates": [ -2.960166424342734, 51.156978897823969 ] } },
{ "type": "Feature", "properties": { "visible_points": 0, "total_points": 111, "visibility_pct": 0.0 }, "geometry": { "type": "Point", "coordinates": [ -2.959968315240467, 51.156980523543716 ] } },
{ "type": "Feature", "properties": { "visible_points": 39, "total_points": 117, "visibility_pct": 33.333333333333329 }, "geometry": { "type": "Point", "coordinates": [ -2.959770206119283, 51.156982148927625 ] } },
{ "type": "Feature", "properties": { "visible_points": 42, "total_points": 120, "visibility_pct": 35.0 }, "geometry": { "type": "Point", "coordinates": [ -2.959572096979182, 51.156983773975703 ] } },
{ "type": "Feature", "properties": { "visible_points": 48, "total_points": 120, "visibility_pct": 40.0 }, "geometry": { "type": "Point", "coordinates": [ -2.95937398782017, 51.156985398687979 ] } },
{ "type": "Feature", "properties": { "visible_points": 48, "total_points": 120, "visibility_pct": 40.0 }, "geometry": { "type": "Point", "coordinates": [ -2.959175878642244, 51.156987023064403 ] } },
{ "type": "Feature", "properties": { "visible_points": 43, "total_points": 120, "visibility_pct": 35.833333333333336 }, "geometry": { "type": "Point", "coordinates": [ -2.958977769445416, 51.156988647105024 ] } },
{ "type": "Feature", "properties": { "visible_points": 31, "total_points": 120, "visibility_pct": 25.833333333333336 }, "geometry": { "type": "Point", "coordinates": [ -2.958779660229692, 51.156990270809828 ] } },
{ "type": "Feature", "properties": { "visible_points": 37, "total_points": 120, "visibility_pct": 30.833333333333336 }, "geometry": { "type": "Point", "coordinates": [ -2.95858155099506, 51.156991894178788 ] } },
{ "type": "Feature", "properties": { "visible_points": 37, "total_points": 120, "visibility_pct": 30.833333333333336 }, "geometry": { "type": "Point", "coordinates": [ -2.958383441741542, 51.156993517211916 ] } },
{ "type": "Feature", "properties": { "visible_points": 34, "total_points": 120, "visibility_pct": 28.333333333333332 }, "geometry": { "type": "Point", "coordinates": [ -2.958185332469135, 51.156995139909235 ] } },
{ "type": "Feature", "properties": { "visible_points": 33, "total_points": 120, "visibility_pct": 27.5 }, "geometry": { "type": "Point", "coordinates": [ -2.957987223177841, 51.156996762270722 ] } },
{ "type": "Feature", "properties": { "visible_points": 31, "total_points": 120, "visibility_pct": 25.833333333333336 }, "geometry": { "type": "Point", "coordinates": [ -2.957789113867668, 51.156998384296394 ] } },
{ "type": "Feature", "properties": { "visible_points": 30, "total_points": 120, "visibility_pct": 25.0 }, "geometry": { "type": "Point", "coordinates": [ -2.957591004538617, 51.157000005986234 ] } },
{ "type": "Feature", "properties": { "visible_points": 0, "total_points": 120, "visibility_pct": 0.0 }, "geometry": { "type": "Point", "coordinates": [ -2.957392895190692, 51.15700162734025 ] } },
{ "type": "Feature", "properties": { "visible_points": 0, "total_points": 120, "visibility_pct": 0.0 }, "geometry": { "type": "Point", "coordinates": [ -2.957194785823899, 51.157003248358457 ] } },
{ "type": "Feature", "properties": { "visible_points": 13, "total_points": 120, "visibility_pct": 10.833333333333334 }, "geometry": { "type": "Point", "coordinates": [ -2.956996676438238, 51.157004869040811 ] } },
{ "type": "Feature", "properties": { "visible_points": 13, "total_points": 120, "visibility_pct": 10.833333333333334 }, "geometry": { "type": "Point", "coordinates": [ -2.95679856703372, 51.157006489387371 ] } },
{ "type": "Feature", "properties": { "visible_points": 0, "total_points": 120, "visibility_pct": 0.0 }, "geometry": { "type": "Point", "coordinates": [ -2.956600457610342, 51.15700810939807 ] } },
{ "type": "Feature", "properties": { "visible_points": 12, "total_points": 120, "visibility_pct": 10.0 }, "geometry": { "type": "Point", "coordinates": [ -2.956402348168108, 51.157009729072989 ] } },
{ "type": "Feature", "properties": { "visible_points": 11, "total_points": 120, "visibility_pct": 9.1666666666666661 }, "geometry": { "type": "Point", "coordinates": [ -2.956204238707031, 51.157011348412063 ] } },
{ "type": "Feature", "properties": { "visible_points": 6, "total_points": 120, "visibility_pct": 5.0 }, "geometry": { "type": "Point", "coordinates": [ -2.956006129227102, 51.157012967415312 ] } },
{ "type": "Feature", "properties": { "visible_points": 0, "total_points": 120, "visibility_pct": 0.0 }, "geometry": { "type": "Point", "coordinates": [ -2.955808019728336, 51.157014586082738 ] } },
{ "type": "Feature", "properties": { "visible_points": 0, "total_points": 120, "visibility_pct": 0.0 }, "geometry": { "type": "Point", "coordinates": [ -2.955609910210727, 51.157016204414333 ] } },
{ "type": "Feature", "properties": { "visible_points": 0, "total_points": 120, "visibility_pct": 0.0 }, "geometry": { "type": "Point", "coordinates": [ -2.955411800674291, 51.157017822410111 ] } },
{ "type": "Feature", "properties": { "visible_points": 0, "total_points": 120, "visibility_pct": 0.0 }, "geometry": { "type": "Point", "coordinates": [ -2.95521369111902, 51.157019440070059 ] } },
{ "type": "Feature", "properties": { "visible_points": 0, "total_points": 120, "visibility_pct": 0.0 }, "geometry": { "type": "Point", "coordinates": [ -2.955015581544926, 51.157021057394203 ] } },
{ "type": "Feature", "properties": { "visible_points": 0, "total_points": 120, "visibility_pct": 0.0 }, "geometry": { "type": "Point", "coordinates": [ -2.954817471952008, 51.15702267438251 ] } },
{ "type": "Feature", "properties": { "visible_points": 0, "total_points": 120, "visibility_pct": 0.0 }, "geometry": { "type": "Point", "coordinates": [ -2.954619362340278, 51.157024291034979 ] } },
{ "type": "Feature", "properties": { "visible_points": 19, "total_points": 120, "visibility_pct": 15.833333333333332 }, "geometry": { "type": "Point", "coordinates": [ -2.954421252709725, 51.157025907351631 ] } },
{ "type": "Feature", "properties": { "visible_points": 22, "total_points": 120, "visibility_pct": 18.333333333333332 }, "geometry": { "type": "Point", "coordinates": [ -2.954223143060368, 51.157027523332488 ] } },
{ "type": "Feature", "properties": { "visible_points": 26, "total_points": 120, "visibility_pct": 21.666666666666668 }, "geometry": { "type": "Point", "coordinates": [ -2.9540250333922, 51.157029138977478 ] } },
{ "type": "Feature", "properties": { "visible_points": 34, "total_points": 120, "visibility_pct": 28.333333333333332 }, "geometry": { "type": "Point", "coordinates": [ -2.953826923705234, 51.157030754286673 ] } },
{ "type": "Feature", "properties": { "visible_points": 40, "total_points": 120, "visibility_pct": 33.333333333333329 }, "geometry": { "type": "Point", "coordinates": [ -2.953628813999472, 51.157032369260037 ] } },
{ "type": "Feature", "properties": { "visible_points": 42, "total_points": 120, "visibility_pct": 35.0 }, "geometry": { "type": "Point", "coordinates": [ -2.95343070427491, 51.157033983897584 ] } },
{ "type": "Feature", "properties": { "visible_points": 43, "total_points": 120, "visibility_pct": 35.833333333333336 }, "geometry": { "type": "Point", "coordinates": [ -2.953232594531563, 51.157035598199286 ] } },
{ "type": "Feature", "properties": { "visible_points": 47, "total_points": 120, "visibility_pct": 39.166666666666664 }, "geometry": { "type": "Point", "coordinates": [ -2.953034484769427, 51.157037212165186 ] } },
{ "type": "Feature", "properties": { "visible_points": 47, "total_points": 120, "visibility_pct": 39.166666666666664 }, "geometry": { "type": "Point", "coordinates": [ -2.952836374988508, 51.157038825795254 ] } },
{ "type": "Feature", "properties": { "visible_points": 45, "total_points": 120, "visibility_pct": 37.5 }, "geometry": { "type": "Point", "coordinates": [ -2.952638265188809, 51.157040439089499 ] } },
{ "type": "Feature", "properties": { "visible_points": 41, "total_points": 120, "visibility_pct": 34.166666666666664 }, "geometry": { "type": "Point", "coordinates": [ -2.952440155370343, 51.15704205204792 ] } },
{ "type": "Feature", "properties": { "visible_points": 33, "total_points": 120, "visibility_pct": 27.5 }, "geometry": { "type": "Point", "coordinates": [ -2.952242045533097, 51.15704366467051 ] } },
{ "type": "Feature", "properties": { "visible_points": 43, "total_points": 120, "visibility_pct": 35.833333333333336 }, "geometry": { "type": "Point", "coordinates": [ -2.952043935677091, 51.157045276957284 ] } },
{ "type": "Feature", "properties": { "visible_points": 40, "total_points": 117, "visibility_pct": 34.188034188034187 }, "geometry": { "type": "Point", "coordinates": [ -2.951845825802319, 51.157046888908241 ] } },
{ "type": "Feature", "properties": { "visible_points": 38, "total_points": 112, "visibility_pct": 33.928571428571431 }, "geometry": { "type": "Point", "coordinates": [ -2.951647715908792, 51.157048500523366 ] } },
{ "type": "Feature", "properties": { "visible_points": 33, "total_points": 106, "visibility_pct": 31.132075471698112 }, "geometry": { "type": "Point", "coordinates": [ -2.951449605996507, 51.157050111802668 ] } },
{ "type": "Feature", "properties": { "visible_points": 17, "total_points": 94, "visibility_pct": 18.085106382978726 }, "geometry": { "type": "Point", "coordinates": [ -2.951251496123571, 51.157051722771548 ] } },
{ "type": "Feature", "properties": { "visible_points": 20, "total_points": 81, "visibility_pct": 24.691358024691358 }, "geometry": { "type": "Point", "coordinates": [ -2.95105338633454, 51.157053333483759 ] } },
{ "type": "Feature", "properties": { "visible_points": 12, "total_points": 69, "visibility_pct": 17.391304347826086 }, "geometry": { "type": "Point", "coordinates": [ -2.950855276556276, 51.157054943868516 ] } },
{ "type": "Feature", "properties": { "visible_points": 0, "total_points": 85, "visibility_pct": 0.0 }, "geometry": { "type": "Point", "coordinates": [ -2.960663942323364, 51.157082721913703 ] } },
{ "type": "Feature", "properties": { "visible_points": 0, "total_points": 95, "visibility_pct": 0.0 }, "geometry": { "type": "Point", "coordinates": [ -2.960465832790936, 51.157084348468302 ] } },
{ "type": "Feature", "properties": { "visible_points": 15, "total_points": 104, "visibility_pct": 14.423076923076922 }, "geometry": { "type": "Point", "coordinates": [ -2.960267723239576, 51.157085974687099 ] } },
{ "type": "Feature", "properties": { "visible_points": 34, "total_points": 112, "visibility_pct": 30.357142857142854 }, "geometry": { "type": "Point", "coordinates": [ -2.960069613669297, 51.157087600570073 ] } },
{ "type": "Feature", "properties": { "visible_points": 41, "total_points": 118, "visibility_pct": 34.745762711864408 }, "geometry": { "type": "Point", "coordinates": [ -2.959871504080086, 51.157089226117208 ] } },
{ "type": "Feature", "properties": { "visible_points": 47, "total_points": 120, "visibility_pct": 39.166666666666664 }, "geometry": { "type": "Point", "coordinates": [ -2.959673394471963, 51.157090851328519 ] } },
{ "type": "Feature", "properties": { "visible_points": 52, "total_points": 120, "visibility_pct": 43.333333333333336 }, "geometry": { "type": "Point", "coordinates": [ -2.959475284844924, 51.157092476204021 ] } },
{ "type": "Feature", "properties": { "visible_points": 51, "total_points": 120, "visibility_pct": 42.5 }, "geometry": { "type": "Point", "coordinates": [ -2.959277175198969, 51.15709410074367 ] } },
{ "type": "Feature", "properties": { "visible_points": 48, "total_points": 120, "visibility_pct": 40.0 }, "geometry": { "type": "Point", "coordinates": [ -2.959079065534114, 51.157095724947524 ] } },
{ "type": "Feature", "properties": { "visible_points": 41, "total_points": 120, "visibility_pct": 34.166666666666664 }, "geometry": { "type": "Point", "coordinates": [ -2.958880955850356, 51.157097348815533 ] } },
{ "type": "Feature", "properties": { "visible_points": 38, "total_points": 120, "visibility_pct": 31.666666666666664 }, "geometry": { "type": "Point", "coordinates": [ -2.958682846147689, 51.157098972347704 ] } },
{ "type": "Feature", "properties": { "visible_points": 55, "total_points": 120, "visibility_pct": 45.833333333333329 }, "geometry": { "type": "Point", "coordinates": [ -2.958484736426137, 51.157100595544073 ] } },
{ "type": "Feature", "properties": { "visible_points": 42, "total_points": 120, "visibility_pct": 35.0 }, "geometry": { "type": "Point", "coordinates": [ -2.958286626685693, 51.15710221840461 ] } },
{ "type": "Feature", "properties": { "visible_points": 33, "total_points": 120, "visibility_pct": 27.5 }, "geometry": { "type": "Point", "coordinates": [ -2.95808851692636, 51.157103840929317 ] } },
{ "type": "Feature", "properties": { "visible_points": 37, "total_points": 120, "visibility_pct": 30.833333333333336 }, "geometry": { "type": "Point", "coordinates": [ -2.957890407148139, 51.157105463118199 ] } },
{ "type": "Feature", "properties": { "visible_points": 29, "total_points": 120, "visibility_pct": 24.166666666666668 }, "geometry": { "type": "Point", "coordinates": [ -2.957692297351045, 51.157107084971258 ] } },
{ "type": "Feature", "properties": { "visible_points": 28, "total_points": 120, "visibility_pct": 23.333333333333332 }, "geometry": { "type": "Point", "coordinates": [ -2.957494187535073, 51.157108706488486 ] } },
{ "type": "Feature", "properties": { "visible_points": 19, "total_points": 120, "visibility_pct": 15.833333333333332 }, "geometry": { "type": "Point", "coordinates": [ -2.957296077700231, 51.157110327669898 ] } },
{ "type": "Feature", "properties": { "visible_points": 26, "total_points": 120, "visibility_pct": 21.666666666666668 }, "geometry": { "type": "Point", "coordinates": [ -2.957097967846522, 51.157111948515478 ] } },
{ "type": "Feature", "properties": { "visible_points": 21, "total_points": 120, "visibility_pct": 17.5 }, "geometry": { "type": "Point", "coordinates": [ -2.956899857973947, 51.157113569025242 ] } },
{ "type": "Feature", "properties": { "visible_points": 0, "total_points": 120, "visibility_pct": 0.0 }, "geometry": { "type": "Point", "coordinates": [ -2.956701748082513, 51.15711518919916 ] } },
{ "type": "Feature", "properties": { "visible_points": 11, "total_points": 120, "visibility_pct": 9.1666666666666661 }, "geometry": { "type": "Point", "coordinates": [ -2.956503638172224, 51.157116809037277 ] } },
{ "type": "Feature", "properties": { "visible_points": 16, "total_points": 120, "visibility_pct": 13.333333333333334 }, "geometry": { "type": "Point", "coordinates": [ -2.956305528243085, 51.157118428539547 ] } },
{ "type": "Feature", "properties": { "visible_points": 15, "total_points": 120, "visibility_pct": 12.5 }, "geometry": { "type": "Point", "coordinates": [ -2.956107418295093, 51.157120047706002 ] } },
{ "type": "Feature", "properties": { "visible_points": 10, "total_points": 120, "visibility_pct": 8.3333333333333321 }, "geometry": { "type": "Point", "coordinates": [ -2.955909308328262, 51.157121666536632 ] } },
{ "type": "Feature", "properties": { "visible_points": 0, "total_points": 120, "visibility_pct": 0.0 }, "geometry": { "type": "Point", "coordinates": [ -2.955711198342594, 51.157123285031446 ] } },
{ "type": "Feature", "properties": { "visible_points": 0, "total_points": 120, "visibility_pct": 0.0 }, "geometry": { "type": "Point", "coordinates": [ -2.955513088338084, 51.157124903190422 ] } },
{ "type": "Feature", "properties": { "visible_points": 0, "total_points": 120, "visibility_pct": 0.0 }, "geometry": { "type": "Point", "coordinates": [ -2.955314978314742, 51.157126521013573 ] } },
{ "type": "Feature", "properties": { "visible_points": 0, "total_points": 120, "visibility_pct": 0.0 }, "geometry": { "type": "Point", "coordinates": [ -2.955116868272578, 51.157128138500887 ] } },
{ "type": "Feature", "properties": { "visible_points": 0, "total_points": 120, "visibility_pct": 0.0 }, "geometry": { "type": "Point", "coordinates": [ -2.954918758211585, 51.157129755652399 ] } },
{ "type": "Feature", "properties": { "visible_points": 0, "total_points": 120, "visibility_pct": 0.0 }, "geometry": { "type": "Point", "coordinates": [ -2.954720648131773, 51.157131372468086 ] } },
{ "type": "Feature", "properties": { "visible_points": 25, "total_points": 120, "visibility_pct": 20.833333333333336 }, "geometry": { "type": "Point", "coordinates": [ -2.954522538033145, 51.157132988947922 ] } },
{ "type": "Feature", "properties": { "visible_points": 29, "total_points": 120, "visibility_pct": 24.166666666666668 }, "geometry": { "type": "Point", "coordinates": [ -2.954324427915711, 51.157134605091962 ] } },
{ "type": "Feature", "properties": { "visible_points": 31, "total_points": 120, "visibility_pct": 25.833333333333336 }, "geometry": { "type": "Point", "coordinates": [ -2.954126317779458, 51.157136220900149 ] } },
{ "type": "Feature", "properties": { "visible_points": 37, "total_points": 120, "visibility_pct": 30.833333333333336 }, "geometry": { "type": "Point", "coordinates": [ -2.953928207624408, 51.157137836372534 ] } },
{ "type": "Feature", "properties": { "visible_points": 45, "total_points": 120, "visibility_pct": 37.5 }, "geometry": { "type": "Point", "coordinates": [ -2.953730097450554, 51.157139451509089 ] } },
{ "type": "Feature", "properties": { "visible_points": 48, "total_points": 120, "visibility_pct": 40.0 }, "geometry": { "type": "Point", "coordinates": [ -2.953531987257905, 51.157141066309826 ] } },
{ "type": "Feature", "properties": { "visible_points": 43, "total_points": 120, "visibility_pct": 35.833333333333336 }, "geometry": { "type": "Point", "coordinates": [ -2.953333877046464, 51.157142680774719 ] } },
{ "type": "Feature", "properties": { "visible_points": 46, "total_points": 120, "visibility_pct": 38.333333333333336 }, "geometry": { "type": "Point", "coordinates": [ -2.953135766816235, 51.157144294903794 ] } },
{ "type": "Feature", "properties": { "visible_points": 49, "total_points": 120, "visibility_pct": 40.833333333333336 }, "geometry": { "type": "Point", "coordinates": [ -2.952937656567221, 51.157145908697046 ] } },
{ "type": "Feature", "properties": { "visible_points": 44, "total_points": 120, "visibility_pct": 36.666666666666664 }, "geometry": { "type": "Point", "coordinates": [ -2.952739546299425, 51.157147522154474 ] } },
{ "type": "Feature", "properties": { "visible_points": 36, "total_points": 120, "visibility_pct": 30.0 }, "geometry": { "type": "Point", "coordinates": [ -2.952541436012855, 51.157149135276079 ] } },
{ "type": "Feature", "properties": { "visible_points": 40, "total_points": 120, "visibility_pct": 33.333333333333329 }, "geometry": { "type": "Point", "coordinates": [ -2.952343325707509, 51.157150748061859 ] } },
{ "type": "Feature", "properties": { "visible_points": 44, "total_points": 119, "visibility_pct": 36.97478991596639 }, "geometry": { "type": "Point", "coordinates": [ -2.952145215383402, 51.157152360511823 ] } },
{ "type": "Feature", "properties": { "visible_points": 53, "total_points": 115, "visibility_pct": 46.086956521739133 }, "geometry": { "type": "Point", "coordinates": [ -2.951947105040519, 51.157153972625935 ] } },
{ "type": "Feature", "properties": { "visible_points": 48, "total_points": 109, "visibility_pct": 44.036697247706428 }, "geometry": { "type": "Point", "coordinates": [ -2.951748994678883, 51.157155584404244 ] } },
{ "type": "Feature", "properties": { "visible_points": 42, "total_points": 103, "visibility_pct": 40.776699029126213 }, "geometry": { "type": "Point", "coordinates": [ -2.951550884298487, 51.157157195846708 ] } },
{ "type": "Feature", "properties": { "visible_points": 28, "total_points": 95, "visibility_pct": 29.473684210526311 }, "geometry": { "type": "Point", "coordinates": [ -2.951352773909323, 51.15715880695636 ] } },
{ "type": "Feature", "properties": { "visible_points": 20, "total_points": 83, "visibility_pct": 24.096385542168676 }, "geometry": { "type": "Point", "coordinates": [ -2.951154663590191, 51.157160417787708 ] } },
{ "type": "Feature", "properties": { "visible_points": 3, "total_points": 71, "visibility_pct": 4.225352112676056 }, "geometry": { "type": "Point", "coordinates": [ -2.950956553324026, 51.157162028322212 ] } },
{ "type": "Feature", "properties": { "visible_points": 0, "total_points": 86, "visibility_pct": 0.0 }, "geometry": { "type": "Point", "coordinates": [ -2.96076524264317, 51.157189798369252 ] } },
{ "type": "Feature", "properties": { "visible_points": 3, "total_points": 96, "visibility_pct": 3.125 }, "geometry": { "type": "Point", "coordinates": [ -2.960567132642728, 51.157191425087106 ] } },
{ "type": "Feature", "properties": { "visible_points": 2, "total_points": 105, "visibility_pct": 1.9047619047619049 }, "geometry": { "type": "Point", "coordinates": [ -2.960369022623352, 51.157193051469122 ] } },
{ "type": "Feature", "properties": { "visible_points": 41, "total_points": 113, "visibility_pct": 36.283185840707965 }, "geometry": { "type": "Point", "coordinates": [ -2.960170912585047, 51.157194677515349 ] } },
{ "type": "Feature", "properties": { "visible_points": 45, "total_points": 119, "visibility_pct": 37.815126050420169 }, "geometry": { "type": "Point", "coordinates": [ -2.959972802527817, 51.157196303225696 ] } },
{ "type": "Feature", "properties": { "visible_points": 49, "total_points": 120, "visibility_pct": 40.833333333333336 }, "geometry": { "type": "Point", "coordinates": [ -2.959774692451664, 51.157197928600247 ] } },
{ "type": "Feature", "properties": { "visible_points": 52, "total_points": 120, "visibility_pct": 43.333333333333336 }, "geometry": { "type": "Point", "coordinates": [ -2.9595765823566, 51.157199553638961 ] } },
{ "type": "Feature", "properties": { "visible_points": 52, "total_points": 120, "visibility_pct": 43.333333333333336 }, "geometry": { "type": "Point", "coordinates": [ -2.959378472242619, 51.157201178341857 ] } },
{ "type": "Feature", "properties": { "visible_points": 51, "total_points": 120, "visibility_pct": 42.5 }, "geometry": { "type": "Point", "coordinates": [ -2.959180362109728, 51.157202802708909 ] } },
{ "type": "Feature", "properties": { "visible_points": 51, "total_points": 120, "visibility_pct": 42.5 }, "geometry": { "type": "Point", "coordinates": [ -2.958982251957933, 51.157204426740165 ] } },
{ "type": "Feature", "properties": { "visible_points": 46, "total_points": 120, "visibility_pct": 38.333333333333336 }, "geometry": { "type": "Point", "coordinates": [ -2.958784141787238, 51.157206050435562 ] } },
{ "type": "Feature", "properties": { "visible_points": 51, "total_points": 120, "visibility_pct": 42.5 }, "geometry": { "type": "Point", "coordinates": [ -2.958586031597646, 51.157207673795149 ] } },
{ "type": "Feature", "properties": { "visible_points": 44, "total_points": 120, "visibility_pct": 36.666666666666664 }, "geometry": { "type": "Point", "coordinates": [ -2.958387921389158, 51.157209296818905 ] } },
{ "type": "Feature", "properties": { "visible_points": 35, "total_points": 120, "visibility_pct": 29.166666666666668 }, "geometry": { "type": "Point", "coordinates": [ -2.958189811161781, 51.157210919506824 ] } },
{ "type": "Feature", "properties": { "visible_points": 23, "total_points": 120, "visibility_pct": 19.166666666666668 }, "geometry": { "type": "Point", "coordinates": [ -2.957991700915521, 51.157212541858939 ] } },
{ "type": "Feature", "properties": { "visible_points": 27, "total_points": 120, "visibility_pct": 22.5 }, "geometry": { "type": "Point", "coordinates": [ -2.957793590650375, 51.157214163875189 ] } },
{ "type": "Feature", "properties": { "visible_points": 26, "total_points": 120, "visibility_pct": 21.666666666666668 }, "geometry": { "type": "Point", "coordinates": [ -2.95759548036636, 51.157215785555657 ] } },
{ "type": "Feature", "properties": { "visible_points": 33, "total_points": 120, "visibility_pct": 27.5 }, "geometry": { "type": "Point", "coordinates": [ -2.957397370063464, 51.15721740690028 ] } },
{ "type": "Feature", "properties": { "visible_points": 23, "total_points": 120, "visibility_pct": 19.166666666666668 }, "geometry": { "type": "Point", "coordinates": [ -2.957199259741701, 51.157219027909065 ] } },
{ "type": "Feature", "properties": { "visible_points": 26, "total_points": 120, "visibility_pct": 21.666666666666668 }, "geometry": { "type": "Point", "coordinates": [ -2.957001149401071, 51.15722064858204 ] } },
{ "type": "Feature", "properties": { "visible_points": 22, "total_points": 120, "visibility_pct": 18.333333333333332 }, "geometry": { "type": "Point", "coordinates": [ -2.956803039041582, 51.15722226891917 ] } },
{ "type": "Feature", "properties": { "visible_points": 20, "total_points": 120, "visibility_pct": 16.666666666666664 }, "geometry": { "type": "Point", "coordinates": [ -2.956604928663233, 51.157223888920484 ] } },
{ "type": "Feature", "properties": { "visible_points": 14, "total_points": 120, "visibility_pct": 11.666666666666666 }, "geometry": { "type": "Point", "coordinates": [ -2.956406818266033, 51.157225508585974 ] } },
{ "type": "Feature", "properties": { "visible_points": 16, "total_points": 120, "visibility_pct": 13.333333333333334 }, "geometry": { "type": "Point", "coordinates": [ -2.956208707849978, 51.15722712791564 ] } },
{ "type": "Feature", "properties": { "visible_points": 18, "total_points": 120, "visibility_pct": 15.0 }, "geometry": { "type": "Point", "coordinates": [ -2.956010597415083, 51.157228746909475 ] } },
{ "type": "Feature", "properties": { "visible_points": 9, "total_points": 120, "visibility_pct": 7.5 }, "geometry": { "type": "Point", "coordinates": [ -2.955812486961342, 51.157230365567465 ] } },
{ "type": "Feature", "properties": { "visible_points": 0, "total_points": 120, "visibility_pct": 0.0 }, "geometry": { "type": "Point", "coordinates": [ -2.955614376488764, 51.157231983889659 ] } },
{ "type": "Feature", "properties": { "visible_points": 0, "total_points": 120, "visibility_pct": 0.0 }, "geometry": { "type": "Point", "coordinates": [ -2.955416265997349, 51.157233601876015 ] } },
{ "type": "Feature", "properties": { "visible_points": 0, "total_points": 120, "visibility_pct": 0.0 }, "geometry": { "type": "Point", "coordinates": [ -2.955218155487112, 51.157235219526534 ] } },
{ "type": "Feature", "properties": { "visible_points": 0, "total_points": 120, "visibility_pct": 0.0 }, "geometry": { "type": "Point", "coordinates": [ -2.955020044958044, 51.15723683684125 ] } },
{ "type": "Feature", "properties": { "visible_points": 0, "total_points": 120, "visibility_pct": 0.0 }, "geometry": { "type": "Point", "coordinates": [ -2.954821934410154, 51.157238453820121 ] } },
{ "type": "Feature", "properties": { "visible_points": 12, "total_points": 120, "visibility_pct": 10.0 }, "geometry": { "type": "Point", "coordinates": [ -2.954623823843444, 51.157240070463168 ] } },
{ "type": "Feature", "properties": { "visible_points": 27, "total_points": 120, "visibility_pct": 22.5 }, "geometry": { "type": "Point", "coordinates": [ -2.954425713257922, 51.157241686770384 ] } },
{ "type": "Feature", "properties": { "visible_points": 33, "total_points": 120, "visibility_pct": 27.5 }, "geometry": { "type": "Point", "coordinates": [ -2.954227602653591, 51.157243302741783 ] } },
{ "type": "Feature", "properties": { "visible_points": 41, "total_points": 120, "visibility_pct": 34.166666666666664 }, "geometry": { "type": "Point", "coordinates": [ -2.954029492030448, 51.157244918377351 ] } },
{ "type": "Feature", "properties": { "visible_points": 43, "total_points": 120, "visibility_pct": 35.833333333333336 }, "geometry": { "type": "Point", "coordinates": [ -2.95383138138851, 51.157246533677096 ] } },
{ "type": "Feature", "properties": { "visible_points": 52, "total_points": 120, "visibility_pct": 43.333333333333336 }, "geometry": { "type": "Point", "coordinates": [ -2.953633270727767, 51.157248148641017 ] } },
{ "type": "Feature", "properties": { "visible_points": 57, "total_points": 120, "visibility_pct": 47.5 }, "geometry": { "type": "Point", "coordinates": [ -2.953435160048232, 51.157249763269085 ] } },
{ "type": "Feature", "properties": { "visible_points": 57, "total_points": 120, "visibility_pct": 47.5 }, "geometry": { "type": "Point", "coordinates": [ -2.953237049349911, 51.157251377561373 ] } },
{ "type": "Feature", "properties": { "visible_points": 57, "total_points": 120, "visibility_pct": 47.5 }, "geometry": { "type": "Point", "coordinates": [ -2.953038938632798, 51.157252991517808 ] } },
{ "type": "Feature", "properties": { "visible_points": 55, "total_points": 120, "visibility_pct": 45.833333333333329 }, "geometry": { "type": "Point", "coordinates": [ -2.952840827896898, 51.157254605138412 ] } },
{ "type": "Feature", "properties": { "visible_points": 46, "total_points": 120, "visibility_pct": 38.333333333333336 }, "geometry": { "type": "Point", "coordinates": [ -2.95264271714223, 51.157256218423186 ] } },
{ "type": "Feature", "properties": { "visible_points": 47, "total_points": 120, "visibility_pct": 39.166666666666664 }, "geometry": { "type": "Point", "coordinates": [ -2.95244460636878, 51.157257831372156 ] } },
{ "type": "Feature", "properties": { "visible_points": 38, "total_points": 117, "visibility_pct": 32.478632478632477 }, "geometry": { "type": "Point", "coordinates": [ -2.952246495576565, 51.157259443985296 ] } },
{ "type": "Feature", "properties": { "visible_points": 35, "total_points": 112, "visibility_pct": 31.25 }, "geometry": { "type": "Point", "coordinates": [ -2.952048384765576, 51.157261056262591 ] } },
{ "type": "Feature", "properties": { "visible_points": 30, "total_points": 106, "visibility_pct": 28.30188679245283 }, "geometry": { "type": "Point", "coordinates": [ -2.951850273935829, 51.157262668204062 ] } },
{ "type": "Feature", "properties": { "visible_points": 27, "total_points": 99, "visibility_pct": 27.27272727272727 }, "geometry": { "type": "Point", "coordinates": [ -2.951652163087321, 51.157264279809738 ] } },
{ "type": "Feature", "properties": { "visible_points": 19, "total_points": 91, "visibility_pct": 20.87912087912088 }, "geometry": { "type": "Point", "coordinates": [ -2.951454052220059, 51.157265891079554 ] } },
{ "type": "Feature", "properties": { "visible_points": 19, "total_points": 83, "visibility_pct": 22.891566265060241 }, "geometry": { "type": "Point", "coordinates": [ -2.95125594137821, 51.157267502031452 ] } },
{ "type": "Feature", "properties": { "visible_points": 0, "total_points": 86, "visibility_pct": 0.0 }, "geometry": { "type": "Point", "coordinates": [ -2.960866543449918, 51.157296874743722 ] } },
{ "type": "Feature", "properties": { "visible_points": 3, "total_points": 97, "visibility_pct": 3.0927835051546393 }, "geometry": { "type": "Point", "coordinates": [ -2.96066843298145, 51.157298501624801 ] } },
{ "type": "Feature", "properties": { "visible_points": 24, "total_points": 106, "visibility_pct": 22.641509433962266 }, "geometry": { "type": "Point", "coordinates": [ -2.960470322494057, 51.157300128170071 ] } },
{ "type": "Feature", "properties": { "visible_points": 43, "total_points": 114, "visibility_pct": 37.719298245614034 }, "geometry": { "type": "Point", "coordinates": [ -2.960272211987729, 51.157301754379503 ] } },
{ "type": "Feature", "properties": { "visible_points": 42, "total_points": 120, "visibility_pct": 35.0 }, "geometry": { "type": "Point", "coordinates": [ -2.960074101462475, 51.157303380253097 ] } },
{ "type": "Feature", "properties": { "visible_points": 41, "total_points": 120, "visibility_pct": 34.166666666666664 }, "geometry": { "type": "Point", "coordinates": [ -2.959875990918294, 51.157305005790882 ] } },
{ "type": "Feature", "properties": { "visible_points": 49, "total_points": 120, "visibility_pct": 40.833333333333336 }, "geometry": { "type": "Point", "coordinates": [ -2.959677880355202, 51.157306630992821 ] } },
{ "type": "Feature", "properties": { "visible_points": 52, "total_points": 120, "visibility_pct": 43.333333333333336 }, "geometry": { "type": "Point", "coordinates": [ -2.959479769773186, 51.15730825585895 ] } },
{ "type": "Feature", "properties": { "visible_points": 49, "total_points": 120, "visibility_pct": 40.833333333333336 }, "geometry": { "type": "Point", "coordinates": [ -2.959281659172265, 51.157309880389235 ] } },
{ "type": "Feature", "properties": { "visible_points": 54, "total_points": 120, "visibility_pct": 45.0 }, "geometry": { "type": "Point", "coordinates": [ -2.959083548552433, 51.157311504583696 ] } },
{ "type": "Feature", "properties": { "visible_points": 49, "total_points": 120, "visibility_pct": 40.833333333333336 }, "geometry": { "type": "Point", "coordinates": [ -2.9588854379137, 51.157313128442333 ] } },
{ "type": "Feature", "properties": { "visible_points": 38, "total_points": 120, "visibility_pct": 31.666666666666664 }, "geometry": { "type": "Point", "coordinates": [ -2.958687327256068, 51.157314751965131 ] } },
{ "type": "Feature", "properties": { "visible_points": 54, "total_points": 120, "visibility_pct": 45.0 }, "geometry": { "type": "Point", "coordinates": [ -2.958489216579536, 51.157316375152107 ] } },
{ "type": "Feature", "properties": { "visible_points": 40, "total_points": 120, "visibility_pct": 33.333333333333329 }, "geometry": { "type": "Point", "coordinates": [ -2.958291105884117, 51.157317998003265 ] } },
{ "type": "Feature", "properties": { "visible_points": 9, "total_points": 120, "visibility_pct": 7.5 }, "geometry": { "type": "Point", "coordinates": [ -2.958092995169813, 51.157319620518592 ] } },
{ "type": "Feature", "properties": { "visible_points": 0, "total_points": 120, "visibility_pct": 0.0 }, "geometry": { "type": "Point", "coordinates": [ -2.95789488443662, 51.157321242698067 ] } },
{ "type": "Feature", "properties": { "visible_points": 30, "total_points": 120, "visibility_pct": 25.0 }, "geometry": { "type": "Point", "coordinates": [ -2.957696773684548, 51.15732286454174 ] } },
{ "type": "Feature", "properties": { "visible_points": 37, "total_points": 120, "visibility_pct": 30.833333333333336 }, "geometry": { "type": "Point", "coordinates": [ -2.957498662913604, 51.157324486049568 ] } },
{ "type": "Feature", "properties": { "visible_points": 32, "total_points": 120, "visibility_pct": 26.666666666666668 }, "geometry": { "type": "Point", "coordinates": [ -2.957300552123784, 51.157326107221579 ] } },
{ "type": "Feature", "properties": { "visible_points": 30, "total_points": 120, "visibility_pct": 25.0 }, "geometry": { "type": "Point", "coordinates": [ -2.957102441315099, 51.157327728057766 ] } },
{ "type": "Feature", "properties": { "visible_points": 26, "total_points": 120, "visibility_pct": 21.666666666666668 }, "geometry": { "type": "Point", "coordinates": [ -2.95690433048755, 51.157329348558115 ] } },
{ "type": "Feature", "properties": { "visible_points": 24, "total_points": 120, "visibility_pct": 20.0 }, "geometry": { "type": "Point", "coordinates": [ -2.956706219641138, 51.15733096872264 ] } },
{ "type": "Feature", "properties": { "visible_points": 23, "total_points": 120, "visibility_pct": 19.166666666666668 }, "geometry": { "type": "Point", "coordinates": [ -2.956508108775875, 51.157332588551334 ] } },
{ "type": "Feature", "properties": { "visible_points": 19, "total_points": 120, "visibility_pct": 15.833333333333332 }, "geometry": { "type": "Point", "coordinates": [ -2.956309997891755, 51.157334208044198 ] } },
{ "type": "Feature", "properties": { "visible_points": 17, "total_points": 120, "visibility_pct": 14.166666666666666 }, "geometry": { "type": "Point", "coordinates": [ -2.956111886988794, 51.15733582720123 ] } },
{ "type": "Feature", "properties": { "visible_points": 15, "total_points": 120, "visibility_pct": 12.5 }, "geometry": { "type": "Point", "coordinates": [ -2.955913776066983, 51.157337446022467 ] } },
{ "type": "Feature", "properties": { "visible_points": 14, "total_points": 120, "visibility_pct": 11.666666666666666 }, "geometry": { "type": "Point", "coordinates": [ -2.955715665126333, 51.157339064507831 ] } },
{ "type": "Feature", "properties": { "visible_points": 0, "total_points": 120, "visibility_pct": 0.0 }, "geometry": { "type": "Point", "coordinates": [ -2.955517554166847, 51.157340682657392 ] } },
{ "type": "Feature", "properties": { "visible_points": 0, "total_points": 120, "visibility_pct": 0.0 }, "geometry": { "type": "Point", "coordinates": [ -2.955319443188528, 51.157342300471122 ] } },
{ "type": "Feature", "properties": { "visible_points": 0, "total_points": 120, "visibility_pct": 0.0 }, "geometry": { "type": "Point", "coordinates": [ -2.955121332191385, 51.157343917949014 ] } },
{ "type": "Feature", "properties": { "visible_points": 0, "total_points": 120, "visibility_pct": 0.0 }, "geometry": { "type": "Point", "coordinates": [ -2.954923221175411, 51.157345535091089 ] } },
{ "type": "Feature", "properties": { "visible_points": 0, "total_points": 120, "visibility_pct": 0.0 }, "geometry": { "type": "Point", "coordinates": [ -2.954725110140622, 51.157347151897334 ] } },
{ "type": "Feature", "properties": { "visible_points": 14, "total_points": 120, "visibility_pct": 11.666666666666666 }, "geometry": { "type": "Point", "coordinates": [ -2.954526999087017, 51.157348768367754 ] } },
{ "type": "Feature", "properties": { "visible_points": 27, "total_points": 120, "visibility_pct": 22.5 }, "geometry": { "type": "Point", "coordinates": [ -2.954328888014595, 51.157350384502344 ] } },
{ "type": "Feature", "properties": { "visible_points": 38, "total_points": 120, "visibility_pct": 31.666666666666664 }, "geometry": { "type": "Point", "coordinates": [ -2.954130776923369, 51.15735200030111 ] } },
{ "type": "Feature", "properties": { "visible_points": 50, "total_points": 120, "visibility_pct": 41.666666666666671 }, "geometry": { "type": "Point", "coordinates": [ -2.953932665813333, 51.157353615764045 ] } },
{ "type": "Feature", "properties": { "visible_points": 56, "total_points": 120, "visibility_pct": 46.666666666666664 }, "geometry": { "type": "Point", "coordinates": [ -2.953734554684502, 51.157355230891135 ] } },
{ "type": "Feature", "properties": { "visible_points": 63, "total_points": 120, "visibility_pct": 52.5 }, "geometry": { "type": "Point", "coordinates": [ -2.953536443536868, 51.157356845682429 ] } },
{ "type": "Feature", "properties": { "visible_points": 59, "total_points": 120, "visibility_pct": 49.166666666666664 }, "geometry": { "type": "Point", "coordinates": [ -2.953338332370452, 51.157358460137893 ] } },
{ "type": "Feature", "properties": { "visible_points": 61, "total_points": 120, "visibility_pct": 50.833333333333329 }, "geometry": { "type": "Point", "coordinates": [ -2.953140221185238, 51.157360074257504 ] } },
{ "type": "Feature", "properties": { "visible_points": 58, "total_points": 120, "visibility_pct": 48.333333333333336 }, "geometry": { "type": "Point", "coordinates": [ -2.952942109981241, 51.157361688041298 ] } },
{ "type": "Feature", "properties": { "visible_points": 49, "total_points": 120, "visibility_pct": 40.833333333333336 }, "geometry": { "type": "Point", "coordinates": [ -2.952743998758463, 51.157363301489269 ] } },
{ "type": "Feature", "properties": { "visible_points": 49, "total_points": 119, "visibility_pct": 41.17647058823529 }, "geometry": { "type": "Point", "coordinates": [ -2.952545887516912, 51.157364914601416 ] } },
{ "type": "Feature", "properties": { "visible_points": 42, "total_points": 115, "visibility_pct": 36.521739130434781 }, "geometry": { "type": "Point", "coordinates": [ -2.952347776256585, 51.157366527377718 ] } },
{ "type": "Feature", "properties": { "visible_points": 34, "total_points": 109, "visibility_pct": 31.192660550458719 }, "geometry": { "type": "Point", "coordinates": [ -2.952149664977488, 51.15736813981821 ] } },
{ "type": "Feature", "properties": { "visible_points": 28, "total_points": 103, "visibility_pct": 27.184466019417474 }, "geometry": { "type": "Point", "coordinates": [ -2.951951553679629, 51.157369751922879 ] } },
{ "type": "Feature", "properties": { "visible_points": 22, "total_points": 95, "visibility_pct": 23.157894736842106 }, "geometry": { "type": "Point", "coordinates": [ -2.951753442363005, 51.157371363691702 ] } },
{ "type": "Feature", "properties": { "visible_points": 15, "total_points": 87, "visibility_pct": 17.241379310344829 }, "geometry": { "type": "Point", "coordinates": [ -2.951555331027626, 51.157372975124701 ] } },
{ "type": "Feature", "properties": { "visible_points": 9, "total_points": 79, "visibility_pct": 11.39240506329114 }, "geometry": { "type": "Point", "coordinates": [ -2.951357219679852, 51.157374586223703 ] } },
{ "type": "Feature", "properties": { "visible_points": 0, "total_points": 86, "visibility_pct": 0.0 }, "geometry": { "type": "Point", "coordinates": [ -2.960967844743598, 51.157403951037089 ] } },
{ "type": "Feature", "properties": { "visible_points": 9, "total_points": 97, "visibility_pct": 9.2783505154639183 }, "geometry": { "type": "Point", "coordinates": [ -2.960769733807117, 51.157405578081409 ] } },
{ "type": "Feature", "properties": { "visible_points": 19, "total_points": 107, "visibility_pct": 17.75700934579439 }, "geometry": { "type": "Point", "coordinates": [ -2.960571622851697, 51.157407204789912 ] } },
{ "type": "Feature", "properties": { "visible_points": 44, "total_points": 115, "visibility_pct": 38.260869565217391 }, "geometry": { "type": "Point", "coordinates": [ -2.960373511877345, 51.157408831162577 ] } },
{ "type": "Feature", "properties": { "visible_points": 45, "total_points": 120, "visibility_pct": 37.5 }, "geometry": { "type": "Point", "coordinates": [ -2.960175400884066, 51.157410457199425 ] } },
{ "type": "Feature", "properties": { "visible_points": 45, "total_points": 120, "visibility_pct": 37.5 }, "geometry": { "type": "Point", "coordinates": [ -2.959977289871858, 51.157412082900429 ] } },
{ "type": "Feature", "properties": { "visible_points": 48, "total_points": 120, "visibility_pct": 40.0 }, "geometry": { "type": "Point", "coordinates": [ -2.959779178840728, 51.157413708265608 ] } },
{ "type": "Feature", "properties": { "visible_points": 43, "total_points": 120, "visibility_pct": 35.833333333333336 }, "geometry": { "type": "Point", "coordinates": [ -2.959581067790684, 51.157415333294942 ] } },
{ "type": "Feature", "properties": { "visible_points": 46, "total_points": 120, "visibility_pct": 38.333333333333336 }, "geometry": { "type": "Point", "coordinates": [ -2.959382956721725, 51.157416957988467 ] } },
{ "type": "Feature", "properties": { "visible_points": 43, "total_points": 120, "visibility_pct": 35.833333333333336 }, "geometry": { "type": "Point", "coordinates": [ -2.959184845633859, 51.157418582346146 ] } },
{ "type": "Feature", "properties": { "visible_points": 48, "total_points": 120, "visibility_pct": 40.0 }, "geometry": { "type": "Point", "coordinates": [ -2.958986734527084, 51.157420206368009 ] } },
{ "type": "Feature", "properties": { "visible_points": 47, "total_points": 120, "visibility_pct": 39.166666666666664 }, "geometry": { "type": "Point", "coordinates": [ -2.95878862340141, 51.157421830054048 ] } },
{ "type": "Feature", "properties": { "visible_points": 30, "total_points": 119, "visibility_pct": 25.210084033613445 }, "geometry": { "type": "Point", "coordinates": [ -2.958590512256836, 51.157423453404249 ] } },
{ "type": "Feature", "properties": { "visible_points": 47, "total_points": 119, "visibility_pct": 39.495798319327733 }, "geometry": { "type": "Point", "coordinates": [ -2.958392401093373, 51.157425076418626 ] } },
{ "type": "Feature", "properties": { "visible_points": 20, "total_points": 119, "visibility_pct": 16.806722689075631 }, "geometry": { "type": "Point", "coordinates": [ -2.957996178709775, 51.157428321439866 ] } },
{ "type": "Feature", "properties": { "visible_points": 20, "total_points": 119, "visibility_pct": 16.806722689075631 }, "geometry": { "type": "Point", "coordinates": [ -2.957798067489651, 51.157429943446751 ] } },
{ "type": "Feature", "properties": { "visible_points": 35, "total_points": 120, "visibility_pct": 29.166666666666668 }, "geometry": { "type": "Point", "coordinates": [ -2.957599956250652, 51.157431565117811 ] } },
{ "type": "Feature", "properties": { "visible_points": 29, "total_points": 120, "visibility_pct": 24.166666666666668 }, "geometry": { "type": "Point", "coordinates": [ -2.957401844992777, 51.157433186453027 ] } },
{ "type": "Feature", "properties": { "visible_points": 29, "total_points": 120, "visibility_pct": 24.166666666666668 }, "geometry": { "type": "Point", "coordinates": [ -2.95720373371603, 51.157434807452411 ] } },
{ "type": "Feature", "properties": { "visible_points": 26, "total_points": 120, "visibility_pct": 21.666666666666668 }, "geometry": { "type": "Point", "coordinates": [ -2.957005622420422, 51.157436428115979 ] } },
{ "type": "Feature", "properties": { "visible_points": 19, "total_points": 120, "visibility_pct": 15.833333333333332 }, "geometry": { "type": "Point", "coordinates": [ -2.956807511105949, 51.157438048443716 ] } },
{ "type": "Feature", "properties": { "visible_points": 20, "total_points": 120, "visibility_pct": 16.666666666666664 }, "geometry": { "type": "Point", "coordinates": [ -2.956609399772618, 51.157439668435629 ] } },
{ "type": "Feature", "properties": { "visible_points": 15, "total_points": 120, "visibility_pct": 12.5 }, "geometry": { "type": "Point", "coordinates": [ -2.956411288420433, 51.157441288091697 ] } },
{ "type": "Feature", "properties": { "visible_points": 12, "total_points": 120, "visibility_pct": 10.0 }, "geometry": { "type": "Point", "coordinates": [ -2.956213177049403, 51.157442907411948 ] } },
{ "type": "Feature", "properties": { "visible_points": 14, "total_points": 120, "visibility_pct": 11.666666666666666 }, "geometry": { "type": "Point", "coordinates": [ -2.956015065659516, 51.157444526396368 ] } },
{ "type": "Feature", "properties": { "visible_points": 9, "total_points": 120, "visibility_pct": 7.5 }, "geometry": { "type": "Point", "coordinates": [ -2.955816954250796, 51.15744614504495 ] } },
{ "type": "Feature", "properties": { "visible_points": 7, "total_points": 120, "visibility_pct": 5.833333333333333 }, "geometry": { "type": "Point", "coordinates": [ -2.955618842823234, 51.157447763357702 ] } },
{ "type": "Feature", "properties": { "visible_points": 0, "total_points": 120, "visibility_pct": 0.0 }, "geometry": { "type": "Point", "coordinates": [ -2.955420731376837, 51.157449381334644 ] } },
{ "type": "Feature", "properties": { "visible_points": 0, "total_points": 120, "visibility_pct": 0.0 }, "geometry": { "type": "Point", "coordinates": [ -2.955222619911614, 51.15745099897574 ] } },
{ "type": "Feature", "properties": { "visible_points": 3, "total_points": 120, "visibility_pct": 2.5 }, "geometry": { "type": "Point", "coordinates": [ -2.955024508427558, 51.15745261628102 ] } },
{ "type": "Feature", "properties": { "visible_points": 0, "total_points": 120, "visibility_pct": 0.0 }, "geometry": { "type": "Point", "coordinates": [ -2.954826396924687, 51.157454233250462 ] } },
{ "type": "Feature", "properties": { "visible_points": 0, "total_points": 120, "visibility_pct": 0.0 }, "geometry": { "type": "Point", "coordinates": [ -2.954628285402988, 51.157455849884073 ] } },
{ "type": "Feature", "properties": { "visible_points": 18, "total_points": 120, "visibility_pct": 15.0 }, "geometry": { "type": "Point", "coordinates": [ -2.954430173862483, 51.157457466181846 ] } },
{ "type": "Feature", "properties": { "visible_points": 27, "total_points": 120, "visibility_pct": 22.5 }, "geometry": { "type": "Point", "coordinates": [ -2.954232062303166, 51.157459082143809 ] } },
{ "type": "Feature", "properties": { "visible_points": 36, "total_points": 120, "visibility_pct": 30.0 }, "geometry": { "type": "Point", "coordinates": [ -2.954033950725035, 51.157460697769928 ] } },
{ "type": "Feature", "properties": { "visible_points": 46, "total_points": 120, "visibility_pct": 38.333333333333336 }, "geometry": { "type": "Point", "coordinates": [ -2.953835839128113, 51.15746231306025 ] } },
{ "type": "Feature", "properties": { "visible_points": 52, "total_points": 120, "visibility_pct": 43.333333333333336 }, "geometry": { "type": "Point", "coordinates": [ -2.953637727512383, 51.157463928014707 ] } },
{ "type": "Feature", "properties": { "visible_points": 60, "total_points": 120, "visibility_pct": 50.0 }, "geometry": { "type": "Point", "coordinates": [ -2.953439615877863, 51.157465542633346 ] } },
{ "type": "Feature", "properties": { "visible_points": 57, "total_points": 120, "visibility_pct": 47.5 }, "geometry": { "type": "Point", "coordinates": [ -2.953241504224549, 51.157467156916148 ] } },
{ "type": "Feature", "properties": { "visible_points": 59, "total_points": 120, "visibility_pct": 49.166666666666664 }, "geometry": { "type": "Point", "coordinates": [ -2.953043392552452, 51.157468770863133 ] } },
{ "type": "Feature", "properties": { "visible_points": 54, "total_points": 119, "visibility_pct": 45.378151260504204 }, "geometry": { "type": "Point", "coordinates": [ -2.952845280861565, 51.157470384474287 ] } },
{ "type": "Feature", "properties": { "visible_points": 54, "total_points": 116, "visibility_pct": 46.551724137931032 }, "geometry": { "type": "Point", "coordinates": [ -2.952647169151909, 51.157471997749631 ] } },
{ "type": "Feature", "properties": { "visible_points": 50, "total_points": 111, "visibility_pct": 45.045045045045043 }, "geometry": { "type": "Point", "coordinates": [ -2.952449057423471, 51.157473610689117 ] } },
{ "type": "Feature", "properties": { "visible_points": 40, "total_points": 105, "visibility_pct": 38.095238095238095 }, "geometry": { "type": "Point", "coordinates": [ -2.952250945676262, 51.157475223292785 ] } },
{ "type": "Feature", "properties": { "visible_points": 31, "total_points": 98, "visibility_pct": 31.632653061224492 }, "geometry": { "type": "Point", "coordinates": [ -2.952052833910286, 51.15747683556063 ] } },
{ "type": "Feature", "properties": { "visible_points": 18, "total_points": 91, "visibility_pct": 19.780219780219781 }, "geometry": { "type": "Point", "coordinates": [ -2.951854722125547, 51.157478447492622 ] } },
{ "type": "Feature", "properties": { "visible_points": 15, "total_points": 83, "visibility_pct": 18.072289156626507 }, "geometry": { "type": "Point", "coordinates": [ -2.951656610322052, 51.157480059088819 ] } },
{ "type": "Feature", "properties": { "visible_points": 0, "total_points": 85, "visibility_pct": 0.0 }, "geometry": { "type": "Point", "coordinates": [ -2.961069146524226, 51.157511027249363 ] } },
{ "type": "Feature", "properties": { "visible_points": 0, "total_points": 96, "visibility_pct": 0.0 }, "geometry": { "type": "Point", "coordinates": [ -2.960871035119723, 51.15751265445693 ] } },
{ "type": "Feature", "properties": { "visible_points": 28, "total_points": 106, "visibility_pct": 26.415094339622641 }, "geometry": { "type": "Point", "coordinates": [ -2.960672923696275, 51.157514281328666 ] } },
{ "type": "Feature", "properties": { "visible_points": 47, "total_points": 115, "visibility_pct": 40.869565217391305 }, "geometry": { "type": "Point", "coordinates": [ -2.960474812253901, 51.157515907864557 ] } },
{ "type": "Feature", "properties": { "visible_points": 50, "total_points": 120, "visibility_pct": 41.666666666666671 }, "geometry": { "type": "Point", "coordinates": [ -2.960276700792588, 51.157517534064638 ] } },
{ "type": "Feature", "properties": { "visible_points": 53, "total_points": 120, "visibility_pct": 44.166666666666664 }, "geometry": { "type": "Point", "coordinates": [ -2.960078589312353, 51.157519159928867 ] } },
{ "type": "Feature", "properties": { "visible_points": 49, "total_points": 120, "visibility_pct": 40.833333333333336 }, "geometry": { "type": "Point", "coordinates": [ -2.959880477813193, 51.157520785457272 ] } },
{ "type": "Feature", "properties": { "visible_points": 39, "total_points": 120, "visibility_pct": 32.5 }, "geometry": { "type": "Point", "coordinates": [ -2.95968236629511, 51.157522410649868 ] } },
{ "type": "Feature", "properties": { "visible_points": 36, "total_points": 120, "visibility_pct": 30.0 }, "geometry": { "type": "Point", "coordinates": [ -2.959484254758118, 51.157524035506611 ] } },
{ "type": "Feature", "properties": { "visible_points": 21, "total_points": 120, "visibility_pct": 17.5 }, "geometry": { "type": "Point", "coordinates": [ -2.959286143202206, 51.15752566002751 ] } },
{ "type": "Feature", "properties": { "visible_points": 37, "total_points": 120, "visibility_pct": 30.833333333333336 }, "geometry": { "type": "Point", "coordinates": [ -2.959088031627395, 51.157527284212613 ] } },
{ "type": "Feature", "properties": { "visible_points": 46, "total_points": 118, "visibility_pct": 38.983050847457626 }, "geometry": { "type": "Point", "coordinates": [ -2.958889920033675, 51.15752890806187 ] } },
{ "type": "Feature", "properties": { "visible_points": 42, "total_points": 118, "visibility_pct": 35.593220338983052 }, "geometry": { "type": "Point", "coordinates": [ -2.958691808421058, 51.15753053157529 ] } },
{ "type": "Feature", "properties": { "visible_points": 47, "total_points": 118, "visibility_pct": 39.83050847457627 }, "geometry": { "type": "Point", "coordinates": [ -2.958493696789545, 51.157532154752886 ] } },
{ "type": "Feature", "properties": { "visible_points": 35, "total_points": 118, "visibility_pct": 29.66101694915254 }, "geometry": { "type": "Point", "coordinates": [ -2.958295585139139, 51.157533777594644 ] } },
{ "type": "Feature", "properties": { "visible_points": 18, "total_points": 118, "visibility_pct": 15.254237288135593 }, "geometry": { "type": "Point", "coordinates": [ -2.958097473469845, 51.157535400100592 ] } },
{ "type": "Feature", "properties": { "visible_points": 21, "total_points": 119, "visibility_pct": 17.647058823529413 }, "geometry": { "type": "Point", "coordinates": [ -2.957899361781669, 51.157537022270688 ] } },
{ "type": "Feature", "properties": { "visible_points": 30, "total_points": 119, "visibility_pct": 25.210084033613445 }, "geometry": { "type": "Point", "coordinates": [ -2.957701250074612, 51.157538644104953 ] } },
{ "type": "Feature", "properties": { "visible_points": 25, "total_points": 119, "visibility_pct": 21.008403361344538 }, "geometry": { "type": "Point", "coordinates": [ -2.957503138348678, 51.157540265603387 ] } },
{ "type": "Feature", "properties": { "visible_points": 24, "total_points": 120, "visibility_pct": 20.0 }, "geometry": { "type": "Point", "coordinates": [ -2.957305026603872, 51.157541886765998 ] } },
{ "type": "Feature", "properties": { "visible_points": 19, "total_points": 120, "visibility_pct": 15.833333333333332 }, "geometry": { "type": "Point", "coordinates": [ -2.957106914840202, 51.15754350759277 ] } },
{ "type": "Feature", "properties": { "visible_points": 16, "total_points": 120, "visibility_pct": 13.333333333333334 }, "geometry": { "type": "Point", "coordinates": [ -2.956908803057663, 51.157545128083719 ] } },
{ "type": "Feature", "properties": { "visible_points": 0, "total_points": 120, "visibility_pct": 0.0 }, "geometry": { "type": "Point", "coordinates": [ -2.956710691256263, 51.157546748238836 ] } },
{ "type": "Feature", "properties": { "visible_points": 16, "total_points": 120, "visibility_pct": 13.333333333333334 }, "geometry": { "type": "Point", "coordinates": [ -2.956512579436011, 51.157548368058123 ] } },
{ "type": "Feature", "properties": { "visible_points": 16, "total_points": 120, "visibility_pct": 13.333333333333334 }, "geometry": { "type": "Point", "coordinates": [ -2.956314467596907, 51.157549987541572 ] } },
{ "type": "Feature", "properties": { "visible_points": 5, "total_points": 120, "visibility_pct": 4.1666666666666661 }, "geometry": { "type": "Point", "coordinates": [ -2.956116355738952, 51.157551606689204 ] } },
{ "type": "Feature", "properties": { "visible_points": 6, "total_points": 120, "visibility_pct": 5.0 }, "geometry": { "type": "Point", "coordinates": [ -2.955918243862155, 51.157553225500997 ] } },
{ "type": "Feature", "properties": { "visible_points": 7, "total_points": 120, "visibility_pct": 5.833333333333333 }, "geometry": { "type": "Point", "coordinates": [ -2.955720131966516, 51.157554843976961 ] } },
{ "type": "Feature", "properties": { "visible_points": 0, "total_points": 120, "visibility_pct": 0.0 }, "geometry": { "type": "Point", "coordinates": [ -2.955522020052038, 51.157556462117086 ] } },
{ "type": "Feature", "properties": { "visible_points": 0, "total_points": 120, "visibility_pct": 0.0 }, "geometry": { "type": "Point", "coordinates": [ -2.955323908118731, 51.157558079921401 ] } },
{ "type": "Feature", "properties": { "visible_points": 0, "total_points": 120, "visibility_pct": 0.0 }, "geometry": { "type": "Point", "coordinates": [ -2.955125796166595, 51.157559697389878 ] } },
{ "type": "Feature", "properties": { "visible_points": 0, "total_points": 120, "visibility_pct": 0.0 }, "geometry": { "type": "Point", "coordinates": [ -2.954927684195634, 51.157561314522503 ] } },
{ "type": "Feature", "properties": { "visible_points": 0, "total_points": 120, "visibility_pct": 0.0 }, "geometry": { "type": "Point", "coordinates": [ -2.954729572205852, 51.157562931319333 ] } },
{ "type": "Feature", "properties": { "visible_points": 0, "total_points": 120, "visibility_pct": 0.0 }, "geometry": { "type": "Point", "coordinates": [ -2.954531460197253, 51.157564547780311 ] } },
{ "type": "Feature", "properties": { "visible_points": 25, "total_points": 120, "visibility_pct": 20.833333333333336 }, "geometry": { "type": "Point", "coordinates": [ -2.954333348169843, 51.157566163905457 ] } },
{ "type": "Feature", "properties": { "visible_points": 29, "total_points": 120, "visibility_pct": 24.166666666666668 }, "geometry": { "type": "Point", "coordinates": [ -2.954135236123623, 51.15756777969478 ] } },
{ "type": "Feature", "properties": { "visible_points": 38, "total_points": 120, "visibility_pct": 31.666666666666664 }, "geometry": { "type": "Point", "coordinates": [ -2.9539371240586, 51.157569395148272 ] } },
{ "type": "Feature", "properties": { "visible_points": 47, "total_points": 120, "visibility_pct": 39.166666666666664 }, "geometry": { "type": "Point", "coordinates": [ -2.953739011974772, 51.157571010265926 ] } },
{ "type": "Feature", "properties": { "visible_points": 45, "total_points": 120, "visibility_pct": 37.5 }, "geometry": { "type": "Point", "coordinates": [ -2.953540899872147, 51.157572625047749 ] } },
{ "type": "Feature", "properties": { "visible_points": 50, "total_points": 120, "visibility_pct": 41.666666666666671 }, "geometry": { "type": "Point", "coordinates": [ -2.953342787750735, 51.157574239493762 ] } },
{ "type": "Feature", "properties": { "visible_points": 51, "total_points": 119, "visibility_pct": 42.857142857142854 }, "geometry": { "type": "Point", "coordinates": [ -2.95314467561053, 51.157575853603937 ] } },
{ "type": "Feature", "properties": { "visible_points": 50, "total_points": 117, "visibility_pct": 42.735042735042732 }, "geometry": { "type": "Point", "coordinates": [ -2.952946563451538, 51.157577467378267 ] } },
{ "type": "Feature", "properties": { "visible_points": 48, "total_points": 113, "visibility_pct": 42.477876106194692 }, "geometry": { "type": "Point", "coordinates": [ -2.952748451273771, 51.157579080816781 ] } },
{ "type": "Feature", "properties": { "visible_points": 44, "total_points": 107, "visibility_pct": 41.121495327102799 }, "geometry": { "type": "Point", "coordinates": [ -2.952550339077221, 51.157580693919456 ] } },
{ "type": "Feature", "properties": { "visible_points": 39, "total_points": 101, "visibility_pct": 38.613861386138616 }, "geometry": { "type": "Point", "coordinates": [ -2.952352226861897, 51.157582306686315 ] } },
{ "type": "Feature", "properties": { "visible_points": 31, "total_points": 93, "visibility_pct": 33.333333333333329 }, "geometry": { "type": "Point", "coordinates": [ -2.952154114627809, 51.157583919117329 ] } },
{ "type": "Feature", "properties": { "visible_points": 21, "total_points": 86, "visibility_pct": 24.418604651162788 }, "geometry": { "type": "Point", "coordinates": [ -2.951956002374953, 51.157585531212526 ] } },
{ "type": "Feature", "properties": { "visible_points": 0, "total_points": 78, "visibility_pct": 0.0 }, "geometry": { "type": "Point", "coordinates": [ -2.951757890103333, 51.157587142971884 ] } },
{ "type": "Feature", "properties": { "visible_points": 0, "total_points": 84, "visibility_pct": 0.0 }, "geometry": { "type": "Point", "coordinates": [ -2.961170448791803, 51.157618103380528 ] } },
{ "type": "Feature", "properties": { "visible_points": 0, "total_points": 95, "visibility_pct": 0.0 }, "geometry": { "type": "Point", "coordinates": [ -2.960972336919268, 51.157619730751321 ] } },
{ "type": "Feature", "properties": { "visible_points": 29, "total_points": 105, "visibility_pct": 27.61904761904762 }, "geometry": { "type": "Point", "coordinates": [ -2.960774225027805, 51.157621357786311 ] } },
{ "type": "Feature", "properties": { "visible_points": 44, "total_points": 114, "visibility_pct": 38.596491228070171 }, "geometry": { "type": "Point", "coordinates": [ -2.960576113117395, 51.157622984485435 ] } },
{ "type": "Feature", "properties": { "visible_points": 52, "total_points": 120, "visibility_pct": 43.333333333333336 }, "geometry": { "type": "Point", "coordinates": [ -2.960378001188057, 51.15762461084875 ] } },
{ "type": "Feature", "properties": { "visible_points": 55, "total_points": 120, "visibility_pct": 45.833333333333329 }, "geometry": { "type": "Point", "coordinates": [ -2.960179889239782, 51.157626236876233 ] } },
{ "type": "Feature", "properties": { "visible_points": 56, "total_points": 120, "visibility_pct": 46.666666666666664 }, "geometry": { "type": "Point", "coordinates": [ -2.959981777272592, 51.157627862567871 ] } },
{ "type": "Feature", "properties": { "visible_points": 47, "total_points": 120, "visibility_pct": 39.166666666666664 }, "geometry": { "type": "Point", "coordinates": [ -2.959783665286475, 51.157629487923678 ] } },
{ "type": "Feature", "properties": { "visible_points": 0, "total_points": 120, "visibility_pct": 0.0 }, "geometry": { "type": "Point", "coordinates": [ -2.959585553281439, 51.157631112943648 ] } },
{ "type": "Feature", "properties": { "visible_points": 43, "total_points": 120, "visibility_pct": 35.833333333333336 }, "geometry": { "type": "Point", "coordinates": [ -2.959387441257491, 51.1576327376278 ] } },
{ "type": "Feature", "properties": { "visible_points": 30, "total_points": 119, "visibility_pct": 25.210084033613445 }, "geometry": { "type": "Point", "coordinates": [ -2.959189329214633, 51.157634361976122 ] } },
{ "type": "Feature", "properties": { "visible_points": 43, "total_points": 117, "visibility_pct": 36.752136752136757 }, "geometry": { "type": "Point", "coordinates": [ -2.958991217152871, 51.157635985988598 ] } },
{ "type": "Feature", "properties": { "visible_points": 37, "total_points": 117, "visibility_pct": 31.623931623931622 }, "geometry": { "type": "Point", "coordinates": [ -2.958793105072206, 51.157637609665244 ] } },
{ "type": "Feature", "properties": { "visible_points": 33, "total_points": 117, "visibility_pct": 28.205128205128204 }, "geometry": { "type": "Point", "coordinates": [ -2.958594992972642, 51.157639233006066 ] } },
{ "type": "Feature", "properties": { "visible_points": 45, "total_points": 117, "visibility_pct": 38.461538461538467 }, "geometry": { "type": "Point", "coordinates": [ -2.958396880854184, 51.157640856011042 ] } },
{ "type": "Feature", "properties": { "visible_points": 15, "total_points": 118, "visibility_pct": 12.711864406779661 }, "geometry": { "type": "Point", "coordinates": [ -2.958000656560605, 51.157644101013524 ] } },
{ "type": "Feature", "properties": { "visible_points": 20, "total_points": 118, "visibility_pct": 16.949152542372879 }, "geometry": { "type": "Point", "coordinates": [ -2.957802544385487, 51.157645723011015 ] } },
{ "type": "Feature", "properties": { "visible_points": 2, "total_points": 119, "visibility_pct": 1.680672268907563 }, "geometry": { "type": "Point", "coordinates": [ -2.957604432191498, 51.157647344672675 ] } },
{ "type": "Feature", "properties": { "visible_points": 18, "total_points": 119, "visibility_pct": 15.126050420168067 }, "geometry": { "type": "Point", "coordinates": [ -2.957406319978629, 51.15764896599849 ] } },
{ "type": "Feature", "properties": { "visible_points": 11, "total_points": 120, "visibility_pct": 9.1666666666666661 }, "geometry": { "type": "Point", "coordinates": [ -2.957208207746892, 51.157650586988488 ] } },
{ "type": "Feature", "properties": { "visible_points": 16, "total_points": 120, "visibility_pct": 13.333333333333334 }, "geometry": { "type": "Point", "coordinates": [ -2.957010095496288, 51.157652207642649 ] } },
{ "type": "Feature", "properties": { "visible_points": 0, "total_points": 120, "visibility_pct": 0.0 }, "geometry": { "type": "Point", "coordinates": [ -2.956811983226823, 51.157653827960978 ] } },
{ "type": "Feature", "properties": { "visible_points": 0, "total_points": 120, "visibility_pct": 0.0 }, "geometry": { "type": "Point", "coordinates": [ -2.956613870938496, 51.157655447943476 ] } },
{ "type": "Feature", "properties": { "visible_points": 12, "total_points": 120, "visibility_pct": 10.0 }, "geometry": { "type": "Point", "coordinates": [ -2.956415758631318, 51.157657067590151 ] } },
{ "type": "Feature", "properties": { "visible_points": 1, "total_points": 120, "visibility_pct": 0.83333333333333337 }, "geometry": { "type": "Point", "coordinates": [ -2.956217646305292, 51.15765868690098 ] } },
{ "type": "Feature", "properties": { "visible_points": 8, "total_points": 120, "visibility_pct": 6.666666666666667 }, "geometry": { "type": "Point", "coordinates": [ -2.956019533960412, 51.157660305875972 ] } },
{ "type": "Feature", "properties": { "visible_points": 5, "total_points": 120, "visibility_pct": 4.1666666666666661 }, "geometry": { "type": "Point", "coordinates": [ -2.955821421596695, 51.157661924515146 ] } },
{ "type": "Feature", "properties": { "visible_points": 4, "total_points": 120, "visibility_pct": 3.3333333333333335 }, "geometry": { "type": "Point", "coordinates": [ -2.95562330921414, 51.157663542818476 ] } },
{ "type": "Feature", "properties": { "visible_points": 0, "total_points": 120, "visibility_pct": 0.0 }, "geometry": { "type": "Point", "coordinates": [ -2.955425196812748, 51.157665160785982 ] } },
{ "type": "Feature", "properties": { "visible_points": 0, "total_points": 120, "visibility_pct": 0.0 }, "geometry": { "type": "Point", "coordinates": [ -2.955227084392526, 51.157666778417664 ] } },
{ "type": "Feature", "properties": { "visible_points": 2, "total_points": 120, "visibility_pct": 1.6666666666666667 }, "geometry": { "type": "Point", "coordinates": [ -2.955028971953475, 51.1576683957135 ] } },
{ "type": "Feature", "properties": { "visible_points": 3, "total_points": 120, "visibility_pct": 2.5 }, "geometry": { "type": "Point", "coordinates": [ -2.954830859495605, 51.15767001267352 ] } },
{ "type": "Feature", "properties": { "visible_points": 2, "total_points": 120, "visibility_pct": 1.6666666666666667 }, "geometry": { "type": "Point", "coordinates": [ -2.954632747018913, 51.157671629297703 ] } },
{ "type": "Feature", "properties": { "visible_points": 21, "total_points": 120, "visibility_pct": 17.5 }, "geometry": { "type": "Point", "coordinates": [ -2.954434634523409, 51.157673245586032 ] } },
{ "type": "Feature", "properties": { "visible_points": 30, "total_points": 120, "visibility_pct": 25.0 }, "geometry": { "type": "Point", "coordinates": [ -2.954236522009093, 51.157674861538567 ] } },
{ "type": "Feature", "properties": { "visible_points": 32, "total_points": 120, "visibility_pct": 26.666666666666668 }, "geometry": { "type": "Point", "coordinates": [ -2.954038409475968, 51.157676477155249 ] } },
{ "type": "Feature", "properties": { "visible_points": 39, "total_points": 120, "visibility_pct": 32.5 }, "geometry": { "type": "Point", "coordinates": [ -2.953840296924042, 51.157678092436093 ] } },
{ "type": "Feature", "properties": { "visible_points": 42, "total_points": 120, "visibility_pct": 35.0 }, "geometry": { "type": "Point", "coordinates": [ -2.953642184353317, 51.157679707381114 ] } },
{ "type": "Feature", "properties": { "visible_points": 43, "total_points": 120, "visibility_pct": 35.833333333333336 }, "geometry": { "type": "Point", "coordinates": [ -2.953444071763798, 51.157681321990303 ] } },
{ "type": "Feature", "properties": { "visible_points": 45, "total_points": 118, "visibility_pct": 38.135593220338983 }, "geometry": { "type": "Point", "coordinates": [ -2.953245959155485, 51.157682936263669 ] } },
{ "type": "Feature", "properties": { "visible_points": 50, "total_points": 116, "visibility_pct": 43.103448275862064 }, "geometry": { "type": "Point", "coordinates": [ -2.953047846528387, 51.157684550201189 ] } },
{ "type": "Feature", "properties": { "visible_points": 47, "total_points": 111, "visibility_pct": 42.342342342342342 }, "geometry": { "type": "Point", "coordinates": [ -2.952849733882506, 51.157686163802907 ] } },
{ "type": "Feature", "properties": { "visible_points": 42, "total_points": 105, "visibility_pct": 40.0 }, "geometry": { "type": "Point", "coordinates": [ -2.95265162121784, 51.157687777068759 ] } },
{ "type": "Feature", "properties": { "visible_points": 37, "total_points": 98, "visibility_pct": 37.755102040816325 }, "geometry": { "type": "Point", "coordinates": [ -2.952453508534408, 51.157689389998787 ] } },
{ "type": "Feature", "properties": { "visible_points": 28, "total_points": 90, "visibility_pct": 31.111111111111111 }, "geometry": { "type": "Point", "coordinates": [ -2.952255395832194, 51.157691002593005 ] } },
{ "type": "Feature", "properties": { "visible_points": 27, "total_points": 81, "visibility_pct": 33.333333333333329 }, "geometry": { "type": "Point", "coordinates": [ -2.952057283111226, 51.157692614851371 ] } },
{ "type": "Feature", "properties": { "visible_points": 0, "total_points": 83, "visibility_pct": 0.0 }, "geometry": { "type": "Point", "coordinates": [ -2.961271751546324, 51.157725179430585 ] } },
{ "type": "Feature", "properties": { "visible_points": 19, "total_points": 94, "visibility_pct": 20.212765957446805 }, "geometry": { "type": "Point", "coordinates": [ -2.961073639205769, 51.157726806964632 ] } },
{ "type": "Feature", "properties": { "visible_points": 31, "total_points": 104, "visibility_pct": 29.807692307692307 }, "geometry": { "type": "Point", "coordinates": [ -2.960875526846275, 51.157728434162848 ] } },
{ "type": "Feature", "properties": { "visible_points": 40, "total_points": 113, "visibility_pct": 35.398230088495573 }, "geometry": { "type": "Point", "coordinates": [ -2.960677414467836, 51.157730061025219 ] } },
{ "type": "Feature", "properties": { "visible_points": 51, "total_points": 120, "visibility_pct": 42.5 }, "geometry": { "type": "Point", "coordinates": [ -2.960479302070465, 51.157731687551767 ] } },
{ "type": "Feature", "properties": { "visible_points": 51, "total_points": 120, "visibility_pct": 42.5 }, "geometry": { "type": "Point", "coordinates": [ -2.960281189654161, 51.157733313742483 ] } },
{ "type": "Feature", "properties": { "visible_points": 58, "total_points": 120, "visibility_pct": 48.333333333333336 }, "geometry": { "type": "Point", "coordinates": [ -2.960083077218926, 51.157734939597361 ] } },
{ "type": "Feature", "properties": { "visible_points": 55, "total_points": 120, "visibility_pct": 45.833333333333329 }, "geometry": { "type": "Point", "coordinates": [ -2.959884964764775, 51.157736565116409 ] } },
{ "type": "Feature", "properties": { "visible_points": 48, "total_points": 120, "visibility_pct": 40.0 }, "geometry": { "type": "Point", "coordinates": [ -2.959686852291699, 51.157738190299632 ] } },
{ "type": "Feature", "properties": { "visible_points": 48, "total_points": 120, "visibility_pct": 40.0 }, "geometry": { "type": "Point", "coordinates": [ -2.959488739799708, 51.157739815146989 ] } },
{ "type": "Feature", "properties": { "visible_points": 39, "total_points": 118, "visibility_pct": 33.050847457627121 }, "geometry": { "type": "Point", "coordinates": [ -2.959290627288803, 51.15774143965853 ] } },
{ "type": "Feature", "properties": { "visible_points": 23, "total_points": 117, "visibility_pct": 19.658119658119659 }, "geometry": { "type": "Point", "coordinates": [ -2.959092514758997, 51.157743063834246 ] } },
{ "type": "Feature", "properties": { "visible_points": 27, "total_points": 117, "visibility_pct": 23.076923076923077 }, "geometry": { "type": "Point", "coordinates": [ -2.958894402210277, 51.157744687674118 ] } },
{ "type": "Feature", "properties": { "visible_points": 33, "total_points": 117, "visibility_pct": 28.205128205128204 }, "geometry": { "type": "Point", "coordinates": [ -2.958696289642669, 51.157746311178173 ] } },
{ "type": "Feature", "properties": { "visible_points": 25, "total_points": 117, "visibility_pct": 21.367521367521366 }, "geometry": { "type": "Point", "coordinates": [ -2.958498177056156, 51.157747934346375 ] } },
{ "type": "Feature", "properties": { "visible_points": 11, "total_points": 117, "visibility_pct": 9.4017094017094021 }, "geometry": { "type": "Point", "coordinates": [ -2.957903839183285, 51.15775280183599 ] } },
{ "type": "Feature", "properties": { "visible_points": 8, "total_points": 118, "visibility_pct": 6.7796610169491522 }, "geometry": { "type": "Point", "coordinates": [ -2.957705726521234, 51.157754423660883 ] } },
{ "type": "Feature", "properties": { "visible_points": 0, "total_points": 119, "visibility_pct": 0.0 }, "geometry": { "type": "Point", "coordinates": [ -2.957507613840301, 51.157756045149924 ] } },
{ "type": "Feature", "properties": { "visible_points": 12, "total_points": 119, "visibility_pct": 10.084033613445378 }, "geometry": { "type": "Point", "coordinates": [ -2.957309501140496, 51.157757666303119 ] } },
{ "type": "Feature", "properties": { "visible_points": 15, "total_points": 120, "visibility_pct": 12.5 }, "geometry": { "type": "Point", "coordinates": [ -2.957111388421826, 51.157759287120506 ] } },
{ "type": "Feature", "properties": { "visible_points": 20, "total_points": 120, "visibility_pct": 16.666666666666664 }, "geometry": { "type": "Point", "coordinates": [ -2.956913275684287, 51.157760907602054 ] } },
{ "type": "Feature", "properties": { "visible_points": 16, "total_points": 120, "visibility_pct": 13.333333333333334 }, "geometry": { "type": "Point", "coordinates": [ -2.956715162927892, 51.157762527747749 ] } },
{ "type": "Feature", "properties": { "visible_points": 18, "total_points": 120, "visibility_pct": 15.0 }, "geometry": { "type": "Point", "coordinates": [ -2.956517050152641, 51.157764147557636 ] } },
{ "type": "Feature", "properties": { "visible_points": 0, "total_points": 120, "visibility_pct": 0.0 }, "geometry": { "type": "Point", "coordinates": [ -2.956318937358529, 51.157765767031677 ] } },
{ "type": "Feature", "properties": { "visible_points": 4, "total_points": 120, "visibility_pct": 3.3333333333333335 }, "geometry": { "type": "Point", "coordinates": [ -2.95612082454558, 51.157767386169894 ] } },
{ "type": "Feature", "properties": { "visible_points": 2, "total_points": 120, "visibility_pct": 1.6666666666666667 }, "geometry": { "type": "Point", "coordinates": [ -2.955922711713777, 51.157769004972273 ] } },
{ "type": "Feature", "properties": { "visible_points": 1, "total_points": 120, "visibility_pct": 0.83333333333333337 }, "geometry": { "type": "Point", "coordinates": [ -2.955724598863141, 51.157770623438807 ] } },
{ "type": "Feature", "properties": { "visible_points": 3, "total_points": 120, "visibility_pct": 2.5 }, "geometry": { "type": "Point", "coordinates": [ -2.95552648599366, 51.157772241569518 ] } },
{ "type": "Feature", "properties": { "visible_points": 0, "total_points": 120, "visibility_pct": 0.0 }, "geometry": { "type": "Point", "coordinates": [ -2.955328373105354, 51.157773859364397 ] } },
{ "type": "Feature", "properties": { "visible_points": 0, "total_points": 120, "visibility_pct": 0.0 }, "geometry": { "type": "Point", "coordinates": [ -2.955130260198211, 51.157775476823431 ] } },
{ "type": "Feature", "properties": { "visible_points": 0, "total_points": 120, "visibility_pct": 0.0 }, "geometry": { "type": "Point", "coordinates": [ -2.954932147272252, 51.157777093946663 ] } },
{ "type": "Feature", "properties": { "visible_points": 0, "total_points": 120, "visibility_pct": 0.0 }, "geometry": { "type": "Point", "coordinates": [ -2.954734034327466, 51.157778710734043 ] } },
{ "type": "Feature", "properties": { "visible_points": 1, "total_points": 120, "visibility_pct": 0.83333333333333337 }, "geometry": { "type": "Point", "coordinates": [ -2.954535921363864, 51.157780327185577 ] } },
{ "type": "Feature", "properties": { "visible_points": 4, "total_points": 120, "visibility_pct": 3.3333333333333335 }, "geometry": { "type": "Point", "coordinates": [ -2.954337808381452, 51.157781943301295 ] } },
{ "type": "Feature", "properties": { "visible_points": 8, "total_points": 120, "visibility_pct": 6.666666666666667 }, "geometry": { "type": "Point", "coordinates": [ -2.954139695380227, 51.157783559081174 ] } },
{ "type": "Feature", "properties": { "visible_points": 40, "total_points": 120, "visibility_pct": 33.333333333333329 }, "geometry": { "type": "Point", "coordinates": [ -2.953941582360197, 51.157785174525216 ] } },
{ "type": "Feature", "properties": { "visible_points": 39, "total_points": 120, "visibility_pct": 32.5 }, "geometry": { "type": "Point", "coordinates": [ -2.953743469321367, 51.157786789633434 ] } },
{ "type": "Feature", "properties": { "visible_points": 41, "total_points": 120, "visibility_pct": 34.166666666666664 }, "geometry": { "type": "Point", "coordinates": [ -2.953545356263742, 51.157788404405814 ] } },
{ "type": "Feature", "properties": { "visible_points": 44, "total_points": 118, "visibility_pct": 37.288135593220339 }, "geometry": { "type": "Point", "coordinates": [ -2.953347243187319, 51.157790018842363 ] } },
{ "type": "Feature", "properties": { "visible_points": 42, "total_points": 115, "visibility_pct": 36.521739130434781 }, "geometry": { "type": "Point", "coordinates": [ -2.953149130092112, 51.157791632943074 ] } },
{ "type": "Feature", "properties": { "visible_points": 39, "total_points": 110, "visibility_pct": 35.454545454545453 }, "geometry": { "type": "Point", "coordinates": [ -2.952951016978115, 51.157793246707961 ] } },
{ "type": "Feature", "properties": { "visible_points": 33, "total_points": 105, "visibility_pct": 31.428571428571427 }, "geometry": { "type": "Point", "coordinates": [ -2.952752903845338, 51.157794860137024 ] } },
{ "type": "Feature", "properties": { "visible_points": 22, "total_points": 97, "visibility_pct": 22.680412371134022 }, "geometry": { "type": "Point", "coordinates": [ -2.952554790693785, 51.157796473230242 ] } },
{ "type": "Feature", "properties": { "visible_points": 0, "total_points": 89, "visibility_pct": 0.0 }, "geometry": { "type": "Point", "coordinates": [ -2.952356677523457, 51.157798085987622 ] } },
{ "type": "Feature", "properties": { "visible_points": 20, "total_points": 80, "visibility_pct": 25.0 }, "geometry": { "type": "Point", "coordinates": [ -2.952158564334358, 51.157799698409193 ] } },
{ "type": "Feature", "properties": { "visible_points": 0, "total_points": 81, "visibility_pct": 0.0 }, "geometry": { "type": "Point", "coordinates": [ -2.961373054787808, 51.157832255399569 ] } },
{ "type": "Feature", "properties": { "visible_points": 0, "total_points": 93, "visibility_pct": 0.0 }, "geometry": { "type": "Point", "coordinates": [ -2.961174941979221, 51.157833883096842 ] } },
{ "type": "Feature", "properties": { "visible_points": 27, "total_points": 103, "visibility_pct": 26.21359223300971 }, "geometry": { "type": "Point", "coordinates": [ -2.960976829151699, 51.157835510458298 ] } },
{ "type": "Feature", "properties": { "visible_points": 40, "total_points": 112, "visibility_pct": 35.714285714285715 }, "geometry": { "type": "Point", "coordinates": [ -2.96077871630523, 51.157837137483924 ] } },
{ "type": "Feature", "properties": { "visible_points": 44, "total_points": 119, "visibility_pct": 36.97478991596639 }, "geometry": { "type": "Point", "coordinates": [ -2.960580603439825, 51.157838764173711 ] } },
{ "type": "Feature", "properties": { "visible_points": 54, "total_points": 120, "visibility_pct": 45.0 }, "geometry": { "type": "Point", "coordinates": [ -2.96038249055548, 51.157840390527653 ] } },
{ "type": "Feature", "properties": { "visible_points": 52, "total_points": 120, "visibility_pct": 43.333333333333336 }, "geometry": { "type": "Point", "coordinates": [ -2.960184377652214, 51.157842016545757 ] } },
{ "type": "Feature", "properties": { "visible_points": 52, "total_points": 120, "visibility_pct": 43.333333333333336 }, "geometry": { "type": "Point", "coordinates": [ -2.959986264730018, 51.157843642228045 ] } },
{ "type": "Feature", "properties": { "visible_points": 52, "total_points": 120, "visibility_pct": 43.333333333333336 }, "geometry": { "type": "Point", "coordinates": [ -2.959788151788902, 51.15784526757448 ] } },
{ "type": "Feature", "properties": { "visible_points": 49, "total_points": 120, "visibility_pct": 40.833333333333336 }, "geometry": { "type": "Point", "coordinates": [ -2.959590038828862, 51.157846892585091 ] } },
{ "type": "Feature", "properties": { "visible_points": 45, "total_points": 118, "visibility_pct": 38.135593220338983 }, "geometry": { "type": "Point", "coordinates": [ -2.959391925849918, 51.157848517259865 ] } },
{ "type": "Feature", "properties": { "visible_points": 0, "total_points": 117, "visibility_pct": 0.0 }, "geometry": { "type": "Point", "coordinates": [ -2.959193812852056, 51.1578501415988 ] } },
{ "type": "Feature", "properties": { "visible_points": 33, "total_points": 117, "visibility_pct": 28.205128205128204 }, "geometry": { "type": "Point", "coordinates": [ -2.958995699835287, 51.157851765601919 ] } },
{ "type": "Feature", "properties": { "visible_points": 25, "total_points": 117, "visibility_pct": 21.367521367521366 }, "geometry": { "type": "Point", "coordinates": [ -2.958797586799625, 51.157853389269199 ] } },
{ "type": "Feature", "properties": { "visible_points": 11, "total_points": 117, "visibility_pct": 9.4017094017094021 }, "geometry": { "type": "Point", "coordinates": [ -2.958599473745057, 51.157855012600621 ] } },
{ "type": "Feature", "properties": { "visible_points": 9, "total_points": 117, "visibility_pct": 7.6923076923076925 }, "geometry": { "type": "Point", "coordinates": [ -2.95780702133789, 51.157861502568004 ] } },
{ "type": "Feature", "properties": { "visible_points": 6, "total_points": 118, "visibility_pct": 5.0847457627118651 }, "geometry": { "type": "Point", "coordinates": [ -2.957608908188897, 51.15786312422027 ] } },
{ "type": "Feature", "properties": { "visible_points": 16, "total_points": 119, "visibility_pct": 13.445378151260504 }, "geometry": { "type": "Point", "coordinates": [ -2.957410795021023, 51.157864745536692 ] } },
{ "type": "Feature", "properties": { "visible_points": 24, "total_points": 119, "visibility_pct": 20.168067226890756 }, "geometry": { "type": "Point", "coordinates": [ -2.957212681834281, 51.157866366517275 ] } },
{ "type": "Feature", "properties": { "visible_points": 27, "total_points": 120, "visibility_pct": 22.5 }, "geometry": { "type": "Point", "coordinates": [ -2.957014568628675, 51.157867987162042 ] } },
{ "type": "Feature", "properties": { "visible_points": 28, "total_points": 120, "visibility_pct": 23.333333333333332 }, "geometry": { "type": "Point", "coordinates": [ -2.9568164554042, 51.157869607470971 ] } },
{ "type": "Feature", "properties": { "visible_points": 23, "total_points": 120, "visibility_pct": 19.166666666666668 }, "geometry": { "type": "Point", "coordinates": [ -2.956618342160872, 51.157871227444048 ] } },
{ "type": "Feature", "properties": { "visible_points": 21, "total_points": 120, "visibility_pct": 17.5 }, "geometry": { "type": "Point", "coordinates": [ -2.956420228898685, 51.157872847081293 ] } },
{ "type": "Feature", "properties": { "visible_points": 16, "total_points": 120, "visibility_pct": 13.333333333333334 }, "geometry": { "type": "Point", "coordinates": [ -2.956222115617653, 51.157874466382729 ] } },
{ "type": "Feature", "properties": { "visible_points": 2, "total_points": 120, "visibility_pct": 1.6666666666666667 }, "geometry": { "type": "Point", "coordinates": [ -2.956024002317768, 51.157876085348313 ] } },
{ "type": "Feature", "properties": { "visible_points": 0, "total_points": 120, "visibility_pct": 0.0 }, "geometry": { "type": "Point", "coordinates": [ -2.955825888999045, 51.157877703978066 ] } },
{ "type": "Feature", "properties": { "visible_points": 0, "total_points": 120, "visibility_pct": 0.0 }, "geometry": { "type": "Point", "coordinates": [ -2.955627775661481, 51.157879322271981 ] } },
{ "type": "Feature", "properties": { "visible_points": 0, "total_points": 120, "visibility_pct": 0.0 }, "geometry": { "type": "Point", "coordinates": [ -2.955429662305082, 51.157880940230065 ] } },
{ "type": "Feature", "properties": { "visible_points": 0, "total_points": 120, "visibility_pct": 0.0 }, "geometry": { "type": "Point", "coordinates": [ -2.955231548929851, 51.157882557852311 ] } },
{ "type": "Feature", "properties": { "visible_points": 0, "total_points": 120, "visibility_pct": 0.0 }, "geometry": { "type": "Point", "coordinates": [ -2.955033435535796, 51.157884175138726 ] } },
{ "type": "Feature", "properties": { "visible_points": 0, "total_points": 120, "visibility_pct": 0.0 }, "geometry": { "type": "Point", "coordinates": [ -2.954835322122916, 51.157885792089296 ] } },
{ "type": "Feature", "properties": { "visible_points": 0, "total_points": 120, "visibility_pct": 0.0 }, "geometry": { "type": "Point", "coordinates": [ -2.954637208691215, 51.157887408704056 ] } },
{ "type": "Feature", "properties": { "visible_points": 1, "total_points": 120, "visibility_pct": 0.83333333333333337 }, "geometry": { "type": "Point", "coordinates": [ -2.954439095240698, 51.157889024982957 ] } },
{ "type": "Feature", "properties": { "visible_points": 2, "total_points": 120, "visibility_pct": 1.6666666666666667 }, "geometry": { "type": "Point", "coordinates": [ -2.954240981771374, 51.157890640926041 ] } },
{ "type": "Feature", "properties": { "visible_points": 11, "total_points": 120, "visibility_pct": 9.1666666666666661 }, "geometry": { "type": "Point", "coordinates": [ -2.954042868283245, 51.15789225653328 ] } },
{ "type": "Feature", "properties": { "visible_points": 38, "total_points": 120, "visibility_pct": 31.666666666666664 }, "geometry": { "type": "Point", "coordinates": [ -2.953844754776305, 51.157893871804681 ] } },
{ "type": "Feature", "properties": { "visible_points": 41, "total_points": 120, "visibility_pct": 34.166666666666664 }, "geometry": { "type": "Point", "coordinates": [ -2.953646641250571, 51.157895486740266 ] } },
{ "type": "Feature", "properties": { "visible_points": 46, "total_points": 118, "visibility_pct": 38.983050847457626 }, "geometry": { "type": "Point", "coordinates": [ -2.953448527706038, 51.157897101340012 ] } },
{ "type": "Feature", "properties": { "visible_points": 46, "total_points": 115, "visibility_pct": 40.0 }, "geometry": { "type": "Point", "coordinates": [ -2.95325041414272, 51.157898715603913 ] } },
{ "type": "Feature", "properties": { "visible_points": 38, "total_points": 111, "visibility_pct": 34.234234234234236 }, "geometry": { "type": "Point", "coordinates": [ -2.953052300560605, 51.157900329531984 ] } },
{ "type": "Feature", "properties": { "visible_points": 36, "total_points": 105, "visibility_pct": 34.285714285714285 }, "geometry": { "type": "Point", "coordinates": [ -2.952854186959715, 51.15790194312423 ] } },
{ "type": "Feature", "properties": { "visible_points": 3, "total_points": 97, "visibility_pct": 3.0927835051546393 }, "geometry": { "type": "Point", "coordinates": [ -2.952656073340038, 51.157903556380639 ] } },
{ "type": "Feature", "properties": { "visible_points": 0, "total_points": 79, "visibility_pct": 0.0 }, "geometry": { "type": "Point", "coordinates": [ -2.961474358516246, 51.157939331287423 ] } },
{ "type": "Feature", "properties": { "visible_points": 0, "total_points": 91, "visibility_pct": 0.0 }, "geometry": { "type": "Point", "coordinates": [ -2.961276245239634, 51.157940959147957 ] } },
{ "type": "Feature", "properties": { "visible_points": 0, "total_points": 102, "visibility_pct": 0.0 }, "geometry": { "type": "Point", "coordinates": [ -2.961078131944074, 51.157942586672647 ] } },
{ "type": "Feature", "properties": { "visible_points": 37, "total_points": 111, "visibility_pct": 33.333333333333329 }, "geometry": { "type": "Point", "coordinates": [ -2.960880018629577, 51.157944213861505 ] } },
{ "type": "Feature", "properties": { "visible_points": 43, "total_points": 118, "visibility_pct": 36.440677966101696 }, "geometry": { "type": "Point", "coordinates": [ -2.960681905296132, 51.157945840714532 ] } },
{ "type": "Feature", "properties": { "visible_points": 47, "total_points": 120, "visibility_pct": 39.166666666666664 }, "geometry": { "type": "Point", "coordinates": [ -2.960483791943751, 51.157947467231715 ] } },
{ "type": "Feature", "properties": { "visible_points": 28, "total_points": 120, "visibility_pct": 23.333333333333332 }, "geometry": { "type": "Point", "coordinates": [ -2.960285678572445, 51.157949093413073 ] } },
{ "type": "Feature", "properties": { "visible_points": 52, "total_points": 120, "visibility_pct": 43.333333333333336 }, "geometry": { "type": "Point", "coordinates": [ -2.960087565182208, 51.157950719258579 ] } },
{ "type": "Feature", "properties": { "visible_points": 47, "total_points": 120, "visibility_pct": 39.166666666666664 }, "geometry": { "type": "Point", "coordinates": [ -2.959889451773046, 51.157952344768255 ] } },
{ "type": "Feature", "properties": { "visible_points": 45, "total_points": 120, "visibility_pct": 37.5 }, "geometry": { "type": "Point", "coordinates": [ -2.959691338344963, 51.157953969942099 ] } },
{ "type": "Feature", "properties": { "visible_points": 49, "total_points": 118, "visibility_pct": 41.525423728813557 }, "geometry": { "type": "Point", "coordinates": [ -2.959493224897966, 51.157955594780105 ] } },
{ "type": "Feature", "properties": { "visible_points": 44, "total_points": 117, "visibility_pct": 37.606837606837608 }, "geometry": { "type": "Point", "coordinates": [ -2.959295111432052, 51.157957219282274 ] } },
{ "type": "Feature", "properties": { "visible_points": 36, "total_points": 117, "visibility_pct": 30.76923076923077 }, "geometry": { "type": "Point", "coordinates": [ -2.95909699794724, 51.157958843448604 ] } },
{ "type": "Feature", "properties": { "visible_points": 11, "total_points": 117, "visibility_pct": 9.4017094017094021 }, "geometry": { "type": "Point", "coordinates": [ -2.958898884443514, 51.157960467279104 ] } },
{ "type": "Feature", "properties": { "visible_points": 3, "total_points": 117, "visibility_pct": 2.5641025641025639 }, "geometry": { "type": "Point", "coordinates": [ -2.958700770920894, 51.157962090773765 ] } },
{ "type": "Feature", "properties": { "visible_points": 0, "total_points": 118, "visibility_pct": 0.0 }, "geometry": { "type": "Point", "coordinates": [ -2.957512089388474, 51.157971824689177 ] } },
{ "type": "Feature", "properties": { "visible_points": 17, "total_points": 119, "visibility_pct": 14.285714285714285 }, "geometry": { "type": "Point", "coordinates": [ -2.957313975733657, 51.157973445832987 ] } },
{ "type": "Feature", "properties": { "visible_points": 24, "total_points": 119, "visibility_pct": 20.168067226890756 }, "geometry": { "type": "Point", "coordinates": [ -2.957115862059975, 51.157975066640958 ] } },
{ "type": "Feature", "properties": { "visible_points": 27, "total_points": 120, "visibility_pct": 22.5 }, "geometry": { "type": "Point", "coordinates": [ -2.956917748367429, 51.157976687113106 ] } },
{ "type": "Feature", "properties": { "visible_points": 28, "total_points": 120, "visibility_pct": 23.333333333333332 }, "geometry": { "type": "Point", "coordinates": [ -2.956719634656018, 51.157978307249394 ] } },
{ "type": "Feature", "properties": { "visible_points": 27, "total_points": 120, "visibility_pct": 22.5 }, "geometry": { "type": "Point", "coordinates": [ -2.956521520925755, 51.15797992704988 ] } },
{ "type": "Feature", "properties": { "visible_points": 20, "total_points": 120, "visibility_pct": 16.666666666666664 }, "geometry": { "type": "Point", "coordinates": [ -2.956323407176636, 51.157981546514499 ] } },
{ "type": "Feature", "properties": { "visible_points": 0, "total_points": 120, "visibility_pct": 0.0 }, "geometry": { "type": "Point", "coordinates": [ -2.956125293408669, 51.157983165643294 ] } },
{ "type": "Feature", "properties": { "visible_points": 1, "total_points": 120, "visibility_pct": 0.83333333333333337 }, "geometry": { "type": "Point", "coordinates": [ -2.955927179621857, 51.157984784436252 ] } },
{ "type": "Feature", "properties": { "visible_points": 0, "total_points": 120, "visibility_pct": 0.0 }, "geometry": { "type": "Point", "coordinates": [ -2.955729065816209, 51.157986402893378 ] } },
{ "type": "Feature", "properties": { "visible_points": 0, "total_points": 120, "visibility_pct": 0.0 }, "geometry": { "type": "Point", "coordinates": [ -2.955530951991712, 51.15798802101466 ] } },
{ "type": "Feature", "properties": { "visible_points": 0, "total_points": 120, "visibility_pct": 0.0 }, "geometry": { "type": "Point", "coordinates": [ -2.955332838148391, 51.157989638800103 ] } },
{ "type": "Feature", "properties": { "visible_points": 0, "total_points": 120, "visibility_pct": 0.0 }, "geometry": { "type": "Point", "coordinates": [ -2.95513472428624, 51.157991256249744 ] } },
{ "type": "Feature", "properties": { "visible_points": 0, "total_points": 120, "visibility_pct": 0.0 }, "geometry": { "type": "Point", "coordinates": [ -2.954936610405262, 51.157992873363519 ] } },
{ "type": "Feature", "properties": { "visible_points": 0, "total_points": 120, "visibility_pct": 0.0 }, "geometry": { "type": "Point", "coordinates": [ -2.954738496505463, 51.157994490141455 ] } },
{ "type": "Feature", "properties": { "visible_points": 0, "total_points": 120, "visibility_pct": 0.0 }, "geometry": { "type": "Point", "coordinates": [ -2.954540382586849, 51.15799610658356 ] } },
{ "type": "Feature", "properties": { "visible_points": 0, "total_points": 120, "visibility_pct": 0.0 }, "geometry": { "type": "Point", "coordinates": [ -2.954342268649417, 51.157997722689863 ] } },
{ "type": "Feature", "properties": { "visible_points": 6, "total_points": 120, "visibility_pct": 5.0 }, "geometry": { "type": "Point", "coordinates": [ -2.954144154693179, 51.157999338460286 ] } },
{ "type": "Feature", "properties": { "visible_points": 9, "total_points": 120, "visibility_pct": 7.5 }, "geometry": { "type": "Point", "coordinates": [ -2.953946040718137, 51.158000953894899 ] } },
{ "type": "Feature", "properties": { "visible_points": 33, "total_points": 120, "visibility_pct": 27.5 }, "geometry": { "type": "Point", "coordinates": [ -2.953747926724285, 51.158002568993652 ] } },
{ "type": "Feature", "properties": { "visible_points": 44, "total_points": 118, "visibility_pct": 37.288135593220339 }, "geometry": { "type": "Point", "coordinates": [ -2.95354981271165, 51.15800418375661 ] } },
{ "type": "Feature", "properties": { "visible_points": 42, "total_points": 115, "visibility_pct": 36.521739130434781 }, "geometry": { "type": "Point", "coordinates": [ -2.953351698680207, 51.158005798183702 ] } },
{ "type": "Feature", "properties": { "visible_points": 38, "total_points": 112, "visibility_pct": 33.928571428571431 }, "geometry": { "type": "Point", "coordinates": [ -2.953153584629983, 51.158007412274955 ] } },
{ "type": "Feature", "properties": { "visible_points": 32, "total_points": 105, "visibility_pct": 30.476190476190478 }, "geometry": { "type": "Point", "coordinates": [ -2.952955470560968, 51.158009026030378 ] } },
{ "type": "Feature", "properties": { "visible_points": 9, "total_points": 98, "visibility_pct": 9.183673469387756 }, "geometry": { "type": "Point", "coordinates": [ -2.952757356473177, 51.158010639449977 ] } },
{ "type": "Feature", "properties": { "visible_points": 0, "total_points": 75, "visibility_pct": 0.0 }, "geometry": { "type": "Point", "coordinates": [ -2.961575662731647, 51.158046407094176 ] } },
{ "type": "Feature", "properties": { "visible_points": 0, "total_points": 88, "visibility_pct": 0.0 }, "geometry": { "type": "Point", "coordinates": [ -2.961377548987008, 51.158048035117957 ] } },
{ "type": "Feature", "properties": { "visible_points": 5, "total_points": 100, "visibility_pct": 5.0 }, "geometry": { "type": "Point", "coordinates": [ -2.961179435223411, 51.158049662805908 ] } },
{ "type": "Feature", "properties": { "visible_points": 27, "total_points": 110, "visibility_pct": 24.545454545454547 }, "geometry": { "type": "Point", "coordinates": [ -2.96098132144088, 51.158051290158014 ] } },
{ "type": "Feature", "properties": { "visible_points": 41, "total_points": 117, "visibility_pct": 35.042735042735039 }, "geometry": { "type": "Point", "coordinates": [ -2.960783207639397, 51.158052917174267 ] } },
{ "type": "Feature", "properties": { "visible_points": 45, "total_points": 120, "visibility_pct": 37.5 }, "geometry": { "type": "Point", "coordinates": [ -2.960585093818979, 51.158054543854689 ] } },
{ "type": "Feature", "properties": { "visible_points": 51, "total_points": 120, "visibility_pct": 42.5 }, "geometry": { "type": "Point", "coordinates": [ -2.960386979979628, 51.158056170199266 ] } },
{ "type": "Feature", "properties": { "visible_points": 47, "total_points": 120, "visibility_pct": 39.166666666666664 }, "geometry": { "type": "Point", "coordinates": [ -2.960188866121347, 51.15805779620802 ] } },
{ "type": "Feature", "properties": { "visible_points": 52, "total_points": 120, "visibility_pct": 43.333333333333336 }, "geometry": { "type": "Point", "coordinates": [ -2.959990752244139, 51.158059421880942 ] } },
{ "type": "Feature", "properties": { "visible_points": 49, "total_points": 120, "visibility_pct": 40.833333333333336 }, "geometry": { "type": "Point", "coordinates": [ -2.959792638348009, 51.158061047218013 ] } },
{ "type": "Feature", "properties": { "visible_points": 45, "total_points": 118, "visibility_pct": 38.135593220338983 }, "geometry": { "type": "Point", "coordinates": [ -2.959594524432962, 51.158062672219252 ] } },
{ "type": "Feature", "properties": { "visible_points": 43, "total_points": 118, "visibility_pct": 36.440677966101696 }, "geometry": { "type": "Point", "coordinates": [ -2.959396410499001, 51.158064296884653 ] } },
{ "type": "Feature", "properties": { "visible_points": 34, "total_points": 117, "visibility_pct": 29.059829059829063 }, "geometry": { "type": "Point", "coordinates": [ -2.959198296546126, 51.158065921214231 ] } },
{ "type": "Feature", "properties": { "visible_points": 28, "total_points": 117, "visibility_pct": 23.931623931623932 }, "geometry": { "type": "Point", "coordinates": [ -2.959000182574348, 51.158067545207956 ] } },
{ "type": "Feature", "properties": { "visible_points": 0, "total_points": 117, "visibility_pct": 0.0 }, "geometry": { "type": "Point", "coordinates": [ -2.958802068583667, 51.158069168865829 ] } },
{ "type": "Feature", "properties": { "visible_points": 0, "total_points": 117, "visibility_pct": 0.0 }, "geometry": { "type": "Point", "coordinates": [ -2.957613384242849, 51.158078903760597 ] } },
{ "type": "Feature", "properties": { "visible_points": 0, "total_points": 118, "visibility_pct": 0.0 }, "geometry": { "type": "Point", "coordinates": [ -2.95741527011996, 51.158080525067618 ] } },
{ "type": "Feature", "properties": { "visible_points": 21, "total_points": 119, "visibility_pct": 17.647058823529413 }, "geometry": { "type": "Point", "coordinates": [ -2.957217155978202, 51.158082146038808 ] } },
{ "type": "Feature", "properties": { "visible_points": 28, "total_points": 120, "visibility_pct": 23.333333333333332 }, "geometry": { "type": "Point", "coordinates": [ -2.957019041817579, 51.158083766674174 ] } },
{ "type": "Feature", "properties": { "visible_points": 31, "total_points": 120, "visibility_pct": 25.833333333333336 }, "geometry": { "type": "Point", "coordinates": [ -2.956820927638089, 51.158085386973688 ] } },
{ "type": "Feature", "properties": { "visible_points": 35, "total_points": 120, "visibility_pct": 29.166666666666668 }, "geometry": { "type": "Point", "coordinates": [ -2.95662281343974, 51.158087006937365 ] } },
{ "type": "Feature", "properties": { "visible_points": 30, "total_points": 120, "visibility_pct": 25.0 }, "geometry": { "type": "Point", "coordinates": [ -2.956424699222539, 51.158088626565203 ] } },
{ "type": "Feature", "properties": { "visible_points": 0, "total_points": 120, "visibility_pct": 0.0 }, "geometry": { "type": "Point", "coordinates": [ -2.956226584986485, 51.158090245857203 ] } },
{ "type": "Feature", "properties": { "visible_points": 0, "total_points": 120, "visibility_pct": 0.0 }, "geometry": { "type": "Point", "coordinates": [ -2.956028470731585, 51.158091864813379 ] } },
{ "type": "Feature", "properties": { "visible_points": 0, "total_points": 120, "visibility_pct": 0.0 }, "geometry": { "type": "Point", "coordinates": [ -2.955830356457843, 51.158093483433703 ] } },
{ "type": "Feature", "properties": { "visible_points": 0, "total_points": 120, "visibility_pct": 0.0 }, "geometry": { "type": "Point", "coordinates": [ -2.95563224216526, 51.158095101718196 ] } },
{ "type": "Feature", "properties": { "visible_points": 0, "total_points": 120, "visibility_pct": 0.0 }, "geometry": { "type": "Point", "coordinates": [ -2.955434127853841, 51.158096719666865 ] } },
{ "type": "Feature", "properties": { "visible_points": 0, "total_points": 120, "visibility_pct": 0.0 }, "geometry": { "type": "Point", "coordinates": [ -2.955236013523592, 51.158098337279675 ] } },
{ "type": "Feature", "properties": { "visible_points": 0, "total_points": 120, "visibility_pct": 0.0 }, "geometry": { "type": "Point", "coordinates": [ -2.955037899174512, 51.158099954556661 ] } },
{ "type": "Feature", "properties": { "visible_points": 0, "total_points": 120, "visibility_pct": 0.0 }, "geometry": { "type": "Point", "coordinates": [ -2.954839784806616, 51.158101571497816 ] } },
{ "type": "Feature", "properties": { "visible_points": 0, "total_points": 120, "visibility_pct": 0.0 }, "geometry": { "type": "Point", "coordinates": [ -2.954641670419893, 51.158103188103127 ] } },
{ "type": "Feature", "properties": { "visible_points": 0, "total_points": 120, "visibility_pct": 0.0 }, "geometry": { "type": "Point", "coordinates": [ -2.954443556014363, 51.158104804372613 ] } },
{ "type": "Feature", "properties": { "visible_points": 0, "total_points": 120, "visibility_pct": 0.0 }, "geometry": { "type": "Point", "coordinates": [ -2.954245441590013, 51.15810642030624 ] } },
{ "type": "Feature", "properties": { "visible_points": 0, "total_points": 120, "visibility_pct": 0.0 }, "geometry": { "type": "Point", "coordinates": [ -2.954047327146858, 51.158108035904036 ] } },
{ "type": "Feature", "properties": { "visible_points": 12, "total_points": 120, "visibility_pct": 10.0 }, "geometry": { "type": "Point", "coordinates": [ -2.953849212684901, 51.158109651166008 ] } },
{ "type": "Feature", "properties": { "visible_points": 17, "total_points": 119, "visibility_pct": 14.285714285714285 }, "geometry": { "type": "Point", "coordinates": [ -2.953651098204146, 51.158111266092142 ] } },
{ "type": "Feature", "properties": { "visible_points": 25, "total_points": 116, "visibility_pct": 21.551724137931032 }, "geometry": { "type": "Point", "coordinates": [ -2.953452983704591, 51.158112880682417 ] } },
{ "type": "Feature", "properties": { "visible_points": 37, "total_points": 113, "visibility_pct": 32.743362831858406 }, "geometry": { "type": "Point", "coordinates": [ -2.953254869186246, 51.158114494936882 ] } },
{ "type": "Feature", "properties": { "visible_points": 30, "total_points": 107, "visibility_pct": 28.037383177570092 }, "geometry": { "type": "Point", "coordinates": [ -2.953056754649112, 51.158116108855495 ] } },
{ "type": "Feature", "properties": { "visible_points": 5, "total_points": 99, "visibility_pct": 5.0505050505050502 }, "geometry": { "type": "Point", "coordinates": [ -2.952858640093196, 51.158117722438284 ] } },
{ "type": "Feature", "properties": { "visible_points": 0, "total_points": 84, "visibility_pct": 0.0 }, "geometry": { "type": "Point", "coordinates": [ -2.961478853221341, 51.158155111006856 ] } },
{ "type": "Feature", "properties": { "visible_points": 0, "total_points": 96, "visibility_pct": 0.0 }, "geometry": { "type": "Point", "coordinates": [ -2.961280738989714, 51.158156738858032 ] } },
{ "type": "Feature", "properties": { "visible_points": 20, "total_points": 108, "visibility_pct": 18.518518518518519 }, "geometry": { "type": "Point", "coordinates": [ -2.961082624739139, 51.158158366373392 ] } },
{ "type": "Feature", "properties": { "visible_points": 30, "total_points": 116, "visibility_pct": 25.862068965517242 }, "geometry": { "type": "Point", "coordinates": [ -2.960884510469622, 51.158159993552879 ] } },
{ "type": "Feature", "properties": { "visible_points": 43, "total_points": 120, "visibility_pct": 35.833333333333336 }, "geometry": { "type": "Point", "coordinates": [ -2.960686396181162, 51.158161620396555 ] } },
{ "type": "Feature", "properties": { "visible_points": 46, "total_points": 120, "visibility_pct": 38.333333333333336 }, "geometry": { "type": "Point", "coordinates": [ -2.960488281873767, 51.158163246904394 ] } },
{ "type": "Feature", "properties": { "visible_points": 49, "total_points": 120, "visibility_pct": 40.833333333333336 }, "geometry": { "type": "Point", "coordinates": [ -2.960290167547441, 51.158164873076387 ] } },
{ "type": "Feature", "properties": { "visible_points": 53, "total_points": 120, "visibility_pct": 44.166666666666664 }, "geometry": { "type": "Point", "coordinates": [ -2.960092053202186, 51.158166498912536 ] } },
{ "type": "Feature", "properties": { "visible_points": 45, "total_points": 120, "visibility_pct": 37.5 }, "geometry": { "type": "Point", "coordinates": [ -2.959893938838004, 51.158168124412846 ] } },
{ "type": "Feature", "properties": { "visible_points": 4, "total_points": 119, "visibility_pct": 3.3613445378151261 }, "geometry": { "type": "Point", "coordinates": [ -2.959695824454905, 51.158169749577304 ] } },
{ "type": "Feature", "properties": { "visible_points": 39, "total_points": 118, "visibility_pct": 33.050847457627121 }, "geometry": { "type": "Point", "coordinates": [ -2.959497710052891, 51.158171374405939 ] } },
{ "type": "Feature", "properties": { "visible_points": 36, "total_points": 117, "visibility_pct": 30.76923076923077 }, "geometry": { "type": "Point", "coordinates": [ -2.959299595631959, 51.158172998898742 ] } },
{ "type": "Feature", "properties": { "visible_points": 11, "total_points": 117, "visibility_pct": 9.4017094017094021 }, "geometry": { "type": "Point", "coordinates": [ -2.959101481192124, 51.1581746230557 ] } },
{ "type": "Feature", "properties": { "visible_points": 0, "total_points": 117, "visibility_pct": 0.0 }, "geometry": { "type": "Point", "coordinates": [ -2.95890336673338, 51.158176246876813 ] } },
{ "type": "Feature", "properties": { "visible_points": 19, "total_points": 117, "visibility_pct": 16.239316239316238 }, "geometry": { "type": "Point", "coordinates": [ -2.957912794156239, 51.15818436094483 ] } },
{ "type": "Feature", "properties": { "visible_points": 9, "total_points": 117, "visibility_pct": 7.6923076923076925 }, "geometry": { "type": "Point", "coordinates": [ -2.957714679584157, 51.158185982750922 ] } },
{ "type": "Feature", "properties": { "visible_points": 14, "total_points": 117, "visibility_pct": 11.965811965811966 }, "geometry": { "type": "Point", "coordinates": [ -2.95751656499319, 51.158187604221169 ] } },
{ "type": "Feature", "properties": { "visible_points": 21, "total_points": 119, "visibility_pct": 17.647058823529413 }, "geometry": { "type": "Point", "coordinates": [ -2.957318450383355, 51.158189225355578 ] } },
{ "type": "Feature", "properties": { "visible_points": 22, "total_points": 119, "visibility_pct": 18.487394957983195 }, "geometry": { "type": "Point", "coordinates": [ -2.95712033575465, 51.158190846154149 ] } },
{ "type": "Feature", "properties": { "visible_points": 27, "total_points": 120, "visibility_pct": 22.5 }, "geometry": { "type": "Point", "coordinates": [ -2.956922221107083, 51.158192466616882 ] } },
{ "type": "Feature", "properties": { "visible_points": 32, "total_points": 120, "visibility_pct": 26.666666666666668 }, "geometry": { "type": "Point", "coordinates": [ -2.956724106440648, 51.158194086743777 ] } },
{ "type": "Feature", "properties": { "visible_points": 33, "total_points": 120, "visibility_pct": 27.5 }, "geometry": { "type": "Point", "coordinates": [ -2.956525991755362, 51.158195706534833 ] } },
{ "type": "Feature", "properties": { "visible_points": 0, "total_points": 120, "visibility_pct": 0.0 }, "geometry": { "type": "Point", "coordinates": [ -2.95632787705122, 51.158197325990045 ] } },
{ "type": "Feature", "properties": { "visible_points": 19, "total_points": 120, "visibility_pct": 15.833333333333332 }, "geometry": { "type": "Point", "coordinates": [ -2.956129762328227, 51.158198945109433 ] } },
{ "type": "Feature", "properties": { "visible_points": 0, "total_points": 120, "visibility_pct": 0.0 }, "geometry": { "type": "Point", "coordinates": [ -2.955931647586392, 51.158200563892969 ] } },
{ "type": "Feature", "properties": { "visible_points": 0, "total_points": 120, "visibility_pct": 0.0 }, "geometry": { "type": "Point", "coordinates": [ -2.955733532825716, 51.158202182340652 ] } },
{ "type": "Feature", "properties": { "visible_points": 0, "total_points": 120, "visibility_pct": 0.0 }, "geometry": { "type": "Point", "coordinates": [ -2.955535418046201, 51.15820380045254 ] } },
{ "type": "Feature", "properties": { "visible_points": 0, "total_points": 120, "visibility_pct": 0.0 }, "geometry": { "type": "Point", "coordinates": [ -2.95533730324785, 51.158205418228562 ] } },
{ "type": "Feature", "properties": { "visible_points": 0, "total_points": 120, "visibility_pct": 0.0 }, "geometry": { "type": "Point", "coordinates": [ -2.955139188430675, 51.158207035668752 ] } },
{ "type": "Feature", "properties": { "visible_points": 0, "total_points": 120, "visibility_pct": 0.0 }, "geometry": { "type": "Point", "coordinates": [ -2.954941073594672, 51.158208652773105 ] } },
{ "type": "Feature", "properties": { "visible_points": 0, "total_points": 120, "visibility_pct": 0.0 }, "geometry": { "type": "Point", "coordinates": [ -2.954742958739846, 51.15821026954162 ] } },
{ "type": "Feature", "properties": { "visible_points": 0, "total_points": 120, "visibility_pct": 0.0 }, "geometry": { "type": "Point", "coordinates": [ -2.954544843866204, 51.158211885974296 ] } },
{ "type": "Feature", "properties": { "visible_points": 0, "total_points": 120, "visibility_pct": 0.0 }, "geometry": { "type": "Point", "coordinates": [ -2.954346728973746, 51.158213502071135 ] } },
{ "type": "Feature", "properties": { "visible_points": 0, "total_points": 120, "visibility_pct": 0.0 }, "geometry": { "type": "Point", "coordinates": [ -2.954148614062481, 51.158215117832128 ] } },
{ "type": "Feature", "properties": { "visible_points": 3, "total_points": 120, "visibility_pct": 2.5 }, "geometry": { "type": "Point", "coordinates": [ -2.953950499132411, 51.158216733257284 ] } },
{ "type": "Feature", "properties": { "visible_points": 10, "total_points": 120, "visibility_pct": 8.3333333333333321 }, "geometry": { "type": "Point", "coordinates": [ -2.953752384183539, 51.158218348346601 ] } },
{ "type": "Feature", "properties": { "visible_points": 13, "total_points": 117, "visibility_pct": 11.111111111111111 }, "geometry": { "type": "Point", "coordinates": [ -2.953554269215865, 51.158219963100109 ] } },
{ "type": "Feature", "properties": { "visible_points": 19, "total_points": 114, "visibility_pct": 16.666666666666664 }, "geometry": { "type": "Point", "coordinates": [ -2.953356154229399, 51.15822157751775 ] } },
{ "type": "Feature", "properties": { "visible_points": 12, "total_points": 109, "visibility_pct": 11.009174311926607 }, "geometry": { "type": "Point", "coordinates": [ -2.953158039224142, 51.158223191599546 ] } },
{ "type": "Feature", "properties": { "visible_points": 0, "total_points": 79, "visibility_pct": 0.0 }, "geometry": { "type": "Point", "coordinates": [ -2.961580157942648, 51.158262186814639 ] } },
{ "type": "Feature", "properties": { "visible_points": 0, "total_points": 92, "visibility_pct": 0.0 }, "geometry": { "type": "Point", "coordinates": [ -2.961382043242983, 51.158263814829077 ] } },
{ "type": "Feature", "properties": { "visible_points": 0, "total_points": 104, "visibility_pct": 0.0 }, "geometry": { "type": "Point", "coordinates": [ -2.961183928524366, 51.15826544250767 ] } },
{ "type": "Feature", "properties": { "visible_points": 13, "total_points": 114, "visibility_pct": 11.403508771929824 }, "geometry": { "type": "Point", "coordinates": [ -2.960985813786811, 51.158267069850424 ] } },
{ "type": "Feature", "properties": { "visible_points": 22, "total_points": 120, "visibility_pct": 18.333333333333332 }, "geometry": { "type": "Point", "coordinates": [ -2.960787699030309, 51.158268696857327 ] } },
{ "type": "Feature", "properties": { "visible_points": 32, "total_points": 120, "visibility_pct": 26.666666666666668 }, "geometry": { "type": "Point", "coordinates": [ -2.960589584254868, 51.158270323528392 ] } },
{ "type": "Feature", "properties": { "visible_points": 40, "total_points": 120, "visibility_pct": 33.333333333333329 }, "geometry": { "type": "Point", "coordinates": [ -2.960391469460495, 51.158271949863639 ] } },
{ "type": "Feature", "properties": { "visible_points": 46, "total_points": 120, "visibility_pct": 38.333333333333336 }, "geometry": { "type": "Point", "coordinates": [ -2.960193354647187, 51.158273575863021 ] } },
{ "type": "Feature", "properties": { "visible_points": 47, "total_points": 120, "visibility_pct": 39.166666666666664 }, "geometry": { "type": "Point", "coordinates": [ -2.959995239814957, 51.158275201526564 ] } },
{ "type": "Feature", "properties": { "visible_points": 39, "total_points": 120, "visibility_pct": 32.5 }, "geometry": { "type": "Point", "coordinates": [ -2.959797124963803, 51.158276826854269 ] } },
{ "type": "Feature", "properties": { "visible_points": 33, "total_points": 118, "visibility_pct": 27.966101694915253 }, "geometry": { "type": "Point", "coordinates": [ -2.959599010093731, 51.15827845184613 ] } },
{ "type": "Feature", "properties": { "visible_points": 32, "total_points": 118, "visibility_pct": 27.118644067796609 }, "geometry": { "type": "Point", "coordinates": [ -2.959400895204741, 51.15828007650218 ] } },
{ "type": "Feature", "properties": { "visible_points": 0, "total_points": 117, "visibility_pct": 0.0 }, "geometry": { "type": "Point", "coordinates": [ -2.959202780296844, 51.158281700822364 ] } },
{ "type": "Feature", "properties": { "visible_points": 0, "total_points": 117, "visibility_pct": 0.0 }, "geometry": { "type": "Point", "coordinates": [ -2.959004665370044, 51.15828332480671 ] } },
{ "type": "Feature", "properties": { "visible_points": 20, "total_points": 117, "visibility_pct": 17.094017094017094 }, "geometry": { "type": "Point", "coordinates": [ -2.95801409045256, 51.158291439690849 ] } },
{ "type": "Feature", "properties": { "visible_points": 19, "total_points": 117, "visibility_pct": 16.239316239316238 }, "geometry": { "type": "Point", "coordinates": [ -2.957815975412395, 51.158293061660167 ] } },
{ "type": "Feature", "properties": { "visible_points": 6, "total_points": 117, "visibility_pct": 5.1282051282051277 }, "geometry": { "type": "Point", "coordinates": [ -2.957617860353357, 51.158294683293633 ] } },
{ "type": "Feature", "properties": { "visible_points": 18, "total_points": 118, "visibility_pct": 15.254237288135593 }, "geometry": { "type": "Point", "coordinates": [ -2.957419745275441, 51.158296304591261 ] } },
{ "type": "Feature", "properties": { "visible_points": 30, "total_points": 119, "visibility_pct": 25.210084033613445 }, "geometry": { "type": "Point", "coordinates": [ -2.957221630178656, 51.158297925553057 ] } },
{ "type": "Feature", "properties": { "visible_points": 29, "total_points": 120, "visibility_pct": 24.166666666666668 }, "geometry": { "type": "Point", "coordinates": [ -2.957023515063, 51.158299546179016 ] } },
{ "type": "Feature", "properties": { "visible_points": 33, "total_points": 120, "visibility_pct": 27.5 }, "geometry": { "type": "Point", "coordinates": [ -2.956825399928485, 51.158301166469109 ] } },
{ "type": "Feature", "properties": { "visible_points": 34, "total_points": 120, "visibility_pct": 28.333333333333332 }, "geometry": { "type": "Point", "coordinates": [ -2.956627284775107, 51.158302786423391 ] } },
{ "type": "Feature", "properties": { "visible_points": 34, "total_points": 120, "visibility_pct": 28.333333333333332 }, "geometry": { "type": "Point", "coordinates": [ -2.956429169602875, 51.158304406041808 ] } },
{ "type": "Feature", "properties": { "visible_points": 22, "total_points": 120, "visibility_pct": 18.333333333333332 }, "geometry": { "type": "Point", "coordinates": [ -2.956231054411797, 51.158306025324414 ] } },
{ "type": "Feature", "properties": { "visible_points": 0, "total_points": 120, "visibility_pct": 0.0 }, "geometry": { "type": "Point", "coordinates": [ -2.95603293920186, 51.158307644271154 ] } },
{ "type": "Feature", "properties": { "visible_points": 11, "total_points": 120, "visibility_pct": 9.1666666666666661 }, "geometry": { "type": "Point", "coordinates": [ -2.95583482397309, 51.158309262882071 ] } },
{ "type": "Feature", "properties": { "visible_points": 13, "total_points": 120, "visibility_pct": 10.833333333333334 }, "geometry": { "type": "Point", "coordinates": [ -2.955636708725476, 51.158310881157149 ] } },
{ "type": "Feature", "properties": { "visible_points": 12, "total_points": 120, "visibility_pct": 10.0 }, "geometry": { "type": "Point", "coordinates": [ -2.955438593459024, 51.158312499096382 ] } },
{ "type": "Feature", "properties": { "visible_points": 0, "total_points": 120, "visibility_pct": 0.0 }, "geometry": { "type": "Point", "coordinates": [ -2.955240478173747, 51.158314116699771 ] } },
{ "type": "Feature", "properties": { "visible_points": 0, "total_points": 120, "visibility_pct": 0.0 }, "geometry": { "type": "Point", "coordinates": [ -2.955042362869639, 51.158315733967342 ] } },
{ "type": "Feature", "properties": { "visible_points": 0, "total_points": 120, "visibility_pct": 0.0 }, "geometry": { "type": "Point", "coordinates": [ -2.954844247546705, 51.158317350899054 ] } },
{ "type": "Feature", "properties": { "visible_points": 0, "total_points": 120, "visibility_pct": 0.0 }, "geometry": { "type": "Point", "coordinates": [ -2.954646132204956, 51.158318967494928 ] } },
{ "type": "Feature", "properties": { "visible_points": 0, "total_points": 120, "visibility_pct": 0.0 }, "geometry": { "type": "Point", "coordinates": [ -2.95444801684439, 51.158320583754971 ] } },
{ "type": "Feature", "properties": { "visible_points": 0, "total_points": 120, "visibility_pct": 0.0 }, "geometry": { "type": "Point", "coordinates": [ -2.954249901465004, 51.158322199679169 ] } },
{ "type": "Feature", "properties": { "visible_points": 0, "total_points": 120, "visibility_pct": 0.0 }, "geometry": { "type": "Point", "coordinates": [ -2.954051786066823, 51.158323815267536 ] } },
{ "type": "Feature", "properties": { "visible_points": 2, "total_points": 120, "visibility_pct": 1.6666666666666667 }, "geometry": { "type": "Point", "coordinates": [ -2.95385367064983, 51.15832543052003 ] } },
{ "type": "Feature", "properties": { "visible_points": 9, "total_points": 119, "visibility_pct": 7.5630252100840334 }, "geometry": { "type": "Point", "coordinates": [ -2.953655555214037, 51.158327045436721 ] } },
{ "type": "Feature", "properties": { "visible_points": 17, "total_points": 116, "visibility_pct": 14.655172413793101 }, "geometry": { "type": "Point", "coordinates": [ -2.953457439759454, 51.158328660017567 ] } },
{ "type": "Feature", "properties": { "visible_points": 19, "total_points": 111, "visibility_pct": 17.117117117117118 }, "geometry": { "type": "Point", "coordinates": [ -2.95325932428607, 51.158330274262575 ] } },
{ "type": "Feature", "properties": { "visible_points": 11, "total_points": 103, "visibility_pct": 10.679611650485436 }, "geometry": { "type": "Point", "coordinates": [ -2.953061208793907, 51.158331888171723 ] } },
{ "type": "Feature", "properties": { "visible_points": 4, "total_points": 74, "visibility_pct": 5.4054054054054053 }, "geometry": { "type": "Point", "coordinates": [ -2.961681463150923, 51.158369262541335 ] } },
{ "type": "Feature", "properties": { "visible_points": 8, "total_points": 87, "visibility_pct": 9.1954022988505741 }, "geometry": { "type": "Point", "coordinates": [ -2.961483347983224, 51.15837089071902 ] } },
{ "type": "Feature", "properties": { "visible_points": 0, "total_points": 99, "visibility_pct": 0.0 }, "geometry": { "type": "Point", "coordinates": [ -2.961285232796566, 51.158372518560846 ] } },
{ "type": "Feature", "properties": { "visible_points": 20, "total_points": 111, "visibility_pct": 18.018018018018019 }, "geometry": { "type": "Point", "coordinates": [ -2.961087117590964, 51.158374146066848 ] } },
{ "type": "Feature", "properties": { "visible_points": 0, "total_points": 120, "visibility_pct": 0.0 }, "geometry": { "type": "Point", "coordinates": [ -2.960889002366417, 51.15837577323699 ] } },
{ "type": "Feature", "properties": { "visible_points": 0, "total_points": 120, "visibility_pct": 0.0 }, "geometry": { "type": "Point", "coordinates": [ -2.960690887122932, 51.158377400071309 ] } },
{ "type": "Feature", "properties": { "visible_points": 0, "total_points": 120, "visibility_pct": 0.0 }, "geometry": { "type": "Point", "coordinates": [ -2.960492771860506, 51.158379026569776 ] } },
{ "type": "Feature", "properties": { "visible_points": 42, "total_points": 120, "visibility_pct": 35.0 }, "geometry": { "type": "Point", "coordinates": [ -2.960294656579151, 51.158380652732411 ] } },
{ "type": "Feature", "properties": { "visible_points": 42, "total_points": 120, "visibility_pct": 35.0 }, "geometry": { "type": "Point", "coordinates": [ -2.960096541278867, 51.158382278559202 ] } },
{ "type": "Feature", "properties": { "visible_points": 31, "total_points": 120, "visibility_pct": 25.833333333333336 }, "geometry": { "type": "Point", "coordinates": [ -2.959898425959657, 51.158383904050147 ] } },
{ "type": "Feature", "properties": { "visible_points": 0, "total_points": 119, "visibility_pct": 0.0 }, "geometry": { "type": "Point", "coordinates": [ -2.959700310621525, 51.158385529205241 ] } },
{ "type": "Feature", "properties": { "visible_points": 25, "total_points": 118, "visibility_pct": 21.1864406779661 }, "geometry": { "type": "Point", "coordinates": [ -2.95950219526448, 51.158387154024496 ] } },
{ "type": "Feature", "properties": { "visible_points": 0, "total_points": 118, "visibility_pct": 0.0 }, "geometry": { "type": "Point", "coordinates": [ -2.95930407988852, 51.158388778507927 ] } },
{ "type": "Feature", "properties": { "visible_points": 0, "total_points": 117, "visibility_pct": 0.0 }, "geometry": { "type": "Point", "coordinates": [ -2.959105964493651, 51.15839040265552 ] } },
{ "type": "Feature", "properties": { "visible_points": 27, "total_points": 117, "visibility_pct": 23.076923076923077 }, "geometry": { "type": "Point", "coordinates": [ -2.958115387235814, 51.158398518355796 ] } },
{ "type": "Feature", "properties": { "visible_points": 27, "total_points": 117, "visibility_pct": 23.076923076923077 }, "geometry": { "type": "Point", "coordinates": [ -2.957917271727579, 51.158400140488332 ] } },
{ "type": "Feature", "properties": { "visible_points": 25, "total_points": 117, "visibility_pct": 21.367521367521366 }, "geometry": { "type": "Point", "coordinates": [ -2.957719156200456, 51.158401762285017 ] } },
{ "type": "Feature", "properties": { "visible_points": 7, "total_points": 117, "visibility_pct": 5.982905982905983 }, "geometry": { "type": "Point", "coordinates": [ -2.957521040654462, 51.15840338374587 ] } },
{ "type": "Feature", "properties": { "visible_points": 0, "total_points": 119, "visibility_pct": 0.0 }, "geometry": { "type": "Point", "coordinates": [ -2.95732292508959, 51.158405004870886 ] } },
{ "type": "Feature", "properties": { "visible_points": 33, "total_points": 120, "visibility_pct": 27.5 }, "geometry": { "type": "Point", "coordinates": [ -2.957124809505853, 51.158406625660042 ] } },
{ "type": "Feature", "properties": { "visible_points": 31, "total_points": 120, "visibility_pct": 25.833333333333336 }, "geometry": { "type": "Point", "coordinates": [ -2.956926693903247, 51.158408246113368 ] } },
{ "type": "Feature", "properties": { "visible_points": 29, "total_points": 120, "visibility_pct": 24.166666666666668 }, "geometry": { "type": "Point", "coordinates": [ -2.956728578281782, 51.158409866230862 ] } },
{ "type": "Feature", "properties": { "visible_points": 35, "total_points": 120, "visibility_pct": 29.166666666666668 }, "geometry": { "type": "Point", "coordinates": [ -2.956530462641458, 51.158411486012504 ] } },
{ "type": "Feature", "properties": { "visible_points": 32, "total_points": 120, "visibility_pct": 26.666666666666668 }, "geometry": { "type": "Point", "coordinates": [ -2.956332346982281, 51.158413105458322 ] } },
{ "type": "Feature", "properties": { "visible_points": 15, "total_points": 120, "visibility_pct": 12.5 }, "geometry": { "type": "Point", "coordinates": [ -2.956134231304255, 51.158414724568274 ] } },
{ "type": "Feature", "properties": { "visible_points": 15, "total_points": 120, "visibility_pct": 12.5 }, "geometry": { "type": "Point", "coordinates": [ -2.955936115607384, 51.158416343342402 ] } },
{ "type": "Feature", "properties": { "visible_points": 17, "total_points": 120, "visibility_pct": 14.166666666666666 }, "geometry": { "type": "Point", "coordinates": [ -2.95573799989167, 51.158417961780692 ] } },
{ "type": "Feature", "properties": { "visible_points": 20, "total_points": 120, "visibility_pct": 16.666666666666664 }, "geometry": { "type": "Point", "coordinates": [ -2.955539884157117, 51.158419579883137 ] } },
{ "type": "Feature", "properties": { "visible_points": 0, "total_points": 120, "visibility_pct": 0.0 }, "geometry": { "type": "Point", "coordinates": [ -2.955341768403732, 51.158421197649723 ] } },
{ "type": "Feature", "properties": { "visible_points": 0, "total_points": 120, "visibility_pct": 0.0 }, "geometry": { "type": "Point", "coordinates": [ -2.955143652631519, 51.158422815080492 ] } },
{ "type": "Feature", "properties": { "visible_points": 0, "total_points": 120, "visibility_pct": 0.0 }, "geometry": { "type": "Point", "coordinates": [ -2.954945536840478, 51.158424432175423 ] } },
{ "type": "Feature", "properties": { "visible_points": 0, "total_points": 120, "visibility_pct": 0.0 }, "geometry": { "type": "Point", "coordinates": [ -2.954747421030614, 51.158426048934508 ] } },
{ "type": "Feature", "properties": { "visible_points": 0, "total_points": 120, "visibility_pct": 0.0 }, "geometry": { "type": "Point", "coordinates": [ -2.954549305201934, 51.158427665357742 ] } },
{ "type": "Feature", "properties": { "visible_points": 0, "total_points": 120, "visibility_pct": 0.0 }, "geometry": { "type": "Point", "coordinates": [ -2.954351189354439, 51.158429281445137 ] } },
{ "type": "Feature", "properties": { "visible_points": 0, "total_points": 120, "visibility_pct": 0.0 }, "geometry": { "type": "Point", "coordinates": [ -2.954153073488135, 51.158430897196695 ] } },
{ "type": "Feature", "properties": { "visible_points": 0, "total_points": 120, "visibility_pct": 0.0 }, "geometry": { "type": "Point", "coordinates": [ -2.953954957603023, 51.158432512612407 ] } },
{ "type": "Feature", "properties": { "visible_points": 1, "total_points": 120, "visibility_pct": 0.83333333333333337 }, "geometry": { "type": "Point", "coordinates": [ -2.953756841699114, 51.158434127692281 ] } },
{ "type": "Feature", "properties": { "visible_points": 12, "total_points": 118, "visibility_pct": 10.16949152542373 }, "geometry": { "type": "Point", "coordinates": [ -2.9535587257764, 51.158435742436325 ] } },
{ "type": "Feature", "properties": { "visible_points": 16, "total_points": 114, "visibility_pct": 14.035087719298245 }, "geometry": { "type": "Point", "coordinates": [ -2.953360609834896, 51.158437356844516 ] } },
{ "type": "Feature", "properties": { "visible_points": 16, "total_points": 105, "visibility_pct": 15.238095238095239 }, "geometry": { "type": "Point", "coordinates": [ -2.953162493874598, 51.158438970916876 ] } },
{ "type": "Feature", "properties": { "visible_points": 10, "total_points": 95, "visibility_pct": 10.526315789473683 }, "geometry": { "type": "Point", "coordinates": [ -2.952964377895519, 51.158440584653398 ] } },
{ "type": "Feature", "properties": { "visible_points": 5, "total_points": 84, "visibility_pct": 5.9523809523809517 }, "geometry": { "type": "Point", "coordinates": [ -2.952766261897655, 51.158442198054061 ] } },
{ "type": "Feature", "properties": { "visible_points": 0, "total_points": 83, "visibility_pct": 0.0 }, "geometry": { "type": "Point", "coordinates": [ -2.961584653210436, 51.15847796652784 ] } },
{ "type": "Feature", "properties": { "visible_points": 27, "total_points": 95, "visibility_pct": 28.421052631578945 }, "geometry": { "type": "Point", "coordinates": [ -2.961386537555738, 51.15847959453292 ] } },
{ "type": "Feature", "properties": { "visible_points": 31, "total_points": 107, "visibility_pct": 28.971962616822427 }, "geometry": { "type": "Point", "coordinates": [ -2.961188421882091, 51.158481222202163 ] } },
{ "type": "Feature", "properties": { "visible_points": 34, "total_points": 117, "visibility_pct": 29.059829059829063 }, "geometry": { "type": "Point", "coordinates": [ -2.960990306189496, 51.158482849535567 ] } },
{ "type": "Feature", "properties": { "visible_points": 26, "total_points": 120, "visibility_pct": 21.666666666666668 }, "geometry": { "type": "Point", "coordinates": [ -2.960792190477966, 51.158484476533118 ] } },
{ "type": "Feature", "properties": { "visible_points": 0, "total_points": 120, "visibility_pct": 0.0 }, "geometry": { "type": "Point", "coordinates": [ -2.960594074747485, 51.158486103194832 ] } },
{ "type": "Feature", "properties": { "visible_points": 0, "total_points": 120, "visibility_pct": 0.0 }, "geometry": { "type": "Point", "coordinates": [ -2.960395958998078, 51.158487729520701 ] } },
{ "type": "Feature", "properties": { "visible_points": 29, "total_points": 120, "visibility_pct": 24.166666666666668 }, "geometry": { "type": "Point", "coordinates": [ -2.960197843229739, 51.158489355510731 ] } },
{ "type": "Feature", "properties": { "visible_points": 28, "total_points": 120, "visibility_pct": 23.333333333333332 }, "geometry": { "type": "Point", "coordinates": [ -2.959999727442471, 51.15849098116491 ] } },
{ "type": "Feature", "properties": { "visible_points": 0, "total_points": 120, "visibility_pct": 0.0 }, "geometry": { "type": "Point", "coordinates": [ -2.959801611636281, 51.15849260648325 ] } },
{ "type": "Feature", "properties": { "visible_points": 3, "total_points": 119, "visibility_pct": 2.5210084033613445 }, "geometry": { "type": "Point", "coordinates": [ -2.959603495811172, 51.158494231465745 ] } },
{ "type": "Feature", "properties": { "visible_points": 12, "total_points": 118, "visibility_pct": 10.16949152542373 }, "geometry": { "type": "Point", "coordinates": [ -2.959405379967151, 51.158495856112388 ] } },
{ "type": "Feature", "properties": { "visible_points": 20, "total_points": 117, "visibility_pct": 17.094017094017094 }, "geometry": { "type": "Point", "coordinates": [ -2.958414800463449, 51.158503974308047 ] } },
{ "type": "Feature", "properties": { "visible_points": 23, "total_points": 117, "visibility_pct": 19.658119658119659 }, "geometry": { "type": "Point", "coordinates": [ -2.958216684506016, 51.158505596939648 ] } },
{ "type": "Feature", "properties": { "visible_points": 23, "total_points": 117, "visibility_pct": 19.658119658119659 }, "geometry": { "type": "Point", "coordinates": [ -2.958018568529703, 51.158507219235403 ] } },
{ "type": "Feature", "properties": { "visible_points": 26, "total_points": 117, "visibility_pct": 22.222222222222221 }, "geometry": { "type": "Point", "coordinates": [ -2.9578204525345, 51.158508841195307 ] } },
{ "type": "Feature", "properties": { "visible_points": 22, "total_points": 117, "visibility_pct": 18.803418803418804 }, "geometry": { "type": "Point", "coordinates": [ -2.957622336520422, 51.1585104628194 ] } },
{ "type": "Feature", "properties": { "visible_points": 0, "total_points": 119, "visibility_pct": 0.0 }, "geometry": { "type": "Point", "coordinates": [ -2.957424220487467, 51.158512084107628 ] } },
{ "type": "Feature", "properties": { "visible_points": 34, "total_points": 120, "visibility_pct": 28.333333333333332 }, "geometry": { "type": "Point", "coordinates": [ -2.957226104435639, 51.158513705060031 ] } },
{ "type": "Feature", "properties": { "visible_points": 37, "total_points": 120, "visibility_pct": 30.833333333333336 }, "geometry": { "type": "Point", "coordinates": [ -2.957027988364945, 51.158515325676568 ] } },
{ "type": "Feature", "properties": { "visible_points": 32, "total_points": 120, "visibility_pct": 26.666666666666668 }, "geometry": { "type": "Point", "coordinates": [ -2.95682987227539, 51.158516945957267 ] } },
{ "type": "Feature", "properties": { "visible_points": 33, "total_points": 120, "visibility_pct": 27.5 }, "geometry": { "type": "Point", "coordinates": [ -2.956631756166971, 51.158518565902142 ] } },
{ "type": "Feature", "properties": { "visible_points": 32, "total_points": 120, "visibility_pct": 26.666666666666668 }, "geometry": { "type": "Point", "coordinates": [ -2.9564336400397, 51.158520185511151 ] } },
{ "type": "Feature", "properties": { "visible_points": 29, "total_points": 120, "visibility_pct": 24.166666666666668 }, "geometry": { "type": "Point", "coordinates": [ -2.956235523893573, 51.158521804784321 ] } },
{ "type": "Feature", "properties": { "visible_points": 15, "total_points": 120, "visibility_pct": 12.5 }, "geometry": { "type": "Point", "coordinates": [ -2.956037407728604, 51.158523423721675 ] } },
{ "type": "Feature", "properties": { "visible_points": 16, "total_points": 120, "visibility_pct": 13.333333333333334 }, "geometry": { "type": "Point", "coordinates": [ -2.955839291544788, 51.15852504232317 ] } },
{ "type": "Feature", "properties": { "visible_points": 19, "total_points": 120, "visibility_pct": 15.833333333333332 }, "geometry": { "type": "Point", "coordinates": [ -2.955641175342131, 51.158526660588826 ] } },
{ "type": "Feature", "properties": { "visible_points": 16, "total_points": 120, "visibility_pct": 13.333333333333334 }, "geometry": { "type": "Point", "coordinates": [ -2.955443059120641, 51.158528278518624 ] } },
{ "type": "Feature", "properties": { "visible_points": 9, "total_points": 120, "visibility_pct": 7.5 }, "geometry": { "type": "Point", "coordinates": [ -2.955244942880315, 51.158529896112604 ] } },
{ "type": "Feature", "properties": { "visible_points": 0, "total_points": 120, "visibility_pct": 0.0 }, "geometry": { "type": "Point", "coordinates": [ -2.955046826621167, 51.15853151337074 ] } },
{ "type": "Feature", "properties": { "visible_points": 0, "total_points": 120, "visibility_pct": 0.0 }, "geometry": { "type": "Point", "coordinates": [ -2.954848710343188, 51.158533130293002 ] } },
{ "type": "Feature", "properties": { "visible_points": 0, "total_points": 120, "visibility_pct": 0.0 }, "geometry": { "type": "Point", "coordinates": [ -2.954650594046395, 51.158534746879454 ] } },
{ "type": "Feature", "properties": { "visible_points": 0, "total_points": 120, "visibility_pct": 0.0 }, "geometry": { "type": "Point", "coordinates": [ -2.954452477730785, 51.158536363130047 ] } },
{ "type": "Feature", "properties": { "visible_points": 0, "total_points": 120, "visibility_pct": 0.0 }, "geometry": { "type": "Point", "coordinates": [ -2.954254361396357, 51.158537979044802 ] } },
{ "type": "Feature", "properties": { "visible_points": 0, "total_points": 120, "visibility_pct": 0.0 }, "geometry": { "type": "Point", "coordinates": [ -2.954056245043129, 51.158539594623718 ] } },
{ "type": "Feature", "properties": { "visible_points": 0, "total_points": 120, "visibility_pct": 0.0 }, "geometry": { "type": "Point", "coordinates": [ -2.953858128671089, 51.158541209866812 ] } },
{ "type": "Feature", "properties": { "visible_points": 8, "total_points": 120, "visibility_pct": 6.666666666666667 }, "geometry": { "type": "Point", "coordinates": [ -2.953660012280254, 51.158542824774031 ] } },
{ "type": "Feature", "properties": { "visible_points": 16, "total_points": 118, "visibility_pct": 13.559322033898304 }, "geometry": { "type": "Point", "coordinates": [ -2.953461895870624, 51.158544439345434 ] } },
{ "type": "Feature", "properties": { "visible_points": 20, "total_points": 108, "visibility_pct": 18.518518518518519 }, "geometry": { "type": "Point", "coordinates": [ -2.953263779442196, 51.15854605358097 ] } },
{ "type": "Feature", "properties": { "visible_points": 17, "total_points": 98, "visibility_pct": 17.346938775510203 }, "geometry": { "type": "Point", "coordinates": [ -2.953065662994984, 51.158547667480683 ] } },
{ "type": "Feature", "properties": { "visible_points": 7, "total_points": 87, "visibility_pct": 8.0459770114942533 }, "geometry": { "type": "Point", "coordinates": [ -2.952867546528985, 51.158549281044543 ] } },
{ "type": "Feature", "properties": { "visible_points": 1, "total_points": 75, "visibility_pct": 1.3333333333333335 }, "geometry": { "type": "Point", "coordinates": [ -2.952669430044207, 51.15855089427258 ] } },
{ "type": "Feature", "properties": { "visible_points": 4, "total_points": 91, "visibility_pct": 4.395604395604396 }, "geometry": { "type": "Point", "coordinates": [ -2.961487842801886, 51.158586670423908 ] } },
{ "type": "Feature", "properties": { "visible_points": 30, "total_points": 103, "visibility_pct": 29.126213592233007 }, "geometry": { "type": "Point", "coordinates": [ -2.961289726660195, 51.158588298256383 ] } },
{ "type": "Feature", "properties": { "visible_points": 37, "total_points": 113, "visibility_pct": 32.743362831858406 }, "geometry": { "type": "Point", "coordinates": [ -2.961091610499549, 51.158589925753034 ] } },
{ "type": "Feature", "properties": { "visible_points": 36, "total_points": 119, "visibility_pct": 30.252100840336134 }, "geometry": { "type": "Point", "coordinates": [ -2.960893494319963, 51.158591552913833 ] } },
{ "type": "Feature", "properties": { "visible_points": 34, "total_points": 120, "visibility_pct": 28.333333333333332 }, "geometry": { "type": "Point", "coordinates": [ -2.960695378121438, 51.158593179738794 ] } },
{ "type": "Feature", "properties": { "visible_points": 37, "total_points": 120, "visibility_pct": 30.833333333333336 }, "geometry": { "type": "Point", "coordinates": [ -2.960497261903973, 51.158594806227896 ] } },
{ "type": "Feature", "properties": { "visible_points": 41, "total_points": 120, "visibility_pct": 34.166666666666664 }, "geometry": { "type": "Point", "coordinates": [ -2.960299145667575, 51.15859643238116 ] } },
{ "type": "Feature", "properties": { "visible_points": 25, "total_points": 120, "visibility_pct": 20.833333333333336 }, "geometry": { "type": "Point", "coordinates": [ -2.960101029412249, 51.158598058198606 ] } },
{ "type": "Feature", "properties": { "visible_points": 0, "total_points": 120, "visibility_pct": 0.0 }, "geometry": { "type": "Point", "coordinates": [ -2.959902913137998, 51.158599683680173 ] } },
{ "type": "Feature", "properties": { "visible_points": 1, "total_points": 120, "visibility_pct": 0.83333333333333337 }, "geometry": { "type": "Point", "coordinates": [ -2.959704796844826, 51.158601308825908 ] } },
{ "type": "Feature", "properties": { "visible_points": 0, "total_points": 119, "visibility_pct": 0.0 }, "geometry": { "type": "Point", "coordinates": [ -2.959506680532738, 51.158602933635784 ] } },
{ "type": "Feature", "properties": { "visible_points": 14, "total_points": 117, "visibility_pct": 11.965811965811966 }, "geometry": { "type": "Point", "coordinates": [ -2.958714215095291, 51.158609429516936 ] } },
{ "type": "Feature", "properties": { "visible_points": 17, "total_points": 117, "visibility_pct": 14.529914529914532 }, "geometry": { "type": "Point", "coordinates": [ -2.958516098688675, 51.158611052647593 ] } },
{ "type": "Feature", "properties": { "visible_points": 27, "total_points": 117, "visibility_pct": 23.076923076923077 }, "geometry": { "type": "Point", "coordinates": [ -2.95831798226317, 51.158612675442427 ] } },
{ "type": "Feature", "properties": { "visible_points": 27, "total_points": 117, "visibility_pct": 23.076923076923077 }, "geometry": { "type": "Point", "coordinates": [ -2.958119865818771, 51.158614297901408 ] } },
{ "type": "Feature", "properties": { "visible_points": 30, "total_points": 117, "visibility_pct": 25.641025641025639 }, "geometry": { "type": "Point", "coordinates": [ -2.957921749355485, 51.158615920024552 ] } },
{ "type": "Feature", "properties": { "visible_points": 30, "total_points": 117, "visibility_pct": 25.641025641025639 }, "geometry": { "type": "Point", "coordinates": [ -2.957723632873326, 51.158617541811843 ] } },
{ "type": "Feature", "properties": { "visible_points": 28, "total_points": 119, "visibility_pct": 23.52941176470588 }, "geometry": { "type": "Point", "coordinates": [ -2.95752551637228, 51.158619163263289 ] } },
{ "type": "Feature", "properties": { "visible_points": 28, "total_points": 120, "visibility_pct": 23.333333333333332 }, "geometry": { "type": "Point", "coordinates": [ -2.957327399852364, 51.158620784378911 ] } },
{ "type": "Feature", "properties": { "visible_points": 0, "total_points": 120, "visibility_pct": 0.0 }, "geometry": { "type": "Point", "coordinates": [ -2.957129283313583, 51.158622405158674 ] } },
{ "type": "Feature", "properties": { "visible_points": 26, "total_points": 120, "visibility_pct": 21.666666666666668 }, "geometry": { "type": "Point", "coordinates": [ -2.956931166755929, 51.158624025602606 ] } },
{ "type": "Feature", "properties": { "visible_points": 22, "total_points": 120, "visibility_pct": 18.333333333333332 }, "geometry": { "type": "Point", "coordinates": [ -2.95673305017942, 51.158625645710686 ] } },
{ "type": "Feature", "properties": { "visible_points": 31, "total_points": 120, "visibility_pct": 25.833333333333336 }, "geometry": { "type": "Point", "coordinates": [ -2.956534933584046, 51.158627265482927 ] } },
{ "type": "Feature", "properties": { "visible_points": 31, "total_points": 120, "visibility_pct": 25.833333333333336 }, "geometry": { "type": "Point", "coordinates": [ -2.956336816969825, 51.158628884919324 ] } },
{ "type": "Feature", "properties": { "visible_points": 22, "total_points": 120, "visibility_pct": 18.333333333333332 }, "geometry": { "type": "Point", "coordinates": [ -2.956138700336752, 51.158630504019861 ] } },
{ "type": "Feature", "properties": { "visible_points": 0, "total_points": 120, "visibility_pct": 0.0 }, "geometry": { "type": "Point", "coordinates": [ -2.955940583684832, 51.158632122784567 ] } },
{ "type": "Feature", "properties": { "visible_points": 13, "total_points": 120, "visibility_pct": 10.833333333333334 }, "geometry": { "type": "Point", "coordinates": [ -2.955742467014067, 51.158633741213421 ] } },
{ "type": "Feature", "properties": { "visible_points": 16, "total_points": 120, "visibility_pct": 13.333333333333334 }, "geometry": { "type": "Point", "coordinates": [ -2.95554435032447, 51.158635359306437 ] } },
{ "type": "Feature", "properties": { "visible_points": 14, "total_points": 120, "visibility_pct": 11.666666666666666 }, "geometry": { "type": "Point", "coordinates": [ -2.955346233616037, 51.15863697706363 ] } },
{ "type": "Feature", "properties": { "visible_points": 13, "total_points": 120, "visibility_pct": 10.833333333333334 }, "geometry": { "type": "Point", "coordinates": [ -2.955148116888772, 51.15863859448497 ] } },
{ "type": "Feature", "properties": { "visible_points": 0, "total_points": 120, "visibility_pct": 0.0 }, "geometry": { "type": "Point", "coordinates": [ -2.954950000142684, 51.158640211570436 ] } },
{ "type": "Feature", "properties": { "visible_points": 0, "total_points": 120, "visibility_pct": 0.0 }, "geometry": { "type": "Point", "coordinates": [ -2.95475188337777, 51.158641828320093 ] } },
{ "type": "Feature", "properties": { "visible_points": 0, "total_points": 120, "visibility_pct": 0.0 }, "geometry": { "type": "Point", "coordinates": [ -2.95455376659404, 51.158643444733904 ] } },
{ "type": "Feature", "properties": { "visible_points": 0, "total_points": 120, "visibility_pct": 0.0 }, "geometry": { "type": "Point", "coordinates": [ -2.954355649791494, 51.158645060811878 ] } },
{ "type": "Feature", "properties": { "visible_points": 0, "total_points": 120, "visibility_pct": 0.0 }, "geometry": { "type": "Point", "coordinates": [ -2.954157532970141, 51.158646676553971 ] } },
{ "type": "Feature", "properties": { "visible_points": 0, "total_points": 120, "visibility_pct": 0.0 }, "geometry": { "type": "Point", "coordinates": [ -2.95395941612998, 51.158648291960255 ] } },
{ "type": "Feature", "properties": { "visible_points": 0, "total_points": 120, "visibility_pct": 0.0 }, "geometry": { "type": "Point", "coordinates": [ -2.953761299271017, 51.158649907030693 ] } },
{ "type": "Feature", "properties": { "visible_points": 13, "total_points": 120, "visibility_pct": 10.833333333333334 }, "geometry": { "type": "Point", "coordinates": [ -2.953563182393251, 51.158651521765272 ] } },
{ "type": "Feature", "properties": { "visible_points": 22, "total_points": 113, "visibility_pct": 19.469026548672566 }, "geometry": { "type": "Point", "coordinates": [ -2.953365065496697, 51.158653136164034 ] } },
{ "type": "Feature", "properties": { "visible_points": 19, "total_points": 102, "visibility_pct": 18.627450980392158 }, "geometry": { "type": "Point", "coordinates": [ -2.953166948581348, 51.158654750226916 ] } },
{ "type": "Feature", "properties": { "visible_points": 11, "total_points": 90, "visibility_pct": 12.222222222222221 }, "geometry": { "type": "Point", "coordinates": [ -2.952968831647215, 51.15865636395398 ] } },
{ "type": "Feature", "properties": { "visible_points": 1, "total_points": 78, "visibility_pct": 1.2820512820512819 }, "geometry": { "type": "Point", "coordinates": [ -2.952770714694298, 51.158657977345193 ] } },
{ "type": "Feature", "properties": { "visible_points": 2, "total_points": 87, "visibility_pct": 2.2988505747126435 }, "geometry": { "type": "Point", "coordinates": [ -2.961589148535015, 51.158693746233773 ] } },
{ "type": "Feature", "properties": { "visible_points": 33, "total_points": 99, "visibility_pct": 33.333333333333329 }, "geometry": { "type": "Point", "coordinates": [ -2.961391031925274, 51.158695374229509 ] } },
{ "type": "Feature", "properties": { "visible_points": 37, "total_points": 109, "visibility_pct": 33.944954128440372 }, "geometry": { "type": "Point", "coordinates": [ -2.961192915296581, 51.158697001889394 ] } },
{ "type": "Feature", "properties": { "visible_points": 40, "total_points": 116, "visibility_pct": 34.482758620689658 }, "geometry": { "type": "Point", "coordinates": [ -2.960994798648942, 51.15869862921344 ] } },
{ "type": "Feature", "properties": { "visible_points": 39, "total_points": 120, "visibility_pct": 32.5 }, "geometry": { "type": "Point", "coordinates": [ -2.960796681982361, 51.158700256201641 ] } },
{ "type": "Feature", "properties": { "visible_points": 42, "total_points": 120, "visibility_pct": 35.0 }, "geometry": { "type": "Point", "coordinates": [ -2.960598565296839, 51.158701882854004 ] } },
{ "type": "Feature", "properties": { "visible_points": 45, "total_points": 120, "visibility_pct": 37.5 }, "geometry": { "type": "Point", "coordinates": [ -2.960400448592383, 51.1587035091705 ] } },
{ "type": "Feature", "properties": { "visible_points": 48, "total_points": 120, "visibility_pct": 40.0 }, "geometry": { "type": "Point", "coordinates": [ -2.960202331868998, 51.158705135151173 ] } },
{ "type": "Feature", "properties": { "visible_points": 38, "total_points": 120, "visibility_pct": 31.666666666666664 }, "geometry": { "type": "Point", "coordinates": [ -2.960004215126683, 51.15870676079598 ] } },
{ "type": "Feature", "properties": { "visible_points": 34, "total_points": 120, "visibility_pct": 28.333333333333332 }, "geometry": { "type": "Point", "coordinates": [ -2.959806098365444, 51.158708386104969 ] } },
{ "type": "Feature", "properties": { "visible_points": 30, "total_points": 120, "visibility_pct": 25.0 }, "geometry": { "type": "Point", "coordinates": [ -2.959607981585289, 51.158710011078099 ] } },
{ "type": "Feature", "properties": { "visible_points": 34, "total_points": 119, "visibility_pct": 28.571428571428569 }, "geometry": { "type": "Point", "coordinates": [ -2.959409864786218, 51.15871163571537 ] } },
{ "type": "Feature", "properties": { "visible_points": 31, "total_points": 118, "visibility_pct": 26.271186440677969 }, "geometry": { "type": "Point", "coordinates": [ -2.959211747968237, 51.15871326001681 ] } },
{ "type": "Feature", "properties": { "visible_points": 27, "total_points": 118, "visibility_pct": 22.881355932203391 }, "geometry": { "type": "Point", "coordinates": [ -2.959013631131344, 51.158714883982405 ] } },
{ "type": "Feature", "properties": { "visible_points": 22, "total_points": 118, "visibility_pct": 18.64406779661017 }, "geometry": { "type": "Point", "coordinates": [ -2.958815514275555, 51.158716507612169 ] } },
{ "type": "Feature", "properties": { "visible_points": 0, "total_points": 117, "visibility_pct": 0.0 }, "geometry": { "type": "Point", "coordinates": [ -2.958617397400858, 51.158718130906045 ] } },
{ "type": "Feature", "properties": { "visible_points": 25, "total_points": 117, "visibility_pct": 21.367521367521366 }, "geometry": { "type": "Point", "coordinates": [ -2.95841928050727, 51.158719753864112 ] } },
{ "type": "Feature", "properties": { "visible_points": 28, "total_points": 117, "visibility_pct": 23.931623931623932 }, "geometry": { "type": "Point", "coordinates": [ -2.958221163594792, 51.158721376486334 ] } },
{ "type": "Feature", "properties": { "visible_points": 29, "total_points": 117, "visibility_pct": 24.786324786324787 }, "geometry": { "type": "Point", "coordinates": [ -2.958023046663427, 51.158722998772703 ] } },
{ "type": "Feature", "properties": { "visible_points": 35, "total_points": 117, "visibility_pct": 29.914529914529915 }, "geometry": { "type": "Point", "coordinates": [ -2.957824929713174, 51.158724620723206 ] } },
{ "type": "Feature", "properties": { "visible_points": 30, "total_points": 120, "visibility_pct": 25.0 }, "geometry": { "type": "Point", "coordinates": [ -2.95762681274404, 51.158726242337899 ] } },
{ "type": "Feature", "properties": { "visible_points": 31, "total_points": 120, "visibility_pct": 25.833333333333336 }, "geometry": { "type": "Point", "coordinates": [ -2.95742869575604, 51.158727863616733 ] } },
{ "type": "Feature", "properties": { "visible_points": 15, "total_points": 120, "visibility_pct": 12.5 }, "geometry": { "type": "Point", "coordinates": [ -2.95723057874916, 51.158729484559721 ] } },
{ "type": "Feature", "properties": { "visible_points": 0, "total_points": 120, "visibility_pct": 0.0 }, "geometry": { "type": "Point", "coordinates": [ -2.957032461723411, 51.158731105166858 ] } },
{ "type": "Feature", "properties": { "visible_points": 0, "total_points": 120, "visibility_pct": 0.0 }, "geometry": { "type": "Point", "coordinates": [ -2.956834344678804, 51.158732725438178 ] } },
{ "type": "Feature", "properties": { "visible_points": 20, "total_points": 120, "visibility_pct": 16.666666666666664 }, "geometry": { "type": "Point", "coordinates": [ -2.956636227615336, 51.158734345373624 ] } },
{ "type": "Feature", "properties": { "visible_points": 29, "total_points": 120, "visibility_pct": 24.166666666666668 }, "geometry": { "type": "Point", "coordinates": [ -2.956438110533008, 51.158735964973218 ] } },
{ "type": "Feature", "properties": { "visible_points": 21, "total_points": 120, "visibility_pct": 17.5 }, "geometry": { "type": "Point", "coordinates": [ -2.956239993431832, 51.158737584236988 ] } },
{ "type": "Feature", "properties": { "visible_points": 13, "total_points": 120, "visibility_pct": 10.833333333333334 }, "geometry": { "type": "Point", "coordinates": [ -2.956041876311808, 51.158739203164906 ] } },
{ "type": "Feature", "properties": { "visible_points": 7, "total_points": 120, "visibility_pct": 5.833333333333333 }, "geometry": { "type": "Point", "coordinates": [ -2.955843759172935, 51.158740821756979 ] } },
{ "type": "Feature", "properties": { "visible_points": 10, "total_points": 120, "visibility_pct": 8.3333333333333321 }, "geometry": { "type": "Point", "coordinates": [ -2.955645642015226, 51.158742440013206 ] } },
{ "type": "Feature", "properties": { "visible_points": 12, "total_points": 120, "visibility_pct": 10.0 }, "geometry": { "type": "Point", "coordinates": [ -2.955447524838684, 51.158744057933589 ] } },
{ "type": "Feature", "properties": { "visible_points": 10, "total_points": 120, "visibility_pct": 8.3333333333333321 }, "geometry": { "type": "Point", "coordinates": [ -2.955249407643303, 51.158745675518141 ] } },
{ "type": "Feature", "properties": { "visible_points": 9, "total_points": 120, "visibility_pct": 7.5 }, "geometry": { "type": "Point", "coordinates": [ -2.955051290429096, 51.158747292766833 ] } },
{ "type": "Feature", "properties": { "visible_points": 7, "total_points": 120, "visibility_pct": 5.833333333333333 }, "geometry": { "type": "Point", "coordinates": [ -2.954853173196069, 51.158748909679694 ] } },
{ "type": "Feature", "properties": { "visible_points": 0, "total_points": 120, "visibility_pct": 0.0 }, "geometry": { "type": "Point", "coordinates": [ -2.954655055944212, 51.158750526256696 ] } },
{ "type": "Feature", "properties": { "visible_points": 0, "total_points": 120, "visibility_pct": 0.0 }, "geometry": { "type": "Point", "coordinates": [ -2.95445693867355, 51.15875214249786 ] } },
{ "type": "Feature", "properties": { "visible_points": 0, "total_points": 120, "visibility_pct": 0.0 }, "geometry": { "type": "Point", "coordinates": [ -2.954258821384069, 51.158753758403179 ] } },
{ "type": "Feature", "properties": { "visible_points": 0, "total_points": 120, "visibility_pct": 0.0 }, "geometry": { "type": "Point", "coordinates": [ -2.95406070407578, 51.158755373972653 ] } },
{ "type": "Feature", "properties": { "visible_points": 0, "total_points": 120, "visibility_pct": 0.0 }, "geometry": { "type": "Point", "coordinates": [ -2.953862586748689, 51.158756989206275 ] } },
{ "type": "Feature", "properties": { "visible_points": 0, "total_points": 120, "visibility_pct": 0.0 }, "geometry": { "type": "Point", "coordinates": [ -2.953664469402794, 51.158758604104058 ] } },
{ "type": "Feature", "properties": { "visible_points": 14, "total_points": 117, "visibility_pct": 11.965811965811966 }, "geometry": { "type": "Point", "coordinates": [ -2.953466352038104, 51.158760218666004 ] } },
{ "type": "Feature", "properties": { "visible_points": 19, "total_points": 107, "visibility_pct": 17.75700934579439 }, "geometry": { "type": "Point", "coordinates": [ -2.953268234654623, 51.158761832892104 ] } },
{ "type": "Feature", "properties": { "visible_points": 16, "total_points": 96, "visibility_pct": 16.666666666666664 }, "geometry": { "type": "Point", "coordinates": [ -2.953070117252347, 51.158763446782366 ] } },
{ "type": "Feature", "properties": { "visible_points": 1, "total_points": 83, "visibility_pct": 1.2048192771084338 }, "geometry": { "type": "Point", "coordinates": [ -2.952871999831293, 51.158765060336769 ] } },
{ "type": "Feature", "properties": { "visible_points": 0, "total_points": 95, "visibility_pct": 0.0 }, "geometry": { "type": "Point", "coordinates": [ -2.961492337688183, 51.158802450148578 ] } },
{ "type": "Feature", "properties": { "visible_points": 38, "total_points": 105, "visibility_pct": 36.19047619047619 }, "geometry": { "type": "Point", "coordinates": [ -2.961294220595545, 51.1588040779748 ] } },
{ "type": "Feature", "properties": { "visible_points": 42, "total_points": 113, "visibility_pct": 37.168141592920357 }, "geometry": { "type": "Point", "coordinates": [ -2.961096103484233, 51.15880570546534 ] } },
{ "type": "Feature", "properties": { "visible_points": 45, "total_points": 118, "visibility_pct": 38.135593220338983 }, "geometry": { "type": "Point", "coordinates": [ -2.960897986354235, 51.158807332620142 ] } },
{ "type": "Feature", "properties": { "visible_points": 49, "total_points": 120, "visibility_pct": 40.833333333333336 }, "geometry": { "type": "Point", "coordinates": [ -2.960699869205572, 51.158808959439277 ] } },
{ "type": "Feature", "properties": { "visible_points": 50, "total_points": 120, "visibility_pct": 41.666666666666671 }, "geometry": { "type": "Point", "coordinates": [ -2.960501752038228, 51.158810585922708 ] } },
{ "type": "Feature", "properties": { "visible_points": 51, "total_points": 120, "visibility_pct": 42.5 }, "geometry": { "type": "Point", "coordinates": [ -2.960303634852221, 51.158812212070409 ] } },
{ "type": "Feature", "properties": { "visible_points": 50, "total_points": 120, "visibility_pct": 41.666666666666671 }, "geometry": { "type": "Point", "coordinates": [ -2.960105517647547, 51.158813837882441 ] } },
{ "type": "Feature", "properties": { "visible_points": 37, "total_points": 120, "visibility_pct": 30.833333333333336 }, "geometry": { "type": "Point", "coordinates": [ -2.959907400424221, 51.158815463358742 ] } },
{ "type": "Feature", "properties": { "visible_points": 34, "total_points": 120, "visibility_pct": 28.333333333333332 }, "geometry": { "type": "Point", "coordinates": [ -2.959709283182236, 51.158817088499347 ] } },
{ "type": "Feature", "properties": { "visible_points": 34, "total_points": 120, "visibility_pct": 28.333333333333332 }, "geometry": { "type": "Point", "coordinates": [ -2.959511165921599, 51.158818713304257 ] } },
{ "type": "Feature", "properties": { "visible_points": 27, "total_points": 119, "visibility_pct": 22.689075630252102 }, "geometry": { "type": "Point", "coordinates": [ -2.95931304864231, 51.158820337773449 ] } },
{ "type": "Feature", "properties": { "visible_points": 17, "total_points": 119, "visibility_pct": 14.285714285714285 }, "geometry": { "type": "Point", "coordinates": [ -2.959114931344389, 51.158821961906959 ] } },
{ "type": "Feature", "properties": { "visible_points": 22, "total_points": 118, "visibility_pct": 18.64406779661017 }, "geometry": { "type": "Point", "coordinates": [ -2.958916814027815, 51.158823585704759 ] } },
{ "type": "Feature", "properties": { "visible_points": 28, "total_points": 118, "visibility_pct": 23.728813559322035 }, "geometry": { "type": "Point", "coordinates": [ -2.958718696692612, 51.158825209166864 ] } },
{ "type": "Feature", "properties": { "visible_points": 36, "total_points": 118, "visibility_pct": 30.508474576271187 }, "geometry": { "type": "Point", "coordinates": [ -2.958520579338778, 51.158826832293265 ] } },
{ "type": "Feature", "properties": { "visible_points": 38, "total_points": 118, "visibility_pct": 32.20338983050847 }, "geometry": { "type": "Point", "coordinates": [ -2.95832246196631, 51.158828455083942 ] } },
{ "type": "Feature", "properties": { "visible_points": 37, "total_points": 118, "visibility_pct": 31.35593220338983 }, "geometry": { "type": "Point", "coordinates": [ -2.95812434457522, 51.15883007753893 ] } },
{ "type": "Feature", "properties": { "visible_points": 38, "total_points": 119, "visibility_pct": 31.932773109243694 }, "geometry": { "type": "Point", "coordinates": [ -2.957926227165511, 51.158831699658201 ] } },
{ "type": "Feature", "properties": { "visible_points": 39, "total_points": 120, "visibility_pct": 32.5 }, "geometry": { "type": "Point", "coordinates": [ -2.957728109737184, 51.158833321441783 ] } },
{ "type": "Feature", "properties": { "visible_points": 28, "total_points": 120, "visibility_pct": 23.333333333333332 }, "geometry": { "type": "Point", "coordinates": [ -2.957529992290245, 51.158834942889669 ] } },
{ "type": "Feature", "properties": { "visible_points": 19, "total_points": 120, "visibility_pct": 15.833333333333332 }, "geometry": { "type": "Point", "coordinates": [ -2.957331874824694, 51.158836564001838 ] } },
{ "type": "Feature", "properties": { "visible_points": 0, "total_points": 120, "visibility_pct": 0.0 }, "geometry": { "type": "Point", "coordinates": [ -2.957133757340541, 51.158838184778311 ] } },
{ "type": "Feature", "properties": { "visible_points": 0, "total_points": 120, "visibility_pct": 0.0 }, "geometry": { "type": "Point", "coordinates": [ -2.956935639837786, 51.158839805219074 ] } },
{ "type": "Feature", "properties": { "visible_points": 9, "total_points": 120, "visibility_pct": 7.5 }, "geometry": { "type": "Point", "coordinates": [ -2.956737522316432, 51.158841425324141 ] } },
{ "type": "Feature", "properties": { "visible_points": 17, "total_points": 120, "visibility_pct": 14.166666666666666 }, "geometry": { "type": "Point", "coordinates": [ -2.956539404776484, 51.158843045093505 ] } },
{ "type": "Feature", "properties": { "visible_points": 4, "total_points": 120, "visibility_pct": 3.3333333333333335 }, "geometry": { "type": "Point", "coordinates": [ -2.956341287217952, 51.158844664527159 ] } },
{ "type": "Feature", "properties": { "visible_points": 7, "total_points": 120, "visibility_pct": 5.833333333333333 }, "geometry": { "type": "Point", "coordinates": [ -2.956143169640826, 51.158846283625117 ] } },
{ "type": "Feature", "properties": { "visible_points": 0, "total_points": 120, "visibility_pct": 0.0 }, "geometry": { "type": "Point", "coordinates": [ -2.955945052045124, 51.158847902387372 ] } },
{ "type": "Feature", "properties": { "visible_points": 0, "total_points": 120, "visibility_pct": 0.0 }, "geometry": { "type": "Point", "coordinates": [ -2.955746934430838, 51.158849520813916 ] } },
{ "type": "Feature", "properties": { "visible_points": 9, "total_points": 120, "visibility_pct": 7.5 }, "geometry": { "type": "Point", "coordinates": [ -2.95554881679799, 51.158851138904765 ] } },
{ "type": "Feature", "properties": { "visible_points": 0, "total_points": 120, "visibility_pct": 0.0 }, "geometry": { "type": "Point", "coordinates": [ -2.955350699146558, 51.158852756659911 ] } },
{ "type": "Feature", "properties": { "visible_points": 0, "total_points": 120, "visibility_pct": 0.0 }, "geometry": { "type": "Point", "coordinates": [ -2.955152581476565, 51.158854374079347 ] } },
{ "type": "Feature", "properties": { "visible_points": 0, "total_points": 120, "visibility_pct": 0.0 }, "geometry": { "type": "Point", "coordinates": [ -2.95495446378801, 51.158855991163087 ] } },
{ "type": "Feature", "properties": { "visible_points": 0, "total_points": 120, "visibility_pct": 0.0 }, "geometry": { "type": "Point", "coordinates": [ -2.954756346080895, 51.158857607911123 ] } },
{ "type": "Feature", "properties": { "visible_points": 0, "total_points": 120, "visibility_pct": 0.0 }, "geometry": { "type": "Point", "coordinates": [ -2.954558228355222, 51.15885922432345 ] } },
{ "type": "Feature", "properties": { "visible_points": 0, "total_points": 120, "visibility_pct": 0.0 }, "geometry": { "type": "Point", "coordinates": [ -2.954360110611006, 51.158860840400074 ] } },
{ "type": "Feature", "properties": { "visible_points": 0, "total_points": 120, "visibility_pct": 0.0 }, "geometry": { "type": "Point", "coordinates": [ -2.954161992848237, 51.15886245614098 ] } },
{ "type": "Feature", "properties": { "visible_points": 0, "total_points": 120, "visibility_pct": 0.0 }, "geometry": { "type": "Point", "coordinates": [ -2.953963875066926, 51.158864071546212 ] } },
{ "type": "Feature", "properties": { "visible_points": 0, "total_points": 120, "visibility_pct": 0.0 }, "geometry": { "type": "Point", "coordinates": [ -2.953765757267078, 51.158865686615734 ] } },
{ "type": "Feature", "properties": { "visible_points": 7, "total_points": 118, "visibility_pct": 5.9322033898305087 }, "geometry": { "type": "Point", "coordinates": [ -2.95356763944869, 51.158867301349552 ] } },
{ "type": "Feature", "properties": { "visible_points": 14, "total_points": 112, "visibility_pct": 12.5 }, "geometry": { "type": "Point", "coordinates": [ -2.953369521611773, 51.158868915747647 ] } },
{ "type": "Feature", "properties": { "visible_points": 21, "total_points": 102, "visibility_pct": 20.588235294117645 }, "geometry": { "type": "Point", "coordinates": [ -2.953171403756329, 51.158870529810066 ] } },
{ "type": "Feature", "properties": { "visible_points": 1, "total_points": 89, "visibility_pct": 1.1235955056179776 }, "geometry": { "type": "Point", "coordinates": [ -2.952973285882358, 51.158872143536776 ] } },
{ "type": "Feature", "properties": { "visible_points": 0, "total_points": 91, "visibility_pct": 0.0 }, "geometry": { "type": "Point", "coordinates": [ -2.961593644228478, 51.158909526115437 ] } },
{ "type": "Feature", "properties": { "visible_points": 36, "total_points": 101, "visibility_pct": 35.64356435643564 }, "geometry": { "type": "Point", "coordinates": [ -2.961395526682856, 51.158911154112516 ] } },
{ "type": "Feature", "properties": { "visible_points": 39, "total_points": 110, "visibility_pct": 35.454545454545453 }, "geometry": { "type": "Point", "coordinates": [ -2.961197409118816, 51.158912781774042 ] } },
{ "type": "Feature", "properties": { "visible_points": 40, "total_points": 116, "visibility_pct": 34.482758620689658 }, "geometry": { "type": "Point", "coordinates": [ -2.96099929153636, 51.158914409100014 ] } },
{ "type": "Feature", "properties": { "visible_points": 42, "total_points": 120, "visibility_pct": 35.0 }, "geometry": { "type": "Point", "coordinates": [ -2.960801173935499, 51.158916036090403 ] } },
{ "type": "Feature", "properties": { "visible_points": 46, "total_points": 120, "visibility_pct": 38.333333333333336 }, "geometry": { "type": "Point", "coordinates": [ -2.960603056316222, 51.158917662745239 ] } },
{ "type": "Feature", "properties": { "visible_points": 51, "total_points": 120, "visibility_pct": 42.5 }, "geometry": { "type": "Point", "coordinates": [ -2.96040493867855, 51.158919289064542 ] } },
{ "type": "Feature", "properties": { "visible_points": 50, "total_points": 120, "visibility_pct": 41.666666666666671 }, "geometry": { "type": "Point", "coordinates": [ -2.960206821022477, 51.158920915048256 ] } },
{ "type": "Feature", "properties": { "visible_points": 43, "total_points": 120, "visibility_pct": 35.833333333333336 }, "geometry": { "type": "Point", "coordinates": [ -2.960008703348006, 51.158922540696437 ] } },
{ "type": "Feature", "properties": { "visible_points": 36, "total_points": 120, "visibility_pct": 30.0 }, "geometry": { "type": "Point", "coordinates": [ -2.959810585655148, 51.158924166009029 ] } },
{ "type": "Feature", "properties": { "visible_points": 31, "total_points": 120, "visibility_pct": 25.833333333333336 }, "geometry": { "type": "Point", "coordinates": [ -2.959612467943893, 51.158925790986061 ] } },
{ "type": "Feature", "properties": { "visible_points": 32, "total_points": 120, "visibility_pct": 26.666666666666668 }, "geometry": { "type": "Point", "coordinates": [ -2.959414350214262, 51.158927415627538 ] } },
{ "type": "Feature", "properties": { "visible_points": 31, "total_points": 120, "visibility_pct": 25.833333333333336 }, "geometry": { "type": "Point", "coordinates": [ -2.959216232466247, 51.158929039933483 ] } },
{ "type": "Feature", "properties": { "visible_points": 22, "total_points": 119, "visibility_pct": 18.487394957983195 }, "geometry": { "type": "Point", "coordinates": [ -2.959018114699858, 51.158930663903831 ] } },
{ "type": "Feature", "properties": { "visible_points": 25, "total_points": 119, "visibility_pct": 21.008403361344538 }, "geometry": { "type": "Point", "coordinates": [ -2.958819996915098, 51.15893228753864 ] } },
{ "type": "Feature", "properties": { "visible_points": 42, "total_points": 119, "visibility_pct": 35.294117647058826 }, "geometry": { "type": "Point", "coordinates": [ -2.958621879111964, 51.158933910837874 ] } },
{ "type": "Feature", "properties": { "visible_points": 45, "total_points": 119, "visibility_pct": 37.815126050420169 }, "geometry": { "type": "Point", "coordinates": [ -2.958423761290462, 51.158935533801554 ] } },
{ "type": "Feature", "properties": { "visible_points": 36, "total_points": 119, "visibility_pct": 30.252100840336134 }, "geometry": { "type": "Point", "coordinates": [ -2.958225643450608, 51.158937156429666 ] } },
{ "type": "Feature", "properties": { "visible_points": 34, "total_points": 120, "visibility_pct": 28.333333333333332 }, "geometry": { "type": "Point", "coordinates": [ -2.95802752559239, 51.158938778722217 ] } },
{ "type": "Feature", "properties": { "visible_points": 33, "total_points": 120, "visibility_pct": 27.5 }, "geometry": { "type": "Point", "coordinates": [ -2.95782940771582, 51.158940400679235 ] } },
{ "type": "Feature", "properties": { "visible_points": 28, "total_points": 120, "visibility_pct": 23.333333333333332 }, "geometry": { "type": "Point", "coordinates": [ -2.957631289820901, 51.158942022300657 ] } },
{ "type": "Feature", "properties": { "visible_points": 27, "total_points": 120, "visibility_pct": 22.5 }, "geometry": { "type": "Point", "coordinates": [ -2.957433171907636, 51.158943643586539 ] } },
{ "type": "Feature", "properties": { "visible_points": 20, "total_points": 120, "visibility_pct": 16.666666666666664 }, "geometry": { "type": "Point", "coordinates": [ -2.957235053976025, 51.158945264536847 ] } },
{ "type": "Feature", "properties": { "visible_points": 0, "total_points": 120, "visibility_pct": 0.0 }, "geometry": { "type": "Point", "coordinates": [ -2.957036936026076, 51.158946885151593 ] } },
{ "type": "Feature", "properties": { "visible_points": 0, "total_points": 120, "visibility_pct": 0.0 }, "geometry": { "type": "Point", "coordinates": [ -2.956838818057797, 51.158948505430779 ] } },
{ "type": "Feature", "properties": { "visible_points": 14, "total_points": 120, "visibility_pct": 11.666666666666666 }, "geometry": { "type": "Point", "coordinates": [ -2.95664070007118, 51.158950125374425 ] } },
{ "type": "Feature", "properties": { "visible_points": 18, "total_points": 120, "visibility_pct": 15.0 }, "geometry": { "type": "Point", "coordinates": [ -2.95644258206624, 51.158951744982488 ] } },
{ "type": "Feature", "properties": { "visible_points": 7, "total_points": 120, "visibility_pct": 5.833333333333333 }, "geometry": { "type": "Point", "coordinates": [ -2.956244464042977, 51.158953364254984 ] } },
{ "type": "Feature", "properties": { "visible_points": 0, "total_points": 120, "visibility_pct": 0.0 }, "geometry": { "type": "Point", "coordinates": [ -2.956046346001392, 51.158954983191933 ] } },
{ "type": "Feature", "properties": { "visible_points": 0, "total_points": 120, "visibility_pct": 0.0 }, "geometry": { "type": "Point", "coordinates": [ -2.955848227941492, 51.158956601793314 ] } },
{ "type": "Feature", "properties": { "visible_points": 0, "total_points": 120, "visibility_pct": 0.0 }, "geometry": { "type": "Point", "coordinates": [ -2.955650109863278, 51.158958220059141 ] } },
{ "type": "Feature", "properties": { "visible_points": 0, "total_points": 120, "visibility_pct": 0.0 }, "geometry": { "type": "Point", "coordinates": [ -2.955451991766759, 51.1589598379894 ] } },
{ "type": "Feature", "properties": { "visible_points": 0, "total_points": 120, "visibility_pct": 0.0 }, "geometry": { "type": "Point", "coordinates": [ -2.955253873651932, 51.158961455584091 ] } },
{ "type": "Feature", "properties": { "visible_points": 0, "total_points": 120, "visibility_pct": 0.0 }, "geometry": { "type": "Point", "coordinates": [ -2.955055755518807, 51.158963072843243 ] } },
{ "type": "Feature", "properties": { "visible_points": 0, "total_points": 120, "visibility_pct": 0.0 }, "geometry": { "type": "Point", "coordinates": [ -2.954857637367383, 51.158964689766798 ] } },
{ "type": "Feature", "properties": { "visible_points": 0, "total_points": 120, "visibility_pct": 0.0 }, "geometry": { "type": "Point", "coordinates": [ -2.954659519197666, 51.158966306354813 ] } },
{ "type": "Feature", "properties": { "visible_points": 0, "total_points": 120, "visibility_pct": 0.0 }, "geometry": { "type": "Point", "coordinates": [ -2.954461401009663, 51.158967922607268 ] } },
{ "type": "Feature", "properties": { "visible_points": 0, "total_points": 120, "visibility_pct": 0.0 }, "geometry": { "type": "Point", "coordinates": [ -2.954263282803363, 51.158969538524168 ] } },
{ "type": "Feature", "properties": { "visible_points": 0, "total_points": 120, "visibility_pct": 0.0 }, "geometry": { "type": "Point", "coordinates": [ -2.954065164578795, 51.158971154105494 ] } },
{ "type": "Feature", "properties": { "visible_points": 0, "total_points": 120, "visibility_pct": 0.0 }, "geometry": { "type": "Point", "coordinates": [ -2.953867046335943, 51.158972769351259 ] } },
{ "type": "Feature", "properties": { "visible_points": 5, "total_points": 119, "visibility_pct": 4.2016806722689077 }, "geometry": { "type": "Point", "coordinates": [ -2.953668928074817, 51.158974384261441 ] } },
{ "type": "Feature", "properties": { "visible_points": 15, "total_points": 114, "visibility_pct": 13.157894736842104 }, "geometry": { "type": "Point", "coordinates": [ -2.953470809795419, 51.158975998836084 ] } },
{ "type": "Feature", "properties": { "visible_points": 20, "total_points": 106, "visibility_pct": 18.867924528301888 }, "geometry": { "type": "Point", "coordinates": [ -2.953272691497756, 51.158977613075159 ] } },
{ "type": "Feature", "properties": { "visible_points": 15, "total_points": 95, "visibility_pct": 15.789473684210526 }, "geometry": { "type": "Point", "coordinates": [ -2.953074573181829, 51.158979226978673 ] } },
{ "type": "Feature", "properties": { "visible_points": 2, "total_points": 82, "visibility_pct": 2.4390243902439024 }, "geometry": { "type": "Point", "coordinates": [ -2.952876454847646, 51.158980840546633 ] } },
{ "type": "Feature", "properties": { "visible_points": 2, "total_points": 87, "visibility_pct": 2.2988505747126435 }, "geometry": { "type": "Point", "coordinates": [ -2.961694951404311, 51.15901660210988 ] } },
{ "type": "Feature", "properties": { "visible_points": 30, "total_points": 98, "visibility_pct": 30.612244897959183 }, "geometry": { "type": "Point", "coordinates": [ -2.961496833408091, 51.159018230279656 ] } },
{ "type": "Feature", "properties": { "visible_points": 35, "total_points": 107, "visibility_pct": 32.710280373831772 }, "geometry": { "type": "Point", "coordinates": [ -2.961298715393452, 51.159019858113879 ] } },
{ "type": "Feature", "properties": { "visible_points": 40, "total_points": 114, "visibility_pct": 35.087719298245609 }, "geometry": { "type": "Point", "coordinates": [ -2.961100597360395, 51.159021485612541 ] } },
{ "type": "Feature", "properties": { "visible_points": 44, "total_points": 119, "visibility_pct": 36.97478991596639 }, "geometry": { "type": "Point", "coordinates": [ -2.960902479308923, 51.159023112775621 ] } },
{ "type": "Feature", "properties": { "visible_points": 46, "total_points": 120, "visibility_pct": 38.333333333333336 }, "geometry": { "type": "Point", "coordinates": [ -2.96070436123905, 51.159024739603147 ] } },
{ "type": "Feature", "properties": { "visible_points": 56, "total_points": 120, "visibility_pct": 46.666666666666664 }, "geometry": { "type": "Point", "coordinates": [ -2.960506243150765, 51.159026366095127 ] } },
{ "type": "Feature", "properties": { "visible_points": 52, "total_points": 120, "visibility_pct": 43.333333333333336 }, "geometry": { "type": "Point", "coordinates": [ -2.960308125044082, 51.159027992251531 ] } },
{ "type": "Feature", "properties": { "visible_points": 35, "total_points": 120, "visibility_pct": 29.166666666666668 }, "geometry": { "type": "Point", "coordinates": [ -2.960110006918997, 51.159029618072374 ] } },
{ "type": "Feature", "properties": { "visible_points": 41, "total_points": 120, "visibility_pct": 34.166666666666664 }, "geometry": { "type": "Point", "coordinates": [ -2.959911888775524, 51.159031243557664 ] } },
{ "type": "Feature", "properties": { "visible_points": 39, "total_points": 120, "visibility_pct": 32.5 }, "geometry": { "type": "Point", "coordinates": [ -2.959713770613656, 51.159032868707378 ] } },
{ "type": "Feature", "properties": { "visible_points": 37, "total_points": 120, "visibility_pct": 30.833333333333336 }, "geometry": { "type": "Point", "coordinates": [ -2.959515652433406, 51.159034493521531 ] } },
{ "type": "Feature", "properties": { "visible_points": 31, "total_points": 120, "visibility_pct": 25.833333333333336 }, "geometry": { "type": "Point", "coordinates": [ -2.959317534234772, 51.159036118000145 ] } },
{ "type": "Feature", "properties": { "visible_points": 25, "total_points": 120, "visibility_pct": 20.833333333333336 }, "geometry": { "type": "Point", "coordinates": [ -2.959119416017759, 51.159037742143163 ] } },
{ "type": "Feature", "properties": { "visible_points": 24, "total_points": 120, "visibility_pct": 20.0 }, "geometry": { "type": "Point", "coordinates": [ -2.958921297782374, 51.159039365950655 ] } },
{ "type": "Feature", "properties": { "visible_points": 34, "total_points": 120, "visibility_pct": 28.333333333333332 }, "geometry": { "type": "Point", "coordinates": [ -2.958723179528609, 51.159040989422564 ] } },
{ "type": "Feature", "properties": { "visible_points": 55, "total_points": 120, "visibility_pct": 45.833333333333329 }, "geometry": { "type": "Point", "coordinates": [ -2.958525061256488, 51.159042612558913 ] } },
{ "type": "Feature", "properties": { "visible_points": 49, "total_points": 120, "visibility_pct": 40.833333333333336 }, "geometry": { "type": "Point", "coordinates": [ -2.958326942966, 51.159044235359694 ] } },
{ "type": "Feature", "properties": { "visible_points": 46, "total_points": 120, "visibility_pct": 38.333333333333336 }, "geometry": { "type": "Point", "coordinates": [ -2.958128824657148, 51.159045857824928 ] } },
{ "type": "Feature", "properties": { "visible_points": 33, "total_points": 120, "visibility_pct": 27.5 }, "geometry": { "type": "Point", "coordinates": [ -2.957930706329947, 51.159047479954602 ] } },
{ "type": "Feature", "properties": { "visible_points": 22, "total_points": 120, "visibility_pct": 18.333333333333332 }, "geometry": { "type": "Point", "coordinates": [ -2.957732587984385, 51.159049101748693 ] } },
{ "type": "Feature", "properties": { "visible_points": 25, "total_points": 120, "visibility_pct": 20.833333333333336 }, "geometry": { "type": "Point", "coordinates": [ -2.957534469620482, 51.159050723207237 ] } },
{ "type": "Feature", "properties": { "visible_points": 18, "total_points": 120, "visibility_pct": 15.0 }, "geometry": { "type": "Point", "coordinates": [ -2.957336351238232, 51.15905234433022 ] } },
{ "type": "Feature", "properties": { "visible_points": 20, "total_points": 120, "visibility_pct": 16.666666666666664 }, "geometry": { "type": "Point", "coordinates": [ -2.957138232837642, 51.159053965117636 ] } },
{ "type": "Feature", "properties": { "visible_points": 0, "total_points": 120, "visibility_pct": 0.0 }, "geometry": { "type": "Point", "coordinates": [ -2.956940114418715, 51.159055585569476 ] } },
{ "type": "Feature", "properties": { "visible_points": 13, "total_points": 120, "visibility_pct": 10.833333333333334 }, "geometry": { "type": "Point", "coordinates": [ -2.956741995981454, 51.15905720568577 ] } },
{ "type": "Feature", "properties": { "visible_points": 19, "total_points": 120, "visibility_pct": 15.833333333333332 }, "geometry": { "type": "Point", "coordinates": [ -2.956543877525865, 51.159058825466502 ] } },
{ "type": "Feature", "properties": { "visible_points": 17, "total_points": 120, "visibility_pct": 14.166666666666666 }, "geometry": { "type": "Point", "coordinates": [ -2.956345759051946, 51.159060444911653 ] } },
{ "type": "Feature", "properties": { "visible_points": 7, "total_points": 120, "visibility_pct": 5.833333333333333 }, "geometry": { "type": "Point", "coordinates": [ -2.956147640559712, 51.159062064021263 ] } },
{ "type": "Feature", "properties": { "visible_points": 8, "total_points": 120, "visibility_pct": 6.666666666666667 }, "geometry": { "type": "Point", "coordinates": [ -2.955949522049157, 51.159063682795299 ] } },
{ "type": "Feature", "properties": { "visible_points": 13, "total_points": 120, "visibility_pct": 10.833333333333334 }, "geometry": { "type": "Point", "coordinates": [ -2.955751403520284, 51.159065301233767 ] } },
{ "type": "Feature", "properties": { "visible_points": 12, "total_points": 120, "visibility_pct": 10.0 }, "geometry": { "type": "Point", "coordinates": [ -2.955553284973107, 51.159066919336695 ] } },
{ "type": "Feature", "properties": { "visible_points": 0, "total_points": 120, "visibility_pct": 0.0 }, "geometry": { "type": "Point", "coordinates": [ -2.95535516640762, 51.159068537104034 ] } },
{ "type": "Feature", "properties": { "visible_points": 0, "total_points": 120, "visibility_pct": 0.0 }, "geometry": { "type": "Point", "coordinates": [ -2.955157047823831, 51.159070154535833 ] } },
{ "type": "Feature", "properties": { "visible_points": 0, "total_points": 120, "visibility_pct": 0.0 }, "geometry": { "type": "Point", "coordinates": [ -2.954958929221741, 51.159071771632036 ] } },
{ "type": "Feature", "properties": { "visible_points": 0, "total_points": 119, "visibility_pct": 0.0 }, "geometry": { "type": "Point", "coordinates": [ -2.954760810601356, 51.159073388392706 ] } },
{ "type": "Feature", "properties": { "visible_points": 0, "total_points": 119, "visibility_pct": 0.0 }, "geometry": { "type": "Point", "coordinates": [ -2.954562691962684, 51.159075004817808 ] } },
{ "type": "Feature", "properties": { "visible_points": 0, "total_points": 119, "visibility_pct": 0.0 }, "geometry": { "type": "Point", "coordinates": [ -2.954364573305718, 51.159076620907349 ] } },
{ "type": "Feature", "properties": { "visible_points": 0, "total_points": 119, "visibility_pct": 0.0 }, "geometry": { "type": "Point", "coordinates": [ -2.954166454630471, 51.159078236661315 ] } },
{ "type": "Feature", "properties": { "visible_points": 0, "total_points": 119, "visibility_pct": 0.0 }, "geometry": { "type": "Point", "coordinates": [ -2.953968335936942, 51.159079852079735 ] } },
{ "type": "Feature", "properties": { "visible_points": 5, "total_points": 120, "visibility_pct": 4.1666666666666661 }, "geometry": { "type": "Point", "coordinates": [ -2.953770217225139, 51.159081467162565 ] } },
{ "type": "Feature", "properties": { "visible_points": 18, "total_points": 116, "visibility_pct": 15.517241379310345 }, "geometry": { "type": "Point", "coordinates": [ -2.953572098495067, 51.159083081909849 ] } },
{ "type": "Feature", "properties": { "visible_points": 22, "total_points": 108, "visibility_pct": 20.37037037037037 }, "geometry": { "type": "Point", "coordinates": [ -2.95337397974672, 51.159084696321557 ] } },
{ "type": "Feature", "properties": { "visible_points": 15, "total_points": 99, "visibility_pct": 15.151515151515152 }, "geometry": { "type": "Point", "coordinates": [ -2.953175860980106, 51.159086310397711 ] } },
{ "type": "Feature", "properties": { "visible_points": 0, "total_points": 87, "visibility_pct": 0.0 }, "geometry": { "type": "Point", "coordinates": [ -2.952977742195238, 51.159087924138298 ] } },
{ "type": "Feature", "properties": { "visible_points": 26, "total_points": 95, "visibility_pct": 27.368421052631582 }, "geometry": { "type": "Point", "coordinates": [ -2.961598140602329, 51.159125306355968 ] } },
{ "type": "Feature", "properties": { "visible_points": 26, "total_points": 104, "visibility_pct": 25.0 }, "geometry": { "type": "Point", "coordinates": [ -2.961400022137087, 51.159126934362874 ] } },
{ "type": "Feature", "properties": { "visible_points": 28, "total_points": 112, "visibility_pct": 25.0 }, "geometry": { "type": "Point", "coordinates": [ -2.961201903653428, 51.159128562034226 ] } },
{ "type": "Feature", "properties": { "visible_points": 31, "total_points": 118, "visibility_pct": 26.271186440677969 }, "geometry": { "type": "Point", "coordinates": [ -2.96100378515135, 51.159130189370011 ] } },
{ "type": "Feature", "properties": { "visible_points": 39, "total_points": 120, "visibility_pct": 32.5 }, "geometry": { "type": "Point", "coordinates": [ -2.960805666630863, 51.159131816370227 ] } },
{ "type": "Feature", "properties": { "visible_points": 44, "total_points": 120, "visibility_pct": 36.666666666666664 }, "geometry": { "type": "Point", "coordinates": [ -2.960607548091976, 51.159133443034861 ] } },
{ "type": "Feature", "properties": { "visible_points": 49, "total_points": 120, "visibility_pct": 40.833333333333336 }, "geometry": { "type": "Point", "coordinates": [ -2.960409429534675, 51.159135069363963 ] } },
{ "type": "Feature", "properties": { "visible_points": 44, "total_points": 120, "visibility_pct": 36.666666666666664 }, "geometry": { "type": "Point", "coordinates": [ -2.960211310958983, 51.159136695357496 ] } },
{ "type": "Feature", "properties": { "visible_points": 36, "total_points": 120, "visibility_pct": 30.0 }, "geometry": { "type": "Point", "coordinates": [ -2.960013192364888, 51.159138321015455 ] } },
{ "type": "Feature", "properties": { "visible_points": 41, "total_points": 120, "visibility_pct": 34.166666666666664 }, "geometry": { "type": "Point", "coordinates": [ -2.959815073752405, 51.159139946337852 ] } },
{ "type": "Feature", "properties": { "visible_points": 39, "total_points": 120, "visibility_pct": 32.5 }, "geometry": { "type": "Point", "coordinates": [ -2.959616955121535, 51.159141571324696 ] } },
{ "type": "Feature", "properties": { "visible_points": 43, "total_points": 120, "visibility_pct": 35.833333333333336 }, "geometry": { "type": "Point", "coordinates": [ -2.959418836472276, 51.159143195975972 ] } },
{ "type": "Feature", "properties": { "visible_points": 48, "total_points": 120, "visibility_pct": 40.0 }, "geometry": { "type": "Point", "coordinates": [ -2.959220717804639, 51.159144820291694 ] } },
{ "type": "Feature", "properties": { "visible_points": 33, "total_points": 120, "visibility_pct": 27.5 }, "geometry": { "type": "Point", "coordinates": [ -2.959022599118626, 51.159146444271833 ] } },
{ "type": "Feature", "properties": { "visible_points": 10, "total_points": 120, "visibility_pct": 8.3333333333333321 }, "geometry": { "type": "Point", "coordinates": [ -2.958824480414241, 51.159148067916441 ] } },
{ "type": "Feature", "properties": { "visible_points": 35, "total_points": 120, "visibility_pct": 29.166666666666668 }, "geometry": { "type": "Point", "coordinates": [ -2.958626361691484, 51.159149691225458 ] } },
{ "type": "Feature", "properties": { "visible_points": 50, "total_points": 120, "visibility_pct": 41.666666666666671 }, "geometry": { "type": "Point", "coordinates": [ -2.95842824295036, 51.159151314198901 ] } },
{ "type": "Feature", "properties": { "visible_points": 44, "total_points": 120, "visibility_pct": 36.666666666666664 }, "geometry": { "type": "Point", "coordinates": [ -2.958230124190882, 51.159152936836804 ] } },
{ "type": "Feature", "properties": { "visible_points": 38, "total_points": 120, "visibility_pct": 31.666666666666664 }, "geometry": { "type": "Point", "coordinates": [ -2.958032005413037, 51.159154559139161 ] } },
{ "type": "Feature", "properties": { "visible_points": 32, "total_points": 120, "visibility_pct": 26.666666666666668 }, "geometry": { "type": "Point", "coordinates": [ -2.95783388661684, 51.159156181105914 ] } },
{ "type": "Feature", "properties": { "visible_points": 25, "total_points": 120, "visibility_pct": 20.833333333333336 }, "geometry": { "type": "Point", "coordinates": [ -2.957635767802301, 51.159157802737141 ] } },
{ "type": "Feature", "properties": { "visible_points": 20, "total_points": 120, "visibility_pct": 16.666666666666664 }, "geometry": { "type": "Point", "coordinates": [ -2.957437648969402, 51.159159424032758 ] } },
{ "type": "Feature", "properties": { "visible_points": 21, "total_points": 120, "visibility_pct": 17.5 }, "geometry": { "type": "Point", "coordinates": [ -2.95723953011817, 51.15916104499285 ] } },
{ "type": "Feature", "properties": { "visible_points": 26, "total_points": 120, "visibility_pct": 21.666666666666668 }, "geometry": { "type": "Point", "coordinates": [ -2.957041411248595, 51.159162665617373 ] } },
{ "type": "Feature", "properties": { "visible_points": 20, "total_points": 120, "visibility_pct": 16.666666666666664 }, "geometry": { "type": "Point", "coordinates": [ -2.956843292360686, 51.159164285906328 ] } },
{ "type": "Feature", "properties": { "visible_points": 14, "total_points": 120, "visibility_pct": 11.666666666666666 }, "geometry": { "type": "Point", "coordinates": [ -2.956645173454445, 51.159165905859709 ] } },
{ "type": "Feature", "properties": { "visible_points": 11, "total_points": 120, "visibility_pct": 9.1666666666666661 }, "geometry": { "type": "Point", "coordinates": [ -2.95644705452988, 51.159167525477535 ] } },
{ "type": "Feature", "properties": { "visible_points": 11, "total_points": 120, "visibility_pct": 9.1666666666666661 }, "geometry": { "type": "Point", "coordinates": [ -2.956248935586984, 51.159169144759773 ] } },
{ "type": "Feature", "properties": { "visible_points": 2, "total_points": 120, "visibility_pct": 1.6666666666666667 }, "geometry": { "type": "Point", "coordinates": [ -2.956050816625773, 51.159170763706491 ] } },
{ "type": "Feature", "properties": { "visible_points": 10, "total_points": 120, "visibility_pct": 8.3333333333333321 }, "geometry": { "type": "Point", "coordinates": [ -2.955852697646244, 51.159172382317614 ] } },
{ "type": "Feature", "properties": { "visible_points": 10, "total_points": 120, "visibility_pct": 8.3333333333333321 }, "geometry": { "type": "Point", "coordinates": [ -2.955654578648403, 51.159174000593183 ] } },
{ "type": "Feature", "properties": { "visible_points": 11, "total_points": 120, "visibility_pct": 9.1666666666666661 }, "geometry": { "type": "Point", "coordinates": [ -2.955456459632254, 51.159175618533183 ] } },
{ "type": "Feature", "properties": { "visible_points": 10, "total_points": 119, "visibility_pct": 8.4033613445378155 }, "geometry": { "type": "Point", "coordinates": [ -2.9552583405978, 51.15917723613763 ] } },
{ "type": "Feature", "properties": { "visible_points": 4, "total_points": 117, "visibility_pct": 3.4188034188034191 }, "geometry": { "type": "Point", "coordinates": [ -2.955060221545045, 51.159178853406502 ] } },
{ "type": "Feature", "properties": { "visible_points": 0, "total_points": 116, "visibility_pct": 0.0 }, "geometry": { "type": "Point", "coordinates": [ -2.954862102473988, 51.159180470339798 ] } },
{ "type": "Feature", "properties": { "visible_points": 0, "total_points": 115, "visibility_pct": 0.0 }, "geometry": { "type": "Point", "coordinates": [ -2.954663983384645, 51.159182086937555 ] } },
{ "type": "Feature", "properties": { "visible_points": 1, "total_points": 114, "visibility_pct": 0.8771929824561403 }, "geometry": { "type": "Point", "coordinates": [ -2.954465864277007, 51.159183703199751 ] } },
{ "type": "Feature", "properties": { "visible_points": 0, "total_points": 114, "visibility_pct": 0.0 }, "geometry": { "type": "Point", "coordinates": [ -2.954267745151085, 51.159185319126358 ] } },
{ "type": "Feature", "properties": { "visible_points": 6, "total_points": 115, "visibility_pct": 5.2173913043478262 }, "geometry": { "type": "Point", "coordinates": [ -2.95406962600688, 51.159186934717404 ] } },
{ "type": "Feature", "properties": { "visible_points": 8, "total_points": 116, "visibility_pct": 6.8965517241379306 }, "geometry": { "type": "Point", "coordinates": [ -2.953871506844398, 51.159188549972896 ] } },
{ "type": "Feature", "properties": { "visible_points": 18, "total_points": 115, "visibility_pct": 15.65217391304348 }, "geometry": { "type": "Point", "coordinates": [ -2.95367338766364, 51.159190164892813 ] } },
{ "type": "Feature", "properties": { "visible_points": 20, "total_points": 110, "visibility_pct": 18.181818181818183 }, "geometry": { "type": "Point", "coordinates": [ -2.953475268464612, 51.159191779477183 ] } },
{ "type": "Feature", "properties": { "visible_points": 16, "total_points": 102, "visibility_pct": 15.686274509803921 }, "geometry": { "type": "Point", "coordinates": [ -2.953277149247316, 51.159193393725978 ] } },
{ "type": "Feature", "properties": { "visible_points": 6, "total_points": 91, "visibility_pct": 6.593406593406594 }, "geometry": { "type": "Point", "coordinates": [ -2.953079030011758, 51.159195007639191 ] } },
{ "type": "Feature", "properties": { "visible_points": 3, "total_points": 80, "visibility_pct": 3.75 }, "geometry": { "type": "Point", "coordinates": [ -2.961897567162989, 51.159230753826286 ] } },
{ "type": "Feature", "properties": { "visible_points": 21, "total_points": 92, "visibility_pct": 22.826086956521738 }, "geometry": { "type": "Point", "coordinates": [ -2.961699448265567, 51.15923238234145 ] } },
{ "type": "Feature", "properties": { "visible_points": 20, "total_points": 102, "visibility_pct": 19.607843137254903 }, "geometry": { "type": "Point", "coordinates": [ -2.961501329349724, 51.159234010521047 ] } },
{ "type": "Feature", "properties": { "visible_points": 0, "total_points": 110, "visibility_pct": 0.0 }, "geometry": { "type": "Point", "coordinates": [ -2.961303210415458, 51.159235638365089 ] } },
{ "type": "Feature", "properties": { "visible_points": 0, "total_points": 117, "visibility_pct": 0.0 }, "geometry": { "type": "Point", "coordinates": [ -2.961105091462775, 51.159237265873543 ] } },
{ "type": "Feature", "properties": { "visible_points": 40, "total_points": 120, "visibility_pct": 33.333333333333329 }, "geometry": { "type": "Point", "coordinates": [ -2.960906972491679, 51.159238893046449 ] } },
{ "type": "Feature", "properties": { "visible_points": 43, "total_points": 120, "visibility_pct": 35.833333333333336 }, "geometry": { "type": "Point", "coordinates": [ -2.960708853502175, 51.159240519883802 ] } },
{ "type": "Feature", "properties": { "visible_points": 45, "total_points": 120, "visibility_pct": 37.5 }, "geometry": { "type": "Point", "coordinates": [ -2.960510734494267, 51.159242146385573 ] } },
{ "type": "Feature", "properties": { "visible_points": 42, "total_points": 120, "visibility_pct": 35.0 }, "geometry": { "type": "Point", "coordinates": [ -2.960312615467954, 51.159243772551783 ] } },
{ "type": "Feature", "properties": { "visible_points": 36, "total_points": 120, "visibility_pct": 30.0 }, "geometry": { "type": "Point", "coordinates": [ -2.960114496423244, 51.159245398382446 ] } },
{ "type": "Feature", "properties": { "visible_points": 34, "total_points": 120, "visibility_pct": 28.333333333333332 }, "geometry": { "type": "Point", "coordinates": [ -2.959916377360143, 51.159247023877519 ] } },
{ "type": "Feature", "properties": { "visible_points": 30, "total_points": 120, "visibility_pct": 25.0 }, "geometry": { "type": "Point", "coordinates": [ -2.959718258278647, 51.159248649037039 ] } },
{ "type": "Feature", "properties": { "visible_points": 44, "total_points": 120, "visibility_pct": 36.666666666666664 }, "geometry": { "type": "Point", "coordinates": [ -2.959520139178767, 51.159250273860998 ] } },
{ "type": "Feature", "properties": { "visible_points": 57, "total_points": 120, "visibility_pct": 47.5 }, "geometry": { "type": "Point", "coordinates": [ -2.959322020060509, 51.159251898349396 ] } },
{ "type": "Feature", "properties": { "visible_points": 52, "total_points": 120, "visibility_pct": 43.333333333333336 }, "geometry": { "type": "Point", "coordinates": [ -2.95912390092386, 51.159253522502226 ] } },
{ "type": "Feature", "properties": { "visible_points": 43, "total_points": 120, "visibility_pct": 35.833333333333336 }, "geometry": { "type": "Point", "coordinates": [ -2.958925781768847, 51.159255146319495 ] } },
{ "type": "Feature", "properties": { "visible_points": 37, "total_points": 120, "visibility_pct": 30.833333333333336 }, "geometry": { "type": "Point", "coordinates": [ -2.958727662595461, 51.159256769801189 ] } },
{ "type": "Feature", "properties": { "visible_points": 51, "total_points": 120, "visibility_pct": 42.5 }, "geometry": { "type": "Point", "coordinates": [ -2.958529543403703, 51.159258392947308 ] } },
{ "type": "Feature", "properties": { "visible_points": 49, "total_points": 120, "visibility_pct": 40.833333333333336 }, "geometry": { "type": "Point", "coordinates": [ -2.958331424193583, 51.159260015757894 ] } },
{ "type": "Feature", "properties": { "visible_points": 49, "total_points": 120, "visibility_pct": 40.833333333333336 }, "geometry": { "type": "Point", "coordinates": [ -2.958133304965106, 51.159261638232891 ] } },
{ "type": "Feature", "properties": { "visible_points": 43, "total_points": 120, "visibility_pct": 35.833333333333336 }, "geometry": { "type": "Point", "coordinates": [ -2.957935185718265, 51.159263260372335 ] } },
{ "type": "Feature", "properties": { "visible_points": 34, "total_points": 120, "visibility_pct": 28.333333333333332 }, "geometry": { "type": "Point", "coordinates": [ -2.957737066453082, 51.15926488217621 ] } },
{ "type": "Feature", "properties": { "visible_points": 25, "total_points": 120, "visibility_pct": 20.833333333333336 }, "geometry": { "type": "Point", "coordinates": [ -2.957538947169546, 51.159266503644517 ] } },
{ "type": "Feature", "properties": { "visible_points": 29, "total_points": 120, "visibility_pct": 24.166666666666668 }, "geometry": { "type": "Point", "coordinates": [ -2.957340827867659, 51.159268124777249 ] } },
{ "type": "Feature", "properties": { "visible_points": 21, "total_points": 120, "visibility_pct": 17.5 }, "geometry": { "type": "Point", "coordinates": [ -2.957142708547442, 51.159269745574434 ] } },
{ "type": "Feature", "properties": { "visible_points": 21, "total_points": 120, "visibility_pct": 17.5 }, "geometry": { "type": "Point", "coordinates": [ -2.95694458920888, 51.159271366036059 ] } },
{ "type": "Feature", "properties": { "visible_points": 14, "total_points": 120, "visibility_pct": 11.666666666666666 }, "geometry": { "type": "Point", "coordinates": [ -2.956746469851987, 51.159272986162122 ] } },
{ "type": "Feature", "properties": { "visible_points": 15, "total_points": 120, "visibility_pct": 12.5 }, "geometry": { "type": "Point", "coordinates": [ -2.956548350476764, 51.159274605952596 ] } },
{ "type": "Feature", "properties": { "visible_points": 11, "total_points": 120, "visibility_pct": 9.1666666666666661 }, "geometry": { "type": "Point", "coordinates": [ -2.956350231083217, 51.15927622540751 ] } },
{ "type": "Feature", "properties": { "visible_points": 0, "total_points": 120, "visibility_pct": 0.0 }, "geometry": { "type": "Point", "coordinates": [ -2.956152111671348, 51.159277844526869 ] } },
{ "type": "Feature", "properties": { "visible_points": 10, "total_points": 120, "visibility_pct": 8.3333333333333321 }, "geometry": { "type": "Point", "coordinates": [ -2.955953992241156, 51.159279463310654 ] } },
{ "type": "Feature", "properties": { "visible_points": 10, "total_points": 120, "visibility_pct": 8.3333333333333321 }, "geometry": { "type": "Point", "coordinates": [ -2.955755872792651, 51.159281081758884 ] } },
{ "type": "Feature", "properties": { "visible_points": 9, "total_points": 119, "visibility_pct": 7.5630252100840334 }, "geometry": { "type": "Point", "coordinates": [ -2.955557753325837, 51.159282699871547 ] } },
{ "type": "Feature", "properties": { "visible_points": 9, "total_points": 117, "visibility_pct": 7.6923076923076925 }, "geometry": { "type": "Point", "coordinates": [ -2.955359633840718, 51.159284317648627 ] } },
{ "type": "Feature", "properties": { "visible_points": 7, "total_points": 114, "visibility_pct": 6.140350877192982 }, "geometry": { "type": "Point", "coordinates": [ -2.955161514337293, 51.159285935090146 ] } },
{ "type": "Feature", "properties": { "visible_points": 9, "total_points": 112, "visibility_pct": 8.0357142857142865 }, "geometry": { "type": "Point", "coordinates": [ -2.954963394815568, 51.159287552196119 ] } },
{ "type": "Feature", "properties": { "visible_points": 6, "total_points": 110, "visibility_pct": 5.4545454545454541 }, "geometry": { "type": "Point", "coordinates": [ -2.95476527527555, 51.159289168966517 ] } },
{ "type": "Feature", "properties": { "visible_points": 5, "total_points": 108, "visibility_pct": 4.6296296296296298 }, "geometry": { "type": "Point", "coordinates": [ -2.954567155717236, 51.159290785401346 ] } },
{ "type": "Feature", "properties": { "visible_points": 8, "total_points": 108, "visibility_pct": 7.4074074074074066 }, "geometry": { "type": "Point", "coordinates": [ -2.954369036140636, 51.159292401500608 ] } },
{ "type": "Feature", "properties": { "visible_points": 6, "total_points": 108, "visibility_pct": 5.5555555555555554 }, "geometry": { "type": "Point", "coordinates": [ -2.954170916545757, 51.159294017264301 ] } },
{ "type": "Feature", "properties": { "visible_points": 8, "total_points": 109, "visibility_pct": 7.3394495412844041 }, "geometry": { "type": "Point", "coordinates": [ -2.953972796932591, 51.159295632692434 ] } },
{ "type": "Feature", "properties": { "visible_points": 15, "total_points": 110, "visibility_pct": 13.636363636363635 }, "geometry": { "type": "Point", "coordinates": [ -2.953774677301148, 51.159297247785005 ] } },
{ "type": "Feature", "properties": { "visible_points": 0, "total_points": 105, "visibility_pct": 0.0 }, "geometry": { "type": "Point", "coordinates": [ -2.953576557651435, 51.159298862542002 ] } },
{ "type": "Feature", "properties": { "visible_points": 11, "total_points": 98, "visibility_pct": 11.224489795918368 }, "geometry": { "type": "Point", "coordinates": [ -2.953378437983453, 51.159300476963431 ] } },
{ "type": "Feature", "properties": { "visible_points": 7, "total_points": 89, "visibility_pct": 7.8651685393258424 }, "geometry": { "type": "Point", "coordinates": [ -2.95318031829721, 51.159302091049312 ] } },
{ "type": "Feature", "properties": { "visible_points": 0, "total_points": 79, "visibility_pct": 0.0 }, "geometry": { "type": "Point", "coordinates": [ -2.952982198592693, 51.159303704799598 ] } },
{ "type": "Feature", "properties": { "visible_points": 2, "total_points": 77, "visibility_pct": 2.5974025974025974 }, "geometry": { "type": "Point", "coordinates": [ -2.961998875745843, 51.159337829548242 ] } },
{ "type": "Feature", "properties": { "visible_points": 22, "total_points": 89, "visibility_pct": 24.719101123595504 }, "geometry": { "type": "Point", "coordinates": [ -2.961800756397817, 51.159339458236076 ] } },
{ "type": "Feature", "properties": { "visible_points": 22, "total_points": 100, "visibility_pct": 22.0 }, "geometry": { "type": "Point", "coordinates": [ -2.96160263703137, 51.159341086588377 ] } },
{ "type": "Feature", "properties": { "visible_points": 9, "total_points": 109, "visibility_pct": 8.2568807339449553 }, "geometry": { "type": "Point", "coordinates": [ -2.961404517646497, 51.159342714605117 ] } },
{ "type": "Feature", "properties": { "visible_points": 0, "total_points": 116, "visibility_pct": 0.0 }, "geometry": { "type": "Point", "coordinates": [ -2.961206398243203, 51.159344342286261 ] } },
{ "type": "Feature", "properties": { "visible_points": 32, "total_points": 120, "visibility_pct": 26.666666666666668 }, "geometry": { "type": "Point", "coordinates": [ -2.961008278821495, 51.159345969631865 ] } },
{ "type": "Feature", "properties": { "visible_points": 33, "total_points": 120, "visibility_pct": 27.5 }, "geometry": { "type": "Point", "coordinates": [ -2.960810159381381, 51.159347596641886 ] } },
{ "type": "Feature", "properties": { "visible_points": 27, "total_points": 120, "visibility_pct": 22.5 }, "geometry": { "type": "Point", "coordinates": [ -2.960612039922855, 51.159349223316362 ] } },
{ "type": "Feature", "properties": { "visible_points": 34, "total_points": 120, "visibility_pct": 28.333333333333332 }, "geometry": { "type": "Point", "coordinates": [ -2.960413920445924, 51.159350849655262 ] } },
{ "type": "Feature", "properties": { "visible_points": 36, "total_points": 120, "visibility_pct": 30.0 }, "geometry": { "type": "Point", "coordinates": [ -2.960215800950595, 51.159352475658586 ] } },
{ "type": "Feature", "properties": { "visible_points": 34, "total_points": 120, "visibility_pct": 28.333333333333332 }, "geometry": { "type": "Point", "coordinates": [ -2.960017681436871, 51.159354101326358 ] } },
{ "type": "Feature", "properties": { "visible_points": 35, "total_points": 120, "visibility_pct": 29.166666666666668 }, "geometry": { "type": "Point", "coordinates": [ -2.959819561904755, 51.159355726658561 ] } },
{ "type": "Feature", "properties": { "visible_points": 9, "total_points": 120, "visibility_pct": 7.5 }, "geometry": { "type": "Point", "coordinates": [ -2.959621442354252, 51.159357351655203 ] } },
{ "type": "Feature", "properties": { "visible_points": 25, "total_points": 120, "visibility_pct": 20.833333333333336 }, "geometry": { "type": "Point", "coordinates": [ -2.959423322785356, 51.159358976316277 ] } },
{ "type": "Feature", "properties": { "visible_points": 52, "total_points": 120, "visibility_pct": 43.333333333333336 }, "geometry": { "type": "Point", "coordinates": [ -2.959225203198086, 51.159360600641783 ] } },
{ "type": "Feature", "properties": { "visible_points": 55, "total_points": 120, "visibility_pct": 45.833333333333329 }, "geometry": { "type": "Point", "coordinates": [ -2.959027083592438, 51.159362224631714 ] } },
{ "type": "Feature", "properties": { "visible_points": 43, "total_points": 120, "visibility_pct": 35.833333333333336 }, "geometry": { "type": "Point", "coordinates": [ -2.958828963968418, 51.159363848286091 ] } },
{ "type": "Feature", "properties": { "visible_points": 38, "total_points": 120, "visibility_pct": 31.666666666666664 }, "geometry": { "type": "Point", "coordinates": [ -2.958630844326024, 51.1593654716049 ] } },
{ "type": "Feature", "properties": { "visible_points": 52, "total_points": 120, "visibility_pct": 43.333333333333336 }, "geometry": { "type": "Point", "coordinates": [ -2.958432724665264, 51.159367094588141 ] } },
{ "type": "Feature", "properties": { "visible_points": 54, "total_points": 120, "visibility_pct": 45.0 }, "geometry": { "type": "Point", "coordinates": [ -2.958234604986152, 51.159368717235822 ] } },
{ "type": "Feature", "properties": { "visible_points": 44, "total_points": 120, "visibility_pct": 36.666666666666664 }, "geometry": { "type": "Point", "coordinates": [ -2.95803648528867, 51.159370339547927 ] } },
{ "type": "Feature", "properties": { "visible_points": 38, "total_points": 120, "visibility_pct": 31.666666666666664 }, "geometry": { "type": "Point", "coordinates": [ -2.95783836557284, 51.159371961524485 ] } },
{ "type": "Feature", "properties": { "visible_points": 29, "total_points": 120, "visibility_pct": 24.166666666666668 }, "geometry": { "type": "Point", "coordinates": [ -2.957640245838657, 51.159373583165461 ] } },
{ "type": "Feature", "properties": { "visible_points": 20, "total_points": 120, "visibility_pct": 16.666666666666664 }, "geometry": { "type": "Point", "coordinates": [ -2.957442126086125, 51.159375204470876 ] } },
{ "type": "Feature", "properties": { "visible_points": 0, "total_points": 120, "visibility_pct": 0.0 }, "geometry": { "type": "Point", "coordinates": [ -2.957244006315256, 51.159376825440717 ] } },
{ "type": "Feature", "properties": { "visible_points": 0, "total_points": 120, "visibility_pct": 0.0 }, "geometry": { "type": "Point", "coordinates": [ -2.957045886526041, 51.159378446074989 ] } },
{ "type": "Feature", "properties": { "visible_points": 11, "total_points": 120, "visibility_pct": 9.1666666666666661 }, "geometry": { "type": "Point", "coordinates": [ -2.956847766718494, 51.159380066373714 ] } },
{ "type": "Feature", "properties": { "visible_points": 11, "total_points": 120, "visibility_pct": 9.1666666666666661 }, "geometry": { "type": "Point", "coordinates": [ -2.956649646892615, 51.159381686336864 ] } },
{ "type": "Feature", "properties": { "visible_points": 11, "total_points": 120, "visibility_pct": 9.1666666666666661 }, "geometry": { "type": "Point", "coordinates": [ -2.95645152704841, 51.15938330596444 ] } },
{ "type": "Feature", "properties": { "visible_points": 4, "total_points": 120, "visibility_pct": 3.3333333333333335 }, "geometry": { "type": "Point", "coordinates": [ -2.956253407185876, 51.159384925256461 ] } },
{ "type": "Feature", "properties": { "visible_points": 6, "total_points": 120, "visibility_pct": 5.0 }, "geometry": { "type": "Point", "coordinates": [ -2.956055287305027, 51.1593865442129 ] } },
{ "type": "Feature", "properties": { "visible_points": 3, "total_points": 120, "visibility_pct": 2.5 }, "geometry": { "type": "Point", "coordinates": [ -2.955857167405861, 51.159388162833778 ] } },
{ "type": "Feature", "properties": { "visible_points": 0, "total_points": 118, "visibility_pct": 0.0 }, "geometry": { "type": "Point", "coordinates": [ -2.955659047488377, 51.159389781119103 ] } },
{ "type": "Feature", "properties": { "visible_points": 0, "total_points": 115, "visibility_pct": 0.0 }, "geometry": { "type": "Point", "coordinates": [ -2.955460927552585, 51.159391399068852 ] } },
{ "type": "Feature", "properties": { "visible_points": 5, "total_points": 111, "visibility_pct": 4.5045045045045047 }, "geometry": { "type": "Point", "coordinates": [ -2.955262807598496, 51.159393016683019 ] } },
{ "type": "Feature", "properties": { "visible_points": 8, "total_points": 108, "visibility_pct": 7.4074074074074066 }, "geometry": { "type": "Point", "coordinates": [ -2.955064687626094, 51.159394633961639 ] } },
{ "type": "Feature", "properties": { "visible_points": 8, "total_points": 105, "visibility_pct": 7.6190476190476195 }, "geometry": { "type": "Point", "coordinates": [ -2.9548665676354, 51.159396250904692 ] } },
{ "type": "Feature", "properties": { "visible_points": 3, "total_points": 102, "visibility_pct": 2.9411764705882351 }, "geometry": { "type": "Point", "coordinates": [ -2.954668447626417, 51.159397867512148 ] } },
{ "type": "Feature", "properties": { "visible_points": 0, "total_points": 101, "visibility_pct": 0.0 }, "geometry": { "type": "Point", "coordinates": [ -2.954470327599133, 51.159399483784071 ] } },
{ "type": "Feature", "properties": { "visible_points": 0, "total_points": 100, "visibility_pct": 0.0 }, "geometry": { "type": "Point", "coordinates": [ -2.954272207553571, 51.159401099720419 ] } },
{ "type": "Feature", "properties": { "visible_points": 0, "total_points": 100, "visibility_pct": 0.0 }, "geometry": { "type": "Point", "coordinates": [ -2.954074087489725, 51.1594027153212 ] } },
{ "type": "Feature", "properties": { "visible_points": 0, "total_points": 101, "visibility_pct": 0.0 }, "geometry": { "type": "Point", "coordinates": [ -2.953875967407598, 51.159404330586412 ] } },
{ "type": "Feature", "properties": { "visible_points": 0, "total_points": 99, "visibility_pct": 0.0 }, "geometry": { "type": "Point", "coordinates": [ -2.9536778473072, 51.159405945516049 ] } },
{ "type": "Feature", "properties": { "visible_points": 3, "total_points": 92, "visibility_pct": 3.2608695652173911 }, "geometry": { "type": "Point", "coordinates": [ -2.953479727188524, 51.159407560110125 ] } },
{ "type": "Feature", "properties": { "visible_points": 3, "total_points": 85, "visibility_pct": 3.5294117647058822 }, "geometry": { "type": "Point", "coordinates": [ -2.953281607051591, 51.159409174368633 ] } },
{ "type": "Feature", "properties": { "visible_points": 3, "total_points": 76, "visibility_pct": 3.9473684210526314 }, "geometry": { "type": "Point", "coordinates": [ -2.953083486896383, 51.159410788291559 ] } },
{ "type": "Feature", "properties": { "visible_points": 2, "total_points": 72, "visibility_pct": 2.7777777777777777 }, "geometry": { "type": "Point", "coordinates": [ -2.962100184797709, 51.159444905179335 ] } },
{ "type": "Feature", "properties": { "visible_points": 0, "total_points": 85, "visibility_pct": 0.0 }, "geometry": { "type": "Point", "coordinates": [ -2.961902064999079, 51.159446534039887 ] } },
{ "type": "Feature", "properties": { "visible_points": 10, "total_points": 98, "visibility_pct": 10.204081632653061 }, "geometry": { "type": "Point", "coordinates": [ -2.961703945182022, 51.159448162564878 ] } },
{ "type": "Feature", "properties": { "visible_points": 16, "total_points": 108, "visibility_pct": 14.814814814814813 }, "geometry": { "type": "Point", "coordinates": [ -2.961505825346542, 51.159449790754294 ] } },
{ "type": "Feature", "properties": { "visible_points": 18, "total_points": 115, "visibility_pct": 15.65217391304348 }, "geometry": { "type": "Point", "coordinates": [ -2.96130770549264, 51.159451418608157 ] } },
{ "type": "Feature", "properties": { "visible_points": 21, "total_points": 120, "visibility_pct": 17.5 }, "geometry": { "type": "Point", "coordinates": [ -2.961109585620317, 51.159453046126423 ] } },
{ "type": "Feature", "properties": { "visible_points": 31, "total_points": 120, "visibility_pct": 25.833333333333336 }, "geometry": { "type": "Point", "coordinates": [ -2.960911465729588, 51.159454673309163 ] } },
{ "type": "Feature", "properties": { "visible_points": 25, "total_points": 120, "visibility_pct": 20.833333333333336 }, "geometry": { "type": "Point", "coordinates": [ -2.960713345820444, 51.159456300156293 ] } },
{ "type": "Feature", "properties": { "visible_points": 28, "total_points": 120, "visibility_pct": 23.333333333333332 }, "geometry": { "type": "Point", "coordinates": [ -2.960515225892896, 51.159457926667891 ] } },
{ "type": "Feature", "properties": { "visible_points": 24, "total_points": 120, "visibility_pct": 20.0 }, "geometry": { "type": "Point", "coordinates": [ -2.960317105946942, 51.15945955284392 ] } },
{ "type": "Feature", "properties": { "visible_points": 32, "total_points": 120, "visibility_pct": 26.666666666666668 }, "geometry": { "type": "Point", "coordinates": [ -2.960118985982598, 51.159461178684367 ] } },
{ "type": "Feature", "properties": { "visible_points": 22, "total_points": 120, "visibility_pct": 18.333333333333332 }, "geometry": { "type": "Point", "coordinates": [ -2.959920865999854, 51.159462804189253 ] } },
{ "type": "Feature", "properties": { "visible_points": 1, "total_points": 120, "visibility_pct": 0.83333333333333337 }, "geometry": { "type": "Point", "coordinates": [ -2.959524625979199, 51.159466054192322 ] } },
{ "type": "Feature", "properties": { "visible_points": 41, "total_points": 120, "visibility_pct": 34.166666666666664 }, "geometry": { "type": "Point", "coordinates": [ -2.959326505941301, 51.159467678690518 ] } },
{ "type": "Feature", "properties": { "visible_points": 51, "total_points": 120, "visibility_pct": 42.5 }, "geometry": { "type": "Point", "coordinates": [ -2.959128385885017, 51.159469302853132 ] } },
{ "type": "Feature", "properties": { "visible_points": 48, "total_points": 120, "visibility_pct": 40.0 }, "geometry": { "type": "Point", "coordinates": [ -2.958930265810356, 51.159470926680171 ] } },
{ "type": "Feature", "properties": { "visible_points": 46, "total_points": 120, "visibility_pct": 38.333333333333336 }, "geometry": { "type": "Point", "coordinates": [ -2.958732145717328, 51.159472550171657 ] } },
{ "type": "Feature", "properties": { "visible_points": 45, "total_points": 120, "visibility_pct": 37.5 }, "geometry": { "type": "Point", "coordinates": [ -2.958534025605937, 51.159474173327595 ] } },
{ "type": "Feature", "properties": { "visible_points": 54, "total_points": 120, "visibility_pct": 45.0 }, "geometry": { "type": "Point", "coordinates": [ -2.95833590547617, 51.159475796147937 ] } },
{ "type": "Feature", "properties": { "visible_points": 51, "total_points": 120, "visibility_pct": 42.5 }, "geometry": { "type": "Point", "coordinates": [ -2.958137785328053, 51.159477418632733 ] } },
{ "type": "Feature", "properties": { "visible_points": 50, "total_points": 120, "visibility_pct": 41.666666666666671 }, "geometry": { "type": "Point", "coordinates": [ -2.957939665161573, 51.159479040781932 ] } },
{ "type": "Feature", "properties": { "visible_points": 39, "total_points": 120, "visibility_pct": 32.5 }, "geometry": { "type": "Point", "coordinates": [ -2.957741544976742, 51.15948066259557 ] } },
{ "type": "Feature", "properties": { "visible_points": 0, "total_points": 120, "visibility_pct": 0.0 }, "geometry": { "type": "Point", "coordinates": [ -2.957543424773566, 51.159482284073661 ] } },
{ "type": "Feature", "properties": { "visible_points": 0, "total_points": 120, "visibility_pct": 0.0 }, "geometry": { "type": "Point", "coordinates": [ -2.957345304552038, 51.159483905216184 ] } },
{ "type": "Feature", "properties": { "visible_points": 0, "total_points": 120, "visibility_pct": 0.0 }, "geometry": { "type": "Point", "coordinates": [ -2.957147184312173, 51.159485526023118 ] } },
{ "type": "Feature", "properties": { "visible_points": 0, "total_points": 120, "visibility_pct": 0.0 }, "geometry": { "type": "Point", "coordinates": [ -2.956949064053969, 51.159487146494513 ] } },
{ "type": "Feature", "properties": { "visible_points": 0, "total_points": 120, "visibility_pct": 0.0 }, "geometry": { "type": "Point", "coordinates": [ -2.956750943777434, 51.159488766630325 ] } },
{ "type": "Feature", "properties": { "visible_points": 0, "total_points": 120, "visibility_pct": 0.0 }, "geometry": { "type": "Point", "coordinates": [ -2.956552823482566, 51.159490386430562 ] } },
{ "type": "Feature", "properties": { "visible_points": 0, "total_points": 120, "visibility_pct": 0.0 }, "geometry": { "type": "Point", "coordinates": [ -2.956354703169375, 51.159492005895231 ] } },
{ "type": "Feature", "properties": { "visible_points": 0, "total_points": 120, "visibility_pct": 0.0 }, "geometry": { "type": "Point", "coordinates": [ -2.956156582837854, 51.159493625024339 ] } },
{ "type": "Feature", "properties": { "visible_points": 0, "total_points": 120, "visibility_pct": 0.0 }, "geometry": { "type": "Point", "coordinates": [ -2.955958462488024, 51.159495243817872 ] } },
{ "type": "Feature", "properties": { "visible_points": 0, "total_points": 117, "visibility_pct": 0.0 }, "geometry": { "type": "Point", "coordinates": [ -2.955760342119876, 51.159496862275859 ] } },
{ "type": "Feature", "properties": { "visible_points": 0, "total_points": 113, "visibility_pct": 0.0 }, "geometry": { "type": "Point", "coordinates": [ -2.955562221733412, 51.15949848039827 ] } },
{ "type": "Feature", "properties": { "visible_points": 0, "total_points": 108, "visibility_pct": 0.0 }, "geometry": { "type": "Point", "coordinates": [ -2.955364101328648, 51.159500098185084 ] } },
{ "type": "Feature", "properties": { "visible_points": 0, "total_points": 104, "visibility_pct": 0.0 }, "geometry": { "type": "Point", "coordinates": [ -2.955165980905573, 51.15950171563636 ] } },
{ "type": "Feature", "properties": { "visible_points": 9, "total_points": 100, "visibility_pct": 9.0 }, "geometry": { "type": "Point", "coordinates": [ -2.954967860464208, 51.15950333275206 ] } },
{ "type": "Feature", "properties": { "visible_points": 8, "total_points": 96, "visibility_pct": 8.3333333333333321 }, "geometry": { "type": "Point", "coordinates": [ -2.954769740004536, 51.159504949532185 ] } },
{ "type": "Feature", "properties": { "visible_points": 9, "total_points": 94, "visibility_pct": 9.5744680851063837 }, "geometry": { "type": "Point", "coordinates": [ -2.954571619526581, 51.159506565976749 ] } },
{ "type": "Feature", "properties": { "visible_points": 9, "total_points": 92, "visibility_pct": 9.7826086956521738 }, "geometry": { "type": "Point", "coordinates": [ -2.954373499030333, 51.15950818208573 ] } },
{ "type": "Feature", "properties": { "visible_points": 7, "total_points": 91, "visibility_pct": 7.6923076923076925 }, "geometry": { "type": "Point", "coordinates": [ -2.954175378515802, 51.159509797859158 ] } },
{ "type": "Feature", "properties": { "visible_points": 7, "total_points": 91, "visibility_pct": 7.6923076923076925 }, "geometry": { "type": "Point", "coordinates": [ -2.953977257982991, 51.159511413297011 ] } },
{ "type": "Feature", "properties": { "visible_points": 0, "total_points": 91, "visibility_pct": 0.0 }, "geometry": { "type": "Point", "coordinates": [ -2.953779137431898, 51.159513028399303 ] } },
{ "type": "Feature", "properties": { "visible_points": 0, "total_points": 86, "visibility_pct": 0.0 }, "geometry": { "type": "Point", "coordinates": [ -2.953581016862541, 51.15951464316602 ] } },
{ "type": "Feature", "properties": { "visible_points": 1, "total_points": 79, "visibility_pct": 1.2658227848101267 }, "geometry": { "type": "Point", "coordinates": [ -2.953382896274903, 51.159516257597168 ] } },
{ "type": "Feature", "properties": { "visible_points": 1, "total_points": 72, "visibility_pct": 1.3888888888888888 }, "geometry": { "type": "Point", "coordinates": [ -2.95318477566901, 51.159517871692756 ] } },
{ "type": "Feature", "properties": { "visible_points": 2, "total_points": 66, "visibility_pct": 3.0303030303030303 }, "geometry": { "type": "Point", "coordinates": [ -2.962201494318593, 51.159551980719598 ] } },
{ "type": "Feature", "properties": { "visible_points": 4, "total_points": 79, "visibility_pct": 5.0632911392405067 }, "geometry": { "type": "Point", "coordinates": [ -2.96200337406936, 51.159553609752834 ] } },
{ "type": "Feature", "properties": { "visible_points": 5, "total_points": 92, "visibility_pct": 5.4347826086956523 }, "geometry": { "type": "Point", "coordinates": [ -2.961805253801693, 51.159555238450537 ] } },
{ "type": "Feature", "properties": { "visible_points": 16, "total_points": 105, "visibility_pct": 15.238095238095239 }, "geometry": { "type": "Point", "coordinates": [ -2.961607133515601, 51.159556866812643 ] } },
{ "type": "Feature", "properties": { "visible_points": 17, "total_points": 115, "visibility_pct": 14.782608695652174 }, "geometry": { "type": "Point", "coordinates": [ -2.961409013211084, 51.159558494839196 ] } },
{ "type": "Feature", "properties": { "visible_points": 18, "total_points": 120, "visibility_pct": 15.0 }, "geometry": { "type": "Point", "coordinates": [ -2.961210892888151, 51.159560122530173 ] } },
{ "type": "Feature", "properties": { "visible_points": 18, "total_points": 120, "visibility_pct": 15.0 }, "geometry": { "type": "Point", "coordinates": [ -2.961012772546801, 51.159561749885576 ] } },
{ "type": "Feature", "properties": { "visible_points": 18, "total_points": 120, "visibility_pct": 15.0 }, "geometry": { "type": "Point", "coordinates": [ -2.960814652187037, 51.159563376905417 ] } },
{ "type": "Feature", "properties": { "visible_points": 16, "total_points": 120, "visibility_pct": 13.333333333333334 }, "geometry": { "type": "Point", "coordinates": [ -2.960616531808868, 51.159565003589691 ] } },
{ "type": "Feature", "properties": { "visible_points": 17, "total_points": 120, "visibility_pct": 14.166666666666666 }, "geometry": { "type": "Point", "coordinates": [ -2.960418411412297, 51.159566629938404 ] } },
{ "type": "Feature", "properties": { "visible_points": 36, "total_points": 120, "visibility_pct": 30.0 }, "geometry": { "type": "Point", "coordinates": [ -2.960220290997324, 51.159568255951555 ] } },
{ "type": "Feature", "properties": { "visible_points": 4, "total_points": 120, "visibility_pct": 3.3333333333333335 }, "geometry": { "type": "Point", "coordinates": [ -2.960022170563953, 51.159569881629118 ] } },
{ "type": "Feature", "properties": { "visible_points": 0, "total_points": 120, "visibility_pct": 0.0 }, "geometry": { "type": "Point", "coordinates": [ -2.959427809153504, 51.159574756648425 ] } },
{ "type": "Feature", "properties": { "visible_points": 42, "total_points": 120, "visibility_pct": 35.0 }, "geometry": { "type": "Point", "coordinates": [ -2.959229688646587, 51.159576380983722 ] } },
{ "type": "Feature", "properties": { "visible_points": 57, "total_points": 120, "visibility_pct": 47.5 }, "geometry": { "type": "Point", "coordinates": [ -2.959031568121293, 51.159578004983452 ] } },
{ "type": "Feature", "properties": { "visible_points": 63, "total_points": 120, "visibility_pct": 52.5 }, "geometry": { "type": "Point", "coordinates": [ -2.958833447577625, 51.15957962864762 ] } },
{ "type": "Feature", "properties": { "visible_points": 58, "total_points": 120, "visibility_pct": 48.333333333333336 }, "geometry": { "type": "Point", "coordinates": [ -2.958635327015585, 51.159581251976206 ] } },
{ "type": "Feature", "properties": { "visible_points": 54, "total_points": 120, "visibility_pct": 45.0 }, "geometry": { "type": "Point", "coordinates": [ -2.958437206435181, 51.159582874969246 ] } },
{ "type": "Feature", "properties": { "visible_points": 46, "total_points": 120, "visibility_pct": 38.333333333333336 }, "geometry": { "type": "Point", "coordinates": [ -2.958239085836414, 51.159584497626696 ] } },
{ "type": "Feature", "properties": { "visible_points": 46, "total_points": 120, "visibility_pct": 38.333333333333336 }, "geometry": { "type": "Point", "coordinates": [ -2.95804096521929, 51.159586119948578 ] } },
{ "type": "Feature", "properties": { "visible_points": 50, "total_points": 120, "visibility_pct": 41.666666666666671 }, "geometry": { "type": "Point", "coordinates": [ -2.957842844583809, 51.159587741934914 ] } },
{ "type": "Feature", "properties": { "visible_points": 9, "total_points": 120, "visibility_pct": 7.5 }, "geometry": { "type": "Point", "coordinates": [ -2.957644723929979, 51.159589363585646 ] } },
{ "type": "Feature", "properties": { "visible_points": 0, "total_points": 120, "visibility_pct": 0.0 }, "geometry": { "type": "Point", "coordinates": [ -2.957446603257802, 51.159590984900845 ] } },
{ "type": "Feature", "properties": { "visible_points": 0, "total_points": 120, "visibility_pct": 0.0 }, "geometry": { "type": "Point", "coordinates": [ -2.957248482567278, 51.159592605880448 ] } },
{ "type": "Feature", "properties": { "visible_points": 0, "total_points": 120, "visibility_pct": 0.0 }, "geometry": { "type": "Point", "coordinates": [ -2.957050361858421, 51.159594226524497 ] } },
{ "type": "Feature", "properties": { "visible_points": 0, "total_points": 120, "visibility_pct": 0.0 }, "geometry": { "type": "Point", "coordinates": [ -2.956852241131221, 51.159595846832964 ] } },
{ "type": "Feature", "properties": { "visible_points": 0, "total_points": 120, "visibility_pct": 0.0 }, "geometry": { "type": "Point", "coordinates": [ -2.956654120385691, 51.159597466805877 ] } },
{ "type": "Feature", "properties": { "visible_points": 0, "total_points": 120, "visibility_pct": 0.0 }, "geometry": { "type": "Point", "coordinates": [ -2.956455999621838, 51.159599086443201 ] } },
{ "type": "Feature", "properties": { "visible_points": 0, "total_points": 120, "visibility_pct": 0.0 }, "geometry": { "type": "Point", "coordinates": [ -2.956257878839654, 51.159600705744985 ] } },
{ "type": "Feature", "properties": { "visible_points": 0, "total_points": 120, "visibility_pct": 0.0 }, "geometry": { "type": "Point", "coordinates": [ -2.95605975803915, 51.159602324711187 ] } },
{ "type": "Feature", "properties": { "visible_points": 0, "total_points": 116, "visibility_pct": 0.0 }, "geometry": { "type": "Point", "coordinates": [ -2.955861637220333, 51.1596039433418 ] } },
{ "type": "Feature", "properties": { "visible_points": 0, "total_points": 111, "visibility_pct": 0.0 }, "geometry": { "type": "Point", "coordinates": [ -2.955663516383202, 51.159605561636866 ] } },
{ "type": "Feature", "properties": { "visible_points": 0, "total_points": 105, "visibility_pct": 0.0 }, "geometry": { "type": "Point", "coordinates": [ -2.955465395527758, 51.159607179596364 ] } },
{ "type": "Feature", "properties": { "visible_points": 2, "total_points": 100, "visibility_pct": 2.0 }, "geometry": { "type": "Point", "coordinates": [ -2.955267274654014, 51.15960879722028 ] } },
{ "type": "Feature", "properties": { "visible_points": 4, "total_points": 78, "visibility_pct": 5.1282051282051277 }, "geometry": { "type": "Point", "coordinates": [ -2.953682307005492, 51.159621726131149 ] } },
{ "type": "Feature", "properties": { "visible_points": 0, "total_points": 73, "visibility_pct": 0.0 }, "geometry": { "type": "Point", "coordinates": [ -2.953484185967167, 51.159623340734932 ] } },
{ "type": "Feature", "properties": { "visible_points": 0, "total_points": 66, "visibility_pct": 0.0 }, "geometry": { "type": "Point", "coordinates": [ -2.953286064910574, 51.15962495500316 ] } },
{ "type": "Feature", "properties": { "visible_points": 3, "total_points": 60, "visibility_pct": 5.0 }, "geometry": { "type": "Point", "coordinates": [ -2.953087943835716, 51.159626568935806 ] } },
{ "type": "Feature", "properties": { "visible_points": 2, "total_points": 72, "visibility_pct": 2.7777777777777777 }, "geometry": { "type": "Point", "coordinates": [ -2.962104683608656, 51.159660685374973 ] } },
{ "type": "Feature", "properties": { "visible_points": 0, "total_points": 85, "visibility_pct": 0.0 }, "geometry": { "type": "Point", "coordinates": [ -2.96190656289038, 51.159662314245345 ] } },
{ "type": "Feature", "properties": { "visible_points": 15, "total_points": 98, "visibility_pct": 15.306122448979592 }, "geometry": { "type": "Point", "coordinates": [ -2.961708442153673, 51.159663942780149 ] } },
{ "type": "Feature", "properties": { "visible_points": 14, "total_points": 111, "visibility_pct": 12.612612612612612 }, "geometry": { "type": "Point", "coordinates": [ -2.961510321398546, 51.159665570979406 ] } },
{ "type": "Feature", "properties": { "visible_points": 21, "total_points": 120, "visibility_pct": 17.5 }, "geometry": { "type": "Point", "coordinates": [ -2.961312200624993, 51.159667198843074 ] } },
{ "type": "Feature", "properties": { "visible_points": 20, "total_points": 120, "visibility_pct": 16.666666666666664 }, "geometry": { "type": "Point", "coordinates": [ -2.961114079833028, 51.159668826371181 ] } },
{ "type": "Feature", "properties": { "visible_points": 2, "total_points": 120, "visibility_pct": 1.6666666666666667 }, "geometry": { "type": "Point", "coordinates": [ -2.960915959022642, 51.159670453563706 ] } },
{ "type": "Feature", "properties": { "visible_points": 13, "total_points": 120, "visibility_pct": 10.833333333333334 }, "geometry": { "type": "Point", "coordinates": [ -2.960717838193851, 51.159672080420677 ] } },
{ "type": "Feature", "properties": { "visible_points": 26, "total_points": 120, "visibility_pct": 21.666666666666668 }, "geometry": { "type": "Point", "coordinates": [ -2.960519717346655, 51.159673706942066 ] } },
{ "type": "Feature", "properties": { "visible_points": 0, "total_points": 120, "visibility_pct": 0.0 }, "geometry": { "type": "Point", "coordinates": [ -2.960321596481053, 51.159675333127893 ] } },
{ "type": "Feature", "properties": { "visible_points": 3, "total_points": 120, "visibility_pct": 2.5 }, "geometry": { "type": "Point", "coordinates": [ -2.959529112834707, 51.15968183451551 ] } },
{ "type": "Feature", "properties": { "visible_points": 30, "total_points": 120, "visibility_pct": 25.0 }, "geometry": { "type": "Point", "coordinates": [ -2.959330991877153, 51.159683459023491 ] } },
{ "type": "Feature", "properties": { "visible_points": 49, "total_points": 120, "visibility_pct": 40.833333333333336 }, "geometry": { "type": "Point", "coordinates": [ -2.959132870901219, 51.159685083195889 ] } },
{ "type": "Feature", "properties": { "visible_points": 64, "total_points": 120, "visibility_pct": 53.333333333333336 }, "geometry": { "type": "Point", "coordinates": [ -2.95893474990691, 51.159686707032748 ] } },
{ "type": "Feature", "properties": { "visible_points": 69, "total_points": 120, "visibility_pct": 57.5 }, "geometry": { "type": "Point", "coordinates": [ -2.958736628894227, 51.15968833053401 ] } },
{ "type": "Feature", "properties": { "visible_points": 66, "total_points": 120, "visibility_pct": 55.000000000000007 }, "geometry": { "type": "Point", "coordinates": [ -2.958538507863179, 51.159689953699711 ] } },
{ "type": "Feature", "properties": { "visible_points": 65, "total_points": 120, "visibility_pct": 54.166666666666664 }, "geometry": { "type": "Point", "coordinates": [ -2.958340386813767, 51.159691576529838 ] } },
{ "type": "Feature", "properties": { "visible_points": 45, "total_points": 120, "visibility_pct": 37.5 }, "geometry": { "type": "Point", "coordinates": [ -2.958142265745991, 51.159693199024396 ] } },
{ "type": "Feature", "properties": { "visible_points": 38, "total_points": 120, "visibility_pct": 31.666666666666664 }, "geometry": { "type": "Point", "coordinates": [ -2.957944144659858, 51.159694821183407 ] } },
{ "type": "Feature", "properties": { "visible_points": 38, "total_points": 120, "visibility_pct": 31.666666666666664 }, "geometry": { "type": "Point", "coordinates": [ -2.957746023555373, 51.159696443006837 ] } },
{ "type": "Feature", "properties": { "visible_points": 0, "total_points": 120, "visibility_pct": 0.0 }, "geometry": { "type": "Point", "coordinates": [ -2.957547902432544, 51.159698064494677 ] } },
{ "type": "Feature", "properties": { "visible_points": 0, "total_points": 120, "visibility_pct": 0.0 }, "geometry": { "type": "Point", "coordinates": [ -2.957349781291363, 51.159699685646956 ] } },
{ "type": "Feature", "properties": { "visible_points": 0, "total_points": 120, "visibility_pct": 0.0 }, "geometry": { "type": "Point", "coordinates": [ -2.957151660131841, 51.159701306463667 ] } },
{ "type": "Feature", "properties": { "visible_points": 0, "total_points": 120, "visibility_pct": 0.0 }, "geometry": { "type": "Point", "coordinates": [ -2.956953538953984, 51.15970292694481 ] } },
{ "type": "Feature", "properties": { "visible_points": 0, "total_points": 120, "visibility_pct": 0.0 }, "geometry": { "type": "Point", "coordinates": [ -2.956755417757793, 51.159704547090378 ] } },
{ "type": "Feature", "properties": { "visible_points": 0, "total_points": 120, "visibility_pct": 0.0 }, "geometry": { "type": "Point", "coordinates": [ -2.956557296543268, 51.159706166900385 ] } },
{ "type": "Feature", "properties": { "visible_points": 0, "total_points": 120, "visibility_pct": 0.0 }, "geometry": { "type": "Point", "coordinates": [ -2.956359175310421, 51.159707786374803 ] } },
{ "type": "Feature", "properties": { "visible_points": 0, "total_points": 120, "visibility_pct": 0.0 }, "geometry": { "type": "Point", "coordinates": [ -2.956161054059247, 51.159709405513659 ] } },
{ "type": "Feature", "properties": { "visible_points": 0, "total_points": 115, "visibility_pct": 0.0 }, "geometry": { "type": "Point", "coordinates": [ -2.955962932789757, 51.159711024316955 ] } },
{ "type": "Feature", "properties": { "visible_points": 0, "total_points": 109, "visibility_pct": 0.0 }, "geometry": { "type": "Point", "coordinates": [ -2.955764811501953, 51.159712642784676 ] } },
{ "type": "Feature", "properties": { "visible_points": 0, "total_points": 103, "visibility_pct": 0.0 }, "geometry": { "type": "Point", "coordinates": [ -2.955566690195834, 51.159714260916843 ] } },
{ "type": "Feature", "properties": { "visible_points": 0, "total_points": 96, "visibility_pct": 0.0 }, "geometry": { "type": "Point", "coordinates": [ -2.955368568871408, 51.159715878713399 ] } },
{ "type": "Feature", "properties": { "visible_points": 0, "total_points": 55, "visibility_pct": 0.0 }, "geometry": { "type": "Point", "coordinates": [ -2.953189233095522, 51.159733652328079 ] } },
{ "type": "Feature", "properties": { "visible_points": 1, "total_points": 64, "visibility_pct": 1.5625 }, "geometry": { "type": "Point", "coordinates": [ -2.962205993616981, 51.159767760906256 ] } },
{ "type": "Feature", "properties": { "visible_points": 0, "total_points": 77, "visibility_pct": 0.0 }, "geometry": { "type": "Point", "coordinates": [ -2.962007872448089, 51.159769389949332 ] } },
{ "type": "Feature", "properties": { "visible_points": 0, "total_points": 90, "visibility_pct": 0.0 }, "geometry": { "type": "Point", "coordinates": [ -2.961809751260769, 51.159771018656826 ] } },
{ "type": "Feature", "properties": { "visible_points": 8, "total_points": 103, "visibility_pct": 7.7669902912621351 }, "geometry": { "type": "Point", "coordinates": [ -2.961611630055025, 51.159772647028767 ] } },
{ "type": "Feature", "properties": { "visible_points": 14, "total_points": 115, "visibility_pct": 12.173913043478262 }, "geometry": { "type": "Point", "coordinates": [ -2.961413508830856, 51.159774275065139 ] } },
{ "type": "Feature", "properties": { "visible_points": 15, "total_points": 119, "visibility_pct": 12.605042016806722 }, "geometry": { "type": "Point", "coordinates": [ -2.961215387588267, 51.159775902765929 ] } },
{ "type": "Feature", "properties": { "visible_points": 8, "total_points": 120, "visibility_pct": 6.666666666666667 }, "geometry": { "type": "Point", "coordinates": [ -2.96101726632726, 51.159777530131151 ] } },
{ "type": "Feature", "properties": { "visible_points": 9, "total_points": 120, "visibility_pct": 7.5 }, "geometry": { "type": "Point", "coordinates": [ -2.960819145047847, 51.159779157160813 ] } },
{ "type": "Feature", "properties": { "visible_points": 14, "total_points": 120, "visibility_pct": 11.666666666666666 }, "geometry": { "type": "Point", "coordinates": [ -2.960621023750019, 51.159780783854892 ] } },
{ "type": "Feature", "properties": { "visible_points": 3, "total_points": 120, "visibility_pct": 2.5 }, "geometry": { "type": "Point", "coordinates": [ -2.959828538374718, 51.159787287275535 ] } },
{ "type": "Feature", "properties": { "visible_points": 24, "total_points": 119, "visibility_pct": 20.168067226890756 }, "geometry": { "type": "Point", "coordinates": [ -2.959630416984912, 51.159788912291781 ] } },
{ "type": "Feature", "properties": { "visible_points": 25, "total_points": 118, "visibility_pct": 21.1864406779661 }, "geometry": { "type": "Point", "coordinates": [ -2.95943229557672, 51.159790536972437 ] } },
{ "type": "Feature", "properties": { "visible_points": 34, "total_points": 118, "visibility_pct": 28.8135593220339 }, "geometry": { "type": "Point", "coordinates": [ -2.959234174150143, 51.159792161317533 ] } },
{ "type": "Feature", "properties": { "visible_points": 48, "total_points": 118, "visibility_pct": 40.677966101694921 }, "geometry": { "type": "Point", "coordinates": [ -2.959036052705193, 51.159793785327039 ] } },
{ "type": "Feature", "properties": { "visible_points": 55, "total_points": 118, "visibility_pct": 46.610169491525419 }, "geometry": { "type": "Point", "coordinates": [ -2.958837931241865, 51.159795409001013 ] } },
{ "type": "Feature", "properties": { "visible_points": 62, "total_points": 119, "visibility_pct": 52.100840336134461 }, "geometry": { "type": "Point", "coordinates": [ -2.958639809760168, 51.159797032339377 ] } },
{ "type": "Feature", "properties": { "visible_points": 66, "total_points": 120, "visibility_pct": 55.000000000000007 }, "geometry": { "type": "Point", "coordinates": [ -2.958441688260107, 51.159798655342186 ] } },
{ "type": "Feature", "properties": { "visible_points": 63, "total_points": 120, "visibility_pct": 52.5 }, "geometry": { "type": "Point", "coordinates": [ -2.958243566741681, 51.159800278009421 ] } },
{ "type": "Feature", "properties": { "visible_points": 51, "total_points": 120, "visibility_pct": 42.5 }, "geometry": { "type": "Point", "coordinates": [ -2.958045445204897, 51.159801900341087 ] } },
{ "type": "Feature", "properties": { "visible_points": 39, "total_points": 120, "visibility_pct": 32.5 }, "geometry": { "type": "Point", "coordinates": [ -2.957847323649757, 51.159803522337178 ] } },
{ "type": "Feature", "properties": { "visible_points": 30, "total_points": 120, "visibility_pct": 25.0 }, "geometry": { "type": "Point", "coordinates": [ -2.957649202076264, 51.159805143997701 ] } },
{ "type": "Feature", "properties": { "visible_points": 0, "total_points": 120, "visibility_pct": 0.0 }, "geometry": { "type": "Point", "coordinates": [ -2.957451080484431, 51.159806765322656 ] } },
{ "type": "Feature", "properties": { "visible_points": 0, "total_points": 120, "visibility_pct": 0.0 }, "geometry": { "type": "Point", "coordinates": [ -2.957252958874246, 51.159808386312037 ] } },
{ "type": "Feature", "properties": { "visible_points": 0, "total_points": 120, "visibility_pct": 0.0 }, "geometry": { "type": "Point", "coordinates": [ -2.957054837245727, 51.159810006965841 ] } },
{ "type": "Feature", "properties": { "visible_points": 0, "total_points": 120, "visibility_pct": 0.0 }, "geometry": { "type": "Point", "coordinates": [ -2.956856715598868, 51.159811627284078 ] } },
{ "type": "Feature", "properties": { "visible_points": 0, "total_points": 120, "visibility_pct": 0.0 }, "geometry": { "type": "Point", "coordinates": [ -2.956658593933677, 51.159813247266747 ] } },
{ "type": "Feature", "properties": { "visible_points": 0, "total_points": 120, "visibility_pct": 0.0 }, "geometry": { "type": "Point", "coordinates": [ -2.956460472250158, 51.159814866913848 ] } },
{ "type": "Feature", "properties": { "visible_points": 0, "total_points": 120, "visibility_pct": 0.0 }, "geometry": { "type": "Point", "coordinates": [ -2.956262350548317, 51.159816486225367 ] } },
{ "type": "Feature", "properties": { "visible_points": 0, "total_points": 115, "visibility_pct": 0.0 }, "geometry": { "type": "Point", "coordinates": [ -2.956064228828152, 51.159818105201317 ] } },
{ "type": "Feature", "properties": { "visible_points": 0, "total_points": 108, "visibility_pct": 0.0 }, "geometry": { "type": "Point", "coordinates": [ -2.955866107089669, 51.159819723841693 ] } },
{ "type": "Feature", "properties": { "visible_points": 0, "total_points": 101, "visibility_pct": 0.0 }, "geometry": { "type": "Point", "coordinates": [ -2.955667985332874, 51.1598213421465 ] } },
{ "type": "Feature", "properties": { "visible_points": 0, "total_points": 93, "visibility_pct": 0.0 }, "geometry": { "type": "Point", "coordinates": [ -2.955469863557774, 51.15982296011574 ] } },
{ "type": "Feature", "properties": { "visible_points": 0, "total_points": 68, "visibility_pct": 0.0 }, "geometry": { "type": "Point", "coordinates": [ -2.962109182474824, 51.159876465562455 ] } },
{ "type": "Feature", "properties": { "visible_points": 0, "total_points": 81, "visibility_pct": 0.0 }, "geometry": { "type": "Point", "coordinates": [ -2.961911060836887, 51.159878094442661 ] } },
{ "type": "Feature", "properties": { "visible_points": 0, "total_points": 94, "visibility_pct": 0.0 }, "geometry": { "type": "Point", "coordinates": [ -2.961712939180526, 51.159879722987291 ] } },
{ "type": "Feature", "properties": { "visible_points": 0, "total_points": 106, "visibility_pct": 0.0 }, "geometry": { "type": "Point", "coordinates": [ -2.961514817505737, 51.159881351196361 ] } },
{ "type": "Feature", "properties": { "visible_points": 16, "total_points": 113, "visibility_pct": 14.159292035398231 }, "geometry": { "type": "Point", "coordinates": [ -2.961316695812525, 51.159882979069842 ] } },
{ "type": "Feature", "properties": { "visible_points": 7, "total_points": 118, "visibility_pct": 5.9322033898305087 }, "geometry": { "type": "Point", "coordinates": [ -2.961118574100893, 51.159884606607768 ] } },
{ "type": "Feature", "properties": { "visible_points": 6, "total_points": 120, "visibility_pct": 5.0 }, "geometry": { "type": "Point", "coordinates": [ -2.960127965266623, 51.15989273926381 ] } },
{ "type": "Feature", "properties": { "visible_points": 24, "total_points": 118, "visibility_pct": 20.33898305084746 }, "geometry": { "type": "Point", "coordinates": [ -2.959929843444566, 51.1598943647883 ] } },
{ "type": "Feature", "properties": { "visible_points": 21, "total_points": 116, "visibility_pct": 18.103448275862068 }, "geometry": { "type": "Point", "coordinates": [ -2.95973172160412, 51.159895989977223 ] } },
{ "type": "Feature", "properties": { "visible_points": 20, "total_points": 115, "visibility_pct": 17.391304347826086 }, "geometry": { "type": "Point", "coordinates": [ -2.959533599745285, 51.159897614830548 ] } },
{ "type": "Feature", "properties": { "visible_points": 28, "total_points": 114, "visibility_pct": 24.561403508771928 }, "geometry": { "type": "Point", "coordinates": [ -2.959335477868069, 51.159899239348327 ] } },
{ "type": "Feature", "properties": { "visible_points": 21, "total_points": 114, "visibility_pct": 18.421052631578945 }, "geometry": { "type": "Point", "coordinates": [ -2.95913735597247, 51.159900863530531 ] } },
{ "type": "Feature", "properties": { "visible_points": 39, "total_points": 115, "visibility_pct": 33.913043478260867 }, "geometry": { "type": "Point", "coordinates": [ -2.958939234058501, 51.159902487377167 ] } },
{ "type": "Feature", "properties": { "visible_points": 57, "total_points": 116, "visibility_pct": 49.137931034482754 }, "geometry": { "type": "Point", "coordinates": [ -2.958741112126153, 51.15990411088822 ] } },
{ "type": "Feature", "properties": { "visible_points": 62, "total_points": 117, "visibility_pct": 52.991452991452995 }, "geometry": { "type": "Point", "coordinates": [ -2.958542990175443, 51.159905734063699 ] } },
{ "type": "Feature", "properties": { "visible_points": 59, "total_points": 119, "visibility_pct": 49.579831932773111 }, "geometry": { "type": "Point", "coordinates": [ -2.958344868206362, 51.159907356903616 ] } },
{ "type": "Feature", "properties": { "visible_points": 56, "total_points": 120, "visibility_pct": 46.666666666666664 }, "geometry": { "type": "Point", "coordinates": [ -2.958146746218923, 51.159908979407959 ] } },
{ "type": "Feature", "properties": { "visible_points": 50, "total_points": 120, "visibility_pct": 41.666666666666671 }, "geometry": { "type": "Point", "coordinates": [ -2.957948624213125, 51.159910601576719 ] } },
{ "type": "Feature", "properties": { "visible_points": 42, "total_points": 120, "visibility_pct": 35.0 }, "geometry": { "type": "Point", "coordinates": [ -2.957750502188977, 51.159912223409904 ] } },
{ "type": "Feature", "properties": { "visible_points": 0, "total_points": 120, "visibility_pct": 0.0 }, "geometry": { "type": "Point", "coordinates": [ -2.957552380146482, 51.15991384490755 ] } },
{ "type": "Feature", "properties": { "visible_points": 0, "total_points": 120, "visibility_pct": 0.0 }, "geometry": { "type": "Point", "coordinates": [ -2.957354258085632, 51.159915466069592 ] } },
{ "type": "Feature", "properties": { "visible_points": 0, "total_points": 120, "visibility_pct": 0.0 }, "geometry": { "type": "Point", "coordinates": [ -2.957156136006448, 51.159917086896073 ] } },
{ "type": "Feature", "properties": { "visible_points": 0, "total_points": 120, "visibility_pct": 0.0 }, "geometry": { "type": "Point", "coordinates": [ -2.956958013908926, 51.159918707386971 ] } },
{ "type": "Feature", "properties": { "visible_points": 0, "total_points": 120, "visibility_pct": 0.0 }, "geometry": { "type": "Point", "coordinates": [ -2.956759891793062, 51.159920327542302 ] } },
{ "type": "Feature", "properties": { "visible_points": 0, "total_points": 120, "visibility_pct": 0.0 }, "geometry": { "type": "Point", "coordinates": [ -2.956561769658873, 51.159921947362072 ] } },
{ "type": "Feature", "properties": { "visible_points": 0, "total_points": 120, "visibility_pct": 0.0 }, "geometry": { "type": "Point", "coordinates": [ -2.956363647506358, 51.159923566846253 ] } },
{ "type": "Feature", "properties": { "visible_points": 0, "total_points": 115, "visibility_pct": 0.0 }, "geometry": { "type": "Point", "coordinates": [ -2.956165525335518, 51.159925185994858 ] } },
{ "type": "Feature", "properties": { "visible_points": 0, "total_points": 108, "visibility_pct": 0.0 }, "geometry": { "type": "Point", "coordinates": [ -2.955967403146362, 51.159926804807903 ] } },
{ "type": "Feature", "properties": { "visible_points": 0, "total_points": 100, "visibility_pct": 0.0 }, "geometry": { "type": "Point", "coordinates": [ -2.955769280938885, 51.159928423285379 ] } },
{ "type": "Feature", "properties": { "visible_points": 0, "total_points": 92, "visibility_pct": 0.0 }, "geometry": { "type": "Point", "coordinates": [ -2.955571158713098, 51.159930041427266 ] } },
{ "type": "Feature", "properties": { "visible_points": 7, "total_points": 83, "visibility_pct": 8.4337349397590362 }, "geometry": { "type": "Point", "coordinates": [ -2.955373036469007, 51.159931659233592 ] } },
{ "type": "Feature", "properties": { "visible_points": 0, "total_points": 71, "visibility_pct": 0.0 }, "geometry": { "type": "Point", "coordinates": [ -2.962012370882034, 51.159985170137652 ] } },
{ "type": "Feature", "properties": { "visible_points": 0, "total_points": 84, "visibility_pct": 0.0 }, "geometry": { "type": "Point", "coordinates": [ -2.961814248775053, 51.159986798854987 ] } },
{ "type": "Feature", "properties": { "visible_points": 0, "total_points": 96, "visibility_pct": 0.0 }, "geometry": { "type": "Point", "coordinates": [ -2.961616126649643, 51.159988427236733 ] } },
{ "type": "Feature", "properties": { "visible_points": 2, "total_points": 105, "visibility_pct": 1.9047619047619049 }, "geometry": { "type": "Point", "coordinates": [ -2.961418004505807, 51.159990055282925 ] } },
{ "type": "Feature", "properties": { "visible_points": 25, "total_points": 119, "visibility_pct": 21.008403361344538 }, "geometry": { "type": "Point", "coordinates": [ -2.960427393510412, 51.159998190480287 ] } },
{ "type": "Feature", "properties": { "visible_points": 23, "total_points": 117, "visibility_pct": 19.658119658119659 }, "geometry": { "type": "Point", "coordinates": [ -2.960229271256118, 51.159999816513043 ] } },
{ "type": "Feature", "properties": { "visible_points": 24, "total_points": 114, "visibility_pct": 21.052631578947366 }, "geometry": { "type": "Point", "coordinates": [ -2.960031148983422, 51.160001442210216 ] } },
{ "type": "Feature", "properties": { "visible_points": 25, "total_points": 111, "visibility_pct": 22.522522522522522 }, "geometry": { "type": "Point", "coordinates": [ -2.959833026692337, 51.160003067571814 ] } },
{ "type": "Feature", "properties": { "visible_points": 25, "total_points": 109, "visibility_pct": 22.935779816513762 }, "geometry": { "type": "Point", "coordinates": [ -2.95963490438286, 51.160004692597845 ] } },
{ "type": "Feature", "properties": { "visible_points": 23, "total_points": 109, "visibility_pct": 21.100917431192663 }, "geometry": { "type": "Point", "coordinates": [ -2.959436782055, 51.1600063172883 ] } },
{ "type": "Feature", "properties": { "visible_points": 22, "total_points": 110, "visibility_pct": 20.0 }, "geometry": { "type": "Point", "coordinates": [ -2.959238659708758, 51.160007941643187 ] } },
{ "type": "Feature", "properties": { "visible_points": 0, "total_points": 111, "visibility_pct": 0.0 }, "geometry": { "type": "Point", "coordinates": [ -2.959040537344136, 51.160009565662506 ] } },
{ "type": "Feature", "properties": { "visible_points": 26, "total_points": 112, "visibility_pct": 23.214285714285715 }, "geometry": { "type": "Point", "coordinates": [ -2.958842414961139, 51.160011189346243 ] } },
{ "type": "Feature", "properties": { "visible_points": 44, "total_points": 114, "visibility_pct": 38.596491228070171 }, "geometry": { "type": "Point", "coordinates": [ -2.958644292559775, 51.160012812694404 ] } },
{ "type": "Feature", "properties": { "visible_points": 46, "total_points": 116, "visibility_pct": 39.655172413793103 }, "geometry": { "type": "Point", "coordinates": [ -2.958446170140039, 51.160014435706991 ] } },
{ "type": "Feature", "properties": { "visible_points": 51, "total_points": 118, "visibility_pct": 43.220338983050851 }, "geometry": { "type": "Point", "coordinates": [ -2.958248047701948, 51.160016058384016 ] } },
{ "type": "Feature", "properties": { "visible_points": 53, "total_points": 120, "visibility_pct": 44.166666666666664 }, "geometry": { "type": "Point", "coordinates": [ -2.958049925245491, 51.16001768072546 ] } },
{ "type": "Feature", "properties": { "visible_points": 48, "total_points": 120, "visibility_pct": 40.0 }, "geometry": { "type": "Point", "coordinates": [ -2.957851802770681, 51.160019302731321 ] } },
{ "type": "Feature", "properties": { "visible_points": 32, "total_points": 120, "visibility_pct": 26.666666666666668 }, "geometry": { "type": "Point", "coordinates": [ -2.95765368027752, 51.160020924401614 ] } },
{ "type": "Feature", "properties": { "visible_points": 0, "total_points": 120, "visibility_pct": 0.0 }, "geometry": { "type": "Point", "coordinates": [ -2.957455557766011, 51.160022545736339 ] } },
{ "type": "Feature", "properties": { "visible_points": 0, "total_points": 120, "visibility_pct": 0.0 }, "geometry": { "type": "Point", "coordinates": [ -2.957257435236156, 51.160024166735482 ] } },
{ "type": "Feature", "properties": { "visible_points": 0, "total_points": 120, "visibility_pct": 0.0 }, "geometry": { "type": "Point", "coordinates": [ -2.957059312687965, 51.160025787399057 ] } },
{ "type": "Feature", "properties": { "visible_points": 0, "total_points": 120, "visibility_pct": 0.0 }, "geometry": { "type": "Point", "coordinates": [ -2.956861190121435, 51.160027407727057 ] } },
{ "type": "Feature", "properties": { "visible_points": 0, "total_points": 120, "visibility_pct": 0.0 }, "geometry": { "type": "Point", "coordinates": [ -2.956663067536569, 51.160029027719474 ] } },
{ "type": "Feature", "properties": { "visible_points": 0, "total_points": 120, "visibility_pct": 0.0 }, "geometry": { "type": "Point", "coordinates": [ -2.95646494493338, 51.160030647376338 ] } },
{ "type": "Feature", "properties": { "visible_points": 0, "total_points": 116, "visibility_pct": 0.0 }, "geometry": { "type": "Point", "coordinates": [ -2.956266822311862, 51.160032266697613 ] } },
{ "type": "Feature", "properties": { "visible_points": 0, "total_points": 109, "visibility_pct": 0.0 }, "geometry": { "type": "Point", "coordinates": [ -2.956068699672026, 51.160033885683319 ] } },
{ "type": "Feature", "properties": { "visible_points": 0, "total_points": 100, "visibility_pct": 0.0 }, "geometry": { "type": "Point", "coordinates": [ -2.955870577013872, 51.160035504333443 ] } },
{ "type": "Feature", "properties": { "visible_points": 0, "total_points": 91, "visibility_pct": 0.0 }, "geometry": { "type": "Point", "coordinates": [ -2.955672454337401, 51.160037122647985 ] } },
{ "type": "Feature", "properties": { "visible_points": 5, "total_points": 82, "visibility_pct": 6.0975609756097562 }, "geometry": { "type": "Point", "coordinates": [ -2.955474331642621, 51.160038740626973 ] } },
{ "type": "Feature", "properties": { "visible_points": 1, "total_points": 95, "visibility_pct": 1.0526315789473684 }, "geometry": { "type": "Point", "coordinates": [ -2.961519313668113, 51.160097131405188 ] } },
{ "type": "Feature", "properties": { "visible_points": 0, "total_points": 116, "visibility_pct": 0.0 }, "geometry": { "type": "Point", "coordinates": [ -2.960924945774217, 51.160102014048405 ] } },
{ "type": "Feature", "properties": { "visible_points": 0, "total_points": 118, "visibility_pct": 0.0 }, "geometry": { "type": "Point", "coordinates": [ -2.960726823106092, 51.160103640924973 ] } },
{ "type": "Feature", "properties": { "visible_points": 21, "total_points": 116, "visibility_pct": 18.103448275862068 }, "geometry": { "type": "Point", "coordinates": [ -2.960528700419562, 51.160105267466008 ] } },
{ "type": "Feature", "properties": { "visible_points": 28, "total_points": 113, "visibility_pct": 24.778761061946902 }, "geometry": { "type": "Point", "coordinates": [ -2.96033057771463, 51.16010689367144 ] } },
{ "type": "Feature", "properties": { "visible_points": 22, "total_points": 109, "visibility_pct": 20.183486238532112 }, "geometry": { "type": "Point", "coordinates": [ -2.960132454991295, 51.160108519541318 ] } },
{ "type": "Feature", "properties": { "visible_points": 29, "total_points": 105, "visibility_pct": 27.61904761904762 }, "geometry": { "type": "Point", "coordinates": [ -2.959934332249567, 51.160110145075599 ] } },
{ "type": "Feature", "properties": { "visible_points": 31, "total_points": 103, "visibility_pct": 30.097087378640776 }, "geometry": { "type": "Point", "coordinates": [ -2.959736209489443, 51.160111770274312 ] } },
{ "type": "Feature", "properties": { "visible_points": 24, "total_points": 103, "visibility_pct": 23.300970873786408 }, "geometry": { "type": "Point", "coordinates": [ -2.95953808671094, 51.160113395137465 ] } },
{ "type": "Feature", "properties": { "visible_points": 23, "total_points": 103, "visibility_pct": 22.330097087378643 }, "geometry": { "type": "Point", "coordinates": [ -2.959339963914049, 51.160115019665035 ] } },
{ "type": "Feature", "properties": { "visible_points": 0, "total_points": 105, "visibility_pct": 0.0 }, "geometry": { "type": "Point", "coordinates": [ -2.959141841098775, 51.160116643857016 ] } },
{ "type": "Feature", "properties": { "visible_points": 4, "total_points": 107, "visibility_pct": 3.7383177570093453 }, "geometry": { "type": "Point", "coordinates": [ -2.958943718265127, 51.160118267713443 ] } },
{ "type": "Feature", "properties": { "visible_points": 23, "total_points": 109, "visibility_pct": 21.100917431192663 }, "geometry": { "type": "Point", "coordinates": [ -2.95874559541311, 51.160119891234288 ] } },
{ "type": "Feature", "properties": { "visible_points": 39, "total_points": 112, "visibility_pct": 34.821428571428569 }, "geometry": { "type": "Point", "coordinates": [ -2.958547472542721, 51.160121514419558 ] } },
{ "type": "Feature", "properties": { "visible_points": 46, "total_points": 115, "visibility_pct": 40.0 }, "geometry": { "type": "Point", "coordinates": [ -2.958349349653968, 51.160123137269267 ] } },
{ "type": "Feature", "properties": { "visible_points": 49, "total_points": 118, "visibility_pct": 41.525423728813557 }, "geometry": { "type": "Point", "coordinates": [ -2.958151226746848, 51.160124759783386 ] } },
{ "type": "Feature", "properties": { "visible_points": 51, "total_points": 120, "visibility_pct": 42.5 }, "geometry": { "type": "Point", "coordinates": [ -2.957953103821378, 51.160126381961909 ] } },
{ "type": "Feature", "properties": { "visible_points": 45, "total_points": 120, "visibility_pct": 37.5 }, "geometry": { "type": "Point", "coordinates": [ -2.957754980877552, 51.160128003804893 ] } },
{ "type": "Feature", "properties": { "visible_points": 36, "total_points": 120, "visibility_pct": 30.0 }, "geometry": { "type": "Point", "coordinates": [ -2.957556857915378, 51.160129625312265 ] } },
{ "type": "Feature", "properties": { "visible_points": 0, "total_points": 120, "visibility_pct": 0.0 }, "geometry": { "type": "Point", "coordinates": [ -2.957358734934852, 51.160131246484092 ] } },
{ "type": "Feature", "properties": { "visible_points": 0, "total_points": 120, "visibility_pct": 0.0 }, "geometry": { "type": "Point", "coordinates": [ -2.957160611935993, 51.160132867320335 ] } },
{ "type": "Feature", "properties": { "visible_points": 0, "total_points": 120, "visibility_pct": 0.0 }, "geometry": { "type": "Point", "coordinates": [ -2.956962488918788, 51.160134487821004 ] } },
{ "type": "Feature", "properties": { "visible_points": 0, "total_points": 120, "visibility_pct": 0.0 }, "geometry": { "type": "Point", "coordinates": [ -2.956764365883251, 51.160136107986098 ] } },
{ "type": "Feature", "properties": { "visible_points": 0, "total_points": 120, "visibility_pct": 0.0 }, "geometry": { "type": "Point", "coordinates": [ -2.956566242829383, 51.160137727815624 ] } },
{ "type": "Feature", "properties": { "visible_points": 0, "total_points": 117, "visibility_pct": 0.0 }, "geometry": { "type": "Point", "coordinates": [ -2.956368119757191, 51.160139347309553 ] } },
{ "type": "Feature", "properties": { "visible_points": 0, "total_points": 110, "visibility_pct": 0.0 }, "geometry": { "type": "Point", "coordinates": [ -2.956169996666667, 51.160140966467921 ] } },
{ "type": "Feature", "properties": { "visible_points": 0, "total_points": 102, "visibility_pct": 0.0 }, "geometry": { "type": "Point", "coordinates": [ -2.955971873557834, 51.160142585290721 ] } },
{ "type": "Feature", "properties": { "visible_points": 0, "total_points": 92, "visibility_pct": 0.0 }, "geometry": { "type": "Point", "coordinates": [ -2.955773750430678, 51.160144203777925 ] } },
{ "type": "Feature", "properties": { "visible_points": 3, "total_points": 82, "visibility_pct": 3.6585365853658534 }, "geometry": { "type": "Point", "coordinates": [ -2.955575627285213, 51.160145821929561 ] } },
{ "type": "Feature", "properties": { "visible_points": 9, "total_points": 102, "visibility_pct": 8.8235294117647065 }, "geometry": { "type": "Point", "coordinates": [ -2.961224377154009, 51.160207463213041 ] } },
{ "type": "Feature", "properties": { "visible_points": 8, "total_points": 108, "visibility_pct": 7.4074074074074066 }, "geometry": { "type": "Point", "coordinates": [ -2.961026254053662, 51.160209090597903 ] } },
{ "type": "Feature", "properties": { "visible_points": 16, "total_points": 110, "visibility_pct": 14.545454545454545 }, "geometry": { "type": "Point", "coordinates": [ -2.960828130934902, 51.160210717647175 ] } },
{ "type": "Feature", "properties": { "visible_points": 17, "total_points": 112, "visibility_pct": 15.178571428571427 }, "geometry": { "type": "Point", "coordinates": [ -2.960630007797731, 51.160212344360893 ] } },
{ "type": "Feature", "properties": { "visible_points": 25, "total_points": 108, "visibility_pct": 23.148148148148149 }, "geometry": { "type": "Point", "coordinates": [ -2.960431884642157, 51.160213970739015 ] } },
{ "type": "Feature", "properties": { "visible_points": 31, "total_points": 103, "visibility_pct": 30.097087378640776 }, "geometry": { "type": "Point", "coordinates": [ -2.960233761468187, 51.160215596781569 ] } },
{ "type": "Feature", "properties": { "visible_points": 28, "total_points": 99, "visibility_pct": 28.28282828282828 }, "geometry": { "type": "Point", "coordinates": [ -2.960035638275813, 51.160217222488555 ] } },
{ "type": "Feature", "properties": { "visible_points": 27, "total_points": 96, "visibility_pct": 28.125 }, "geometry": { "type": "Point", "coordinates": [ -2.959837515065046, 51.160218847859944 ] } },
{ "type": "Feature", "properties": { "visible_points": 22, "total_points": 95, "visibility_pct": 23.157894736842106 }, "geometry": { "type": "Point", "coordinates": [ -2.959639391835894, 51.160220472895787 ] } },
{ "type": "Feature", "properties": { "visible_points": 0, "total_points": 96, "visibility_pct": 0.0 }, "geometry": { "type": "Point", "coordinates": [ -2.959441268588352, 51.160222097596041 ] } },
{ "type": "Feature", "properties": { "visible_points": 1, "total_points": 103, "visibility_pct": 0.97087378640776689 }, "geometry": { "type": "Point", "coordinates": [ -2.958846898735451, 51.160226969683357 ] } },
{ "type": "Feature", "properties": { "visible_points": 19, "total_points": 106, "visibility_pct": 17.924528301886792 }, "geometry": { "type": "Point", "coordinates": [ -2.958648775414404, 51.16022859304131 ] } },
{ "type": "Feature", "properties": { "visible_points": 36, "total_points": 110, "visibility_pct": 32.727272727272727 }, "geometry": { "type": "Point", "coordinates": [ -2.958450652074988, 51.160230216063667 ] } },
{ "type": "Feature", "properties": { "visible_points": 43, "total_points": 114, "visibility_pct": 37.719298245614034 }, "geometry": { "type": "Point", "coordinates": [ -2.958252528717214, 51.160231838750462 ] } },
{ "type": "Feature", "properties": { "visible_points": 53, "total_points": 118, "visibility_pct": 44.915254237288138 }, "geometry": { "type": "Point", "coordinates": [ -2.958054405341075, 51.16023346110169 ] } },
{ "type": "Feature", "properties": { "visible_points": 53, "total_points": 120, "visibility_pct": 44.166666666666664 }, "geometry": { "type": "Point", "coordinates": [ -2.957856281946581, 51.160235083117335 ] } },
{ "type": "Feature", "properties": { "visible_points": 40, "total_points": 120, "visibility_pct": 33.333333333333329 }, "geometry": { "type": "Point", "coordinates": [ -2.957658158533741, 51.160236704797398 ] } },
{ "type": "Feature", "properties": { "visible_points": 32, "total_points": 120, "visibility_pct": 26.666666666666668 }, "geometry": { "type": "Point", "coordinates": [ -2.957460035102546, 51.160238326141879 ] } },
{ "type": "Feature", "properties": { "visible_points": 30, "total_points": 120, "visibility_pct": 25.0 }, "geometry": { "type": "Point", "coordinates": [ -2.95726191165301, 51.160239947150814 ] } },
{ "type": "Feature", "properties": { "visible_points": 0, "total_points": 120, "visibility_pct": 0.0 }, "geometry": { "type": "Point", "coordinates": [ -2.957063788185136, 51.160241567824137 ] } },
{ "type": "Feature", "properties": { "visible_points": 0, "total_points": 120, "visibility_pct": 0.0 }, "geometry": { "type": "Point", "coordinates": [ -2.956865664698921, 51.160243188161893 ] } },
{ "type": "Feature", "properties": { "visible_points": 0, "total_points": 120, "visibility_pct": 0.0 }, "geometry": { "type": "Point", "coordinates": [ -2.956667541194371, 51.160244808164094 ] } },
{ "type": "Feature", "properties": { "visible_points": 0, "total_points": 118, "visibility_pct": 0.0 }, "geometry": { "type": "Point", "coordinates": [ -2.956469417671499, 51.1602464278307 ] } },
{ "type": "Feature", "properties": { "visible_points": 0, "total_points": 112, "visibility_pct": 0.0 }, "geometry": { "type": "Point", "coordinates": [ -2.956271294130297, 51.16024804716173 ] } },
{ "type": "Feature", "properties": { "visible_points": 0, "total_points": 104, "visibility_pct": 0.0 }, "geometry": { "type": "Point", "coordinates": [ -2.956073170570777, 51.160249666157178 ] } },
{ "type": "Feature", "properties": { "visible_points": 0, "total_points": 95, "visibility_pct": 0.0 }, "geometry": { "type": "Point", "coordinates": [ -2.955875046992934, 51.160251284817058 ] } },
{ "type": "Feature", "properties": { "visible_points": 4, "total_points": 89, "visibility_pct": 4.4943820224719104 }, "geometry": { "type": "Point", "coordinates": [ -2.96132568635312, 51.160314539498998 ] } },
{ "type": "Feature", "properties": { "visible_points": 12, "total_points": 95, "visibility_pct": 12.631578947368421 }, "geometry": { "type": "Point", "coordinates": [ -2.961127562802132, 51.160316167056564 ] } },
{ "type": "Feature", "properties": { "visible_points": 14, "total_points": 99, "visibility_pct": 14.14141414141414 }, "geometry": { "type": "Point", "coordinates": [ -2.960929439232734, 51.160317794278527 ] } },
{ "type": "Feature", "properties": { "visible_points": 21, "total_points": 102, "visibility_pct": 20.588235294117645 }, "geometry": { "type": "Point", "coordinates": [ -2.960731315644932, 51.160319421164935 ] } },
{ "type": "Feature", "properties": { "visible_points": 24, "total_points": 102, "visibility_pct": 23.52941176470588 }, "geometry": { "type": "Point", "coordinates": [ -2.960533192038714, 51.160321047715762 ] } },
{ "type": "Feature", "properties": { "visible_points": 25, "total_points": 97, "visibility_pct": 25.773195876288657 }, "geometry": { "type": "Point", "coordinates": [ -2.960335068414095, 51.160322673931013 ] } },
{ "type": "Feature", "properties": { "visible_points": 27, "total_points": 92, "visibility_pct": 29.347826086956523 }, "geometry": { "type": "Point", "coordinates": [ -2.960136944771077, 51.160324299810675 ] } },
{ "type": "Feature", "properties": { "visible_points": 0, "total_points": 88, "visibility_pct": 0.0 }, "geometry": { "type": "Point", "coordinates": [ -2.959938821109665, 51.160325925354769 ] } },
{ "type": "Feature", "properties": { "visible_points": 0, "total_points": 87, "visibility_pct": 0.0 }, "geometry": { "type": "Point", "coordinates": [ -2.959740697429862, 51.160327550563281 ] } },
{ "type": "Feature", "properties": { "visible_points": 0, "total_points": 99, "visibility_pct": 0.0 }, "geometry": { "type": "Point", "coordinates": [ -2.958750078755092, 51.16033567157222 ] } },
{ "type": "Feature", "properties": { "visible_points": 22, "total_points": 103, "visibility_pct": 21.359223300970871 }, "geometry": { "type": "Point", "coordinates": [ -2.958551954965019, 51.160337294767267 ] } },
{ "type": "Feature", "properties": { "visible_points": 31, "total_points": 108, "visibility_pct": 28.703703703703702 }, "geometry": { "type": "Point", "coordinates": [ -2.958353831156576, 51.160338917626746 ] } },
{ "type": "Feature", "properties": { "visible_points": 46, "total_points": 113, "visibility_pct": 40.707964601769916 }, "geometry": { "type": "Point", "coordinates": [ -2.958155707329773, 51.160340540150642 ] } },
{ "type": "Feature", "properties": { "visible_points": 51, "total_points": 118, "visibility_pct": 43.220338983050851 }, "geometry": { "type": "Point", "coordinates": [ -2.957957583484616, 51.160342162338964 ] } },
{ "type": "Feature", "properties": { "visible_points": 43, "total_points": 120, "visibility_pct": 35.833333333333336 }, "geometry": { "type": "Point", "coordinates": [ -2.957759459621099, 51.16034378419171 ] } },
{ "type": "Feature", "properties": { "visible_points": 37, "total_points": 120, "visibility_pct": 30.833333333333336 }, "geometry": { "type": "Point", "coordinates": [ -2.957561335739235, 51.160345405708881 ] } },
{ "type": "Feature", "properties": { "visible_points": 30, "total_points": 120, "visibility_pct": 25.0 }, "geometry": { "type": "Point", "coordinates": [ -2.957363211839028, 51.160347026890456 ] } },
{ "type": "Feature", "properties": { "visible_points": 34, "total_points": 120, "visibility_pct": 28.333333333333332 }, "geometry": { "type": "Point", "coordinates": [ -2.95716508792047, 51.16034864773647 ] } },
{ "type": "Feature", "properties": { "visible_points": 32, "total_points": 120, "visibility_pct": 26.666666666666668 }, "geometry": { "type": "Point", "coordinates": [ -2.956966963983578, 51.160350268246894 ] } },
{ "type": "Feature", "properties": { "visible_points": 32, "total_points": 120, "visibility_pct": 26.666666666666668 }, "geometry": { "type": "Point", "coordinates": [ -2.956768840028359, 51.160351888421744 ] } },
{ "type": "Feature", "properties": { "visible_points": 0, "total_points": 119, "visibility_pct": 0.0 }, "geometry": { "type": "Point", "coordinates": [ -2.956570716054794, 51.160353508261025 ] } },
{ "type": "Feature", "properties": { "visible_points": 0, "total_points": 114, "visibility_pct": 0.0 }, "geometry": { "type": "Point", "coordinates": [ -2.956372592062912, 51.160355127764738 ] } },
{ "type": "Feature", "properties": { "visible_points": 0, "total_points": 107, "visibility_pct": 0.0 }, "geometry": { "type": "Point", "coordinates": [ -2.956174468052703, 51.160356746932848 ] } },
{ "type": "Feature", "properties": { "visible_points": 0, "total_points": 98, "visibility_pct": 0.0 }, "geometry": { "type": "Point", "coordinates": [ -2.955976344024176, 51.160358365765383 ] } },
{ "type": "Feature", "properties": { "visible_points": 3, "total_points": 76, "visibility_pct": 3.9473684210526314 }, "geometry": { "type": "Point", "coordinates": [ -2.961426996021257, 51.160421615694119 ] } },
{ "type": "Feature", "properties": { "visible_points": 3, "total_points": 82, "visibility_pct": 3.6585365853658534 }, "geometry": { "type": "Point", "coordinates": [ -2.961228872019643, 51.160423243424368 ] } },
{ "type": "Feature", "properties": { "visible_points": 12, "total_points": 86, "visibility_pct": 13.953488372093023 }, "geometry": { "type": "Point", "coordinates": [ -2.961030747999601, 51.16042487081905 ] } },
{ "type": "Feature", "properties": { "visible_points": 21, "total_points": 89, "visibility_pct": 23.595505617977526 }, "geometry": { "type": "Point", "coordinates": [ -2.960832623961154, 51.160426497878149 ] } },
{ "type": "Feature", "properties": { "visible_points": 22, "total_points": 91, "visibility_pct": 24.175824175824175 }, "geometry": { "type": "Point", "coordinates": [ -2.960634499904297, 51.160428124601658 ] } },
{ "type": "Feature", "properties": { "visible_points": 20, "total_points": 90, "visibility_pct": 22.222222222222221 }, "geometry": { "type": "Point", "coordinates": [ -2.960436375829032, 51.1604297509896 ] } },
{ "type": "Feature", "properties": { "visible_points": 17, "total_points": 85, "visibility_pct": 20.0 }, "geometry": { "type": "Point", "coordinates": [ -2.960238251735369, 51.160431377041967 ] } },
{ "type": "Feature", "properties": { "visible_points": 0, "total_points": 80, "visibility_pct": 0.0 }, "geometry": { "type": "Point", "coordinates": [ -2.960040127623302, 51.160433002758744 ] } },
{ "type": "Feature", "properties": { "visible_points": 0, "total_points": 95, "visibility_pct": 0.0 }, "geometry": { "type": "Point", "coordinates": [ -2.958653258324056, 51.160444373380038 ] } },
{ "type": "Feature", "properties": { "visible_points": 17, "total_points": 100, "visibility_pct": 17.0 }, "geometry": { "type": "Point", "coordinates": [ -2.95845513406495, 51.160445996412207 ] } },
{ "type": "Feature", "properties": { "visible_points": 24, "total_points": 106, "visibility_pct": 22.641509433962266 }, "geometry": { "type": "Point", "coordinates": [ -2.958257009787478, 51.160447619108773 ] } },
{ "type": "Feature", "properties": { "visible_points": 58, "total_points": 113, "visibility_pct": 51.327433628318587 }, "geometry": { "type": "Point", "coordinates": [ -2.95805888549165, 51.160449241469777 ] } },
{ "type": "Feature", "properties": { "visible_points": 49, "total_points": 119, "visibility_pct": 41.17647058823529 }, "geometry": { "type": "Point", "coordinates": [ -2.957860761177465, 51.160450863495193 ] } },
{ "type": "Feature", "properties": { "visible_points": 39, "total_points": 120, "visibility_pct": 32.5 }, "geometry": { "type": "Point", "coordinates": [ -2.957662636844927, 51.160452485185033 ] } },
{ "type": "Feature", "properties": { "visible_points": 39, "total_points": 120, "visibility_pct": 32.5 }, "geometry": { "type": "Point", "coordinates": [ -2.957464512494039, 51.160454106539291 ] } },
{ "type": "Feature", "properties": { "visible_points": 35, "total_points": 120, "visibility_pct": 29.166666666666668 }, "geometry": { "type": "Point", "coordinates": [ -2.957266388124811, 51.160455727557981 ] } },
{ "type": "Feature", "properties": { "visible_points": 33, "total_points": 120, "visibility_pct": 27.5 }, "geometry": { "type": "Point", "coordinates": [ -2.957068263737234, 51.160457348241088 ] } },
{ "type": "Feature", "properties": { "visible_points": 38, "total_points": 120, "visibility_pct": 31.666666666666664 }, "geometry": { "type": "Point", "coordinates": [ -2.956870139331331, 51.1604589685886 ] } },
{ "type": "Feature", "properties": { "visible_points": 37, "total_points": 120, "visibility_pct": 30.833333333333336 }, "geometry": { "type": "Point", "coordinates": [ -2.956672014907089, 51.16046058860055 ] } },
{ "type": "Feature", "properties": { "visible_points": 33, "total_points": 116, "visibility_pct": 28.448275862068968 }, "geometry": { "type": "Point", "coordinates": [ -2.956473890464514, 51.160462208276918 ] } },
{ "type": "Feature", "properties": { "visible_points": 31, "total_points": 110, "visibility_pct": 28.18181818181818 }, "geometry": { "type": "Point", "coordinates": [ -2.956275766003621, 51.160463827617704 ] } },
{ "type": "Feature", "properties": { "visible_points": 0, "total_points": 101, "visibility_pct": 0.0 }, "geometry": { "type": "Point", "coordinates": [ -2.956077641524403, 51.160465446622908 ] } },
{ "type": "Feature", "properties": { "visible_points": 3, "total_points": 69, "visibility_pct": 4.3478260869565215 }, "geometry": { "type": "Point", "coordinates": [ -2.96133018170618, 51.160530319701365 ] } },
{ "type": "Feature", "properties": { "visible_points": 6, "total_points": 73, "visibility_pct": 8.2191780821917799 }, "geometry": { "type": "Point", "coordinates": [ -2.961132057235506, 51.160531947268737 ] } },
{ "type": "Feature", "properties": { "visible_points": 14, "total_points": 76, "visibility_pct": 18.421052631578945 }, "geometry": { "type": "Point", "coordinates": [ -2.96093393274641, 51.160533574500519 ] } },
{ "type": "Feature", "properties": { "visible_points": 21, "total_points": 79, "visibility_pct": 26.582278481012654 }, "geometry": { "type": "Point", "coordinates": [ -2.960735808238907, 51.160535201396748 ] } },
{ "type": "Feature", "properties": { "visible_points": 0, "total_points": 80, "visibility_pct": 0.0 }, "geometry": { "type": "Point", "coordinates": [ -2.960537683712996, 51.160536827957358 ] } },
{ "type": "Feature", "properties": { "visible_points": 0, "total_points": 91, "visibility_pct": 0.0 }, "geometry": { "type": "Point", "coordinates": [ -2.958556437442334, 51.160553075106847 ] } },
{ "type": "Feature", "properties": { "visible_points": 26, "total_points": 98, "visibility_pct": 26.530612244897959 }, "geometry": { "type": "Point", "coordinates": [ -2.958358312714195, 51.160554697976103 ] } },
{ "type": "Feature", "properties": { "visible_points": 38, "total_points": 105, "visibility_pct": 36.19047619047619 }, "geometry": { "type": "Point", "coordinates": [ -2.958160187967693, 51.160556320509762 ] } },
{ "type": "Feature", "properties": { "visible_points": 46, "total_points": 113, "visibility_pct": 40.707964601769916 }, "geometry": { "type": "Point", "coordinates": [ -2.957962063202833, 51.160557942707875 ] } },
{ "type": "Feature", "properties": { "visible_points": 42, "total_points": 120, "visibility_pct": 35.0 }, "geometry": { "type": "Point", "coordinates": [ -2.957763938419622, 51.160559564570384 ] } },
{ "type": "Feature", "properties": { "visible_points": 41, "total_points": 120, "visibility_pct": 34.166666666666664 }, "geometry": { "type": "Point", "coordinates": [ -2.957565813618056, 51.160561186097326 ] } },
{ "type": "Feature", "properties": { "visible_points": 38, "total_points": 120, "visibility_pct": 31.666666666666664 }, "geometry": { "type": "Point", "coordinates": [ -2.957367688798149, 51.160562807288677 ] } },
{ "type": "Feature", "properties": { "visible_points": 37, "total_points": 120, "visibility_pct": 30.833333333333336 }, "geometry": { "type": "Point", "coordinates": [ -2.957169563959893, 51.160564428144454 ] } },
{ "type": "Feature", "properties": { "visible_points": 35, "total_points": 120, "visibility_pct": 29.166666666666668 }, "geometry": { "type": "Point", "coordinates": [ -2.9569714391033, 51.160566048664641 ] } },
{ "type": "Feature", "properties": { "visible_points": 41, "total_points": 120, "visibility_pct": 34.166666666666664 }, "geometry": { "type": "Point", "coordinates": [ -2.956773314228375, 51.160567668849261 ] } },
{ "type": "Feature", "properties": { "visible_points": 40, "total_points": 118, "visibility_pct": 33.898305084745758 }, "geometry": { "type": "Point", "coordinates": [ -2.956575189335115, 51.160569288698291 ] } },
{ "type": "Feature", "properties": { "visible_points": 34, "total_points": 113, "visibility_pct": 30.088495575221241 }, "geometry": { "type": "Point", "coordinates": [ -2.956377064423528, 51.160570908211746 ] } },
{ "type": "Feature", "properties": { "visible_points": 8, "total_points": 105, "visibility_pct": 7.6190476190476195 }, "geometry": { "type": "Point", "coordinates": [ -2.956178939493619, 51.160572527389625 ] } },
{ "type": "Feature", "properties": { "visible_points": 1, "total_points": 95, "visibility_pct": 1.0526315789473684 }, "geometry": { "type": "Point", "coordinates": [ -2.955980814545387, 51.16057414623193 ] } },
{ "type": "Feature", "properties": { "visible_points": 2, "total_points": 61, "visibility_pct": 3.278688524590164 }, "geometry": { "type": "Point", "coordinates": [ -2.961233366940441, 51.160639023627574 ] } },
{ "type": "Feature", "properties": { "visible_points": 5, "total_points": 64, "visibility_pct": 7.8125 }, "geometry": { "type": "Point", "coordinates": [ -2.961035242000707, 51.160640651032068 ] } },
{ "type": "Feature", "properties": { "visible_points": 0, "total_points": 67, "visibility_pct": 0.0 }, "geometry": { "type": "Point", "coordinates": [ -2.960837117042558, 51.160642278100966 ] } },
{ "type": "Feature", "properties": { "visible_points": 18, "total_points": 88, "visibility_pct": 20.454545454545457 }, "geometry": { "type": "Point", "coordinates": [ -2.958459616109924, 51.16066177675259 ] } },
{ "type": "Feature", "properties": { "visible_points": 21, "total_points": 96, "visibility_pct": 21.875 }, "geometry": { "type": "Point", "coordinates": [ -2.958261490912748, 51.160663399458947 ] } },
{ "type": "Feature", "properties": { "visible_points": 30, "total_points": 105, "visibility_pct": 28.571428571428569 }, "geometry": { "type": "Point", "coordinates": [ -2.958063365697213, 51.160665021829729 ] } },
{ "type": "Feature", "properties": { "visible_points": 37, "total_points": 114, "visibility_pct": 32.456140350877192 }, "geometry": { "type": "Point", "coordinates": [ -2.957865240463326, 51.160666643864928 ] } },
{ "type": "Feature", "properties": { "visible_points": 34, "total_points": 120, "visibility_pct": 28.333333333333332 }, "geometry": { "type": "Point", "coordinates": [ -2.95766711521108, 51.160668265564532 ] } },
{ "type": "Feature", "properties": { "visible_points": 40, "total_points": 120, "visibility_pct": 33.333333333333329 }, "geometry": { "type": "Point", "coordinates": [ -2.95746898994049, 51.160669886928574 ] } },
{ "type": "Feature", "properties": { "visible_points": 38, "total_points": 120, "visibility_pct": 31.666666666666664 }, "geometry": { "type": "Point", "coordinates": [ -2.957270864651553, 51.160671507957012 ] } },
{ "type": "Feature", "properties": { "visible_points": 36, "total_points": 120, "visibility_pct": 30.0 }, "geometry": { "type": "Point", "coordinates": [ -2.957072739344274, 51.160673128649876 ] } },
{ "type": "Feature", "properties": { "visible_points": 42, "total_points": 120, "visibility_pct": 35.0 }, "geometry": { "type": "Point", "coordinates": [ -2.956874614018664, 51.160674749007178 ] } },
{ "type": "Feature", "properties": { "visible_points": 44, "total_points": 120, "visibility_pct": 36.666666666666664 }, "geometry": { "type": "Point", "coordinates": [ -2.956676488674712, 51.160676369028877 ] } },
{ "type": "Feature", "properties": { "visible_points": 36, "total_points": 116, "visibility_pct": 31.03448275862069 }, "geometry": { "type": "Point", "coordinates": [ -2.956478363312434, 51.160677988714994 ] } },
{ "type": "Feature", "properties": { "visible_points": 26, "total_points": 109, "visibility_pct": 23.853211009174313 }, "geometry": { "type": "Point", "coordinates": [ -2.956280237931831, 51.160679608065529 ] } },
{ "type": "Feature", "properties": { "visible_points": 20, "total_points": 100, "visibility_pct": 20.0 }, "geometry": { "type": "Point", "coordinates": [ -2.956082112532906, 51.160681227080495 ] } },
{ "type": "Feature", "properties": { "visible_points": 9, "total_points": 89, "visibility_pct": 10.112359550561797 }, "geometry": { "type": "Point", "coordinates": [ -2.955883987115659, 51.160682845759858 ] } },
{ "type": "Feature", "properties": { "visible_points": 5, "total_points": 52, "visibility_pct": 9.6153846153846168 }, "geometry": { "type": "Point", "coordinates": [ -2.961136551724038, 51.160747727472767 ] } },
{ "type": "Feature", "properties": { "visible_points": 20, "total_points": 86, "visibility_pct": 23.255813953488371 }, "geometry": { "type": "Point", "coordinates": [ -2.958362794326822, 51.160770478317318 ] } },
{ "type": "Feature", "properties": { "visible_points": 24, "total_points": 96, "visibility_pct": 25.0 }, "geometry": { "type": "Point", "coordinates": [ -2.958164668660608, 51.160772100860768 ] } },
{ "type": "Feature", "properties": { "visible_points": 29, "total_points": 106, "visibility_pct": 27.358490566037734 }, "geometry": { "type": "Point", "coordinates": [ -2.957966542976041, 51.160773723068637 ] } },
{ "type": "Feature", "properties": { "visible_points": 40, "total_points": 115, "visibility_pct": 34.782608695652172 }, "geometry": { "type": "Point", "coordinates": [ -2.957768417273115, 51.160775344940923 ] } },
{ "type": "Feature", "properties": { "visible_points": 42, "total_points": 120, "visibility_pct": 35.0 }, "geometry": { "type": "Point", "coordinates": [ -2.95757029155184, 51.16077696647762 ] } },
{ "type": "Feature", "properties": { "visible_points": 49, "total_points": 120, "visibility_pct": 40.833333333333336 }, "geometry": { "type": "Point", "coordinates": [ -2.957372165812221, 51.160778587678756 ] } },
{ "type": "Feature", "properties": { "visible_points": 47, "total_points": 120, "visibility_pct": 39.166666666666664 }, "geometry": { "type": "Point", "coordinates": [ -2.957174040054255, 51.160780208544317 ] } },
{ "type": "Feature", "properties": { "visible_points": 37, "total_points": 120, "visibility_pct": 30.833333333333336 }, "geometry": { "type": "Point", "coordinates": [ -2.956975914277949, 51.160781829074267 ] } },
{ "type": "Feature", "properties": { "visible_points": 42, "total_points": 120, "visibility_pct": 35.0 }, "geometry": { "type": "Point", "coordinates": [ -2.956777788483311, 51.160783449268642 ] } },
{ "type": "Feature", "properties": { "visible_points": 40, "total_points": 119, "visibility_pct": 33.613445378151262 }, "geometry": { "type": "Point", "coordinates": [ -2.95657966267034, 51.160785069127414 ] } },
{ "type": "Feature", "properties": { "visible_points": 36, "total_points": 113, "visibility_pct": 31.858407079646017 }, "geometry": { "type": "Point", "coordinates": [ -2.956381536839041, 51.160786688650646 ] } },
{ "type": "Feature", "properties": { "visible_points": 29, "total_points": 105, "visibility_pct": 27.61904761904762 }, "geometry": { "type": "Point", "coordinates": [ -2.956183410989417, 51.160788307838274 ] } },
{ "type": "Feature", "properties": { "visible_points": 0, "total_points": 94, "visibility_pct": 0.0 }, "geometry": { "type": "Point", "coordinates": [ -2.95598528512147, 51.160789926690306 ] } },
{ "type": "Feature", "properties": { "visible_points": 8, "total_points": 83, "visibility_pct": 9.6385542168674707 }, "geometry": { "type": "Point", "coordinates": [ -2.955787159235212, 51.160791545206756 ] } },
{ "type": "Feature", "properties": { "visible_points": 17, "total_points": 86, "visibility_pct": 19.767441860465116 }, "geometry": { "type": "Point", "coordinates": [ -2.958265972093019, 51.160879179800986 ] } },
{ "type": "Feature", "properties": { "visible_points": 21, "total_points": 97, "visibility_pct": 21.649484536082475 }, "geometry": { "type": "Point", "coordinates": [ -2.958067845957772, 51.160880802181545 ] } },
{ "type": "Feature", "properties": { "visible_points": 30, "total_points": 107, "visibility_pct": 28.037383177570092 }, "geometry": { "type": "Point", "coordinates": [ -2.957869719804166, 51.160882424226521 ] } },
{ "type": "Feature", "properties": { "visible_points": 32, "total_points": 115, "visibility_pct": 27.826086956521738 }, "geometry": { "type": "Point", "coordinates": [ -2.957671593632206, 51.160884045935902 ] } },
{ "type": "Feature", "properties": { "visible_points": 44, "total_points": 120, "visibility_pct": 36.666666666666664 }, "geometry": { "type": "Point", "coordinates": [ -2.957473467441897, 51.160885667309699 ] } },
{ "type": "Feature", "properties": { "visible_points": 52, "total_points": 120, "visibility_pct": 43.333333333333336 }, "geometry": { "type": "Point", "coordinates": [ -2.957275341233246, 51.160887288347908 ] } },
{ "type": "Feature", "properties": { "visible_points": 45, "total_points": 120, "visibility_pct": 37.5 }, "geometry": { "type": "Point", "coordinates": [ -2.957077215006249, 51.160888909050541 ] } },
{ "type": "Feature", "properties": { "visible_points": 37, "total_points": 120, "visibility_pct": 30.833333333333336 }, "geometry": { "type": "Point", "coordinates": [ -2.956879088760914, 51.1608905294176 ] } },
{ "type": "Feature", "properties": { "visible_points": 40, "total_points": 120, "visibility_pct": 33.333333333333329 }, "geometry": { "type": "Point", "coordinates": [ -2.956680962497249, 51.160892149449047 ] } },
{ "type": "Feature", "properties": { "visible_points": 44, "total_points": 117, "visibility_pct": 37.606837606837608 }, "geometry": { "type": "Point", "coordinates": [ -2.956482836215254, 51.160893769144927 ] } },
{ "type": "Feature", "properties": { "visible_points": 39, "total_points": 110, "visibility_pct": 35.454545454545453 }, "geometry": { "type": "Point", "coordinates": [ -2.956284709914932, 51.160895388505239 ] } },
{ "type": "Feature", "properties": { "visible_points": 26, "total_points": 100, "visibility_pct": 26.0 }, "geometry": { "type": "Point", "coordinates": [ -2.956086583596285, 51.16089700752994 ] } },
{ "type": "Feature", "properties": { "visible_points": 0, "total_points": 88, "visibility_pct": 0.0 }, "geometry": { "type": "Point", "coordinates": [ -2.95588845725932, 51.160898626219058 ] } },
{ "type": "Feature", "properties": { "visible_points": 21, "total_points": 87, "visibility_pct": 24.137931034482758 }, "geometry": { "type": "Point", "coordinates": [ -2.958169149408522, 51.160987881203617 ] } },
{ "type": "Feature", "properties": { "visible_points": 23, "total_points": 98, "visibility_pct": 23.469387755102041 }, "geometry": { "type": "Point", "coordinates": [ -2.957971022804235, 51.160989503421277 ] } },
{ "type": "Feature", "properties": { "visible_points": 30, "total_points": 107, "visibility_pct": 28.037383177570092 }, "geometry": { "type": "Point", "coordinates": [ -2.957772896181587, 51.160991125303347 ] } },
{ "type": "Feature", "properties": { "visible_points": 34, "total_points": 115, "visibility_pct": 29.565217391304348 }, "geometry": { "type": "Point", "coordinates": [ -2.957574769540587, 51.160992746849828 ] } },
{ "type": "Feature", "properties": { "visible_points": 38, "total_points": 120, "visibility_pct": 31.666666666666664 }, "geometry": { "type": "Point", "coordinates": [ -2.957376642881248, 51.160994368060713 ] } },
{ "type": "Feature", "properties": { "visible_points": 45, "total_points": 120, "visibility_pct": 37.5 }, "geometry": { "type": "Point", "coordinates": [ -2.957178516203556, 51.160995988936008 ] } },
{ "type": "Feature", "properties": { "visible_points": 38, "total_points": 120, "visibility_pct": 31.666666666666664 }, "geometry": { "type": "Point", "coordinates": [ -2.956980389507529, 51.160997609475729 ] } },
{ "type": "Feature", "properties": { "visible_points": 32, "total_points": 120, "visibility_pct": 26.666666666666668 }, "geometry": { "type": "Point", "coordinates": [ -2.956782262793169, 51.160999229679874 ] } },
{ "type": "Feature", "properties": { "visible_points": 47, "total_points": 120, "visibility_pct": 39.166666666666664 }, "geometry": { "type": "Point", "coordinates": [ -2.956584136060472, 51.161000849548429 ] } },
{ "type": "Feature", "properties": { "visible_points": 42, "total_points": 115, "visibility_pct": 36.521739130434781 }, "geometry": { "type": "Point", "coordinates": [ -2.956386009309448, 51.161002469081374 ] } },
{ "type": "Feature", "properties": { "visible_points": 32, "total_points": 104, "visibility_pct": 30.76923076923077 }, "geometry": { "type": "Point", "coordinates": [ -2.956187882540099, 51.161004088278766 ] } },
{ "type": "Feature", "properties": { "visible_points": 19, "total_points": 92, "visibility_pct": 20.652173913043477 }, "geometry": { "type": "Point", "coordinates": [ -2.955989755752431, 51.161005707140568 ] } },
{ "type": "Feature", "properties": { "visible_points": 0, "total_points": 79, "visibility_pct": 0.0 }, "geometry": { "type": "Point", "coordinates": [ -2.955791628946447, 51.16100732566678 ] } },
{ "type": "Feature", "properties": { "visible_points": 0, "total_points": 88, "visibility_pct": 0.0 }, "geometry": { "type": "Point", "coordinates": [ -2.95807232627332, 51.161096582525225 ] } },
{ "type": "Feature", "properties": { "visible_points": 25, "total_points": 98, "visibility_pct": 25.510204081632654 }, "geometry": { "type": "Point", "coordinates": [ -2.95787419919999, 51.161098204579964 ] } },
{ "type": "Feature", "properties": { "visible_points": 32, "total_points": 107, "visibility_pct": 29.906542056074763 }, "geometry": { "type": "Point", "coordinates": [ -2.957676072108299, 51.161099826299122 ] } },
{ "type": "Feature", "properties": { "visible_points": 44, "total_points": 115, "visibility_pct": 38.260869565217391 }, "geometry": { "type": "Point", "coordinates": [ -2.957477944998264, 51.161101447682711 ] } },
{ "type": "Feature", "properties": { "visible_points": 54, "total_points": 120, "visibility_pct": 45.0 }, "geometry": { "type": "Point", "coordinates": [ -2.95727981786988, 51.161103068730668 ] } },
{ "type": "Feature", "properties": { "visible_points": 54, "total_points": 120, "visibility_pct": 45.0 }, "geometry": { "type": "Point", "coordinates": [ -2.957081690723159, 51.161104689443079 ] } },
{ "type": "Feature", "properties": { "visible_points": 48, "total_points": 120, "visibility_pct": 40.0 }, "geometry": { "type": "Point", "coordinates": [ -2.956883563558095, 51.161106309819878 ] } },
{ "type": "Feature", "properties": { "visible_points": 46, "total_points": 119, "visibility_pct": 38.655462184873954 }, "geometry": { "type": "Point", "coordinates": [ -2.956685436374701, 51.16110792986111 ] } },
{ "type": "Feature", "properties": { "visible_points": 40, "total_points": 116, "visibility_pct": 34.482758620689658 }, "geometry": { "type": "Point", "coordinates": [ -2.956487309172972, 51.161109549566739 ] } },
{ "type": "Feature", "properties": { "visible_points": 33, "total_points": 106, "visibility_pct": 31.132075471698112 }, "geometry": { "type": "Point", "coordinates": [ -2.956289181952922, 51.161111168936792 ] } },
{ "type": "Feature", "properties": { "visible_points": 27, "total_points": 94, "visibility_pct": 28.723404255319153 }, "geometry": { "type": "Point", "coordinates": [ -2.956091054714547, 51.161112787971255 ] } },
{ "type": "Feature", "properties": { "visible_points": 0, "total_points": 81, "visibility_pct": 0.0 }, "geometry": { "type": "Point", "coordinates": [ -2.95589292745785, 51.161114406670137 ] } },
{ "type": "Feature", "properties": { "visible_points": 0, "total_points": 88, "visibility_pct": 0.0 }, "geometry": { "type": "Point", "coordinates": [ -2.957975502687413, 51.161205283765774 ] } },
{ "type": "Feature", "properties": { "visible_points": 28, "total_points": 98, "visibility_pct": 28.571428571428569 }, "geometry": { "type": "Point", "coordinates": [ -2.957777375145037, 51.1612069056576 ] } },
{ "type": "Feature", "properties": { "visible_points": 41, "total_points": 107, "visibility_pct": 38.31775700934579 }, "geometry": { "type": "Point", "coordinates": [ -2.9575792475843, 51.161208527213859 ] } },
{ "type": "Feature", "properties": { "visible_points": 42, "total_points": 115, "visibility_pct": 36.521739130434781 }, "geometry": { "type": "Point", "coordinates": [ -2.957381120005222, 51.16121014843452 ] } },
{ "type": "Feature", "properties": { "visible_points": 43, "total_points": 120, "visibility_pct": 35.833333333333336 }, "geometry": { "type": "Point", "coordinates": [ -2.957182992407801, 51.1612117693196 ] } },
{ "type": "Feature", "properties": { "visible_points": 39, "total_points": 118, "visibility_pct": 33.050847457627121 }, "geometry": { "type": "Point", "coordinates": [ -2.956984864792042, 51.161213389869069 ] } },
{ "type": "Feature", "properties": { "visible_points": 35, "total_points": 116, "visibility_pct": 30.172413793103448 }, "geometry": { "type": "Point", "coordinates": [ -2.956786737157941, 51.161215010082969 ] } },
{ "type": "Feature", "properties": { "visible_points": 33, "total_points": 113, "visibility_pct": 29.20353982300885 }, "geometry": { "type": "Point", "coordinates": [ -2.95658860950551, 51.161216629961281 ] } },
{ "type": "Feature", "properties": { "visible_points": 31, "total_points": 106, "visibility_pct": 29.245283018867923 }, "geometry": { "type": "Point", "coordinates": [ -2.956390481834752, 51.161218249504017 ] } },
{ "type": "Feature", "properties": { "visible_points": 28, "total_points": 94, "visibility_pct": 29.787234042553191 }, "geometry": { "type": "Point", "coordinates": [ -2.956192354145668, 51.161219868711143 ] } },
{ "type": "Feature", "properties": { "visible_points": 20, "total_points": 83, "visibility_pct": 24.096385542168676 }, "geometry": { "type": "Point", "coordinates": [ -2.955994226438263, 51.161221487582687 ] } },
{ "type": "Feature", "properties": { "visible_points": 0, "total_points": 71, "visibility_pct": 0.0 }, "geometry": { "type": "Point", "coordinates": [ -2.955796098712541, 51.161223106118634 ] } },
{ "type": "Feature", "properties": { "visible_points": 0, "total_points": 89, "visibility_pct": 0.0 }, "geometry": { "type": "Point", "coordinates": [ -2.957878678650792, 51.161313984925279 ] } },
{ "type": "Feature", "properties": { "visible_points": 10, "total_points": 99, "visibility_pct": 10.1010101010101 }, "geometry": { "type": "Point", "coordinates": [ -2.957680550639369, 51.161315606654206 ] } },
{ "type": "Feature", "properties": { "visible_points": 26, "total_points": 108, "visibility_pct": 24.074074074074073 }, "geometry": { "type": "Point", "coordinates": [ -2.957482422609587, 51.161317228047551 ] } },
{ "type": "Feature", "properties": { "visible_points": 33, "total_points": 113, "visibility_pct": 29.20353982300885 }, "geometry": { "type": "Point", "coordinates": [ -2.957284294561469, 51.161318849105292 ] } },
{ "type": "Feature", "properties": { "visible_points": 35, "total_points": 115, "visibility_pct": 30.434782608695656 }, "geometry": { "type": "Point", "coordinates": [ -2.957086166495002, 51.161320469827466 ] } },
{ "type": "Feature", "properties": { "visible_points": 37, "total_points": 112, "visibility_pct": 33.035714285714285 }, "geometry": { "type": "Point", "coordinates": [ -2.956888038410199, 51.161322090214028 ] } },
{ "type": "Feature", "properties": { "visible_points": 31, "total_points": 108, "visibility_pct": 28.703703703703702 }, "geometry": { "type": "Point", "coordinates": [ -2.956689910307064, 51.161323710265009 ] } },
{ "type": "Feature", "properties": { "visible_points": 33, "total_points": 103, "visibility_pct": 32.038834951456316 }, "geometry": { "type": "Point", "coordinates": [ -2.956491782185598, 51.161325329980414 ] } },
{ "type": "Feature", "properties": { "visible_points": 24, "total_points": 94, "visibility_pct": 25.531914893617021 }, "geometry": { "type": "Point", "coordinates": [ -2.956293654045804, 51.161326949360216 ] } },
{ "type": "Feature", "properties": { "visible_points": 18, "total_points": 83, "visibility_pct": 21.686746987951807 }, "geometry": { "type": "Point", "coordinates": [ -2.956095525887687, 51.161328568404429 ] } },
{ "type": "Feature", "properties": { "visible_points": 4, "total_points": 71, "visibility_pct": 5.6338028169014089 }, "geometry": { "type": "Point", "coordinates": [ -2.955897397711248, 51.161330187113059 ] } },
{ "type": "Feature", "properties": { "visible_points": 0, "total_points": 60, "visibility_pct": 0.0 }, "geometry": { "type": "Point", "coordinates": [ -2.955699269516496, 51.161331805486085 ] } },
{ "type": "Feature", "properties": { "visible_points": 1, "total_points": 77, "visibility_pct": 1.2987012987012987 }, "geometry": { "type": "Point", "coordinates": [ -2.957979982625581, 51.161421064102136 ] } },
{ "type": "Feature", "properties": { "visible_points": 0, "total_points": 87, "visibility_pct": 0.0 }, "geometry": { "type": "Point", "coordinates": [ -2.957781854163456, 51.161422686003732 ] } },
{ "type": "Feature", "properties": { "visible_points": 20, "total_points": 95, "visibility_pct": 21.052631578947366 }, "geometry": { "type": "Point", "coordinates": [ -2.957583725682978, 51.161424307569753 ] } },
{ "type": "Feature", "properties": { "visible_points": 26, "total_points": 101, "visibility_pct": 25.742574257425744 }, "geometry": { "type": "Point", "coordinates": [ -2.957385597184158, 51.161425928800192 ] } },
{ "type": "Feature", "properties": { "visible_points": 28, "total_points": 105, "visibility_pct": 26.666666666666668 }, "geometry": { "type": "Point", "coordinates": [ -2.957187468666988, 51.161427549695034 ] } },
{ "type": "Feature", "properties": { "visible_points": 32, "total_points": 106, "visibility_pct": 30.188679245283019 }, "geometry": { "type": "Point", "coordinates": [ -2.95698934013148, 51.16142917025428 ] } },
{ "type": "Feature", "properties": { "visible_points": 31, "total_points": 102, "visibility_pct": 30.392156862745097 }, "geometry": { "type": "Point", "coordinates": [ -2.956791211577634, 51.16143079047793 ] } },
{ "type": "Feature", "properties": { "visible_points": 29, "total_points": 97, "visibility_pct": 29.896907216494846 }, "geometry": { "type": "Point", "coordinates": [ -2.956593083005463, 51.161432410366018 ] } },
{ "type": "Feature", "properties": { "visible_points": 27, "total_points": 91, "visibility_pct": 29.670329670329672 }, "geometry": { "type": "Point", "coordinates": [ -2.956394954414951, 51.161434029918482 ] } },
{ "type": "Feature", "properties": { "visible_points": 0, "total_points": 81, "visibility_pct": 0.0 }, "geometry": { "type": "Point", "coordinates": [ -2.956196825806122, 51.16143564913537 ] } },
{ "type": "Feature", "properties": { "visible_points": 0, "total_points": 71, "visibility_pct": 0.0 }, "geometry": { "type": "Point", "coordinates": [ -2.95599869717897, 51.161437268016677 ] } },
{ "type": "Feature", "properties": { "visible_points": 0, "total_points": 74, "visibility_pct": 0.0 }, "geometry": { "type": "Point", "coordinates": [ -2.957883158156581, 51.161529765262436 ] } },
{ "type": "Feature", "properties": { "visible_points": 0, "total_points": 82, "visibility_pct": 0.0 }, "geometry": { "type": "Point", "coordinates": [ -2.957685029225404, 51.161531387001155 ] } },
{ "type": "Feature", "properties": { "visible_points": 19, "total_points": 88, "visibility_pct": 21.59090909090909 }, "geometry": { "type": "Point", "coordinates": [ -2.957486900275875, 51.161533008404255 ] } },
{ "type": "Feature", "properties": { "visible_points": 27, "total_points": 92, "visibility_pct": 29.347826086956523 }, "geometry": { "type": "Point", "coordinates": [ -2.957288771308002, 51.161534629471788 ] } },
{ "type": "Feature", "properties": { "visible_points": 30, "total_points": 95, "visibility_pct": 31.578947368421051 }, "geometry": { "type": "Point", "coordinates": [ -2.957090642321786, 51.16153625020371 ] } },
{ "type": "Feature", "properties": { "visible_points": 29, "total_points": 94, "visibility_pct": 30.851063829787233 }, "geometry": { "type": "Point", "coordinates": [ -2.95689251331723, 51.161537870600043 ] } },
{ "type": "Feature", "properties": { "visible_points": 19, "total_points": 90, "visibility_pct": 21.111111111111111 }, "geometry": { "type": "Point", "coordinates": [ -2.956694384294347, 51.161539490660793 ] } },
{ "type": "Feature", "properties": { "visible_points": 0, "total_points": 85, "visibility_pct": 0.0 }, "geometry": { "type": "Point", "coordinates": [ -2.956496255253124, 51.16154111038594 ] } },
{ "type": "Feature", "properties": { "visible_points": 0, "total_points": 78, "visibility_pct": 0.0 }, "geometry": { "type": "Point", "coordinates": [ -2.956298126193574, 51.161542729775498 ] } },
{ "type": "Feature", "properties": { "visible_points": 3, "total_points": 69, "visibility_pct": 4.3478260869565215 }, "geometry": { "type": "Point", "coordinates": [ -2.95778633323686, 51.161638466341721 ] } },
{ "type": "Feature", "properties": { "visible_points": 12, "total_points": 75, "visibility_pct": 16.0 }, "geometry": { "type": "Point", "coordinates": [ -2.957588203836626, 51.161640087917519 ] } },
{ "type": "Feature", "properties": { "visible_points": 21, "total_points": 79, "visibility_pct": 26.582278481012654 }, "geometry": { "type": "Point", "coordinates": [ -2.957390074418043, 51.161641709157713 ] } },
{ "type": "Feature", "properties": { "visible_points": 25, "total_points": 82, "visibility_pct": 30.487804878048781 }, "geometry": { "type": "Point", "coordinates": [ -2.957191944981124, 51.161643330062319 ] } },
{ "type": "Feature", "properties": { "visible_points": 26, "total_points": 84, "visibility_pct": 30.952380952380953 }, "geometry": { "type": "Point", "coordinates": [ -2.956993815525855, 51.161644950631334 ] } },
{ "type": "Feature", "properties": { "visible_points": 0, "total_points": 82, "visibility_pct": 0.0 }, "geometry": { "type": "Point", "coordinates": [ -2.95679568605225, 51.161646570864761 ] } },
{ "type": "Feature", "properties": { "visible_points": 0, "total_points": 62, "visibility_pct": 0.0 }, "geometry": { "type": "Point", "coordinates": [ -2.957689507866417, 51.161747167339954 ] } },
{ "type": "Feature", "properties": { "visible_points": 12, "total_points": 67, "visibility_pct": 17.910447761194028 }, "geometry": { "type": "Point", "coordinates": [ -2.95749137799712, 51.161748788752838 ] } },
{ "type": "Feature", "properties": { "visible_points": 11, "total_points": 70, "visibility_pct": 15.714285714285714 }, "geometry": { "type": "Point", "coordinates": [ -2.957293248109489, 51.161750409830127 ] } },
{ "type": "Feature", "properties": { "visible_points": 0, "total_points": 72, "visibility_pct": 0.0 }, "geometry": { "type": "Point", "coordinates": [ -2.95709511820351, 51.161752030571812 ] } },
{ "type": "Feature", "properties": { "visible_points": 0, "total_points": 55, "visibility_pct": 0.0 }, "geometry": { "type": "Point", "coordinates": [ -2.957592682045241, 51.161855868257135 ] } },
{ "type": "Feature", "properties": { "visible_points": 0, "total_points": 58, "visibility_pct": 0.0 }, "geometry": { "type": "Point", "coordinates": [ -2.957394551706888, 51.161857489507106 ] } }
]
}
