{
"type": "FeatureCollection",
"name": "549e426c8ec1_foliage",
"crs": { "type": "name", "properties": { "name": "urn:ogc:def:crs:OGC:1.3:CRS84" } },
"features": [
{ "type": "Feature", "properties": { "max_height": 6.9429969787597656, "mean_height": 1.1374467611312866, "std_height": 2.0470106601715088, "count_pixels": 43, "percent_cover": 0.18751090179661609, "percent_above_0.1m": 48.837209302325576, "low_level_<0.5": 2.3255813953488373, "mid_level_0.5-2": 13.953488372093023, "tall_2+": 18.604651162790699 }, "geometry": { "type": "Point", "coordinates": [ -3.042576851385752, 53.838894134076185 ] } },
{ "type": "Feature", "properties": { "max_height": 9.5427474975585938, "mean_height": 5.1683940887451172, "std_height": 3.2990767955780029, "count_pixels": 43, "percent_cover": 0.18751090179661609, "percent_above_0.1m": 86.04651162790698, "low_level_<0.5": 4.6511627906976747, "mid_level_0.5-2": 6.9767441860465116, "tall_2+": 72.093023255813947 }, "geometry": { "type": "Point", "coordinates": [ -3.042366311383744, 53.838895970018086 ] } },
{ "type": "Feature", "properties": { "max_height": 9.082000732421875, "mean_height": 3.9562551975250244, "std_height": 2.7662057876586914, "count_pixels": 41, "percent_cover": 0.17878946450375022, "percent_above_0.1m": 87.804878048780495, "low_level_<0.5": 4.8780487804878048, "mid_level_0.5-2": 12.195121951219512, "tall_2+": 70.731707317073173 }, "geometry": { "type": "Point", "coordinates": [ -3.04247425642929, 53.839002887912763 ] } },
{ "type": "Feature", "properties": { "max_height": 11.084747314453125, "mean_height": 4.0927243232727051, "std_height": 3.0118052959442139, "count_pixels": 41, "percent_cover": 0.17878946450375022, "percent_above_0.1m": 87.804878048780495, "low_level_<0.5": 7.3170731707317067, "mid_level_0.5-2": 9.7560975609756095, "tall_2+": 70.731707317073173 }, "geometry": { "type": "Point", "coordinates": [ -3.042263715888279, 53.839004723682251 ] } },
{ "type": "Feature", "properties": { "max_height": 11.719249725341797, "mean_height": 7.1567730903625488, "std_height": 3.3135604858398438, "count_pixels": 41, "percent_cover": 0.17878946450375022, "percent_above_0.1m": 90.243902439024396, "low_level_<0.5": 0.0, "mid_level_0.5-2": 0.0, "tall_2+": 90.243902439024396 }, "geometry": { "type": "Point", "coordinates": [ -3.042053175324488, 53.839006559082513 ] } },
{ "type": "Feature", "properties": { "max_height": 9.053497314453125, "mean_height": 2.1876215934753418, "std_height": 3.0092897415161133, "count_pixels": 41, "percent_cover": 0.17878946450375022, "percent_above_0.1m": 85.365853658536579, "low_level_<0.5": 2.4390243902439024, "mid_level_0.5-2": 9.7560975609756095, "tall_2+": 34.146341463414636 }, "geometry": { "type": "Point", "coordinates": [ -3.041842634737914, 53.83900839411352 ] } },
{ "type": "Feature", "properties": { "max_height": 4.79962158203125, "mean_height": 1.8028998374938965, "std_height": 1.2692708969116211, "count_pixels": 41, "percent_cover": 0.17878946450375022, "percent_above_0.1m": 100.0, "low_level_<0.5": 24.390243902439025, "mid_level_0.5-2": 26.829268292682929, "tall_2+": 43.902439024390247 }, "geometry": { "type": "Point", "coordinates": [ -3.039316145923789, 53.839030385685078 ] } },
{ "type": "Feature", "properties": { "max_height": 6.7102031707763672, "mean_height": 2.0564308166503906, "std_height": 1.9589086771011353, "count_pixels": 41, "percent_cover": 0.17878946450375022, "percent_above_0.1m": 100.0, "low_level_<0.5": 17.073170731707318, "mid_level_0.5-2": 39.024390243902438, "tall_2+": 36.585365853658537 }, "geometry": { "type": "Point", "coordinates": [ -3.039105605041482, 53.839032215915992 ] } },
{ "type": "Feature", "properties": { "max_height": 8.6352500915527344, "mean_height": 2.6511447429656982, "std_height": 2.9319944381713867, "count_pixels": 43, "percent_cover": 0.18751090179661609, "percent_above_0.1m": 76.744186046511629, "low_level_<0.5": 11.627906976744185, "mid_level_0.5-2": 18.604651162790699, "tall_2+": 41.860465116279073 }, "geometry": { "type": "Point", "coordinates": [ -3.042582202013837, 53.839109805700772 ] } },
{ "type": "Feature", "properties": { "max_height": 7.5359992980957031, "mean_height": 4.8888015747070312, "std_height": 1.7342071533203125, "count_pixels": 43, "percent_cover": 0.18751090179661609, "percent_above_0.1m": 100.0, "low_level_<0.5": 0.0, "mid_level_0.5-2": 9.3023255813953494, "tall_2+": 90.697674418604649 }, "geometry": { "type": "Point", "coordinates": [ -3.042371660956609, 53.839111641667074 ] } },
{ "type": "Feature", "properties": { "max_height": 7.0902519226074219, "mean_height": 0.93734157085418701, "std_height": 1.8136000633239746, "count_pixels": 38, "percent_cover": 0.16570730856445143, "percent_above_0.1m": 34.210526315789473, "low_level_<0.5": 2.6315789473684208, "mid_level_0.5-2": 15.789473684210526, "tall_2+": 13.157894736842104 }, "geometry": { "type": "Point", "coordinates": [ -3.042161119876607, 53.839113477264128 ] } },
{ "type": "Feature", "properties": { "max_height": 9.2102508544921875, "mean_height": 4.0443592071533203, "std_height": 2.8856825828552246, "count_pixels": 43, "percent_cover": 0.18751090179661609, "percent_above_0.1m": 86.04651162790698, "low_level_<0.5": 4.6511627906976747, "mid_level_0.5-2": 13.953488372093023, "tall_2+": 65.116279069767444 }, "geometry": { "type": "Point", "coordinates": [ -3.041950578773806, 53.83911531249197 ] } },
{ "type": "Feature", "properties": { "max_height": 9.0089988708496094, "mean_height": 5.1503772735595703, "std_height": 3.063075065612793, "count_pixels": 43, "percent_cover": 0.18751090179661609, "percent_above_0.1m": 95.348837209302332, "low_level_<0.5": 11.627906976744185, "mid_level_0.5-2": 2.3255813953488373, "tall_2+": 76.744186046511629 }, "geometry": { "type": "Point", "coordinates": [ -3.041740037648236, 53.839117147350557 ] } },
{ "type": "Feature", "properties": { "max_height": 8.9442481994628906, "mean_height": 3.0236387252807617, "std_height": 3.4128234386444092, "count_pixels": 43, "percent_cover": 0.18751090179661609, "percent_above_0.1m": 74.418604651162795, "low_level_<0.5": 4.6511627906976747, "mid_level_0.5-2": 4.6511627906976747, "tall_2+": 44.186046511627907 }, "geometry": { "type": "Point", "coordinates": [ -3.041529496499889, 53.839118981839903 ] } },
{ "type": "Feature", "properties": { "max_height": 7.2497482299804688, "mean_height": 1.2850464582443237, "std_height": 1.6306371688842773, "count_pixels": 43, "percent_cover": 0.18751090179661609, "percent_above_0.1m": 90.697674418604649, "low_level_<0.5": 30.232558139534881, "mid_level_0.5-2": 27.906976744186046, "tall_2+": 25.581395348837212 }, "geometry": { "type": "Point", "coordinates": [ -3.039424083764853, 53.839137306425165 ] } },
{ "type": "Feature", "properties": { "max_height": 11.750749588012695, "mean_height": 5.779843807220459, "std_height": 2.8287613391876221, "count_pixels": 38, "percent_cover": 0.16570730856445143, "percent_above_0.1m": 100.0, "low_level_<0.5": 0.0, "mid_level_0.5-2": 13.157894736842104, "tall_2+": 84.210526315789465 }, "geometry": { "type": "Point", "coordinates": [ -3.039213542366286, 53.839139136852857 ] } },
{ "type": "Feature", "properties": { "max_height": 5.8664989471435547, "mean_height": 1.7712841033935547, "std_height": 1.3662384748458862, "count_pixels": 43, "percent_cover": 0.18751090179661609, "percent_above_0.1m": 100.0, "low_level_<0.5": 11.627906976744185, "mid_level_0.5-2": 44.186046511627907, "tall_2+": 39.534883720930232 }, "geometry": { "type": "Point", "coordinates": [ -3.039003000945007, 53.839140966911323 ] } },
{ "type": "Feature", "properties": { "max_height": 1.2912483215332031, "mean_height": 0.25525555014610291, "std_height": 0.32287147641181946, "count_pixels": 41, "percent_cover": 0.17878946450375022, "percent_above_0.1m": 51.219512195121951, "low_level_<0.5": 12.195121951219512, "mid_level_0.5-2": 19.512195121951219, "tall_2+": 0.0 }, "geometry": { "type": "Point", "coordinates": [ -3.042690148137392, 53.839216723382108 ] } },
{ "type": "Feature", "properties": { "max_height": 5.8917503356933594, "mean_height": 1.9947553873062134, "std_height": 1.8882852792739868, "count_pixels": 41, "percent_cover": 0.17878946450375022, "percent_above_0.1m": 78.048780487804876, "low_level_<0.5": 7.3170731707317067, "mid_level_0.5-2": 29.268292682926827, "tall_2+": 41.463414634146339 }, "geometry": { "type": "Point", "coordinates": [ -3.042479606563952, 53.839218559545223 ] } },
{ "type": "Feature", "properties": { "max_height": 4.2882499694824219, "mean_height": 0.37289485335350037, "std_height": 0.95094788074493408, "count_pixels": 41, "percent_cover": 0.17878946450375022, "percent_above_0.1m": 14.634146341463413, "low_level_<0.5": 4.8780487804878048, "mid_level_0.5-2": 2.4390243902439024, "tall_2+": 7.3170731707317067 }, "geometry": { "type": "Point", "coordinates": [ -3.042269064967722, 53.839220395339112 ] } },
{ "type": "Feature", "properties": { "max_height": 5.5792503356933594, "mean_height": 0.33813366293907166, "std_height": 0.93961256742477417, "count_pixels": 41, "percent_cover": 0.17878946450375022, "percent_above_0.1m": 12.195121951219512, "low_level_<0.5": 0.0, "mid_level_0.5-2": 7.3170731707317067, "tall_2+": 4.8780487804878048 }, "geometry": { "type": "Point", "coordinates": [ -3.042058523348701, 53.839222230763752 ] } },
{ "type": "Feature", "properties": { "max_height": 5.699249267578125, "mean_height": 0.73243808746337891, "std_height": 1.5094516277313232, "count_pixels": 41, "percent_cover": 0.17878946450375022, "percent_above_0.1m": 24.390243902439025, "low_level_<0.5": 0.0, "mid_level_0.5-2": 12.195121951219512, "tall_2+": 12.195121951219512 }, "geometry": { "type": "Point", "coordinates": [ -3.04184798170691, 53.839224065819145 ] } },
{ "type": "Feature", "properties": { "max_height": 10.218498229980469, "mean_height": 2.794694185256958, "std_height": 3.1264364719390869, "count_pixels": 41, "percent_cover": 0.17878946450375022, "percent_above_0.1m": 70.731707317073173, "low_level_<0.5": 14.634146341463413, "mid_level_0.5-2": 12.195121951219512, "tall_2+": 43.902439024390247 }, "geometry": { "type": "Point", "coordinates": [ -3.04163744004233, 53.839225900505298 ] } },
{ "type": "Feature", "properties": { "max_height": 9.9489974975585938, "mean_height": 3.7834014892578125, "std_height": 2.9909090995788574, "count_pixels": 41, "percent_cover": 0.17878946450375022, "percent_above_0.1m": 82.926829268292678, "low_level_<0.5": 4.8780487804878048, "mid_level_0.5-2": 9.7560975609756095, "tall_2+": 65.853658536585371 }, "geometry": { "type": "Point", "coordinates": [ -3.041426898354988, 53.839227734822217 ] } },
{ "type": "Feature", "properties": { "max_height": 8.4782485961914062, "mean_height": 2.05446457862854, "std_height": 2.8461101055145264, "count_pixels": 43, "percent_cover": 0.18751090179661609, "percent_above_0.1m": 81.395348837209298, "low_level_<0.5": 2.3255813953488373, "mid_level_0.5-2": 2.3255813953488373, "tall_2+": 34.883720930232556 }, "geometry": { "type": "Point", "coordinates": [ -3.041216356644874, 53.839229568769888 ] } },
{ "type": "Feature", "properties": { "max_height": 4.5509986877441406, "mean_height": 1.42702317237854, "std_height": 1.2803108692169189, "count_pixels": 41, "percent_cover": 0.17878946450375022, "percent_above_0.1m": 95.121951219512198, "low_level_<0.5": 21.951219512195124, "mid_level_0.5-2": 24.390243902439025, "tall_2+": 34.146341463414636 }, "geometry": { "type": "Point", "coordinates": [ -3.039532022144884, 53.839244227058593 ] } },
{ "type": "Feature", "properties": { "max_height": 6.7652492523193359, "mean_height": 3.5580213069915771, "std_height": 1.6274677515029907, "count_pixels": 41, "percent_cover": 0.17878946450375022, "percent_above_0.1m": 100.0, "low_level_<0.5": 2.4390243902439024, "mid_level_0.5-2": 19.512195121951219, "tall_2+": 78.048780487804876 }, "geometry": { "type": "Point", "coordinates": [ -3.039321480230071, 53.839246057683091 ] } },
{ "type": "Feature", "properties": { "max_height": 11.966476440429688, "mean_height": 3.7993648052215576, "std_height": 3.3305883407592773, "count_pixels": 41, "percent_cover": 0.17878946450375022, "percent_above_0.1m": 100.0, "low_level_<0.5": 9.7560975609756095, "mid_level_0.5-2": 31.707317073170731, "tall_2+": 58.536585365853654 }, "geometry": { "type": "Point", "coordinates": [ -3.039110938292532, 53.839247887938335 ] } },
{ "type": "Feature", "properties": { "max_height": 5.9572486877441406, "mean_height": 2.4548835754394531, "std_height": 1.6952840089797974, "count_pixels": 41, "percent_cover": 0.17878946450375022, "percent_above_0.1m": 97.560975609756099, "low_level_<0.5": 12.195121951219512, "mid_level_0.5-2": 36.585365853658537, "tall_2+": 48.780487804878049 }, "geometry": { "type": "Point", "coordinates": [ -3.03890039633228, 53.839249717824366 ] } },
{ "type": "Feature", "properties": { "max_height": 9.4367485046386719, "mean_height": 2.7750480175018311, "std_height": 2.9276816844940186, "count_pixels": 41, "percent_cover": 0.17878946450375022, "percent_above_0.1m": 100.0, "low_level_<0.5": 9.7560975609756095, "mid_level_0.5-2": 14.634146341463413, "tall_2+": 43.902439024390247 }, "geometry": { "type": "Point", "coordinates": [ -3.038689854349311, 53.839251547341128 ] } },
{ "type": "Feature", "properties": { "max_height": 6.4565010070800781, "mean_height": 1.9067379236221313, "std_height": 1.6061890125274658, "count_pixels": 43, "percent_cover": 0.18751090179661609, "percent_above_0.1m": 97.674418604651152, "low_level_<0.5": 20.930232558139537, "mid_level_0.5-2": 25.581395348837212, "tall_2+": 46.511627906976742 }, "geometry": { "type": "Point", "coordinates": [ -3.0425875527103, 53.839325477316692 ] } },
{ "type": "Feature", "properties": { "max_height": 6.7119979858398438, "mean_height": 1.3086272478103638, "std_height": 2.2373087406158447, "count_pixels": 43, "percent_cover": 0.18751090179661609, "percent_above_0.1m": 32.558139534883722, "low_level_<0.5": 4.6511627906976747, "mid_level_0.5-2": 4.6511627906976747, "tall_2+": 23.255813953488371 }, "geometry": { "type": "Point", "coordinates": [ -3.042377010597851, 53.839327313307393 ] } },
{ "type": "Feature", "properties": { "max_height": 0.093997955322265625, "mean_height": 0.077216297388076782, "std_height": 0.007487795315682888, "count_pixels": 38, "percent_cover": 0.16570730856445143, "percent_above_0.1m": 0.0, "low_level_<0.5": 0.0, "mid_level_0.5-2": 0.0, "tall_2+": 0.0 }, "geometry": { "type": "Point", "coordinates": [ -3.042166468462604, 53.839329148928869 ] } },
{ "type": "Feature", "properties": { "max_height": 0.10274887084960938, "mean_height": 0.07687714695930481, "std_height": 0.010647309944033623, "count_pixels": 43, "percent_cover": 0.18751090179661609, "percent_above_0.1m": 4.6511627906976747, "low_level_<0.5": 0.0, "mid_level_0.5-2": 0.0, "tall_2+": 0.0 }, "geometry": { "type": "Point", "coordinates": [ -3.041955926304581, 53.839330984181068 ] } },
{ "type": "Feature", "properties": { "max_height": 4.6164970397949219, "mean_height": 1.436551570892334, "std_height": 1.662214994430542, "count_pixels": 43, "percent_cover": 0.18751090179661609, "percent_above_0.1m": 51.162790697674424, "low_level_<0.5": 2.3255813953488373, "mid_level_0.5-2": 9.3023255813953494, "tall_2+": 37.209302325581397 }, "geometry": { "type": "Point", "coordinates": [ -3.041745384123776, 53.839332819064033 ] } },
{ "type": "Feature", "properties": { "max_height": 0.10049819946289062, "mean_height": 0.080010615289211273, "std_height": 0.0091887675225734711, "count_pixels": 43, "percent_cover": 0.18751090179661609, "percent_above_0.1m": 2.3255813953488373, "low_level_<0.5": 0.0, "mid_level_0.5-2": 0.0, "tall_2+": 0.0 }, "geometry": { "type": "Point", "coordinates": [ -3.041534841920199, 53.839334653577765 ] } },
{ "type": "Feature", "properties": { "max_height": 8.6220016479492188, "mean_height": 2.6156940460205078, "std_height": 2.4961133003234863, "count_pixels": 41, "percent_cover": 0.17878946450375022, "percent_above_0.1m": 78.048780487804876, "low_level_<0.5": 4.8780487804878048, "mid_level_0.5-2": 14.634146341463413, "tall_2+": 53.658536585365859 }, "geometry": { "type": "Point", "coordinates": [ -3.041324299693854, 53.839336487722257 ] } },
{ "type": "Feature", "properties": { "max_height": 6.4982490539550781, "mean_height": 3.5469872951507568, "std_height": 2.0405306816101074, "count_pixels": 41, "percent_cover": 0.17878946450375022, "percent_above_0.1m": 97.560975609756099, "low_level_<0.5": 2.4390243902439024, "mid_level_0.5-2": 29.268292682926827, "tall_2+": 65.853658536585371 }, "geometry": { "type": "Point", "coordinates": [ -3.041113757444742, 53.839338321497507 ] } },
{ "type": "Feature", "properties": { "max_height": 8.0004997253417969, "mean_height": 1.49346923828125, "std_height": 2.2851340770721436, "count_pixels": 41, "percent_cover": 0.17878946450375022, "percent_above_0.1m": 92.682926829268297, "low_level_<0.5": 36.585365853658537, "mid_level_0.5-2": 4.8780487804878048, "tall_2+": 29.268292682926827 }, "geometry": { "type": "Point", "coordinates": [ -3.040903215172867, 53.839340154903503 ] } },
{ "type": "Feature", "properties": { "max_height": 5.7182483673095703, "mean_height": 0.84820646047592163, "std_height": 1.2601512670516968, "count_pixels": 43, "percent_cover": 0.18751090179661609, "percent_above_0.1m": 79.069767441860463, "low_level_<0.5": 41.860465116279073, "mid_level_0.5-2": 20.930232558139537, "tall_2+": 16.279069767441861 }, "geometry": { "type": "Point", "coordinates": [ -3.039639961063901, 53.839351147585376 ] } },
{ "type": "Feature", "properties": { "max_height": 7.6608982086181641, "mean_height": 4.1717076301574707, "std_height": 2.0909996032714844, "count_pixels": 43, "percent_cover": 0.18751090179661609, "percent_above_0.1m": 97.674418604651152, "low_level_<0.5": 0.0, "mid_level_0.5-2": 16.279069767441861, "tall_2+": 81.395348837209298 }, "geometry": { "type": "Point", "coordinates": [ -3.03942941863283, 53.839352978406666 ] } },
{ "type": "Feature", "properties": { "max_height": 8.9347991943359375, "mean_height": 3.2117421627044678, "std_height": 2.6078050136566162, "count_pixels": 38, "percent_cover": 0.16570730856445143, "percent_above_0.1m": 100.0, "low_level_<0.5": 5.2631578947368416, "mid_level_0.5-2": 39.473684210526315, "tall_2+": 52.631578947368418 }, "geometry": { "type": "Point", "coordinates": [ -3.039218876179032, 53.839354808858729 ] } },
{ "type": "Feature", "properties": { "max_height": 7.5602493286132812, "mean_height": 3.5548191070556641, "std_height": 2.06044602394104, "count_pixels": 43, "percent_cover": 0.18751090179661609, "percent_above_0.1m": 97.674418604651152, "low_level_<0.5": 2.3255813953488373, "mid_level_0.5-2": 16.279069767441861, "tall_2+": 76.744186046511629 }, "geometry": { "type": "Point", "coordinates": [ -3.039008333702519, 53.839356638941531 ] } },
{ "type": "Feature", "properties": { "max_height": 13.177249908447266, "mean_height": 9.2671270370483398, "std_height": 1.8349341154098511, "count_pixels": 43, "percent_cover": 0.18751090179661609, "percent_above_0.1m": 100.0, "low_level_<0.5": 0.0, "mid_level_0.5-2": 0.0, "tall_2+": 100.0 }, "geometry": { "type": "Point", "coordinates": [ -3.038797791203289, 53.839358468655092 ] } },
{ "type": "Feature", "properties": { "max_height": 11.477500915527344, "mean_height": 5.4653134346008301, "std_height": 3.4523065090179443, "count_pixels": 43, "percent_cover": 0.18751090179661609, "percent_above_0.1m": 95.348837209302332, "low_level_<0.5": 2.3255813953488373, "mid_level_0.5-2": 16.279069767441861, "tall_2+": 76.744186046511629 }, "geometry": { "type": "Point", "coordinates": [ -3.038587248681344, 53.839360297999427 ] } },
{ "type": "Feature", "properties": { "max_height": 1.1875, "mean_height": 0.17846874892711639, "std_height": 0.25639978051185608, "count_pixels": 41, "percent_cover": 0.17878946450375022, "percent_above_0.1m": 43.902439024390247, "low_level_<0.5": 7.3170731707317067, "mid_level_0.5-2": 9.7560975609756095, "tall_2+": 0.0 }, "geometry": { "type": "Point", "coordinates": [ -3.042695499395661, 53.839432394981507 ] } },
{ "type": "Feature", "properties": { "max_height": 6.3069992065429688, "mean_height": 2.3671751022338867, "std_height": 2.1837053298950195, "count_pixels": 41, "percent_cover": 0.17878946450375022, "percent_above_0.1m": 80.487804878048792, "low_level_<0.5": 9.7560975609756095, "mid_level_0.5-2": 24.390243902439025, "tall_2+": 46.341463414634148 }, "geometry": { "type": "Point", "coordinates": [ -3.042484956766988, 53.839434231169044 ] } },
{ "type": "Feature", "properties": { "max_height": 0.083248138427734375, "mean_height": 0.072432264685630798, "std_height": 0.004990764893591404, "count_pixels": 41, "percent_cover": 0.17878946450375022, "percent_above_0.1m": 0.0, "low_level_<0.5": 0.0, "mid_level_0.5-2": 0.0, "tall_2+": 0.0 }, "geometry": { "type": "Point", "coordinates": [ -3.042274414115516, 53.83943606698729 ] } },
{ "type": "Feature", "properties": { "max_height": 0.083499908447265625, "mean_height": 0.072810381650924683, "std_height": 0.005637467373162508, "count_pixels": 41, "percent_cover": 0.17878946450375022, "percent_above_0.1m": 0.0, "low_level_<0.5": 0.0, "mid_level_0.5-2": 0.0, "tall_2+": 0.0 }, "geometry": { "type": "Point", "coordinates": [ -3.042063871441267, 53.839437902436337 ] } },
{ "type": "Feature", "properties": { "max_height": 0.24225234985351562, "mean_height": 0.07930457592010498, "std_height": 0.030128581449389458, "count_pixels": 41, "percent_cover": 0.17878946450375022, "percent_above_0.1m": 9.7560975609756095, "low_level_<0.5": 2.4390243902439024, "mid_level_0.5-2": 0.0, "tall_2+": 0.0 }, "geometry": { "type": "Point", "coordinates": [ -3.041853328744232, 53.839439737516123 ] } },
{ "type": "Feature", "properties": { "max_height": 4.3264999389648438, "mean_height": 0.51680409908294678, "std_height": 0.83184874057769775, "count_pixels": 41, "percent_cover": 0.17878946450375022, "percent_above_0.1m": 41.463414634146339, "low_level_<0.5": 7.3170731707317067, "mid_level_0.5-2": 29.268292682926827, "tall_2+": 4.8780487804878048 }, "geometry": { "type": "Point", "coordinates": [ -3.041642786024418, 53.839441572226661 ] } },
{ "type": "Feature", "properties": { "max_height": 6.4124984741210938, "mean_height": 1.1104322671890259, "std_height": 1.6054673194885254, "count_pixels": 41, "percent_cover": 0.17878946450375022, "percent_above_0.1m": 58.536585365853654, "low_level_<0.5": 12.195121951219512, "mid_level_0.5-2": 17.073170731707318, "tall_2+": 21.951219512195124 }, "geometry": { "type": "Point", "coordinates": [ -3.041432243281833, 53.839443406567945 ] } },
{ "type": "Feature", "properties": { "max_height": 8.3709983825683594, "mean_height": 2.3715164661407471, "std_height": 2.9812099933624268, "count_pixels": 43, "percent_cover": 0.18751090179661609, "percent_above_0.1m": 65.116279069767444, "low_level_<0.5": 11.627906976744185, "mid_level_0.5-2": 18.604651162790699, "tall_2+": 32.558139534883722 }, "geometry": { "type": "Point", "coordinates": [ -3.041221700516485, 53.839445240540009 ] } },
{ "type": "Feature", "properties": { "max_height": 9.8392486572265625, "mean_height": 5.0113368034362793, "std_height": 3.2748620510101318, "count_pixels": 43, "percent_cover": 0.18751090179661609, "percent_above_0.1m": 90.697674418604649, "low_level_<0.5": 2.3255813953488373, "mid_level_0.5-2": 16.279069767441861, "tall_2+": 72.093023255813947 }, "geometry": { "type": "Point", "coordinates": [ -3.04101115772837, 53.839447074142804 ] } },
{ "type": "Feature", "properties": { "max_height": 11.56500244140625, "mean_height": 5.4906802177429199, "std_height": 4.0767660140991211, "count_pixels": 43, "percent_cover": 0.18751090179661609, "percent_above_0.1m": 88.372093023255815, "low_level_<0.5": 9.3023255813953494, "mid_level_0.5-2": 6.9767441860465116, "tall_2+": 69.767441860465112 }, "geometry": { "type": "Point", "coordinates": [ -3.040800614917494, 53.839448907376379 ] } },
{ "type": "Feature", "properties": { "max_height": 4.0607490539550781, "mean_height": 1.2457035779953003, "std_height": 1.2568204402923584, "count_pixels": 41, "percent_cover": 0.17878946450375022, "percent_above_0.1m": 90.243902439024396, "low_level_<0.5": 24.390243902439025, "mid_level_0.5-2": 29.268292682926827, "tall_2+": 24.390243902439025 }, "geometry": { "type": "Point", "coordinates": [ -3.039747900521906, 53.83945806800552 ] } },
{ "type": "Feature", "properties": { "max_height": 9.3257484436035156, "mean_height": 5.7409934997558594, "std_height": 1.5983244180679321, "count_pixels": 41, "percent_cover": 0.17878946450375022, "percent_above_0.1m": 100.0, "low_level_<0.5": 0.0, "mid_level_0.5-2": 0.0, "tall_2+": 100.0 }, "geometry": { "type": "Point", "coordinates": [ -3.039537357574574, 53.839459899023616 ] } },
{ "type": "Feature", "properties": { "max_height": 5.2335243225097656, "mean_height": 1.4784395694732666, "std_height": 1.1319146156311035, "count_pixels": 41, "percent_cover": 0.17878946450375022, "percent_above_0.1m": 100.0, "low_level_<0.5": 2.4390243902439024, "mid_level_0.5-2": 87.804878048780495, "tall_2+": 9.7560975609756095 }, "geometry": { "type": "Point", "coordinates": [ -3.039326814604519, 53.839461729672472 ] } },
{ "type": "Feature", "properties": { "max_height": 5.8512496948242188, "mean_height": 1.8035792112350464, "std_height": 1.6590007543563843, "count_pixels": 41, "percent_cover": 0.17878946450375022, "percent_above_0.1m": 100.0, "low_level_<0.5": 19.512195121951219, "mid_level_0.5-2": 39.024390243902438, "tall_2+": 36.585365853658537 }, "geometry": { "type": "Point", "coordinates": [ -3.039116271611735, 53.839463559952073 ] } },
{ "type": "Feature", "properties": { "max_height": 10.011997222900391, "mean_height": 4.9860053062438965, "std_height": 2.8305413722991943, "count_pixels": 41, "percent_cover": 0.17878946450375022, "percent_above_0.1m": 100.0, "low_level_<0.5": 0.0, "mid_level_0.5-2": 19.512195121951219, "tall_2+": 80.487804878048792 }, "geometry": { "type": "Point", "coordinates": [ -3.038905728596241, 53.839465389862433 ] } },
{ "type": "Feature", "properties": { "max_height": 10.869998931884766, "mean_height": 6.309664249420166, "std_height": 3.3681986331939697, "count_pixels": 41, "percent_cover": 0.17878946450375022, "percent_above_0.1m": 100.0, "low_level_<0.5": 4.8780487804878048, "mid_level_0.5-2": 14.634146341463413, "tall_2+": 80.487804878048792 }, "geometry": { "type": "Point", "coordinates": [ -3.038695185558029, 53.839467219403545 ] } },
{ "type": "Feature", "properties": { "max_height": 6.5789947509765625, "mean_height": 2.8645339012145996, "std_height": 1.960041880607605, "count_pixels": 43, "percent_cover": 0.18751090179661609, "percent_above_0.1m": 100.0, "low_level_<0.5": 11.627906976744185, "mid_level_0.5-2": 27.906976744186046, "tall_2+": 58.139534883720934 }, "geometry": { "type": "Point", "coordinates": [ -3.042592903475137, 53.839541148923999 ] } },
{ "type": "Feature", "properties": { "max_height": 1.2804985046386719, "mean_height": 0.21441206336021423, "std_height": 0.31106901168823242, "count_pixels": 43, "percent_cover": 0.18751090179661609, "percent_above_0.1m": 34.883720930232556, "low_level_<0.5": 2.3255813953488373, "mid_level_0.5-2": 13.953488372093023, "tall_2+": 0.0 }, "geometry": { "type": "Point", "coordinates": [ -3.042382360307446, 53.839542984939087 ] } },
{ "type": "Feature", "properties": { "max_height": 6.8327484130859375, "mean_height": 0.5638546347618103, "std_height": 1.4003756046295166, "count_pixels": 38, "percent_cover": 0.16570730856445143, "percent_above_0.1m": 18.421052631578945, "low_level_<0.5": 0.0, "mid_level_0.5-2": 7.8947368421052628, "tall_2+": 7.8947368421052628 }, "geometry": { "type": "Point", "coordinates": [ -3.042171817116964, 53.839544820584926 ] } },
{ "type": "Feature", "properties": { "max_height": 1.9507484436035156, "mean_height": 0.14603370428085327, "std_height": 0.28275924921035767, "count_pixels": 43, "percent_cover": 0.18751090179661609, "percent_above_0.1m": 25.581395348837212, "low_level_<0.5": 6.9767441860465116, "mid_level_0.5-2": 2.3255813953488373, "tall_2+": 0.0 }, "geometry": { "type": "Point", "coordinates": [ -3.041961273903694, 53.839546655861533 ] } },
{ "type": "Feature", "properties": { "max_height": 7.6447486877441406, "mean_height": 2.1269991397857666, "std_height": 2.3444998264312744, "count_pixels": 43, "percent_cover": 0.18751090179661609, "percent_above_0.1m": 69.767441860465112, "low_level_<0.5": 6.9767441860465116, "mid_level_0.5-2": 16.279069767441861, "tall_2+": 41.860465116279073 }, "geometry": { "type": "Point", "coordinates": [ -3.041750730667645, 53.839548490768877 ] } },
{ "type": "Feature", "properties": { "max_height": 10.026996612548828, "mean_height": 4.082679271697998, "std_height": 3.2488775253295898, "count_pixels": 43, "percent_cover": 0.18751090179661609, "percent_above_0.1m": 93.023255813953483, "low_level_<0.5": 9.3023255813953494, "mid_level_0.5-2": 16.279069767441861, "tall_2+": 62.790697674418603 }, "geometry": { "type": "Point", "coordinates": [ -3.041540187408825, 53.839550325306988 ] } },
{ "type": "Feature", "properties": { "max_height": 8.4425010681152344, "mean_height": 2.5283408164978027, "std_height": 2.8287336826324463, "count_pixels": 41, "percent_cover": 0.17878946450375022, "percent_above_0.1m": 90.243902439024396, "low_level_<0.5": 21.951219512195124, "mid_level_0.5-2": 21.951219512195124, "tall_2+": 39.024390243902438 }, "geometry": { "type": "Point", "coordinates": [ -3.04132964412723, 53.839552159475858 ] } },
{ "type": "Feature", "properties": { "max_height": 8.9302482604980469, "mean_height": 3.0469565391540527, "std_height": 2.7069864273071289, "count_pixels": 41, "percent_cover": 0.17878946450375022, "percent_above_0.1m": 82.926829268292678, "low_level_<0.5": 4.8780487804878048, "mid_level_0.5-2": 21.951219512195124, "tall_2+": 51.219512195121951 }, "geometry": { "type": "Point", "coordinates": [ -3.041119100822873, 53.839553993275473 ] } },
{ "type": "Feature", "properties": { "max_height": 11.177749633789062, "mean_height": 8.3262615203857422, "std_height": 2.0004274845123291, "count_pixels": 41, "percent_cover": 0.17878946450375022, "percent_above_0.1m": 100.0, "low_level_<0.5": 0.0, "mid_level_0.5-2": 0.0, "tall_2+": 100.0 }, "geometry": { "type": "Point", "coordinates": [ -3.04090855749575, 53.839555826705848 ] } },
{ "type": "Feature", "properties": { "max_height": 12.436000823974609, "mean_height": 6.9211330413818359, "std_height": 3.3130695819854736, "count_pixels": 41, "percent_cover": 0.17878946450375022, "percent_above_0.1m": 100.0, "low_level_<0.5": 2.4390243902439024, "mid_level_0.5-2": 7.3170731707317067, "tall_2+": 90.243902439024396 }, "geometry": { "type": "Point", "coordinates": [ -3.040698014145878, 53.839557659766982 ] } },
{ "type": "Feature", "properties": { "max_height": 4.2244987487792969, "mean_height": 0.79485183954238892, "std_height": 1.041532039642334, "count_pixels": 42, "percent_cover": 0.18315018315018314, "percent_above_0.1m": 90.476190476190482, "low_level_<0.5": 47.619047619047613, "mid_level_0.5-2": 16.666666666666664, "tall_2+": 16.666666666666664 }, "geometry": { "type": "Point", "coordinates": [ -3.039855840518896, 53.839564988319012 ] } },
{ "type": "Feature", "properties": { "max_height": 7.7820014953613281, "mean_height": 3.4645264148712158, "std_height": 2.4384748935699463, "count_pixels": 43, "percent_cover": 0.18751090179661609, "percent_above_0.1m": 81.395348837209298, "low_level_<0.5": 2.3255813953488373, "mid_level_0.5-2": 13.953488372093023, "tall_2+": 65.116279069767444 }, "geometry": { "type": "Point", "coordinates": [ -3.039645297055303, 53.839566819533907 ] } },
{ "type": "Feature", "properties": { "max_height": 2.7755470275878906, "mean_height": 0.54806792736053467, "std_height": 0.686939537525177, "count_pixels": 43, "percent_cover": 0.18751090179661609, "percent_above_0.1m": 60.465116279069761, "low_level_<0.5": 9.3023255813953494, "mid_level_0.5-2": 41.860465116279073, "tall_2+": 2.3255813953488373 }, "geometry": { "type": "Point", "coordinates": [ -3.039434753568985, 53.839568650379555 ] } },
{ "type": "Feature", "properties": { "max_height": 1.4330005645751953, "mean_height": 0.73022973537445068, "std_height": 0.40648612380027771, "count_pixels": 38, "percent_cover": 0.16570730856445143, "percent_above_0.1m": 97.368421052631575, "low_level_<0.5": 26.315789473684209, "mid_level_0.5-2": 65.789473684210535, "tall_2+": 0.0 }, "geometry": { "type": "Point", "coordinates": [ -3.039224210059939, 53.839570480855969 ] } },
{ "type": "Feature", "properties": { "max_height": 8.7427501678466797, "mean_height": 3.1825399398803711, "std_height": 2.8013699054718018, "count_pixels": 43, "percent_cover": 0.18751090179661609, "percent_above_0.1m": 86.04651162790698, "low_level_<0.5": 11.627906976744185, "mid_level_0.5-2": 16.279069767441861, "tall_2+": 58.139534883720934 }, "geometry": { "type": "Point", "coordinates": [ -3.039013666528173, 53.839572310963113 ] } },
{ "type": "Feature", "properties": { "max_height": 13.971748352050781, "mean_height": 8.5650520324707031, "std_height": 3.3109884262084961, "count_pixels": 43, "percent_cover": 0.18751090179661609, "percent_above_0.1m": 100.0, "low_level_<0.5": 0.0, "mid_level_0.5-2": 4.6511627906976747, "tall_2+": 95.348837209302332 }, "geometry": { "type": "Point", "coordinates": [ -3.038803122973694, 53.839574140701011 ] } },
{ "type": "Feature", "properties": { "max_height": 2.6645011901855469, "mean_height": 0.21193844079971313, "std_height": 0.43047508597373962, "count_pixels": 41, "percent_cover": 0.17878946450375022, "percent_above_0.1m": 58.536585365853654, "low_level_<0.5": 17.073170731707318, "mid_level_0.5-2": 2.4390243902439024, "tall_2+": 2.4390243902439024 }, "geometry": { "type": "Point", "coordinates": [ -3.042700850722321, 53.839648066572273 ] } },
{ "type": "Feature", "properties": { "max_height": 7.2444992065429688, "mean_height": 1.4531271457672119, "std_height": 2.0557301044464111, "count_pixels": 41, "percent_cover": 0.17878946450375022, "percent_above_0.1m": 78.048780487804876, "low_level_<0.5": 12.195121951219512, "mid_level_0.5-2": 7.3170731707317067, "tall_2+": 29.268292682926827 }, "geometry": { "type": "Point", "coordinates": [ -3.042490307038393, 53.839649902784188 ] } },
{ "type": "Feature", "properties": { "max_height": 8.1204986572265625, "mean_height": 2.223243236541748, "std_height": 2.1197841167449951, "count_pixels": 41, "percent_cover": 0.17878946450375022, "percent_above_0.1m": 90.243902439024396, "low_level_<0.5": 7.3170731707317067, "mid_level_0.5-2": 26.829268292682929, "tall_2+": 46.341463414634148 }, "geometry": { "type": "Point", "coordinates": [ -3.042279763331678, 53.839651738626848 ] } },
{ "type": "Feature", "properties": { "max_height": 2.4667510986328125, "mean_height": 0.45154225826263428, "std_height": 0.72174662351608276, "count_pixels": 41, "percent_cover": 0.17878946450375022, "percent_above_0.1m": 31.707317073170731, "low_level_<0.5": 0.0, "mid_level_0.5-2": 14.634146341463413, "tall_2+": 9.7560975609756095 }, "geometry": { "type": "Point", "coordinates": [ -3.042069219602172, 53.839653574100275 ] } },
{ "type": "Feature", "properties": { "max_height": 9.5797500610351562, "mean_height": 4.8414688110351562, "std_height": 2.7427449226379395, "count_pixels": 41, "percent_cover": 0.17878946450375022, "percent_above_0.1m": 92.682926829268297, "low_level_<0.5": 4.8780487804878048, "mid_level_0.5-2": 7.3170731707317067, "tall_2+": 80.487804878048792 }, "geometry": { "type": "Point", "coordinates": [ -3.041858675849888, 53.83965540920444 ] } },
{ "type": "Feature", "properties": { "max_height": 9.5779991149902344, "mean_height": 2.0148591995239258, "std_height": 2.6870033740997314, "count_pixels": 41, "percent_cover": 0.17878946450375022, "percent_above_0.1m": 63.414634146341463, "low_level_<0.5": 4.8780487804878048, "mid_level_0.5-2": 19.512195121951219, "tall_2+": 34.146341463414636 }, "geometry": { "type": "Point", "coordinates": [ -3.041648132074824, 53.839657243939357 ] } },
{ "type": "Feature", "properties": { "max_height": 6.2065010070800781, "mean_height": 0.75499927997589111, "std_height": 1.3270893096923828, "count_pixels": 41, "percent_cover": 0.17878946450375022, "percent_above_0.1m": 70.731707317073173, "low_level_<0.5": 19.512195121951219, "mid_level_0.5-2": 21.951219512195124, "tall_2+": 12.195121951219512 }, "geometry": { "type": "Point", "coordinates": [ -3.041437588276988, 53.83965907830504 ] } },
{ "type": "Feature", "properties": { "max_height": 11.954502105712891, "mean_height": 5.4741854667663574, "std_height": 3.7968485355377197, "count_pixels": 43, "percent_cover": 0.18751090179661609, "percent_above_0.1m": 95.348837209302332, "low_level_<0.5": 4.6511627906976747, "mid_level_0.5-2": 13.953488372093023, "tall_2+": 67.441860465116278 }, "geometry": { "type": "Point", "coordinates": [ -3.041227044456383, 53.839660912301476 ] } },
{ "type": "Feature", "properties": { "max_height": 10.661247253417969, "mean_height": 5.1872658729553223, "std_height": 3.090735912322998, "count_pixels": 43, "percent_cover": 0.18751090179661609, "percent_above_0.1m": 100.0, "low_level_<0.5": 2.3255813953488373, "mid_level_0.5-2": 13.953488372093023, "tall_2+": 76.744186046511629 }, "geometry": { "type": "Point", "coordinates": [ -3.04101650061302, 53.839662745928656 ] } },
{ "type": "Feature", "properties": { "max_height": 12.792751312255859, "mean_height": 9.8585691452026367, "std_height": 1.8392210006713867, "count_pixels": 43, "percent_cover": 0.18751090179661609, "percent_above_0.1m": 100.0, "low_level_<0.5": 0.0, "mid_level_0.5-2": 0.0, "tall_2+": 100.0 }, "geometry": { "type": "Point", "coordinates": [ -3.040805956746887, 53.839664579186589 ] } },
{ "type": "Feature", "properties": { "max_height": 14.23900032043457, "mean_height": 11.553500175476074, "std_height": 2.213740348815918, "count_pixels": 38, "percent_cover": 0.16570730856445143, "percent_above_0.1m": 100.0, "low_level_<0.5": 0.0, "mid_level_0.5-2": 0.0, "tall_2+": 100.0 }, "geometry": { "type": "Point", "coordinates": [ -3.040595412858011, 53.839666412075282 ] } },
{ "type": "Feature", "properties": { "max_height": 12.563247680664062, "mean_height": 2.470313549041748, "std_height": 3.5618925094604492, "count_pixels": 43, "percent_cover": 0.18751090179661609, "percent_above_0.1m": 86.04651162790698, "low_level_<0.5": 11.627906976744185, "mid_level_0.5-2": 32.558139534883722, "tall_2+": 27.906976744186046 }, "geometry": { "type": "Point", "coordinates": [ -3.040384868946377, 53.839668244594712 ] } },
{ "type": "Feature", "properties": { "max_height": 7.1296539306640625, "mean_height": 1.3076944351196289, "std_height": 1.7422418594360352, "count_pixels": 42, "percent_cover": 0.18315018315018314, "percent_above_0.1m": 83.333333333333343, "low_level_<0.5": 23.809523809523807, "mid_level_0.5-2": 21.428571428571427, "tall_2+": 23.809523809523807 }, "geometry": { "type": "Point", "coordinates": [ -3.039963781054882, 53.839671908525844 ] } },
{ "type": "Feature", "properties": { "max_height": 8.4019985198974609, "mean_height": 4.4350786209106445, "std_height": 2.1157181262969971, "count_pixels": 41, "percent_cover": 0.17878946450375022, "percent_above_0.1m": 97.560975609756099, "low_level_<0.5": 4.8780487804878048, "mid_level_0.5-2": 4.8780487804878048, "tall_2+": 85.365853658536579 }, "geometry": { "type": "Point", "coordinates": [ -3.039753237075031, 53.839673739937545 ] } },
{ "type": "Feature", "properties": { "max_height": 2.7781791687011719, "mean_height": 0.27398854494094849, "std_height": 0.53484147787094116, "count_pixels": 41, "percent_cover": 0.17878946450375022, "percent_above_0.1m": 53.658536585365859, "low_level_<0.5": 9.7560975609756095, "mid_level_0.5-2": 19.512195121951219, "tall_2+": 2.4390243902439024 }, "geometry": { "type": "Point", "coordinates": [ -3.039542693072443, 53.839675570979992 ] } },
{ "type": "Feature", "properties": { "max_height": 7.6912498474121094, "mean_height": 2.3001029491424561, "std_height": 2.1988005638122559, "count_pixels": 41, "percent_cover": 0.17878946450375022, "percent_above_0.1m": 85.365853658536579, "low_level_<0.5": 7.3170731707317067, "mid_level_0.5-2": 29.268292682926827, "tall_2+": 43.902439024390247 }, "geometry": { "type": "Point", "coordinates": [ -3.039332149047128, 53.839677401653184 ] } },
{ "type": "Feature", "properties": { "max_height": 7.4809989929199219, "mean_height": 2.3918044567108154, "std_height": 1.9809368848800659, "count_pixels": 41, "percent_cover": 0.17878946450375022, "percent_above_0.1m": 100.0, "low_level_<0.5": 9.7560975609756095, "mid_level_0.5-2": 48.780487804878049, "tall_2+": 41.463414634146339 }, "geometry": { "type": "Point", "coordinates": [ -3.039121604999095, 53.839679231957142 ] } },
{ "type": "Feature", "properties": { "max_height": 14.582748413085938, "mean_height": 8.8568964004516602, "std_height": 3.9275524616241455, "count_pixels": 41, "percent_cover": 0.17878946450375022, "percent_above_0.1m": 97.560975609756099, "low_level_<0.5": 0.0, "mid_level_0.5-2": 2.4390243902439024, "tall_2+": 95.121951219512198 }, "geometry": { "type": "Point", "coordinates": [ -3.038911060928338, 53.839681061891852 ] } },
{ "type": "Feature", "properties": { "max_height": 6.5407485961914062, "mean_height": 1.5495630502700806, "std_height": 2.1185564994812012, "count_pixels": 43, "percent_cover": 0.18751090179661609, "percent_above_0.1m": 83.720930232558146, "low_level_<0.5": 6.9767441860465116, "mid_level_0.5-2": 11.627906976744185, "tall_2+": 30.232558139534881 }, "geometry": { "type": "Point", "coordinates": [ -3.042598254308365, 53.839756820522624 ] } },
{ "type": "Feature", "properties": { "max_height": 7.1192512512207031, "mean_height": 2.5134530067443848, "std_height": 2.6671948432922363, "count_pixels": 43, "percent_cover": 0.18751090179661609, "percent_above_0.1m": 88.372093023255815, "low_level_<0.5": 13.953488372093023, "mid_level_0.5-2": 9.3023255813953494, "tall_2+": 44.186046511627907 }, "geometry": { "type": "Point", "coordinates": [ -3.042387710085409, 53.839758656562111 ] } },
{ "type": "Feature", "properties": { "max_height": 6.5229949951171875, "mean_height": 2.1284792423248291, "std_height": 2.1712074279785156, "count_pixels": 38, "percent_cover": 0.16570730856445143, "percent_above_0.1m": 92.10526315789474, "low_level_<0.5": 15.789473684210526, "mid_level_0.5-2": 13.157894736842104, "tall_2+": 42.105263157894733 }, "geometry": { "type": "Point", "coordinates": [ -3.042177165839673, 53.839760492232337 ] } },
{ "type": "Feature", "properties": { "max_height": 6.608245849609375, "mean_height": 2.3804290294647217, "std_height": 2.0090806484222412, "count_pixels": 43, "percent_cover": 0.18751090179661609, "percent_above_0.1m": 97.674418604651152, "low_level_<0.5": 11.627906976744185, "mid_level_0.5-2": 18.604651162790699, "tall_2+": 51.162790697674424 }, "geometry": { "type": "Point", "coordinates": [ -3.041966621571147, 53.839762327533322 ] } },
{ "type": "Feature", "properties": { "max_height": 8.4862518310546875, "mean_height": 2.3584930896759033, "std_height": 2.9442386627197266, "count_pixels": 43, "percent_cover": 0.18751090179661609, "percent_above_0.1m": 76.744186046511629, "low_level_<0.5": 11.627906976744185, "mid_level_0.5-2": 30.232558139534881, "tall_2+": 32.558139534883722 }, "geometry": { "type": "Point", "coordinates": [ -3.041756077279842, 53.839764162465066 ] } },
{ "type": "Feature", "properties": { "max_height": 1.204254150390625, "mean_height": 0.28281322121620178, "std_height": 0.28513577580451965, "count_pixels": 43, "percent_cover": 0.18751090179661609, "percent_above_0.1m": 86.04651162790698, "low_level_<0.5": 18.604651162790699, "mid_level_0.5-2": 18.604651162790699, "tall_2+": 0.0 }, "geometry": { "type": "Point", "coordinates": [ -3.041545532965758, 53.839765997027563 ] } },
{ "type": "Feature", "properties": { "max_height": 11.269752502441406, "mean_height": 4.9562740325927734, "std_height": 3.538067102432251, "count_pixels": 41, "percent_cover": 0.17878946450375022, "percent_above_0.1m": 100.0, "low_level_<0.5": 4.8780487804878048, "mid_level_0.5-2": 14.634146341463413, "tall_2+": 68.292682926829272 }, "geometry": { "type": "Point", "coordinates": [ -3.041334988628907, 53.839767831220804 ] } },
{ "type": "Feature", "properties": { "max_height": 13.247749328613281, "mean_height": 5.7448592185974121, "std_height": 4.5763673782348633, "count_pixels": 41, "percent_cover": 0.17878946450375022, "percent_above_0.1m": 100.0, "low_level_<0.5": 7.3170731707317067, "mid_level_0.5-2": 4.8780487804878048, "tall_2+": 68.292682926829272 }, "geometry": { "type": "Point", "coordinates": [ -3.041124444269289, 53.839769665044798 ] } },
{ "type": "Feature", "properties": { "max_height": 9.8479995727539062, "mean_height": 3.1085171699523926, "std_height": 3.4025802612304688, "count_pixels": 41, "percent_cover": 0.17878946450375022, "percent_above_0.1m": 97.560975609756099, "low_level_<0.5": 4.8780487804878048, "mid_level_0.5-2": 7.3170731707317067, "tall_2+": 46.341463414634148 }, "geometry": { "type": "Point", "coordinates": [ -3.040913899886913, 53.839771498499537 ] } },
{ "type": "Feature", "properties": { "max_height": 12.063751220703125, "mean_height": 8.7374992370605469, "std_height": 1.70322585105896, "count_pixels": 41, "percent_cover": 0.17878946450375022, "percent_above_0.1m": 100.0, "low_level_<0.5": 0.0, "mid_level_0.5-2": 0.0, "tall_2+": 100.0 }, "geometry": { "type": "Point", "coordinates": [ -3.040703355481773, 53.83977333158505 ] } },
{ "type": "Feature", "properties": { "max_height": 11.118499755859375, "mean_height": 7.6700663566589355, "std_height": 3.0013329982757568, "count_pixels": 41, "percent_cover": 0.17878946450375022, "percent_above_0.1m": 100.0, "low_level_<0.5": 2.4390243902439024, "mid_level_0.5-2": 9.7560975609756095, "tall_2+": 87.804878048780495 }, "geometry": { "type": "Point", "coordinates": [ -3.040492811053883, 53.839775164301287 ] } },
{ "type": "Feature", "properties": { "max_height": 13.063323974609375, "mean_height": 5.3491196632385254, "std_height": 3.9490816593170166, "count_pixels": 41, "percent_cover": 0.17878946450375022, "percent_above_0.1m": 100.0, "low_level_<0.5": 4.8780487804878048, "mid_level_0.5-2": 26.829268292682929, "tall_2+": 68.292682926829272 }, "geometry": { "type": "Point", "coordinates": [ -3.040282266603249, 53.839776996648276 ] } },
{ "type": "Feature", "properties": { "max_height": 8.73175048828125, "mean_height": 2.8333337306976318, "std_height": 2.7128856182098389, "count_pixels": 42, "percent_cover": 0.18315018315018314, "percent_above_0.1m": 97.61904761904762, "low_level_<0.5": 11.904761904761903, "mid_level_0.5-2": 45.238095238095241, "tall_2+": 40.476190476190474 }, "geometry": { "type": "Point", "coordinates": [ -3.039861177633751, 53.839780660234531 ] } },
{ "type": "Feature", "properties": { "max_height": 4.5082664489746094, "mean_height": 0.77678686380386353, "std_height": 1.0610052347183228, "count_pixels": 43, "percent_cover": 0.18751090179661609, "percent_above_0.1m": 79.069767441860463, "low_level_<0.5": 27.906976744186046, "mid_level_0.5-2": 34.883720930232556, "tall_2+": 13.953488372093023 }, "geometry": { "type": "Point", "coordinates": [ -3.039650633114894, 53.839782491473777 ] } },
{ "type": "Feature", "properties": { "max_height": 8.7517471313476562, "mean_height": 4.0631566047668457, "std_height": 2.856022834777832, "count_pixels": 43, "percent_cover": 0.18751090179661609, "percent_above_0.1m": 97.674418604651152, "low_level_<0.5": 4.6511627906976747, "mid_level_0.5-2": 18.604651162790699, "tall_2+": 65.116279069767444 }, "geometry": { "type": "Point", "coordinates": [ -3.039440088573312, 53.839784322343775 ] } },
{ "type": "Feature", "properties": { "max_height": 7.5769996643066406, "mean_height": 2.5583481788635254, "std_height": 2.1461987495422363, "count_pixels": 38, "percent_cover": 0.16570730856445143, "percent_above_0.1m": 100.0, "low_level_<0.5": 7.8947368421052628, "mid_level_0.5-2": 50.0, "tall_2+": 42.105263157894733 }, "geometry": { "type": "Point", "coordinates": [ -3.039229544009006, 53.839786152844532 ] } },
{ "type": "Feature", "properties": { "max_height": 8.5529994964599609, "mean_height": 3.9298830032348633, "std_height": 1.9365072250366211, "count_pixels": 43, "percent_cover": 0.18751090179661609, "percent_above_0.1m": 100.0, "low_level_<0.5": 0.0, "mid_level_0.5-2": 16.279069767441861, "tall_2+": 83.720930232558146 }, "geometry": { "type": "Point", "coordinates": [ -3.039018999421975, 53.83978798297602 ] } },
{ "type": "Feature", "properties": { "max_height": 0.81399917602539062, "mean_height": 0.14123708009719849, "std_height": 0.14382542669773102, "count_pixels": 41, "percent_cover": 0.17878946450375022, "percent_above_0.1m": 78.048780487804876, "low_level_<0.5": 0.0, "mid_level_0.5-2": 4.8780487804878048, "tall_2+": 0.0 }, "geometry": { "type": "Point", "coordinates": [ -3.042706202117366, 53.839863738154385 ] } },
{ "type": "Feature", "properties": { "max_height": 7.1197490692138672, "mean_height": 4.4394564628601074, "std_height": 2.0593392848968506, "count_pixels": 41, "percent_cover": 0.17878946450375022, "percent_above_0.1m": 97.560975609756099, "low_level_<0.5": 0.0, "mid_level_0.5-2": 7.3170731707317067, "tall_2+": 87.804878048780495 }, "geometry": { "type": "Point", "coordinates": [ -3.042495657378176, 53.839865574390679 ] } },
{ "type": "Feature", "properties": { "max_height": 9.7667503356933594, "mean_height": 1.947999119758606, "std_height": 2.4995791912078857, "count_pixels": 41, "percent_cover": 0.17878946450375022, "percent_above_0.1m": 82.926829268292678, "low_level_<0.5": 7.3170731707317067, "mid_level_0.5-2": 7.3170731707317067, "tall_2+": 41.463414634146339 }, "geometry": { "type": "Point", "coordinates": [ -3.042285112616197, 53.839867410257746 ] } },
{ "type": "Feature", "properties": { "max_height": 7.4549961090087891, "mean_height": 0.8580176830291748, "std_height": 1.6725516319274902, "count_pixels": 41, "percent_cover": 0.17878946450375022, "percent_above_0.1m": 95.121951219512198, "low_level_<0.5": 2.4390243902439024, "mid_level_0.5-2": 9.7560975609756095, "tall_2+": 14.634146341463413 }, "geometry": { "type": "Point", "coordinates": [ -3.042074567831426, 53.839869245755537 ] } },
{ "type": "Feature", "properties": { "max_height": 8.2024993896484375, "mean_height": 1.8658775091171265, "std_height": 2.5664939880371094, "count_pixels": 41, "percent_cover": 0.17878946450375022, "percent_above_0.1m": 100.0, "low_level_<0.5": 7.3170731707317067, "mid_level_0.5-2": 19.512195121951219, "tall_2+": 26.829268292682929 }, "geometry": { "type": "Point", "coordinates": [ -3.041864023023879, 53.839871080884109 ] } },
{ "type": "Feature", "properties": { "max_height": 9.5475006103515625, "mean_height": 3.671438455581665, "std_height": 3.4607536792755127, "count_pixels": 41, "percent_cover": 0.17878946450375022, "percent_above_0.1m": 100.0, "low_level_<0.5": 12.195121951219512, "mid_level_0.5-2": 9.7560975609756095, "tall_2+": 56.09756097560976 }, "geometry": { "type": "Point", "coordinates": [ -3.041653478193544, 53.839872915643419 ] } },
{ "type": "Feature", "properties": { "max_height": 1.4420013427734375, "mean_height": 0.19440177083015442, "std_height": 0.27105852961540222, "count_pixels": 41, "percent_cover": 0.17878946450375022, "percent_above_0.1m": 100.0, "low_level_<0.5": 2.4390243902439024, "mid_level_0.5-2": 4.8780487804878048, "tall_2+": 0.0 }, "geometry": { "type": "Point", "coordinates": [ -3.04144293334045, 53.839874750033474 ] } },
{ "type": "Feature", "properties": { "max_height": 10.6614990234375, "mean_height": 3.8432319164276123, "std_height": 2.4868803024291992, "count_pixels": 43, "percent_cover": 0.18751090179661609, "percent_above_0.1m": 100.0, "low_level_<0.5": 0.0, "mid_level_0.5-2": 20.930232558139537, "tall_2+": 79.069767441860463 }, "geometry": { "type": "Point", "coordinates": [ -3.041232388464575, 53.839876584054288 ] } },
{ "type": "Feature", "properties": { "max_height": 9.1139984130859375, "mean_height": 1.9727840423583984, "std_height": 2.2619020938873291, "count_pixels": 43, "percent_cover": 0.18751090179661609, "percent_above_0.1m": 100.0, "low_level_<0.5": 23.255813953488371, "mid_level_0.5-2": 34.883720930232556, "tall_2+": 32.558139534883722 }, "geometry": { "type": "Point", "coordinates": [ -3.041021843565945, 53.839878417705833 ] } },
{ "type": "Feature", "properties": { "max_height": 8.7160015106201172, "mean_height": 3.0963950157165527, "std_height": 2.8481125831604004, "count_pixels": 43, "percent_cover": 0.18751090179661609, "percent_above_0.1m": 100.0, "low_level_<0.5": 9.3023255813953494, "mid_level_0.5-2": 20.930232558139537, "tall_2+": 48.837209302325576 }, "geometry": { "type": "Point", "coordinates": [ -3.04081129864455, 53.839880250988145 ] } },
{ "type": "Feature", "properties": { "max_height": 10.029998779296875, "mean_height": 5.5119071006774902, "std_height": 2.8044018745422363, "count_pixels": 38, "percent_cover": 0.16570730856445143, "percent_above_0.1m": 100.0, "low_level_<0.5": 0.0, "mid_level_0.5-2": 7.8947368421052628, "tall_2+": 86.842105263157904 }, "geometry": { "type": "Point", "coordinates": [ -3.040600753700402, 53.839882083901202 ] } },
{ "type": "Feature", "properties": { "max_height": 16.015497207641602, "mean_height": 8.1613779067993164, "std_height": 3.2683660984039307, "count_pixels": 43, "percent_cover": 0.18751090179661609, "percent_above_0.1m": 100.0, "low_level_<0.5": 0.0, "mid_level_0.5-2": 0.0, "tall_2+": 97.674418604651152 }, "geometry": { "type": "Point", "coordinates": [ -3.040390208733502, 53.839883916444997 ] } },
{ "type": "Feature", "properties": { "max_height": 12.992252349853516, "mean_height": 7.7314667701721191, "std_height": 3.2673799991607666, "count_pixels": 43, "percent_cover": 0.18751090179661609, "percent_above_0.1m": 100.0, "low_level_<0.5": 2.3255813953488373, "mid_level_0.5-2": 9.3023255813953494, "tall_2+": 88.372093023255815 }, "geometry": { "type": "Point", "coordinates": [ -3.040179663743857, 53.839885748619551 ] } },
{ "type": "Feature", "properties": { "max_height": 12.74949836730957, "mean_height": 4.9208822250366211, "std_height": 4.8178024291992188, "count_pixels": 42, "percent_cover": 0.18315018315018314, "percent_above_0.1m": 76.19047619047619, "low_level_<0.5": 7.1428571428571423, "mid_level_0.5-2": 14.285714285714285, "tall_2+": 52.380952380952387 }, "geometry": { "type": "Point", "coordinates": [ -3.03996911873147, 53.839887580424858 ] } },
{ "type": "Feature", "properties": { "max_height": 9.8374252319335938, "mean_height": 3.5032985210418701, "std_height": 2.7174382209777832, "count_pixels": 41, "percent_cover": 0.17878946450375022, "percent_above_0.1m": 100.0, "low_level_<0.5": 0.0, "mid_level_0.5-2": 46.341463414634148, "tall_2+": 53.658536585365859 }, "geometry": { "type": "Point", "coordinates": [ -3.039758573696349, 53.839889411860916 ] } },
{ "type": "Feature", "properties": { "max_height": 10.137001037597656, "mean_height": 4.2122488021850586, "std_height": 2.5214972496032715, "count_pixels": 41, "percent_cover": 0.17878946450375022, "percent_above_0.1m": 100.0, "low_level_<0.5": 0.0, "mid_level_0.5-2": 29.268292682926827, "tall_2+": 70.731707317073173 }, "geometry": { "type": "Point", "coordinates": [ -3.039548028638492, 53.839891242927713 ] } },
{ "type": "Feature", "properties": { "max_height": 8.7352485656738281, "mean_height": 2.5990664958953857, "std_height": 2.0599722862243652, "count_pixels": 41, "percent_cover": 0.17878946450375022, "percent_above_0.1m": 97.560975609756099, "low_level_<0.5": 2.4390243902439024, "mid_level_0.5-2": 43.902439024390247, "tall_2+": 51.219512195121951 }, "geometry": { "type": "Point", "coordinates": [ -3.039337483557912, 53.839893073625277 ] } },
{ "type": "Feature", "properties": { "max_height": 11.631498336791992, "mean_height": 6.6751089096069336, "std_height": 2.2525041103363037, "count_pixels": 41, "percent_cover": 0.17878946450375022, "percent_above_0.1m": 100.0, "low_level_<0.5": 0.0, "mid_level_0.5-2": 0.0, "tall_2+": 100.0 }, "geometry": { "type": "Point", "coordinates": [ -3.039126938454602, 53.839894903953571 ] } },
{ "type": "Feature", "properties": { "max_height": 2.9494972229003906, "mean_height": 0.34484237432479858, "std_height": 0.68786895275115967, "count_pixels": 43, "percent_cover": 0.18751090179661609, "percent_above_0.1m": 79.069767441860463, "low_level_<0.5": 4.6511627906976747, "mid_level_0.5-2": 2.3255813953488373, "tall_2+": 9.3023255813953494 }, "geometry": { "type": "Point", "coordinates": [ -3.042603605209969, 53.839972492112608 ] } },
{ "type": "Feature", "properties": { "max_height": 7.4519977569580078, "mean_height": 1.3951271772384644, "std_height": 2.0724916458129883, "count_pixels": 43, "percent_cover": 0.18751090179661609, "percent_above_0.1m": 93.023255813953483, "low_level_<0.5": 9.3023255813953494, "mid_level_0.5-2": 9.3023255813953494, "tall_2+": 25.581395348837212 }, "geometry": { "type": "Point", "coordinates": [ -3.042393059931749, 53.839974328176481 ] } },
{ "type": "Feature", "properties": { "max_height": 11.0885009765625, "mean_height": 3.7253348827362061, "std_height": 3.7726881504058838, "count_pixels": 38, "percent_cover": 0.16570730856445143, "percent_above_0.1m": 100.0, "low_level_<0.5": 5.2631578947368416, "mid_level_0.5-2": 7.8947368421052628, "tall_2+": 52.631578947368418 }, "geometry": { "type": "Point", "coordinates": [ -3.042182514630738, 53.839976163871114 ] } },
{ "type": "Feature", "properties": { "max_height": 0.135498046875, "mean_height": 0.12048734724521637, "std_height": 0.0091893244534730911, "count_pixels": 43, "percent_cover": 0.18751090179661609, "percent_above_0.1m": 97.674418604651152, "low_level_<0.5": 0.0, "mid_level_0.5-2": 0.0, "tall_2+": 0.0 }, "geometry": { "type": "Point", "coordinates": [ -3.041971969306938, 53.839977999196478 ] } },
{ "type": "Feature", "properties": { "max_height": 8.5607490539550781, "mean_height": 1.3481796979904175, "std_height": 2.0170412063598633, "count_pixels": 43, "percent_cover": 0.18751090179661609, "percent_above_0.1m": 100.0, "low_level_<0.5": 6.9767441860465116, "mid_level_0.5-2": 27.906976744186046, "tall_2+": 18.604651162790699 }, "geometry": { "type": "Point", "coordinates": [ -3.041761423960358, 53.839979834152601 ] } },
{ "type": "Feature", "properties": { "max_height": 9.0699996948242188, "mean_height": 1.9463599920272827, "std_height": 2.4632720947265625, "count_pixels": 43, "percent_cover": 0.18751090179661609, "percent_above_0.1m": 100.0, "low_level_<0.5": 11.627906976744185, "mid_level_0.5-2": 13.953488372093023, "tall_2+": 32.558139534883722 }, "geometry": { "type": "Point", "coordinates": [ -3.041550878591007, 53.839981668739476 ] } },
{ "type": "Feature", "properties": { "max_height": 8.2372474670410156, "mean_height": 3.0438468456268311, "std_height": 2.2758238315582275, "count_pixels": 41, "percent_cover": 0.17878946450375022, "percent_above_0.1m": 100.0, "low_level_<0.5": 9.7560975609756095, "mid_level_0.5-2": 12.195121951219512, "tall_2+": 63.414634146341463 }, "geometry": { "type": "Point", "coordinates": [ -3.041340333198887, 53.839983502957111 ] } },
{ "type": "Feature", "properties": { "max_height": 9.0139980316162109, "mean_height": 2.7420971393585205, "std_height": 2.3716795444488525, "count_pixels": 41, "percent_cover": 0.17878946450375022, "percent_above_0.1m": 97.560975609756099, "low_level_<0.5": 9.7560975609756095, "mid_level_0.5-2": 21.951219512195124, "tall_2+": 58.536585365853654 }, "geometry": { "type": "Point", "coordinates": [ -3.041129787783992, 53.839985336805476 ] } },
{ "type": "Feature", "properties": { "max_height": 8.7599983215332031, "mean_height": 6.2004742622375488, "std_height": 1.9876612424850464, "count_pixels": 41, "percent_cover": 0.17878946450375022, "percent_above_0.1m": 100.0, "low_level_<0.5": 0.0, "mid_level_0.5-2": 7.3170731707317067, "tall_2+": 92.682926829268297 }, "geometry": { "type": "Point", "coordinates": [ -3.04091924234634, 53.839987170284594 ] } },
{ "type": "Feature", "properties": { "max_height": 14.264249801635742, "mean_height": 5.5866999626159668, "std_height": 3.7487988471984863, "count_pixels": 41, "percent_cover": 0.17878946450375022, "percent_above_0.1m": 100.0, "low_level_<0.5": 4.8780487804878048, "mid_level_0.5-2": 9.7560975609756095, "tall_2+": 80.487804878048792 }, "geometry": { "type": "Point", "coordinates": [ -3.040708696885929, 53.839989003394457 ] } },
{ "type": "Feature", "properties": { "max_height": 12.908748626708984, "mean_height": 5.1531639099121094, "std_height": 3.8654842376708984, "count_pixels": 41, "percent_cover": 0.17878946450375022, "percent_above_0.1m": 97.560975609756099, "low_level_<0.5": 4.8780487804878048, "mid_level_0.5-2": 19.512195121951219, "tall_2+": 70.731707317073173 }, "geometry": { "type": "Point", "coordinates": [ -3.040498151402764, 53.839990836135058 ] } },
{ "type": "Feature", "properties": { "max_height": 8.0004997253417969, "mean_height": 2.0530853271484375, "std_height": 2.4814250469207764, "count_pixels": 41, "percent_cover": 0.17878946450375022, "percent_above_0.1m": 97.560975609756099, "low_level_<0.5": 4.8780487804878048, "mid_level_0.5-2": 7.3170731707317067, "tall_2+": 39.024390243902438 }, "geometry": { "type": "Point", "coordinates": [ -3.040287605896854, 53.839992668506433 ] } },
{ "type": "Feature", "properties": { "max_height": 12.587997436523438, "mean_height": 3.0258529186248779, "std_height": 3.922926664352417, "count_pixels": 41, "percent_cover": 0.17878946450375022, "percent_above_0.1m": 97.560975609756099, "low_level_<0.5": 7.3170731707317067, "mid_level_0.5-2": 21.951219512195124, "tall_2+": 31.707317073170731 }, "geometry": { "type": "Point", "coordinates": [ -3.040077060368199, 53.839994500508531 ] } },
{ "type": "Feature", "properties": { "max_height": 13.336751937866211, "mean_height": 7.6086235046386719, "std_height": 3.3398728370666504, "count_pixels": 42, "percent_cover": 0.18315018315018314, "percent_above_0.1m": 97.61904761904762, "low_level_<0.5": 0.0, "mid_level_0.5-2": 2.3809523809523809, "tall_2+": 95.238095238095227 }, "geometry": { "type": "Point", "coordinates": [ -3.039866514816806, 53.839996332141403 ] } },
{ "type": "Feature", "properties": { "max_height": 17.937000274658203, "mean_height": 12.052599906921387, "std_height": 3.8164453506469727, "count_pixels": 43, "percent_cover": 0.18751090179661609, "percent_above_0.1m": 100.0, "low_level_<0.5": 0.0, "mid_level_0.5-2": 0.0, "tall_2+": 100.0 }, "geometry": { "type": "Point", "coordinates": [ -3.039655969242676, 53.839998163405006 ] } },
{ "type": "Feature", "properties": { "max_height": 11.101749420166016, "mean_height": 5.1972441673278809, "std_height": 3.061488151550293, "count_pixels": 43, "percent_cover": 0.18751090179661609, "percent_above_0.1m": 100.0, "low_level_<0.5": 2.3255813953488373, "mid_level_0.5-2": 18.604651162790699, "tall_2+": 79.069767441860463 }, "geometry": { "type": "Point", "coordinates": [ -3.039445423645816, 53.839999994299355 ] } },
{ "type": "Feature", "properties": { "max_height": 10.222749710083008, "mean_height": 6.927802562713623, "std_height": 1.9718232154846191, "count_pixels": 38, "percent_cover": 0.16570730856445143, "percent_above_0.1m": 100.0, "low_level_<0.5": 0.0, "mid_level_0.5-2": 2.6315789473684208, "tall_2+": 97.368421052631575 }, "geometry": { "type": "Point", "coordinates": [ -3.03923487802623, 53.840001824824448 ] } },
{ "type": "Feature", "properties": { "max_height": 3.8974990844726562, "mean_height": 0.61021876335144043, "std_height": 0.97959089279174805, "count_pixels": 41, "percent_cover": 0.17878946450375022, "percent_above_0.1m": 65.853658536585371, "low_level_<0.5": 7.3170731707317067, "mid_level_0.5-2": 19.512195121951219, "tall_2+": 9.7560975609756095 }, "geometry": { "type": "Point", "coordinates": [ -3.042501007786334, 53.840081245988536 ] } },
{ "type": "Feature", "properties": { "max_height": 0.52124977111816406, "mean_height": 0.13381651043891907, "std_height": 0.096164852380752563, "count_pixels": 41, "percent_cover": 0.17878946450375022, "percent_above_0.1m": 75.609756097560975, "low_level_<0.5": 4.8780487804878048, "mid_level_0.5-2": 4.8780487804878048, "tall_2+": 0.0 }, "geometry": { "type": "Point", "coordinates": [ -3.042290461969079, 53.840083081879989 ] } },
{ "type": "Feature", "properties": { "max_height": 0.2024993896484375, "mean_height": 0.11721271276473999, "std_height": 0.016446612775325775, "count_pixels": 41, "percent_cover": 0.17878946450375022, "percent_above_0.1m": 95.121951219512198, "low_level_<0.5": 2.4390243902439024, "mid_level_0.5-2": 0.0, "tall_2+": 0.0 }, "geometry": { "type": "Point", "coordinates": [ -3.042079916129031, 53.840084917402166 ] } },
{ "type": "Feature", "properties": { "max_height": 5.5984992980957031, "mean_height": 0.46393808722496033, "std_height": 1.0348658561706543, "count_pixels": 41, "percent_cover": 0.17878946450375022, "percent_above_0.1m": 100.0, "low_level_<0.5": 2.4390243902439024, "mid_level_0.5-2": 12.195121951219512, "tall_2+": 4.8780487804878048 }, "geometry": { "type": "Point", "coordinates": [ -3.041869370266201, 53.840086752555131 ] } },
{ "type": "Feature", "properties": { "max_height": 8.8407478332519531, "mean_height": 3.5637426376342773, "std_height": 2.6232421398162842, "count_pixels": 41, "percent_cover": 0.17878946450375022, "percent_above_0.1m": 100.0, "low_level_<0.5": 7.3170731707317067, "mid_level_0.5-2": 12.195121951219512, "tall_2+": 68.292682926829272 }, "geometry": { "type": "Point", "coordinates": [ -3.041658824380594, 53.840088587338826 ] } },
{ "type": "Feature", "properties": { "max_height": 7.5832481384277344, "mean_height": 2.5224080085754395, "std_height": 2.5477602481842041, "count_pixels": 41, "percent_cover": 0.17878946450375022, "percent_above_0.1m": 95.121951219512198, "low_level_<0.5": 7.3170731707317067, "mid_level_0.5-2": 9.7560975609756095, "tall_2+": 48.780487804878049 }, "geometry": { "type": "Point", "coordinates": [ -3.041448278472214, 53.840090421753274 ] } },
{ "type": "Feature", "properties": { "max_height": 6.8477516174316406, "mean_height": 0.91996443271636963, "std_height": 1.6920745372772217, "count_pixels": 43, "percent_cover": 0.18751090179661609, "percent_above_0.1m": 95.348837209302332, "low_level_<0.5": 4.6511627906976747, "mid_level_0.5-2": 9.3023255813953494, "tall_2+": 16.279069767441861 }, "geometry": { "type": "Point", "coordinates": [ -3.041237732541065, 53.840092255798432 ] } },
{ "type": "Feature", "properties": { "max_height": 11.152750015258789, "mean_height": 5.3130984306335449, "std_height": 3.0431246757507324, "count_pixels": 43, "percent_cover": 0.18751090179661609, "percent_above_0.1m": 100.0, "low_level_<0.5": 2.3255813953488373, "mid_level_0.5-2": 11.627906976744185, "tall_2+": 86.04651162790698 }, "geometry": { "type": "Point", "coordinates": [ -3.041027186587149, 53.840094089474363 ] } },
{ "type": "Feature", "properties": { "max_height": 9.9304981231689453, "mean_height": 2.1752028465270996, "std_height": 2.5729327201843262, "count_pixels": 43, "percent_cover": 0.18751090179661609, "percent_above_0.1m": 97.674418604651152, "low_level_<0.5": 23.255813953488371, "mid_level_0.5-2": 39.534883720930232, "tall_2+": 32.558139534883722 }, "geometry": { "type": "Point", "coordinates": [ -3.040816640610474, 53.84009592278106 ] } },
{ "type": "Feature", "properties": { "max_height": 14.541248321533203, "mean_height": 5.758610725402832, "std_height": 4.6156711578369141, "count_pixels": 38, "percent_cover": 0.16570730856445143, "percent_above_0.1m": 97.368421052631575, "low_level_<0.5": 2.6315789473684208, "mid_level_0.5-2": 15.789473684210526, "tall_2+": 71.05263157894737 }, "geometry": { "type": "Point", "coordinates": [ -3.040606094611046, 53.840097755718475 ] } },
{ "type": "Feature", "properties": { "max_height": 16.778999328613281, "mean_height": 7.8408946990966797, "std_height": 5.5476341247558594, "count_pixels": 43, "percent_cover": 0.18751090179661609, "percent_above_0.1m": 100.0, "low_level_<0.5": 0.0, "mid_level_0.5-2": 6.9767441860465116, "tall_2+": 83.720930232558146 }, "geometry": { "type": "Point", "coordinates": [ -3.040395548588865, 53.840099588286648 ] } },
{ "type": "Feature", "properties": { "max_height": 8.2067489624023438, "mean_height": 1.6140111684799194, "std_height": 2.1845996379852295, "count_pixels": 43, "percent_cover": 0.18751090179661609, "percent_above_0.1m": 100.0, "low_level_<0.5": 6.9767441860465116, "mid_level_0.5-2": 25.581395348837212, "tall_2+": 25.581395348837212 }, "geometry": { "type": "Point", "coordinates": [ -3.040185002543939, 53.84010142048556 ] } },
{ "type": "Feature", "properties": { "max_height": 11.569499969482422, "mean_height": 6.0351309776306152, "std_height": 3.0198743343353271, "count_pixels": 42, "percent_cover": 0.18315018315018314, "percent_above_0.1m": 95.238095238095227, "low_level_<0.5": 0.0, "mid_level_0.5-2": 7.1428571428571423, "tall_2+": 85.714285714285708 }, "geometry": { "type": "Point", "coordinates": [ -3.039974456476271, 53.840103252315231 ] } },
{ "type": "Feature", "properties": { "max_height": 12.590497970581055, "mean_height": 2.2378222942352295, "std_height": 3.0983664989471436, "count_pixels": 41, "percent_cover": 0.17878946450375022, "percent_above_0.1m": 95.121951219512198, "low_level_<0.5": 0.0, "mid_level_0.5-2": 2.4390243902439024, "tall_2+": 39.024390243902438 }, "geometry": { "type": "Point", "coordinates": [ -3.039763910385864, 53.840105083775633 ] } },
{ "type": "Feature", "properties": { "max_height": 14.451000213623047, "mean_height": 9.2532005310058594, "std_height": 2.9759562015533447, "count_pixels": 41, "percent_cover": 0.17878946450375022, "percent_above_0.1m": 100.0, "low_level_<0.5": 0.0, "mid_level_0.5-2": 2.4390243902439024, "tall_2+": 97.560975609756099 }, "geometry": { "type": "Point", "coordinates": [ -3.039553364272729, 53.840106914866794 ] } },
{ "type": "Feature", "properties": { "max_height": 9.8477497100830078, "mean_height": 6.5209259986877441, "std_height": 2.1827149391174316, "count_pixels": 41, "percent_cover": 0.17878946450375022, "percent_above_0.1m": 100.0, "low_level_<0.5": 0.0, "mid_level_0.5-2": 4.8780487804878048, "tall_2+": 95.121951219512198 }, "geometry": { "type": "Point", "coordinates": [ -3.039342818136857, 53.840108745588694 ] } },
{ "type": "Feature", "properties": { "max_height": 8.5877494812011719, "mean_height": 2.8274586200714111, "std_height": 2.9443445205688477, "count_pixels": 43, "percent_cover": 0.18751090179661609, "percent_above_0.1m": 90.697674418604649, "low_level_<0.5": 4.6511627906976747, "mid_level_0.5-2": 20.930232558139537, "tall_2+": 41.860465116279073 }, "geometry": { "type": "Point", "coordinates": [ -3.042398409846454, 53.840189999782204 ] } },
{ "type": "Feature", "properties": { "max_height": 6.9247512817382812, "mean_height": 0.46072959899902344, "std_height": 1.2268062829971313, "count_pixels": 38, "percent_cover": 0.16570730856445143, "percent_above_0.1m": 86.842105263157904, "low_level_<0.5": 10.526315789473683, "mid_level_0.5-2": 5.2631578947368416, "tall_2+": 5.2631578947368416 }, "geometry": { "type": "Point", "coordinates": [ -3.042187863490157, 53.840191835501223 ] } },
{ "type": "Feature", "properties": { "max_height": 9.9919986724853516, "mean_height": 5.6877026557922363, "std_height": 2.4997611045837402, "count_pixels": 43, "percent_cover": 0.18751090179661609, "percent_above_0.1m": 100.0, "low_level_<0.5": 4.6511627906976747, "mid_level_0.5-2": 2.3255813953488373, "tall_2+": 93.023255813953483 }, "geometry": { "type": "Point", "coordinates": [ -3.041977317111073, 53.840193670850979 ] } },
{ "type": "Feature", "properties": { "max_height": 9.2529983520507812, "mean_height": 6.097498893737793, "std_height": 1.7967603206634521, "count_pixels": 43, "percent_cover": 0.18751090179661609, "percent_above_0.1m": 100.0, "low_level_<0.5": 0.0, "mid_level_0.5-2": 0.0, "tall_2+": 100.0 }, "geometry": { "type": "Point", "coordinates": [ -3.04176677070921, 53.840195505831488 ] } },
{ "type": "Feature", "properties": { "max_height": 9.4322509765625, "mean_height": 2.6963715553283691, "std_height": 2.8940157890319824, "count_pixels": 43, "percent_cover": 0.18751090179661609, "percent_above_0.1m": 90.697674418604649, "low_level_<0.5": 6.9767441860465116, "mid_level_0.5-2": 27.906976744186046, "tall_2+": 39.534883720930232 }, "geometry": { "type": "Point", "coordinates": [ -3.041556224284573, 53.840197340442749 ] } },
{ "type": "Feature", "properties": { "max_height": 5.5577468872070312, "mean_height": 0.92977386713027954, "std_height": 1.4582891464233398, "count_pixels": 41, "percent_cover": 0.17878946450375022, "percent_above_0.1m": 92.682926829268297, "low_level_<0.5": 7.3170731707317067, "mid_level_0.5-2": 14.634146341463413, "tall_2+": 17.073170731707318 }, "geometry": { "type": "Point", "coordinates": [ -3.041345677837157, 53.840199174684756 ] } },
{ "type": "Feature", "properties": { "max_height": 0.99749946594238281, "mean_height": 0.21781660616397858, "std_height": 0.22760939598083496, "count_pixels": 41, "percent_cover": 0.17878946450375022, "percent_above_0.1m": 85.365853658536579, "low_level_<0.5": 14.634146341463413, "mid_level_0.5-2": 12.195121951219512, "tall_2+": 0.0 }, "geometry": { "type": "Point", "coordinates": [ -3.041135131366983, 53.8402010085575 ] } },
{ "type": "Feature", "properties": { "max_height": 10.783248901367188, "mean_height": 5.248072624206543, "std_height": 2.9567599296569824, "count_pixels": 41, "percent_cover": 0.17878946450375022, "percent_above_0.1m": 100.0, "low_level_<0.5": 2.4390243902439024, "mid_level_0.5-2": 17.073170731707318, "tall_2+": 80.487804878048792 }, "geometry": { "type": "Point", "coordinates": [ -3.040924584874043, 53.840202842060989 ] } },
{ "type": "Feature", "properties": { "max_height": 12.029500961303711, "mean_height": 7.8374686241149902, "std_height": 2.2691009044647217, "count_pixels": 41, "percent_cover": 0.17878946450375022, "percent_above_0.1m": 100.0, "low_level_<0.5": 0.0, "mid_level_0.5-2": 0.0, "tall_2+": 100.0 }, "geometry": { "type": "Point", "coordinates": [ -3.040714038358344, 53.840204675195217 ] } },
{ "type": "Feature", "properties": { "max_height": 16.605495452880859, "mean_height": 6.0158405303955078, "std_height": 6.2027082443237305, "count_pixels": 41, "percent_cover": 0.17878946450375022, "percent_above_0.1m": 97.560975609756099, "low_level_<0.5": 9.7560975609756095, "mid_level_0.5-2": 9.7560975609756095, "tall_2+": 53.658536585365859 }, "geometry": { "type": "Point", "coordinates": [ -3.040503491819893, 53.840206507960204 ] } },
{ "type": "Feature", "properties": { "max_height": 11.383750915527344, "mean_height": 2.4758412837982178, "std_height": 3.6424148082733154, "count_pixels": 41, "percent_cover": 0.17878946450375022, "percent_above_0.1m": 95.121951219512198, "low_level_<0.5": 4.8780487804878048, "mid_level_0.5-2": 9.7560975609756095, "tall_2+": 31.707317073170731 }, "geometry": { "type": "Point", "coordinates": [ -3.040292945258691, 53.840208340355936 ] } },
{ "type": "Feature", "properties": { "max_height": 5.6590003967285156, "mean_height": 0.49599325656890869, "std_height": 1.1578285694122314, "count_pixels": 41, "percent_cover": 0.17878946450375022, "percent_above_0.1m": 97.560975609756099, "low_level_<0.5": 2.4390243902439024, "mid_level_0.5-2": 4.8780487804878048, "tall_2+": 7.3170731707317067 }, "geometry": { "type": "Point", "coordinates": [ -3.04008239867475, 53.840210172382406 ] } },
{ "type": "Feature", "properties": { "max_height": 0.1334991455078125, "mean_height": 0.11137476563453674, "std_height": 0.013882113620638847, "count_pixels": 42, "percent_cover": 0.18315018315018314, "percent_above_0.1m": 83.333333333333343, "low_level_<0.5": 0.0, "mid_level_0.5-2": 0.0, "tall_2+": 0.0 }, "geometry": { "type": "Point", "coordinates": [ -3.03987185206806, 53.840212004039614 ] } },
{ "type": "Feature", "properties": { "max_height": 9.8447475433349609, "mean_height": 2.85103440284729, "std_height": 3.3124067783355713, "count_pixels": 43, "percent_cover": 0.18751090179661609, "percent_above_0.1m": 97.674418604651152, "low_level_<0.5": 6.9767441860465116, "mid_level_0.5-2": 13.953488372093023, "tall_2+": 44.186046511627907 }, "geometry": { "type": "Point", "coordinates": [ -3.039661305438647, 53.840213835327582 ] } },
{ "type": "Feature", "properties": { "max_height": 11.511249542236328, "mean_height": 6.458714485168457, "std_height": 2.2454044818878174, "count_pixels": 43, "percent_cover": 0.18751090179661609, "percent_above_0.1m": 100.0, "low_level_<0.5": 0.0, "mid_level_0.5-2": 0.0, "tall_2+": 100.0 }, "geometry": { "type": "Point", "coordinates": [ -3.039450758786497, 53.840215666246294 ] } },
{ "type": "Feature", "properties": { "max_height": 9.4579982757568359, "mean_height": 2.4753589630126953, "std_height": 3.0560312271118164, "count_pixels": 41, "percent_cover": 0.17878946450375022, "percent_above_0.1m": 82.926829268292678, "low_level_<0.5": 7.3170731707317067, "mid_level_0.5-2": 21.951219512195124, "tall_2+": 34.146341463414636 }, "geometry": { "type": "Point", "coordinates": [ -3.04229581139032, 53.840298753493585 ] } },
{ "type": "Feature", "properties": { "max_height": 9.7774982452392578, "mean_height": 3.8027186393737793, "std_height": 2.8708958625793457, "count_pixels": 41, "percent_cover": 0.17878946450375022, "percent_above_0.1m": 92.682926829268297, "low_level_<0.5": 7.3170731707317067, "mid_level_0.5-2": 21.951219512195124, "tall_2+": 63.414634146341463 }, "geometry": { "type": "Point", "coordinates": [ -3.042085264494985, 53.840300589040176 ] } },
{ "type": "Feature", "properties": { "max_height": 8.7879981994628906, "mean_height": 5.031670093536377, "std_height": 2.44339919090271, "count_pixels": 41, "percent_cover": 0.17878946450375022, "percent_above_0.1m": 97.560975609756099, "low_level_<0.5": 2.4390243902439024, "mid_level_0.5-2": 7.3170731707317067, "tall_2+": 87.804878048780495 }, "geometry": { "type": "Point", "coordinates": [ -3.041874717576865, 53.840302424217505 ] } },
{ "type": "Feature", "properties": { "max_height": 11.537498474121094, "mean_height": 8.3451995849609375, "std_height": 2.3244447708129883, "count_pixels": 41, "percent_cover": 0.17878946450375022, "percent_above_0.1m": 100.0, "low_level_<0.5": 0.0, "mid_level_0.5-2": 0.0, "tall_2+": 100.0 }, "geometry": { "type": "Point", "coordinates": [ -3.041664170635963, 53.840304259025579 ] } },
{ "type": "Feature", "properties": { "max_height": 11.782747268676758, "mean_height": 3.933706521987915, "std_height": 3.6809659004211426, "count_pixels": 41, "percent_cover": 0.17878946450375022, "percent_above_0.1m": 85.365853658536579, "low_level_<0.5": 2.4390243902439024, "mid_level_0.5-2": 14.634146341463413, "tall_2+": 53.658536585365859 }, "geometry": { "type": "Point", "coordinates": [ -3.041453623672287, 53.840306093464392 ] } },
{ "type": "Feature", "properties": { "max_height": 11.608499526977539, "mean_height": 2.9833133220672607, "std_height": 3.6304709911346436, "count_pixels": 43, "percent_cover": 0.18751090179661609, "percent_above_0.1m": 88.372093023255815, "low_level_<0.5": 4.6511627906976747, "mid_level_0.5-2": 4.6511627906976747, "tall_2+": 41.860465116279073 }, "geometry": { "type": "Point", "coordinates": [ -3.041243076685844, 53.840307927533949 ] } },
{ "type": "Feature", "properties": { "max_height": 1.274749755859375, "mean_height": 0.14958085119724274, "std_height": 0.19269645214080811, "count_pixels": 43, "percent_cover": 0.18751090179661609, "percent_above_0.1m": 93.023255813953483, "low_level_<0.5": 0.0, "mid_level_0.5-2": 4.6511627906976747, "tall_2+": 0.0 }, "geometry": { "type": "Point", "coordinates": [ -3.041032529676638, 53.840309761234259 ] } },
{ "type": "Feature", "properties": { "max_height": 11.843498229980469, "mean_height": 3.4039995670318604, "std_height": 3.9750149250030518, "count_pixels": 43, "percent_cover": 0.18751090179661609, "percent_above_0.1m": 97.674418604651152, "low_level_<0.5": 4.6511627906976747, "mid_level_0.5-2": 4.6511627906976747, "tall_2+": 46.511627906976742 }, "geometry": { "type": "Point", "coordinates": [ -3.040821982644664, 53.840311594565307 ] } },
{ "type": "Feature", "properties": { "max_height": 6.6417484283447266, "mean_height": 2.7999923229217529, "std_height": 2.3850858211517334, "count_pixels": 38, "percent_cover": 0.16570730856445143, "percent_above_0.1m": 100.0, "low_level_<0.5": 5.2631578947368416, "mid_level_0.5-2": 10.526315789473683, "tall_2+": 55.26315789473685 }, "geometry": { "type": "Point", "coordinates": [ -3.040611435589944, 53.840313427527114 ] } },
{ "type": "Feature", "properties": { "max_height": 6.7337493896484375, "mean_height": 0.79330188035964966, "std_height": 1.363836407661438, "count_pixels": 43, "percent_cover": 0.18751090179661609, "percent_above_0.1m": 81.395348837209298, "low_level_<0.5": 18.604651162790699, "mid_level_0.5-2": 20.930232558139537, "tall_2+": 11.627906976744185 }, "geometry": { "type": "Point", "coordinates": [ -3.040400888512468, 53.840315260119652 ] } },
{ "type": "Feature", "properties": { "max_height": 10.917751312255859, "mean_height": 3.2642204761505127, "std_height": 3.608950138092041, "count_pixels": 43, "percent_cover": 0.18751090179661609, "percent_above_0.1m": 90.697674418604649, "low_level_<0.5": 4.6511627906976747, "mid_level_0.5-2": 13.953488372093023, "tall_2+": 46.511627906976742 }, "geometry": { "type": "Point", "coordinates": [ -3.040190341412245, 53.840317092342914 ] } },
{ "type": "Feature", "properties": { "max_height": 1.4427509307861328, "mean_height": 0.19014258682727814, "std_height": 0.23966675996780396, "count_pixels": 42, "percent_cover": 0.18315018315018314, "percent_above_0.1m": 100.0, "low_level_<0.5": 2.3809523809523809, "mid_level_0.5-2": 7.1428571428571423, "tall_2+": 0.0 }, "geometry": { "type": "Point", "coordinates": [ -3.039979794289276, 53.840318924196943 ] } },
{ "type": "Feature", "properties": { "max_height": 10.765499114990234, "mean_height": 3.3566279411315918, "std_height": 3.9651329517364502, "count_pixels": 41, "percent_cover": 0.17878946450375022, "percent_above_0.1m": 100.0, "low_level_<0.5": 0.0, "mid_level_0.5-2": 4.8780487804878048, "tall_2+": 43.902439024390247 }, "geometry": { "type": "Point", "coordinates": [ -3.039769247143582, 53.840320755681724 ] } },
{ "type": "Feature", "properties": { "max_height": 14.708751678466797, "mean_height": 10.269828796386719, "std_height": 2.1200792789459229, "count_pixels": 41, "percent_cover": 0.17878946450375022, "percent_above_0.1m": 100.0, "low_level_<0.5": 0.0, "mid_level_0.5-2": 0.0, "tall_2+": 100.0 }, "geometry": { "type": "Point", "coordinates": [ -3.03955869997514, 53.840322586797228 ] } },
{ "type": "Feature", "properties": { "max_height": 6.9734992980957031, "mean_height": 1.8563613891601562, "std_height": 2.1017093658447266, "count_pixels": 38, "percent_cover": 0.16570730856445143, "percent_above_0.1m": 78.94736842105263, "low_level_<0.5": 10.526315789473683, "mid_level_0.5-2": 26.315789473684209, "tall_2+": 31.578947368421051 }, "geometry": { "type": "Point", "coordinates": [ -3.042193212417934, 53.840407507122691 ] } },
{ "type": "Feature", "properties": { "max_height": 8.1579990386962891, "mean_height": 4.4103131294250488, "std_height": 2.3803839683532715, "count_pixels": 43, "percent_cover": 0.18751090179661609, "percent_above_0.1m": 97.674418604651152, "low_level_<0.5": 6.9767441860465116, "mid_level_0.5-2": 6.9767441860465116, "tall_2+": 79.069767441860463 }, "geometry": { "type": "Point", "coordinates": [ -3.041982664983554, 53.840409342496827 ] } },
{ "type": "Feature", "properties": { "max_height": 8.1954994201660156, "mean_height": 3.2971971035003662, "std_height": 2.582270622253418, "count_pixels": 43, "percent_cover": 0.18751090179661609, "percent_above_0.1m": 88.372093023255815, "low_level_<0.5": 2.3255813953488373, "mid_level_0.5-2": 27.906976744186046, "tall_2+": 55.813953488372093 }, "geometry": { "type": "Point", "coordinates": [ -3.041772117526389, 53.840411177501736 ] } },
{ "type": "Feature", "properties": { "max_height": 10.920749664306641, "mean_height": 7.712761402130127, "std_height": 2.4514434337615967, "count_pixels": 43, "percent_cover": 0.18751090179661609, "percent_above_0.1m": 100.0, "low_level_<0.5": 0.0, "mid_level_0.5-2": 4.6511627906976747, "tall_2+": 95.348837209302332 }, "geometry": { "type": "Point", "coordinates": [ -3.041561570046448, 53.840413012137375 ] } },
{ "type": "Feature", "properties": { "max_height": 12.919500350952148, "mean_height": 9.4969015121459961, "std_height": 2.5289525985717773, "count_pixels": 41, "percent_cover": 0.17878946450375022, "percent_above_0.1m": 100.0, "low_level_<0.5": 0.0, "mid_level_0.5-2": 0.0, "tall_2+": 100.0 }, "geometry": { "type": "Point", "coordinates": [ -3.041351022543739, 53.840414846403746 ] } },
{ "type": "Feature", "properties": { "max_height": 11.866996765136719, "mean_height": 5.0433840751647949, "std_height": 3.9696221351623535, "count_pixels": 41, "percent_cover": 0.17878946450375022, "percent_above_0.1m": 97.560975609756099, "low_level_<0.5": 7.3170731707317067, "mid_level_0.5-2": 4.8780487804878048, "tall_2+": 63.414634146341463 }, "geometry": { "type": "Point", "coordinates": [ -3.041140475018263, 53.840416680300876 ] } },
{ "type": "Feature", "properties": { "max_height": 0.12649917602539062, "mean_height": 0.10643880069255829, "std_height": 0.010707934387028217, "count_pixels": 41, "percent_cover": 0.17878946450375022, "percent_above_0.1m": 75.609756097560975, "low_level_<0.5": 0.0, "mid_level_0.5-2": 0.0, "tall_2+": 0.0 }, "geometry": { "type": "Point", "coordinates": [ -3.040929927470017, 53.840418513828723 ] } },
{ "type": "Feature", "properties": { "max_height": 11.985496520996094, "mean_height": 1.7695420980453491, "std_height": 3.2418007850646973, "count_pixels": 41, "percent_cover": 0.17878946450375022, "percent_above_0.1m": 80.487804878048792, "low_level_<0.5": 4.8780487804878048, "mid_level_0.5-2": 14.634146341463413, "tall_2+": 21.951219512195124 }, "geometry": { "type": "Point", "coordinates": [ -3.040719379899017, 53.840420346987344 ] } },
{ "type": "Feature", "properties": { "max_height": 13.444997787475586, "mean_height": 5.7488594055175781, "std_height": 2.7633261680603027, "count_pixels": 41, "percent_cover": 0.17878946450375022, "percent_above_0.1m": 100.0, "low_level_<0.5": 2.4390243902439024, "mid_level_0.5-2": 7.3170731707317067, "tall_2+": 90.243902439024396 }, "geometry": { "type": "Point", "coordinates": [ -3.040508832305265, 53.840422179776688 ] } },
{ "type": "Feature", "properties": { "max_height": 11.131999969482422, "mean_height": 2.9747190475463867, "std_height": 3.1430068016052246, "count_pixels": 41, "percent_cover": 0.17878946450375022, "percent_above_0.1m": 90.243902439024396, "low_level_<0.5": 12.195121951219512, "mid_level_0.5-2": 17.073170731707318, "tall_2+": 48.780487804878049 }, "geometry": { "type": "Point", "coordinates": [ -3.040298284688765, 53.840424012196785 ] } },
{ "type": "Feature", "properties": { "max_height": 1.1029987335205078, "mean_height": 0.15170682966709137, "std_height": 0.15103928744792938, "count_pixels": 41, "percent_cover": 0.17878946450375022, "percent_above_0.1m": 100.0, "low_level_<0.5": 4.8780487804878048, "mid_level_0.5-2": 2.4390243902439024, "tall_2+": 0.0 }, "geometry": { "type": "Point", "coordinates": [ -3.040087737049514, 53.840425844247605 ] } },
{ "type": "Feature", "properties": { "max_height": 10.984750747680664, "mean_height": 4.0159578323364258, "std_height": 4.0950188636779785, "count_pixels": 42, "percent_cover": 0.18315018315018314, "percent_above_0.1m": 100.0, "low_level_<0.5": 0.0, "mid_level_0.5-2": 7.1428571428571423, "tall_2+": 50.0 }, "geometry": { "type": "Point", "coordinates": [ -3.03987718938753, 53.840427675929192 ] } },
{ "type": "Feature", "properties": { "max_height": 14.643247604370117, "mean_height": 10.545377731323242, "std_height": 2.4099009037017822, "count_pixels": 43, "percent_cover": 0.18751090179661609, "percent_above_0.1m": 100.0, "low_level_<0.5": 0.0, "mid_level_0.5-2": 0.0, "tall_2+": 100.0 }, "geometry": { "type": "Point", "coordinates": [ -3.039666641702806, 53.840429507241502 ] } },
{ "type": "Feature", "properties": { "max_height": 10.912998199462891, "mean_height": 5.3483772277832031, "std_height": 4.0188703536987305, "count_pixels": 41, "percent_cover": 0.17878946450375022, "percent_above_0.1m": 90.243902439024396, "low_level_<0.5": 4.8780487804878048, "mid_level_0.5-2": 7.3170731707317067, "tall_2+": 65.853658536585371 }, "geometry": { "type": "Point", "coordinates": [ -3.041458968940671, 53.840521765166869 ] } },
{ "type": "Feature", "properties": { "max_height": 13.909748077392578, "mean_height": 10.792621612548828, "std_height": 2.8155829906463623, "count_pixels": 43, "percent_cover": 0.18751090179661609, "percent_above_0.1m": 100.0, "low_level_<0.5": 0.0, "mid_level_0.5-2": 0.0, "tall_2+": 100.0 }, "geometry": { "type": "Point", "coordinates": [ -3.041248420898923, 53.84052359926082 ] } },
{ "type": "Feature", "properties": { "max_height": 14.982498168945312, "mean_height": 7.870476245880127, "std_height": 5.5888524055480957, "count_pixels": 43, "percent_cover": 0.18751090179661609, "percent_above_0.1m": 97.674418604651152, "low_level_<0.5": 2.3255813953488373, "mid_level_0.5-2": 0.0, "tall_2+": 76.744186046511629 }, "geometry": { "type": "Point", "coordinates": [ -3.041037872834403, 53.840525432985508 ] } },
{ "type": "Feature", "properties": { "max_height": 5.5157489776611328, "mean_height": 0.53361010551452637, "std_height": 1.1885783672332764, "count_pixels": 43, "percent_cover": 0.18751090179661609, "percent_above_0.1m": 79.069767441860463, "low_level_<0.5": 4.6511627906976747, "mid_level_0.5-2": 9.3023255813953494, "tall_2+": 6.9767441860465116 }, "geometry": { "type": "Point", "coordinates": [ -3.040827324747128, 53.840527266340928 ] } },
{ "type": "Feature", "properties": { "max_height": 7.7952499389648438, "mean_height": 3.6029205322265625, "std_height": 2.5699882507324219, "count_pixels": 38, "percent_cover": 0.16570730856445143, "percent_above_0.1m": 100.0, "low_level_<0.5": 0.0, "mid_level_0.5-2": 10.526315789473683, "tall_2+": 65.789473684210535 }, "geometry": { "type": "Point", "coordinates": [ -3.040616776637092, 53.840529099327085 ] } },
{ "type": "Feature", "properties": { "max_height": 12.286998748779297, "mean_height": 6.9587430953979492, "std_height": 2.7795014381408691, "count_pixels": 43, "percent_cover": 0.18751090179661609, "percent_above_0.1m": 100.0, "low_level_<0.5": 0.0, "mid_level_0.5-2": 6.9767441860465116, "tall_2+": 93.023255813953483 }, "geometry": { "type": "Point", "coordinates": [ -3.040406228504312, 53.840530931943981 ] } },
{ "type": "Feature", "properties": { "max_height": 6.2417507171630859, "mean_height": 1.070801854133606, "std_height": 1.7764782905578613, "count_pixels": 43, "percent_cover": 0.18751090179661609, "percent_above_0.1m": 100.0, "low_level_<0.5": 9.3023255813953494, "mid_level_0.5-2": 6.9767441860465116, "tall_2+": 20.930232558139537 }, "geometry": { "type": "Point", "coordinates": [ -3.040195680348778, 53.840532764191636 ] } },
{ "type": "Feature", "properties": { "max_height": 10.834499359130859, "mean_height": 1.873892068862915, "std_height": 3.1503639221191406, "count_pixels": 42, "percent_cover": 0.18315018315018314, "percent_above_0.1m": 100.0, "low_level_<0.5": 9.5238095238095237, "mid_level_0.5-2": 4.7619047619047619, "tall_2+": 26.190476190476193 }, "geometry": { "type": "Point", "coordinates": [ -3.039985132170503, 53.840534596070022 ] } },
{ "type": "Feature", "properties": { "max_height": 13.377500534057617, "mean_height": 10.986888885498047, "std_height": 1.6110146045684814, "count_pixels": 41, "percent_cover": 0.17878946450375022, "percent_above_0.1m": 100.0, "low_level_<0.5": 0.0, "mid_level_0.5-2": 0.0, "tall_2+": 100.0 }, "geometry": { "type": "Point", "coordinates": [ -3.039774583969491, 53.840536427579131 ] } },
{ "type": "Feature", "properties": { "max_height": 7.8002510070800781, "mean_height": 1.5938714742660522, "std_height": 2.4991838932037354, "count_pixels": 41, "percent_cover": 0.17878946450375022, "percent_above_0.1m": 80.487804878048792, "low_level_<0.5": 4.8780487804878048, "mid_level_0.5-2": 7.3170731707317067, "tall_2+": 26.829268292682929 }, "geometry": { "type": "Point", "coordinates": [ -3.039564035745747, 53.840538258718993 ] } },
{ "type": "Feature", "properties": { "max_height": 10.228246688842773, "mean_height": 2.3712372779846191, "std_height": 2.3960051536560059, "count_pixels": 41, "percent_cover": 0.17878946450375022, "percent_above_0.1m": 85.365853658536579, "low_level_<0.5": 7.3170731707317067, "mid_level_0.5-2": 34.146341463414636, "tall_2+": 41.463414634146339 }, "geometry": { "type": "Point", "coordinates": [ -3.04135636731862, 53.840630518114097 ] } },
{ "type": "Feature", "properties": { "max_height": 13.781248092651367, "mean_height": 10.067171096801758, "std_height": 2.6035714149475098, "count_pixels": 41, "percent_cover": 0.17878946450375022, "percent_above_0.1m": 100.0, "low_level_<0.5": 0.0, "mid_level_0.5-2": 0.0, "tall_2+": 100.0 }, "geometry": { "type": "Point", "coordinates": [ -3.041145818737831, 53.840632352035598 ] } },
{ "type": "Feature", "properties": { "max_height": 14.152500152587891, "mean_height": 11.028176307678223, "std_height": 2.6577436923980713, "count_pixels": 41, "percent_cover": 0.17878946450375022, "percent_above_0.1m": 100.0, "low_level_<0.5": 0.0, "mid_level_0.5-2": 2.4390243902439024, "tall_2+": 97.560975609756099 }, "geometry": { "type": "Point", "coordinates": [ -3.040935270134268, 53.840634185587831 ] } },
{ "type": "Feature", "properties": { "max_height": 14.613498687744141, "mean_height": 3.6297800540924072, "std_height": 4.9308056831359863, "count_pixels": 41, "percent_cover": 0.17878946450375022, "percent_above_0.1m": 92.682926829268297, "low_level_<0.5": 2.4390243902439024, "mid_level_0.5-2": 9.7560975609756095, "tall_2+": 36.585365853658537 }, "geometry": { "type": "Point", "coordinates": [ -3.040724721507957, 53.840636018770816 ] } },
{ "type": "Feature", "properties": { "max_height": 1.4719982147216797, "mean_height": 0.20494484901428223, "std_height": 0.2546960711479187, "count_pixels": 41, "percent_cover": 0.17878946450375022, "percent_above_0.1m": 97.560975609756099, "low_level_<0.5": 17.073170731707318, "mid_level_0.5-2": 7.3170731707317067, "tall_2+": 0.0 }, "geometry": { "type": "Point", "coordinates": [ -3.040514172858888, 53.840637851584532 ] } },
{ "type": "Feature", "properties": { "max_height": 7.8449974060058594, "mean_height": 2.3744020462036133, "std_height": 2.8605124950408936, "count_pixels": 41, "percent_cover": 0.17878946450375022, "percent_above_0.1m": 100.0, "low_level_<0.5": 7.3170731707317067, "mid_level_0.5-2": 7.3170731707317067, "tall_2+": 39.024390243902438 }, "geometry": { "type": "Point", "coordinates": [ -3.040303624187069, 53.840639684028979 ] } },
{ "type": "Feature", "properties": { "max_height": 3.6544990539550781, "mean_height": 0.28049960732460022, "std_height": 0.60743486881256104, "count_pixels": 41, "percent_cover": 0.17878946450375022, "percent_above_0.1m": 100.0, "low_level_<0.5": 0.0, "mid_level_0.5-2": 7.3170731707317067, "tall_2+": 2.4390243902439024 }, "geometry": { "type": "Point", "coordinates": [ -3.040093075492503, 53.840641516104185 ] } },
{ "type": "Feature", "properties": { "max_height": 13.213748931884766, "mean_height": 7.2814216613769531, "std_height": 2.9277858734130859, "count_pixels": 42, "percent_cover": 0.18315018315018314, "percent_above_0.1m": 100.0, "low_level_<0.5": 0.0, "mid_level_0.5-2": 2.3809523809523809, "tall_2+": 97.61904761904762 }, "geometry": { "type": "Point", "coordinates": [ -3.039882526775199, 53.840643347810122 ] } },
{ "type": "Feature", "properties": { "max_height": 6.875, "mean_height": 0.94731354713439941, "std_height": 1.660448431968689, "count_pixels": 43, "percent_cover": 0.18751090179661609, "percent_above_0.1m": 83.720930232558146, "low_level_<0.5": 9.3023255813953494, "mid_level_0.5-2": 16.279069767441861, "tall_2+": 16.279069767441861 }, "geometry": { "type": "Point", "coordinates": [ -3.03967197803516, 53.840645179146783 ] } },
{ "type": "Feature", "properties": { "max_height": 13.251497268676758, "mean_height": 7.7534589767456055, "std_height": 4.0074625015258789, "count_pixels": 43, "percent_cover": 0.18751090179661609, "percent_above_0.1m": 100.0, "low_level_<0.5": 6.9767441860465116, "mid_level_0.5-2": 6.9767441860465116, "tall_2+": 86.04651162790698 }, "geometry": { "type": "Point", "coordinates": [ -3.041043216060455, 53.840741104728089 ] } },
{ "type": "Feature", "properties": { "max_height": 15.339250564575195, "mean_height": 10.171237945556641, "std_height": 3.6477189064025879, "count_pixels": 43, "percent_cover": 0.18751090179661609, "percent_above_0.1m": 100.0, "low_level_<0.5": 0.0, "mid_level_0.5-2": 2.3255813953488373, "tall_2+": 97.674418604651152 }, "geometry": { "type": "Point", "coordinates": [ -3.040832666917859, 53.840742938107894 ] } },
{ "type": "Feature", "properties": { "max_height": 15.606498718261719, "mean_height": 7.3923020362854004, "std_height": 5.952120304107666, "count_pixels": 38, "percent_cover": 0.16570730856445143, "percent_above_0.1m": 97.368421052631575, "low_level_<0.5": 5.2631578947368416, "mid_level_0.5-2": 5.2631578947368416, "tall_2+": 65.789473684210535 }, "geometry": { "type": "Point", "coordinates": [ -3.040622117752503, 53.840744771118416 ] } },
{ "type": "Feature", "properties": { "max_height": 0.69949722290039062, "mean_height": 0.12131917476654053, "std_height": 0.089650176465511322, "count_pixels": 43, "percent_cover": 0.18751090179661609, "percent_above_0.1m": 86.04651162790698, "low_level_<0.5": 0.0, "mid_level_0.5-2": 2.3255813953488373, "tall_2+": 0.0 }, "geometry": { "type": "Point", "coordinates": [ -3.04041156856439, 53.84074660375969 ] } },
{ "type": "Feature", "properties": { "max_height": 5.2157478332519531, "mean_height": 0.34495314955711365, "std_height": 0.93950599431991577, "count_pixels": 43, "percent_cover": 0.18751090179661609, "percent_above_0.1m": 97.674418604651152, "low_level_<0.5": 13.953488372093023, "mid_level_0.5-2": 0.0, "tall_2+": 4.6511627906976747 }, "geometry": { "type": "Point", "coordinates": [ -3.040201019353539, 53.840748436031689 ] } },
{ "type": "Feature", "properties": { "max_height": 11.513248443603516, "mean_height": 5.3216366767883301, "std_height": 2.9731185436248779, "count_pixels": 42, "percent_cover": 0.18315018315018314, "percent_above_0.1m": 100.0, "low_level_<0.5": 0.0, "mid_level_0.5-2": 9.5238095238095237, "tall_2+": 83.333333333333343 }, "geometry": { "type": "Point", "coordinates": [ -3.039990470119943, 53.840750267934432 ] } },
{ "type": "Feature", "properties": { "max_height": 9.6867485046386719, "mean_height": 2.6163408756256104, "std_height": 2.9071829319000244, "count_pixels": 41, "percent_cover": 0.17878946450375022, "percent_above_0.1m": 92.682926829268297, "low_level_<0.5": 9.7560975609756095, "mid_level_0.5-2": 12.195121951219512, "tall_2+": 48.780487804878049 }, "geometry": { "type": "Point", "coordinates": [ -3.039779920863602, 53.84075209946792 ] } },
{ "type": "Feature", "properties": { "max_height": 11.111248016357422, "mean_height": 3.3906030654907227, "std_height": 3.2331798076629639, "count_pixels": 41, "percent_cover": 0.17878946450375022, "percent_above_0.1m": 100.0, "low_level_<0.5": 4.8780487804878048, "mid_level_0.5-2": 31.707317073170731, "tall_2+": 53.658536585365859 }, "geometry": { "type": "Point", "coordinates": [ -3.040940612866798, 53.840849857338291 ] } },
{ "type": "Feature", "properties": { "max_height": 13.024499893188477, "mean_height": 7.1073040962219238, "std_height": 3.7810685634613037, "count_pixels": 41, "percent_cover": 0.17878946450375022, "percent_above_0.1m": 100.0, "low_level_<0.5": 2.4390243902439024, "mid_level_0.5-2": 9.7560975609756095, "tall_2+": 87.804878048780495 }, "geometry": { "type": "Point", "coordinates": [ -3.040730063185155, 53.840851690545634 ] } },
{ "type": "Feature", "properties": { "max_height": 16.161249160766602, "mean_height": 3.9230175018310547, "std_height": 4.4775757789611816, "count_pixels": 41, "percent_cover": 0.17878946450375022, "percent_above_0.1m": 92.682926829268297, "low_level_<0.5": 7.3170731707317067, "mid_level_0.5-2": 17.073170731707318, "tall_2+": 53.658536585365859 }, "geometry": { "type": "Point", "coordinates": [ -3.040519513480757, 53.840853523383721 ] } },
{ "type": "Feature", "properties": { "max_height": 6.5162487030029297, "mean_height": 0.70570707321166992, "std_height": 1.5102944374084473, "count_pixels": 41, "percent_cover": 0.17878946450375022, "percent_above_0.1m": 82.926829268292678, "low_level_<0.5": 7.3170731707317067, "mid_level_0.5-2": 7.3170731707317067, "tall_2+": 9.7560975609756095 }, "geometry": { "type": "Point", "coordinates": [ -3.040308963753608, 53.840855355852547 ] } },
{ "type": "Feature", "properties": { "max_height": 11.78849983215332, "mean_height": 5.1929812431335449, "std_height": 3.9182131290435791, "count_pixels": 41, "percent_cover": 0.17878946450375022, "percent_above_0.1m": 100.0, "low_level_<0.5": 2.4390243902439024, "mid_level_0.5-2": 4.8780487804878048, "tall_2+": 75.609756097560975 }, "geometry": { "type": "Point", "coordinates": [ -3.040098414003716, 53.840857187952096 ] } },
{ "type": "Feature", "properties": { "max_height": 13.275497436523438, "mean_height": 8.2890653610229492, "std_height": 3.4944071769714355, "count_pixels": 42, "percent_cover": 0.18315018315018314, "percent_above_0.1m": 95.238095238095227, "low_level_<0.5": 0.0, "mid_level_0.5-2": 2.3809523809523809, "tall_2+": 92.857142857142861 }, "geometry": { "type": "Point", "coordinates": [ -3.03988786423108, 53.840859019682391 ] } },
{ "type": "Feature", "properties": { "max_height": 12.552000045776367, "mean_height": 4.5193653106689453, "std_height": 4.3019428253173828, "count_pixels": 43, "percent_cover": 0.18751090179661609, "percent_above_0.1m": 100.0, "low_level_<0.5": 9.3023255813953494, "mid_level_0.5-2": 27.906976744186046, "tall_2+": 53.488372093023251 }, "geometry": { "type": "Point", "coordinates": [ -3.040838009156857, 53.840958609866206 ] } },
{ "type": "Feature", "properties": { "max_height": 12.656248092651367, "mean_height": 7.1528739929199219, "std_height": 2.634415864944458, "count_pixels": 38, "percent_cover": 0.16570730856445143, "percent_above_0.1m": 100.0, "low_level_<0.5": 0.0, "mid_level_0.5-2": 5.2631578947368416, "tall_2+": 94.73684210526315 }, "geometry": { "type": "Point", "coordinates": [ -3.040627458936165, 53.8409604429011 ] } },
{ "type": "Feature", "properties": { "max_height": 12.076499938964844, "mean_height": 6.4193024635314941, "std_height": 3.7567269802093506, "count_pixels": 43, "percent_cover": 0.18751090179661609, "percent_above_0.1m": 100.0, "low_level_<0.5": 6.9767441860465116, "mid_level_0.5-2": 6.9767441860465116, "tall_2+": 83.720930232558146 }, "geometry": { "type": "Point", "coordinates": [ -3.040416908692722, 53.840962275566731 ] } },
{ "type": "Feature", "properties": { "max_height": 12.920747756958008, "mean_height": 7.4574990272521973, "std_height": 3.7925240993499756, "count_pixels": 43, "percent_cover": 0.18751090179661609, "percent_above_0.1m": 95.348837209302332, "low_level_<0.5": 4.6511627906976747, "mid_level_0.5-2": 0.0, "tall_2+": 88.372093023255815 }, "geometry": { "type": "Point", "coordinates": [ -3.040206358426526, 53.840964107863094 ] } },
{ "type": "Feature", "properties": { "max_height": 12.375249862670898, "mean_height": 4.8663625717163086, "std_height": 4.326317310333252, "count_pixels": 42, "percent_cover": 0.18315018315018314, "percent_above_0.1m": 92.857142857142861, "low_level_<0.5": 4.7619047619047619, "mid_level_0.5-2": 11.904761904761903, "tall_2+": 59.523809523809526 }, "geometry": { "type": "Point", "coordinates": [ -3.039995808137594, 53.840965939790209 ] } },
{ "type": "Feature", "properties": { "max_height": 12.013999938964844, "mean_height": 4.8290791511535645, "std_height": 3.2991917133331299, "count_pixels": 41, "percent_cover": 0.17878946450375022, "percent_above_0.1m": 100.0, "low_level_<0.5": 7.3170731707317067, "mid_level_0.5-2": 17.073170731707318, "tall_2+": 75.609756097560975 }, "geometry": { "type": "Point", "coordinates": [ -3.040524854170877, 53.841069195174263 ] } },
{ "type": "Feature", "properties": { "max_height": 10.78849983215332, "mean_height": 5.5119385719299316, "std_height": 2.304621696472168, "count_pixels": 41, "percent_cover": 0.17878946450375022, "percent_above_0.1m": 100.0, "low_level_<0.5": 0.0, "mid_level_0.5-2": 2.4390243902439024, "tall_2+": 97.560975609756099 }, "geometry": { "type": "Point", "coordinates": [ -3.040314303388385, 53.841071027667454 ] } },
{ "type": "Feature", "properties": { "max_height": 10.908748626708984, "mean_height": 4.6991033554077148, "std_height": 3.8025951385498047, "count_pixels": 41, "percent_cover": 0.17878946450375022, "percent_above_0.1m": 95.121951219512198, "low_level_<0.5": 2.4390243902439024, "mid_level_0.5-2": 9.7560975609756095, "tall_2+": 63.414634146341463 }, "geometry": { "type": "Point", "coordinates": [ -3.040103752583146, 53.841072859791375 ] } },
{ "type": "Feature", "properties": { "max_height": 6.5469989776611328, "mean_height": 2.9219241142272949, "std_height": 2.0346832275390625, "count_pixels": 43, "percent_cover": 0.18751090179661609, "percent_above_0.1m": 100.0, "low_level_<0.5": 2.3255813953488373, "mid_level_0.5-2": 25.581395348837212, "tall_2+": 60.465116279069761 }, "geometry": { "type": "Point", "coordinates": [ -3.040211697567745, 53.841179779685874 ] } }
]
}
