{
"type": "FeatureCollection",
"name": "dd8dc9adfff4_foliage",
"crs": { "type": "name", "properties": { "name": "urn:ogc:def:crs:OGC:1.3:CRS84" } },
"features": [
{ "type": "Feature", "properties": { "max_height": 17.451747894287109, "mean_height": 8.8949127197265625, "std_height": 6.3083505630493164, "count_pixels": 43, "percent_cover": 0.088228655846687321, "percent_above_0.1m": 97.674418604651152, "low_level_<0.5": 9.3023255813953494, "mid_level_0.5-2": 16.279069767441861, "tall_2+": 72.093023255813947 }, "geometry": { "type": "Point", "coordinates": [ -3.033490990613071, 53.84656895373994 ] } },
{ "type": "Feature", "properties": { "max_height": 19.867998123168945, "mean_height": 8.518218994140625, "std_height": 5.5147590637207031, "count_pixels": 41, "percent_cover": 0.084124997435213497, "percent_above_0.1m": 92.682926829268297, "low_level_<0.5": 2.4390243902439024, "mid_level_0.5-2": 4.8780487804878048, "tall_2+": 82.926829268292678 }, "geometry": { "type": "Point", "coordinates": [ -3.033280414597709, 53.846570772664947 ] } },
{ "type": "Feature", "properties": { "max_height": 1.4714994430541992, "mean_height": 0.093932315707206726, "std_height": 0.2196791023015976, "count_pixels": 41, "percent_cover": 0.084124997435213497, "percent_above_0.1m": 7.3170731707317067, "low_level_<0.5": 4.8780487804878048, "mid_level_0.5-2": 2.4390243902439024, "tall_2+": 0.0 }, "geometry": { "type": "Point", "coordinates": [ -3.033069838559984, 53.846572591220244 ] } },
{ "type": "Feature", "properties": { "max_height": 4.5212497711181641, "mean_height": 0.44757246971130371, "std_height": 0.97882777452468872, "count_pixels": 41, "percent_cover": 0.084124997435213497, "percent_above_0.1m": 29.268292682926827, "low_level_<0.5": 7.3170731707317067, "mid_level_0.5-2": 9.7560975609756095, "tall_2+": 7.3170731707317067 }, "geometry": { "type": "Point", "coordinates": [ -3.033598932239478, 53.846675880263945 ] } },
{ "type": "Feature", "properties": { "max_height": 16.343498229980469, "mean_height": 2.1777920722961426, "std_height": 4.5863361358642578, "count_pixels": 41, "percent_cover": 0.084124997435213497, "percent_above_0.1m": 26.829268292682929, "low_level_<0.5": 2.4390243902439024, "mid_level_0.5-2": 2.4390243902439024, "tall_2+": 19.512195121951219 }, "geometry": { "type": "Point", "coordinates": [ -3.033388355714544, 53.846677699374204 ] } },
{ "type": "Feature", "properties": { "max_height": 0.82250022888183594, "mean_height": 0.08406328409910202, "std_height": 0.11460809409618378, "count_pixels": 43, "percent_cover": 0.088228655846687321, "percent_above_0.1m": 4.6511627906976747, "low_level_<0.5": 0.0, "mid_level_0.5-2": 2.3255813953488373, "tall_2+": 0.0 }, "geometry": { "type": "Point", "coordinates": [ -3.033177779167259, 53.846679518114705 ] } },
{ "type": "Feature", "properties": { "max_height": 0.076249122619628906, "mean_height": 0.051912106573581696, "std_height": 0.010317048989236355, "count_pixels": 43, "percent_cover": 0.088228655846687321, "percent_above_0.1m": 0.0, "low_level_<0.5": 0.0, "mid_level_0.5-2": 0.0, "tall_2+": 0.0 }, "geometry": { "type": "Point", "coordinates": [ -3.032967202597604, 53.846681336485496 ] } },
{ "type": "Feature", "properties": { "max_height": 8.5624990463256836, "mean_height": 2.5202493667602539, "std_height": 3.2933957576751709, "count_pixels": 42, "percent_cover": 0.086176826640950416, "percent_above_0.1m": 50.0, "low_level_<0.5": 4.7619047619047619, "mid_level_0.5-2": 11.904761904761903, "tall_2+": 33.333333333333329 }, "geometry": { "type": "Point", "coordinates": [ -3.032756626005601, 53.846683154486527 ] } },
{ "type": "Feature", "properties": { "max_height": 9.3529987335205078, "mean_height": 1.0243386030197144, "std_height": 2.214890718460083, "count_pixels": 42, "percent_cover": 0.086176826640950416, "percent_above_0.1m": 33.333333333333329, "low_level_<0.5": 2.3809523809523809, "mid_level_0.5-2": 14.285714285714285, "tall_2+": 11.904761904761903 }, "geometry": { "type": "Point", "coordinates": [ -3.032546049391244, 53.846684972117828 ] } },
{ "type": "Feature", "properties": { "max_height": 15.787498474121094, "mean_height": 3.0150458812713623, "std_height": 3.7231295108795166, "count_pixels": 43, "percent_cover": 0.088228655846687321, "percent_above_0.1m": 65.116279069767444, "low_level_<0.5": 6.9767441860465116, "mid_level_0.5-2": 18.604651162790699, "tall_2+": 39.534883720930232 }, "geometry": { "type": "Point", "coordinates": [ -3.033496297363316, 53.846784625988775 ] } },
{ "type": "Feature", "properties": { "max_height": 6.4537496566772461, "mean_height": 0.40581029653549194, "std_height": 1.2255102396011353, "count_pixels": 41, "percent_cover": 0.084124997435213497, "percent_above_0.1m": 9.7560975609756095, "low_level_<0.5": 0.0, "mid_level_0.5-2": 2.4390243902439024, "tall_2+": 7.3170731707317067 }, "geometry": { "type": "Point", "coordinates": [ -3.033285720306454, 53.846786444914535 ] } },
{ "type": "Feature", "properties": { "max_height": 0.065499305725097656, "mean_height": 0.042602911591529846, "std_height": 0.017631573602557182, "count_pixels": 41, "percent_cover": 0.084124997435213497, "percent_above_0.1m": 0.0, "low_level_<0.5": 0.0, "mid_level_0.5-2": 0.0, "tall_2+": 0.0 }, "geometry": { "type": "Point", "coordinates": [ -3.033075143227232, 53.84678826347055 ] } },
{ "type": "Feature", "properties": { "max_height": 0.061999320983886719, "mean_height": 0.036688316613435745, "std_height": 0.0099805435165762901, "count_pixels": 41, "percent_cover": 0.084124997435213497, "percent_above_0.1m": 0.0, "low_level_<0.5": 0.0, "mid_level_0.5-2": 0.0, "tall_2+": 0.0 }, "geometry": { "type": "Point", "coordinates": [ -3.032864566125651, 53.846790081656813 ] } },
{ "type": "Feature", "properties": { "max_height": 9.922999382019043, "mean_height": 3.1728415489196777, "std_height": 3.7285048961639404, "count_pixels": 38, "percent_cover": 0.077969509818002755, "percent_above_0.1m": 52.631578947368418, "low_level_<0.5": 0.0, "mid_level_0.5-2": 7.8947368421052628, "tall_2+": 44.736842105263158 }, "geometry": { "type": "Point", "coordinates": [ -3.032653989001721, 53.846791899473345 ] } },
{ "type": "Feature", "properties": { "max_height": 3.1874990463256836, "mean_height": 0.46855422854423523, "std_height": 0.90726441144943237, "count_pixels": 41, "percent_cover": 0.084124997435213497, "percent_above_0.1m": 31.707317073170731, "low_level_<0.5": 2.4390243902439024, "mid_level_0.5-2": 12.195121951219512, "tall_2+": 9.7560975609756095 }, "geometry": { "type": "Point", "coordinates": [ -3.032443411855438, 53.846793716920118 ] } },
{ "type": "Feature", "properties": { "max_height": 9.8774986267089844, "mean_height": 3.3762121200561523, "std_height": 3.8315534591674805, "count_pixels": 41, "percent_cover": 0.084124997435213497, "percent_above_0.1m": 60.975609756097562, "low_level_<0.5": 7.3170731707317067, "mid_level_0.5-2": 12.195121951219512, "tall_2+": 41.463414634146339 }, "geometry": { "type": "Point", "coordinates": [ -3.032232834686814, 53.846795533997174 ] } },
{ "type": "Feature", "properties": { "max_height": 4.1082496643066406, "mean_height": 0.69979190826416016, "std_height": 1.3233711719512939, "count_pixels": 41, "percent_cover": 0.084124997435213497, "percent_above_0.1m": 29.268292682926827, "low_level_<0.5": 2.4390243902439024, "mid_level_0.5-2": 9.7560975609756095, "tall_2+": 14.634146341463413 }, "geometry": { "type": "Point", "coordinates": [ -3.032022257495844, 53.84679735070447 ] } },
{ "type": "Feature", "properties": { "max_height": 14.860748291015625, "mean_height": 4.5985541343688965, "std_height": 4.8521633148193359, "count_pixels": 41, "percent_cover": 0.084124997435213497, "percent_above_0.1m": 90.243902439024396, "low_level_<0.5": 12.195121951219512, "mid_level_0.5-2": 21.951219512195124, "tall_2+": 53.658536585365859 }, "geometry": { "type": "Point", "coordinates": [ -3.033604239544014, 53.846891552508687 ] } },
{ "type": "Feature", "properties": { "max_height": 18.140499114990234, "mean_height": 12.896463394165039, "std_height": 4.0461745262145996, "count_pixels": 41, "percent_cover": 0.084124997435213497, "percent_above_0.1m": 100.0, "low_level_<0.5": 2.4390243902439024, "mid_level_0.5-2": 0.0, "tall_2+": 97.560975609756099 }, "geometry": { "type": "Point", "coordinates": [ -3.033393661977585, 53.846893371619679 ] } },
{ "type": "Feature", "properties": { "max_height": 1.1752490997314453, "mean_height": 0.082848235964775085, "std_height": 0.24225218594074249, "count_pixels": 43, "percent_cover": 0.088228655846687321, "percent_above_0.1m": 6.9767441860465116, "low_level_<0.5": 0.0, "mid_level_0.5-2": 6.9767441860465116, "tall_2+": 0.0 }, "geometry": { "type": "Point", "coordinates": [ -3.033183084388792, 53.846895190360918 ] } },
{ "type": "Feature", "properties": { "max_height": 0.061749458312988281, "mean_height": 0.020889215171337128, "std_height": 0.021114243194460869, "count_pixels": 43, "percent_cover": 0.088228655846687321, "percent_above_0.1m": 0.0, "low_level_<0.5": 0.0, "mid_level_0.5-2": 0.0, "tall_2+": 0.0 }, "geometry": { "type": "Point", "coordinates": [ -3.032972506777635, 53.846897008732434 ] } },
{ "type": "Feature", "properties": { "max_height": 0.043748855590820312, "mean_height": 0.023463930934667587, "std_height": 0.0080375056713819504, "count_pixels": 42, "percent_cover": 0.086176826640950416, "percent_above_0.1m": 0.0, "low_level_<0.5": 0.0, "mid_level_0.5-2": 0.0, "tall_2+": 0.0 }, "geometry": { "type": "Point", "coordinates": [ -3.032761929144121, 53.846898826734204 ] } },
{ "type": "Feature", "properties": { "max_height": 6.6674995422363281, "mean_height": 0.53109443187713623, "std_height": 1.4711403846740723, "count_pixels": 42, "percent_cover": 0.086176826640950416, "percent_above_0.1m": 16.666666666666664, "low_level_<0.5": 2.3809523809523809, "mid_level_0.5-2": 4.7619047619047619, "tall_2+": 9.5238095238095237 }, "geometry": { "type": "Point", "coordinates": [ -3.032551351488264, 53.846900644366215 ] } },
{ "type": "Feature", "properties": { "max_height": 6.2477493286132812, "mean_height": 0.82960397005081177, "std_height": 1.6498517990112305, "count_pixels": 43, "percent_cover": 0.088228655846687321, "percent_above_0.1m": 39.534883720930232, "low_level_<0.5": 11.627906976744185, "mid_level_0.5-2": 13.953488372093023, "tall_2+": 11.627906976744185 }, "geometry": { "type": "Point", "coordinates": [ -3.032340773810053, 53.846902461628495 ] } },
{ "type": "Feature", "properties": { "max_height": 9.3242483139038086, "mean_height": 3.3871734142303467, "std_height": 3.7209200859069824, "count_pixels": 43, "percent_cover": 0.088228655846687321, "percent_above_0.1m": 51.162790697674424, "low_level_<0.5": 0.0, "mid_level_0.5-2": 4.6511627906976747, "tall_2+": 46.511627906976742 }, "geometry": { "type": "Point", "coordinates": [ -3.032130196109502, 53.846904278521031 ] } },
{ "type": "Feature", "properties": { "max_height": 0.064249992370605469, "mean_height": 0.037392228841781616, "std_height": 0.013130548410117626, "count_pixels": 42, "percent_cover": 0.086176826640950416, "percent_above_0.1m": 0.0, "low_level_<0.5": 0.0, "mid_level_0.5-2": 0.0, "tall_2+": 0.0 }, "geometry": { "type": "Point", "coordinates": [ -3.031919618386612, 53.846906095043813 ] } },
{ "type": "Feature", "properties": { "max_height": 0.704498291015625, "mean_height": 0.11275544762611389, "std_height": 0.15775950253009796, "count_pixels": 41, "percent_cover": 0.084124997435213497, "percent_above_0.1m": 26.829268292682929, "low_level_<0.5": 19.512195121951219, "mid_level_0.5-2": 4.8780487804878048, "tall_2+": 0.0 }, "geometry": { "type": "Point", "coordinates": [ -3.031709040641386, 53.846907911196851 ] } },
{ "type": "Feature", "properties": { "max_height": 0.98724937438964844, "mean_height": 0.22908473014831543, "std_height": 0.2834358811378479, "count_pixels": 41, "percent_cover": 0.084124997435213497, "percent_above_0.1m": 41.463414634146339, "low_level_<0.5": 21.951219512195124, "mid_level_0.5-2": 17.073170731707318, "tall_2+": 0.0 }, "geometry": { "type": "Point", "coordinates": [ -3.03149846287384, 53.846909726980151 ] } },
{ "type": "Feature", "properties": { "max_height": 16.945499420166016, "mean_height": 7.0467982292175293, "std_height": 5.6773858070373535, "count_pixels": 41, "percent_cover": 0.084124997435213497, "percent_above_0.1m": 92.682926829268297, "low_level_<0.5": 4.8780487804878048, "mid_level_0.5-2": 19.512195121951219, "tall_2+": 68.292682926829272 }, "geometry": { "type": "Point", "coordinates": [ -3.036028553498482, 53.846978431711499 ] } },
{ "type": "Feature", "properties": { "max_height": 19.904251098632812, "mean_height": 12.05003547668457, "std_height": 5.574333667755127, "count_pixels": 41, "percent_cover": 0.084124997435213497, "percent_above_0.1m": 97.560975609756099, "low_level_<0.5": 0.0, "mid_level_0.5-2": 4.8780487804878048, "tall_2+": 90.243902439024396 }, "geometry": { "type": "Point", "coordinates": [ -3.035817973491766, 53.846980256730248 ] } },
{ "type": "Feature", "properties": { "max_height": 16.371250152587891, "mean_height": 7.3404011726379395, "std_height": 3.5098319053649902, "count_pixels": 38, "percent_cover": 0.077969509818002755, "percent_above_0.1m": 100.0, "low_level_<0.5": 5.2631578947368416, "mid_level_0.5-2": 10.526315789473683, "tall_2+": 84.210526315789465 }, "geometry": { "type": "Point", "coordinates": [ -3.03560739346239, 53.846982081379679 ] } },
{ "type": "Feature", "properties": { "max_height": 10.848499298095703, "mean_height": 5.4512438774108887, "std_height": 3.6971120834350586, "count_pixels": 41, "percent_cover": 0.084124997435213497, "percent_above_0.1m": 95.121951219512198, "low_level_<0.5": 0.0, "mid_level_0.5-2": 21.951219512195124, "tall_2+": 70.731707317073173 }, "geometry": { "type": "Point", "coordinates": [ -3.035396813410363, 53.846983905659755 ] } },
{ "type": "Feature", "properties": { "max_height": 8.1112489700317383, "mean_height": 2.376950740814209, "std_height": 2.6367866992950439, "count_pixels": 41, "percent_cover": 0.084124997435213497, "percent_above_0.1m": 73.170731707317074, "low_level_<0.5": 9.7560975609756095, "mid_level_0.5-2": 17.073170731707318, "tall_2+": 46.341463414634148 }, "geometry": { "type": "Point", "coordinates": [ -3.035186233335686, 53.846985729570484 ] } },
{ "type": "Feature", "properties": { "max_height": 18.181249618530273, "mean_height": 14.512807846069336, "std_height": 2.8360531330108643, "count_pixels": 43, "percent_cover": 0.088228655846687321, "percent_above_0.1m": 100.0, "low_level_<0.5": 0.0, "mid_level_0.5-2": 0.0, "tall_2+": 100.0 }, "geometry": { "type": "Point", "coordinates": [ -3.033501604180652, 53.847000298230164 ] } },
{ "type": "Feature", "properties": { "max_height": 19.040500640869141, "mean_height": 4.3629140853881836, "std_height": 6.2057271003723145, "count_pixels": 41, "percent_cover": 0.084124997435213497, "percent_above_0.1m": 48.780487804878049, "low_level_<0.5": 0.0, "mid_level_0.5-2": 12.195121951219512, "tall_2+": 36.585365853658537 }, "geometry": { "type": "Point", "coordinates": [ -3.033291026082285, 53.847002117156656 ] } },
{ "type": "Feature", "properties": { "max_height": 0.031749725341796875, "mean_height": 0.0033472804352641106, "std_height": 0.010688218288123608, "count_pixels": 41, "percent_cover": 0.084124997435213497, "percent_above_0.1m": 0.0, "low_level_<0.5": 0.0, "mid_level_0.5-2": 0.0, "tall_2+": 0.0 }, "geometry": { "type": "Point", "coordinates": [ -3.033080447961548, 53.847003935713403 ] } },
{ "type": "Feature", "properties": { "max_height": 0.053500175476074219, "mean_height": -0.0052197151817381382, "std_height": 0.027528278529644012, "count_pixels": 41, "percent_cover": 0.084124997435213497, "percent_above_0.1m": 0.0, "low_level_<0.5": 0.0, "mid_level_0.5-2": 0.0, "tall_2+": 0.0 }, "geometry": { "type": "Point", "coordinates": [ -3.032869869818454, 53.847005753900397 ] } },
{ "type": "Feature", "properties": { "max_height": 0.55774974822998047, "mean_height": 0.042716428637504578, "std_height": 0.092499725520610809, "count_pixels": 38, "percent_cover": 0.077969509818002755, "percent_above_0.1m": 5.2631578947368416, "low_level_<0.5": 2.6315789473684208, "mid_level_0.5-2": 2.6315789473684208, "tall_2+": 0.0 }, "geometry": { "type": "Point", "coordinates": [ -3.032659291653017, 53.847007571717654 ] } },
{ "type": "Feature", "properties": { "max_height": 7.3204984664916992, "mean_height": 1.85884690284729, "std_height": 2.6717886924743652, "count_pixels": 41, "percent_cover": 0.084124997435213497, "percent_above_0.1m": 48.780487804878049, "low_level_<0.5": 2.4390243902439024, "mid_level_0.5-2": 4.8780487804878048, "tall_2+": 31.707317073170731 }, "geometry": { "type": "Point", "coordinates": [ -3.032448713465217, 53.847009389165159 ] } },
{ "type": "Feature", "properties": { "max_height": 6.8117504119873047, "mean_height": 0.77446877956390381, "std_height": 1.5749385356903076, "count_pixels": 41, "percent_cover": 0.084124997435213497, "percent_above_0.1m": 34.146341463414636, "low_level_<0.5": 7.3170731707317067, "mid_level_0.5-2": 12.195121951219512, "tall_2+": 14.634146341463413 }, "geometry": { "type": "Point", "coordinates": [ -3.032238135255082, 53.847011206242911 ] } },
{ "type": "Feature", "properties": { "max_height": 0.069749832153320312, "mean_height": 0.055402174592018127, "std_height": 0.0075944969430565834, "count_pixels": 41, "percent_cover": 0.084124997435213497, "percent_above_0.1m": 0.0, "low_level_<0.5": 0.0, "mid_level_0.5-2": 0.0, "tall_2+": 0.0 }, "geometry": { "type": "Point", "coordinates": [ -3.0320275570226, 53.847013022950932 ] } },
{ "type": "Feature", "properties": { "max_height": 0.0592498779296875, "mean_height": 0.040743600577116013, "std_height": 0.0062236101366579533, "count_pixels": 42, "percent_cover": 0.086176826640950416, "percent_above_0.1m": 0.0, "low_level_<0.5": 0.0, "mid_level_0.5-2": 0.0, "tall_2+": 0.0 }, "geometry": { "type": "Point", "coordinates": [ -3.031816978767783, 53.847014839289209 ] } },
{ "type": "Feature", "properties": { "max_height": 0.046999931335449219, "mean_height": 0.033696971833705902, "std_height": 0.0060756346210837364, "count_pixels": 43, "percent_cover": 0.088228655846687321, "percent_above_0.1m": 0.0, "low_level_<0.5": 0.0, "mid_level_0.5-2": 0.0, "tall_2+": 0.0 }, "geometry": { "type": "Point", "coordinates": [ -3.031606400490639, 53.84701665525774 ] } },
{ "type": "Feature", "properties": { "max_height": 8.7097492218017578, "mean_height": 1.0477900505065918, "std_height": 2.327017068862915, "count_pixels": 43, "percent_cover": 0.088228655846687321, "percent_above_0.1m": 23.255813953488371, "low_level_<0.5": 0.0, "mid_level_0.5-2": 6.9767441860465116, "tall_2+": 16.279069767441861 }, "geometry": { "type": "Point", "coordinates": [ -3.031395822191163, 53.847018470856504 ] } },
{ "type": "Feature", "properties": { "max_height": 11.420999526977539, "mean_height": 3.3699519634246826, "std_height": 4.015683650970459, "count_pixels": 42, "percent_cover": 0.086176826640950416, "percent_above_0.1m": 80.952380952380949, "low_level_<0.5": 14.285714285714285, "mid_level_0.5-2": 19.047619047619047, "tall_2+": 42.857142857142854 }, "geometry": { "type": "Point", "coordinates": [ -3.031185243869368, 53.847020286085531 ] } },
{ "type": "Feature", "properties": { "max_height": 13.213248252868652, "mean_height": 4.4607834815979004, "std_height": 4.9371895790100098, "count_pixels": 43, "percent_cover": 0.088228655846687321, "percent_above_0.1m": 76.744186046511629, "low_level_<0.5": 9.3023255813953494, "mid_level_0.5-2": 18.604651162790699, "tall_2+": 44.186046511627907 }, "geometry": { "type": "Point", "coordinates": [ -3.030974665525258, 53.84702210094482 ] } },
{ "type": "Feature", "properties": { "max_height": 10.791749954223633, "mean_height": 6.6647429466247559, "std_height": 3.4278855323791504, "count_pixels": 43, "percent_cover": 0.088228655846687321, "percent_above_0.1m": 97.674418604651152, "low_level_<0.5": 0.0, "mid_level_0.5-2": 11.627906976744185, "tall_2+": 86.04651162790698 }, "geometry": { "type": "Point", "coordinates": [ -3.036136503513359, 53.847085355074206 ] } },
{ "type": "Feature", "properties": { "max_height": 16.22974967956543, "mean_height": 3.0638887882232666, "std_height": 4.9687628746032715, "count_pixels": 43, "percent_cover": 0.088228655846687321, "percent_above_0.1m": 51.162790697674424, "low_level_<0.5": 0.0, "mid_level_0.5-2": 13.953488372093023, "tall_2+": 32.558139534883722 }, "geometry": { "type": "Point", "coordinates": [ -3.03592592299007, 53.847087180289897 ] } },
{ "type": "Feature", "properties": { "max_height": 15.480749130249023, "mean_height": 1.9327318668365479, "std_height": 4.4696125984191895, "count_pixels": 42, "percent_cover": 0.086176826640950416, "percent_above_0.1m": 30.952380952380953, "low_level_<0.5": 0.0, "mid_level_0.5-2": 9.5238095238095237, "tall_2+": 21.428571428571427 }, "geometry": { "type": "Point", "coordinates": [ -3.035715342444121, 53.847089005136226 ] } },
{ "type": "Feature", "properties": { "max_height": 7.3845005035400391, "mean_height": 0.36517831683158875, "std_height": 1.9111137390136719, "count_pixels": 42, "percent_cover": 0.086176826640950416, "percent_above_0.1m": 23.809523809523807, "low_level_<0.5": 4.7619047619047619, "mid_level_0.5-2": 4.7619047619047619, "tall_2+": 9.5238095238095237 }, "geometry": { "type": "Point", "coordinates": [ -3.035504761875514, 53.847090829613222 ] } },
{ "type": "Feature", "properties": { "max_height": 2.5262489318847656, "mean_height": 0.11759261041879654, "std_height": 0.81926983594894409, "count_pixels": 43, "percent_cover": 0.088228655846687321, "percent_above_0.1m": 30.232558139534881, "low_level_<0.5": 16.279069767441861, "mid_level_0.5-2": 4.6511627906976747, "tall_2+": 9.3023255813953494 }, "geometry": { "type": "Point", "coordinates": [ -3.035294181284263, 53.84709265372085 ] } },
{ "type": "Feature", "properties": { "max_height": 17.343997955322266, "mean_height": 10.281255722045898, "std_height": 4.4934649467468262, "count_pixels": 43, "percent_cover": 0.088228655846687321, "percent_above_0.1m": 100.0, "low_level_<0.5": 0.0, "mid_level_0.5-2": 0.0, "tall_2+": 100.0 }, "geometry": { "type": "Point", "coordinates": [ -3.03508360067035, 53.847094477459137 ] } },
{ "type": "Feature", "properties": { "max_height": 14.982499122619629, "mean_height": 6.705108642578125, "std_height": 4.8066511154174805, "count_pixels": 41, "percent_cover": 0.084124997435213497, "percent_above_0.1m": 87.804878048780495, "low_level_<0.5": 2.4390243902439024, "mid_level_0.5-2": 7.3170731707317067, "tall_2+": 75.609756097560975 }, "geometry": { "type": "Point", "coordinates": [ -3.03360954691566, 53.84710722474599 ] } },
{ "type": "Feature", "properties": { "max_height": 18.971000671386719, "mean_height": 8.8671684265136719, "std_height": 6.9704561233520508, "count_pixels": 41, "percent_cover": 0.084124997435213497, "percent_above_0.1m": 73.170731707317074, "low_level_<0.5": 0.0, "mid_level_0.5-2": 2.4390243902439024, "tall_2+": 70.731707317073173 }, "geometry": { "type": "Point", "coordinates": [ -3.033398968307715, 53.847109043857699 ] } },
{ "type": "Feature", "properties": { "max_height": 0.048499107360839844, "mean_height": 0.019784349948167801, "std_height": 0.012729351408779621, "count_pixels": 43, "percent_cover": 0.088228655846687321, "percent_above_0.1m": 0.0, "low_level_<0.5": 0.0, "mid_level_0.5-2": 0.0, "tall_2+": 0.0 }, "geometry": { "type": "Point", "coordinates": [ -3.033188389677398, 53.847110862599692 ] } },
{ "type": "Feature", "properties": { "max_height": 0.02574920654296875, "mean_height": -0.0021049587521702051, "std_height": 0.017575914040207863, "count_pixels": 43, "percent_cover": 0.088228655846687321, "percent_above_0.1m": 0.0, "low_level_<0.5": 0.0, "mid_level_0.5-2": 0.0, "tall_2+": 0.0 }, "geometry": { "type": "Point", "coordinates": [ -3.032977811024727, 53.847112680971925 ] } },
{ "type": "Feature", "properties": { "max_height": 0.013749122619628906, "mean_height": -0.030244600027799606, "std_height": 0.014476429671049118, "count_pixels": 42, "percent_cover": 0.086176826640950416, "percent_above_0.1m": 0.0, "low_level_<0.5": 0.0, "mid_level_0.5-2": 0.0, "tall_2+": 0.0 }, "geometry": { "type": "Point", "coordinates": [ -3.032767232349696, 53.847114498974427 ] } },
{ "type": "Feature", "properties": { "max_height": 0.82824897766113281, "mean_height": 0.074737414717674255, "std_height": 0.12419639527797699, "count_pixels": 42, "percent_cover": 0.086176826640950416, "percent_above_0.1m": 19.047619047619047, "low_level_<0.5": 2.3809523809523809, "mid_level_0.5-2": 2.3809523809523809, "tall_2+": 0.0 }, "geometry": { "type": "Point", "coordinates": [ -3.032556653652317, 53.847116316607149 ] } },
{ "type": "Feature", "properties": { "max_height": 7.7714986801147461, "mean_height": 0.60851675271987915, "std_height": 1.6567670106887817, "count_pixels": 43, "percent_cover": 0.088228655846687321, "percent_above_0.1m": 34.883720930232556, "low_level_<0.5": 11.627906976744185, "mid_level_0.5-2": 11.627906976744185, "tall_2+": 6.9767441860465116 }, "geometry": { "type": "Point", "coordinates": [ -3.032346074932585, 53.847118133870147 ] } },
{ "type": "Feature", "properties": { "max_height": 8.8522491455078125, "mean_height": 1.3167668581008911, "std_height": 2.5219364166259766, "count_pixels": 43, "percent_cover": 0.088228655846687321, "percent_above_0.1m": 23.255813953488371, "low_level_<0.5": 0.0, "mid_level_0.5-2": 0.0, "tall_2+": 23.255813953488371 }, "geometry": { "type": "Point", "coordinates": [ -3.032135496190519, 53.8471199507634 ] } },
{ "type": "Feature", "properties": { "max_height": 0.068749427795410156, "mean_height": 0.050350643694400787, "std_height": 0.0097452336922287941, "count_pixels": 42, "percent_cover": 0.086176826640950416, "percent_above_0.1m": 0.0, "low_level_<0.5": 0.0, "mid_level_0.5-2": 0.0, "tall_2+": 0.0 }, "geometry": { "type": "Point", "coordinates": [ -3.031924917426104, 53.8471217672869 ] } },
{ "type": "Feature", "properties": { "max_height": 1.5684986114501953, "mean_height": 0.10401769727468491, "std_height": 0.28164291381835938, "count_pixels": 41, "percent_cover": 0.084124997435213497, "percent_above_0.1m": 7.3170731707317067, "low_level_<0.5": 0.0, "mid_level_0.5-2": 7.3170731707317067, "tall_2+": 0.0 }, "geometry": { "type": "Point", "coordinates": [ -3.031714338639365, 53.847123583440656 ] } },
{ "type": "Feature", "properties": { "max_height": 5.8394994735717773, "mean_height": 1.5112615823745728, "std_height": 2.1186032295227051, "count_pixels": 41, "percent_cover": 0.084124997435213497, "percent_above_0.1m": 48.780487804878049, "low_level_<0.5": 7.3170731707317067, "mid_level_0.5-2": 9.7560975609756095, "tall_2+": 29.268292682926827 }, "geometry": { "type": "Point", "coordinates": [ -3.031503759830287, 53.847125399224659 ] } },
{ "type": "Feature", "properties": { "max_height": 12.123748779296875, "mean_height": 6.2917003631591797, "std_height": 3.7306396961212158, "count_pixels": 41, "percent_cover": 0.084124997435213497, "percent_above_0.1m": 85.365853658536579, "low_level_<0.5": 0.0, "mid_level_0.5-2": 7.3170731707317067, "tall_2+": 78.048780487804876 }, "geometry": { "type": "Point", "coordinates": [ -3.031293180998892, 53.847127214638917 ] } },
{ "type": "Feature", "properties": { "max_height": 11.960000038146973, "mean_height": 8.3710250854492188, "std_height": 3.5589807033538818, "count_pixels": 37, "percent_cover": 0.075917680612265837, "percent_above_0.1m": 94.594594594594597, "low_level_<0.5": 0.0, "mid_level_0.5-2": 2.7027027027027026, "tall_2+": 91.891891891891902 }, "geometry": { "type": "Point", "coordinates": [ -3.031082602145173, 53.847129029683416 ] } },
{ "type": "Feature", "properties": { "max_height": 13.104000091552734, "mean_height": 8.0312490463256836, "std_height": 3.603978157043457, "count_pixels": 41, "percent_cover": 0.084124997435213497, "percent_above_0.1m": 97.560975609756099, "low_level_<0.5": 0.0, "mid_level_0.5-2": 9.7560975609756095, "tall_2+": 87.804878048780495 }, "geometry": { "type": "Point", "coordinates": [ -3.030872023269139, 53.847130844358176 ] } },
{ "type": "Feature", "properties": { "max_height": 13.63224983215332, "mean_height": 8.6354255676269531, "std_height": 4.5271015167236328, "count_pixels": 41, "percent_cover": 0.084124997435213497, "percent_above_0.1m": 95.121951219512198, "low_level_<0.5": 4.8780487804878048, "mid_level_0.5-2": 4.8780487804878048, "tall_2+": 82.926829268292678 }, "geometry": { "type": "Point", "coordinates": [ -3.030661444370799, 53.847132658663199 ] } },
{ "type": "Feature", "properties": { "max_height": 5.0994987487792969, "mean_height": 0.51375538110733032, "std_height": 1.0297223329544067, "count_pixels": 41, "percent_cover": 0.084124997435213497, "percent_above_0.1m": 31.707317073170731, "low_level_<0.5": 9.7560975609756095, "mid_level_0.5-2": 14.634146341463413, "tall_2+": 7.3170731707317067 }, "geometry": { "type": "Point", "coordinates": [ -3.030450865450144, 53.847134472598469 ] } },
{ "type": "Feature", "properties": { "max_height": 1.0094995498657227, "mean_height": 0.1496184915304184, "std_height": 0.21532697975635529, "count_pixels": 42, "percent_cover": 0.086176826640950416, "percent_above_0.1m": 26.190476190476193, "low_level_<0.5": 19.047619047619047, "mid_level_0.5-2": 4.7619047619047619, "tall_2+": 0.0 }, "geometry": { "type": "Point", "coordinates": [ -3.03708677800022, 53.847184972986341 ] } },
{ "type": "Feature", "properties": { "max_height": 6.1335000991821289, "mean_height": 0.54313385486602783, "std_height": 1.0311329364776611, "count_pixels": 41, "percent_cover": 0.084124997435213497, "percent_above_0.1m": 51.219512195121951, "low_level_<0.5": 12.195121951219512, "mid_level_0.5-2": 26.829268292682929, "tall_2+": 4.8780487804878048 }, "geometry": { "type": "Point", "coordinates": [ -3.036244454067474, 53.847192278330191 ] } },
{ "type": "Feature", "properties": { "max_height": 4.9937500953674316, "mean_height": 1.6325726509094238, "std_height": 1.4722691774368286, "count_pixels": 41, "percent_cover": 0.084124997435213497, "percent_above_0.1m": 78.048780487804876, "low_level_<0.5": 12.195121951219512, "mid_level_0.5-2": 26.829268292682929, "tall_2+": 39.024390243902438 }, "geometry": { "type": "Point", "coordinates": [ -3.036033873027606, 53.847194103742801 ] } },
{ "type": "Feature", "properties": { "max_height": 3.2919998168945312, "mean_height": 0.26992636919021606, "std_height": 0.79596668481826782, "count_pixels": 41, "percent_cover": 0.084124997435213497, "percent_above_0.1m": 17.073170731707318, "low_level_<0.5": 2.4390243902439024, "mid_level_0.5-2": 7.3170731707317067, "tall_2+": 7.3170731707317067 }, "geometry": { "type": "Point", "coordinates": [ -3.035823291965083, 53.847195928786043 ] } },
{ "type": "Feature", "properties": { "max_height": 0.099749565124511719, "mean_height": 0.024637723341584206, "std_height": 0.065943434834480286, "count_pixels": 38, "percent_cover": 0.077969509818002755, "percent_above_0.1m": 0.0, "low_level_<0.5": 0.0, "mid_level_0.5-2": 0.0, "tall_2+": 0.0 }, "geometry": { "type": "Point", "coordinates": [ -3.035612710879897, 53.847197753459938 ] } },
{ "type": "Feature", "properties": { "max_height": 0.10349941253662109, "mean_height": 0.0091888615861535072, "std_height": 0.046025019139051437, "count_pixels": 41, "percent_cover": 0.084124997435213497, "percent_above_0.1m": 2.4390243902439024, "low_level_<0.5": 0.0, "mid_level_0.5-2": 0.0, "tall_2+": 0.0 }, "geometry": { "type": "Point", "coordinates": [ -3.035402129772056, 53.847199577764492 ] } },
{ "type": "Feature", "properties": { "max_height": 4.7367486953735352, "mean_height": 0.27320706844329834, "std_height": 1.1997897624969482, "count_pixels": 41, "percent_cover": 0.084124997435213497, "percent_above_0.1m": 9.7560975609756095, "low_level_<0.5": 2.4390243902439024, "mid_level_0.5-2": 0.0, "tall_2+": 7.3170731707317067 }, "geometry": { "type": "Point", "coordinates": [ -3.035191548641566, 53.847201401699671 ] } },
{ "type": "Feature", "properties": { "max_height": 16.545997619628906, "mean_height": 4.1022129058837891, "std_height": 5.4067826271057129, "count_pixels": 41, "percent_cover": 0.084124997435213497, "percent_above_0.1m": 51.219512195121951, "low_level_<0.5": 0.0, "mid_level_0.5-2": 7.3170731707317067, "tall_2+": 43.902439024390247 }, "geometry": { "type": "Point", "coordinates": [ -3.034980967488441, 53.847203225265545 ] } },
{ "type": "Feature", "properties": { "max_height": 11.07974910736084, "mean_height": 0.9221838116645813, "std_height": 2.2253029346466064, "count_pixels": 42, "percent_cover": 0.086176826640950416, "percent_above_0.1m": 33.333333333333329, "low_level_<0.5": 11.904761904761903, "mid_level_0.5-2": 7.1428571428571423, "tall_2+": 14.285714285714285 }, "geometry": { "type": "Point", "coordinates": [ -3.034770386407876, 53.847205048425714 ] } },
{ "type": "Feature", "properties": { "max_height": 9.2149991989135742, "mean_height": 3.2794525623321533, "std_height": 3.7250277996063232, "count_pixels": 43, "percent_cover": 0.088228655846687321, "percent_above_0.1m": 53.488372093023251, "low_level_<0.5": 2.3255813953488373, "mid_level_0.5-2": 6.9767441860465116, "tall_2+": 44.186046511627907 }, "geometry": { "type": "Point", "coordinates": [ -3.034559806428955, 53.847206870281752 ] } },
{ "type": "Feature", "properties": { "max_height": 11.603249549865723, "mean_height": 3.417877197265625, "std_height": 3.6339211463928223, "count_pixels": 43, "percent_cover": 0.088228655846687321, "percent_above_0.1m": 60.465116279069761, "low_level_<0.5": 0.0, "mid_level_0.5-2": 9.3023255813953494, "tall_2+": 51.162790697674424 }, "geometry": { "type": "Point", "coordinates": [ -3.034349227400941, 53.84720869105773 ] } },
{ "type": "Feature", "properties": { "max_height": 8.9859981536865234, "mean_height": 3.4506182670593262, "std_height": 3.4067785739898682, "count_pixels": 42, "percent_cover": 0.086176826640950416, "percent_above_0.1m": 69.047619047619051, "low_level_<0.5": 2.3809523809523809, "mid_level_0.5-2": 16.666666666666664, "tall_2+": 50.0 }, "geometry": { "type": "Point", "coordinates": [ -3.034138648350545, 53.847210511463935 ] } },
{ "type": "Feature", "properties": { "max_height": 14.642499923706055, "mean_height": 5.7789645195007324, "std_height": 4.5123295783996582, "count_pixels": 43, "percent_cover": 0.088228655846687321, "percent_above_0.1m": 86.04651162790698, "low_level_<0.5": 11.627906976744185, "mid_level_0.5-2": 4.6511627906976747, "tall_2+": 69.767441860465112 }, "geometry": { "type": "Point", "coordinates": [ -3.033928069277768, 53.847212331500415 ] } },
{ "type": "Feature", "properties": { "max_height": 18.74224853515625, "mean_height": 7.9142951965332031, "std_height": 5.5876779556274414, "count_pixels": 43, "percent_cover": 0.088228655846687321, "percent_above_0.1m": 100.0, "low_level_<0.5": 2.3255813953488373, "mid_level_0.5-2": 9.3023255813953494, "tall_2+": 83.720930232558146 }, "geometry": { "type": "Point", "coordinates": [ -3.033717490182614, 53.847214151167123 ] } },
{ "type": "Feature", "properties": { "max_height": 20.677997589111328, "mean_height": 15.649148941040039, "std_height": 3.3512697219848633, "count_pixels": 43, "percent_cover": 0.088228655846687321, "percent_above_0.1m": 100.0, "low_level_<0.5": 0.0, "mid_level_0.5-2": 0.0, "tall_2+": 100.0 }, "geometry": { "type": "Point", "coordinates": [ -3.033506911065087, 53.847215970464099 ] } },
{ "type": "Feature", "properties": { "max_height": 6.7587499618530273, "mean_height": 0.60306030511856079, "std_height": 1.6124899387359619, "count_pixels": 41, "percent_cover": 0.084124997435213497, "percent_above_0.1m": 14.634146341463413, "low_level_<0.5": 0.0, "mid_level_0.5-2": 4.8780487804878048, "tall_2+": 9.7560975609756095 }, "geometry": { "type": "Point", "coordinates": [ -3.033296331925192, 53.847217789391323 ] } },
{ "type": "Feature", "properties": { "max_height": 0.045250892639160156, "mean_height": 0.014524227008223534, "std_height": 0.013413084670901299, "count_pixels": 41, "percent_cover": 0.084124997435213497, "percent_above_0.1m": 0.0, "low_level_<0.5": 0.0, "mid_level_0.5-2": 0.0, "tall_2+": 0.0 }, "geometry": { "type": "Point", "coordinates": [ -3.033085752762932, 53.847219607948794 ] } },
{ "type": "Feature", "properties": { "max_height": 0.026000022888183594, "mean_height": -0.032799091190099716, "std_height": 0.040482424199581146, "count_pixels": 41, "percent_cover": 0.084124997435213497, "percent_above_0.1m": 0.0, "low_level_<0.5": 0.0, "mid_level_0.5-2": 0.0, "tall_2+": 0.0 }, "geometry": { "type": "Point", "coordinates": [ -3.03287517357832, 53.847221426136507 ] } },
{ "type": "Feature", "properties": { "max_height": 3.2192497253417969, "mean_height": 0.47188737988471985, "std_height": 1.0113416910171509, "count_pixels": 38, "percent_cover": 0.077969509818002755, "percent_above_0.1m": 23.684210526315788, "low_level_<0.5": 2.6315789473684208, "mid_level_0.5-2": 7.8947368421052628, "tall_2+": 13.157894736842104 }, "geometry": { "type": "Point", "coordinates": [ -3.032664594371345, 53.847223243954495 ] } },
{ "type": "Feature", "properties": { "max_height": 0.0989990234375, "mean_height": 0.037389662116765976, "std_height": 0.025908125564455986, "count_pixels": 41, "percent_cover": 0.084124997435213497, "percent_above_0.1m": 0.0, "low_level_<0.5": 0.0, "mid_level_0.5-2": 0.0, "tall_2+": 0.0 }, "geometry": { "type": "Point", "coordinates": [ -3.032454015142029, 53.847225061402717 ] } },
{ "type": "Feature", "properties": { "max_height": 0.065000534057617188, "mean_height": 0.016597026959061623, "std_height": 0.017142497003078461, "count_pixels": 41, "percent_cover": 0.084124997435213497, "percent_above_0.1m": 0.0, "low_level_<0.5": 0.0, "mid_level_0.5-2": 0.0, "tall_2+": 0.0 }, "geometry": { "type": "Point", "coordinates": [ -3.03224343589036, 53.847226878481194 ] } },
{ "type": "Feature", "properties": { "max_height": 0.074499130249023438, "mean_height": 0.026938460767269135, "std_height": 0.031013159081339836, "count_pixels": 41, "percent_cover": 0.084124997435213497, "percent_above_0.1m": 0.0, "low_level_<0.5": 0.0, "mid_level_0.5-2": 0.0, "tall_2+": 0.0 }, "geometry": { "type": "Point", "coordinates": [ -3.032032856616353, 53.847228695189926 ] } },
{ "type": "Feature", "properties": { "max_height": 6.0992488861083984, "mean_height": 0.60955893993377686, "std_height": 1.4648725986480713, "count_pixels": 42, "percent_cover": 0.086176826640950416, "percent_above_0.1m": 19.047619047619047, "low_level_<0.5": 0.0, "mid_level_0.5-2": 9.5238095238095237, "tall_2+": 9.5238095238095237 }, "geometry": { "type": "Point", "coordinates": [ -3.031822277320015, 53.847230511528913 ] } },
{ "type": "Feature", "properties": { "max_height": 8.1814994812011719, "mean_height": 3.1392087936401367, "std_height": 2.62766432762146, "count_pixels": 43, "percent_cover": 0.088228655846687321, "percent_above_0.1m": 76.744186046511629, "low_level_<0.5": 2.3255813953488373, "mid_level_0.5-2": 13.953488372093023, "tall_2+": 58.139534883720934 }, "geometry": { "type": "Point", "coordinates": [ -3.031611698001337, 53.847232327498155 ] } },
{ "type": "Feature", "properties": { "max_height": 7.9090003967285156, "mean_height": 1.7814240455627441, "std_height": 2.7208402156829834, "count_pixels": 43, "percent_cover": 0.088228655846687321, "percent_above_0.1m": 39.534883720930232, "low_level_<0.5": 2.3255813953488373, "mid_level_0.5-2": 2.3255813953488373, "tall_2+": 32.558139534883722 }, "geometry": { "type": "Point", "coordinates": [ -3.031401118660335, 53.847234143097616 ] } },
{ "type": "Feature", "properties": { "max_height": 11.066248893737793, "mean_height": 3.801445484161377, "std_height": 3.8208127021789551, "count_pixels": 42, "percent_cover": 0.086176826640950416, "percent_above_0.1m": 66.666666666666657, "low_level_<0.5": 4.7619047619047619, "mid_level_0.5-2": 7.1428571428571423, "tall_2+": 52.380952380952387 }, "geometry": { "type": "Point", "coordinates": [ -3.03119053929701, 53.847235958327374 ] } },
{ "type": "Feature", "properties": { "max_height": 11.840749740600586, "mean_height": 6.3872432708740234, "std_height": 3.6512281894683838, "count_pixels": 43, "percent_cover": 0.088228655846687321, "percent_above_0.1m": 95.348837209302332, "low_level_<0.5": 2.3255813953488373, "mid_level_0.5-2": 16.279069767441861, "tall_2+": 76.744186046511629 }, "geometry": { "type": "Point", "coordinates": [ -3.030979959911373, 53.847237773187359 ] } },
{ "type": "Feature", "properties": { "max_height": 11.33124828338623, "mean_height": 2.7107143402099609, "std_height": 3.6891391277313232, "count_pixels": 43, "percent_cover": 0.088228655846687321, "percent_above_0.1m": 58.139534883720934, "low_level_<0.5": 11.627906976744185, "mid_level_0.5-2": 6.9767441860465116, "tall_2+": 39.534883720930232 }, "geometry": { "type": "Point", "coordinates": [ -3.030769380503414, 53.847239587677592 ] } },
{ "type": "Feature", "properties": { "max_height": 11.043498992919922, "mean_height": 7.0441207885742188, "std_height": 3.2085351943969727, "count_pixels": 43, "percent_cover": 0.088228655846687321, "percent_above_0.1m": 97.674418604651152, "low_level_<0.5": 2.3255813953488373, "mid_level_0.5-2": 2.3255813953488373, "tall_2+": 90.697674418604649 }, "geometry": { "type": "Point", "coordinates": [ -3.030558801073148, 53.84724140179808 ] } },
{ "type": "Feature", "properties": { "max_height": 8.3369979858398438, "mean_height": 3.3152732849121094, "std_height": 2.4903180599212646, "count_pixels": 41, "percent_cover": 0.084124997435213497, "percent_above_0.1m": 85.365853658536579, "low_level_<0.5": 2.4390243902439024, "mid_level_0.5-2": 17.073170731707318, "tall_2+": 63.414634146341463 }, "geometry": { "type": "Point", "coordinates": [ -3.030348221620577, 53.847243215548822 ] } },
{ "type": "Feature", "properties": { "max_height": 0.28299903869628906, "mean_height": 0.041097130626440048, "std_height": 0.039555925875902176, "count_pixels": 41, "percent_cover": 0.084124997435213497, "percent_above_0.1m": 2.4390243902439024, "low_level_<0.5": 2.4390243902439024, "mid_level_0.5-2": 0.0, "tall_2+": 0.0 }, "geometry": { "type": "Point", "coordinates": [ -3.030137642145708, 53.847245028929827 ] } },
{ "type": "Feature", "properties": { "max_height": 0.082749366760253906, "mean_height": 0.034194853156805038, "std_height": 0.011836454272270203, "count_pixels": 41, "percent_cover": 0.084124997435213497, "percent_above_0.1m": 0.0, "low_level_<0.5": 0.0, "mid_level_0.5-2": 0.0, "tall_2+": 0.0 }, "geometry": { "type": "Point", "coordinates": [ -3.029927062648541, 53.847246841941079 ] } },
{ "type": "Feature", "properties": { "max_height": 4.3072490692138672, "mean_height": 0.37768241763114929, "std_height": 0.99740505218505859, "count_pixels": 41, "percent_cover": 0.084124997435213497, "percent_above_0.1m": 21.951219512195124, "low_level_<0.5": 7.3170731707317067, "mid_level_0.5-2": 2.4390243902439024, "tall_2+": 7.3170731707317067 }, "geometry": { "type": "Point", "coordinates": [ -3.037194731159859, 53.847291895347887 ] } },
{ "type": "Feature", "properties": { "max_height": 9.5984992980957031, "mean_height": 5.2936239242553711, "std_height": 3.2493901252746582, "count_pixels": 38, "percent_cover": 0.077969509818002755, "percent_above_0.1m": 89.473684210526315, "low_level_<0.5": 2.6315789473684208, "mid_level_0.5-2": 7.8947368421052628, "tall_2+": 78.94736842105263 }, "geometry": { "type": "Point", "coordinates": [ -3.036984149694122, 53.847293722434806 ] } },
{ "type": "Feature", "properties": { "max_height": 13.166998863220215, "mean_height": 7.2865352630615234, "std_height": 3.3577225208282471, "count_pixels": 41, "percent_cover": 0.084124997435213497, "percent_above_0.1m": 100.0, "low_level_<0.5": 2.4390243902439024, "mid_level_0.5-2": 7.3170731707317067, "tall_2+": 90.243902439024396 }, "geometry": { "type": "Point", "coordinates": [ -3.0367735682057, 53.847295549152363 ] } },
{ "type": "Feature", "properties": { "max_height": 13.413249969482422, "mean_height": 5.9407734870910645, "std_height": 5.0001630783081055, "count_pixels": 41, "percent_cover": 0.084124997435213497, "percent_above_0.1m": 87.804878048780495, "low_level_<0.5": 2.4390243902439024, "mid_level_0.5-2": 17.073170731707318, "tall_2+": 63.414634146341463 }, "geometry": { "type": "Point", "coordinates": [ -3.036562986694601, 53.847297375500567 ] } },
{ "type": "Feature", "properties": { "max_height": 12.723499298095703, "mean_height": 4.4539570808410645, "std_height": 4.3539466857910156, "count_pixels": 41, "percent_cover": 0.084124997435213497, "percent_above_0.1m": 78.048780487804876, "low_level_<0.5": 9.7560975609756095, "mid_level_0.5-2": 14.634146341463413, "tall_2+": 53.658536585365859 }, "geometry": { "type": "Point", "coordinates": [ -3.036352405160831, 53.847299201479437 ] } },
{ "type": "Feature", "properties": { "max_height": 8.2525005340576172, "mean_height": 2.8023371696472168, "std_height": 2.7325060367584229, "count_pixels": 43, "percent_cover": 0.088228655846687321, "percent_above_0.1m": 72.093023255813947, "low_level_<0.5": 4.6511627906976747, "mid_level_0.5-2": 16.279069767441861, "tall_2+": 51.162790697674424 }, "geometry": { "type": "Point", "coordinates": [ -3.036141823604387, 53.84730102708896 ] } },
{ "type": "Feature", "properties": { "max_height": 7.9770002365112305, "mean_height": 2.3236219882965088, "std_height": 2.5677740573883057, "count_pixels": 43, "percent_cover": 0.088228655846687321, "percent_above_0.1m": 88.372093023255815, "low_level_<0.5": 16.279069767441861, "mid_level_0.5-2": 16.279069767441861, "tall_2+": 46.511627906976742 }, "geometry": { "type": "Point", "coordinates": [ -3.03593124202528, 53.847302852329115 ] } },
{ "type": "Feature", "properties": { "max_height": 6.9922494888305664, "mean_height": 2.2486720085144043, "std_height": 2.0445401668548584, "count_pixels": 42, "percent_cover": 0.086176826640950416, "percent_above_0.1m": 78.571428571428569, "low_level_<0.5": 7.1428571428571423, "mid_level_0.5-2": 21.428571428571427, "tall_2+": 50.0 }, "geometry": { "type": "Point", "coordinates": [ -3.035720660423512, 53.847304677199915 ] } },
{ "type": "Feature", "properties": { "max_height": 0.12025070190429688, "mean_height": 0.057600520551204681, "std_height": 0.037220269441604614, "count_pixels": 42, "percent_cover": 0.086176826640950416, "percent_above_0.1m": 14.285714285714285, "low_level_<0.5": 0.0, "mid_level_0.5-2": 0.0, "tall_2+": 0.0 }, "geometry": { "type": "Point", "coordinates": [ -3.035510078799087, 53.847306501701397 ] } },
{ "type": "Feature", "properties": { "max_height": 1.2774991989135742, "mean_height": 0.061354260891675949, "std_height": 0.26570203900337219, "count_pixels": 43, "percent_cover": 0.088228655846687321, "percent_above_0.1m": 11.627906976744185, "low_level_<0.5": 2.3255813953488373, "mid_level_0.5-2": 6.9767441860465116, "tall_2+": 0.0 }, "geometry": { "type": "Point", "coordinates": [ -3.035299497152015, 53.847308325833509 ] } },
{ "type": "Feature", "properties": { "max_height": 0.86750030517578125, "mean_height": 0.028598541393876076, "std_height": 0.26490554213523865, "count_pixels": 43, "percent_cover": 0.088228655846687321, "percent_above_0.1m": 16.279069767441861, "low_level_<0.5": 4.6511627906976747, "mid_level_0.5-2": 9.3023255813953494, "tall_2+": 0.0 }, "geometry": { "type": "Point", "coordinates": [ -3.035088915482295, 53.847310149596254 ] } },
{ "type": "Feature", "properties": { "max_height": 0.05474853515625, "mean_height": -0.17484542727470398, "std_height": 0.19742122292518616, "count_pixels": 42, "percent_cover": 0.086176826640950416, "percent_above_0.1m": 0.0, "low_level_<0.5": 0.0, "mid_level_0.5-2": 0.0, "tall_2+": 0.0 }, "geometry": { "type": "Point", "coordinates": [ -3.034878333789924, 53.847311972989679 ] } },
{ "type": "Feature", "properties": { "max_height": 4.4097490310668945, "mean_height": 1.0654811859130859, "std_height": 1.4289963245391846, "count_pixels": 41, "percent_cover": 0.084124997435213497, "percent_above_0.1m": 56.09756097560976, "low_level_<0.5": 4.8780487804878048, "mid_level_0.5-2": 14.634146341463413, "tall_2+": 31.707317073170731 }, "geometry": { "type": "Point", "coordinates": [ -3.034667752671606, 53.847313795711031 ] } },
{ "type": "Feature", "properties": { "max_height": 17.304998397827148, "mean_height": 6.6028828620910645, "std_height": 5.118865966796875, "count_pixels": 41, "percent_cover": 0.084124997435213497, "percent_above_0.1m": 100.0, "low_level_<0.5": 0.0, "mid_level_0.5-2": 7.3170731707317067, "tall_2+": 92.682926829268297 }, "geometry": { "type": "Point", "coordinates": [ -3.034457172728578, 53.847315616828467 ] } },
{ "type": "Feature", "properties": { "max_height": 18.604999542236328, "mean_height": 12.047687530517578, "std_height": 4.2458972930908203, "count_pixels": 41, "percent_cover": 0.084124997435213497, "percent_above_0.1m": 100.0, "low_level_<0.5": 0.0, "mid_level_0.5-2": 0.0, "tall_2+": 100.0 }, "geometry": { "type": "Point", "coordinates": [ -3.034246593168606, 53.847317437419939 ] } },
{ "type": "Feature", "properties": { "max_height": 16.817998886108398, "mean_height": 5.1987228393554688, "std_height": 4.2040815353393555, "count_pixels": 37, "percent_cover": 0.075917680612265837, "percent_above_0.1m": 86.486486486486484, "low_level_<0.5": 5.4054054054054053, "mid_level_0.5-2": 13.513513513513514, "tall_2+": 64.86486486486487 }, "geometry": { "type": "Point", "coordinates": [ -3.034036013586251, 53.847319257641651 ] } },
{ "type": "Feature", "properties": { "max_height": 20.777250289916992, "mean_height": 11.021304130554199, "std_height": 6.6827630996704102, "count_pixels": 41, "percent_cover": 0.084124997435213497, "percent_above_0.1m": 87.804878048780495, "low_level_<0.5": 0.0, "mid_level_0.5-2": 0.0, "tall_2+": 87.804878048780495 }, "geometry": { "type": "Point", "coordinates": [ -3.033825433981517, 53.847321077493604 ] } },
{ "type": "Feature", "properties": { "max_height": 20.045497894287109, "mean_height": 11.926796913146973, "std_height": 7.2326292991638184, "count_pixels": 41, "percent_cover": 0.084124997435213497, "percent_above_0.1m": 87.804878048780495, "low_level_<0.5": 2.4390243902439024, "mid_level_0.5-2": 4.8780487804878048, "tall_2+": 80.487804878048792 }, "geometry": { "type": "Point", "coordinates": [ -3.033614854354409, 53.84732289697584 ] } },
{ "type": "Feature", "properties": { "max_height": 19.83599853515625, "mean_height": 6.5713896751403809, "std_height": 7.3569774627685547, "count_pixels": 41, "percent_cover": 0.084124997435213497, "percent_above_0.1m": 60.975609756097562, "low_level_<0.5": 4.8780487804878048, "mid_level_0.5-2": 2.4390243902439024, "tall_2+": 53.658536585365859 }, "geometry": { "type": "Point", "coordinates": [ -3.033404274704932, 53.847324716088288 ] } },
{ "type": "Feature", "properties": { "max_height": 0.040500640869140625, "mean_height": 0.018139084801077843, "std_height": 0.011345666833221912, "count_pixels": 43, "percent_cover": 0.088228655846687321, "percent_above_0.1m": 0.0, "low_level_<0.5": 0.0, "mid_level_0.5-2": 0.0, "tall_2+": 0.0 }, "geometry": { "type": "Point", "coordinates": [ -3.033193695033086, 53.847326534830998 ] } },
{ "type": "Feature", "properties": { "max_height": 0.039750099182128906, "mean_height": 0.0015638041077181697, "std_height": 0.020248796790838242, "count_pixels": 43, "percent_cover": 0.088228655846687321, "percent_above_0.1m": 0.0, "low_level_<0.5": 0.0, "mid_level_0.5-2": 0.0, "tall_2+": 0.0 }, "geometry": { "type": "Point", "coordinates": [ -3.032983115338881, 53.847328353203963 ] } },
{ "type": "Feature", "properties": { "max_height": 0.008998870849609375, "mean_height": -0.037256557494401932, "std_height": 0.02066478319466114, "count_pixels": 42, "percent_cover": 0.086176826640950416, "percent_above_0.1m": 0.0, "low_level_<0.5": 0.0, "mid_level_0.5-2": 0.0, "tall_2+": 0.0 }, "geometry": { "type": "Point", "coordinates": [ -3.032772535622319, 53.847330171207176 ] } },
{ "type": "Feature", "properties": { "max_height": 0.084248542785644531, "mean_height": 0.028088614344596863, "std_height": 0.029100369662046432, "count_pixels": 42, "percent_cover": 0.086176826640950416, "percent_above_0.1m": 0.0, "low_level_<0.5": 0.0, "mid_level_0.5-2": 0.0, "tall_2+": 0.0 }, "geometry": { "type": "Point", "coordinates": [ -3.032561955883405, 53.847331988840637 ] } },
{ "type": "Feature", "properties": { "max_height": 0.068499565124511719, "mean_height": 0.010894974693655968, "std_height": 0.021342461928725243, "count_pixels": 43, "percent_cover": 0.088228655846687321, "percent_above_0.1m": 0.0, "low_level_<0.5": 0.0, "mid_level_0.5-2": 0.0, "tall_2+": 0.0 }, "geometry": { "type": "Point", "coordinates": [ -3.032351376122147, 53.847333806104352 ] } },
{ "type": "Feature", "properties": { "max_height": 0.018749237060546875, "mean_height": -0.006011896301060915, "std_height": 0.01540933083742857, "count_pixels": 43, "percent_cover": 0.088228655846687321, "percent_above_0.1m": 0.0, "low_level_<0.5": 0.0, "mid_level_0.5-2": 0.0, "tall_2+": 0.0 }, "geometry": { "type": "Point", "coordinates": [ -3.032140796338539, 53.847335622998322 ] } },
{ "type": "Feature", "properties": { "max_height": 0.05374908447265625, "mean_height": 0.0070589156821370125, "std_height": 0.017080480232834816, "count_pixels": 42, "percent_cover": 0.086176826640950416, "percent_above_0.1m": 0.0, "low_level_<0.5": 0.0, "mid_level_0.5-2": 0.0, "tall_2+": 0.0 }, "geometry": { "type": "Point", "coordinates": [ -3.031930216532592, 53.847337439522533 ] } },
{ "type": "Feature", "properties": { "max_height": 5.52349853515625, "mean_height": 1.0617432594299316, "std_height": 1.2952184677124023, "count_pixels": 41, "percent_cover": 0.084124997435213497, "percent_above_0.1m": 60.975609756097562, "low_level_<0.5": 14.634146341463413, "mid_level_0.5-2": 24.390243902439025, "tall_2+": 21.951219512195124 }, "geometry": { "type": "Point", "coordinates": [ -3.031719636704318, 53.847339255676992 ] } },
{ "type": "Feature", "properties": { "max_height": 7.6092491149902344, "mean_height": 1.1289141178131104, "std_height": 1.9406578540802002, "count_pixels": 41, "percent_cover": 0.084124997435213497, "percent_above_0.1m": 41.463414634146339, "low_level_<0.5": 9.7560975609756095, "mid_level_0.5-2": 9.7560975609756095, "tall_2+": 21.951219512195124 }, "geometry": { "type": "Point", "coordinates": [ -3.031509056853707, 53.847341071461706 ] } },
{ "type": "Feature", "properties": { "max_height": 11.888248443603516, "mean_height": 3.9316272735595703, "std_height": 4.0269746780395508, "count_pixels": 41, "percent_cover": 0.084124997435213497, "percent_above_0.1m": 70.731707317073173, "low_level_<0.5": 2.4390243902439024, "mid_level_0.5-2": 19.512195121951219, "tall_2+": 48.780487804878049 }, "geometry": { "type": "Point", "coordinates": [ -3.031298476980777, 53.847342886876675 ] } },
{ "type": "Feature", "properties": { "max_height": 12.544999122619629, "mean_height": 3.9156007766723633, "std_height": 4.2492179870605469, "count_pixels": 37, "percent_cover": 0.075917680612265837, "percent_above_0.1m": 97.297297297297305, "low_level_<0.5": 35.135135135135137, "mid_level_0.5-2": 10.810810810810811, "tall_2+": 45.945945945945951 }, "geometry": { "type": "Point", "coordinates": [ -3.031087897085526, 53.847344701921891 ] } },
{ "type": "Feature", "properties": { "max_height": 6.587498664855957, "mean_height": 0.55552983283996582, "std_height": 1.3354557752609253, "count_pixels": 41, "percent_cover": 0.084124997435213497, "percent_above_0.1m": 46.341463414634148, "low_level_<0.5": 14.634146341463413, "mid_level_0.5-2": 12.195121951219512, "tall_2+": 7.3170731707317067 }, "geometry": { "type": "Point", "coordinates": [ -3.030877317167955, 53.847346516597348 ] } },
{ "type": "Feature", "properties": { "max_height": 8.4084978103637695, "mean_height": 0.73558473587036133, "std_height": 1.830790638923645, "count_pixels": 41, "percent_cover": 0.084124997435213497, "percent_above_0.1m": 26.829268292682929, "low_level_<0.5": 4.8780487804878048, "mid_level_0.5-2": 4.8780487804878048, "tall_2+": 12.195121951219512 }, "geometry": { "type": "Point", "coordinates": [ -3.030666737228071, 53.847348330903053 ] } },
{ "type": "Feature", "properties": { "max_height": 13.398247718811035, "mean_height": 4.6947798728942871, "std_height": 4.8838648796081543, "count_pixels": 41, "percent_cover": 0.084124997435213497, "percent_above_0.1m": 82.926829268292678, "low_level_<0.5": 9.7560975609756095, "mid_level_0.5-2": 21.951219512195124, "tall_2+": 48.780487804878049 }, "geometry": { "type": "Point", "coordinates": [ -3.030456157265884, 53.847350144839034 ] } },
{ "type": "Feature", "properties": { "max_height": 15.13800048828125, "mean_height": 5.561610221862793, "std_height": 5.3145556449890137, "count_pixels": 43, "percent_cover": 0.088228655846687321, "percent_above_0.1m": 69.767441860465112, "low_level_<0.5": 4.6511627906976747, "mid_level_0.5-2": 4.6511627906976747, "tall_2+": 60.465116279069761 }, "geometry": { "type": "Point", "coordinates": [ -3.030245577281395, 53.847351958405241 ] } },
{ "type": "Feature", "properties": { "max_height": 7.2592506408691406, "mean_height": 1.3453949689865112, "std_height": 1.9007633924484253, "count_pixels": 43, "percent_cover": 0.088228655846687321, "percent_above_0.1m": 55.813953488372093, "low_level_<0.5": 4.6511627906976747, "mid_level_0.5-2": 11.627906976744185, "tall_2+": 30.232558139534881 }, "geometry": { "type": "Point", "coordinates": [ -3.030034997274607, 53.847353771601703 ] } },
{ "type": "Feature", "properties": { "max_height": 0.1334991455078125, "mean_height": 0.04011896625161171, "std_height": 0.017713442444801331, "count_pixels": 42, "percent_cover": 0.086176826640950416, "percent_above_0.1m": 2.3809523809523809, "low_level_<0.5": 0.0, "mid_level_0.5-2": 0.0, "tall_2+": 0.0 }, "geometry": { "type": "Point", "coordinates": [ -3.02982441724552, 53.847355584428414 ] } },
{ "type": "Feature", "properties": { "max_height": 0.74849987030029297, "mean_height": 0.063225924968719482, "std_height": 0.11238601803779602, "count_pixels": 42, "percent_cover": 0.086176826640950416, "percent_above_0.1m": 9.5238095238095237, "low_level_<0.5": 2.3809523809523809, "mid_level_0.5-2": 2.3809523809523809, "tall_2+": 0.0 }, "geometry": { "type": "Point", "coordinates": [ -3.029613837194149, 53.847357396885364 ] } },
{ "type": "Feature", "properties": { "max_height": 0.77775001525878906, "mean_height": 0.093307651579380035, "std_height": 0.13979676365852356, "count_pixels": 43, "percent_cover": 0.088228655846687321, "percent_above_0.1m": 11.627906976744185, "low_level_<0.5": 4.6511627906976747, "mid_level_0.5-2": 4.6511627906976747, "tall_2+": 0.0 }, "geometry": { "type": "Point", "coordinates": [ -3.037302684858754, 53.847398817602695 ] } },
{ "type": "Feature", "properties": { "max_height": 4.2220001220703125, "mean_height": 0.32281500101089478, "std_height": 0.78143203258514404, "count_pixels": 42, "percent_cover": 0.086176826640950416, "percent_above_0.1m": 16.666666666666664, "low_level_<0.5": 0.0, "mid_level_0.5-2": 11.904761904761903, "tall_2+": 4.7619047619047619 }, "geometry": { "type": "Point", "coordinates": [ -3.037092102876444, 53.847400644886527 ] } },
{ "type": "Feature", "properties": { "max_height": 13.168498039245605, "mean_height": 5.3965110778808594, "std_height": 4.3560805320739746, "count_pixels": 42, "percent_cover": 0.086176826640950416, "percent_above_0.1m": 73.80952380952381, "low_level_<0.5": 0.0, "mid_level_0.5-2": 7.1428571428571423, "tall_2+": 66.666666666666657 }, "geometry": { "type": "Point", "coordinates": [ -3.036881520871455, 53.847402471801004 ] } },
{ "type": "Feature", "properties": { "max_height": 19.344749450683594, "mean_height": 11.535918235778809, "std_height": 4.1657915115356445, "count_pixels": 43, "percent_cover": 0.088228655846687321, "percent_above_0.1m": 100.0, "low_level_<0.5": 2.3255813953488373, "mid_level_0.5-2": 0.0, "tall_2+": 97.674418604651152 }, "geometry": { "type": "Point", "coordinates": [ -3.036670938843778, 53.847404298346135 ] } },
{ "type": "Feature", "properties": { "max_height": 13.061248779296875, "mean_height": 4.7543425559997559, "std_height": 4.1864991188049316, "count_pixels": 43, "percent_cover": 0.088228655846687321, "percent_above_0.1m": 81.395348837209298, "low_level_<0.5": 2.3255813953488373, "mid_level_0.5-2": 9.3023255813953494, "tall_2+": 67.441860465116278 }, "geometry": { "type": "Point", "coordinates": [ -3.036460356793432, 53.847406124521932 ] } },
{ "type": "Feature", "properties": { "max_height": 11.293499946594238, "mean_height": 5.388237476348877, "std_height": 3.2957358360290527, "count_pixels": 41, "percent_cover": 0.084124997435213497, "percent_above_0.1m": 87.804878048780495, "low_level_<0.5": 2.4390243902439024, "mid_level_0.5-2": 2.4390243902439024, "tall_2+": 80.487804878048792 }, "geometry": { "type": "Point", "coordinates": [ -3.036249774720407, 53.847407950328353 ] } },
{ "type": "Feature", "properties": { "max_height": 3.9932503700256348, "mean_height": 0.43500593304634094, "std_height": 0.76875746250152588, "count_pixels": 41, "percent_cover": 0.084124997435213497, "percent_above_0.1m": 63.414634146341463, "low_level_<0.5": 34.146341463414636, "mid_level_0.5-2": 14.634146341463413, "tall_2+": 4.8780487804878048 }, "geometry": { "type": "Point", "coordinates": [ -3.03603919262472, 53.847409775765435 ] } },
{ "type": "Feature", "properties": { "max_height": 0.11700057983398438, "mean_height": 0.006188846193253994, "std_height": 0.079452686011791229, "count_pixels": 41, "percent_cover": 0.084124997435213497, "percent_above_0.1m": 2.4390243902439024, "low_level_<0.5": 0.0, "mid_level_0.5-2": 0.0, "tall_2+": 0.0 }, "geometry": { "type": "Point", "coordinates": [ -3.035828610506369, 53.847411600833155 ] } },
{ "type": "Feature", "properties": { "max_height": 1.7284994125366211, "mean_height": 0.14567720890045166, "std_height": 0.32696264982223511, "count_pixels": 38, "percent_cover": 0.077969509818002755, "percent_above_0.1m": 15.789473684210526, "low_level_<0.5": 2.6315789473684208, "mid_level_0.5-2": 10.526315789473683, "tall_2+": 0.0 }, "geometry": { "type": "Point", "coordinates": [ -3.035618028365354, 53.847413425531542 ] } },
{ "type": "Feature", "properties": { "max_height": 2.460749626159668, "mean_height": 0.67693233489990234, "std_height": 0.76510894298553467, "count_pixels": 41, "percent_cover": 0.084124997435213497, "percent_above_0.1m": 60.975609756097562, "low_level_<0.5": 14.634146341463413, "mid_level_0.5-2": 31.707317073170731, "tall_2+": 7.3170731707317067 }, "geometry": { "type": "Point", "coordinates": [ -3.035407446201694, 53.847415249860575 ] } },
{ "type": "Feature", "properties": { "max_height": 0.1022491455078125, "mean_height": 0.04731050506234169, "std_height": 0.027972878888249397, "count_pixels": 41, "percent_cover": 0.084124997435213497, "percent_above_0.1m": 2.4390243902439024, "low_level_<0.5": 0.0, "mid_level_0.5-2": 0.0, "tall_2+": 0.0 }, "geometry": { "type": "Point", "coordinates": [ -3.035196864015379, 53.847417073820246 ] } },
{ "type": "Feature", "properties": { "max_height": 0.053250312805175781, "mean_height": -0.0085430843755602837, "std_height": 0.033417392522096634, "count_pixels": 41, "percent_cover": 0.084124997435213497, "percent_above_0.1m": 0.0, "low_level_<0.5": 0.0, "mid_level_0.5-2": 0.0, "tall_2+": 0.0 }, "geometry": { "type": "Point", "coordinates": [ -3.03498628180642, 53.84741889741057 ] } },
{ "type": "Feature", "properties": { "max_height": 0.06024932861328125, "mean_height": -0.01341120433062315, "std_height": 0.043419938534498215, "count_pixels": 42, "percent_cover": 0.086176826640950416, "percent_above_0.1m": 0.0, "low_level_<0.5": 0.0, "mid_level_0.5-2": 0.0, "tall_2+": 0.0 }, "geometry": { "type": "Point", "coordinates": [ -3.034775699645637, 53.847420720604362 ] } },
{ "type": "Feature", "properties": { "max_height": 1.3487491607666016, "mean_height": 0.18628433346748352, "std_height": 0.30206778645515442, "count_pixels": 43, "percent_cover": 0.088228655846687321, "percent_above_0.1m": 37.209302325581397, "low_level_<0.5": 25.581395348837212, "mid_level_0.5-2": 9.3023255813953494, "tall_2+": 0.0 }, "geometry": { "type": "Point", "coordinates": [ -3.03456511858817, 53.847422542504532 ] } },
{ "type": "Feature", "properties": { "max_height": 19.17249870300293, "mean_height": 4.0816559791564941, "std_height": 5.9508671760559082, "count_pixels": 43, "percent_cover": 0.088228655846687321, "percent_above_0.1m": 58.139534883720934, "low_level_<0.5": 9.3023255813953494, "mid_level_0.5-2": 11.627906976744185, "tall_2+": 34.883720930232556 }, "geometry": { "type": "Point", "coordinates": [ -3.034354538518625, 53.847424363281242 ] } },
{ "type": "Feature", "properties": { "max_height": 19.668498992919922, "mean_height": 13.920832633972168, "std_height": 4.7725472450256348, "count_pixels": 42, "percent_cover": 0.086176826640950416, "percent_above_0.1m": 100.0, "low_level_<0.5": 0.0, "mid_level_0.5-2": 4.7619047619047619, "tall_2+": 95.238095238095227 }, "geometry": { "type": "Point", "coordinates": [ -3.034143958426691, 53.847426183688214 ] } },
{ "type": "Feature", "properties": { "max_height": 18.666997909545898, "mean_height": 6.9226846694946289, "std_height": 6.3669033050537109, "count_pixels": 43, "percent_cover": 0.088228655846687321, "percent_above_0.1m": 83.720930232558146, "low_level_<0.5": 2.3255813953488373, "mid_level_0.5-2": 18.604651162790699, "tall_2+": 62.790697674418603 }, "geometry": { "type": "Point", "coordinates": [ -3.033933378312376, 53.847428003725419 ] } },
{ "type": "Feature", "properties": { "max_height": 9.8997507095336914, "mean_height": 4.6689529418945312, "std_height": 2.9842813014984131, "count_pixels": 43, "percent_cover": 0.088228655846687321, "percent_above_0.1m": 86.04651162790698, "low_level_<0.5": 4.6511627906976747, "mid_level_0.5-2": 4.6511627906976747, "tall_2+": 76.744186046511629 }, "geometry": { "type": "Point", "coordinates": [ -3.03372279817568, 53.847429823392858 ] } },
{ "type": "Feature", "properties": { "max_height": 9.4657478332519531, "mean_height": 2.2008073329925537, "std_height": 3.0536329746246338, "count_pixels": 43, "percent_cover": 0.088228655846687321, "percent_above_0.1m": 44.186046511627907, "low_level_<0.5": 0.0, "mid_level_0.5-2": 11.627906976744185, "tall_2+": 32.558139534883722 }, "geometry": { "type": "Point", "coordinates": [ -3.033512218016619, 53.84743164269058 ] } },
{ "type": "Feature", "properties": { "max_height": 0.049749374389648438, "mean_height": 0.022023666650056839, "std_height": 0.015133306384086609, "count_pixels": 41, "percent_cover": 0.084124997435213497, "percent_above_0.1m": 0.0, "low_level_<0.5": 0.0, "mid_level_0.5-2": 0.0, "tall_2+": 0.0 }, "geometry": { "type": "Point", "coordinates": [ -3.033301637835188, 53.847433461618543 ] } },
{ "type": "Feature", "properties": { "max_height": 0.039999961853027344, "mean_height": -0.0013417964801192284, "std_height": 0.019206969067454338, "count_pixels": 41, "percent_cover": 0.084124997435213497, "percent_above_0.1m": 0.0, "low_level_<0.5": 0.0, "mid_level_0.5-2": 0.0, "tall_2+": 0.0 }, "geometry": { "type": "Point", "coordinates": [ -3.03309105763139, 53.847435280176732 ] } },
{ "type": "Feature", "properties": { "max_height": -0.0030012130737304688, "mean_height": -0.058225862681865692, "std_height": 0.03928765282034874, "count_pixels": 41, "percent_cover": 0.084124997435213497, "percent_above_0.1m": 0.0, "low_level_<0.5": 0.0, "mid_level_0.5-2": 0.0, "tall_2+": 0.0 }, "geometry": { "type": "Point", "coordinates": [ -3.032880477405236, 53.847437098365198 ] } },
{ "type": "Feature", "properties": { "max_height": 0.072999954223632812, "mean_height": 0.017894016578793526, "std_height": 0.032094225287437439, "count_pixels": 38, "percent_cover": 0.077969509818002755, "percent_above_0.1m": 0.0, "low_level_<0.5": 0.0, "mid_level_0.5-2": 0.0, "tall_2+": 0.0 }, "geometry": { "type": "Point", "coordinates": [ -3.032669897156721, 53.84743891618389 ] } },
{ "type": "Feature", "properties": { "max_height": 0.067749977111816406, "mean_height": 0.025347361341118813, "std_height": 0.017511164769530296, "count_pixels": 41, "percent_cover": 0.084124997435213497, "percent_above_0.1m": 0.0, "low_level_<0.5": 0.0, "mid_level_0.5-2": 0.0, "tall_2+": 0.0 }, "geometry": { "type": "Point", "coordinates": [ -3.032459316885862, 53.847440733632851 ] } },
{ "type": "Feature", "properties": { "max_height": 0.063250541687011719, "mean_height": 0.01939626969397068, "std_height": 0.020252024754881859, "count_pixels": 41, "percent_cover": 0.084124997435213497, "percent_above_0.1m": 0.0, "low_level_<0.5": 0.0, "mid_level_0.5-2": 0.0, "tall_2+": 0.0 }, "geometry": { "type": "Point", "coordinates": [ -3.032248736592664, 53.847442550712053 ] } },
{ "type": "Feature", "properties": { "max_height": 0.069748878479003906, "mean_height": 0.0098835080862045288, "std_height": 0.020566854625940323, "count_pixels": 41, "percent_cover": 0.084124997435213497, "percent_above_0.1m": 0.0, "low_level_<0.5": 0.0, "mid_level_0.5-2": 0.0, "tall_2+": 0.0 }, "geometry": { "type": "Point", "coordinates": [ -3.03203815627711, 53.847444367421481 ] } },
{ "type": "Feature", "properties": { "max_height": 0.7864990234375, "mean_height": 0.085648082196712494, "std_height": 0.17698477208614349, "count_pixels": 42, "percent_cover": 0.086176826640950416, "percent_above_0.1m": 21.428571428571427, "low_level_<0.5": 7.1428571428571423, "mid_level_0.5-2": 7.1428571428571423, "tall_2+": 0.0 }, "geometry": { "type": "Point", "coordinates": [ -3.031827575939231, 53.847446183761178 ] } },
{ "type": "Feature", "properties": { "max_height": 7.6982498168945312, "mean_height": 1.8041272163391113, "std_height": 1.8979402780532837, "count_pixels": 43, "percent_cover": 0.088228655846687321, "percent_above_0.1m": 67.441860465116278, "low_level_<0.5": 4.6511627906976747, "mid_level_0.5-2": 20.930232558139537, "tall_2+": 41.860465116279073 }, "geometry": { "type": "Point", "coordinates": [ -3.031616995579012, 53.847447999731116 ] } },
{ "type": "Feature", "properties": { "max_height": 5.0832490921020508, "mean_height": 2.3449468612670898, "std_height": 1.3751218318939209, "count_pixels": 43, "percent_cover": 0.088228655846687321, "percent_above_0.1m": 90.697674418604649, "low_level_<0.5": 2.3255813953488373, "mid_level_0.5-2": 34.883720930232556, "tall_2+": 53.488372093023251 }, "geometry": { "type": "Point", "coordinates": [ -3.031406415196469, 53.847449815331309 ] } },
{ "type": "Feature", "properties": { "max_height": 6.9352493286132812, "mean_height": 1.8986480236053467, "std_height": 1.9916195869445801, "count_pixels": 42, "percent_cover": 0.086176826640950416, "percent_above_0.1m": 97.61904761904762, "low_level_<0.5": 28.571428571428569, "mid_level_0.5-2": 30.952380952380953, "tall_2+": 33.333333333333329 }, "geometry": { "type": "Point", "coordinates": [ -3.031195834791603, 53.84745163056175 ] } },
{ "type": "Feature", "properties": { "max_height": 1.7559995651245117, "mean_height": 0.53938889503479004, "std_height": 0.5588146448135376, "count_pixels": 43, "percent_cover": 0.088228655846687321, "percent_above_0.1m": 79.069767441860463, "low_level_<0.5": 44.186046511627907, "mid_level_0.5-2": 30.232558139534881, "tall_2+": 0.0 }, "geometry": { "type": "Point", "coordinates": [ -3.03098525436442, 53.847453445422438 ] } },
{ "type": "Feature", "properties": { "max_height": 0.06874847412109375, "mean_height": 0.042650531977415085, "std_height": 0.010379629209637642, "count_pixels": 43, "percent_cover": 0.088228655846687321, "percent_above_0.1m": 0.0, "low_level_<0.5": 0.0, "mid_level_0.5-2": 0.0, "tall_2+": 0.0 }, "geometry": { "type": "Point", "coordinates": [ -3.030774673914921, 53.847455259913382 ] } },
{ "type": "Feature", "properties": { "max_height": 0.05825042724609375, "mean_height": 0.037766832858324051, "std_height": 0.0089411623775959015, "count_pixels": 43, "percent_cover": 0.088228655846687321, "percent_above_0.1m": 0.0, "low_level_<0.5": 0.0, "mid_level_0.5-2": 0.0, "tall_2+": 0.0 }, "geometry": { "type": "Point", "coordinates": [ -3.030564093443112, 53.847457074034565 ] } },
{ "type": "Feature", "properties": { "max_height": 4.7402496337890625, "mean_height": 0.92252367734909058, "std_height": 1.2805489301681519, "count_pixels": 41, "percent_cover": 0.084124997435213497, "percent_above_0.1m": 48.780487804878049, "low_level_<0.5": 7.3170731707317067, "mid_level_0.5-2": 26.829268292682929, "tall_2+": 14.634146341463413 }, "geometry": { "type": "Point", "coordinates": [ -3.030353512948996, 53.84745888778599 ] } },
{ "type": "Feature", "properties": { "max_height": 10.003749847412109, "mean_height": 4.5761275291442871, "std_height": 3.0518944263458252, "count_pixels": 41, "percent_cover": 0.084124997435213497, "percent_above_0.1m": 97.560975609756099, "low_level_<0.5": 7.3170731707317067, "mid_level_0.5-2": 19.512195121951219, "tall_2+": 70.731707317073173 }, "geometry": { "type": "Point", "coordinates": [ -3.030142932432584, 53.847460701167684 ] } },
{ "type": "Feature", "properties": { "max_height": 4.1680002212524414, "mean_height": 0.34636566042900085, "std_height": 0.84245723485946655, "count_pixels": 41, "percent_cover": 0.084124997435213497, "percent_above_0.1m": 17.073170731707318, "low_level_<0.5": 2.4390243902439024, "mid_level_0.5-2": 4.8780487804878048, "tall_2+": 7.3170731707317067 }, "geometry": { "type": "Point", "coordinates": [ -3.029932351893871, 53.847462514179618 ] } },
{ "type": "Feature", "properties": { "max_height": 0.081998825073242188, "mean_height": 0.053901020437479019, "std_height": 0.013836189173161983, "count_pixels": 38, "percent_cover": 0.077969509818002755, "percent_above_0.1m": 0.0, "low_level_<0.5": 0.0, "mid_level_0.5-2": 0.0, "tall_2+": 0.0 }, "geometry": { "type": "Point", "coordinates": [ -3.02972177133287, 53.847464326821786 ] } },
{ "type": "Feature", "properties": { "max_height": 0.059248924255371094, "mean_height": 0.043298490345478058, "std_height": 0.0071239043027162552, "count_pixels": 41, "percent_cover": 0.084124997435213497, "percent_above_0.1m": 0.0, "low_level_<0.5": 0.0, "mid_level_0.5-2": 0.0, "tall_2+": 0.0 }, "geometry": { "type": "Point", "coordinates": [ -3.029511190749581, 53.847466139094209 ] } },
{ "type": "Feature", "properties": { "max_height": 8.2617502212524414, "mean_height": 2.6483838558197021, "std_height": 2.777686595916748, "count_pixels": 41, "percent_cover": 0.084124997435213497, "percent_above_0.1m": 60.975609756097562, "low_level_<0.5": 0.0, "mid_level_0.5-2": 12.195121951219512, "tall_2+": 48.780487804878049 }, "geometry": { "type": "Point", "coordinates": [ -3.02930061014401, 53.847467950996901 ] } },
{ "type": "Feature", "properties": { "max_height": 4.7989997863769531, "mean_height": 0.4519324004650116, "std_height": 1.0733242034912109, "count_pixels": 41, "percent_cover": 0.084124997435213497, "percent_above_0.1m": 21.951219512195124, "low_level_<0.5": 4.8780487804878048, "mid_level_0.5-2": 7.3170731707317067, "tall_2+": 7.3170731707317067 }, "geometry": { "type": "Point", "coordinates": [ -3.037200056598027, 53.847507567231496 ] } },
{ "type": "Feature", "properties": { "max_height": 9.0864992141723633, "mean_height": 4.3791899681091309, "std_height": 3.4075226783752441, "count_pixels": 38, "percent_cover": 0.077969509818002755, "percent_above_0.1m": 76.31578947368422, "low_level_<0.5": 2.6315789473684208, "mid_level_0.5-2": 10.526315789473683, "tall_2+": 63.157894736842103 }, "geometry": { "type": "Point", "coordinates": [ -3.036989474076465, 53.847509394342907 ] } },
{ "type": "Feature", "properties": { "max_height": 18.126998901367188, "mean_height": 6.7011828422546387, "std_height": 6.8095912933349609, "count_pixels": 41, "percent_cover": 0.084124997435213497, "percent_above_0.1m": 75.609756097560975, "low_level_<0.5": 9.7560975609756095, "mid_level_0.5-2": 7.3170731707317067, "tall_2+": 56.09756097560976 }, "geometry": { "type": "Point", "coordinates": [ -3.036778891532211, 53.847511221084957 ] } },
{ "type": "Feature", "properties": { "max_height": 19.735248565673828, "mean_height": 8.8845844268798828, "std_height": 6.3523392677307129, "count_pixels": 41, "percent_cover": 0.084124997435213497, "percent_above_0.1m": 80.487804878048792, "low_level_<0.5": 0.0, "mid_level_0.5-2": 4.8780487804878048, "tall_2+": 75.609756097560975 }, "geometry": { "type": "Point", "coordinates": [ -3.036568308965283, 53.847513047457667 ] } },
{ "type": "Feature", "properties": { "max_height": 8.8870000839233398, "mean_height": 2.3161702156066895, "std_height": 3.0601563453674316, "count_pixels": 41, "percent_cover": 0.084124997435213497, "percent_above_0.1m": 56.09756097560976, "low_level_<0.5": 4.8780487804878048, "mid_level_0.5-2": 14.634146341463413, "tall_2+": 36.585365853658537 }, "geometry": { "type": "Point", "coordinates": [ -3.03635772637568, 53.847514873461023 ] } },
{ "type": "Feature", "properties": { "max_height": 0.027249813079833984, "mean_height": -0.14441895484924316, "std_height": 0.12317690253257751, "count_pixels": 43, "percent_cover": 0.088228655846687321, "percent_above_0.1m": 0.0, "low_level_<0.5": 0.0, "mid_level_0.5-2": 0.0, "tall_2+": 0.0 }, "geometry": { "type": "Point", "coordinates": [ -3.036147143763406, 53.847516699095031 ] } },
{ "type": "Feature", "properties": { "max_height": 0.072000026702880859, "mean_height": -0.0022443616762757301, "std_height": 0.040174800902605057, "count_pixels": 43, "percent_cover": 0.088228655846687321, "percent_above_0.1m": 0.0, "low_level_<0.5": 0.0, "mid_level_0.5-2": 0.0, "tall_2+": 0.0 }, "geometry": { "type": "Point", "coordinates": [ -3.035936561128466, 53.847518524359678 ] } },
{ "type": "Feature", "properties": { "max_height": 0.15924978256225586, "mean_height": -0.054869312793016434, "std_height": 0.13982142508029938, "count_pixels": 42, "percent_cover": 0.086176826640950416, "percent_above_0.1m": 4.7619047619047619, "low_level_<0.5": 2.3809523809523809, "mid_level_0.5-2": 0.0, "tall_2+": 0.0 }, "geometry": { "type": "Point", "coordinates": [ -3.035725978470868, 53.847520349254964 ] } },
{ "type": "Feature", "properties": { "max_height": 0.85174942016601562, "mean_height": -0.035149130970239639, "std_height": 0.19817860424518585, "count_pixels": 42, "percent_cover": 0.086176826640950416, "percent_above_0.1m": 7.1428571428571423, "low_level_<0.5": 2.3809523809523809, "mid_level_0.5-2": 2.3809523809523809, "tall_2+": 0.0 }, "geometry": { "type": "Point", "coordinates": [ -3.035515395790612, 53.847522173780895 ] } },
{ "type": "Feature", "properties": { "max_height": 3.4624996185302734, "mean_height": 0.49319148063659668, "std_height": 0.82681524753570557, "count_pixels": 43, "percent_cover": 0.088228655846687321, "percent_above_0.1m": 41.860465116279073, "low_level_<0.5": 6.9767441860465116, "mid_level_0.5-2": 25.581395348837212, "tall_2+": 6.9767441860465116 }, "geometry": { "type": "Point", "coordinates": [ -3.035304813087706, 53.847523997937493 ] } },
{ "type": "Feature", "properties": { "max_height": 9.1309995651245117, "mean_height": 1.8157554864883423, "std_height": 2.8517100811004639, "count_pixels": 43, "percent_cover": 0.088228655846687321, "percent_above_0.1m": 37.209302325581397, "low_level_<0.5": 2.3255813953488373, "mid_level_0.5-2": 4.6511627906976747, "tall_2+": 30.232558139534881 }, "geometry": { "type": "Point", "coordinates": [ -3.035094230362152, 53.84752582172473 ] } },
{ "type": "Feature", "properties": { "max_height": 0.061248779296875, "mean_height": 0.0092971669510006905, "std_height": 0.030904723331332207, "count_pixels": 42, "percent_cover": 0.086176826640950416, "percent_above_0.1m": 0.0, "low_level_<0.5": 0.0, "mid_level_0.5-2": 0.0, "tall_2+": 0.0 }, "geometry": { "type": "Point", "coordinates": [ -3.034883647613953, 53.847527645142613 ] } },
{ "type": "Feature", "properties": { "max_height": 0.066499710083007812, "mean_height": 0.02597520500421524, "std_height": 0.019921422004699707, "count_pixels": 41, "percent_cover": 0.084124997435213497, "percent_above_0.1m": 0.0, "low_level_<0.5": 0.0, "mid_level_0.5-2": 0.0, "tall_2+": 0.0 }, "geometry": { "type": "Point", "coordinates": [ -3.03467306541285, 53.847529467917795 ] } },
{ "type": "Feature", "properties": { "max_height": 0.42549991607666016, "mean_height": 0.048719082027673721, "std_height": 0.065031617879867554, "count_pixels": 41, "percent_cover": 0.084124997435213497, "percent_above_0.1m": 2.4390243902439024, "low_level_<0.5": 2.4390243902439024, "mid_level_0.5-2": 0.0, "tall_2+": 0.0 }, "geometry": { "type": "Point", "coordinates": [ -3.034462484400605, 53.8475312890479 ] } },
{ "type": "Feature", "properties": { "max_height": 2.713749885559082, "mean_height": 0.13492025434970856, "std_height": 0.44772416353225708, "count_pixels": 41, "percent_cover": 0.084124997435213497, "percent_above_0.1m": 9.7560975609756095, "low_level_<0.5": 4.8780487804878048, "mid_level_0.5-2": 2.4390243902439024, "tall_2+": 2.4390243902439024 }, "geometry": { "type": "Point", "coordinates": [ -3.034251903799091, 53.847533109640096 ] } },
{ "type": "Feature", "properties": { "max_height": 18.961248397827148, "mean_height": 9.2936801910400391, "std_height": 7.1952934265136719, "count_pixels": 37, "percent_cover": 0.075917680612265837, "percent_above_0.1m": 72.972972972972968, "low_level_<0.5": 5.4054054054054053, "mid_level_0.5-2": 0.0, "tall_2+": 67.567567567567565 }, "geometry": { "type": "Point", "coordinates": [ -3.034041323175192, 53.847534929862569 ] } },
{ "type": "Feature", "properties": { "max_height": 19.178749084472656, "mean_height": 13.655162811279297, "std_height": 4.3842964172363281, "count_pixels": 41, "percent_cover": 0.084124997435213497, "percent_above_0.1m": 100.0, "low_level_<0.5": 0.0, "mid_level_0.5-2": 2.4390243902439024, "tall_2+": 97.560975609756099 }, "geometry": { "type": "Point", "coordinates": [ -3.033830742528916, 53.847536749715267 ] } },
{ "type": "Feature", "properties": { "max_height": 18.031997680664062, "mean_height": 11.86701774597168, "std_height": 4.2371945381164551, "count_pixels": 41, "percent_cover": 0.084124997435213497, "percent_above_0.1m": 100.0, "low_level_<0.5": 0.0, "mid_level_0.5-2": 0.0, "tall_2+": 100.0 }, "geometry": { "type": "Point", "coordinates": [ -3.033620161860263, 53.847538569198214 ] } },
{ "type": "Feature", "properties": { "max_height": 17.899997711181641, "mean_height": 4.9470663070678711, "std_height": 6.5642848014831543, "count_pixels": 41, "percent_cover": 0.084124997435213497, "percent_above_0.1m": 51.219512195121951, "low_level_<0.5": 2.4390243902439024, "mid_level_0.5-2": 9.7560975609756095, "tall_2+": 39.024390243902438 }, "geometry": { "type": "Point", "coordinates": [ -3.033409581169237, 53.847540388311415 ] } },
{ "type": "Feature", "properties": { "max_height": 0.029499053955078125, "mean_height": -0.018418954685330391, "std_height": 0.025370175018906593, "count_pixels": 43, "percent_cover": 0.088228655846687321, "percent_above_0.1m": 0.0, "low_level_<0.5": 0.0, "mid_level_0.5-2": 0.0, "tall_2+": 0.0 }, "geometry": { "type": "Point", "coordinates": [ -3.033199000455853, 53.84754220705485 ] } },
{ "type": "Feature", "properties": { "max_height": 0.046749114990234375, "mean_height": -0.029541037976741791, "std_height": 0.029867652803659439, "count_pixels": 43, "percent_cover": 0.088228655846687321, "percent_above_0.1m": 0.0, "low_level_<0.5": 0.0, "mid_level_0.5-2": 0.0, "tall_2+": 0.0 }, "geometry": { "type": "Point", "coordinates": [ -3.0329884197201, 53.84754402542854 ] } },
{ "type": "Feature", "properties": { "max_height": 0.035749435424804688, "mean_height": -0.024006389081478119, "std_height": 0.031566474586725235, "count_pixels": 42, "percent_cover": 0.086176826640950416, "percent_above_0.1m": 0.0, "low_level_<0.5": 0.0, "mid_level_0.5-2": 0.0, "tall_2+": 0.0 }, "geometry": { "type": "Point", "coordinates": [ -3.03277783896199, 53.847545843432478 ] } },
{ "type": "Feature", "properties": { "max_height": 0.079498291015625, "mean_height": 0.036951858550310135, "std_height": 0.018019335344433784, "count_pixels": 42, "percent_cover": 0.086176826640950416, "percent_above_0.1m": 0.0, "low_level_<0.5": 0.0, "mid_level_0.5-2": 0.0, "tall_2+": 0.0 }, "geometry": { "type": "Point", "coordinates": [ -3.032567258181531, 53.847547661066663 ] } },
{ "type": "Feature", "properties": { "max_height": 0.036499977111816406, "mean_height": 0.013203044421970844, "std_height": 0.011250707320868969, "count_pixels": 43, "percent_cover": 0.088228655846687321, "percent_above_0.1m": 0.0, "low_level_<0.5": 0.0, "mid_level_0.5-2": 0.0, "tall_2+": 0.0 }, "geometry": { "type": "Point", "coordinates": [ -3.032356677378722, 53.847549478331111 ] } },
{ "type": "Feature", "properties": { "max_height": 0.060500144958496094, "mean_height": 0.014853965491056442, "std_height": 0.014662247151136398, "count_pixels": 43, "percent_cover": 0.088228655846687321, "percent_above_0.1m": 0.0, "low_level_<0.5": 0.0, "mid_level_0.5-2": 0.0, "tall_2+": 0.0 }, "geometry": { "type": "Point", "coordinates": [ -3.03214609655357, 53.847551295225784 ] } },
{ "type": "Feature", "properties": { "max_height": 0.98649883270263672, "mean_height": 0.061463650315999985, "std_height": 0.17129357159137726, "count_pixels": 42, "percent_cover": 0.086176826640950416, "percent_above_0.1m": 16.666666666666664, "low_level_<0.5": 9.5238095238095237, "mid_level_0.5-2": 2.3809523809523809, "tall_2+": 0.0 }, "geometry": { "type": "Point", "coordinates": [ -3.031935515706079, 53.84755311175072 ] } },
{ "type": "Feature", "properties": { "max_height": 1.7597494125366211, "mean_height": 0.22617612779140472, "std_height": 0.39320537447929382, "count_pixels": 41, "percent_cover": 0.084124997435213497, "percent_above_0.1m": 39.024390243902438, "low_level_<0.5": 21.951219512195124, "mid_level_0.5-2": 12.195121951219512, "tall_2+": 0.0 }, "geometry": { "type": "Point", "coordinates": [ -3.031724934836256, 53.84755492790589 ] } },
{ "type": "Feature", "properties": { "max_height": 3.8489990234375, "mean_height": 0.65024340152740479, "std_height": 0.96602404117584229, "count_pixels": 41, "percent_cover": 0.084124997435213497, "percent_above_0.1m": 51.219512195121951, "low_level_<0.5": 12.195121951219512, "mid_level_0.5-2": 29.268292682926827, "tall_2+": 7.3170731707317067 }, "geometry": { "type": "Point", "coordinates": [ -3.031514353944099, 53.847556743691321 ] } },
{ "type": "Feature", "properties": { "max_height": 4.2389984130859375, "mean_height": 1.8259930610656738, "std_height": 1.1202832460403442, "count_pixels": 41, "percent_cover": 0.084124997435213497, "percent_above_0.1m": 87.804878048780495, "low_level_<0.5": 4.8780487804878048, "mid_level_0.5-2": 36.585365853658537, "tall_2+": 46.341463414634148 }, "geometry": { "type": "Point", "coordinates": [ -3.031303773029615, 53.847558559106979 ] } },
{ "type": "Feature", "properties": { "max_height": 4.5520000457763672, "mean_height": 1.1402424573898315, "std_height": 1.3851519823074341, "count_pixels": 37, "percent_cover": 0.075917680612265837, "percent_above_0.1m": 78.378378378378372, "low_level_<0.5": 21.621621621621621, "mid_level_0.5-2": 21.621621621621621, "tall_2+": 24.324324324324326 }, "geometry": { "type": "Point", "coordinates": [ -3.031093192092817, 53.847560374152891 ] } },
{ "type": "Feature", "properties": { "max_height": 0.064249038696289062, "mean_height": 0.042663991451263428, "std_height": 0.0098993908613920212, "count_pixels": 41, "percent_cover": 0.084124997435213497, "percent_above_0.1m": 0.0, "low_level_<0.5": 0.0, "mid_level_0.5-2": 0.0, "tall_2+": 0.0 }, "geometry": { "type": "Point", "coordinates": [ -3.030882611133696, 53.847562188829066 ] } },
{ "type": "Feature", "properties": { "max_height": 0.12874889373779297, "mean_height": 0.038304165005683899, "std_height": 0.019143417477607727, "count_pixels": 41, "percent_cover": 0.084124997435213497, "percent_above_0.1m": 2.4390243902439024, "low_level_<0.5": 0.0, "mid_level_0.5-2": 0.0, "tall_2+": 0.0 }, "geometry": { "type": "Point", "coordinates": [ -3.030672030152263, 53.847564003135453 ] } },
{ "type": "Feature", "properties": { "max_height": 1.8089990615844727, "mean_height": 0.40556034445762634, "std_height": 0.62206524610519409, "count_pixels": 41, "percent_cover": 0.084124997435213497, "percent_above_0.1m": 39.024390243902438, "low_level_<0.5": 9.7560975609756095, "mid_level_0.5-2": 24.390243902439025, "tall_2+": 0.0 }, "geometry": { "type": "Point", "coordinates": [ -3.030461449148527, 53.847565817072123 ] } },
{ "type": "Feature", "properties": { "max_height": 3.4357500076293945, "mean_height": 0.46948784589767456, "std_height": 0.74518567323684692, "count_pixels": 43, "percent_cover": 0.088228655846687321, "percent_above_0.1m": 41.860465116279073, "low_level_<0.5": 6.9767441860465116, "mid_level_0.5-2": 25.581395348837212, "tall_2+": 4.6511627906976747 }, "geometry": { "type": "Point", "coordinates": [ -3.030250868122486, 53.84756763063902 ] } },
{ "type": "Feature", "properties": { "max_height": 8.9715003967285156, "mean_height": 2.7760288715362549, "std_height": 2.9763996601104736, "count_pixels": 43, "percent_cover": 0.088228655846687321, "percent_above_0.1m": 58.139534883720934, "low_level_<0.5": 2.3255813953488373, "mid_level_0.5-2": 6.9767441860465116, "tall_2+": 48.837209302325576 }, "geometry": { "type": "Point", "coordinates": [ -3.030040287074141, 53.847569443836164 ] } },
{ "type": "Feature", "properties": { "max_height": 0.090749740600585938, "mean_height": 0.065922394394874573, "std_height": 0.011941025964915752, "count_pixels": 42, "percent_cover": 0.086176826640950416, "percent_above_0.1m": 0.0, "low_level_<0.5": 0.0, "mid_level_0.5-2": 0.0, "tall_2+": 0.0 }, "geometry": { "type": "Point", "coordinates": [ -3.029829706003509, 53.847571256663564 ] } },
{ "type": "Feature", "properties": { "max_height": 0.070749282836914062, "mean_height": 0.053100951015949249, "std_height": 0.0072720376774668694, "count_pixels": 42, "percent_cover": 0.086176826640950416, "percent_above_0.1m": 0.0, "low_level_<0.5": 0.0, "mid_level_0.5-2": 0.0, "tall_2+": 0.0 }, "geometry": { "type": "Point", "coordinates": [ -3.029619124910587, 53.847573069121204 ] } },
{ "type": "Feature", "properties": { "max_height": 17.362251281738281, "mean_height": 7.900993824005127, "std_height": 6.2191662788391113, "count_pixels": 43, "percent_cover": 0.088228655846687321, "percent_above_0.1m": 76.744186046511629, "low_level_<0.5": 2.3255813953488373, "mid_level_0.5-2": 4.6511627906976747, "tall_2+": 69.767441860465112 }, "geometry": { "type": "Point", "coordinates": [ -3.029408543795372, 53.847574881209091 ] } },
{ "type": "Feature", "properties": { "max_height": 17.664499282836914, "mean_height": 9.8603143692016602, "std_height": 6.3818378448486328, "count_pixels": 43, "percent_cover": 0.088228655846687321, "percent_above_0.1m": 88.372093023255815, "low_level_<0.5": 2.3255813953488373, "mid_level_0.5-2": 9.3023255813953494, "tall_2+": 76.744186046511629 }, "geometry": { "type": "Point", "coordinates": [ -3.029197962657886, 53.847576692927241 ] } },
{ "type": "Feature", "properties": { "max_height": 1.391749382019043, "mean_height": 0.13920877873897552, "std_height": 0.30722463130950928, "count_pixels": 43, "percent_cover": 0.088228655846687321, "percent_above_0.1m": 11.627906976744185, "low_level_<0.5": 2.3255813953488373, "mid_level_0.5-2": 6.9767441860465116, "tall_2+": 0.0 }, "geometry": { "type": "Point", "coordinates": [ -3.037308010858868, 53.84761448946972 ] } },
{ "type": "Feature", "properties": { "max_height": 8.7222499847412109, "mean_height": 3.1339817047119141, "std_height": 3.2333519458770752, "count_pixels": 42, "percent_cover": 0.086176826640950416, "percent_above_0.1m": 61.904761904761905, "low_level_<0.5": 2.3809523809523809, "mid_level_0.5-2": 11.904761904761903, "tall_2+": 47.619047619047613 }, "geometry": { "type": "Point", "coordinates": [ -3.03709742782073, 53.847616316778058 ] } },
{ "type": "Feature", "properties": { "max_height": 9.5959997177124023, "mean_height": 2.3618206977844238, "std_height": 3.1756041049957275, "count_pixels": 42, "percent_cover": 0.086176826640950416, "percent_above_0.1m": 52.380952380952387, "low_level_<0.5": 9.5238095238095237, "mid_level_0.5-2": 0.0, "tall_2+": 38.095238095238095 }, "geometry": { "type": "Point", "coordinates": [ -3.036886844759898, 53.847618143717035 ] } },
{ "type": "Feature", "properties": { "max_height": 0.14299869537353516, "mean_height": 0.046824898570775986, "std_height": 0.027769109234213829, "count_pixels": 43, "percent_cover": 0.088228655846687321, "percent_above_0.1m": 4.6511627906976747, "low_level_<0.5": 0.0, "mid_level_0.5-2": 0.0, "tall_2+": 0.0 }, "geometry": { "type": "Point", "coordinates": [ -3.036676261676389, 53.847619970286672 ] } },
{ "type": "Feature", "properties": { "max_height": 11.928999900817871, "mean_height": 1.3738945722579956, "std_height": 3.0068461894989014, "count_pixels": 43, "percent_cover": 0.088228655846687321, "percent_above_0.1m": 30.232558139534881, "low_level_<0.5": 0.0, "mid_level_0.5-2": 6.9767441860465116, "tall_2+": 18.604651162790699 }, "geometry": { "type": "Point", "coordinates": [ -3.036465678570203, 53.847621796486941 ] } },
{ "type": "Feature", "properties": { "max_height": 13.96299934387207, "mean_height": 2.5924263000488281, "std_height": 4.2979445457458496, "count_pixels": 41, "percent_cover": 0.084124997435213497, "percent_above_0.1m": 46.341463414634148, "low_level_<0.5": 7.3170731707317067, "mid_level_0.5-2": 4.8780487804878048, "tall_2+": 31.707317073170731 }, "geometry": { "type": "Point", "coordinates": [ -3.036255095441341, 53.847623622317862 ] } },
{ "type": "Feature", "properties": { "max_height": 0.85049962997436523, "mean_height": 0.026036284863948822, "std_height": 0.14806418120861053, "count_pixels": 41, "percent_cover": 0.084124997435213497, "percent_above_0.1m": 9.7560975609756095, "low_level_<0.5": 2.4390243902439024, "mid_level_0.5-2": 2.4390243902439024, "tall_2+": 0.0 }, "geometry": { "type": "Point", "coordinates": [ -3.036044512289813, 53.847625447779414 ] } },
{ "type": "Feature", "properties": { "max_height": 1.4117498397827148, "mean_height": 0.093920521438121796, "std_height": 0.26751670241355896, "count_pixels": 41, "percent_cover": 0.084124997435213497, "percent_above_0.1m": 19.512195121951219, "low_level_<0.5": 14.634146341463413, "mid_level_0.5-2": 4.8780487804878048, "tall_2+": 0.0 }, "geometry": { "type": "Point", "coordinates": [ -3.035833929115623, 53.847627272871648 ] } },
{ "type": "Feature", "properties": { "max_height": 1.1509990692138672, "mean_height": -0.13208585977554321, "std_height": 0.36444422602653503, "count_pixels": 38, "percent_cover": 0.077969509818002755, "percent_above_0.1m": 10.526315789473683, "low_level_<0.5": 2.6315789473684208, "mid_level_0.5-2": 5.2631578947368416, "tall_2+": 0.0 }, "geometry": { "type": "Point", "coordinates": [ -3.035623345918778, 53.847629097594506 ] } },
{ "type": "Feature", "properties": { "max_height": 1.307499885559082, "mean_height": -0.045488055795431137, "std_height": 0.26467803120613098, "count_pixels": 41, "percent_cover": 0.084124997435213497, "percent_above_0.1m": 4.8780487804878048, "low_level_<0.5": 0.0, "mid_level_0.5-2": 2.4390243902439024, "tall_2+": 0.0 }, "geometry": { "type": "Point", "coordinates": [ -3.035412762699274, 53.84763092194801 ] } },
{ "type": "Feature", "properties": { "max_height": 8.4414997100830078, "mean_height": 0.40459096431732178, "std_height": 1.5051645040512085, "count_pixels": 41, "percent_cover": 0.084124997435213497, "percent_above_0.1m": 12.195121951219512, "low_level_<0.5": 2.4390243902439024, "mid_level_0.5-2": 0.0, "tall_2+": 9.7560975609756095 }, "geometry": { "type": "Point", "coordinates": [ -3.035202179457118, 53.847632745932152 ] } },
{ "type": "Feature", "properties": { "max_height": 3.7220001220703125, "mean_height": 0.62463366985321045, "std_height": 0.94330549240112305, "count_pixels": 41, "percent_cover": 0.084124997435213497, "percent_above_0.1m": 46.341463414634148, "low_level_<0.5": 9.7560975609756095, "mid_level_0.5-2": 24.390243902439025, "tall_2+": 9.7560975609756095 }, "geometry": { "type": "Point", "coordinates": [ -3.034991596192322, 53.84763456954694 ] } },
{ "type": "Feature", "properties": { "max_height": 0.05699920654296875, "mean_height": 0.03173171728849411, "std_height": 0.011335307732224464, "count_pixels": 42, "percent_cover": 0.086176826640950416, "percent_above_0.1m": 0.0, "low_level_<0.5": 0.0, "mid_level_0.5-2": 0.0, "tall_2+": 0.0 }, "geometry": { "type": "Point", "coordinates": [ -3.034781012950969, 53.847636392774639 ] } },
{ "type": "Feature", "properties": { "max_height": 0.058000564575195312, "mean_height": 0.030087027698755264, "std_height": 0.013983201235532761, "count_pixels": 43, "percent_cover": 0.088228655846687321, "percent_above_0.1m": 0.0, "low_level_<0.5": 0.0, "mid_level_0.5-2": 0.0, "tall_2+": 0.0 }, "geometry": { "type": "Point", "coordinates": [ -3.034570430814556, 53.847638214719851 ] } },
{ "type": "Feature", "properties": { "max_height": 0.22849941253662109, "mean_height": 0.058819569647312164, "std_height": 0.03245982900261879, "count_pixels": 43, "percent_cover": 0.088228655846687321, "percent_above_0.1m": 4.6511627906976747, "low_level_<0.5": 2.3255813953488373, "mid_level_0.5-2": 0.0, "tall_2+": 0.0 }, "geometry": { "type": "Point", "coordinates": [ -3.034359849703456, 53.847640035497321 ] } },
{ "type": "Feature", "properties": { "max_height": 0.068999290466308594, "mean_height": 0.034172125160694122, "std_height": 0.013934106566011906, "count_pixels": 42, "percent_cover": 0.086176826640950416, "percent_above_0.1m": 0.0, "low_level_<0.5": 0.0, "mid_level_0.5-2": 0.0, "tall_2+": 0.0 }, "geometry": { "type": "Point", "coordinates": [ -3.034149268569975, 53.847641855905017 ] } },
{ "type": "Feature", "properties": { "max_height": 12.700499534606934, "mean_height": 0.9567495584487915, "std_height": 2.7384259700775146, "count_pixels": 43, "percent_cover": 0.088228655846687321, "percent_above_0.1m": 13.953488372093023, "low_level_<0.5": 0.0, "mid_level_0.5-2": 2.3255813953488373, "tall_2+": 11.627906976744185 }, "geometry": { "type": "Point", "coordinates": [ -3.033938687414107, 53.847643675942976 ] } },
{ "type": "Feature", "properties": { "max_height": 17.580249786376953, "mean_height": 7.3953132629394531, "std_height": 4.6843409538269043, "count_pixels": 43, "percent_cover": 0.088228655846687321, "percent_above_0.1m": 97.674418604651152, "low_level_<0.5": 4.6511627906976747, "mid_level_0.5-2": 6.9767441860465116, "tall_2+": 86.04651162790698 }, "geometry": { "type": "Point", "coordinates": [ -3.033728106235866, 53.847645495611168 ] } },
{ "type": "Feature", "properties": { "max_height": 18.691249847412109, "mean_height": 8.2827615737915039, "std_height": 7.0533061027526855, "count_pixels": 43, "percent_cover": 0.088228655846687321, "percent_above_0.1m": 72.093023255813947, "low_level_<0.5": 0.0, "mid_level_0.5-2": 6.9767441860465116, "tall_2+": 65.116279069767444 }, "geometry": { "type": "Point", "coordinates": [ -3.03351752503525, 53.847647314909608 ] } },
{ "type": "Feature", "properties": { "max_height": 0.38524913787841797, "mean_height": 0.022755367681384087, "std_height": 0.059423159807920456, "count_pixels": 41, "percent_cover": 0.084124997435213497, "percent_above_0.1m": 2.4390243902439024, "low_level_<0.5": 2.4390243902439024, "mid_level_0.5-2": 0.0, "tall_2+": 0.0 }, "geometry": { "type": "Point", "coordinates": [ -3.033306943812263, 53.847649133838296 ] } },
{ "type": "Feature", "properties": { "max_height": 3.5354986190795898, "mean_height": 0.23194442689418793, "std_height": 0.6873856782913208, "count_pixels": 41, "percent_cover": 0.084124997435213497, "percent_above_0.1m": 17.073170731707318, "low_level_<0.5": 2.4390243902439024, "mid_level_0.5-2": 9.7560975609756095, "tall_2+": 2.4390243902439024 }, "geometry": { "type": "Point", "coordinates": [ -3.033096362566915, 53.847650952397231 ] } },
{ "type": "Feature", "properties": { "max_height": 3.6832485198974609, "mean_height": 0.43381035327911377, "std_height": 0.91808062791824341, "count_pixels": 41, "percent_cover": 0.084124997435213497, "percent_above_0.1m": 29.268292682926827, "low_level_<0.5": 4.8780487804878048, "mid_level_0.5-2": 12.195121951219512, "tall_2+": 9.7560975609756095 }, "geometry": { "type": "Point", "coordinates": [ -3.032885781299209, 53.847652770586407 ] } },
{ "type": "Feature", "properties": { "max_height": 2.8282489776611328, "mean_height": 0.40290048718452454, "std_height": 0.78196388483047485, "count_pixels": 38, "percent_cover": 0.077969509818002755, "percent_above_0.1m": 28.947368421052634, "low_level_<0.5": 5.2631578947368416, "mid_level_0.5-2": 7.8947368421052628, "tall_2+": 10.526315789473683 }, "geometry": { "type": "Point", "coordinates": [ -3.032675200009147, 53.847654588405824 ] } },
{ "type": "Feature", "properties": { "max_height": 0.0332489013671875, "mean_height": 0.013493118807673454, "std_height": 0.0086270710453391075, "count_pixels": 41, "percent_cover": 0.084124997435213497, "percent_above_0.1m": 0.0, "low_level_<0.5": 0.0, "mid_level_0.5-2": 0.0, "tall_2+": 0.0 }, "geometry": { "type": "Point", "coordinates": [ -3.032464618696732, 53.84765640585551 ] } },
{ "type": "Feature", "properties": { "max_height": 0.058999061584472656, "mean_height": 0.015292027965188026, "std_height": 0.015785304829478264, "count_pixels": 41, "percent_cover": 0.084124997435213497, "percent_above_0.1m": 0.0, "low_level_<0.5": 0.0, "mid_level_0.5-2": 0.0, "tall_2+": 0.0 }, "geometry": { "type": "Point", "coordinates": [ -3.032254037361974, 53.847658222935415 ] } },
{ "type": "Feature", "properties": { "max_height": 0.093999862670898438, "mean_height": 0.02020670659840107, "std_height": 0.03708379715681076, "count_pixels": 41, "percent_cover": 0.084124997435213497, "percent_above_0.1m": 0.0, "low_level_<0.5": 0.0, "mid_level_0.5-2": 0.0, "tall_2+": 0.0 }, "geometry": { "type": "Point", "coordinates": [ -3.032043456004871, 53.847660039645582 ] } },
{ "type": "Feature", "properties": { "max_height": 4.6677484512329102, "mean_height": 1.0892908573150635, "std_height": 1.2371479272842407, "count_pixels": 42, "percent_cover": 0.086176826640950416, "percent_above_0.1m": 61.904761904761905, "low_level_<0.5": 9.5238095238095237, "mid_level_0.5-2": 23.809523809523807, "tall_2+": 28.571428571428569 }, "geometry": { "type": "Point", "coordinates": [ -3.031832874625434, 53.847661855985997 ] } },
{ "type": "Feature", "properties": { "max_height": 2.7292490005493164, "mean_height": 0.40084820985794067, "std_height": 0.71172988414764404, "count_pixels": 43, "percent_cover": 0.088228655846687321, "percent_above_0.1m": 37.209302325581397, "low_level_<0.5": 9.3023255813953494, "mid_level_0.5-2": 18.604651162790699, "tall_2+": 6.9767441860465116 }, "geometry": { "type": "Point", "coordinates": [ -3.031622293223666, 53.847663671956639 ] } },
{ "type": "Feature", "properties": { "max_height": 1.412750244140625, "mean_height": 0.1534237265586853, "std_height": 0.32840406894683838, "count_pixels": 43, "percent_cover": 0.088228655846687321, "percent_above_0.1m": 16.279069767441861, "low_level_<0.5": 0.0, "mid_level_0.5-2": 16.279069767441861, "tall_2+": 0.0 }, "geometry": { "type": "Point", "coordinates": [ -3.031411711799564, 53.847665487557535 ] } },
{ "type": "Feature", "properties": { "max_height": 4.3764991760253906, "mean_height": 1.0497671365737915, "std_height": 1.21269690990448, "count_pixels": 42, "percent_cover": 0.086176826640950416, "percent_above_0.1m": 57.142857142857139, "low_level_<0.5": 11.904761904761903, "mid_level_0.5-2": 19.047619047619047, "tall_2+": 26.190476190476193 }, "geometry": { "type": "Point", "coordinates": [ -3.031201130353144, 53.847667302788679 ] } },
{ "type": "Feature", "properties": { "max_height": 8.3779993057250977, "mean_height": 4.0808134078979492, "std_height": 2.4805574417114258, "count_pixels": 43, "percent_cover": 0.088228655846687321, "percent_above_0.1m": 93.023255813953483, "low_level_<0.5": 2.3255813953488373, "mid_level_0.5-2": 16.279069767441861, "tall_2+": 72.093023255813947 }, "geometry": { "type": "Point", "coordinates": [ -3.030990548884404, 53.847669117650071 ] } },
{ "type": "Feature", "properties": { "max_height": 8.4799995422363281, "mean_height": 1.2484934329986572, "std_height": 2.3344399929046631, "count_pixels": 43, "percent_cover": 0.088228655846687321, "percent_above_0.1m": 39.534883720930232, "low_level_<0.5": 4.6511627906976747, "mid_level_0.5-2": 20.930232558139537, "tall_2+": 13.953488372093023 }, "geometry": { "type": "Point", "coordinates": [ -3.030779967393346, 53.84767093214171 ] } },
{ "type": "Feature", "properties": { "max_height": 5.30474853515625, "mean_height": 0.51653993129730225, "std_height": 1.1849323511123657, "count_pixels": 43, "percent_cover": 0.088228655846687321, "percent_above_0.1m": 25.581395348837212, "low_level_<0.5": 6.9767441860465116, "mid_level_0.5-2": 9.3023255813953494, "tall_2+": 9.3023255813953494 }, "geometry": { "type": "Point", "coordinates": [ -3.030569385879983, 53.847672746263591 ] } },
{ "type": "Feature", "properties": { "max_height": 8.2834987640380859, "mean_height": 1.7847554683685303, "std_height": 2.5691535472869873, "count_pixels": 41, "percent_cover": 0.084124997435213497, "percent_above_0.1m": 46.341463414634148, "low_level_<0.5": 0.0, "mid_level_0.5-2": 12.195121951219512, "tall_2+": 31.707317073170731 }, "geometry": { "type": "Point", "coordinates": [ -3.030358804344313, 53.847674560015712 ] } },
{ "type": "Feature", "properties": { "max_height": 9.8092498779296875, "mean_height": 4.9811944961547852, "std_height": 2.6275177001953125, "count_pixels": 41, "percent_cover": 0.084124997435213497, "percent_above_0.1m": 97.560975609756099, "low_level_<0.5": 0.0, "mid_level_0.5-2": 12.195121951219512, "tall_2+": 85.365853658536579 }, "geometry": { "type": "Point", "coordinates": [ -3.030148222786333, 53.84767637339808 ] } },
{ "type": "Feature", "properties": { "max_height": 3.0399999618530273, "mean_height": 0.17651201784610748, "std_height": 0.50462394952774048, "count_pixels": 41, "percent_cover": 0.084124997435213497, "percent_above_0.1m": 9.7560975609756095, "low_level_<0.5": 0.0, "mid_level_0.5-2": 4.8780487804878048, "tall_2+": 2.4390243902439024 }, "geometry": { "type": "Point", "coordinates": [ -3.029937641206072, 53.847678186410704 ] } },
{ "type": "Feature", "properties": { "max_height": 3.8099994659423828, "mean_height": 0.15117733180522919, "std_height": 0.6016579270362854, "count_pixels": 38, "percent_cover": 0.077969509818002755, "percent_above_0.1m": 2.6315789473684208, "low_level_<0.5": 0.0, "mid_level_0.5-2": 0.0, "tall_2+": 2.6315789473684208 }, "geometry": { "type": "Point", "coordinates": [ -3.02972705960351, 53.847679999053575 ] } },
{ "type": "Feature", "properties": { "max_height": 13.395249366760254, "mean_height": 5.8869380950927734, "std_height": 4.0926637649536133, "count_pixels": 41, "percent_cover": 0.084124997435213497, "percent_above_0.1m": 80.487804878048792, "low_level_<0.5": 0.0, "mid_level_0.5-2": 2.4390243902439024, "tall_2+": 78.048780487804876 }, "geometry": { "type": "Point", "coordinates": [ -3.029516477978659, 53.84768181132668 ] } },
{ "type": "Feature", "properties": { "max_height": 18.033748626708984, "mean_height": 10.510615348815918, "std_height": 6.3733639717102051, "count_pixels": 41, "percent_cover": 0.084124997435213497, "percent_above_0.1m": 90.243902439024396, "low_level_<0.5": 9.7560975609756095, "mid_level_0.5-2": 2.4390243902439024, "tall_2+": 78.048780487804876 }, "geometry": { "type": "Point", "coordinates": [ -3.029305896331528, 53.847683623230019 ] } },
{ "type": "Feature", "properties": { "max_height": 0.085499763488769531, "mean_height": 0.053920116275548935, "std_height": 0.010088836774230003, "count_pixels": 41, "percent_cover": 0.084124997435213497, "percent_above_0.1m": 0.0, "low_level_<0.5": 0.0, "mid_level_0.5-2": 0.0, "tall_2+": 0.0 }, "geometry": { "type": "Point", "coordinates": [ -3.037415965658981, 53.847721411601178 ] } },
{ "type": "Feature", "properties": { "max_height": 0.065249443054199219, "mean_height": -0.017951803281903267, "std_height": 0.12774303555488586, "count_pixels": 41, "percent_cover": 0.084124997435213497, "percent_above_0.1m": 0.0, "low_level_<0.5": 0.0, "mid_level_0.5-2": 0.0, "tall_2+": 0.0 }, "geometry": { "type": "Point", "coordinates": [ -3.037205382104256, 53.847723239106443 ] } },
{ "type": "Feature", "properties": { "max_height": 16.721500396728516, "mean_height": 5.2250981330871582, "std_height": 6.0345845222473145, "count_pixels": 38, "percent_cover": 0.077969509818002755, "percent_above_0.1m": 57.894736842105267, "low_level_<0.5": 2.6315789473684208, "mid_level_0.5-2": 5.2631578947368416, "tall_2+": 50.0 }, "geometry": { "type": "Point", "coordinates": [ -3.036994798526848, 53.847725066242354 ] } },
{ "type": "Feature", "properties": { "max_height": 16.991998672485352, "mean_height": 3.7540051937103271, "std_height": 5.6073513031005859, "count_pixels": 41, "percent_cover": 0.084124997435213497, "percent_above_0.1m": 43.902439024390247, "low_level_<0.5": 2.4390243902439024, "mid_level_0.5-2": 2.4390243902439024, "tall_2+": 36.585365853658537 }, "geometry": { "type": "Point", "coordinates": [ -3.036784214926758, 53.847726893008911 ] } },
{ "type": "Feature", "properties": { "max_height": 0.10200023651123047, "mean_height": 0.030267737805843353, "std_height": 0.044379036873579025, "count_pixels": 41, "percent_cover": 0.084124997435213497, "percent_above_0.1m": 2.4390243902439024, "low_level_<0.5": 0.0, "mid_level_0.5-2": 0.0, "tall_2+": 0.0 }, "geometry": { "type": "Point", "coordinates": [ -3.036573631303983, 53.84772871940612 ] } },
{ "type": "Feature", "properties": { "max_height": 0.93275070190429688, "mean_height": 0.14609701931476593, "std_height": 0.2021801620721817, "count_pixels": 41, "percent_cover": 0.084124997435213497, "percent_above_0.1m": 31.707317073170731, "low_level_<0.5": 17.073170731707318, "mid_level_0.5-2": 9.7560975609756095, "tall_2+": 0.0 }, "geometry": { "type": "Point", "coordinates": [ -3.036363047658533, 53.847730545433961 ] } },
{ "type": "Feature", "properties": { "max_height": 0.27199935913085938, "mean_height": 0.068807579576969147, "std_height": 0.075519300997257233, "count_pixels": 43, "percent_cover": 0.088228655846687321, "percent_above_0.1m": 23.255813953488371, "low_level_<0.5": 13.953488372093023, "mid_level_0.5-2": 0.0, "tall_2+": 0.0 }, "geometry": { "type": "Point", "coordinates": [ -3.036152463990417, 53.847732371092448 ] } },
{ "type": "Feature", "properties": { "max_height": 1.1659994125366211, "mean_height": 0.15139508247375488, "std_height": 0.28383302688598633, "count_pixels": 43, "percent_cover": 0.088228655846687321, "percent_above_0.1m": 30.232558139534881, "low_level_<0.5": 13.953488372093023, "mid_level_0.5-2": 11.627906976744185, "tall_2+": 0.0 }, "geometry": { "type": "Point", "coordinates": [ -3.035941880299635, 53.84773419638158 ] } },
{ "type": "Feature", "properties": { "max_height": 3.1327500343322754, "mean_height": 0.6824641227722168, "std_height": 0.93416589498519897, "count_pixels": 42, "percent_cover": 0.086176826640950416, "percent_above_0.1m": 54.761904761904766, "low_level_<0.5": 9.5238095238095237, "mid_level_0.5-2": 23.809523809523807, "tall_2+": 16.666666666666664 }, "geometry": { "type": "Point", "coordinates": [ -3.035731296586187, 53.847736021301358 ] } },
{ "type": "Feature", "properties": { "max_height": 1.0782499313354492, "mean_height": 0.18213669955730438, "std_height": 0.30142000317573547, "count_pixels": 42, "percent_cover": 0.086176826640950416, "percent_above_0.1m": 40.476190476190474, "low_level_<0.5": 19.047619047619047, "mid_level_0.5-2": 11.904761904761903, "tall_2+": 0.0 }, "geometry": { "type": "Point", "coordinates": [ -3.03552071285009, 53.847737845851775 ] } },
{ "type": "Feature", "properties": { "max_height": 0.71349954605102539, "mean_height": 0.053319565951824188, "std_height": 0.12761132419109344, "count_pixels": 43, "percent_cover": 0.088228655846687321, "percent_above_0.1m": 11.627906976744185, "low_level_<0.5": 6.9767441860465116, "mid_level_0.5-2": 2.3255813953488373, "tall_2+": 0.0 }, "geometry": { "type": "Point", "coordinates": [ -3.035310129091332, 53.847739670032837 ] } },
{ "type": "Feature", "properties": { "max_height": 1.3692502975463867, "mean_height": 0.031342729926109314, "std_height": 0.22631910443305969, "count_pixels": 43, "percent_cover": 0.088228655846687321, "percent_above_0.1m": 16.279069767441861, "low_level_<0.5": 11.627906976744185, "mid_level_0.5-2": 2.3255813953488373, "tall_2+": 0.0 }, "geometry": { "type": "Point", "coordinates": [ -3.035099545309935, 53.847741493844559 ] } },
{ "type": "Feature", "properties": { "max_height": 9.4067497253417969, "mean_height": 2.0904877185821533, "std_height": 2.3127317428588867, "count_pixels": 42, "percent_cover": 0.086176826640950416, "percent_above_0.1m": 83.333333333333343, "low_level_<0.5": 16.666666666666664, "mid_level_0.5-2": 26.190476190476193, "tall_2+": 40.476190476190474 }, "geometry": { "type": "Point", "coordinates": [ -3.034888961505889, 53.847743317286891 ] } },
{ "type": "Feature", "properties": { "max_height": 14.196500778198242, "mean_height": 2.117121696472168, "std_height": 4.2149534225463867, "count_pixels": 41, "percent_cover": 0.084124997435213497, "percent_above_0.1m": 29.268292682926827, "low_level_<0.5": 2.4390243902439024, "mid_level_0.5-2": 4.8780487804878048, "tall_2+": 21.951219512195124 }, "geometry": { "type": "Point", "coordinates": [ -3.034678378221601, 53.847745140116835 ] } },
{ "type": "Feature", "properties": { "max_height": 0.073749542236328125, "mean_height": 0.023981373757123947, "std_height": 0.02098141610622406, "count_pixels": 41, "percent_cover": 0.084124997435213497, "percent_above_0.1m": 0.0, "low_level_<0.5": 0.0, "mid_level_0.5-2": 0.0, "tall_2+": 0.0 }, "geometry": { "type": "Point", "coordinates": [ -3.034467796139795, 53.847746961259851 ] } },
{ "type": "Feature", "properties": { "max_height": 0.0345001220703125, "mean_height": 0.01139594241976738, "std_height": 0.010127468965947628, "count_pixels": 41, "percent_cover": 0.084124997435213497, "percent_above_0.1m": 0.0, "low_level_<0.5": 0.0, "mid_level_0.5-2": 0.0, "tall_2+": 0.0 }, "geometry": { "type": "Point", "coordinates": [ -3.034257214496727, 53.847748781852815 ] } },
{ "type": "Feature", "properties": { "max_height": 3.5427494049072266, "mean_height": 0.21251985430717468, "std_height": 0.68307870626449585, "count_pixels": 37, "percent_cover": 0.075917680612265837, "percent_above_0.1m": 13.513513513513514, "low_level_<0.5": 5.4054054054054053, "mid_level_0.5-2": 5.4054054054054053, "tall_2+": 2.7027027027027026 }, "geometry": { "type": "Point", "coordinates": [ -3.034046632831269, 53.847750602076005 ] } },
{ "type": "Feature", "properties": { "max_height": 7.7137508392333984, "mean_height": 2.6624569892883301, "std_height": 2.6483602523803711, "count_pixels": 41, "percent_cover": 0.084124997435213497, "percent_above_0.1m": 73.170731707317074, "low_level_<0.5": 7.3170731707317067, "mid_level_0.5-2": 17.073170731707318, "tall_2+": 46.341463414634148 }, "geometry": { "type": "Point", "coordinates": [ -3.033836051143433, 53.847752421929464 ] } },
{ "type": "Feature", "properties": { "max_height": 5.618499755859375, "mean_height": 1.2740547657012939, "std_height": 1.8724807500839233, "count_pixels": 41, "percent_cover": 0.084124997435213497, "percent_above_0.1m": 43.902439024390247, "low_level_<0.5": 0.0, "mid_level_0.5-2": 14.634146341463413, "tall_2+": 26.829268292682929 }, "geometry": { "type": "Point", "coordinates": [ -3.033625469433223, 53.847754241413149 ] } },
{ "type": "Feature", "properties": { "max_height": 0.11575031280517578, "mean_height": 0.055097043514251709, "std_height": 0.023370020091533661, "count_pixels": 41, "percent_cover": 0.084124997435213497, "percent_above_0.1m": 2.4390243902439024, "low_level_<0.5": 0.0, "mid_level_0.5-2": 0.0, "tall_2+": 0.0 }, "geometry": { "type": "Point", "coordinates": [ -3.033414887700637, 53.847756060527068 ] } },
{ "type": "Feature", "properties": { "max_height": 2.1539993286132812, "mean_height": 0.11633673310279846, "std_height": 0.35863563418388367, "count_pixels": 43, "percent_cover": 0.088228655846687321, "percent_above_0.1m": 6.9767441860465116, "low_level_<0.5": 0.0, "mid_level_0.5-2": 4.6511627906976747, "tall_2+": 2.3255813953488373 }, "geometry": { "type": "Point", "coordinates": [ -3.033204305945694, 53.847757879271256 ] } },
{ "type": "Feature", "properties": { "max_height": 6.3184995651245117, "mean_height": 0.46488296985626221, "std_height": 1.2163275480270386, "count_pixels": 43, "percent_cover": 0.088228655846687321, "percent_above_0.1m": 18.604651162790699, "low_level_<0.5": 2.3255813953488373, "mid_level_0.5-2": 4.6511627906976747, "tall_2+": 11.627906976744185 }, "geometry": { "type": "Point", "coordinates": [ -3.032993724168383, 53.847759697645664 ] } },
{ "type": "Feature", "properties": { "max_height": 7.8759984970092773, "mean_height": 1.4298741817474365, "std_height": 1.9583595991134644, "count_pixels": 42, "percent_cover": 0.086176826640950416, "percent_above_0.1m": 52.380952380952387, "low_level_<0.5": 7.1428571428571423, "mid_level_0.5-2": 16.666666666666664, "tall_2+": 28.571428571428569 }, "geometry": { "type": "Point", "coordinates": [ -3.032783142368715, 53.847761515650333 ] } },
{ "type": "Feature", "properties": { "max_height": 7.4744997024536133, "mean_height": 0.30566000938415527, "std_height": 1.19666588306427, "count_pixels": 42, "percent_cover": 0.086176826640950416, "percent_above_0.1m": 7.1428571428571423, "low_level_<0.5": 0.0, "mid_level_0.5-2": 2.3809523809523809, "tall_2+": 4.7619047619047619 }, "geometry": { "type": "Point", "coordinates": [ -3.032572560546692, 53.847763333285251 ] } },
{ "type": "Feature", "properties": { "max_height": 0.084249496459960938, "mean_height": 0.041156258434057236, "std_height": 0.025643520057201385, "count_pixels": 43, "percent_cover": 0.088228655846687321, "percent_above_0.1m": 0.0, "low_level_<0.5": 0.0, "mid_level_0.5-2": 0.0, "tall_2+": 0.0 }, "geometry": { "type": "Point", "coordinates": [ -3.032361978702327, 53.847765150550387 ] } },
{ "type": "Feature", "properties": { "max_height": 0.073248863220214844, "mean_height": -0.019419314339756966, "std_height": 0.041367996484041214, "count_pixels": 43, "percent_cover": 0.088228655846687321, "percent_above_0.1m": 0.0, "low_level_<0.5": 0.0, "mid_level_0.5-2": 0.0, "tall_2+": 0.0 }, "geometry": { "type": "Point", "coordinates": [ -3.032151396835614, 53.847766967445786 ] } },
{ "type": "Feature", "properties": { "max_height": 0.58074951171875, "mean_height": 0.054064840078353882, "std_height": 0.13627542555332184, "count_pixels": 42, "percent_cover": 0.086176826640950416, "percent_above_0.1m": 11.904761904761903, "low_level_<0.5": 9.5238095238095237, "mid_level_0.5-2": 2.3809523809523809, "tall_2+": 0.0 }, "geometry": { "type": "Point", "coordinates": [ -3.031940814946559, 53.847768783971432 ] } },
{ "type": "Feature", "properties": { "max_height": 2.7302494049072266, "mean_height": 0.36436513066291809, "std_height": 0.66991722583770752, "count_pixels": 41, "percent_cover": 0.084124997435213497, "percent_above_0.1m": 36.585365853658537, "low_level_<0.5": 12.195121951219512, "mid_level_0.5-2": 17.073170731707318, "tall_2+": 4.8780487804878048 }, "geometry": { "type": "Point", "coordinates": [ -3.031730233035175, 53.847770600127319 ] } },
{ "type": "Feature", "properties": { "max_height": 4.2049989700317383, "mean_height": 0.48526141047477722, "std_height": 0.94914668798446655, "count_pixels": 41, "percent_cover": 0.084124997435213497, "percent_above_0.1m": 34.146341463414636, "low_level_<0.5": 9.7560975609756095, "mid_level_0.5-2": 14.634146341463413, "tall_2+": 7.3170731707317067 }, "geometry": { "type": "Point", "coordinates": [ -3.031519651101456, 53.847772415913447 ] } },
{ "type": "Feature", "properties": { "max_height": 1.8934993743896484, "mean_height": 0.20996277034282684, "std_height": 0.47515496611595154, "count_pixels": 41, "percent_cover": 0.084124997435213497, "percent_above_0.1m": 21.951219512195124, "low_level_<0.5": 4.8780487804878048, "mid_level_0.5-2": 14.634146341463413, "tall_2+": 0.0 }, "geometry": { "type": "Point", "coordinates": [ -3.031309069145416, 53.847774231329829 ] } },
{ "type": "Feature", "properties": { "max_height": 3.3092489242553711, "mean_height": 0.11747226119041443, "std_height": 0.54871910810470581, "count_pixels": 37, "percent_cover": 0.075917680612265837, "percent_above_0.1m": 8.1081081081081088, "low_level_<0.5": 0.0, "mid_level_0.5-2": 5.4054054054054053, "tall_2+": 2.7027027027027026 }, "geometry": { "type": "Point", "coordinates": [ -3.031098487167046, 53.847776046376453 ] } },
{ "type": "Feature", "properties": { "max_height": 9.042750358581543, "mean_height": 1.4799567461013794, "std_height": 2.3099668025970459, "count_pixels": 41, "percent_cover": 0.084124997435213497, "percent_above_0.1m": 43.902439024390247, "low_level_<0.5": 7.3170731707317067, "mid_level_0.5-2": 7.3170731707317067, "tall_2+": 29.268292682926827 }, "geometry": { "type": "Point", "coordinates": [ -3.030887905166367, 53.847777861053302 ] } },
{ "type": "Feature", "properties": { "max_height": 9.2220001220703125, "mean_height": 5.3712310791015625, "std_height": 2.7242414951324463, "count_pixels": 41, "percent_cover": 0.084124997435213497, "percent_above_0.1m": 97.560975609756099, "low_level_<0.5": 2.4390243902439024, "mid_level_0.5-2": 9.7560975609756095, "tall_2+": 85.365853658536579 }, "geometry": { "type": "Point", "coordinates": [ -3.030677323143366, 53.847779675360414 ] } },
{ "type": "Feature", "properties": { "max_height": 9.5259971618652344, "mean_height": 6.8937792778015137, "std_height": 1.4610928297042847, "count_pixels": 41, "percent_cover": 0.084124997435213497, "percent_above_0.1m": 100.0, "low_level_<0.5": 0.0, "mid_level_0.5-2": 0.0, "tall_2+": 100.0 }, "geometry": { "type": "Point", "coordinates": [ -3.030466741098071, 53.847781489297766 ] } },
{ "type": "Feature", "properties": { "max_height": 12.216999053955078, "mean_height": 8.0555276870727539, "std_height": 2.9893708229064941, "count_pixels": 43, "percent_cover": 0.088228655846687321, "percent_above_0.1m": 97.674418604651152, "low_level_<0.5": 2.3255813953488373, "mid_level_0.5-2": 2.3255813953488373, "tall_2+": 93.023255813953483 }, "geometry": { "type": "Point", "coordinates": [ -3.03025615903046, 53.847783302865345 ] } },
{ "type": "Feature", "properties": { "max_height": 3.5007495880126953, "mean_height": 0.60881894826889038, "std_height": 1.0052720308303833, "count_pixels": 43, "percent_cover": 0.088228655846687321, "percent_above_0.1m": 32.558139534883722, "low_level_<0.5": 4.6511627906976747, "mid_level_0.5-2": 16.279069767441861, "tall_2+": 11.627906976744185 }, "geometry": { "type": "Point", "coordinates": [ -3.030045576940557, 53.847785116063193 ] } },
{ "type": "Feature", "properties": { "max_height": 8.3657493591308594, "mean_height": 0.92913073301315308, "std_height": 2.1146800518035889, "count_pixels": 42, "percent_cover": 0.086176826640950416, "percent_above_0.1m": 21.428571428571427, "low_level_<0.5": 2.3809523809523809, "mid_level_0.5-2": 2.3809523809523809, "tall_2+": 16.666666666666664 }, "geometry": { "type": "Point", "coordinates": [ -3.029834994828359, 53.847786928891274 ] } },
{ "type": "Feature", "properties": { "max_height": 11.37924861907959, "mean_height": 5.7957558631896973, "std_height": 3.4317669868469238, "count_pixels": 42, "percent_cover": 0.086176826640950416, "percent_above_0.1m": 85.714285714285708, "low_level_<0.5": 2.3809523809523809, "mid_level_0.5-2": 2.3809523809523809, "tall_2+": 80.952380952380949 }, "geometry": { "type": "Point", "coordinates": [ -3.029624412693868, 53.847788741349596 ] } },
{ "type": "Feature", "properties": { "max_height": 9.3879985809326172, "mean_height": 1.7598487138748169, "std_height": 3.0007636547088623, "count_pixels": 43, "percent_cover": 0.088228655846687321, "percent_above_0.1m": 37.209302325581397, "low_level_<0.5": 4.6511627906976747, "mid_level_0.5-2": 6.9767441860465116, "tall_2+": 25.581395348837212 }, "geometry": { "type": "Point", "coordinates": [ -3.029413830537094, 53.847790553438166 ] } },
{ "type": "Feature", "properties": { "max_height": 0.30874919891357422, "mean_height": 0.066830791532993317, "std_height": 0.046949867159128189, "count_pixels": 43, "percent_cover": 0.088228655846687321, "percent_above_0.1m": 6.9767441860465116, "low_level_<0.5": 4.6511627906976747, "mid_level_0.5-2": 0.0, "tall_2+": 0.0 }, "geometry": { "type": "Point", "coordinates": [ -3.037523920998357, 53.847828333625898 ] } },
{ "type": "Feature", "properties": { "max_height": 0.68525028228759766, "mean_height": 0.073394820094108582, "std_height": 0.16549830138683319, "count_pixels": 43, "percent_cover": 0.088228655846687321, "percent_above_0.1m": 11.627906976744185, "low_level_<0.5": 2.3255813953488373, "mid_level_0.5-2": 6.9767441860465116, "tall_2+": 0.0 }, "geometry": { "type": "Point", "coordinates": [ -3.037313336927057, 53.847830161328091 ] } },
{ "type": "Feature", "properties": { "max_height": 0.78749942779541016, "mean_height": 0.065154097974300385, "std_height": 0.18205352127552032, "count_pixels": 42, "percent_cover": 0.086176826640950416, "percent_above_0.1m": 9.5238095238095237, "low_level_<0.5": 2.3809523809523809, "mid_level_0.5-2": 7.1428571428571423, "tall_2+": 0.0 }, "geometry": { "type": "Point", "coordinates": [ -3.037102752833064, 53.847831988660921 ] } },
{ "type": "Feature", "properties": { "max_height": 16.378749847412109, "mean_height": 2.0964219570159912, "std_height": 4.378448486328125, "count_pixels": 42, "percent_cover": 0.086176826640950416, "percent_above_0.1m": 30.952380952380953, "low_level_<0.5": 0.0, "mid_level_0.5-2": 11.904761904761903, "tall_2+": 19.047619047619047 }, "geometry": { "type": "Point", "coordinates": [ -3.036892168716386, 53.847833815624405 ] } },
{ "type": "Feature", "properties": { "max_height": 0.082250595092773438, "mean_height": 0.0513308085501194, "std_height": 0.016543623059988022, "count_pixels": 43, "percent_cover": 0.088228655846687321, "percent_above_0.1m": 0.0, "low_level_<0.5": 0.0, "mid_level_0.5-2": 0.0, "tall_2+": 0.0 }, "geometry": { "type": "Point", "coordinates": [ -3.036681584577025, 53.847835642218534 ] } },
{ "type": "Feature", "properties": { "max_height": 0.68274974822998047, "mean_height": 0.090057462453842163, "std_height": 0.1284121572971344, "count_pixels": 43, "percent_cover": 0.088228655846687321, "percent_above_0.1m": 16.279069767441861, "low_level_<0.5": 6.9767441860465116, "mid_level_0.5-2": 4.6511627906976747, "tall_2+": 0.0 }, "geometry": { "type": "Point", "coordinates": [ -3.036471000414986, 53.847837468443302 ] } },
{ "type": "Feature", "properties": { "max_height": 0.91724872589111328, "mean_height": 0.099328741431236267, "std_height": 0.15328480303287506, "count_pixels": 41, "percent_cover": 0.084124997435213497, "percent_above_0.1m": 12.195121951219512, "low_level_<0.5": 9.7560975609756095, "mid_level_0.5-2": 2.4390243902439024, "tall_2+": 0.0 }, "geometry": { "type": "Point", "coordinates": [ -3.036260416230275, 53.847839294298723 ] } },
{ "type": "Feature", "properties": { "max_height": 1.2187490463256836, "mean_height": 0.22205431759357452, "std_height": 0.33650237321853638, "count_pixels": 41, "percent_cover": 0.084124997435213497, "percent_above_0.1m": 31.707317073170731, "low_level_<0.5": 9.7560975609756095, "mid_level_0.5-2": 19.512195121951219, "tall_2+": 0.0 }, "geometry": { "type": "Point", "coordinates": [ -3.036049832022901, 53.847841119784768 ] } },
{ "type": "Feature", "properties": { "max_height": 1.1805000305175781, "mean_height": 0.22845070064067841, "std_height": 0.33486282825469971, "count_pixels": 41, "percent_cover": 0.084124997435213497, "percent_above_0.1m": 29.268292682926827, "low_level_<0.5": 4.8780487804878048, "mid_level_0.5-2": 21.951219512195124, "tall_2+": 0.0 }, "geometry": { "type": "Point", "coordinates": [ -3.035839247792854, 53.847842944901466 ] } },
{ "type": "Feature", "properties": { "max_height": 1.2284994125366211, "mean_height": 0.45928904414176941, "std_height": 0.38037276268005371, "count_pixels": 38, "percent_cover": 0.077969509818002755, "percent_above_0.1m": 71.05263157894737, "low_level_<0.5": 23.684210526315788, "mid_level_0.5-2": 47.368421052631575, "tall_2+": 0.0 }, "geometry": { "type": "Point", "coordinates": [ -3.035628663540155, 53.847844769648802 ] } },
{ "type": "Feature", "properties": { "max_height": 1.3264989852905273, "mean_height": 0.22641438245773315, "std_height": 0.34435698390007019, "count_pixels": 41, "percent_cover": 0.084124997435213497, "percent_above_0.1m": 31.707317073170731, "low_level_<0.5": 14.634146341463413, "mid_level_0.5-2": 14.634146341463413, "tall_2+": 0.0 }, "geometry": { "type": "Point", "coordinates": [ -3.035418079264797, 53.847846594026798 ] } },
{ "type": "Feature", "properties": { "max_height": 0.88824987411499023, "mean_height": 0.10598761588335037, "std_height": 0.27566635608673096, "count_pixels": 41, "percent_cover": 0.084124997435213497, "percent_above_0.1m": 26.829268292682929, "low_level_<0.5": 4.8780487804878048, "mid_level_0.5-2": 14.634146341463413, "tall_2+": 0.0 }, "geometry": { "type": "Point", "coordinates": [ -3.03520749496679, 53.847848418035419 ] } },
{ "type": "Feature", "properties": { "max_height": 0.14874935150146484, "mean_height": -0.025920972228050232, "std_height": 0.088244572281837463, "count_pixels": 41, "percent_cover": 0.084124997435213497, "percent_above_0.1m": 4.8780487804878048, "low_level_<0.5": 0.0, "mid_level_0.5-2": 0.0, "tall_2+": 0.0 }, "geometry": { "type": "Point", "coordinates": [ -3.034996910646139, 53.847850241674678 ] } },
{ "type": "Feature", "properties": { "max_height": 15.677249908447266, "mean_height": 4.1364040374755859, "std_height": 5.0202641487121582, "count_pixels": 42, "percent_cover": 0.086176826640950416, "percent_above_0.1m": 59.523809523809526, "low_level_<0.5": 2.3809523809523809, "mid_level_0.5-2": 7.1428571428571423, "tall_2+": 50.0 }, "geometry": { "type": "Point", "coordinates": [ -3.034786326323879, 53.847852064936532 ] } },
{ "type": "Feature", "properties": { "max_height": 17.155750274658203, "mean_height": 7.7179474830627441, "std_height": 6.3037724494934082, "count_pixels": 43, "percent_cover": 0.088228655846687321, "percent_above_0.1m": 74.418604651162795, "low_level_<0.5": 2.3255813953488373, "mid_level_0.5-2": 4.6511627906976747, "tall_2+": 67.441860465116278 }, "geometry": { "type": "Point", "coordinates": [ -3.034575743108109, 53.847853886927716 ] } },
{ "type": "Feature", "properties": { "max_height": 0.14849996566772461, "mean_height": 0.021301990374922752, "std_height": 0.034620799124240875, "count_pixels": 43, "percent_cover": 0.088228655846687321, "percent_above_0.1m": 4.6511627906976747, "low_level_<0.5": 0.0, "mid_level_0.5-2": 0.0, "tall_2+": 0.0 }, "geometry": { "type": "Point", "coordinates": [ -3.034365160955446, 53.847855707705925 ] } },
{ "type": "Feature", "properties": { "max_height": 6.1957492828369141, "mean_height": 0.88542830944061279, "std_height": 1.7123059034347534, "count_pixels": 42, "percent_cover": 0.086176826640950416, "percent_above_0.1m": 33.333333333333329, "low_level_<0.5": 4.7619047619047619, "mid_level_0.5-2": 9.5238095238095237, "tall_2+": 16.666666666666664 }, "geometry": { "type": "Point", "coordinates": [ -3.034154578780398, 53.847857528114375 ] } },
{ "type": "Feature", "properties": { "max_height": 9.1652498245239258, "mean_height": 5.1884703636169434, "std_height": 2.0675804615020752, "count_pixels": 43, "percent_cover": 0.088228655846687321, "percent_above_0.1m": 100.0, "low_level_<0.5": 2.3255813953488373, "mid_level_0.5-2": 9.3023255813953494, "tall_2+": 86.04651162790698 }, "geometry": { "type": "Point", "coordinates": [ -3.03394399658297, 53.847859348153058 ] } },
{ "type": "Feature", "properties": { "max_height": 18.931247711181641, "mean_height": 2.5236566066741943, "std_height": 4.8708720207214355, "count_pixels": 43, "percent_cover": 0.088228655846687321, "percent_above_0.1m": 34.883720930232556, "low_level_<0.5": 2.3255813953488373, "mid_level_0.5-2": 9.3023255813953494, "tall_2+": 23.255813953488371 }, "geometry": { "type": "Point", "coordinates": [ -3.03373341436316, 53.847861167822003 ] } },
{ "type": "Feature", "properties": { "max_height": 0.58150005340576172, "mean_height": 0.065947465598583221, "std_height": 0.080884620547294617, "count_pixels": 43, "percent_cover": 0.088228655846687321, "percent_above_0.1m": 2.3255813953488373, "low_level_<0.5": 0.0, "mid_level_0.5-2": 2.3255813953488373, "tall_2+": 0.0 }, "geometry": { "type": "Point", "coordinates": [ -3.03352283212098, 53.847862987121189 ] } },
{ "type": "Feature", "properties": { "max_height": 8.0290002822875977, "mean_height": 0.45463958382606506, "std_height": 1.5671710968017578, "count_pixels": 41, "percent_cover": 0.084124997435213497, "percent_above_0.1m": 17.073170731707318, "low_level_<0.5": 4.8780487804878048, "mid_level_0.5-2": 7.3170731707317067, "tall_2+": 4.8780487804878048 }, "geometry": { "type": "Point", "coordinates": [ -3.033312249856432, 53.847864806050609 ] } },
{ "type": "Feature", "properties": { "max_height": 5.1302490234375, "mean_height": 0.39068835973739624, "std_height": 1.3013031482696533, "count_pixels": 41, "percent_cover": 0.084124997435213497, "percent_above_0.1m": 26.829268292682929, "low_level_<0.5": 4.8780487804878048, "mid_level_0.5-2": 9.7560975609756095, "tall_2+": 12.195121951219512 }, "geometry": { "type": "Point", "coordinates": [ -3.033101667569512, 53.847866624610276 ] } },
{ "type": "Feature", "properties": { "max_height": 6.4834995269775391, "mean_height": 0.69687128067016602, "std_height": 1.8031423091888428, "count_pixels": 41, "percent_cover": 0.084124997435213497, "percent_above_0.1m": 26.829268292682929, "low_level_<0.5": 4.8780487804878048, "mid_level_0.5-2": 4.8780487804878048, "tall_2+": 17.073170731707318 }, "geometry": { "type": "Point", "coordinates": [ -3.032891085260242, 53.84786844280017 ] } },
{ "type": "Feature", "properties": { "max_height": 7.2169981002807617, "mean_height": 1.5554534196853638, "std_height": 2.5626530647277832, "count_pixels": 38, "percent_cover": 0.077969509818002755, "percent_above_0.1m": 34.210526315789473, "low_level_<0.5": 0.0, "mid_level_0.5-2": 5.2631578947368416, "tall_2+": 26.315789473684209 }, "geometry": { "type": "Point", "coordinates": [ -3.032680502928612, 53.847870260620326 ] } },
{ "type": "Feature", "properties": { "max_height": 0.083498954772949219, "mean_height": 0.032182134687900543, "std_height": 0.023826388642191887, "count_pixels": 41, "percent_cover": 0.084124997435213497, "percent_above_0.1m": 0.0, "low_level_<0.5": 0.0, "mid_level_0.5-2": 0.0, "tall_2+": 0.0 }, "geometry": { "type": "Point", "coordinates": [ -3.032469920574631, 53.847872078070722 ] } },
{ "type": "Feature", "properties": { "max_height": 0.091749191284179688, "mean_height": 0.040956612676382065, "std_height": 0.022170253098011017, "count_pixels": 41, "percent_cover": 0.084124997435213497, "percent_above_0.1m": 0.0, "low_level_<0.5": 0.0, "mid_level_0.5-2": 0.0, "tall_2+": 0.0 }, "geometry": { "type": "Point", "coordinates": [ -3.032259338198305, 53.847873895151345 ] } },
{ "type": "Feature", "properties": { "max_height": 0.085499763488769531, "mean_height": 0.030858946964144707, "std_height": 0.030557490885257721, "count_pixels": 41, "percent_cover": 0.084124997435213497, "percent_above_0.1m": 0.0, "low_level_<0.5": 0.0, "mid_level_0.5-2": 0.0, "tall_2+": 0.0 }, "geometry": { "type": "Point", "coordinates": [ -3.032048755799637, 53.84787571186223 ] } },
{ "type": "Feature", "properties": { "max_height": 2.9744987487792969, "mean_height": 0.32298731803894043, "std_height": 0.66074144840240479, "count_pixels": 42, "percent_cover": 0.086176826640950416, "percent_above_0.1m": 28.571428571428569, "low_level_<0.5": 4.7619047619047619, "mid_level_0.5-2": 16.666666666666664, "tall_2+": 4.7619047619047619 }, "geometry": { "type": "Point", "coordinates": [ -3.031838173378631, 53.847877528203341 ] } },
{ "type": "Feature", "properties": { "max_height": 3.1044998168945312, "mean_height": 0.32348775863647461, "std_height": 0.64195674657821655, "count_pixels": 43, "percent_cover": 0.088228655846687321, "percent_above_0.1m": 32.558139534883722, "low_level_<0.5": 4.6511627906976747, "mid_level_0.5-2": 20.930232558139537, "tall_2+": 4.6511627906976747 }, "geometry": { "type": "Point", "coordinates": [ -3.031627590935294, 53.847879344174707 ] } },
{ "type": "Feature", "properties": { "max_height": 3.1732492446899414, "mean_height": 0.27040630578994751, "std_height": 0.6283339262008667, "count_pixels": 43, "percent_cover": 0.088228655846687321, "percent_above_0.1m": 30.232558139534881, "low_level_<0.5": 6.9767441860465116, "mid_level_0.5-2": 11.627906976744185, "tall_2+": 4.6511627906976747 }, "geometry": { "type": "Point", "coordinates": [ -3.031417008469621, 53.847881159776307 ] } },
{ "type": "Feature", "properties": { "max_height": 1.8049993515014648, "mean_height": 0.10501716285943985, "std_height": 0.30606433749198914, "count_pixels": 42, "percent_cover": 0.086176826640950416, "percent_above_0.1m": 11.904761904761903, "low_level_<0.5": 4.7619047619047619, "mid_level_0.5-2": 7.1428571428571423, "tall_2+": 0.0 }, "geometry": { "type": "Point", "coordinates": [ -3.031206425981634, 53.847882975008154 ] } },
{ "type": "Feature", "properties": { "max_height": 0.063249588012695312, "mean_height": 0.011476006358861923, "std_height": 0.025817209854722023, "count_pixels": 43, "percent_cover": 0.088228655846687321, "percent_above_0.1m": 0.0, "low_level_<0.5": 0.0, "mid_level_0.5-2": 0.0, "tall_2+": 0.0 }, "geometry": { "type": "Point", "coordinates": [ -3.03099584347132, 53.84788478987025 ] } },
{ "type": "Feature", "properties": { "max_height": 0.33299922943115234, "mean_height": 0.03260406106710434, "std_height": 0.061311095952987671, "count_pixels": 43, "percent_cover": 0.088228655846687321, "percent_above_0.1m": 4.6511627906976747, "low_level_<0.5": 4.6511627906976747, "mid_level_0.5-2": 0.0, "tall_2+": 0.0 }, "geometry": { "type": "Point", "coordinates": [ -3.0307852609387, 53.847886604362579 ] } },
{ "type": "Feature", "properties": { "max_height": 6.6594982147216797, "mean_height": 0.82611560821533203, "std_height": 1.7298394441604614, "count_pixels": 43, "percent_cover": 0.088228655846687321, "percent_above_0.1m": 32.558139534883722, "low_level_<0.5": 6.9767441860465116, "mid_level_0.5-2": 11.627906976744185, "tall_2+": 13.953488372093023 }, "geometry": { "type": "Point", "coordinates": [ -3.030574678383758, 53.847888418485162 ] } },
{ "type": "Feature", "properties": { "max_height": 4.8737497329711914, "mean_height": 0.72775548696517944, "std_height": 1.2390953302383423, "count_pixels": 41, "percent_cover": 0.084124997435213497, "percent_above_0.1m": 31.707317073170731, "low_level_<0.5": 0.0, "mid_level_0.5-2": 17.073170731707318, "tall_2+": 14.634146341463413 }, "geometry": { "type": "Point", "coordinates": [ -3.030364095806521, 53.847890232237965 ] } },
{ "type": "Feature", "properties": { "max_height": 7.5129985809326172, "mean_height": 0.47859674692153931, "std_height": 1.596174955368042, "count_pixels": 41, "percent_cover": 0.084124997435213497, "percent_above_0.1m": 9.7560975609756095, "low_level_<0.5": 0.0, "mid_level_0.5-2": 2.4390243902439024, "tall_2+": 7.3170731707317067 }, "geometry": { "type": "Point", "coordinates": [ -3.030153513206975, 53.847892045621037 ] } },
{ "type": "Feature", "properties": { "max_height": 5.14849853515625, "mean_height": 0.67762738466262817, "std_height": 1.4377899169921875, "count_pixels": 41, "percent_cover": 0.084124997435213497, "percent_above_0.1m": 26.829268292682929, "low_level_<0.5": 4.8780487804878048, "mid_level_0.5-2": 7.3170731707317067, "tall_2+": 12.195121951219512 }, "geometry": { "type": "Point", "coordinates": [ -3.029942930585134, 53.84789385863435 ] } },
{ "type": "Feature", "properties": { "max_height": 11.826499938964844, "mean_height": 9.1157951354980469, "std_height": 1.7187711000442505, "count_pixels": 38, "percent_cover": 0.077969509818002755, "percent_above_0.1m": 100.0, "low_level_<0.5": 0.0, "mid_level_0.5-2": 0.0, "tall_2+": 100.0 }, "geometry": { "type": "Point", "coordinates": [ -3.029732347941, 53.84789567127789 ] } },
{ "type": "Feature", "properties": { "max_height": 9.2952499389648438, "mean_height": 1.7270603179931641, "std_height": 2.9328103065490723, "count_pixels": 41, "percent_cover": 0.084124997435213497, "percent_above_0.1m": 41.463414634146339, "low_level_<0.5": 2.4390243902439024, "mid_level_0.5-2": 4.8780487804878048, "tall_2+": 26.829268292682929 }, "geometry": { "type": "Point", "coordinates": [ -3.029521765274581, 53.847897483551677 ] } },
{ "type": "Feature", "properties": { "max_height": 0.95424938201904297, "mean_height": 0.076755523681640625, "std_height": 0.13960891962051392, "count_pixels": 41, "percent_cover": 0.084124997435213497, "percent_above_0.1m": 4.8780487804878048, "low_level_<0.5": 0.0, "mid_level_0.5-2": 2.4390243902439024, "tall_2+": 0.0 }, "geometry": { "type": "Point", "coordinates": [ -3.037421292289129, 53.847937083442972 ] } },
{ "type": "Feature", "properties": { "max_height": 1.2012491226196289, "mean_height": 0.10473106801509857, "std_height": 0.21604843437671661, "count_pixels": 41, "percent_cover": 0.084124997435213497, "percent_above_0.1m": 17.073170731707318, "low_level_<0.5": 7.3170731707317067, "mid_level_0.5-2": 4.8780487804878048, "tall_2+": 0.0 }, "geometry": { "type": "Point", "coordinates": [ -3.037210707678553, 53.847938910972744 ] } },
{ "type": "Feature", "properties": { "max_height": 0.092498779296875, "mean_height": 0.061894040554761887, "std_height": 0.013570314273238182, "count_pixels": 38, "percent_cover": 0.077969509818002755, "percent_above_0.1m": 0.0, "low_level_<0.5": 0.0, "mid_level_0.5-2": 0.0, "tall_2+": 0.0 }, "geometry": { "type": "Point", "coordinates": [ -3.037000123045283, 53.847940738133154 ] } },
{ "type": "Feature", "properties": { "max_height": 0.085999488830566406, "mean_height": 0.066328674554824829, "std_height": 0.011158840730786324, "count_pixels": 41, "percent_cover": 0.084124997435213497, "percent_above_0.1m": 0.0, "low_level_<0.5": 0.0, "mid_level_0.5-2": 0.0, "tall_2+": 0.0 }, "geometry": { "type": "Point", "coordinates": [ -3.036789538389336, 53.847942564924203 ] } },
{ "type": "Feature", "properties": { "max_height": 0.95399951934814453, "mean_height": 0.15860913693904877, "std_height": 0.21627923846244812, "count_pixels": 41, "percent_cover": 0.084124997435213497, "percent_above_0.1m": 21.951219512195124, "low_level_<0.5": 12.195121951219512, "mid_level_0.5-2": 9.7560975609756095, "tall_2+": 0.0 }, "geometry": { "type": "Point", "coordinates": [ -3.036578953710703, 53.847944391345898 ] } },
{ "type": "Feature", "properties": { "max_height": 1.467249870300293, "mean_height": 0.23012740910053253, "std_height": 0.3770449161529541, "count_pixels": 41, "percent_cover": 0.084124997435213497, "percent_above_0.1m": 26.829268292682929, "low_level_<0.5": 4.8780487804878048, "mid_level_0.5-2": 14.634146341463413, "tall_2+": 0.0 }, "geometry": { "type": "Point", "coordinates": [ -3.036368369009402, 53.847946217398231 ] } },
{ "type": "Feature", "properties": { "max_height": 1.4712495803833008, "mean_height": 0.20565637946128845, "std_height": 0.30275839567184448, "count_pixels": 43, "percent_cover": 0.088228655846687321, "percent_above_0.1m": 37.209302325581397, "low_level_<0.5": 25.581395348837212, "mid_level_0.5-2": 9.3023255813953494, "tall_2+": 0.0 }, "geometry": { "type": "Point", "coordinates": [ -3.036157784285422, 53.847948043081225 ] } },
{ "type": "Feature", "properties": { "max_height": 7.8907489776611328, "mean_height": 0.99966210126876831, "std_height": 1.9323828220367432, "count_pixels": 43, "percent_cover": 0.088228655846687321, "percent_above_0.1m": 60.465116279069761, "low_level_<0.5": 18.604651162790699, "mid_level_0.5-2": 25.581395348837212, "tall_2+": 11.627906976744185 }, "geometry": { "type": "Point", "coordinates": [ -3.03594719953878, 53.847949868394835 ] } },
{ "type": "Feature", "properties": { "max_height": 3.2552499771118164, "mean_height": 0.81986254453659058, "std_height": 1.1648030281066895, "count_pixels": 42, "percent_cover": 0.086176826640950416, "percent_above_0.1m": 45.238095238095241, "low_level_<0.5": 4.7619047619047619, "mid_level_0.5-2": 19.047619047619047, "tall_2+": 21.428571428571427 }, "geometry": { "type": "Point", "coordinates": [ -3.035736614769476, 53.847951693339098 ] } },
{ "type": "Feature", "properties": { "max_height": 1.1602497100830078, "mean_height": 0.15277914702892303, "std_height": 0.27566784620285034, "count_pixels": 42, "percent_cover": 0.086176826640950416, "percent_above_0.1m": 21.428571428571427, "low_level_<0.5": 4.7619047619047619, "mid_level_0.5-2": 14.285714285714285, "tall_2+": 0.0 }, "geometry": { "type": "Point", "coordinates": [ -3.035526029977516, 53.847953517913986 ] } },
{ "type": "Feature", "properties": { "max_height": 1.0032501220703125, "mean_height": 0.16415078938007355, "std_height": 0.24519737064838409, "count_pixels": 43, "percent_cover": 0.088228655846687321, "percent_above_0.1m": 27.906976744186046, "low_level_<0.5": 13.953488372093023, "mid_level_0.5-2": 13.953488372093023, "tall_2+": 0.0 }, "geometry": { "type": "Point", "coordinates": [ -3.0353154451629, 53.847955342119533 ] } },
{ "type": "Feature", "properties": { "max_height": 1.1359996795654297, "mean_height": 0.067982353270053864, "std_height": 0.31569749116897583, "count_pixels": 43, "percent_cover": 0.088228655846687321, "percent_above_0.1m": 30.232558139534881, "low_level_<0.5": 9.3023255813953494, "mid_level_0.5-2": 16.279069767441861, "tall_2+": 0.0 }, "geometry": { "type": "Point", "coordinates": [ -3.035104860325641, 53.847957165955719 ] } },
{ "type": "Feature", "properties": { "max_height": 0.90850019454956055, "mean_height": 0.068743690848350525, "std_height": 0.24099606275558472, "count_pixels": 42, "percent_cover": 0.086176826640950416, "percent_above_0.1m": 19.047619047619047, "low_level_<0.5": 9.5238095238095237, "mid_level_0.5-2": 9.5238095238095237, "tall_2+": 0.0 }, "geometry": { "type": "Point", "coordinates": [ -3.034894275465736, 53.847958989422544 ] } },
{ "type": "Feature", "properties": { "max_height": 16.843250274658203, "mean_height": 5.5717320442199707, "std_height": 5.6430020332336426, "count_pixels": 41, "percent_cover": 0.084124997435213497, "percent_above_0.1m": 65.853658536585371, "low_level_<0.5": 4.8780487804878048, "mid_level_0.5-2": 4.8780487804878048, "tall_2+": 56.09756097560976 }, "geometry": { "type": "Point", "coordinates": [ -3.034683691097851, 53.847960812308159 ] } },
{ "type": "Feature", "properties": { "max_height": 19.347248077392578, "mean_height": 8.9835844039916992, "std_height": 6.3199019432067871, "count_pixels": 41, "percent_cover": 0.084124997435213497, "percent_above_0.1m": 87.804878048780495, "low_level_<0.5": 4.8780487804878048, "mid_level_0.5-2": 4.8780487804878048, "tall_2+": 75.609756097560975 }, "geometry": { "type": "Point", "coordinates": [ -3.034473107946147, 53.84796263346437 ] } },
{ "type": "Feature", "properties": { "max_height": 5.3912496566772461, "mean_height": 1.3343838453292847, "std_height": 1.260193943977356, "count_pixels": 41, "percent_cover": 0.084124997435213497, "percent_above_0.1m": 90.243902439024396, "low_level_<0.5": 9.7560975609756095, "mid_level_0.5-2": 58.536585365853654, "tall_2+": 17.073170731707318 }, "geometry": { "type": "Point", "coordinates": [ -3.034262525261503, 53.847964454058079 ] } },
{ "type": "Feature", "properties": { "max_height": 17.448497772216797, "mean_height": 8.8258438110351562, "std_height": 5.0667662620544434, "count_pixels": 37, "percent_cover": 0.075917680612265837, "percent_above_0.1m": 94.594594594594597, "low_level_<0.5": 2.7027027027027026, "mid_level_0.5-2": 0.0, "tall_2+": 91.891891891891902 }, "geometry": { "type": "Point", "coordinates": [ -3.034051942554482, 53.847966274282015 ] } },
{ "type": "Feature", "properties": { "max_height": 19.878499984741211, "mean_height": 13.082939147949219, "std_height": 4.2800254821777344, "count_pixels": 41, "percent_cover": 0.084124997435213497, "percent_above_0.1m": 100.0, "low_level_<0.5": 0.0, "mid_level_0.5-2": 0.0, "tall_2+": 100.0 }, "geometry": { "type": "Point", "coordinates": [ -3.033841359825073, 53.847968094136206 ] } },
{ "type": "Feature", "properties": { "max_height": 21.418998718261719, "mean_height": 12.908054351806641, "std_height": 6.9307637214660645, "count_pixels": 41, "percent_cover": 0.084124997435213497, "percent_above_0.1m": 87.804878048780495, "low_level_<0.5": 0.0, "mid_level_0.5-2": 2.4390243902439024, "tall_2+": 85.365853658536579 }, "geometry": { "type": "Point", "coordinates": [ -3.033630777073287, 53.847969913620624 ] } },
{ "type": "Feature", "properties": { "max_height": 10.42549991607666, "mean_height": 4.3801703453063965, "std_height": 4.0074892044067383, "count_pixels": 41, "percent_cover": 0.084124997435213497, "percent_above_0.1m": 75.609756097560975, "low_level_<0.5": 2.4390243902439024, "mid_level_0.5-2": 17.073170731707318, "tall_2+": 53.658536585365859 }, "geometry": { "type": "Point", "coordinates": [ -3.033420194299137, 53.847971732735296 ] } },
{ "type": "Feature", "properties": { "max_height": 4.8529996871948242, "mean_height": 0.50247043371200562, "std_height": 1.1124534606933594, "count_pixels": 43, "percent_cover": 0.088228655846687321, "percent_above_0.1m": 46.511627906976742, "low_level_<0.5": 18.604651162790699, "mid_level_0.5-2": 11.627906976744185, "tall_2+": 9.3023255813953494 }, "geometry": { "type": "Point", "coordinates": [ -3.033209611502615, 53.847973551480194 ] } },
{ "type": "Feature", "properties": { "max_height": 0.57599830627441406, "mean_height": 0.035795833915472031, "std_height": 0.15094058215618134, "count_pixels": 43, "percent_cover": 0.088228655846687321, "percent_above_0.1m": 20.930232558139537, "low_level_<0.5": 6.9767441860465116, "mid_level_0.5-2": 2.3255813953488373, "tall_2+": 0.0 }, "geometry": { "type": "Point", "coordinates": [ -3.032999028683733, 53.847975369855348 ] } },
{ "type": "Feature", "properties": { "max_height": 0.037499427795410156, "mean_height": 0.0066721099428832531, "std_height": 0.012509564869105816, "count_pixels": 42, "percent_cover": 0.086176826640950416, "percent_above_0.1m": 0.0, "low_level_<0.5": 0.0, "mid_level_0.5-2": 0.0, "tall_2+": 0.0 }, "geometry": { "type": "Point", "coordinates": [ -3.03278844584249, 53.847977187860742 ] } },
{ "type": "Feature", "properties": { "max_height": 16.454248428344727, "mean_height": 7.6083264350891113, "std_height": 4.9842591285705566, "count_pixels": 42, "percent_cover": 0.086176826640950416, "percent_above_0.1m": 92.857142857142861, "low_level_<0.5": 2.3809523809523809, "mid_level_0.5-2": 14.285714285714285, "tall_2+": 76.19047619047619 }, "geometry": { "type": "Point", "coordinates": [ -3.032577862978899, 53.847979005496363 ] } },
{ "type": "Feature", "properties": { "max_height": 6.6932487487792969, "mean_height": 0.25751674175262451, "std_height": 1.0566706657409668, "count_pixels": 43, "percent_cover": 0.088228655846687321, "percent_above_0.1m": 6.9767441860465116, "low_level_<0.5": 0.0, "mid_level_0.5-2": 2.3255813953488373, "tall_2+": 4.6511627906976747 }, "geometry": { "type": "Point", "coordinates": [ -3.032367280092952, 53.847980822762253 ] } },
{ "type": "Feature", "properties": { "max_height": 0.096499443054199219, "mean_height": 0.039975985884666443, "std_height": 0.026097686961293221, "count_pixels": 43, "percent_cover": 0.088228655846687321, "percent_above_0.1m": 0.0, "low_level_<0.5": 0.0, "mid_level_0.5-2": 0.0, "tall_2+": 0.0 }, "geometry": { "type": "Point", "coordinates": [ -3.032156697184671, 53.847982639658362 ] } },
{ "type": "Feature", "properties": { "max_height": 0.091999053955078125, "mean_height": 0.046082634478807449, "std_height": 0.024605413898825645, "count_pixels": 42, "percent_cover": 0.086176826640950416, "percent_above_0.1m": 0.0, "low_level_<0.5": 0.0, "mid_level_0.5-2": 0.0, "tall_2+": 0.0 }, "geometry": { "type": "Point", "coordinates": [ -3.031946114254037, 53.847984456184697 ] } },
{ "type": "Feature", "properties": { "max_height": 2.0492496490478516, "mean_height": 0.26298102736473083, "std_height": 0.43043750524520874, "count_pixels": 41, "percent_cover": 0.084124997435213497, "percent_above_0.1m": 31.707317073170731, "low_level_<0.5": 9.7560975609756095, "mid_level_0.5-2": 19.512195121951219, "tall_2+": 2.4390243902439024 }, "geometry": { "type": "Point", "coordinates": [ -3.03173553130108, 53.847986272341302 ] } },
{ "type": "Feature", "properties": { "max_height": 0.84749984741210938, "mean_height": 0.064731061458587646, "std_height": 0.15209881961345673, "count_pixels": 41, "percent_cover": 0.084124997435213497, "percent_above_0.1m": 7.3170731707317067, "low_level_<0.5": 0.0, "mid_level_0.5-2": 4.8780487804878048, "tall_2+": 0.0 }, "geometry": { "type": "Point", "coordinates": [ -3.031524948325785, 53.847988088128133 ] } },
{ "type": "Feature", "properties": { "max_height": 0.17399883270263672, "mean_height": 0.029462745413184166, "std_height": 0.031821329146623611, "count_pixels": 41, "percent_cover": 0.084124997435213497, "percent_above_0.1m": 2.4390243902439024, "low_level_<0.5": 2.4390243902439024, "mid_level_0.5-2": 0.0, "tall_2+": 0.0 }, "geometry": { "type": "Point", "coordinates": [ -3.031314365328166, 53.847989903545219 ] } },
{ "type": "Feature", "properties": { "max_height": 0.048748970031738281, "mean_height": -0.0046966397203505039, "std_height": 0.022759091109037399, "count_pixels": 37, "percent_cover": 0.075917680612265837, "percent_above_0.1m": 0.0, "low_level_<0.5": 0.0, "mid_level_0.5-2": 0.0, "tall_2+": 0.0 }, "geometry": { "type": "Point", "coordinates": [ -3.031103782308222, 53.847991718592539 ] } },
{ "type": "Feature", "properties": { "max_height": 4.6444988250732422, "mean_height": 0.80272477865219116, "std_height": 1.2676136493682861, "count_pixels": 41, "percent_cover": 0.084124997435213497, "percent_above_0.1m": 48.780487804878049, "low_level_<0.5": 12.195121951219512, "mid_level_0.5-2": 17.073170731707318, "tall_2+": 17.073170731707318 }, "geometry": { "type": "Point", "coordinates": [ -3.030893199265968, 53.847993533270092 ] } },
{ "type": "Feature", "properties": { "max_height": 9.8254995346069336, "mean_height": 3.0244321823120117, "std_height": 2.9189450740814209, "count_pixels": 41, "percent_cover": 0.084124997435213497, "percent_above_0.1m": 75.609756097560975, "low_level_<0.5": 2.4390243902439024, "mid_level_0.5-2": 19.512195121951219, "tall_2+": 53.658536585365859 }, "geometry": { "type": "Point", "coordinates": [ -3.030682616201392, 53.8479953475779 ] } },
{ "type": "Feature", "properties": { "max_height": 6.2835006713867188, "mean_height": 2.1813163757324219, "std_height": 2.1189181804656982, "count_pixels": 41, "percent_cover": 0.084124997435213497, "percent_above_0.1m": 68.292682926829272, "low_level_<0.5": 0.0, "mid_level_0.5-2": 26.829268292682929, "tall_2+": 41.463414634146339 }, "geometry": { "type": "Point", "coordinates": [ -3.030472033114511, 53.847997161515956 ] } },
{ "type": "Feature", "properties": { "max_height": 1.0724992752075195, "mean_height": 0.10316221415996552, "std_height": 0.17009338736534119, "count_pixels": 43, "percent_cover": 0.088228655846687321, "percent_above_0.1m": 6.9767441860465116, "low_level_<0.5": 0.0, "mid_level_0.5-2": 4.6511627906976747, "tall_2+": 0.0 }, "geometry": { "type": "Point", "coordinates": [ -3.03026145000533, 53.847998975084231 ] } },
{ "type": "Feature", "properties": { "max_height": 3.9392490386962891, "mean_height": 0.72627264261245728, "std_height": 1.1400992870330811, "count_pixels": 43, "percent_cover": 0.088228655846687321, "percent_above_0.1m": 34.883720930232556, "low_level_<0.5": 4.6511627906976747, "mid_level_0.5-2": 11.627906976744185, "tall_2+": 18.604651162790699 }, "geometry": { "type": "Point", "coordinates": [ -3.030050866873846, 53.848000788282761 ] } },
{ "type": "Feature", "properties": { "max_height": 10.820499420166016, "mean_height": 5.9375762939453125, "std_height": 2.7830910682678223, "count_pixels": 42, "percent_cover": 0.086176826640950416, "percent_above_0.1m": 100.0, "low_level_<0.5": 0.0, "mid_level_0.5-2": 7.1428571428571423, "tall_2+": 92.857142857142861 }, "geometry": { "type": "Point", "coordinates": [ -3.029840283720065, 53.848002601111524 ] } },
{ "type": "Feature", "properties": { "max_height": 12.671499252319336, "mean_height": 3.4195528030395508, "std_height": 4.291846752166748, "count_pixels": 42, "percent_cover": 0.086176826640950416, "percent_above_0.1m": 73.80952380952381, "low_level_<0.5": 9.5238095238095237, "mid_level_0.5-2": 16.666666666666664, "tall_2+": 45.238095238095241 }, "geometry": { "type": "Point", "coordinates": [ -3.029629700543998, 53.848004413570528 ] } },
{ "type": "Feature", "properties": { "max_height": 1.9662494659423828, "mean_height": 0.10348193347454071, "std_height": 0.29236146807670593, "count_pixels": 43, "percent_cover": 0.088228655846687321, "percent_above_0.1m": 4.6511627906976747, "low_level_<0.5": 2.3255813953488373, "mid_level_0.5-2": 2.3255813953488373, "tall_2+": 0.0 }, "geometry": { "type": "Point", "coordinates": [ -3.037529248190477, 53.848044005451115 ] } },
{ "type": "Feature", "properties": { "max_height": 9.4737482070922852, "mean_height": 1.7887727022171021, "std_height": 3.2804181575775146, "count_pixels": 43, "percent_cover": 0.088228655846687321, "percent_above_0.1m": 30.232558139534881, "low_level_<0.5": 0.0, "mid_level_0.5-2": 9.3023255813953494, "tall_2+": 20.930232558139537 }, "geometry": { "type": "Point", "coordinates": [ -3.037318663063314, 53.848045833177807 ] } },
{ "type": "Feature", "properties": { "max_height": 9.5604972839355469, "mean_height": 4.8152017593383789, "std_height": 4.2927603721618652, "count_pixels": 42, "percent_cover": 0.086176826640950416, "percent_above_0.1m": 59.523809523809526, "low_level_<0.5": 0.0, "mid_level_0.5-2": 2.3809523809523809, "tall_2+": 57.142857142857139 }, "geometry": { "type": "Point", "coordinates": [ -3.037108077913461, 53.848047660535144 ] } },
{ "type": "Feature", "properties": { "max_height": 9.3787498474121094, "mean_height": 3.0121541023254395, "std_height": 3.9565339088439941, "count_pixels": 42, "percent_cover": 0.086176826640950416, "percent_above_0.1m": 40.476190476190474, "low_level_<0.5": 2.3809523809523809, "mid_level_0.5-2": 0.0, "tall_2+": 38.095238095238095 }, "geometry": { "type": "Point", "coordinates": [ -3.036897492740914, 53.848049487523134 ] } },
{ "type": "Feature", "properties": { "max_height": 8.1437482833862305, "mean_height": 0.54283654689788818, "std_height": 1.7315791845321655, "count_pixels": 43, "percent_cover": 0.088228655846687321, "percent_above_0.1m": 20.930232558139537, "low_level_<0.5": 6.9767441860465116, "mid_level_0.5-2": 2.3255813953488373, "tall_2+": 6.9767441860465116 }, "geometry": { "type": "Point", "coordinates": [ -3.036686907545691, 53.848051314141749 ] } },
{ "type": "Feature", "properties": { "max_height": 2.1814994812011719, "mean_height": 0.18735410273075104, "std_height": 0.39224377274513245, "count_pixels": 43, "percent_cover": 0.088228655846687321, "percent_above_0.1m": 20.930232558139537, "low_level_<0.5": 11.627906976744185, "mid_level_0.5-2": 6.9767441860465116, "tall_2+": 2.3255813953488373 }, "geometry": { "type": "Point", "coordinates": [ -3.036476322327786, 53.848053140391009 ] } },
{ "type": "Feature", "properties": { "max_height": 4.6674995422363281, "mean_height": 0.57167619466781616, "std_height": 0.87882345914840698, "count_pixels": 41, "percent_cover": 0.084124997435213497, "percent_above_0.1m": 51.219512195121951, "low_level_<0.5": 14.634146341463413, "mid_level_0.5-2": 31.707317073170731, "tall_2+": 4.8780487804878048 }, "geometry": { "type": "Point", "coordinates": [ -3.036265737087211, 53.848054966270915 ] } },
{ "type": "Feature", "properties": { "max_height": 12.398248672485352, "mean_height": 6.8765482902526855, "std_height": 3.4876890182495117, "count_pixels": 41, "percent_cover": 0.084124997435213497, "percent_above_0.1m": 87.804878048780495, "low_level_<0.5": 0.0, "mid_level_0.5-2": 0.0, "tall_2+": 85.365853658536579 }, "geometry": { "type": "Point", "coordinates": [ -3.036055151823968, 53.848056791781453 ] } },
{ "type": "Feature", "properties": { "max_height": 12.323247909545898, "mean_height": 8.2284021377563477, "std_height": 3.9311175346374512, "count_pixels": 41, "percent_cover": 0.084124997435213497, "percent_above_0.1m": 100.0, "low_level_<0.5": 0.0, "mid_level_0.5-2": 0.0, "tall_2+": 100.0 }, "geometry": { "type": "Point", "coordinates": [ -3.035844566538056, 53.848058616922636 ] } },
{ "type": "Feature", "properties": { "max_height": 3.7367486953735352, "mean_height": 1.3982492685317993, "std_height": 1.4556735754013062, "count_pixels": 38, "percent_cover": 0.077969509818002755, "percent_above_0.1m": 55.26315789473685, "low_level_<0.5": 5.2631578947368416, "mid_level_0.5-2": 7.8947368421052628, "tall_2+": 42.105263157894733 }, "geometry": { "type": "Point", "coordinates": [ -3.035633981229489, 53.848060441694457 ] } },
{ "type": "Feature", "properties": { "max_height": 1.3647499084472656, "mean_height": 0.19857867062091827, "std_height": 0.30587708950042725, "count_pixels": 41, "percent_cover": 0.084124997435213497, "percent_above_0.1m": 34.146341463414636, "low_level_<0.5": 21.951219512195124, "mid_level_0.5-2": 9.7560975609756095, "tall_2+": 0.0 }, "geometry": { "type": "Point", "coordinates": [ -3.03542339589827, 53.848062266096917 ] } },
{ "type": "Feature", "properties": { "max_height": 1.0967493057250977, "mean_height": 0.24488374590873718, "std_height": 0.3276371955871582, "count_pixels": 41, "percent_cover": 0.084124997435213497, "percent_above_0.1m": 39.024390243902438, "low_level_<0.5": 17.073170731707318, "mid_level_0.5-2": 19.512195121951219, "tall_2+": 0.0 }, "geometry": { "type": "Point", "coordinates": [ -3.035212810544394, 53.848064090130016 ] } },
{ "type": "Feature", "properties": { "max_height": 1.3077492713928223, "mean_height": 0.09531690925359726, "std_height": 0.30655395984649658, "count_pixels": 41, "percent_cover": 0.084124997435213497, "percent_above_0.1m": 17.073170731707318, "low_level_<0.5": 4.8780487804878048, "mid_level_0.5-2": 12.195121951219512, "tall_2+": 0.0 }, "geometry": { "type": "Point", "coordinates": [ -3.035002225167877, 53.848065913793754 ] } },
{ "type": "Feature", "properties": { "max_height": 1.223750114440918, "mean_height": 0.091315165162086487, "std_height": 0.24190585315227509, "count_pixels": 42, "percent_cover": 0.086176826640950416, "percent_above_0.1m": 16.666666666666664, "low_level_<0.5": 7.1428571428571423, "mid_level_0.5-2": 9.5238095238095237, "tall_2+": 0.0 }, "geometry": { "type": "Point", "coordinates": [ -3.034791639769217, 53.848067737087987 ] } },
{ "type": "Feature", "properties": { "max_height": 17.605249404907227, "mean_height": 4.4050812721252441, "std_height": 5.8805413246154785, "count_pixels": 43, "percent_cover": 0.088228655846687321, "percent_above_0.1m": 62.790697674418603, "low_level_<0.5": 9.3023255813953494, "mid_level_0.5-2": 4.6511627906976747, "tall_2+": 44.186046511627907 }, "geometry": { "type": "Point", "coordinates": [ -3.034581055470195, 53.848069559127737 ] } },
{ "type": "Feature", "properties": { "max_height": 19.155750274658203, "mean_height": 10.056883811950684, "std_height": 5.6406865119934082, "count_pixels": 43, "percent_cover": 0.088228655846687321, "percent_above_0.1m": 95.348837209302332, "low_level_<0.5": 0.0, "mid_level_0.5-2": 9.3023255813953494, "tall_2+": 86.04651162790698 }, "geometry": { "type": "Point", "coordinates": [ -3.034370472274591, 53.848071379907097 ] } },
{ "type": "Feature", "properties": { "max_height": 8.1725006103515625, "mean_height": 1.9124283790588379, "std_height": 2.0341651439666748, "count_pixels": 42, "percent_cover": 0.086176826640950416, "percent_above_0.1m": 71.428571428571431, "low_level_<0.5": 11.904761904761903, "mid_level_0.5-2": 14.285714285714285, "tall_2+": 42.857142857142854 }, "geometry": { "type": "Point", "coordinates": [ -3.034159889057967, 53.848073200316293 ] } },
{ "type": "Feature", "properties": { "max_height": 18.655250549316406, "mean_height": 5.421058177947998, "std_height": 5.3180289268493652, "count_pixels": 43, "percent_cover": 0.088228655846687321, "percent_above_0.1m": 72.093023255813947, "low_level_<0.5": 2.3255813953488373, "mid_level_0.5-2": 13.953488372093023, "tall_2+": 55.813953488372093 }, "geometry": { "type": "Point", "coordinates": [ -3.033949305818959, 53.848075020355722 ] } },
{ "type": "Feature", "properties": { "max_height": 20.424749374389648, "mean_height": 11.800544738769531, "std_height": 6.9388523101806641, "count_pixels": 43, "percent_cover": 0.088228655846687321, "percent_above_0.1m": 83.720930232558146, "low_level_<0.5": 0.0, "mid_level_0.5-2": 2.3255813953488373, "tall_2+": 81.395348837209298 }, "geometry": { "type": "Point", "coordinates": [ -3.033738722557572, 53.848076840025385 ] } },
{ "type": "Feature", "properties": { "max_height": 19.755498886108398, "mean_height": 3.7019414901733398, "std_height": 5.9172382354736328, "count_pixels": 43, "percent_cover": 0.088228655846687321, "percent_above_0.1m": 53.488372093023251, "low_level_<0.5": 2.3255813953488373, "mid_level_0.5-2": 11.627906976744185, "tall_2+": 32.558139534883722 }, "geometry": { "type": "Point", "coordinates": [ -3.033528139273814, 53.848078659325303 ] } },
{ "type": "Feature", "properties": { "max_height": 0.089499473571777344, "mean_height": 0.047456696629524231, "std_height": 0.023542990908026695, "count_pixels": 41, "percent_cover": 0.084124997435213497, "percent_above_0.1m": 0.0, "low_level_<0.5": 0.0, "mid_level_0.5-2": 0.0, "tall_2+": 0.0 }, "geometry": { "type": "Point", "coordinates": [ -3.03331755596768, 53.848080478255476 ] } },
{ "type": "Feature", "properties": { "max_height": 0.79074859619140625, "mean_height": 0.10971280932426453, "std_height": 0.2235838770866394, "count_pixels": 41, "percent_cover": 0.084124997435213497, "percent_above_0.1m": 29.268292682926827, "low_level_<0.5": 14.634146341463413, "mid_level_0.5-2": 9.7560975609756095, "tall_2+": 0.0 }, "geometry": { "type": "Point", "coordinates": [ -3.033106972639187, 53.848082296815846 ] } },
{ "type": "Feature", "properties": { "max_height": 0.05825042724609375, "mean_height": 0.018615188077092171, "std_height": 0.025864491239190102, "count_pixels": 41, "percent_cover": 0.084124997435213497, "percent_above_0.1m": 0.0, "low_level_<0.5": 0.0, "mid_level_0.5-2": 0.0, "tall_2+": 0.0 }, "geometry": { "type": "Point", "coordinates": [ -3.032896389288337, 53.848084115006486 ] } },
{ "type": "Feature", "properties": { "max_height": 16.512748718261719, "mean_height": 5.1005315780639648, "std_height": 5.7728261947631836, "count_pixels": 38, "percent_cover": 0.077969509818002755, "percent_above_0.1m": 60.526315789473685, "low_level_<0.5": 2.6315789473684208, "mid_level_0.5-2": 5.2631578947368416, "tall_2+": 52.631578947368418 }, "geometry": { "type": "Point", "coordinates": [ -3.032685805915123, 53.848085932827367 ] } },
{ "type": "Feature", "properties": { "max_height": 19.069499969482422, "mean_height": 6.1782488822937012, "std_height": 6.4615073204040527, "count_pixels": 41, "percent_cover": 0.084124997435213497, "percent_above_0.1m": 58.536585365853654, "low_level_<0.5": 0.0, "mid_level_0.5-2": 4.8780487804878048, "tall_2+": 53.658536585365859 }, "geometry": { "type": "Point", "coordinates": [ -3.032475222519565, 53.848087750278467 ] } },
{ "type": "Feature", "properties": { "max_height": 0.093749046325683594, "mean_height": 0.046133436262607574, "std_height": 0.018499936908483505, "count_pixels": 41, "percent_cover": 0.084124997435213497, "percent_above_0.1m": 0.0, "low_level_<0.5": 0.0, "mid_level_0.5-2": 0.0, "tall_2+": 0.0 }, "geometry": { "type": "Point", "coordinates": [ -3.032264639101657, 53.848089567359821 ] } },
{ "type": "Feature", "properties": { "max_height": 0.080998420715332031, "mean_height": 0.016950421035289764, "std_height": 0.028326084837317467, "count_pixels": 41, "percent_cover": 0.084124997435213497, "percent_above_0.1m": 0.0, "low_level_<0.5": 0.0, "mid_level_0.5-2": 0.0, "tall_2+": 0.0 }, "geometry": { "type": "Point", "coordinates": [ -3.032054055661403, 53.848091384071409 ] } },
{ "type": "Feature", "properties": { "max_height": 0.089249610900878906, "mean_height": 0.020916484296321869, "std_height": 0.026520963758230209, "count_pixels": 42, "percent_cover": 0.086176826640950416, "percent_above_0.1m": 0.0, "low_level_<0.5": 0.0, "mid_level_0.5-2": 0.0, "tall_2+": 0.0 }, "geometry": { "type": "Point", "coordinates": [ -3.031843472198819, 53.848093200413238 ] } },
{ "type": "Feature", "properties": { "max_height": 0.070750236511230469, "mean_height": 0.0076218093745410442, "std_height": 0.027174931019544601, "count_pixels": 43, "percent_cover": 0.088228655846687321, "percent_above_0.1m": 0.0, "low_level_<0.5": 0.0, "mid_level_0.5-2": 0.0, "tall_2+": 0.0 }, "geometry": { "type": "Point", "coordinates": [ -3.031632888713898, 53.848095016385315 ] } },
{ "type": "Feature", "properties": { "max_height": 0.048249244689941406, "mean_height": 0.0062498049810528755, "std_height": 0.011153556406497955, "count_pixels": 43, "percent_cover": 0.088228655846687321, "percent_above_0.1m": 0.0, "low_level_<0.5": 0.0, "mid_level_0.5-2": 0.0, "tall_2+": 0.0 }, "geometry": { "type": "Point", "coordinates": [ -3.031422305206646, 53.848096831987633 ] } },
{ "type": "Feature", "properties": { "max_height": 0.071499824523925781, "mean_height": 0.010273502208292484, "std_height": 0.022104278206825256, "count_pixels": 42, "percent_cover": 0.086176826640950416, "percent_above_0.1m": 0.0, "low_level_<0.5": 0.0, "mid_level_0.5-2": 0.0, "tall_2+": 0.0 }, "geometry": { "type": "Point", "coordinates": [ -3.031211721677075, 53.848098647220191 ] } },
{ "type": "Feature", "properties": { "max_height": 3.2642498016357422, "mean_height": 0.34541785717010498, "std_height": 0.60614711046218872, "count_pixels": 43, "percent_cover": 0.088228655846687321, "percent_above_0.1m": 41.860465116279073, "low_level_<0.5": 11.627906976744185, "mid_level_0.5-2": 25.581395348837212, "tall_2+": 2.3255813953488373 }, "geometry": { "type": "Point", "coordinates": [ -3.031001138125177, 53.848100462082982 ] } },
{ "type": "Feature", "properties": { "max_height": 6.430999755859375, "mean_height": 1.2878600358963013, "std_height": 1.4456977844238281, "count_pixels": 43, "percent_cover": 0.088228655846687321, "percent_above_0.1m": 67.441860465116278, "low_level_<0.5": 9.3023255813953494, "mid_level_0.5-2": 25.581395348837212, "tall_2+": 30.232558139534881 }, "geometry": { "type": "Point", "coordinates": [ -3.030790554550971, 53.848102276576 ] } },
{ "type": "Feature", "properties": { "max_height": 7.6964988708496094, "mean_height": 2.8923773765563965, "std_height": 2.2756805419921875, "count_pixels": 43, "percent_cover": 0.088228655846687321, "percent_above_0.1m": 88.372093023255815, "low_level_<0.5": 2.3255813953488373, "mid_level_0.5-2": 30.232558139534881, "tall_2+": 55.813953488372093 }, "geometry": { "type": "Point", "coordinates": [ -3.030579970954448, 53.84810409069928 ] } },
{ "type": "Feature", "properties": { "max_height": 6.4432487487792969, "mean_height": 1.5307004451751709, "std_height": 1.8509823083877563, "count_pixels": 41, "percent_cover": 0.084124997435213497, "percent_above_0.1m": 70.731707317073173, "low_level_<0.5": 12.195121951219512, "mid_level_0.5-2": 21.951219512195124, "tall_2+": 31.707317073170731 }, "geometry": { "type": "Point", "coordinates": [ -3.030369387335623, 53.84810590445278 ] } },
{ "type": "Feature", "properties": { "max_height": 0.088000297546386719, "mean_height": 0.02410302497446537, "std_height": 0.038308281451463699, "count_pixels": 41, "percent_cover": 0.084124997435213497, "percent_above_0.1m": 0.0, "low_level_<0.5": 0.0, "mid_level_0.5-2": 0.0, "tall_2+": 0.0 }, "geometry": { "type": "Point", "coordinates": [ -3.030158803694493, 53.848107717836541 ] } },
{ "type": "Feature", "properties": { "max_height": 10.986998558044434, "mean_height": 4.8187551498413086, "std_height": 3.3333420753479004, "count_pixels": 41, "percent_cover": 0.084124997435213497, "percent_above_0.1m": 82.926829268292678, "low_level_<0.5": 0.0, "mid_level_0.5-2": 7.3170731707317067, "tall_2+": 75.609756097560975 }, "geometry": { "type": "Point", "coordinates": [ -3.029948220031069, 53.848109530850529 ] } },
{ "type": "Feature", "properties": { "max_height": 10.002999305725098, "mean_height": 1.9326567649841309, "std_height": 3.2667272090911865, "count_pixels": 38, "percent_cover": 0.077969509818002755, "percent_above_0.1m": 47.368421052631575, "low_level_<0.5": 7.8947368421052628, "mid_level_0.5-2": 15.789473684210526, "tall_2+": 21.052631578947366 }, "geometry": { "type": "Point", "coordinates": [ -3.029737636345349, 53.84811134349475 ] } },
{ "type": "Feature", "properties": { "max_height": 5.2539987564086914, "mean_height": 0.90463340282440186, "std_height": 1.5767651796340942, "count_pixels": 41, "percent_cover": 0.084124997435213497, "percent_above_0.1m": 31.707317073170731, "low_level_<0.5": 0.0, "mid_level_0.5-2": 12.195121951219512, "tall_2+": 19.512195121951219 }, "geometry": { "type": "Point", "coordinates": [ -3.037637204631112, 53.848150927352485 ] } },
{ "type": "Feature", "properties": { "max_height": 2.9537496566772461, "mean_height": 0.45443242788314819, "std_height": 0.79861778020858765, "count_pixels": 41, "percent_cover": 0.084124997435213497, "percent_above_0.1m": 31.707317073170731, "low_level_<0.5": 9.7560975609756095, "mid_level_0.5-2": 14.634146341463413, "tall_2+": 7.3170731707317067 }, "geometry": { "type": "Point", "coordinates": [ -3.037426618987356, 53.848152755276125 ] } },
{ "type": "Feature", "properties": { "max_height": 10.553750038146973, "mean_height": 9.8979816436767578, "std_height": 0.57183462381362915, "count_pixels": 41, "percent_cover": 0.084124997435213497, "percent_above_0.1m": 100.0, "low_level_<0.5": 0.0, "mid_level_0.5-2": 0.0, "tall_2+": 100.0 }, "geometry": { "type": "Point", "coordinates": [ -3.037216033320909, 53.848154582830389 ] } },
{ "type": "Feature", "properties": { "max_height": 10.408498764038086, "mean_height": 9.810572624206543, "std_height": 0.34914419054985046, "count_pixels": 38, "percent_cover": 0.077969509818002755, "percent_above_0.1m": 100.0, "low_level_<0.5": 0.0, "mid_level_0.5-2": 0.0, "tall_2+": 100.0 }, "geometry": { "type": "Point", "coordinates": [ -3.037005447631774, 53.848156410015299 ] } },
{ "type": "Feature", "properties": { "max_height": 10.070249557495117, "mean_height": 9.3396883010864258, "std_height": 1.1365499496459961, "count_pixels": 41, "percent_cover": 0.084124997435213497, "percent_above_0.1m": 100.0, "low_level_<0.5": 0.0, "mid_level_0.5-2": 0.0, "tall_2+": 100.0 }, "geometry": { "type": "Point", "coordinates": [ -3.036794861919951, 53.848158236830841 ] } },
{ "type": "Feature", "properties": { "max_height": 9.550999641418457, "mean_height": 1.1243895292282104, "std_height": 2.4683659076690674, "count_pixels": 41, "percent_cover": 0.084124997435213497, "percent_above_0.1m": 29.268292682926827, "low_level_<0.5": 2.4390243902439024, "mid_level_0.5-2": 4.8780487804878048, "tall_2+": 17.073170731707318 }, "geometry": { "type": "Point", "coordinates": [ -3.036584276185448, 53.848160063277042 ] } },
{ "type": "Feature", "properties": { "max_height": 11.575998306274414, "mean_height": 2.6241457462310791, "std_height": 4.2390074729919434, "count_pixels": 41, "percent_cover": 0.084124997435213497, "percent_above_0.1m": 43.902439024390247, "low_level_<0.5": 0.0, "mid_level_0.5-2": 7.3170731707317067, "tall_2+": 29.268292682926827 }, "geometry": { "type": "Point", "coordinates": [ -3.036373690428269, 53.848161889353861 ] } },
{ "type": "Feature", "properties": { "max_height": 12.839499473571777, "mean_height": 10.726410865783691, "std_height": 2.1901540756225586, "count_pixels": 43, "percent_cover": 0.088228655846687321, "percent_above_0.1m": 100.0, "low_level_<0.5": 0.0, "mid_level_0.5-2": 0.0, "tall_2+": 100.0 }, "geometry": { "type": "Point", "coordinates": [ -3.036163104648423, 53.848163715061325 ] } },
{ "type": "Feature", "properties": { "max_height": 13.038000106811523, "mean_height": 11.823271751403809, "std_height": 0.40263435244560242, "count_pixels": 43, "percent_cover": 0.088228655846687321, "percent_above_0.1m": 100.0, "low_level_<0.5": 0.0, "mid_level_0.5-2": 0.0, "tall_2+": 100.0 }, "geometry": { "type": "Point", "coordinates": [ -3.035952518845907, 53.848165540399428 ] } },
{ "type": "Feature", "properties": { "max_height": 11.437499046325684, "mean_height": 4.2522850036621094, "std_height": 4.9539527893066406, "count_pixels": 42, "percent_cover": 0.086176826640950416, "percent_above_0.1m": 64.285714285714292, "low_level_<0.5": 11.904761904761903, "mid_level_0.5-2": 4.7619047619047619, "tall_2+": 42.857142857142854 }, "geometry": { "type": "Point", "coordinates": [ -3.035741933020731, 53.848167365368177 ] } },
{ "type": "Feature", "properties": { "max_height": 1.0494985580444336, "mean_height": 0.22257675230503082, "std_height": 0.27656102180480957, "count_pixels": 42, "percent_cover": 0.086176826640950416, "percent_above_0.1m": 33.333333333333329, "low_level_<0.5": 11.904761904761903, "mid_level_0.5-2": 19.047619047619047, "tall_2+": 0.0 }, "geometry": { "type": "Point", "coordinates": [ -3.035531347172899, 53.848169189967564 ] } },
{ "type": "Feature", "properties": { "max_height": 1.057499885559082, "mean_height": 0.29051113128662109, "std_height": 0.31928473711013794, "count_pixels": 43, "percent_cover": 0.088228655846687321, "percent_above_0.1m": 46.511627906976742, "low_level_<0.5": 18.604651162790699, "mid_level_0.5-2": 25.581395348837212, "tall_2+": 0.0 }, "geometry": { "type": "Point", "coordinates": [ -3.035320761302408, 53.848171014197568 ] } },
{ "type": "Feature", "properties": { "max_height": 1.1219997406005859, "mean_height": 0.28797641396522522, "std_height": 0.31048786640167236, "count_pixels": 43, "percent_cover": 0.088228655846687321, "percent_above_0.1m": 46.511627906976742, "low_level_<0.5": 18.604651162790699, "mid_level_0.5-2": 23.255813953488371, "tall_2+": 0.0 }, "geometry": { "type": "Point", "coordinates": [ -3.035110175409274, 53.848172838058233 ] } },
{ "type": "Feature", "properties": { "max_height": 0.70774936676025391, "mean_height": 0.091279484331607819, "std_height": 0.13808064162731171, "count_pixels": 42, "percent_cover": 0.086176826640950416, "percent_above_0.1m": 30.952380952380953, "low_level_<0.5": 21.428571428571427, "mid_level_0.5-2": 2.3809523809523809, "tall_2+": 0.0 }, "geometry": { "type": "Point", "coordinates": [ -3.034899589493493, 53.848174661549535 ] } },
{ "type": "Feature", "properties": { "max_height": 0.5722503662109375, "mean_height": 0.060286357998847961, "std_height": 0.10566702485084534, "count_pixels": 41, "percent_cover": 0.084124997435213497, "percent_above_0.1m": 7.3170731707317067, "low_level_<0.5": 4.8780487804878048, "mid_level_0.5-2": 2.4390243902439024, "tall_2+": 0.0 }, "geometry": { "type": "Point", "coordinates": [ -3.034689004044978, 53.848176484477385 ] } },
{ "type": "Feature", "properties": { "max_height": 20.554500579833984, "mean_height": 10.357999801635742, "std_height": 6.0928831100463867, "count_pixels": 41, "percent_cover": 0.084124997435213497, "percent_above_0.1m": 97.560975609756099, "low_level_<0.5": 4.8780487804878048, "mid_level_0.5-2": 7.3170731707317067, "tall_2+": 85.365853658536579 }, "geometry": { "type": "Point", "coordinates": [ -3.034478419819666, 53.848178305661435 ] } },
{ "type": "Feature", "properties": { "max_height": 20.123500823974609, "mean_height": 9.0883598327636719, "std_height": 6.2604670524597168, "count_pixels": 41, "percent_cover": 0.084124997435213497, "percent_above_0.1m": 97.560975609756099, "low_level_<0.5": 2.4390243902439024, "mid_level_0.5-2": 4.8780487804878048, "tall_2+": 82.926829268292678 }, "geometry": { "type": "Point", "coordinates": [ -3.034267836093435, 53.848180126255883 ] } },
{ "type": "Feature", "properties": { "max_height": 5.4225001335144043, "mean_height": 0.48732426762580872, "std_height": 1.1407186985015869, "count_pixels": 37, "percent_cover": 0.075917680612265837, "percent_above_0.1m": 16.216216216216218, "low_level_<0.5": 0.0, "mid_level_0.5-2": 5.4054054054054053, "tall_2+": 10.810810810810811 }, "geometry": { "type": "Point", "coordinates": [ -3.034057252344824, 53.848181946480565 ] } },
{ "type": "Feature", "properties": { "max_height": 0.064750194549560547, "mean_height": 0.055688846856355667, "std_height": 0.0054464726708829403, "count_pixels": 41, "percent_cover": 0.084124997435213497, "percent_above_0.1m": 0.0, "low_level_<0.5": 0.0, "mid_level_0.5-2": 0.0, "tall_2+": 0.0 }, "geometry": { "type": "Point", "coordinates": [ -3.033846668573831, 53.848183766335495 ] } },
{ "type": "Feature", "properties": { "max_height": 0.31999969482421875, "mean_height": 0.078993797302246094, "std_height": 0.047983597964048386, "count_pixels": 41, "percent_cover": 0.084124997435213497, "percent_above_0.1m": 17.073170731707318, "low_level_<0.5": 4.8780487804878048, "mid_level_0.5-2": 0.0, "tall_2+": 0.0 }, "geometry": { "type": "Point", "coordinates": [ -3.033636084780466, 53.848185585820659 ] } },
{ "type": "Feature", "properties": { "max_height": 16.6614990234375, "mean_height": 5.3777189254760742, "std_height": 4.582634449005127, "count_pixels": 41, "percent_cover": 0.084124997435213497, "percent_above_0.1m": 78.048780487804876, "low_level_<0.5": 2.4390243902439024, "mid_level_0.5-2": 9.7560975609756095, "tall_2+": 63.414634146341463 }, "geometry": { "type": "Point", "coordinates": [ -3.033425500964726, 53.848187404936048 ] } },
{ "type": "Feature", "properties": { "max_height": 17.419998168945312, "mean_height": 3.8495919704437256, "std_height": 6.0067324638366699, "count_pixels": 43, "percent_cover": 0.088228655846687321, "percent_above_0.1m": 65.116279069767444, "low_level_<0.5": 18.604651162790699, "mid_level_0.5-2": 13.953488372093023, "tall_2+": 30.232558139534881 }, "geometry": { "type": "Point", "coordinates": [ -3.033214917126617, 53.8481892236817 ] } },
{ "type": "Feature", "properties": { "max_height": 17.40049934387207, "mean_height": 2.094057559967041, "std_height": 4.7431135177612305, "count_pixels": 43, "percent_cover": 0.088228655846687321, "percent_above_0.1m": 46.511627906976742, "low_level_<0.5": 18.604651162790699, "mid_level_0.5-2": 9.3023255813953494, "tall_2+": 16.279069767441861 }, "geometry": { "type": "Point", "coordinates": [ -3.033004333266153, 53.848191042057564 ] } },
{ "type": "Feature", "properties": { "max_height": 17.742998123168945, "mean_height": 3.442326545715332, "std_height": 5.4655447006225586, "count_pixels": 42, "percent_cover": 0.086176826640950416, "percent_above_0.1m": 47.619047619047613, "low_level_<0.5": 2.3809523809523809, "mid_level_0.5-2": 11.904761904761903, "tall_2+": 30.952380952380953 }, "geometry": { "type": "Point", "coordinates": [ -3.032793749383319, 53.848192860063691 ] } },
{ "type": "Feature", "properties": { "max_height": 20.365749359130859, "mean_height": 10.639957427978516, "std_height": 6.5779390335083008, "count_pixels": 42, "percent_cover": 0.086176826640950416, "percent_above_0.1m": 92.857142857142861, "low_level_<0.5": 0.0, "mid_level_0.5-2": 4.7619047619047619, "tall_2+": 88.095238095238088 }, "geometry": { "type": "Point", "coordinates": [ -3.032583165478144, 53.848194677700043 ] } },
{ "type": "Feature", "properties": { "max_height": 6.0030002593994141, "mean_height": 0.19367972016334534, "std_height": 0.89785993099212646, "count_pixels": 43, "percent_cover": 0.088228655846687321, "percent_above_0.1m": 4.6511627906976747, "low_level_<0.5": 2.3255813953488373, "mid_level_0.5-2": 0.0, "tall_2+": 2.3255813953488373 }, "geometry": { "type": "Point", "coordinates": [ -3.032372581550608, 53.848196494966629 ] } },
{ "type": "Feature", "properties": { "max_height": 1.0242490768432617, "mean_height": 0.079737730324268341, "std_height": 0.15774653851985931, "count_pixels": 43, "percent_cover": 0.088228655846687321, "percent_above_0.1m": 6.9767441860465116, "low_level_<0.5": 2.3255813953488373, "mid_level_0.5-2": 2.3255813953488373, "tall_2+": 0.0 }, "geometry": { "type": "Point", "coordinates": [ -3.032161997600737, 53.848198311863463 ] } },
{ "type": "Feature", "properties": { "max_height": 0.10374927520751953, "mean_height": 0.038743495941162109, "std_height": 0.029437806457281113, "count_pixels": 42, "percent_cover": 0.086176826640950416, "percent_above_0.1m": 2.3809523809523809, "low_level_<0.5": 0.0, "mid_level_0.5-2": 0.0, "tall_2+": 0.0 }, "geometry": { "type": "Point", "coordinates": [ -3.031951413628516, 53.848200128390523 ] } },
{ "type": "Feature", "properties": { "max_height": 0.085000038146972656, "mean_height": 0.022999810054898262, "std_height": 0.023335881531238556, "count_pixels": 41, "percent_cover": 0.084124997435213497, "percent_above_0.1m": 0.0, "low_level_<0.5": 0.0, "mid_level_0.5-2": 0.0, "tall_2+": 0.0 }, "geometry": { "type": "Point", "coordinates": [ -3.031740829633971, 53.848201944547831 ] } },
{ "type": "Feature", "properties": { "max_height": 0.10649967193603516, "mean_height": 0.02980450913310051, "std_height": 0.02597736194729805, "count_pixels": 41, "percent_cover": 0.084124997435213497, "percent_above_0.1m": 2.4390243902439024, "low_level_<0.5": 0.0, "mid_level_0.5-2": 0.0, "tall_2+": 0.0 }, "geometry": { "type": "Point", "coordinates": [ -3.031530245617082, 53.84820376033538 ] } },
{ "type": "Feature", "properties": { "max_height": 0.11199951171875, "mean_height": 0.032792463898658752, "std_height": 0.031225383281707764, "count_pixels": 41, "percent_cover": 0.084124997435213497, "percent_above_0.1m": 4.8780487804878048, "low_level_<0.5": 0.0, "mid_level_0.5-2": 0.0, "tall_2+": 0.0 }, "geometry": { "type": "Point", "coordinates": [ -3.031319661577875, 53.848205575753163 ] } },
{ "type": "Feature", "properties": { "max_height": 4.2200002670288086, "mean_height": 1.0352295637130737, "std_height": 1.3460204601287842, "count_pixels": 37, "percent_cover": 0.075917680612265837, "percent_above_0.1m": 51.351351351351347, "low_level_<0.5": 5.4054054054054053, "mid_level_0.5-2": 18.918918918918919, "tall_2+": 24.324324324324326 }, "geometry": { "type": "Point", "coordinates": [ -3.031109077516348, 53.848207390801193 ] } },
{ "type": "Feature", "properties": { "max_height": 9.1575002670288086, "mean_height": 2.3926887512207031, "std_height": 2.7815816402435303, "count_pixels": 41, "percent_cover": 0.084124997435213497, "percent_above_0.1m": 68.292682926829272, "low_level_<0.5": 4.8780487804878048, "mid_level_0.5-2": 14.634146341463413, "tall_2+": 39.024390243902438 }, "geometry": { "type": "Point", "coordinates": [ -3.030898493432495, 53.848209205479456 ] } },
{ "type": "Feature", "properties": { "max_height": 2.8267488479614258, "mean_height": 0.2309446781873703, "std_height": 0.62348014116287231, "count_pixels": 41, "percent_cover": 0.084124997435213497, "percent_above_0.1m": 26.829268292682929, "low_level_<0.5": 7.3170731707317067, "mid_level_0.5-2": 14.634146341463413, "tall_2+": 2.4390243902439024 }, "geometry": { "type": "Point", "coordinates": [ -3.030687909326332, 53.848211019787946 ] } },
{ "type": "Feature", "properties": { "max_height": 6.3792495727539062, "mean_height": 1.9721882343292236, "std_height": 1.6878710985183716, "count_pixels": 41, "percent_cover": 0.084124997435213497, "percent_above_0.1m": 82.926829268292678, "low_level_<0.5": 9.7560975609756095, "mid_level_0.5-2": 24.390243902439025, "tall_2+": 48.780487804878049 }, "geometry": { "type": "Point", "coordinates": [ -3.030477325197861, 53.848212833726699 ] } },
{ "type": "Feature", "properties": { "max_height": 8.1409978866577148, "mean_height": 2.2856736183166504, "std_height": 2.2169167995452881, "count_pixels": 43, "percent_cover": 0.088228655846687321, "percent_above_0.1m": 76.744186046511629, "low_level_<0.5": 6.9767441860465116, "mid_level_0.5-2": 25.581395348837212, "tall_2+": 44.186046511627907 }, "geometry": { "type": "Point", "coordinates": [ -3.030266741047083, 53.848214647295677 ] } },
{ "type": "Feature", "properties": { "max_height": 14.899249076843262, "mean_height": 5.8319239616394043, "std_height": 3.7222945690155029, "count_pixels": 43, "percent_cover": 0.088228655846687321, "percent_above_0.1m": 88.372093023255815, "low_level_<0.5": 2.3255813953488373, "mid_level_0.5-2": 9.3023255813953494, "tall_2+": 76.744186046511629 }, "geometry": { "type": "Point", "coordinates": [ -3.030056156874008, 53.848216460494875 ] } },
{ "type": "Feature", "properties": { "max_height": 10.608248710632324, "mean_height": 3.6757493019104004, "std_height": 3.9589822292327881, "count_pixels": 42, "percent_cover": 0.086176826640950416, "percent_above_0.1m": 61.904761904761905, "low_level_<0.5": 0.0, "mid_level_0.5-2": 14.285714285714285, "tall_2+": 47.619047619047613 }, "geometry": { "type": "Point", "coordinates": [ -3.029845572678643, 53.848218273324335 ] } },
{ "type": "Feature", "properties": { "max_height": 4.1932487487792969, "mean_height": 0.70579016208648682, "std_height": 1.0320671796798706, "count_pixels": 43, "percent_cover": 0.088228655846687321, "percent_above_0.1m": 58.139534883720934, "low_level_<0.5": 16.279069767441861, "mid_level_0.5-2": 27.906976744186046, "tall_2+": 9.3023255813953494 }, "geometry": { "type": "Point", "coordinates": [ -3.037534575450684, 53.848259677267663 ] } },
{ "type": "Feature", "properties": { "max_height": 10.546499252319336, "mean_height": 2.3985168933868408, "std_height": 2.3459727764129639, "count_pixels": 43, "percent_cover": 0.088228655846687321, "percent_above_0.1m": 76.744186046511629, "low_level_<0.5": 6.9767441860465116, "mid_level_0.5-2": 6.9767441860465116, "tall_2+": 51.162790697674424 }, "geometry": { "type": "Point", "coordinates": [ -3.037323989267645, 53.848261505018876 ] } },
{ "type": "Feature", "properties": { "max_height": 10.780999183654785, "mean_height": 5.2335705757141113, "std_height": 3.2993319034576416, "count_pixels": 42, "percent_cover": 0.086176826640950416, "percent_above_0.1m": 100.0, "low_level_<0.5": 2.3809523809523809, "mid_level_0.5-2": 16.666666666666664, "tall_2+": 80.952380952380949 }, "geometry": { "type": "Point", "coordinates": [ -3.037113403061907, 53.848263332400705 ] } },
{ "type": "Feature", "properties": { "max_height": 10.609749794006348, "mean_height": 7.1520051956176758, "std_height": 3.1487777233123779, "count_pixels": 42, "percent_cover": 0.086176826640950416, "percent_above_0.1m": 97.61904761904762, "low_level_<0.5": 0.0, "mid_level_0.5-2": 0.0, "tall_2+": 97.61904761904762 }, "geometry": { "type": "Point", "coordinates": [ -3.036902816833488, 53.848265159413188 ] } },
{ "type": "Feature", "properties": { "max_height": 10.493000030517578, "mean_height": 5.9412441253662109, "std_height": 4.2201557159423828, "count_pixels": 43, "percent_cover": 0.088228655846687321, "percent_above_0.1m": 86.04651162790698, "low_level_<0.5": 9.3023255813953494, "mid_level_0.5-2": 4.6511627906976747, "tall_2+": 69.767441860465112 }, "geometry": { "type": "Point", "coordinates": [ -3.036692230582389, 53.848266986056323 ] } },
{ "type": "Feature", "properties": { "max_height": 4.0885000228881836, "mean_height": 0.50620275735855103, "std_height": 1.0278072357177734, "count_pixels": 43, "percent_cover": 0.088228655846687321, "percent_above_0.1m": 32.558139534883722, "low_level_<0.5": 4.6511627906976747, "mid_level_0.5-2": 6.9767441860465116, "tall_2+": 9.3023255813953494 }, "geometry": { "type": "Point", "coordinates": [ -3.036481644308604, 53.848268812330083 ] } },
{ "type": "Feature", "properties": { "max_height": 12.830248832702637, "mean_height": 11.464402198791504, "std_height": 2.6215088367462158, "count_pixels": 41, "percent_cover": 0.084124997435213497, "percent_above_0.1m": 100.0, "low_level_<0.5": 0.0, "mid_level_0.5-2": 2.4390243902439024, "tall_2+": 97.560975609756099 }, "geometry": { "type": "Point", "coordinates": [ -3.036271058012149, 53.848270638234467 ] } },
{ "type": "Feature", "properties": { "max_height": 12.178501129150391, "mean_height": 10.104602813720703, "std_height": 3.35343337059021, "count_pixels": 41, "percent_cover": 0.084124997435213497, "percent_above_0.1m": 95.121951219512198, "low_level_<0.5": 0.0, "mid_level_0.5-2": 2.4390243902439024, "tall_2+": 92.682926829268297 }, "geometry": { "type": "Point", "coordinates": [ -3.036060471693026, 53.84827246376949 ] } },
{ "type": "Feature", "properties": { "max_height": 11.113998413085938, "mean_height": 1.2342250347137451, "std_height": 2.2125506401062012, "count_pixels": 41, "percent_cover": 0.084124997435213497, "percent_above_0.1m": 92.682926829268297, "low_level_<0.5": 34.146341463414636, "mid_level_0.5-2": 43.902439024390247, "tall_2+": 9.7560975609756095 }, "geometry": { "type": "Point", "coordinates": [ -3.035849885351238, 53.848274288935166 ] } },
{ "type": "Feature", "properties": { "max_height": 0.63424873352050781, "mean_height": 0.28281530737876892, "std_height": 0.20302009582519531, "count_pixels": 38, "percent_cover": 0.077969509818002755, "percent_above_0.1m": 68.421052631578945, "low_level_<0.5": 34.210526315789473, "mid_level_0.5-2": 26.315789473684209, "tall_2+": 0.0 }, "geometry": { "type": "Point", "coordinates": [ -3.03563929898679, 53.848276113731451 ] } },
{ "type": "Feature", "properties": { "max_height": 1.2952489852905273, "mean_height": 0.30983474850654602, "std_height": 0.33823499083518982, "count_pixels": 41, "percent_cover": 0.084124997435213497, "percent_above_0.1m": 43.902439024390247, "low_level_<0.5": 19.512195121951219, "mid_level_0.5-2": 24.390243902439025, "tall_2+": 0.0 }, "geometry": { "type": "Point", "coordinates": [ -3.035428712599684, 53.848277938158397 ] } },
{ "type": "Feature", "properties": { "max_height": 1.4764995574951172, "mean_height": 0.36027392745018005, "std_height": 0.32412698864936829, "count_pixels": 41, "percent_cover": 0.084124997435213497, "percent_above_0.1m": 65.853658536585371, "low_level_<0.5": 31.707317073170731, "mid_level_0.5-2": 29.268292682926827, "tall_2+": 0.0 }, "geometry": { "type": "Point", "coordinates": [ -3.035218126189934, 53.848279762215974 ] } },
{ "type": "Feature", "properties": { "max_height": 1.5192499160766602, "mean_height": 0.25482895970344543, "std_height": 0.33977162837982178, "count_pixels": 41, "percent_cover": 0.084124997435213497, "percent_above_0.1m": 36.585365853658537, "low_level_<0.5": 14.634146341463413, "mid_level_0.5-2": 19.512195121951219, "tall_2+": 0.0 }, "geometry": { "type": "Point", "coordinates": [ -3.03500753975753, 53.848281585904189 ] } },
{ "type": "Feature", "properties": { "max_height": 2.0074996948242188, "mean_height": 0.29579120874404907, "std_height": 0.59170240163803101, "count_pixels": 42, "percent_cover": 0.086176826640950416, "percent_above_0.1m": 19.047619047619047, "low_level_<0.5": 0.0, "mid_level_0.5-2": 16.666666666666664, "tall_2+": 2.3809523809523809 }, "geometry": { "type": "Point", "coordinates": [ -3.034796953302491, 53.848283409223036 ] } },
{ "type": "Feature", "properties": { "max_height": 4.744999885559082, "mean_height": 0.32720902562141418, "std_height": 1.0233523845672607, "count_pixels": 43, "percent_cover": 0.088228655846687321, "percent_above_0.1m": 11.627906976744185, "low_level_<0.5": 4.6511627906976747, "mid_level_0.5-2": 0.0, "tall_2+": 6.9767441860465116 }, "geometry": { "type": "Point", "coordinates": [ -3.034586367921892, 53.848285231311237 ] } },
{ "type": "Feature", "properties": { "max_height": 17.107749938964844, "mean_height": 10.072203636169434, "std_height": 5.107628345489502, "count_pixels": 43, "percent_cover": 0.088228655846687321, "percent_above_0.1m": 100.0, "low_level_<0.5": 2.3255813953488373, "mid_level_0.5-2": 4.6511627906976747, "tall_2+": 90.697674418604649 }, "geometry": { "type": "Point", "coordinates": [ -3.034375783660892, 53.848287052100808 ] } },
{ "type": "Feature", "properties": { "max_height": 3.494999885559082, "mean_height": 0.17063674330711365, "std_height": 0.53139084577560425, "count_pixels": 42, "percent_cover": 0.086176826640950416, "percent_above_0.1m": 14.285714285714285, "low_level_<0.5": 7.1428571428571423, "mid_level_0.5-2": 2.3809523809523809, "tall_2+": 2.3809523809523809 }, "geometry": { "type": "Point", "coordinates": [ -3.034165199402677, 53.848288872510736 ] } },
{ "type": "Feature", "properties": { "max_height": 0.070249557495117188, "mean_height": 0.059592600911855698, "std_height": 0.0057063181884586811, "count_pixels": 43, "percent_cover": 0.088228655846687321, "percent_above_0.1m": 0.0, "low_level_<0.5": 0.0, "mid_level_0.5-2": 0.0, "tall_2+": 0.0 }, "geometry": { "type": "Point", "coordinates": [ -3.033954615122076, 53.848290692550904 ] } },
{ "type": "Feature", "properties": { "max_height": 0.072499275207519531, "mean_height": 0.056203309446573257, "std_height": 0.0072131217457354069, "count_pixels": 43, "percent_cover": 0.088228655846687321, "percent_above_0.1m": 0.0, "low_level_<0.5": 0.0, "mid_level_0.5-2": 0.0, "tall_2+": 0.0 }, "geometry": { "type": "Point", "coordinates": [ -3.0337440308191, 53.848292512221327 ] } },
{ "type": "Feature", "properties": { "max_height": 8.590998649597168, "mean_height": 1.7658540010452271, "std_height": 2.5104405879974365, "count_pixels": 43, "percent_cover": 0.088228655846687321, "percent_above_0.1m": 48.837209302325576, "low_level_<0.5": 6.9767441860465116, "mid_level_0.5-2": 2.3255813953488373, "tall_2+": 37.209302325581397 }, "geometry": { "type": "Point", "coordinates": [ -3.033533446493744, 53.84829433152197 ] } },
{ "type": "Feature", "properties": { "max_height": 19.68549919128418, "mean_height": 13.10391902923584, "std_height": 5.363102912902832, "count_pixels": 41, "percent_cover": 0.084124997435213497, "percent_above_0.1m": 97.560975609756099, "low_level_<0.5": 4.8780487804878048, "mid_level_0.5-2": 0.0, "tall_2+": 92.682926829268297 }, "geometry": { "type": "Point", "coordinates": [ -3.033322862146024, 53.848296150452853 ] } },
{ "type": "Feature", "properties": { "max_height": 20.349248886108398, "mean_height": 15.689314842224121, "std_height": 3.5285289287567139, "count_pixels": 41, "percent_cover": 0.084124997435213497, "percent_above_0.1m": 100.0, "low_level_<0.5": 0.0, "mid_level_0.5-2": 0.0, "tall_2+": 100.0 }, "geometry": { "type": "Point", "coordinates": [ -3.03311227777594, 53.848297969013977 ] } },
{ "type": "Feature", "properties": { "max_height": 20.886749267578125, "mean_height": 16.44293212890625, "std_height": 3.179405689239502, "count_pixels": 41, "percent_cover": 0.084124997435213497, "percent_above_0.1m": 100.0, "low_level_<0.5": 0.0, "mid_level_0.5-2": 0.0, "tall_2+": 100.0 }, "geometry": { "type": "Point", "coordinates": [ -3.032901693383485, 53.848299787205349 ] } },
{ "type": "Feature", "properties": { "max_height": 21.331001281738281, "mean_height": 16.654243469238281, "std_height": 4.2044544219970703, "count_pixels": 38, "percent_cover": 0.077969509818002755, "percent_above_0.1m": 100.0, "low_level_<0.5": 0.0, "mid_level_0.5-2": 0.0, "tall_2+": 100.0 }, "geometry": { "type": "Point", "coordinates": [ -3.032691108968688, 53.848301605026933 ] } },
{ "type": "Feature", "properties": { "max_height": 21.854999542236328, "mean_height": 16.602750778198242, "std_height": 5.0021166801452637, "count_pixels": 41, "percent_cover": 0.084124997435213497, "percent_above_0.1m": 100.0, "low_level_<0.5": 0.0, "mid_level_0.5-2": 4.8780487804878048, "tall_2+": 95.121951219512198 }, "geometry": { "type": "Point", "coordinates": [ -3.032480524531532, 53.848303422478772 ] } },
{ "type": "Feature", "properties": { "max_height": 18.245948791503906, "mean_height": 5.4770498275756836, "std_height": 5.5358643531799316, "count_pixels": 41, "percent_cover": 0.084124997435213497, "percent_above_0.1m": 87.804878048780495, "low_level_<0.5": 2.4390243902439024, "mid_level_0.5-2": 19.512195121951219, "tall_2+": 65.853658536585371 }, "geometry": { "type": "Point", "coordinates": [ -3.032269940072025, 53.848305239560858 ] } },
{ "type": "Feature", "properties": { "max_height": 10.885250091552734, "mean_height": 4.6832432746887207, "std_height": 2.9576070308685303, "count_pixels": 41, "percent_cover": 0.084124997435213497, "percent_above_0.1m": 95.121951219512198, "low_level_<0.5": 2.4390243902439024, "mid_level_0.5-2": 9.7560975609756095, "tall_2+": 82.926829268292678 }, "geometry": { "type": "Point", "coordinates": [ -3.032059355590181, 53.848307056273157 ] } },
{ "type": "Feature", "properties": { "max_height": 11.040500640869141, "mean_height": 3.9685711860656738, "std_height": 3.2946352958679199, "count_pixels": 42, "percent_cover": 0.086176826640950416, "percent_above_0.1m": 83.333333333333343, "low_level_<0.5": 7.1428571428571423, "mid_level_0.5-2": 9.5238095238095237, "tall_2+": 64.285714285714292 }, "geometry": { "type": "Point", "coordinates": [ -3.031848771086002, 53.848308872615704 ] } },
{ "type": "Feature", "properties": { "max_height": 7.2614984512329102, "mean_height": 1.282075047492981, "std_height": 1.8815977573394775, "count_pixels": 43, "percent_cover": 0.088228655846687321, "percent_above_0.1m": 58.139534883720934, "low_level_<0.5": 6.9767441860465116, "mid_level_0.5-2": 18.604651162790699, "tall_2+": 20.930232558139537 }, "geometry": { "type": "Point", "coordinates": [ -3.031638186559482, 53.848310688588484 ] } },
{ "type": "Feature", "properties": { "max_height": 18.104000091552734, "mean_height": 2.9420108795166016, "std_height": 5.6466197967529297, "count_pixels": 43, "percent_cover": 0.088228655846687321, "percent_above_0.1m": 30.232558139534881, "low_level_<0.5": 2.3255813953488373, "mid_level_0.5-2": 2.3255813953488373, "tall_2+": 23.255813953488371 }, "geometry": { "type": "Point", "coordinates": [ -3.031427602010636, 53.84831250419149 ] } },
{ "type": "Feature", "properties": { "max_height": 16.20374870300293, "mean_height": 0.94200563430786133, "std_height": 2.9868929386138916, "count_pixels": 42, "percent_cover": 0.086176826640950416, "percent_above_0.1m": 14.285714285714285, "low_level_<0.5": 0.0, "mid_level_0.5-2": 0.0, "tall_2+": 11.904761904761903 }, "geometry": { "type": "Point", "coordinates": [ -3.031217017439463, 53.848314319424759 ] } },
{ "type": "Feature", "properties": { "max_height": 9.4467487335205078, "mean_height": 1.6979937553405762, "std_height": 2.4045572280883789, "count_pixels": 43, "percent_cover": 0.088228655846687321, "percent_above_0.1m": 55.813953488372093, "low_level_<0.5": 4.6511627906976747, "mid_level_0.5-2": 18.604651162790699, "tall_2+": 30.232558139534881 }, "geometry": { "type": "Point", "coordinates": [ -3.031006432845973, 53.84831613428824 ] } },
{ "type": "Feature", "properties": { "max_height": 8.942500114440918, "mean_height": 2.4486796855926514, "std_height": 2.6044893264770508, "count_pixels": 43, "percent_cover": 0.088228655846687321, "percent_above_0.1m": 81.395348837209298, "low_level_<0.5": 16.279069767441861, "mid_level_0.5-2": 20.930232558139537, "tall_2+": 44.186046511627907 }, "geometry": { "type": "Point", "coordinates": [ -3.030795848230166, 53.848317948781975 ] } },
{ "type": "Feature", "properties": { "max_height": 7.7519989013671875, "mean_height": 2.3773889541625977, "std_height": 1.6132252216339111, "count_pixels": 43, "percent_cover": 0.088228655846687321, "percent_above_0.1m": 90.697674418604649, "low_level_<0.5": 2.3255813953488373, "mid_level_0.5-2": 30.232558139534881, "tall_2+": 58.139534883720934 }, "geometry": { "type": "Point", "coordinates": [ -3.030585263592049, 53.848319762905938 ] } },
{ "type": "Feature", "properties": { "max_height": 8.5869998931884766, "mean_height": 3.9525659084320068, "std_height": 2.7429409027099609, "count_pixels": 41, "percent_cover": 0.084124997435213497, "percent_above_0.1m": 82.926829268292678, "low_level_<0.5": 0.0, "mid_level_0.5-2": 12.195121951219512, "tall_2+": 70.731707317073173 }, "geometry": { "type": "Point", "coordinates": [ -3.030374678931622, 53.84832157666014 ] } },
{ "type": "Feature", "properties": { "max_height": 16.105747222900391, "mean_height": 5.5022859573364258, "std_height": 6.0529589653015137, "count_pixels": 41, "percent_cover": 0.084124997435213497, "percent_above_0.1m": 68.292682926829272, "low_level_<0.5": 7.3170731707317067, "mid_level_0.5-2": 9.7560975609756095, "tall_2+": 51.219512195121951 }, "geometry": { "type": "Point", "coordinates": [ -3.030164094248897, 53.848323390044584 ] } },
{ "type": "Feature", "properties": { "max_height": 18.576999664306641, "mean_height": 7.6632547378540039, "std_height": 7.3716607093811035, "count_pixels": 41, "percent_cover": 0.084124997435213497, "percent_above_0.1m": 68.292682926829272, "low_level_<0.5": 2.4390243902439024, "mid_level_0.5-2": 4.8780487804878048, "tall_2+": 58.536585365853654 }, "geometry": { "type": "Point", "coordinates": [ -3.029953509543868, 53.848325203059254 ] } },
{ "type": "Feature", "properties": { "max_height": 4.3529996871948242, "mean_height": 0.59854221343994141, "std_height": 0.99779051542282104, "count_pixels": 41, "percent_cover": 0.084124997435213497, "percent_above_0.1m": 48.780487804878049, "low_level_<0.5": 19.512195121951219, "mid_level_0.5-2": 17.073170731707318, "tall_2+": 9.7560975609756095 }, "geometry": { "type": "Point", "coordinates": [ -3.037642532453301, 53.848366599152463 ] } },
{ "type": "Feature", "properties": { "max_height": 5.9990005493164062, "mean_height": 3.9854326248168945, "std_height": 1.5372947454452515, "count_pixels": 41, "percent_cover": 0.084124997435213497, "percent_above_0.1m": 97.560975609756099, "low_level_<0.5": 2.4390243902439024, "mid_level_0.5-2": 7.3170731707317067, "tall_2+": 87.804878048780495 }, "geometry": { "type": "Point", "coordinates": [ -3.037431945753666, 53.848368427100603 ] } },
{ "type": "Feature", "properties": { "max_height": 5.7864999771118164, "mean_height": 4.8399872779846191, "std_height": 0.4891740083694458, "count_pixels": 41, "percent_cover": 0.084124997435213497, "percent_above_0.1m": 100.0, "low_level_<0.5": 0.0, "mid_level_0.5-2": 0.0, "tall_2+": 100.0 }, "geometry": { "type": "Point", "coordinates": [ -3.037221359031333, 53.848370254679388 ] } },
{ "type": "Feature", "properties": { "max_height": 6.3782491683959961, "mean_height": 4.8081436157226562, "std_height": 1.0348422527313232, "count_pixels": 38, "percent_cover": 0.077969509818002755, "percent_above_0.1m": 100.0, "low_level_<0.5": 0.0, "mid_level_0.5-2": 0.0, "tall_2+": 100.0 }, "geometry": { "type": "Point", "coordinates": [ -3.037010772286312, 53.848372081888797 ] } },
{ "type": "Feature", "properties": { "max_height": 10.01099967956543, "mean_height": 8.9517002105712891, "std_height": 1.6975480318069458, "count_pixels": 41, "percent_cover": 0.084124997435213497, "percent_above_0.1m": 100.0, "low_level_<0.5": 0.0, "mid_level_0.5-2": 2.4390243902439024, "tall_2+": 97.560975609756099 }, "geometry": { "type": "Point", "coordinates": [ -3.036800185518606, 53.848373908728846 ] } },
{ "type": "Feature", "properties": { "max_height": 11.341499328613281, "mean_height": 7.5259504318237305, "std_height": 2.4313154220581055, "count_pixels": 41, "percent_cover": 0.084124997435213497, "percent_above_0.1m": 97.560975609756099, "low_level_<0.5": 0.0, "mid_level_0.5-2": 2.4390243902439024, "tall_2+": 95.121951219512198 }, "geometry": { "type": "Point", "coordinates": [ -3.036589598728216, 53.848375735199525 ] } },
{ "type": "Feature", "properties": { "max_height": 12.744248390197754, "mean_height": 11.823346138000488, "std_height": 1.7554953098297119, "count_pixels": 41, "percent_cover": 0.084124997435213497, "percent_above_0.1m": 100.0, "low_level_<0.5": 0.0, "mid_level_0.5-2": 0.0, "tall_2+": 100.0 }, "geometry": { "type": "Point", "coordinates": [ -3.036379011915152, 53.848377561300843 ] } },
{ "type": "Feature", "properties": { "max_height": 12.488748550415039, "mean_height": 11.907564163208008, "std_height": 0.2784208357334137, "count_pixels": 43, "percent_cover": 0.088228655846687321, "percent_above_0.1m": 100.0, "low_level_<0.5": 0.0, "mid_level_0.5-2": 0.0, "tall_2+": 100.0 }, "geometry": { "type": "Point", "coordinates": [ -3.036168425079421, 53.848379387032793 ] } },
{ "type": "Feature", "properties": { "max_height": 12.145999908447266, "mean_height": 9.4425868988037109, "std_height": 4.1381387710571289, "count_pixels": 43, "percent_cover": 0.088228655846687321, "percent_above_0.1m": 95.348837209302332, "low_level_<0.5": 4.6511627906976747, "mid_level_0.5-2": 4.6511627906976747, "tall_2+": 86.04651162790698 }, "geometry": { "type": "Point", "coordinates": [ -3.035957838221018, 53.848381212395381 ] } },
{ "type": "Feature", "properties": { "max_height": 11.936747550964355, "mean_height": 8.0546131134033203, "std_height": 4.9082388877868652, "count_pixels": 42, "percent_cover": 0.086176826640950416, "percent_above_0.1m": 90.476190476190482, "low_level_<0.5": 9.5238095238095237, "mid_level_0.5-2": 7.1428571428571423, "tall_2+": 73.80952380952381 }, "geometry": { "type": "Point", "coordinates": [ -3.035747251339956, 53.848383037388608 ] } },
{ "type": "Feature", "properties": { "max_height": 11.376749992370605, "mean_height": 2.4179873466491699, "std_height": 3.8831725120544434, "count_pixels": 42, "percent_cover": 0.086176826640950416, "percent_above_0.1m": 54.761904761904766, "low_level_<0.5": 16.666666666666664, "mid_level_0.5-2": 9.5238095238095237, "tall_2+": 26.190476190476193 }, "geometry": { "type": "Point", "coordinates": [ -3.03553666443623, 53.84838486201248 ] } },
{ "type": "Feature", "properties": { "max_height": 0.83124923706054688, "mean_height": 0.23023790121078491, "std_height": 0.21608822047710419, "count_pixels": 43, "percent_cover": 0.088228655846687321, "percent_above_0.1m": 55.813953488372093, "low_level_<0.5": 30.232558139534881, "mid_level_0.5-2": 13.953488372093023, "tall_2+": 0.0 }, "geometry": { "type": "Point", "coordinates": [ -3.035326077509857, 53.84838668626697 ] } },
{ "type": "Feature", "properties": { "max_height": 0.97699928283691406, "mean_height": 0.21422035992145538, "std_height": 0.22205126285552979, "count_pixels": 43, "percent_cover": 0.088228655846687321, "percent_above_0.1m": 48.837209302325576, "low_level_<0.5": 30.232558139534881, "mid_level_0.5-2": 11.627906976744185, "tall_2+": 0.0 }, "geometry": { "type": "Point", "coordinates": [ -3.035115490560835, 53.848388510152105 ] } },
{ "type": "Feature", "properties": { "max_height": 1.2579994201660156, "mean_height": 0.1885828822851181, "std_height": 0.34181800484657288, "count_pixels": 42, "percent_cover": 0.086176826640950416, "percent_above_0.1m": 42.857142857142854, "low_level_<0.5": 19.047619047619047, "mid_level_0.5-2": 14.285714285714285, "tall_2+": 0.0 }, "geometry": { "type": "Point", "coordinates": [ -3.034904903589166, 53.848390333667858 ] } },
{ "type": "Feature", "properties": { "max_height": 6.169499397277832, "mean_height": 0.52352988719940186, "std_height": 1.2866480350494385, "count_pixels": 41, "percent_cover": 0.084124997435213497, "percent_above_0.1m": 29.268292682926827, "low_level_<0.5": 14.634146341463413, "mid_level_0.5-2": 4.8780487804878048, "tall_2+": 9.7560975609756095 }, "geometry": { "type": "Point", "coordinates": [ -3.03469431706213, 53.848392156627902 ] } },
{ "type": "Feature", "properties": { "max_height": 12.787998199462891, "mean_height": 4.635371208190918, "std_height": 3.7282671928405762, "count_pixels": 41, "percent_cover": 0.084124997435213497, "percent_above_0.1m": 70.731707317073173, "low_level_<0.5": 0.0, "mid_level_0.5-2": 2.4390243902439024, "tall_2+": 68.292682926829272 }, "geometry": { "type": "Point", "coordinates": [ -3.034483731760344, 53.848393977851046 ] } },
{ "type": "Feature", "properties": { "max_height": 13.981250762939453, "mean_height": 9.3521947860717773, "std_height": 3.7961153984069824, "count_pixels": 41, "percent_cover": 0.084124997435213497, "percent_above_0.1m": 97.560975609756099, "low_level_<0.5": 0.0, "mid_level_0.5-2": 2.4390243902439024, "tall_2+": 95.121951219512198 }, "geometry": { "type": "Point", "coordinates": [ -3.034273146992517, 53.848395798446226 ] } },
{ "type": "Feature", "properties": { "max_height": 8.1704998016357422, "mean_height": 1.8014051914215088, "std_height": 2.663769006729126, "count_pixels": 37, "percent_cover": 0.075917680612265837, "percent_above_0.1m": 45.945945945945951, "low_level_<0.5": 5.4054054054054053, "mid_level_0.5-2": 10.810810810810811, "tall_2+": 29.72972972972973 }, "geometry": { "type": "Point", "coordinates": [ -3.034062562202308, 53.848397618671662 ] } },
{ "type": "Feature", "properties": { "max_height": 6.6254997253417969, "mean_height": 0.69483518600463867, "std_height": 1.7319140434265137, "count_pixels": 41, "percent_cover": 0.084124997435213497, "percent_above_0.1m": 19.512195121951219, "low_level_<0.5": 4.8780487804878048, "mid_level_0.5-2": 2.4390243902439024, "tall_2+": 12.195121951219512 }, "geometry": { "type": "Point", "coordinates": [ -3.033851977389718, 53.848399438527323 ] } },
{ "type": "Feature", "properties": { "max_height": 0.072249889373779297, "mean_height": 0.057292614132165909, "std_height": 0.0069360570050776005, "count_pixels": 41, "percent_cover": 0.084124997435213497, "percent_above_0.1m": 0.0, "low_level_<0.5": 0.0, "mid_level_0.5-2": 0.0, "tall_2+": 0.0 }, "geometry": { "type": "Point", "coordinates": [ -3.033641392554749, 53.848401258013226 ] } },
{ "type": "Feature", "properties": { "max_height": 3.7537498474121094, "mean_height": 0.82046908140182495, "std_height": 1.2214434146881104, "count_pixels": 41, "percent_cover": 0.084124997435213497, "percent_above_0.1m": 36.585365853658537, "low_level_<0.5": 0.0, "mid_level_0.5-2": 19.512195121951219, "tall_2+": 17.073170731707318 }, "geometry": { "type": "Point", "coordinates": [ -3.033430807697413, 53.848403077129362 ] } },
{ "type": "Feature", "properties": { "max_height": 17.003498077392578, "mean_height": 3.0534238815307617, "std_height": 5.1777410507202148, "count_pixels": 43, "percent_cover": 0.088228655846687321, "percent_above_0.1m": 32.558139534883722, "low_level_<0.5": 0.0, "mid_level_0.5-2": 4.6511627906976747, "tall_2+": 27.906976744186046 }, "geometry": { "type": "Point", "coordinates": [ -3.033009637915633, 53.848406714252327 ] } },
{ "type": "Feature", "properties": { "max_height": 18.480998992919922, "mean_height": 5.8361363410949707, "std_height": 7.1361203193664551, "count_pixels": 42, "percent_cover": 0.086176826640950416, "percent_above_0.1m": 45.238095238095241, "low_level_<0.5": 2.3809523809523809, "mid_level_0.5-2": 2.3809523809523809, "tall_2+": 40.476190476190474 }, "geometry": { "type": "Point", "coordinates": [ -3.032799052991206, 53.848408532259178 ] } },
{ "type": "Feature", "properties": { "max_height": 21.161249160766602, "mean_height": 8.1903800964355469, "std_height": 7.414980411529541, "count_pixels": 42, "percent_cover": 0.086176826640950416, "percent_above_0.1m": 64.285714285714292, "low_level_<0.5": 0.0, "mid_level_0.5-2": 4.7619047619047619, "tall_2+": 59.523809523809526 }, "geometry": { "type": "Point", "coordinates": [ -3.032588468044425, 53.848410349896241 ] } },
{ "type": "Feature", "properties": { "max_height": 20.136997222900391, "mean_height": 6.1660447120666504, "std_height": 7.0697541236877441, "count_pixels": 43, "percent_cover": 0.088228655846687321, "percent_above_0.1m": 58.139534883720934, "low_level_<0.5": 0.0, "mid_level_0.5-2": 6.9767441860465116, "tall_2+": 48.837209302325576 }, "geometry": { "type": "Point", "coordinates": [ -3.032377883075292, 53.848412167163566 ] } },
{ "type": "Feature", "properties": { "max_height": 11.241727828979492, "mean_height": 4.4063429832458496, "std_height": 4.3749599456787109, "count_pixels": 43, "percent_cover": 0.088228655846687321, "percent_above_0.1m": 67.441860465116278, "low_level_<0.5": 0.0, "mid_level_0.5-2": 4.6511627906976747, "tall_2+": 62.790697674418603 }, "geometry": { "type": "Point", "coordinates": [ -3.032167298083814, 53.848413984061118 ] } },
{ "type": "Feature", "properties": { "max_height": 13.230377197265625, "mean_height": 8.7728271484375, "std_height": 3.7845377922058105, "count_pixels": 42, "percent_cover": 0.086176826640950416, "percent_above_0.1m": 92.857142857142861, "low_level_<0.5": 0.0, "mid_level_0.5-2": 4.7619047619047619, "tall_2+": 88.095238095238088 }, "geometry": { "type": "Point", "coordinates": [ -3.031956713069997, 53.848415800588896 ] } },
{ "type": "Feature", "properties": { "max_height": 15.716399192810059, "mean_height": 9.6999616622924805, "std_height": 2.222898006439209, "count_pixels": 41, "percent_cover": 0.084124997435213497, "percent_above_0.1m": 100.0, "low_level_<0.5": 0.0, "mid_level_0.5-2": 0.0, "tall_2+": 100.0 }, "geometry": { "type": "Point", "coordinates": [ -3.031746128033844, 53.848417616746914 ] } },
{ "type": "Feature", "properties": { "max_height": 18.966747283935547, "mean_height": 14.52009105682373, "std_height": 4.0160269737243652, "count_pixels": 41, "percent_cover": 0.084124997435213497, "percent_above_0.1m": 100.0, "low_level_<0.5": 0.0, "mid_level_0.5-2": 0.0, "tall_2+": 97.560975609756099 }, "geometry": { "type": "Point", "coordinates": [ -3.031535542975358, 53.848419432535167 ] } },
{ "type": "Feature", "properties": { "max_height": 20.728748321533203, "mean_height": 16.519706726074219, "std_height": 2.5955617427825928, "count_pixels": 41, "percent_cover": 0.084124997435213497, "percent_above_0.1m": 100.0, "low_level_<0.5": 0.0, "mid_level_0.5-2": 0.0, "tall_2+": 100.0 }, "geometry": { "type": "Point", "coordinates": [ -3.031324957894547, 53.848421247953659 ] } },
{ "type": "Feature", "properties": { "max_height": 20.407249450683594, "mean_height": 13.50253963470459, "std_height": 5.9619202613830566, "count_pixels": 37, "percent_cover": 0.075917680612265837, "percent_above_0.1m": 94.594594594594597, "low_level_<0.5": 0.0, "mid_level_0.5-2": 2.7027027027027026, "tall_2+": 91.891891891891902 }, "geometry": { "type": "Point", "coordinates": [ -3.031114372791406, 53.848423063002386 ] } },
{ "type": "Feature", "properties": { "max_height": 19.679498672485352, "mean_height": 6.8813409805297852, "std_height": 7.0174355506896973, "count_pixels": 41, "percent_cover": 0.084124997435213497, "percent_above_0.1m": 65.853658536585371, "low_level_<0.5": 0.0, "mid_level_0.5-2": 2.4390243902439024, "tall_2+": 60.975609756097562 }, "geometry": { "type": "Point", "coordinates": [ -3.030903787665959, 53.848424877681346 ] } },
{ "type": "Feature", "properties": { "max_height": 7.8639984130859375, "mean_height": 1.6965054273605347, "std_height": 2.1109817028045654, "count_pixels": 41, "percent_cover": 0.084124997435213497, "percent_above_0.1m": 70.731707317073173, "low_level_<0.5": 7.3170731707317067, "mid_level_0.5-2": 41.463414634146339, "tall_2+": 21.951219512195124 }, "geometry": { "type": "Point", "coordinates": [ -3.030693202518187, 53.848426691990539 ] } },
{ "type": "Feature", "properties": { "max_height": 10.290248870849609, "mean_height": 6.2790179252624512, "std_height": 2.7523262500762939, "count_pixels": 41, "percent_cover": 0.084124997435213497, "percent_above_0.1m": 95.121951219512198, "low_level_<0.5": 0.0, "mid_level_0.5-2": 2.4390243902439024, "tall_2+": 92.682926829268297 }, "geometry": { "type": "Point", "coordinates": [ -3.030482617348114, 53.848428505929974 ] } },
{ "type": "Feature", "properties": { "max_height": 10.262499809265137, "mean_height": 4.4052958488464355, "std_height": 2.5025696754455566, "count_pixels": 43, "percent_cover": 0.088228655846687321, "percent_above_0.1m": 100.0, "low_level_<0.5": 4.6511627906976747, "mid_level_0.5-2": 18.604651162790699, "tall_2+": 76.744186046511629 }, "geometry": { "type": "Point", "coordinates": [ -3.030272032155735, 53.848430319499634 ] } },
{ "type": "Feature", "properties": { "max_height": 18.145748138427734, "mean_height": 7.7569999694824219, "std_height": 6.9670820236206055, "count_pixels": 43, "percent_cover": 0.088228655846687321, "percent_above_0.1m": 72.093023255813947, "low_level_<0.5": 4.6511627906976747, "mid_level_0.5-2": 4.6511627906976747, "tall_2+": 62.790697674418603 }, "geometry": { "type": "Point", "coordinates": [ -3.030061446941049, 53.848432132699521 ] } },
{ "type": "Feature", "properties": { "max_height": 1.7274990081787109, "mean_height": 0.16683274507522583, "std_height": 0.30114525556564331, "count_pixels": 42, "percent_cover": 0.086176826640950416, "percent_above_0.1m": 16.666666666666664, "low_level_<0.5": 9.5238095238095237, "mid_level_0.5-2": 4.7619047619047619, "tall_2+": 0.0 }, "geometry": { "type": "Point", "coordinates": [ -3.037750489995212, 53.848473520930504 ] } },
{ "type": "Feature", "properties": { "max_height": 4.840998649597168, "mean_height": 1.118958592414856, "std_height": 1.5546495914459229, "count_pixels": 43, "percent_cover": 0.088228655846687321, "percent_above_0.1m": 51.162790697674424, "low_level_<0.5": 9.3023255813953494, "mid_level_0.5-2": 20.930232558139537, "tall_2+": 20.930232558139537 }, "geometry": { "type": "Point", "coordinates": [ -3.03753990277898, 53.848475349075585 ] } },
{ "type": "Feature", "properties": { "max_height": 7.8772497177124023, "mean_height": 5.714080810546875, "std_height": 1.0069416761398315, "count_pixels": 43, "percent_cover": 0.088228655846687321, "percent_above_0.1m": 100.0, "low_level_<0.5": 0.0, "mid_level_0.5-2": 0.0, "tall_2+": 100.0 }, "geometry": { "type": "Point", "coordinates": [ -3.037329315540041, 53.84847717685129 ] } },
{ "type": "Feature", "properties": { "max_height": 6.9967489242553711, "mean_height": 5.6633210182189941, "std_height": 0.64764571189880371, "count_pixels": 42, "percent_cover": 0.086176826640950416, "percent_above_0.1m": 100.0, "low_level_<0.5": 0.0, "mid_level_0.5-2": 0.0, "tall_2+": 100.0 }, "geometry": { "type": "Point", "coordinates": [ -3.03711872827842, 53.848479004257619 ] } },
{ "type": "Feature", "properties": { "max_height": 9.9749984741210938, "mean_height": 7.3185477256774902, "std_height": 2.8371772766113281, "count_pixels": 42, "percent_cover": 0.086176826640950416, "percent_above_0.1m": 100.0, "low_level_<0.5": 0.0, "mid_level_0.5-2": 2.3809523809523809, "tall_2+": 97.61904761904762 }, "geometry": { "type": "Point", "coordinates": [ -3.036908140994106, 53.848480831294602 ] } },
{ "type": "Feature", "properties": { "max_height": 9.6552486419677734, "mean_height": 8.9362545013427734, "std_height": 1.0145953893661499, "count_pixels": 43, "percent_cover": 0.088228655846687321, "percent_above_0.1m": 100.0, "low_level_<0.5": 0.0, "mid_level_0.5-2": 0.0, "tall_2+": 100.0 }, "geometry": { "type": "Point", "coordinates": [ -3.036697553687117, 53.848482657962222 ] } },
{ "type": "Feature", "properties": { "max_height": 12.734250068664551, "mean_height": 4.0381560325622559, "std_height": 3.5092365741729736, "count_pixels": 43, "percent_cover": 0.088228655846687321, "percent_above_0.1m": 90.697674418604649, "low_level_<0.5": 6.9767441860465116, "mid_level_0.5-2": 16.279069767441861, "tall_2+": 65.116279069767444 }, "geometry": { "type": "Point", "coordinates": [ -3.036486966357439, 53.84848448426046 ] } },
{ "type": "Feature", "properties": { "max_height": 12.756500244140625, "mean_height": 8.5555477142333984, "std_height": 3.9213526248931885, "count_pixels": 41, "percent_cover": 0.084124997435213497, "percent_above_0.1m": 97.560975609756099, "low_level_<0.5": 4.8780487804878048, "mid_level_0.5-2": 2.4390243902439024, "tall_2+": 87.804878048780495 }, "geometry": { "type": "Point", "coordinates": [ -3.03627637900509, 53.848486310189344 ] } },
{ "type": "Feature", "properties": { "max_height": 12.825248718261719, "mean_height": 10.563547134399414, "std_height": 3.0765349864959717, "count_pixels": 41, "percent_cover": 0.084124997435213497, "percent_above_0.1m": 100.0, "low_level_<0.5": 2.4390243902439024, "mid_level_0.5-2": 0.0, "tall_2+": 97.560975609756099 }, "geometry": { "type": "Point", "coordinates": [ -3.036065791630075, 53.848488135748866 ] } },
{ "type": "Feature", "properties": { "max_height": 13.192998886108398, "mean_height": 12.168828010559082, "std_height": 1.0323917865753174, "count_pixels": 41, "percent_cover": 0.084124997435213497, "percent_above_0.1m": 100.0, "low_level_<0.5": 0.0, "mid_level_0.5-2": 0.0, "tall_2+": 100.0 }, "geometry": { "type": "Point", "coordinates": [ -3.03585520423239, 53.848489960939013 ] } },
{ "type": "Feature", "properties": { "max_height": 12.577749252319336, "mean_height": 9.8010187149047852, "std_height": 3.5587472915649414, "count_pixels": 38, "percent_cover": 0.077969509818002755, "percent_above_0.1m": 97.368421052631575, "low_level_<0.5": 0.0, "mid_level_0.5-2": 5.2631578947368416, "tall_2+": 92.10526315789474 }, "geometry": { "type": "Point", "coordinates": [ -3.03564461681205, 53.848491785759798 ] } },
{ "type": "Feature", "properties": { "max_height": 1.2462491989135742, "mean_height": 0.18970052897930145, "std_height": 0.2306169718503952, "count_pixels": 41, "percent_cover": 0.084124997435213497, "percent_above_0.1m": 41.463414634146339, "low_level_<0.5": 19.512195121951219, "mid_level_0.5-2": 9.7560975609756095, "tall_2+": 0.0 }, "geometry": { "type": "Point", "coordinates": [ -3.035434029369053, 53.848493610211214 ] } },
{ "type": "Feature", "properties": { "max_height": 1.2652492523193359, "mean_height": 0.40062740445137024, "std_height": 0.35566559433937073, "count_pixels": 41, "percent_cover": 0.084124997435213497, "percent_above_0.1m": 63.414634146341463, "low_level_<0.5": 24.390243902439025, "mid_level_0.5-2": 36.585365853658537, "tall_2+": 0.0 }, "geometry": { "type": "Point", "coordinates": [ -3.035223441903403, 53.848495434293277 ] } },
{ "type": "Feature", "properties": { "max_height": 0.975250244140625, "mean_height": 0.27920696139335632, "std_height": 0.27619385719299316, "count_pixels": 41, "percent_cover": 0.084124997435213497, "percent_above_0.1m": 51.219512195121951, "low_level_<0.5": 21.951219512195124, "mid_level_0.5-2": 24.390243902439025, "tall_2+": 0.0 }, "geometry": { "type": "Point", "coordinates": [ -3.035012854415108, 53.848497258005956 ] } },
{ "type": "Feature", "properties": { "max_height": 1.5434999465942383, "mean_height": 0.10130296647548676, "std_height": 0.37342211604118347, "count_pixels": 42, "percent_cover": 0.086176826640950416, "percent_above_0.1m": 9.5238095238095237, "low_level_<0.5": 2.3809523809523809, "mid_level_0.5-2": 7.1428571428571423, "tall_2+": 0.0 }, "geometry": { "type": "Point", "coordinates": [ -3.034802266904171, 53.848499081349281 ] } },
{ "type": "Feature", "properties": { "max_height": 9.6264982223510742, "mean_height": 4.9958710670471191, "std_height": 2.7134027481079102, "count_pixels": 43, "percent_cover": 0.088228655846687321, "percent_above_0.1m": 93.023255813953483, "low_level_<0.5": 4.6511627906976747, "mid_level_0.5-2": 4.6511627906976747, "tall_2+": 83.720930232558146 }, "geometry": { "type": "Point", "coordinates": [ -3.034591680442863, 53.84850090348629 ] } },
{ "type": "Feature", "properties": { "max_height": 10.040499687194824, "mean_height": 4.1210222244262695, "std_height": 3.3841938972473145, "count_pixels": 43, "percent_cover": 0.088228655846687321, "percent_above_0.1m": 88.372093023255815, "low_level_<0.5": 9.3023255813953494, "mid_level_0.5-2": 16.279069767441861, "tall_2+": 62.790697674418603 }, "geometry": { "type": "Point", "coordinates": [ -3.034381095114353, 53.848502724287052 ] } },
{ "type": "Feature", "properties": { "max_height": 11.831998825073242, "mean_height": 5.8835887908935547, "std_height": 3.5890891551971436, "count_pixels": 42, "percent_cover": 0.086176826640950416, "percent_above_0.1m": 92.857142857142861, "low_level_<0.5": 0.0, "mid_level_0.5-2": 16.666666666666664, "tall_2+": 76.19047619047619 }, "geometry": { "type": "Point", "coordinates": [ -3.03417050981453, 53.84850454469774 ] } },
{ "type": "Feature", "properties": { "max_height": 7.1547493934631348, "mean_height": 1.4360753297805786, "std_height": 2.0845863819122314, "count_pixels": 43, "percent_cover": 0.088228655846687321, "percent_above_0.1m": 46.511627906976742, "low_level_<0.5": 4.6511627906976747, "mid_level_0.5-2": 4.6511627906976747, "tall_2+": 32.558139534883722 }, "geometry": { "type": "Point", "coordinates": [ -3.033959924492328, 53.848506364738654 ] } },
{ "type": "Feature", "properties": { "max_height": 0.46000003814697266, "mean_height": 0.063494004309177399, "std_height": 0.06166674941778183, "count_pixels": 43, "percent_cover": 0.088228655846687321, "percent_above_0.1m": 2.3255813953488373, "low_level_<0.5": 2.3255813953488373, "mid_level_0.5-2": 0.0, "tall_2+": 0.0 }, "geometry": { "type": "Point", "coordinates": [ -3.033749339147739, 53.848508184409809 ] } },
{ "type": "Feature", "properties": { "max_height": 3.5780000686645508, "mean_height": 0.98935425281524658, "std_height": 1.2744479179382324, "count_pixels": 43, "percent_cover": 0.088228655846687321, "percent_above_0.1m": 46.511627906976742, "low_level_<0.5": 4.6511627906976747, "mid_level_0.5-2": 16.279069767441861, "tall_2+": 25.581395348837212 }, "geometry": { "type": "Point", "coordinates": [ -3.033538753780786, 53.848510003711183 ] } },
{ "type": "Feature", "properties": { "max_height": 14.095048904418945, "mean_height": 1.2229284048080444, "std_height": 3.3677051067352295, "count_pixels": 43, "percent_cover": 0.088228655846687321, "percent_above_0.1m": 37.209302325581397, "low_level_<0.5": 2.3255813953488373, "mid_level_0.5-2": 2.3255813953488373, "tall_2+": 13.953488372093023 }, "geometry": { "type": "Point", "coordinates": [ -3.031643484472049, 53.848526360784177 ] } },
{ "type": "Feature", "properties": { "max_height": 17.34539794921875, "mean_height": 3.053020715713501, "std_height": 5.1988859176635742, "count_pixels": 43, "percent_cover": 0.088228655846687321, "percent_above_0.1m": 58.139534883720934, "low_level_<0.5": 11.627906976744185, "mid_level_0.5-2": 18.604651162790699, "tall_2+": 25.581395348837212 }, "geometry": { "type": "Point", "coordinates": [ -3.031432898881588, 53.848528176387916 ] } },
{ "type": "Feature", "properties": { "max_height": 17.352746963500977, "mean_height": 8.1687498092651367, "std_height": 3.5135211944580078, "count_pixels": 42, "percent_cover": 0.086176826640950416, "percent_above_0.1m": 100.0, "low_level_<0.5": 2.3809523809523809, "mid_level_0.5-2": 2.3809523809523809, "tall_2+": 95.238095238095227 }, "geometry": { "type": "Point", "coordinates": [ -3.03122231326881, 53.848529991621874 ] } },
{ "type": "Feature", "properties": { "max_height": 20.365499496459961, "mean_height": 11.471087455749512, "std_height": 4.6407523155212402, "count_pixels": 43, "percent_cover": 0.088228655846687321, "percent_above_0.1m": 100.0, "low_level_<0.5": 0.0, "mid_level_0.5-2": 0.0, "tall_2+": 100.0 }, "geometry": { "type": "Point", "coordinates": [ -3.031011727633706, 53.848531806486051 ] } },
{ "type": "Feature", "properties": { "max_height": 18.064249038696289, "mean_height": 7.6660161018371582, "std_height": 3.0200645923614502, "count_pixels": 43, "percent_cover": 0.088228655846687321, "percent_above_0.1m": 100.0, "low_level_<0.5": 0.0, "mid_level_0.5-2": 2.3255813953488373, "tall_2+": 97.674418604651152 }, "geometry": { "type": "Point", "coordinates": [ -3.030801141976289, 53.84853362098049 ] } },
{ "type": "Feature", "properties": { "max_height": 8.1334991455078125, "mean_height": 5.3570051193237305, "std_height": 2.0818612575531006, "count_pixels": 43, "percent_cover": 0.088228655846687321, "percent_above_0.1m": 100.0, "low_level_<0.5": 0.0, "mid_level_0.5-2": 13.953488372093023, "tall_2+": 86.04651162790698 }, "geometry": { "type": "Point", "coordinates": [ -3.030590556296558, 53.848535435105148 ] } },
{ "type": "Feature", "properties": { "max_height": 8.1085004806518555, "mean_height": 3.7267069816589355, "std_height": 2.6885461807250977, "count_pixels": 41, "percent_cover": 0.084124997435213497, "percent_above_0.1m": 97.560975609756099, "low_level_<0.5": 7.3170731707317067, "mid_level_0.5-2": 31.707317073170731, "tall_2+": 58.536585365853654 }, "geometry": { "type": "Point", "coordinates": [ -3.030379970594522, 53.848537248860048 ] } },
{ "type": "Feature", "properties": { "max_height": 8.9662485122680664, "mean_height": 1.5263288021087646, "std_height": 2.8399848937988281, "count_pixels": 41, "percent_cover": 0.084124997435213497, "percent_above_0.1m": 36.585365853658537, "low_level_<0.5": 2.4390243902439024, "mid_level_0.5-2": 7.3170731707317067, "tall_2+": 26.829268292682929 }, "geometry": { "type": "Point", "coordinates": [ -3.030169384870183, 53.848539062245159 ] } },
{ "type": "Feature", "properties": { "max_height": 2.6072502136230469, "mean_height": 0.49157863855361938, "std_height": 0.61927860975265503, "count_pixels": 41, "percent_cover": 0.084124997435213497, "percent_above_0.1m": 48.780487804878049, "low_level_<0.5": 12.195121951219512, "mid_level_0.5-2": 31.707317073170731, "tall_2+": 2.4390243902439024 }, "geometry": { "type": "Point", "coordinates": [ -3.037647860343585, 53.848582270943801 ] } },
{ "type": "Feature", "properties": { "max_height": 8.3874998092651367, "mean_height": 5.6856212615966797, "std_height": 1.8754920959472656, "count_pixels": 41, "percent_cover": 0.084124997435213497, "percent_above_0.1m": 100.0, "low_level_<0.5": 0.0, "mid_level_0.5-2": 7.3170731707317067, "tall_2+": 92.682926829268297 }, "geometry": { "type": "Point", "coordinates": [ -3.037437272588055, 53.848584098916426 ] } },
{ "type": "Feature", "properties": { "max_height": 9.5609979629516602, "mean_height": 8.2321758270263672, "std_height": 0.80326163768768311, "count_pixels": 41, "percent_cover": 0.084124997435213497, "percent_above_0.1m": 100.0, "low_level_<0.5": 0.0, "mid_level_0.5-2": 0.0, "tall_2+": 100.0 }, "geometry": { "type": "Point", "coordinates": [ -3.037226684809817, 53.848585926519718 ] } },
{ "type": "Feature", "properties": { "max_height": 7.9264984130859375, "mean_height": 4.6595983505249023, "std_height": 1.6588397026062012, "count_pixels": 38, "percent_cover": 0.077969509818002755, "percent_above_0.1m": 100.0, "low_level_<0.5": 2.6315789473684208, "mid_level_0.5-2": 5.2631578947368416, "tall_2+": 92.10526315789474 }, "geometry": { "type": "Point", "coordinates": [ -3.037016097008904, 53.848587753753634 ] } },
{ "type": "Feature", "properties": { "max_height": 9.8184986114501953, "mean_height": 8.1560049057006836, "std_height": 1.956491231918335, "count_pixels": 41, "percent_cover": 0.084124997435213497, "percent_above_0.1m": 100.0, "low_level_<0.5": 0.0, "mid_level_0.5-2": 0.0, "tall_2+": 100.0 }, "geometry": { "type": "Point", "coordinates": [ -3.036805509185299, 53.848589580618174 ] } },
{ "type": "Feature", "properties": { "max_height": 9.61724853515625, "mean_height": 1.6812189817428589, "std_height": 2.7123184204101562, "count_pixels": 41, "percent_cover": 0.084124997435213497, "percent_above_0.1m": 63.414634146341463, "low_level_<0.5": 26.829268292682929, "mid_level_0.5-2": 14.634146341463413, "tall_2+": 21.951219512195124 }, "geometry": { "type": "Point", "coordinates": [ -3.036594921339009, 53.848591407113354 ] } },
{ "type": "Feature", "properties": { "max_height": 1.3594989776611328, "mean_height": 0.35436511039733887, "std_height": 0.34610605239868164, "count_pixels": 41, "percent_cover": 0.084124997435213497, "percent_above_0.1m": 63.414634146341463, "low_level_<0.5": 21.951219512195124, "mid_level_0.5-2": 29.268292682926827, "tall_2+": 0.0 }, "geometry": { "type": "Point", "coordinates": [ -3.036384333470048, 53.848593233239171 ] } },
{ "type": "Feature", "properties": { "max_height": 7.9797496795654297, "mean_height": 0.74570280313491821, "std_height": 1.5711410045623779, "count_pixels": 43, "percent_cover": 0.088228655846687321, "percent_above_0.1m": 67.441860465116278, "low_level_<0.5": 6.9767441860465116, "mid_level_0.5-2": 20.930232558139537, "tall_2+": 11.627906976744185 }, "geometry": { "type": "Point", "coordinates": [ -3.036173745578414, 53.848595058995606 ] } },
{ "type": "Feature", "properties": { "max_height": 4.3792495727539062, "mean_height": 0.36130183935165405, "std_height": 0.70923519134521484, "count_pixels": 43, "percent_cover": 0.088228655846687321, "percent_above_0.1m": 44.186046511627907, "low_level_<0.5": 16.279069767441861, "mid_level_0.5-2": 16.279069767441861, "tall_2+": 2.3255813953488373 }, "geometry": { "type": "Point", "coordinates": [ -3.035963157664112, 53.848596884382694 ] } },
{ "type": "Feature", "properties": { "max_height": 12.91724967956543, "mean_height": 4.5262551307678223, "std_height": 5.2238674163818359, "count_pixels": 42, "percent_cover": 0.086176826640950416, "percent_above_0.1m": 76.19047619047619, "low_level_<0.5": 16.666666666666664, "mid_level_0.5-2": 9.5238095238095237, "tall_2+": 45.238095238095241 }, "geometry": { "type": "Point", "coordinates": [ -3.035752569727145, 53.848598709400392 ] } },
{ "type": "Feature", "properties": { "max_height": 1.2949991226196289, "mean_height": 0.30259451270103455, "std_height": 0.3446776270866394, "count_pixels": 42, "percent_cover": 0.086176826640950416, "percent_above_0.1m": 45.238095238095241, "low_level_<0.5": 16.666666666666664, "mid_level_0.5-2": 23.809523809523807, "tall_2+": 0.0 }, "geometry": { "type": "Point", "coordinates": [ -3.035541981767526, 53.848600534048749 ] } },
{ "type": "Feature", "properties": { "max_height": 1.2087497711181641, "mean_height": 0.34707498550415039, "std_height": 0.36379131674766541, "count_pixels": 43, "percent_cover": 0.088228655846687321, "percent_above_0.1m": 55.813953488372093, "low_level_<0.5": 20.930232558139537, "mid_level_0.5-2": 30.232558139534881, "tall_2+": 0.0 }, "geometry": { "type": "Point", "coordinates": [ -3.035331393785247, 53.848602358327696 ] } },
{ "type": "Feature", "properties": { "max_height": 1.1557502746582031, "mean_height": 0.39730170369148254, "std_height": 0.39185023307800293, "count_pixels": 43, "percent_cover": 0.088228655846687321, "percent_above_0.1m": 58.139534883720934, "low_level_<0.5": 16.279069767441861, "mid_level_0.5-2": 37.209302325581397, "tall_2+": 0.0 }, "geometry": { "type": "Point", "coordinates": [ -3.035120805780323, 53.84860418223731 ] } },
{ "type": "Feature", "properties": { "max_height": 3.2009992599487305, "mean_height": 0.25664240121841431, "std_height": 0.58903622627258301, "count_pixels": 42, "percent_cover": 0.086176826640950416, "percent_above_0.1m": 33.333333333333329, "low_level_<0.5": 16.666666666666664, "mid_level_0.5-2": 7.1428571428571423, "tall_2+": 4.7619047619047619 }, "geometry": { "type": "Point", "coordinates": [ -3.03491021775275, 53.848606005777548 ] } },
{ "type": "Feature", "properties": { "max_height": 9.8977499008178711, "mean_height": 5.4026145935058594, "std_height": 2.843867301940918, "count_pixels": 41, "percent_cover": 0.084124997435213497, "percent_above_0.1m": 92.682926829268297, "low_level_<0.5": 0.0, "mid_level_0.5-2": 7.3170731707317067, "tall_2+": 85.365853658536579 }, "geometry": { "type": "Point", "coordinates": [ -3.034699630146858, 53.848607828770035 ] } },
{ "type": "Feature", "properties": { "max_height": 15.991249084472656, "mean_height": 6.3562979698181152, "std_height": 3.2700221538543701, "count_pixels": 41, "percent_cover": 0.084124997435213497, "percent_above_0.1m": 100.0, "low_level_<0.5": 4.8780487804878048, "mid_level_0.5-2": 2.4390243902439024, "tall_2+": 90.243902439024396 }, "geometry": { "type": "Point", "coordinates": [ -3.034489043768185, 53.848609650033204 ] } },
{ "type": "Feature", "properties": { "max_height": 12.53849983215332, "mean_height": 9.3894443511962891, "std_height": 2.2740242481231689, "count_pixels": 41, "percent_cover": 0.084124997435213497, "percent_above_0.1m": 100.0, "low_level_<0.5": 0.0, "mid_level_0.5-2": 0.0, "tall_2+": 100.0 }, "geometry": { "type": "Point", "coordinates": [ -3.034278457958753, 53.848611470629137 ] } },
{ "type": "Feature", "properties": { "max_height": 10.906497955322266, "mean_height": 5.8377227783203125, "std_height": 4.0986819267272949, "count_pixels": 37, "percent_cover": 0.075917680612265837, "percent_above_0.1m": 78.378378378378372, "low_level_<0.5": 2.7027027027027026, "mid_level_0.5-2": 5.4054054054054053, "tall_2+": 70.270270270270274 }, "geometry": { "type": "Point", "coordinates": [ -3.03406787212693, 53.848613290855305 ] } },
{ "type": "Feature", "properties": { "max_height": 10.437499046325684, "mean_height": 4.6808347702026367, "std_height": 4.0171756744384766, "count_pixels": 41, "percent_cover": 0.084124997435213497, "percent_above_0.1m": 68.292682926829272, "low_level_<0.5": 2.4390243902439024, "mid_level_0.5-2": 7.3170731707317067, "tall_2+": 58.536585365853654 }, "geometry": { "type": "Point", "coordinates": [ -3.033857286272728, 53.848615110711719 ] } },
{ "type": "Feature", "properties": { "max_height": 5.6279993057250977, "mean_height": 0.89311552047729492, "std_height": 1.5310524702072144, "count_pixels": 41, "percent_cover": 0.084124997435213497, "percent_above_0.1m": 34.146341463414636, "low_level_<0.5": 7.3170731707317067, "mid_level_0.5-2": 7.3170731707317067, "tall_2+": 19.512195121951219 }, "geometry": { "type": "Point", "coordinates": [ -3.033646700396144, 53.848616930198354 ] } },
{ "type": "Feature", "properties": { "max_height": 3.8577489852905273, "mean_height": 0.3557799756526947, "std_height": 0.87715905904769897, "count_pixels": 41, "percent_cover": 0.084124997435213497, "percent_above_0.1m": 14.634146341463413, "low_level_<0.5": 0.0, "mid_level_0.5-2": 2.4390243902439024, "tall_2+": 9.7560975609756095 }, "geometry": { "type": "Point", "coordinates": [ -3.033436114497198, 53.848618749315222 ] } },
{ "type": "Feature", "properties": { "max_height": 4.0037498474121094, "mean_height": 0.25799944996833801, "std_height": 0.7423853874206543, "count_pixels": 43, "percent_cover": 0.088228655846687321, "percent_above_0.1m": 27.906976744186046, "low_level_<0.5": 6.9767441860465116, "mid_level_0.5-2": 13.953488372093023, "tall_2+": 4.6511627906976747 }, "geometry": { "type": "Point", "coordinates": [ -3.030277323331271, 53.848645991696159 ] } },
{ "type": "Feature", "properties": { "max_height": 0.85474967956542969, "mean_height": 0.103993259370327, "std_height": 0.13487058877944946, "count_pixels": 42, "percent_cover": 0.086176826640950416, "percent_above_0.1m": 7.1428571428571423, "low_level_<0.5": 4.7619047619047619, "mid_level_0.5-2": 2.3809523809523809, "tall_2+": 0.0 }, "geometry": { "type": "Point", "coordinates": [ -3.037755818447494, 53.848689192705244 ] } },
{ "type": "Feature", "properties": { "max_height": 6.0982484817504883, "mean_height": 2.2185516357421875, "std_height": 2.0360937118530273, "count_pixels": 43, "percent_cover": 0.088228655846687321, "percent_above_0.1m": 79.069767441860463, "low_level_<0.5": 6.9767441860465116, "mid_level_0.5-2": 32.558139534883722, "tall_2+": 39.534883720930232 }, "geometry": { "type": "Point", "coordinates": [ -3.037545230175356, 53.848691020874831 ] } },
{ "type": "Feature", "properties": { "max_height": 8.0884990692138672, "mean_height": 5.2203307151794434, "std_height": 2.1745798587799072, "count_pixels": 43, "percent_cover": 0.088228655846687321, "percent_above_0.1m": 93.023255813953483, "low_level_<0.5": 2.3255813953488373, "mid_level_0.5-2": 2.3255813953488373, "tall_2+": 88.372093023255815 }, "geometry": { "type": "Point", "coordinates": [ -3.037334641880525, 53.848692848675036 ] } },
{ "type": "Feature", "properties": { "max_height": 7.6799983978271484, "mean_height": 5.2579216957092285, "std_height": 1.5784120559692383, "count_pixels": 42, "percent_cover": 0.086176826640950416, "percent_above_0.1m": 100.0, "low_level_<0.5": 0.0, "mid_level_0.5-2": 4.7619047619047619, "tall_2+": 95.238095238095227 }, "geometry": { "type": "Point", "coordinates": [ -3.037124053562986, 53.848694676105886 ] } },
{ "type": "Feature", "properties": { "max_height": 4.8522491455078125, "mean_height": 1.6155111789703369, "std_height": 1.9429686069488525, "count_pixels": 42, "percent_cover": 0.086176826640950416, "percent_above_0.1m": 50.0, "low_level_<0.5": 4.7619047619047619, "mid_level_0.5-2": 2.3809523809523809, "tall_2+": 38.095238095238095 }, "geometry": { "type": "Point", "coordinates": [ -3.036913465222775, 53.848696503167368 ] } },
{ "type": "Feature", "properties": { "max_height": 3.3144989013671875, "mean_height": 0.58327263593673706, "std_height": 0.85039228200912476, "count_pixels": 43, "percent_cover": 0.088228655846687321, "percent_above_0.1m": 46.511627906976742, "low_level_<0.5": 11.627906976744185, "mid_level_0.5-2": 25.581395348837212, "tall_2+": 6.9767441860465116 }, "geometry": { "type": "Point", "coordinates": [ -3.036702876859874, 53.848698329859474 ] } },
{ "type": "Feature", "properties": { "max_height": 4.4079990386962891, "mean_height": 0.44435408711433411, "std_height": 0.90822112560272217, "count_pixels": 43, "percent_cover": 0.088228655846687321, "percent_above_0.1m": 46.511627906976742, "low_level_<0.5": 20.930232558139537, "mid_level_0.5-2": 9.3023255813953494, "tall_2+": 6.9767441860465116 }, "geometry": { "type": "Point", "coordinates": [ -3.036492288474292, 53.848700156182218 ] } },
{ "type": "Feature", "properties": { "max_height": 0.33174896240234375, "mean_height": 0.091633543372154236, "std_height": 0.049043938517570496, "count_pixels": 41, "percent_cover": 0.084124997435213497, "percent_above_0.1m": 12.195121951219512, "low_level_<0.5": 9.7560975609756095, "mid_level_0.5-2": 0.0, "tall_2+": 0.0 }, "geometry": { "type": "Point", "coordinates": [ -3.036281700066036, 53.848701982135594 ] } },
{ "type": "Feature", "properties": { "max_height": 0.93974876403808594, "mean_height": 0.19445665180683136, "std_height": 0.22248809039592743, "count_pixels": 41, "percent_cover": 0.084124997435213497, "percent_above_0.1m": 36.585365853658537, "low_level_<0.5": 12.195121951219512, "mid_level_0.5-2": 12.195121951219512, "tall_2+": 0.0 }, "geometry": { "type": "Point", "coordinates": [ -3.036071111635116, 53.848703807719602 ] } },
{ "type": "Feature", "properties": { "max_height": 1.0555000305175781, "mean_height": 0.17806036770343781, "std_height": 0.22061832249164581, "count_pixels": 41, "percent_cover": 0.084124997435213497, "percent_above_0.1m": 24.390243902439025, "low_level_<0.5": 17.073170731707318, "mid_level_0.5-2": 7.3170731707317067, "tall_2+": 0.0 }, "geometry": { "type": "Point", "coordinates": [ -3.035860523181523, 53.848705632934227 ] } },
{ "type": "Feature", "properties": { "max_height": 1.0502490997314453, "mean_height": 0.13438093662261963, "std_height": 0.19567181169986725, "count_pixels": 38, "percent_cover": 0.077969509818002755, "percent_above_0.1m": 10.526315789473683, "low_level_<0.5": 5.2631578947368416, "mid_level_0.5-2": 5.2631578947368416, "tall_2+": 0.0 }, "geometry": { "type": "Point", "coordinates": [ -3.035649934705276, 53.848707457779504 ] } },
{ "type": "Feature", "properties": { "max_height": 1.0524988174438477, "mean_height": 0.13009680807590485, "std_height": 0.18706820905208588, "count_pixels": 41, "percent_cover": 0.084124997435213497, "percent_above_0.1m": 12.195121951219512, "low_level_<0.5": 2.4390243902439024, "mid_level_0.5-2": 7.3170731707317067, "tall_2+": 0.0 }, "geometry": { "type": "Point", "coordinates": [ -3.035439346206366, 53.848709282255399 ] } },
{ "type": "Feature", "properties": { "max_height": 0.66824913024902344, "mean_height": 0.15437138080596924, "std_height": 0.16576282680034637, "count_pixels": 41, "percent_cover": 0.084124997435213497, "percent_above_0.1m": 43.902439024390247, "low_level_<0.5": 19.512195121951219, "mid_level_0.5-2": 9.7560975609756095, "tall_2+": 0.0 }, "geometry": { "type": "Point", "coordinates": [ -3.035228757684813, 53.848711106361932 ] } },
{ "type": "Feature", "properties": { "max_height": 1.3167495727539062, "mean_height": 0.31310927867889404, "std_height": 0.34534242749214172, "count_pixels": 41, "percent_cover": 0.084124997435213497, "percent_above_0.1m": 58.536585365853654, "low_level_<0.5": 24.390243902439025, "mid_level_0.5-2": 24.390243902439025, "tall_2+": 0.0 }, "geometry": { "type": "Point", "coordinates": [ -3.035018169140606, 53.848712930099083 ] } },
{ "type": "Feature", "properties": { "max_height": 9.8012495040893555, "mean_height": 3.5488502979278564, "std_height": 3.4126169681549072, "count_pixels": 42, "percent_cover": 0.086176826640950416, "percent_above_0.1m": 76.19047619047619, "low_level_<0.5": 2.3809523809523809, "mid_level_0.5-2": 19.047619047619047, "tall_2+": 50.0 }, "geometry": { "type": "Point", "coordinates": [ -3.034807580573758, 53.848714753466879 ] } },
{ "type": "Feature", "properties": { "max_height": 15.303248405456543, "mean_height": 4.8064756393432617, "std_height": 4.7133831977844238, "count_pixels": 43, "percent_cover": 0.088228655846687321, "percent_above_0.1m": 67.441860465116278, "low_level_<0.5": 4.6511627906976747, "mid_level_0.5-2": 6.9767441860465116, "tall_2+": 53.488372093023251 }, "geometry": { "type": "Point", "coordinates": [ -3.034596993031336, 53.848716575653604 ] } },
{ "type": "Feature", "properties": { "max_height": 17.529750823974609, "mean_height": 6.3248538970947266, "std_height": 5.8809747695922852, "count_pixels": 43, "percent_cover": 0.088228655846687321, "percent_above_0.1m": 72.093023255813947, "low_level_<0.5": 2.3255813953488373, "mid_level_0.5-2": 11.627906976744185, "tall_2+": 58.139534883720934 }, "geometry": { "type": "Point", "coordinates": [ -3.034386406634969, 53.848718396465863 ] } },
{ "type": "Feature", "properties": { "max_height": 12.945248603820801, "mean_height": 9.2753620147705078, "std_height": 3.5687651634216309, "count_pixels": 42, "percent_cover": 0.086176826640950416, "percent_above_0.1m": 95.238095238095227, "low_level_<0.5": 0.0, "mid_level_0.5-2": 4.7619047619047619, "tall_2+": 90.476190476190482 }, "geometry": { "type": "Point", "coordinates": [ -3.034175820293532, 53.84872021687729 ] } },
{ "type": "Feature", "properties": { "max_height": 12.258749961853027, "mean_height": 7.8483657836914062, "std_height": 2.8985416889190674, "count_pixels": 43, "percent_cover": 0.088228655846687321, "percent_above_0.1m": 100.0, "low_level_<0.5": 2.3255813953488373, "mid_level_0.5-2": 4.6511627906976747, "tall_2+": 93.023255813953483 }, "geometry": { "type": "Point", "coordinates": [ -3.03396523392971, 53.848722036918943 ] } },
{ "type": "Feature", "properties": { "max_height": 10.837750434875488, "mean_height": 4.6092605590820312, "std_height": 4.261436939239502, "count_pixels": 43, "percent_cover": 0.088228655846687321, "percent_above_0.1m": 76.744186046511629, "low_level_<0.5": 4.6511627906976747, "mid_level_0.5-2": 13.953488372093023, "tall_2+": 55.813953488372093 }, "geometry": { "type": "Point", "coordinates": [ -3.033754647543505, 53.84872385659083 ] } },
{ "type": "Feature", "properties": { "max_height": 9.7732486724853516, "mean_height": 2.097423791885376, "std_height": 2.6132950782775879, "count_pixels": 43, "percent_cover": 0.088228655846687321, "percent_above_0.1m": 58.139534883720934, "low_level_<0.5": 6.9767441860465116, "mid_level_0.5-2": 9.3023255813953494, "tall_2+": 39.534883720930232 }, "geometry": { "type": "Point", "coordinates": [ -3.033544061134923, 53.848725675892965 ] } },
{ "type": "Feature", "properties": { "max_height": 3.9222488403320312, "mean_height": 0.51817607879638672, "std_height": 0.94436705112457275, "count_pixels": 41, "percent_cover": 0.084124997435213497, "percent_above_0.1m": 34.146341463414636, "low_level_<0.5": 7.3170731707317067, "mid_level_0.5-2": 17.073170731707318, "tall_2+": 7.3170731707317067 }, "geometry": { "type": "Point", "coordinates": [ -3.037653188301965, 53.848797942726463 ] } },
{ "type": "Feature", "properties": { "max_height": 2.4409990310668945, "mean_height": 0.17739574611186981, "std_height": 0.40980347990989685, "count_pixels": 41, "percent_cover": 0.084124997435213497, "percent_above_0.1m": 14.634146341463413, "low_level_<0.5": 2.4390243902439024, "mid_level_0.5-2": 4.8780487804878048, "tall_2+": 2.4390243902439024 }, "geometry": { "type": "Point", "coordinates": [ -3.037442599490523, 53.848799770723623 ] } },
{ "type": "Feature", "properties": { "max_height": 3.5864992141723633, "mean_height": 0.31961521506309509, "std_height": 0.74917721748352051, "count_pixels": 41, "percent_cover": 0.084124997435213497, "percent_above_0.1m": 36.585365853658537, "low_level_<0.5": 17.073170731707318, "mid_level_0.5-2": 2.4390243902439024, "tall_2+": 7.3170731707317067 }, "geometry": { "type": "Point", "coordinates": [ -3.03723201065638, 53.848801598351393 ] } },
{ "type": "Feature", "properties": { "max_height": 4.2594985961914062, "mean_height": 0.31877556443214417, "std_height": 0.75698810815811157, "count_pixels": 38, "percent_cover": 0.077969509818002755, "percent_above_0.1m": 28.947368421052634, "low_level_<0.5": 5.2631578947368416, "mid_level_0.5-2": 10.526315789473683, "tall_2+": 2.6315789473684208 }, "geometry": { "type": "Point", "coordinates": [ -3.03702142179955, 53.848803425609809 ] } },
{ "type": "Feature", "properties": { "max_height": 2.7507486343383789, "mean_height": 0.30551779270172119, "std_height": 0.61207127571105957, "count_pixels": 41, "percent_cover": 0.084124997435213497, "percent_above_0.1m": 26.829268292682929, "low_level_<0.5": 7.3170731707317067, "mid_level_0.5-2": 7.3170731707317067, "tall_2+": 4.8780487804878048 }, "geometry": { "type": "Point", "coordinates": [ -3.036810832920028, 53.848805252498856 ] } },
{ "type": "Feature", "properties": { "max_height": 5.7199993133544922, "mean_height": 0.52706652879714966, "std_height": 1.177801251411438, "count_pixels": 41, "percent_cover": 0.084124997435213497, "percent_above_0.1m": 34.146341463414636, "low_level_<0.5": 14.634146341463413, "mid_level_0.5-2": 7.3170731707317067, "tall_2+": 9.7560975609756095 }, "geometry": { "type": "Point", "coordinates": [ -3.036600244017829, 53.848807079018528 ] } },
{ "type": "Feature", "properties": { "max_height": 9.5864992141723633, "mean_height": 3.9600849151611328, "std_height": 3.4783177375793457, "count_pixels": 41, "percent_cover": 0.084124997435213497, "percent_above_0.1m": 78.048780487804876, "low_level_<0.5": 12.195121951219512, "mid_level_0.5-2": 2.4390243902439024, "tall_2+": 60.975609756097562 }, "geometry": { "type": "Point", "coordinates": [ -3.036389655092957, 53.848808905168838 ] } },
{ "type": "Feature", "properties": { "max_height": 10.541749954223633, "mean_height": 2.8421447277069092, "std_height": 3.3316106796264648, "count_pixels": 43, "percent_cover": 0.088228655846687321, "percent_above_0.1m": 65.116279069767444, "low_level_<0.5": 6.9767441860465116, "mid_level_0.5-2": 11.627906976744185, "tall_2+": 46.511627906976742 }, "geometry": { "type": "Point", "coordinates": [ -3.036179066145405, 53.848810730949772 ] } },
{ "type": "Feature", "properties": { "max_height": 8.9529991149902344, "mean_height": 4.4357199668884277, "std_height": 2.3370535373687744, "count_pixels": 43, "percent_cover": 0.088228655846687321, "percent_above_0.1m": 97.674418604651152, "low_level_<0.5": 0.0, "mid_level_0.5-2": 13.953488372093023, "tall_2+": 81.395348837209298 }, "geometry": { "type": "Point", "coordinates": [ -3.03596847717519, 53.848812556361331 ] } },
{ "type": "Feature", "properties": { "max_height": 10.113998413085938, "mean_height": 4.0535531044006348, "std_height": 3.1924781799316406, "count_pixels": 42, "percent_cover": 0.086176826640950416, "percent_above_0.1m": 80.952380952380949, "low_level_<0.5": 4.7619047619047619, "mid_level_0.5-2": 7.1428571428571423, "tall_2+": 66.666666666666657 }, "geometry": { "type": "Point", "coordinates": [ -3.03575788818231, 53.848814381403528 ] } },
{ "type": "Feature", "properties": { "max_height": 7.0184993743896484, "mean_height": 1.4972673654556274, "std_height": 1.7917608022689819, "count_pixels": 42, "percent_cover": 0.086176826640950416, "percent_above_0.1m": 76.19047619047619, "low_level_<0.5": 23.809523809523807, "mid_level_0.5-2": 19.047619047619047, "tall_2+": 30.952380952380953 }, "geometry": { "type": "Point", "coordinates": [ -3.035547299166771, 53.84881620607635 ] } },
{ "type": "Feature", "properties": { "max_height": 10.303498268127441, "mean_height": 1.9731506109237671, "std_height": 3.0661003589630127, "count_pixels": 43, "percent_cover": 0.088228655846687321, "percent_above_0.1m": 67.441860465116278, "low_level_<0.5": 16.279069767441861, "mid_level_0.5-2": 25.581395348837212, "tall_2+": 25.581395348837212 }, "geometry": { "type": "Point", "coordinates": [ -3.035336710128584, 53.848818030379803 ] } },
{ "type": "Feature", "properties": { "max_height": 4.52349853515625, "mean_height": 0.83003997802734375, "std_height": 1.1730004549026489, "count_pixels": 43, "percent_cover": 0.088228655846687321, "percent_above_0.1m": 62.790697674418603, "low_level_<0.5": 18.604651162790699, "mid_level_0.5-2": 23.255813953488371, "tall_2+": 16.279069767441861 }, "geometry": { "type": "Point", "coordinates": [ -3.035126121067739, 53.848819854313895 ] } },
{ "type": "Feature", "properties": { "max_height": 9.2002496719360352, "mean_height": 4.3147072792053223, "std_height": 2.9892990589141846, "count_pixels": 42, "percent_cover": 0.086176826640950416, "percent_above_0.1m": 90.476190476190482, "low_level_<0.5": 2.3809523809523809, "mid_level_0.5-2": 16.666666666666664, "tall_2+": 69.047619047619051 }, "geometry": { "type": "Point", "coordinates": [ -3.034915531984255, 53.848821677878583 ] } },
{ "type": "Feature", "properties": { "max_height": 10.362249374389648, "mean_height": 6.4766273498535156, "std_height": 2.5571529865264893, "count_pixels": 41, "percent_cover": 0.084124997435213497, "percent_above_0.1m": 100.0, "low_level_<0.5": 2.4390243902439024, "mid_level_0.5-2": 9.7560975609756095, "tall_2+": 87.804878048780495 }, "geometry": { "type": "Point", "coordinates": [ -3.034704943299156, 53.848823500903798 ] } },
{ "type": "Feature", "properties": { "max_height": 10.748749732971191, "mean_height": 7.2739934921264648, "std_height": 2.6885278224945068, "count_pixels": 41, "percent_cover": 0.084124997435213497, "percent_above_0.1m": 97.560975609756099, "low_level_<0.5": 0.0, "mid_level_0.5-2": 4.8780487804878048, "tall_2+": 92.682926829268297 }, "geometry": { "type": "Point", "coordinates": [ -3.034494355843199, 53.848825322207908 ] } },
{ "type": "Feature", "properties": { "max_height": 9.7004995346069336, "mean_height": 2.2304871082305908, "std_height": 2.7749814987182617, "count_pixels": 41, "percent_cover": 0.084124997435213497, "percent_above_0.1m": 68.292682926829272, "low_level_<0.5": 9.7560975609756095, "mid_level_0.5-2": 24.390243902439025, "tall_2+": 34.146341463414636 }, "geometry": { "type": "Point", "coordinates": [ -3.034283768992139, 53.848827142804595 ] } },
{ "type": "Feature", "properties": { "max_height": 12.072999000549316, "mean_height": 2.7167222499847412, "std_height": 4.2339348793029785, "count_pixels": 37, "percent_cover": 0.075917680612265837, "percent_above_0.1m": 43.243243243243242, "low_level_<0.5": 5.4054054054054053, "mid_level_0.5-2": 2.7027027027027026, "tall_2+": 32.432432432432435 }, "geometry": { "type": "Point", "coordinates": [ -3.034073182118689, 53.848828963031501 ] } },
{ "type": "Feature", "properties": { "max_height": 6.4797496795654297, "mean_height": 2.5712122917175293, "std_height": 2.259788990020752, "count_pixels": 41, "percent_cover": 0.084124997435213497, "percent_above_0.1m": 78.048780487804876, "low_level_<0.5": 7.3170731707317067, "mid_level_0.5-2": 19.512195121951219, "tall_2+": 51.219512195121951 }, "geometry": { "type": "Point", "coordinates": [ -3.033862595222863, 53.848830782888655 ] } },
{ "type": "Feature", "properties": { "max_height": 13.284999847412109, "mean_height": 9.9069747924804688, "std_height": 3.1387834548950195, "count_pixels": 41, "percent_cover": 0.084124997435213497, "percent_above_0.1m": 100.0, "low_level_<0.5": 0.0, "mid_level_0.5-2": 0.0, "tall_2+": 100.0 }, "geometry": { "type": "Point", "coordinates": [ -3.033652008304656, 53.848832602376021 ] } },
{ "type": "Feature", "properties": { "max_height": 0.10449981689453125, "mean_height": 0.080632962286472321, "std_height": 0.011903012171387672, "count_pixels": 43, "percent_cover": 0.088228655846687321, "percent_above_0.1m": 6.9767441860465116, "low_level_<0.5": 0.0, "mid_level_0.5-2": 0.0, "tall_2+": 0.0 }, "geometry": { "type": "Point", "coordinates": [ -3.037339968289073, 53.848908520490149 ] } },
{ "type": "Feature", "properties": { "max_height": 0.097499847412109375, "mean_height": 0.078499384224414825, "std_height": 0.0086441878229379654, "count_pixels": 42, "percent_cover": 0.086176826640950416, "percent_above_0.1m": 0.0, "low_level_<0.5": 0.0, "mid_level_0.5-2": 0.0, "tall_2+": 0.0 }, "geometry": { "type": "Point", "coordinates": [ -3.037129378915624, 53.848910347945505 ] } },
{ "type": "Feature", "properties": { "max_height": 0.96525001525878906, "mean_height": 0.17340412735939026, "std_height": 0.21692174673080444, "count_pixels": 42, "percent_cover": 0.086176826640950416, "percent_above_0.1m": 38.095238095238095, "low_level_<0.5": 21.428571428571427, "mid_level_0.5-2": 9.5238095238095237, "tall_2+": 0.0 }, "geometry": { "type": "Point", "coordinates": [ -3.036918789519485, 53.848912175031472 ] } },
{ "type": "Feature", "properties": { "max_height": 2.7514991760253906, "mean_height": 0.56786566972732544, "std_height": 0.92462348937988281, "count_pixels": 43, "percent_cover": 0.088228655846687321, "percent_above_0.1m": 41.860465116279073, "low_level_<0.5": 2.3255813953488373, "mid_level_0.5-2": 11.627906976744185, "tall_2+": 13.953488372093023 }, "geometry": { "type": "Point", "coordinates": [ -3.036708200100665, 53.848914001748099 ] } },
{ "type": "Feature", "properties": { "max_height": 8.3119993209838867, "mean_height": 3.6897268295288086, "std_height": 2.5763401985168457, "count_pixels": 43, "percent_cover": 0.088228655846687321, "percent_above_0.1m": 88.372093023255815, "low_level_<0.5": 6.9767441860465116, "mid_level_0.5-2": 13.953488372093023, "tall_2+": 67.441860465116278 }, "geometry": { "type": "Point", "coordinates": [ -3.036497610659165, 53.848915828095336 ] } },
{ "type": "Feature", "properties": { "max_height": 11.942998886108398, "mean_height": 4.6528162956237793, "std_height": 4.3204083442687988, "count_pixels": 41, "percent_cover": 0.084124997435213497, "percent_above_0.1m": 95.121951219512198, "low_level_<0.5": 19.512195121951219, "mid_level_0.5-2": 17.073170731707318, "tall_2+": 56.09756097560976 }, "geometry": { "type": "Point", "coordinates": [ -3.03628702119499, 53.848917654073183 ] } },
{ "type": "Feature", "properties": { "max_height": 3.9877490997314453, "mean_height": 1.0572857856750488, "std_height": 0.93836295604705811, "count_pixels": 41, "percent_cover": 0.084124997435213497, "percent_above_0.1m": 85.365853658536579, "low_level_<0.5": 17.073170731707318, "mid_level_0.5-2": 56.09756097560976, "tall_2+": 9.7560975609756095 }, "geometry": { "type": "Point", "coordinates": [ -3.036076431708146, 53.848919479681676 ] } },
{ "type": "Feature", "properties": { "max_height": 8.2247495651245117, "mean_height": 3.4298896789550781, "std_height": 2.3862524032592773, "count_pixels": 41, "percent_cover": 0.084124997435213497, "percent_above_0.1m": 92.682926829268297, "low_level_<0.5": 0.0, "mid_level_0.5-2": 26.829268292682929, "tall_2+": 63.414634146341463 }, "geometry": { "type": "Point", "coordinates": [ -3.035865842198634, 53.8489213049208 ] } },
{ "type": "Feature", "properties": { "max_height": 5.9004993438720703, "mean_height": 1.0834074020385742, "std_height": 1.3050006628036499, "count_pixels": 38, "percent_cover": 0.077969509818002755, "percent_above_0.1m": 81.578947368421055, "low_level_<0.5": 21.052631578947366, "mid_level_0.5-2": 23.684210526315788, "tall_2+": 21.052631578947366 }, "geometry": { "type": "Point", "coordinates": [ -3.035655252666466, 53.848923129790556 ] } },
{ "type": "Feature", "properties": { "max_height": 10.882497787475586, "mean_height": 3.3330357074737549, "std_height": 3.4520716667175293, "count_pixels": 41, "percent_cover": 0.084124997435213497, "percent_above_0.1m": 95.121951219512198, "low_level_<0.5": 17.073170731707318, "mid_level_0.5-2": 19.512195121951219, "tall_2+": 51.219512195121951 }, "geometry": { "type": "Point", "coordinates": [ -3.035444663111634, 53.848924954290922 ] } },
{ "type": "Feature", "properties": { "max_height": 11.767499923706055, "mean_height": 5.1220970153808594, "std_height": 3.4325313568115234, "count_pixels": 41, "percent_cover": 0.084124997435213497, "percent_above_0.1m": 95.121951219512198, "low_level_<0.5": 7.3170731707317067, "mid_level_0.5-2": 14.634146341463413, "tall_2+": 70.731707317073173 }, "geometry": { "type": "Point", "coordinates": [ -3.035234073534157, 53.848926778421927 ] } },
{ "type": "Feature", "properties": { "max_height": 10.940498352050781, "mean_height": 5.0685539245605469, "std_height": 2.6501080989837646, "count_pixels": 41, "percent_cover": 0.084124997435213497, "percent_above_0.1m": 100.0, "low_level_<0.5": 0.0, "mid_level_0.5-2": 14.634146341463413, "tall_2+": 85.365853658536579 }, "geometry": { "type": "Point", "coordinates": [ -3.035023483934026, 53.848928602183562 ] } },
{ "type": "Feature", "properties": { "max_height": 6.7594995498657227, "mean_height": 2.560957670211792, "std_height": 1.7746411561965942, "count_pixels": 42, "percent_cover": 0.086176826640950416, "percent_above_0.1m": 97.61904761904762, "low_level_<0.5": 11.904761904761903, "mid_level_0.5-2": 26.190476190476193, "tall_2+": 57.142857142857139 }, "geometry": { "type": "Point", "coordinates": [ -3.034812894311261, 53.848930425575823 ] } },
{ "type": "Feature", "properties": { "max_height": 11.020500183105469, "mean_height": 5.2057199478149414, "std_height": 2.2721908092498779, "count_pixels": 43, "percent_cover": 0.088228655846687321, "percent_above_0.1m": 95.348837209302332, "low_level_<0.5": 0.0, "mid_level_0.5-2": 2.3255813953488373, "tall_2+": 93.023255813953483 }, "geometry": { "type": "Point", "coordinates": [ -3.03460230568731, 53.84893224781321 ] } },
{ "type": "Feature", "properties": { "max_height": 8.5064983367919922, "mean_height": 1.8400747776031494, "std_height": 1.9015995264053345, "count_pixels": 43, "percent_cover": 0.088228655846687321, "percent_above_0.1m": 79.069767441860463, "low_level_<0.5": 13.953488372093023, "mid_level_0.5-2": 25.581395348837212, "tall_2+": 39.534883720930232 }, "geometry": { "type": "Point", "coordinates": [ -3.034391718222751, 53.848934068637206 ] } },
{ "type": "Feature", "properties": { "max_height": 9.0044984817504883, "mean_height": 2.8028621673583984, "std_height": 2.7864820957183838, "count_pixels": 42, "percent_cover": 0.086176826640950416, "percent_above_0.1m": 78.571428571428569, "low_level_<0.5": 9.5238095238095237, "mid_level_0.5-2": 11.904761904761903, "tall_2+": 52.380952380952387 }, "geometry": { "type": "Point", "coordinates": [ -3.034181130839678, 53.848935889049372 ] } },
{ "type": "Feature", "properties": { "max_height": 9.7209997177124023, "mean_height": 3.8424818515777588, "std_height": 3.3824102878570557, "count_pixels": 43, "percent_cover": 0.088228655846687321, "percent_above_0.1m": 79.069767441860463, "low_level_<0.5": 4.6511627906976747, "mid_level_0.5-2": 11.627906976744185, "tall_2+": 58.139534883720934 }, "geometry": { "type": "Point", "coordinates": [ -3.033970543434223, 53.848937709091778 ] } },
{ "type": "Feature", "properties": { "max_height": 12.948999404907227, "mean_height": 5.1823763847351074, "std_height": 4.4391164779663086, "count_pixels": 43, "percent_cover": 0.088228655846687321, "percent_above_0.1m": 83.720930232558146, "low_level_<0.5": 4.6511627906976747, "mid_level_0.5-2": 11.627906976744185, "tall_2+": 62.790697674418603 }, "geometry": { "type": "Point", "coordinates": [ -3.033759956006388, 53.848939528764397 ] } },
{ "type": "Feature", "properties": { "max_height": 11.425748825073242, "mean_height": 1.3189644813537598, "std_height": 2.3098483085632324, "count_pixels": 43, "percent_cover": 0.088228655846687321, "percent_above_0.1m": 48.837209302325576, "low_level_<0.5": 4.6511627906976747, "mid_level_0.5-2": 20.930232558139537, "tall_2+": 20.930232558139537 }, "geometry": { "type": "Point", "coordinates": [ -3.033549368556173, 53.848941348067264 ] } },
{ "type": "Feature", "properties": { "max_height": 1.1169986724853516, "mean_height": 0.15351158380508423, "std_height": 0.23103830218315125, "count_pixels": 41, "percent_cover": 0.084124997435213497, "percent_above_0.1m": 21.951219512195124, "low_level_<0.5": 2.4390243902439024, "mid_level_0.5-2": 7.3170731707317067, "tall_2+": 0.0 }, "geometry": { "type": "Point", "coordinates": [ -3.036816156722803, 53.84902092437089 ] } },
{ "type": "Feature", "properties": { "max_height": 6.0159988403320312, "mean_height": 0.32863345742225647, "std_height": 1.0067459344863892, "count_pixels": 41, "percent_cover": 0.084124997435213497, "percent_above_0.1m": 21.951219512195124, "low_level_<0.5": 0.0, "mid_level_0.5-2": 2.4390243902439024, "tall_2+": 4.8780487804878048 }, "geometry": { "type": "Point", "coordinates": [ -3.036605566764678, 53.849022750915061 ] } },
{ "type": "Feature", "properties": { "max_height": 8.0074996948242188, "mean_height": 2.6364626884460449, "std_height": 2.9978687763214111, "count_pixels": 41, "percent_cover": 0.084124997435213497, "percent_above_0.1m": 73.170731707317074, "low_level_<0.5": 19.512195121951219, "mid_level_0.5-2": 7.3170731707317067, "tall_2+": 41.463414634146339 }, "geometry": { "type": "Point", "coordinates": [ -3.036394976783874, 53.84902457708985 ] } },
{ "type": "Feature", "properties": { "max_height": 5.0277490615844727, "mean_height": 0.84752374887466431, "std_height": 1.2280499935150146, "count_pixels": 41, "percent_cover": 0.084124997435213497, "percent_above_0.1m": 63.414634146341463, "low_level_<0.5": 24.390243902439025, "mid_level_0.5-2": 19.512195121951219, "tall_2+": 14.634146341463413 }, "geometry": { "type": "Point", "coordinates": [ -3.034710256519035, 53.849039173029162 ] } },
{ "type": "Feature", "properties": { "max_height": 7.1997489929199219, "mean_height": 1.7251580953598022, "std_height": 2.0684440135955811, "count_pixels": 41, "percent_cover": 0.084124997435213497, "percent_above_0.1m": 68.292682926829272, "low_level_<0.5": 7.3170731707317067, "mid_level_0.5-2": 31.707317073170731, "tall_2+": 26.829268292682929 }, "geometry": { "type": "Point", "coordinates": [ -3.034499667985378, 53.849040994375144 ] } },
{ "type": "Feature", "properties": { "max_height": 4.5747499465942383, "mean_height": 1.3673224449157715, "std_height": 1.1710082292556763, "count_pixels": 41, "percent_cover": 0.084124997435213497, "percent_above_0.1m": 87.804878048780495, "low_level_<0.5": 4.8780487804878048, "mid_level_0.5-2": 60.975609756097562, "tall_2+": 19.512195121951219 }, "geometry": { "type": "Point", "coordinates": [ -3.03428908009268, 53.849042814972577 ] } },
{ "type": "Feature", "properties": { "max_height": 11.127998352050781, "mean_height": 4.1164994239807129, "std_height": 3.6861279010772705, "count_pixels": 37, "percent_cover": 0.075917680612265837, "percent_above_0.1m": 97.297297297297305, "low_level_<0.5": 10.810810810810811, "mid_level_0.5-2": 29.72972972972973, "tall_2+": 54.054054054054056 }, "geometry": { "type": "Point", "coordinates": [ -3.034078492177592, 53.849044635200222 ] } },
{ "type": "Feature", "properties": { "max_height": 13.413000106811523, "mean_height": 9.2685842514038086, "std_height": 2.8339052200317383, "count_pixels": 41, "percent_cover": 0.084124997435213497, "percent_above_0.1m": 100.0, "low_level_<0.5": 0.0, "mid_level_0.5-2": 2.4390243902439024, "tall_2+": 97.560975609756099 }, "geometry": { "type": "Point", "coordinates": [ -3.033867904240121, 53.849046455058115 ] } },
{ "type": "Feature", "properties": { "max_height": 15.088249206542969, "mean_height": 7.2665600776672363, "std_height": 6.0150260925292969, "count_pixels": 41, "percent_cover": 0.084124997435213497, "percent_above_0.1m": 90.243902439024396, "low_level_<0.5": 9.7560975609756095, "mid_level_0.5-2": 12.195121951219512, "tall_2+": 63.414634146341463 }, "geometry": { "type": "Point", "coordinates": [ -3.03365731628028, 53.84904827454622 ] } }
]
}
