{
"type": "FeatureCollection",
"name": "0ce5574bcca0_foliage",
"crs": { "type": "name", "properties": { "name": "urn:ogc:def:crs:OGC:1.3:CRS84" } },
"features": [
{ "type": "Feature", "properties": { "max_height": 6.0974960327148438, "mean_height": 1.8127437829971313, "std_height": 1.8545664548873901, "count_pixels": 41, "percent_cover": 0.29470960322024153, "percent_above_0.1m": 78.048780487804876, "low_level_<0.5": 12.195121951219512, "mid_level_0.5-2": 24.390243902439025, "tall_2+": 39.024390243902438 }, "geometry": { "type": "Polygon", "coordinates": [ [ [ -1.20076498745086, 52.621853263923938 ], [ -1.20086666605442, 52.621889910139316 ], [ -1.200969650564784, 52.621854644935482 ], [ -1.200970956294526, 52.621782733604228 ], [ -1.200869277851288, 52.621746087476517 ], [ -1.200766293517987, 52.621781352592421 ], [ -1.20076498745086, 52.621853263923938 ] ] ] } },
{ "type": "Feature", "properties": { "max_height": 9.2350006103515625, "mean_height": 5.5829873085021973, "std_height": 2.1693737506866455, "count_pixels": 41, "percent_cover": 0.29470960322024153, "percent_above_0.1m": 100.0, "low_level_<0.5": 4.8780487804878048, "mid_level_0.5-2": 2.4390243902439024, "tall_2+": 92.682926829268297 }, "geometry": { "type": "Polygon", "coordinates": [ [ [ -1.200560324353663, 52.62185188255868 ], [ -1.200662002780165, 52.621888528951025 ], [ -1.200764987450859, 52.621853263923938 ], [ -1.200766293517986, 52.621781352592421 ], [ -1.200664615251803, 52.621744706287735 ], [ -1.200561630758174, 52.621779971226907 ], [ -1.200560324353663, 52.62185188255868 ] ] ] } },
{ "type": "Feature", "properties": { "max_height": 8.4300003051757812, "mean_height": 5.1285629272460938, "std_height": 2.5801122188568115, "count_pixels": 40, "percent_cover": 0.28752156411730884, "percent_above_0.1m": 90.0, "low_level_<0.5": 2.5, "mid_level_0.5-2": 5.0, "tall_2+": 82.5 }, "geometry": { "type": "Polygon", "coordinates": [ [ [ -1.200355661273198, 52.621850500839699 ], [ -1.20045733952264, 52.621887147409041 ], [ -1.200560324353662, 52.62185188255868 ], [ -1.200561630758173, 52.621779971226907 ], [ -1.200459952669048, 52.621743324745239 ], [ -1.200356968015094, 52.621778589507684 ], [ -1.200355661273198, 52.621850500839699 ] ] ] } },
{ "type": "Feature", "properties": { "max_height": 5.407501220703125, "mean_height": 1.7469508647918701, "std_height": 1.7830290794372559, "count_pixels": 41, "percent_cover": 0.29470960322024153, "percent_above_0.1m": 82.926829268292678, "low_level_<0.5": 14.634146341463413, "mid_level_0.5-2": 31.707317073170731, "tall_2+": 34.146341463414636 }, "geometry": { "type": "Polygon", "coordinates": [ [ [ -1.20147935108287, 52.621965962911283 ], [ -1.201581028515237, 52.62200260839856 ], [ -1.201684009210293, 52.621967342391486 ], [ -1.201685313734115, 52.621895431061567 ], [ -1.201583637886187, 52.621858785736528 ], [ -1.20148065597752, 52.621894051581926 ], [ -1.20147935108287, 52.621965962911283 ] ] ] } },
{ "type": "Feature", "properties": { "max_height": 6.5774993896484375, "mean_height": 3.8848166465759277, "std_height": 2.2088589668273926, "count_pixels": 41, "percent_cover": 0.29470960322024153, "percent_above_0.1m": 100.0, "low_level_<0.5": 12.195121951219512, "mid_level_0.5-2": 14.634146341463413, "tall_2+": 73.170731707317074 }, "geometry": { "type": "Polygon", "coordinates": [ [ [ -1.201274687421064, 52.621964582784379 ], [ -1.201376366716111, 52.622001228556471 ], [ -1.201479351082869, 52.621965962911283 ], [ -1.20148065597752, 52.621894051581926 ], [ -1.201378976842801, 52.621857405897472 ], [ -1.201275992653102, 52.621892671454759 ], [ -1.201274687421064, 52.621964582784379 ] ] ] } },
{ "type": "Feature", "properties": { "max_height": 9.5775070190429688, "mean_height": 4.9805960655212402, "std_height": 1.9392354488372803, "count_pixels": 42, "percent_cover": 0.30189764232317423, "percent_above_0.1m": 100.0, "low_level_<0.5": 4.7619047619047619, "mid_level_0.5-2": 2.3809523809523809, "tall_2+": 92.857142857142861 }, "geometry": { "type": "Polygon", "coordinates": [ [ [ -1.201070023775975, 52.62196320230376 ], [ -1.201171702893969, 52.621999848252834 ], [ -1.201274687421063, 52.621964582784379 ], [ -1.201275992653101, 52.621892671454759 ], [ -1.201174313695433, 52.621856025593345 ], [ -1.2010713293454, 52.621891290973899 ], [ -1.201070023775975, 52.62196320230376 ] ] ] } },
{ "type": "Feature", "properties": { "max_height": 7.2750015258789062, "mean_height": 3.4641275405883789, "std_height": 2.6811220645904541, "count_pixels": 43, "percent_cover": 0.30908568142610693, "percent_above_0.1m": 72.093023255813947, "low_level_<0.5": 2.3255813953488373, "mid_level_0.5-2": 9.3023255813953494, "tall_2+": 60.465116279069761 }, "geometry": { "type": "Polygon", "coordinates": [ [ [ -1.200865360147608, 52.621961821469434 ], [ -1.200967039088547, 52.621998467595489 ], [ -1.201070023775974, 52.62196320230376 ], [ -1.201071329345399, 52.621891290973899 ], [ -1.200969650564785, 52.621854644935482 ], [ -1.20086666605442, 52.621889910139316 ], [ -1.200865360147608, 52.621961821469434 ] ] ] } },
{ "type": "Feature", "properties": { "max_height": 10.595001220703125, "mean_height": 3.6364536285400391, "std_height": 3.5249443054199219, "count_pixels": 43, "percent_cover": 0.30908568142610693, "percent_above_0.1m": 74.418604651162795, "low_level_<0.5": 2.3255813953488373, "mid_level_0.5-2": 16.279069767441861, "tall_2+": 55.813953488372093 }, "geometry": { "type": "Polygon", "coordinates": [ [ [ -1.200660696535966, 52.621960440281413 ], [ -1.200762375299848, 52.621997086584436 ], [ -1.200865360147607, 52.621961821469434 ], [ -1.20086666605442, 52.621889910139316 ], [ -1.20076498745086, 52.621853263923938 ], [ -1.200662002780166, 52.621888528951025 ], [ -1.200660696535966, 52.621960440281413 ] ] ] } },
{ "type": "Feature", "properties": { "max_height": 6.527496337890625, "mean_height": 0.84134656190872192, "std_height": 1.6715435981750488, "count_pixels": 39, "percent_cover": 0.28033352501437608, "percent_above_0.1m": 30.76923076923077, "low_level_<0.5": 2.5641025641025639, "mid_level_0.5-2": 12.820512820512819, "tall_2+": 15.384615384615385 }, "geometry": { "type": "Polygon", "coordinates": [ [ [ -1.200456032941054, 52.62195905873967 ], [ -1.200557711527876, 52.621995705219675 ], [ -1.200660696535965, 52.621960440281413 ], [ -1.200662002780165, 52.621888528951025 ], [ -1.200560324353663, 52.62185188255868 ], [ -1.200457339522641, 52.621887147409041 ], [ -1.200456032941054, 52.62195905873967 ] ] ] } },
{ "type": "Feature", "properties": { "max_height": 7.5199966430664062, "mean_height": 1.8855820894241333, "std_height": 2.7221269607543945, "count_pixels": 43, "percent_cover": 0.30908568142610693, "percent_above_0.1m": 60.465116279069761, "low_level_<0.5": 11.627906976744185, "mid_level_0.5-2": 16.279069767441861, "tall_2+": 27.906976744186046 }, "geometry": { "type": "Polygon", "coordinates": [ [ [ -1.200251369362877, 52.621957676844218 ], [ -1.200353047772637, 52.621994323501205 ], [ -1.200456032941053, 52.62195905873967 ], [ -1.20045733952264, 52.621887147409041 ], [ -1.200355661273198, 52.621850500839699 ], [ -1.20025267628185, 52.621885765513341 ], [ -1.200251369362877, 52.621957676844218 ] ] ] } },
{ "type": "Feature", "properties": { "max_height": 9.3699951171875, "mean_height": 2.9984891414642334, "std_height": 2.625190258026123, "count_pixels": 43, "percent_cover": 0.30908568142610693, "percent_above_0.1m": 95.348837209302332, "low_level_<0.5": 11.627906976744185, "mid_level_0.5-2": 27.906976744186046, "tall_2+": 53.488372093023251 }, "geometry": { "type": "Polygon", "coordinates": [ [ [ -1.201989038217005, 52.622077277823493 ], [ -1.202090714881264, 52.622113922788003 ], [ -1.202193695438919, 52.622078656340399 ], [ -1.202194999162573, 52.622006745017238 ], [ -1.202093322651879, 52.621970100139478 ], [ -1.201990342263966, 52.622005366498129 ], [ -1.201989038217005, 52.622077277823493 ] ] ] } },
{ "type": "Feature", "properties": { "max_height": 9.8600006103515625, "mean_height": 4.681218147277832, "std_height": 2.6641767024993896, "count_pixels": 39, "percent_cover": 0.28033352501437608, "percent_above_0.1m": 100.0, "low_level_<0.5": 2.5641025641025639, "mid_level_0.5-2": 17.948717948717949, "tall_2+": 79.487179487179489 }, "geometry": { "type": "Polygon", "coordinates": [ [ [ -1.201784381011251, 52.622075898952808 ], [ -1.201886057505775, 52.622112544095309 ], [ -1.201989038217004, 52.622077277823493 ], [ -1.201990342263965, 52.622005366498129 ], [ -1.201888665923005, 52.621968721442364 ], [ -1.201785685381519, 52.622003987625241 ], [ -1.201784381011251, 52.622075898952808 ] ] ] } },
{ "type": "Feature", "properties": { "max_height": 9.24749755859375, "mean_height": 5.332036018371582, "std_height": 1.9638348817825317, "count_pixels": 43, "percent_cover": 0.30908568142610693, "percent_above_0.1m": 100.0, "low_level_<0.5": 0.0, "mid_level_0.5-2": 6.9767441860465116, "tall_2+": 93.023255813953483 }, "geometry": { "type": "Polygon", "coordinates": [ [ [ -1.201579723821662, 52.622074519728322 ], [ -1.201681400146449, 52.622111165048828 ], [ -1.20178438101125, 52.622075898952808 ], [ -1.201785685381518, 52.622003987625241 ], [ -1.201684009210293, 52.621967342391486 ], [ -1.201581028515237, 52.62200260839856 ], [ -1.201579723821662, 52.622074519728322 ] ] ] } },
{ "type": "Feature", "properties": { "max_height": 6.6875, "mean_height": 2.4859890937805176, "std_height": 2.0397934913635254, "count_pixels": 43, "percent_cover": 0.30908568142610693, "percent_above_0.1m": 69.767441860465112, "low_level_<0.5": 0.0, "mid_level_0.5-2": 13.953488372093023, "tall_2+": 55.813953488372093 }, "geometry": { "type": "Polygon", "coordinates": [ [ [ -1.201375061644394, 52.622073139884677 ], [ -1.201476741276823, 52.622109785567467 ], [ -1.201579723821661, 52.622074519728322 ], [ -1.201581028515236, 52.62200260839856 ], [ -1.201479351082869, 52.621965962911283 ], [ -1.201376366716111, 52.622001228556471 ], [ -1.201375061644394, 52.622073139884677 ] ] ] } },
{ "type": "Feature", "properties": { "max_height": 7.8075103759765625, "mean_height": 1.2588101625442505, "std_height": 2.3836686611175537, "count_pixels": 42, "percent_cover": 0.30189764232317423, "percent_above_0.1m": 30.952380952380953, "low_level_<0.5": 7.1428571428571423, "mid_level_0.5-2": 0.0, "tall_2+": 23.809523809523807 }, "geometry": { "type": "Polygon", "coordinates": [ [ [ -1.201170397484863, 52.622071759581303 ], [ -1.201272076940239, 52.622108405441068 ], [ -1.201375061644393, 52.622073139884677 ], [ -1.201376366716111, 52.622001228556471 ], [ -1.201274687421063, 52.621964582784379 ], [ -1.201171702893969, 52.621999848252834 ], [ -1.201170397484863, 52.622071759581303 ] ] ] } },
{ "type": "Feature", "properties": { "max_height": 0.7024993896484375, "mean_height": 0.018536636605858803, "std_height": 0.10847601294517517, "count_pixels": 41, "percent_cover": 0.29470960322024153, "percent_above_0.1m": 2.4390243902439024, "low_level_<0.5": 0.0, "mid_level_0.5-2": 2.4390243902439024, "tall_2+": 0.0 }, "geometry": { "type": "Polygon", "coordinates": [ [ [ -1.20096573334205, 52.622070378924214 ], [ -1.201067412620371, 52.622107024960968 ], [ -1.201170397484862, 52.622071759581303 ], [ -1.201171702893969, 52.621999848252834 ], [ -1.201070023775974, 52.62196320230376 ], [ -1.200967039088547, 52.621998467595489 ], [ -1.20096573334205, 52.622070378924214 ] ] ] } },
{ "type": "Feature", "properties": { "max_height": 10.430000305175781, "mean_height": 2.0312802791595459, "std_height": 3.3770718574523926, "count_pixels": 41, "percent_cover": 0.29470960322024153, "percent_above_0.1m": 36.585365853658537, "low_level_<0.5": 2.4390243902439024, "mid_level_0.5-2": 4.8780487804878048, "tall_2+": 29.268292682926827 }, "geometry": { "type": "Polygon", "coordinates": [ [ [ -1.200761069215962, 52.622068997913416 ], [ -1.200862748317225, 52.622105644127139 ], [ -1.20096573334205, 52.622070378924214 ], [ -1.200967039088546, 52.621998467595489 ], [ -1.200865360147607, 52.621961821469434 ], [ -1.200762375299848, 52.621997086584436 ], [ -1.200761069215962, 52.622068997913416 ] ] ] } },
{ "type": "Feature", "properties": { "max_height": 10.474998474121094, "mean_height": 6.0267682075500488, "std_height": 3.0494277477264404, "count_pixels": 41, "percent_cover": 0.29470960322024153, "percent_above_0.1m": 95.121951219512198, "low_level_<0.5": 2.4390243902439024, "mid_level_0.5-2": 4.8780487804878048, "tall_2+": 87.804878048780495 }, "geometry": { "type": "Polygon", "coordinates": [ [ [ -1.200556405106601, 52.622067616548897 ], [ -1.200658084030805, 52.622104262939615 ], [ -1.200761069215961, 52.622068997913416 ], [ -1.200762375299847, 52.621997086584436 ], [ -1.200660696535965, 52.621960440281413 ], [ -1.200557711527876, 52.621995705219675 ], [ -1.200556405106601, 52.622067616548897 ] ] ] } },
{ "type": "Feature", "properties": { "max_height": 7.3700027465820312, "mean_height": 1.317125678062439, "std_height": 2.0808913707733154, "count_pixels": 40, "percent_cover": 0.28752156411730884, "percent_above_0.1m": 60.0, "low_level_<0.5": 12.5, "mid_level_0.5-2": 22.5, "tall_2+": 22.5 }, "geometry": { "type": "Polygon", "coordinates": [ [ [ -1.200351741013973, 52.622066234830676 ], [ -1.200453419761114, 52.622102881398376 ], [ -1.2005564051066, 52.622067616548897 ], [ -1.200557711527875, 52.621995705219675 ], [ -1.200456032941053, 52.62195905873967 ], [ -1.200353047772637, 52.621994323501205 ], [ -1.200351741013973, 52.622066234830676 ] ] ] } },
{ "type": "Feature", "properties": { "max_height": 11.110000610351562, "mean_height": 5.4009757041931152, "std_height": 3.3247623443603516, "count_pixels": 41, "percent_cover": 0.29470960322024153, "percent_above_0.1m": 97.560975609756099, "low_level_<0.5": 4.8780487804878048, "mid_level_0.5-2": 14.634146341463413, "tall_2+": 75.609756097560975 }, "geometry": { "type": "Polygon", "coordinates": [ [ [ -1.202089410987862, 52.622185834111022 ], [ -1.202191087975423, 52.622222478984249 ], [ -1.202294068702819, 52.622187212447727 ], [ -1.202295372272912, 52.622115301126918 ], [ -1.20219369543892, 52.622078656340399 ], [ -1.202090714881265, 52.622113922788003 ], [ -1.202089410987862, 52.622185834111022 ] ] ] } },
{ "type": "Feature", "properties": { "max_height": 11.107498168945312, "mean_height": 5.9296245574951172, "std_height": 2.8427786827087402, "count_pixels": 40, "percent_cover": 0.28752156411730884, "percent_above_0.1m": 100.0, "low_level_<0.5": 0.0, "mid_level_0.5-2": 10.0, "tall_2+": 90.0 }, "geometry": { "type": "Polygon", "coordinates": [ [ [ -1.201884753289064, 52.622184455420538 ], [ -1.20198643010689, 52.622221100471748 ], [ -1.202089410987861, 52.622185834111022 ], [ -1.202090714881264, 52.622113922788003 ], [ -1.201989038217005, 52.622077277823493 ], [ -1.201886057505776, 52.622112544095309 ], [ -1.201884753289064, 52.622184455420538 ] ] ] } },
{ "type": "Feature", "properties": { "max_height": 9.279998779296875, "mean_height": 1.4245730638504028, "std_height": 2.4646503925323486, "count_pixels": 41, "percent_cover": 0.29470960322024153, "percent_above_0.1m": 48.780487804878049, "low_level_<0.5": 7.3170731707317067, "mid_level_0.5-2": 21.951219512195124, "tall_2+": 19.512195121951219 }, "geometry": { "type": "Polygon", "coordinates": [ [ [ -1.201680095606429, 52.62218307637626 ], [ -1.201781772254518, 52.622219721605475 ], [ -1.201884753289063, 52.622184455420538 ], [ -1.201886057505775, 52.622112544095309 ], [ -1.201784381011251, 52.622075898952808 ], [ -1.20168140014645, 52.622111165048828 ], [ -1.201680095606429, 52.62218307637626 ] ] ] } },
{ "type": "Feature", "properties": { "max_height": 0.30500030517578125, "mean_height": 0.0075004389509558678, "std_height": 0.047056671231985092, "count_pixels": 41, "percent_cover": 0.29470960322024153, "percent_above_0.1m": 2.4390243902439024, "low_level_<0.5": 2.4390243902439024, "mid_level_0.5-2": 0.0, "tall_2+": 0.0 }, "geometry": { "type": "Polygon", "coordinates": [ [ [ -1.201475436365429, 52.622181696894273 ], [ -1.201577114418311, 52.622218342385402 ], [ -1.201680095606428, 52.62218307637626 ], [ -1.201681400146449, 52.622111165048828 ], [ -1.201579723821662, 52.622074519728322 ], [ -1.201476741276824, 52.622109785567467 ], [ -1.201475436365429, 52.622181696894273 ] ] ] } },
{ "type": "Feature", "properties": { "max_height": 0.00250244140625, "mean_height": -0.00018273330351803452, "std_height": 0.0010172700276598334, "count_pixels": 41, "percent_cover": 0.29470960322024153, "percent_above_0.1m": 0.0, "low_level_<0.5": 0.0, "mid_level_0.5-2": 0.0, "tall_2+": 0.0 }, "geometry": { "type": "Polygon", "coordinates": [ [ [ -1.201270771691453, 52.622180316768144 ], [ -1.201372451484213, 52.62221696253858 ], [ -1.201475436365429, 52.622181696894273 ], [ -1.201476741276823, 52.622109785567467 ], [ -1.201375061644394, 52.622073139884677 ], [ -1.20127207694024, 52.622108405441068 ], [ -1.201270771691453, 52.622180316768144 ] ] ] } },
{ "type": "Feature", "properties": { "max_height": 0.00251007080078125, "mean_height": 5.4495677659360808e-07, "std_height": 0.00054691283730790019, "count_pixels": 42, "percent_cover": 0.30189764232317423, "percent_above_0.1m": 0.0, "low_level_<0.5": 0.0, "mid_level_0.5-2": 0.0, "tall_2+": 0.0 }, "geometry": { "type": "Polygon", "coordinates": [ [ [ -1.201066107034193, 52.622178936288279 ], [ -1.201167786649898, 52.622215582235704 ], [ -1.201270771691452, 52.622180316768144 ], [ -1.201272076940239, 52.622108405441068 ], [ -1.201170397484863, 52.622071759581303 ], [ -1.201067412620372, 52.622107024960968 ], [ -1.201066107034193, 52.622178936288279 ] ] ] } },
{ "type": "Feature", "properties": { "max_height": 0.00250244140625, "mean_height": 5.8196310419589281e-05, "std_height": 0.00037715522921644151, "count_pixels": 43, "percent_cover": 0.30908568142610693, "percent_above_0.1m": 0.0, "low_level_<0.5": 0.0, "mid_level_0.5-2": 0.0, "tall_2+": 0.0 }, "geometry": { "type": "Polygon", "coordinates": [ [ [ -1.200861442393656, 52.622177555454719 ], [ -1.200963121832303, 52.622214201579112 ], [ -1.201066107034193, 52.622178936288279 ], [ -1.201067412620371, 52.622107024960968 ], [ -1.20096573334205, 52.622070378924214 ], [ -1.200862748317225, 52.622105644127139 ], [ -1.200861442393656, 52.622177555454719 ] ] ] } },
{ "type": "Feature", "properties": { "max_height": 7.9824981689453125, "mean_height": 0.80424481630325317, "std_height": 1.9428310394287109, "count_pixels": 43, "percent_cover": 0.30908568142610693, "percent_above_0.1m": 20.930232558139537, "low_level_<0.5": 2.3255813953488373, "mid_level_0.5-2": 4.6511627906976747, "tall_2+": 13.953488372093023 }, "geometry": { "type": "Polygon", "coordinates": [ [ [ -1.200656777769844, 52.622176174267445 ], [ -1.200758457031431, 52.622212820568826 ], [ -1.200861442393655, 52.622177555454719 ], [ -1.200862748317225, 52.622105644127139 ], [ -1.200761069215962, 52.622068997913416 ], [ -1.200658084030805, 52.622104262939615 ], [ -1.200656777769844, 52.622176174267445 ] ] ] } },
{ "type": "Feature", "properties": { "max_height": 5.970001220703125, "mean_height": 1.1819220781326294, "std_height": 1.7754896879196167, "count_pixels": 39, "percent_cover": 0.28033352501437608, "percent_above_0.1m": 61.53846153846154, "low_level_<0.5": 15.384615384615385, "mid_level_0.5-2": 20.512820512820511, "tall_2+": 20.512820512820511 }, "geometry": { "type": "Polygon", "coordinates": [ [ [ -1.200452113162763, 52.62217479272644 ], [ -1.200553792247288, 52.622211439204804 ], [ -1.200656777769844, 52.622176174267445 ], [ -1.200658084030805, 52.622104262939615 ], [ -1.200556405106601, 52.622067616548897 ], [ -1.200453419761115, 52.622102881398376 ], [ -1.200452113162763, 52.62217479272644 ] ] ] } },
{ "type": "Feature", "properties": { "max_height": 10.75250244140625, "mean_height": 6.0791287422180176, "std_height": 2.4590487480163574, "count_pixels": 43, "percent_cover": 0.30908568142610693, "percent_above_0.1m": 100.0, "low_level_<0.5": 0.0, "mid_level_0.5-2": 11.627906976744185, "tall_2+": 88.372093023255815 }, "geometry": { "type": "Polygon", "coordinates": [ [ [ -1.201985126043736, 52.622293011794646 ], [ -1.202086803184865, 52.622329656754602 ], [ -1.20218978423558, 52.622294390304937 ], [ -1.202191087975422, 52.622222478984249 ], [ -1.202089410987861, 52.622185834111022 ], [ -1.20198643010689, 52.622221100471748 ], [ -1.201985126043736, 52.622293011794646 ] ] ] } },
{ "type": "Feature", "properties": { "max_height": 9.8125, "mean_height": 1.7340373992919922, "std_height": 2.5699081420898438, "count_pixels": 39, "percent_cover": 0.28033352501437608, "percent_above_0.1m": 51.282051282051277, "low_level_<0.5": 5.1282051282051277, "mid_level_0.5-2": 15.384615384615385, "tall_2+": 30.76923076923077 }, "geometry": { "type": "Polygon", "coordinates": [ [ [ -1.201780467868053, 52.622291632930569 ], [ -1.201882144839445, 52.62232827806853 ], [ -1.201985126043735, 52.622293011794646 ], [ -1.201986430106889, 52.622221100471748 ], [ -1.201884753289063, 52.622184455420538 ], [ -1.201781772254518, 52.622219721605475 ], [ -1.201780467868053, 52.622291632930569 ] ] ] } },
{ "type": "Feature", "properties": { "max_height": 7.62939453125e-06, "mean_height": -0.0001162151966127567, "std_height": 0.00052703049732372165, "count_pixels": 43, "percent_cover": 0.30908568142610693, "percent_above_0.1m": 0.0, "low_level_<0.5": 0.0, "mid_level_0.5-2": 0.0, "tall_2+": 0.0 }, "geometry": { "type": "Polygon", "coordinates": [ [ [ -1.201575809708536, 52.62229025371272 ], [ -1.201677486510188, 52.622326899028657 ], [ -1.201780467868052, 52.622291632930569 ], [ -1.201781772254517, 52.622219721605475 ], [ -1.201680095606428, 52.62218307637626 ], [ -1.201577114418311, 52.622218342385402 ], [ -1.201575809708536, 52.62229025371272 ] ] ] } },
{ "type": "Feature", "properties": { "max_height": 7.62939453125e-06, "mean_height": -0.00017423408280592412, "std_height": 0.00063691107789054513, "count_pixels": 43, "percent_cover": 0.30908568142610693, "percent_above_0.1m": 0.0, "low_level_<0.5": 0.0, "mid_level_0.5-2": 0.0, "tall_2+": 0.0 }, "geometry": { "type": "Polygon", "coordinates": [ [ [ -1.201371146395749, 52.622288873864257 ], [ -1.201472826525895, 52.62232551954537 ], [ -1.201575809708535, 52.62229025371272 ], [ -1.20157711441831, 52.622218342385402 ], [ -1.201475436365429, 52.622181696894273 ], [ -1.201372451484213, 52.62221696253858 ], [ -1.201371146395749, 52.622288873864257 ] ] ] } },
{ "type": "Feature", "properties": { "max_height": 7.62939453125e-06, "mean_height": -5.9218633396085352e-05, "std_height": 0.00038157077506184578, "count_pixels": 42, "percent_cover": 0.30189764232317423, "percent_above_0.1m": 0.0, "low_level_<0.5": 0.0, "mid_level_0.5-2": 0.0, "tall_2+": 0.0 }, "geometry": { "type": "Polygon", "coordinates": [ [ [ -1.20116648122404, 52.622287493561629 ], [ -1.201268161177131, 52.622324139419732 ], [ -1.201371146395748, 52.622288873864257 ], [ -1.201372451484212, 52.62221696253858 ], [ -1.201270771691452, 52.622180316768144 ], [ -1.201167786649898, 52.622215582235704 ], [ -1.20116648122404, 52.622287493561629 ] ] ] } },
{ "type": "Feature", "properties": { "max_height": 7.62939453125e-06, "mean_height": -0.00012132598203606904, "std_height": 0.00053835695143789053, "count_pixels": 41, "percent_cover": 0.29470960322024153, "percent_above_0.1m": 0.0, "low_level_<0.5": 0.0, "mid_level_0.5-2": 0.0, "tall_2+": 0.0 }, "geometry": { "type": "Polygon", "coordinates": [ [ [ -1.200961816069051, 52.6222861129053 ], [ -1.201063495845084, 52.622322758940385 ], [ -1.201166481224039, 52.622287493561629 ], [ -1.201167786649897, 52.622215582235704 ], [ -1.201066107034193, 52.622178936288279 ], [ -1.200963121832303, 52.622214201579112 ], [ -1.200961816069051, 52.6222861129053 ] ] ] } },
{ "type": "Feature", "properties": { "max_height": 0.00250244140625, "mean_height": -0.00018310546875, "std_height": 0.0010176594369113445, "count_pixels": 41, "percent_cover": 0.29470960322024153, "percent_above_0.1m": 0.0, "low_level_<0.5": 0.0, "mid_level_0.5-2": 0.0, "tall_2+": 0.0 }, "geometry": { "type": "Polygon", "coordinates": [ [ [ -1.200757150930786, 52.622284731895249 ], [ -1.200858830529759, 52.622321378107316 ], [ -1.200961816069051, 52.6222861129053 ], [ -1.200963121832302, 52.622214201579112 ], [ -1.200861442393655, 52.622177555454719 ], [ -1.200758457031431, 52.622212820568826 ], [ -1.200757150930786, 52.622284731895249 ] ] ] } },
{ "type": "Feature", "properties": { "max_height": 0.00750732421875, "mean_height": -6.0290825786069036e-05, "std_height": 0.0016090915305539966, "count_pixels": 41, "percent_cover": 0.29470960322024153, "percent_above_0.1m": 0.0, "low_level_<0.5": 0.0, "mid_level_0.5-2": 0.0, "tall_2+": 0.0 }, "geometry": { "type": "Polygon", "coordinates": [ [ [ -1.20055248580925, 52.62228335053149 ], [ -1.20065416523116, 52.622319996920538 ], [ -1.200757150930785, 52.622284731895249 ], [ -1.20075845703143, 52.622212820568826 ], [ -1.200656777769844, 52.622176174267445 ], [ -1.200553792247288, 52.622211439204804 ], [ -1.20055248580925, 52.62228335053149 ] ] ] } },
{ "type": "Feature", "properties": { "max_height": 7.4575042724609375, "mean_height": 3.6171250343322754, "std_height": 2.9566326141357422, "count_pixels": 40, "percent_cover": 0.28752156411730884, "percent_above_0.1m": 85.0, "low_level_<0.5": 12.5, "mid_level_0.5-2": 12.5, "tall_2+": 57.5 }, "geometry": { "type": "Polygon", "coordinates": [ [ [ -1.200347820704445, 52.622281968814015 ], [ -1.200449499949292, 52.62231861538006 ], [ -1.200552485809248, 52.62228335053149 ], [ -1.200553792247287, 52.622211439204804 ], [ -1.200452113162762, 52.62217479272644 ], [ -1.200349127479877, 52.622210057487088 ], [ -1.200347820704445, 52.622281968814015 ] ] ] } },
{ "type": "Feature", "properties": { "max_height": 6.6350021362304688, "mean_height": 1.7678667306900024, "std_height": 1.519443154335022, "count_pixels": 41, "percent_cover": 0.29470960322024153, "percent_above_0.1m": 85.365853658536579, "low_level_<0.5": 9.7560975609756095, "mid_level_0.5-2": 21.951219512195124, "tall_2+": 48.780487804878049 }, "geometry": { "type": "Polygon", "coordinates": [ [ [ -1.202085499275273, 52.622401568075162 ], [ -1.202187176739707, 52.622438212943827 ], [ -1.202290157960165, 52.622402946405245 ], [ -1.202291461546445, 52.622331035086887 ], [ -1.202189784235581, 52.622294390304937 ], [ -1.202086803184866, 52.622329656754602 ], [ -1.202085499275273, 52.622401568075162 ] ] ] } },
{ "type": "Feature", "properties": { "max_height": 7.1725006103515625, "mean_height": 3.2270007133483887, "std_height": 1.8164463043212891, "count_pixels": 40, "percent_cover": 0.28752156411730884, "percent_above_0.1m": 90.0, "low_level_<0.5": 0.0, "mid_level_0.5-2": 15.0, "tall_2+": 75.0 }, "geometry": { "type": "Polygon", "coordinates": [ [ [ -1.201880840606539, 52.622400189391286 ], [ -1.201982517901237, 52.622436834437963 ], [ -1.202085499275272, 52.622401568075162 ], [ -1.202086803184865, 52.622329656754602 ], [ -1.201985126043736, 52.622293011794646 ], [ -1.201882144839446, 52.62232827806853 ], [ -1.201880840606539, 52.622400189391286 ] ] ] } },
{ "type": "Feature", "properties": { "max_height": 0.01000213623046875, "mean_height": 0.00024507104535587132, "std_height": 0.0015427308389917016, "count_pixels": 41, "percent_cover": 0.29470960322024153, "percent_above_0.1m": 0.0, "low_level_<0.5": 0.0, "mid_level_0.5-2": 0.0, "tall_2+": 0.0 }, "geometry": { "type": "Polygon", "coordinates": [ [ [ -1.201676181953969, 52.62239881035363 ], [ -1.201777859078927, 52.622435455578305 ], [ -1.201880840606538, 52.622400189391286 ], [ -1.201882144839445, 52.62232827806853 ], [ -1.201780467868053, 52.622291632930569 ], [ -1.201677486510189, 52.622326899028657 ], [ -1.201676181953969, 52.62239881035363 ] ] ] } },
{ "type": "Feature", "properties": { "max_height": 0.00250244140625, "mean_height": -0.00018254721362609416, "std_height": 0.00085461413254961371, "count_pixels": 41, "percent_cover": 0.29470960322024153, "percent_above_0.1m": 0.0, "low_level_<0.5": 0.0, "mid_level_0.5-2": 0.0, "tall_2+": 0.0 }, "geometry": { "type": "Polygon", "coordinates": [ [ [ -1.201471521597756, 52.622397430869647 ], [ -1.201573200272783, 52.622434076364847 ], [ -1.201676181953969, 52.62239881035363 ], [ -1.201677486510188, 52.622326899028657 ], [ -1.201575809708536, 52.62229025371272 ], [ -1.201472826525896, 52.62232551954537 ], [ -1.201471521597756, 52.622397430869647 ] ] ] } },
{ "type": "Feature", "properties": { "max_height": 0.00249481201171875, "mean_height": -0.00024358236987609416, "std_height": 0.0012093203840777278, "count_pixels": 41, "percent_cover": 0.29470960322024153, "percent_above_0.1m": 0.0, "low_level_<0.5": 0.0, "mid_level_0.5-2": 0.0, "tall_2+": 0.0 }, "geometry": { "type": "Polygon", "coordinates": [ [ [ -1.201266855911596, 52.622396050744264 ], [ -1.201368536202075, 52.622432696513052 ], [ -1.201471521597755, 52.622397430869647 ], [ -1.201472826525895, 52.62232551954537 ], [ -1.201371146395749, 52.622288873864257 ], [ -1.201268161177131, 52.622324139419732 ], [ -1.201266855911596, 52.622396050744264 ] ] ] } },
{ "type": "Feature", "properties": { "max_height": 0.00250244140625, "mean_height": -5.9218633396085352e-05, "std_height": 0.00086033664410933852, "count_pixels": 42, "percent_cover": 0.30189764232317423, "percent_above_0.1m": 0.0, "low_level_<0.5": 0.0, "mid_level_0.5-2": 0.0, "tall_2+": 0.0 }, "geometry": { "type": "Polygon", "coordinates": [ [ [ -1.201062190242153, 52.622394670265173 ], [ -1.201163870355574, 52.622431316210935 ], [ -1.201266855911595, 52.622396050744264 ], [ -1.201268161177131, 52.622324139419732 ], [ -1.20116648122404, 52.622287493561629 ], [ -1.201063495845085, 52.622322758940385 ], [ -1.201062190242153, 52.622394670265173 ] ] ] } },
{ "type": "Feature", "properties": { "max_height": 0.00249481201171875, "mean_height": 5.8018882555188611e-05, "std_height": 0.00037600530777126551, "count_pixels": 43, "percent_cover": 0.30908568142610693, "percent_above_0.1m": 0.0, "low_level_<0.5": 0.0, "mid_level_0.5-2": 0.0, "tall_2+": 0.0 }, "geometry": { "type": "Polygon", "coordinates": [ [ [ -1.200857524589433, 52.622393289432353 ], [ -1.200959204525793, 52.622429935555111 ], [ -1.201062190242153, 52.622394670265173 ], [ -1.201063495845084, 52.622322758940385 ], [ -1.200961816069051, 52.6222861129053 ], [ -1.20085883052976, 52.622321378107316 ], [ -1.200857524589433, 52.622393289432353 ] ] ] } },
{ "type": "Feature", "properties": { "max_height": 0.00250244140625, "mean_height": 5.3228336582833435e-07, "std_height": 0.00076207565143704414, "count_pixels": 43, "percent_cover": 0.30908568142610693, "percent_above_0.1m": 0.0, "low_level_<0.5": 0.0, "mid_level_0.5-2": 0.0, "tall_2+": 0.0 }, "geometry": { "type": "Polygon", "coordinates": [ [ [ -1.200652858953438, 52.622391908245831 ], [ -1.200754538712737, 52.622428554545571 ], [ -1.200857524589432, 52.622393289432353 ], [ -1.200858830529759, 52.622321378107316 ], [ -1.200757150930786, 52.622284731895249 ], [ -1.200654165231161, 52.622319996920538 ], [ -1.200652858953438, 52.622391908245831 ] ] ] } },
{ "type": "Feature", "properties": { "max_height": 1.3700027465820312, "mean_height": 0.092693231999874115, "std_height": 0.25784462690353394, "count_pixels": 39, "percent_cover": 0.28033352501437608, "percent_above_0.1m": 20.512820512820511, "low_level_<0.5": 5.1282051282051277, "mid_level_0.5-2": 7.6923076923076925, "tall_2+": 0.0 }, "geometry": { "type": "Polygon", "coordinates": [ [ [ -1.200448193334175, 52.622390526705587 ], [ -1.200549872916409, 52.622427173182302 ], [ -1.200652858953438, 52.622391908245831 ], [ -1.20065416523116, 52.622319996920538 ], [ -1.20055248580925, 52.62228335053149 ], [ -1.200449499949293, 52.62231861538006 ], [ -1.200448193334175, 52.622390526705587 ] ] ] } },
{ "type": "Feature", "properties": { "max_height": 6.87750244140625, "mean_height": 3.061279296875, "std_height": 2.1183371543884277, "count_pixels": 43, "percent_cover": 0.30908568142610693, "percent_above_0.1m": 97.674418604651152, "low_level_<0.5": 6.9767441860465116, "mid_level_0.5-2": 32.558139534883722, "tall_2+": 58.139534883720934 }, "geometry": { "type": "Polygon", "coordinates": [ [ [ -1.20198121382189, 52.622508745758388 ], [ -1.202082891439895, 52.622545390713789 ], [ -1.202185872983676, 52.62251012426205 ], [ -1.202187176739707, 52.622438212943827 ], [ -1.202085499275272, 52.622401568075162 ], [ -1.201982517901237, 52.622436834437963 ], [ -1.20198121382189, 52.622508745758388 ] ] ] } },
{ "type": "Feature", "properties": { "max_height": 3.779998779296875, "mean_height": 0.81480801105499268, "std_height": 1.1982884407043457, "count_pixels": 39, "percent_cover": 0.28033352501437608, "percent_above_0.1m": 43.589743589743591, "low_level_<0.5": 7.6923076923076925, "mid_level_0.5-2": 12.820512820512819, "tall_2+": 20.512820512820511 }, "geometry": { "type": "Polygon", "coordinates": [ [ [ -1.201776554676266, 52.622507366900933 ], [ -1.201878232124531, 52.622544012034332 ], [ -1.201981213821889, 52.622508745758388 ], [ -1.201982517901235, 52.622436834437963 ], [ -1.201880840606538, 52.622400189391286 ], [ -1.201777859078927, 52.622435455578305 ], [ -1.201776554676266, 52.622507366900933 ] ] ] } },
{ "type": "Feature", "properties": { "max_height": 0.0, "mean_height": -0.00011639262083917856, "std_height": 0.00052699004299938679, "count_pixels": 43, "percent_cover": 0.30908568142610693, "percent_above_0.1m": 0.0, "low_level_<0.5": 0.0, "mid_level_0.5-2": 0.0, "tall_2+": 0.0 }, "geometry": { "type": "Polygon", "coordinates": [ [ [ -1.201571895546807, 52.622505987689685 ], [ -1.20167357282533, 52.622542633001075 ], [ -1.201776554676265, 52.622507366900933 ], [ -1.201777859078926, 52.622435455578305 ], [ -1.201676181953969, 52.62239881035363 ], [ -1.201573200272783, 52.622434076364847 ], [ -1.201571895546807, 52.622505987689685 ] ] ] } },
{ "type": "Feature", "properties": { "max_height": 0.00249481201171875, "mean_height": -0.00017476636276114732, "std_height": 0.00099398195743560791, "count_pixels": 43, "percent_cover": 0.30908568142610693, "percent_above_0.1m": 0.0, "low_level_<0.5": 0.0, "mid_level_0.5-2": 0.0, "tall_2+": 0.0 }, "geometry": { "type": "Polygon", "coordinates": [ [ [ -1.201367231096864, 52.622504607836184 ], [ -1.201468911724733, 52.622541253515642 ], [ -1.201571895546806, 52.622505987689685 ], [ -1.201573200272783, 52.622434076364847 ], [ -1.201471521597755, 52.622397430869647 ], [ -1.201368536202075, 52.622432696513052 ], [ -1.201367231096864, 52.622504607836184 ] ] ] } },
{ "type": "Feature", "properties": { "max_height": 7.62939453125e-06, "mean_height": -0.00023741948825772852, "std_height": 0.00073301623342558742, "count_pixels": 42, "percent_cover": 0.30189764232317423, "percent_above_0.1m": 0.0, "low_level_<0.5": 0.0, "mid_level_0.5-2": 0.0, "tall_2+": 0.0 }, "geometry": { "type": "Polygon", "coordinates": [ [ [ -1.201162564912965, 52.622503227534317 ], [ -1.201264245363776, 52.622539873390764 ], [ -1.201367231096863, 52.622504607836184 ], [ -1.201368536202074, 52.622432696513052 ], [ -1.201266855911595, 52.622396050744264 ], [ -1.201163870355574, 52.622431316210935 ], [ -1.201162564912965, 52.622503227534317 ] ] ] } },
{ "type": "Feature", "properties": { "max_height": 7.62939453125e-06, "mean_height": 5.582483595389931e-07, "std_height": 1.9868205072270939e-06, "count_pixels": 41, "percent_cover": 0.29470960322024153, "percent_above_0.1m": 0.0, "low_level_<0.5": 0.0, "mid_level_0.5-2": 0.0, "tall_2+": 0.0 }, "geometry": { "type": "Polygon", "coordinates": [ [ [ -1.200957898745787, 52.622501846878748 ], [ -1.201059579019538, 52.622538492912177 ], [ -1.201162564912964, 52.622503227534317 ], [ -1.201163870355573, 52.622431316210935 ], [ -1.201062190242153, 52.622394670265173 ], [ -1.200959204525793, 52.622429935555111 ], [ -1.200957898745787, 52.622501846878748 ] ] ] } },
{ "type": "Feature", "properties": { "max_height": 0.00250244140625, "mean_height": -0.00024376845976803452, "std_height": 0.00092524045612663031, "count_pixels": 41, "percent_cover": 0.29470960322024153, "percent_above_0.1m": 0.0, "low_level_<0.5": 0.0, "mid_level_0.5-2": 0.0, "tall_2+": 0.0 }, "geometry": { "type": "Polygon", "coordinates": [ [ [ -1.200753232595332, 52.62250046586945 ], [ -1.200854912692021, 52.622537112079868 ], [ -1.200957898745786, 52.622501846878748 ], [ -1.200959204525792, 52.622429935555111 ], [ -1.200857524589432, 52.622393289432353 ], [ -1.200754538712737, 52.622428554545571 ], [ -1.200753232595332, 52.62250046586945 ] ] ] } },
{ "type": "Feature", "properties": { "max_height": 0.00249481201171875, "mean_height": -0.00024358236987609416, "std_height": 0.001329985330812633, "count_pixels": 41, "percent_cover": 0.29470960322024153, "percent_above_0.1m": 0.0, "low_level_<0.5": 0.0, "mid_level_0.5-2": 0.0, "tall_2+": 0.0 }, "geometry": { "type": "Polygon", "coordinates": [ [ [ -1.200548566461606, 52.622499084506437 ], [ -1.200650246381231, 52.622535730893837 ], [ -1.200753232595332, 52.62250046586945 ], [ -1.200754538712736, 52.622428554545571 ], [ -1.200652858953438, 52.622391908245831 ], [ -1.200549872916409, 52.622427173182302 ], [ -1.200548566461606, 52.622499084506437 ] ] ] } },
{ "type": "Feature", "properties": { "max_height": 0.0449981689453125, "mean_height": 0.00093765259953215718, "std_height": 0.0071734283119440079, "count_pixels": 40, "percent_cover": 0.28752156411730884, "percent_above_0.1m": 0.0, "low_level_<0.5": 0.0, "mid_level_0.5-2": 0.0, "tall_2+": 0.0 }, "geometry": { "type": "Polygon", "coordinates": [ [ [ -1.200343900344614, 52.622497702789708 ], [ -1.200445580087172, 52.622534349354098 ], [ -1.200548566461606, 52.622499084506437 ], [ -1.200549872916408, 52.622427173182302 ], [ -1.200448193334174, 52.622390526705587 ], [ -1.200345207136814, 52.622425791465325 ], [ -1.200343900344614, 52.622497702789708 ] ] ] } },
{ "type": "Feature", "properties": { "max_height": 7.2600021362304688, "mean_height": 3.8025002479553223, "std_height": 1.4401241540908813, "count_pixels": 40, "percent_cover": 0.28752156411730884, "percent_above_0.1m": 100.0, "low_level_<0.5": 0.0, "mid_level_0.5-2": 7.5, "tall_2+": 92.5 }, "geometry": { "type": "Polygon", "coordinates": [ [ [ -1.20187692787543, 52.622615923354623 ], [ -1.201978605647005, 52.622652568396759 ], [ -1.202081587514111, 52.62261730203187 ], [ -1.202082891439895, 52.622545390713789 ], [ -1.20198121382189, 52.622508745758388 ], [ -1.201878232124531, 52.622544012034332 ], [ -1.20187692787543, 52.622615923354623 ] ] ] } },
{ "type": "Feature", "properties": { "max_height": 3.1124954223632812, "mean_height": 0.21378065645694733, "std_height": 0.64086836576461792, "count_pixels": 41, "percent_cover": 0.29470960322024153, "percent_above_0.1m": 17.073170731707318, "low_level_<0.5": 7.3170731707317067, "mid_level_0.5-2": 4.8780487804878048, "tall_2+": 4.8780487804878048 }, "geometry": { "type": "Polygon", "coordinates": [ [ [ -1.201672268252913, 52.622614544323575 ], [ -1.201773945854746, 52.622651189543717 ], [ -1.201876927875429, 52.622615923354623 ], [ -1.201878232124531, 52.622544012034332 ], [ -1.201776554676266, 52.622507366900933 ], [ -1.201673572825331, 52.622542633001075 ], [ -1.201672268252913, 52.622614544323575 ] ] ] } },
{ "type": "Feature", "properties": { "max_height": 0.00249481201171875, "mean_height": -6.0849073634017259e-05, "std_height": 0.00067279249196872115, "count_pixels": 41, "percent_cover": 0.29470960322024153, "percent_above_0.1m": 0.0, "low_level_<0.5": 0.0, "mid_level_0.5-2": 0.0, "tall_2+": 0.0 }, "geometry": { "type": "Polygon", "coordinates": [ [ [ -1.201467606779849, 52.622613164837368 ], [ -1.201569286078653, 52.622649810336874 ], [ -1.201672268252912, 52.622614544323575 ], [ -1.20167357282533, 52.622542633001075 ], [ -1.201571895546807, 52.622505987689685 ], [ -1.201468911724733, 52.622541253515642 ], [ -1.201467606779849, 52.622613164837368 ] ] ] } },
{ "type": "Feature", "properties": { "max_height": 0.00250244140625, "mean_height": -0.00036509442725218832, "std_height": 0.00141368736512959, "count_pixels": 41, "percent_cover": 0.29470960322024153, "percent_above_0.1m": 0.0, "low_level_<0.5": 0.0, "mid_level_0.5-2": 0.0, "tall_2+": 0.0 }, "geometry": { "type": "Polygon", "coordinates": [ [ [ -1.201262940081493, 52.622611784712745 ], [ -1.201364620869696, 52.622648430479884 ], [ -1.201467606779849, 52.622613164837368 ], [ -1.201468911724733, 52.622541253515642 ], [ -1.201367231096864, 52.622504607836184 ], [ -1.201264245363777, 52.622539873390764 ], [ -1.201262940081493, 52.622611784712745 ] ] ] } },
{ "type": "Feature", "properties": { "max_height": 0.00249481201171875, "mean_height": -5.9218633396085352e-05, "std_height": 0.00086086650844663382, "count_pixels": 42, "percent_cover": 0.30189764232317423, "percent_above_0.1m": 0.0, "low_level_<0.5": 0.0, "mid_level_0.5-2": 0.0, "tall_2+": 0.0 }, "geometry": { "type": "Polygon", "coordinates": [ [ [ -1.201058273399854, 52.622610404234401 ], [ -1.201159954010997, 52.622647050178529 ], [ -1.201262940081492, 52.622611784712745 ], [ -1.201264245363776, 52.622539873390764 ], [ -1.201162564912965, 52.622503227534317 ], [ -1.201059579019538, 52.622538492912177 ], [ -1.201058273399854, 52.622610404234401 ] ] ] } },
{ "type": "Feature", "properties": { "max_height": 7.62939453125e-06, "mean_height": -0.00011586034088395536, "std_height": 0.00052542379125952721, "count_pixels": 43, "percent_cover": 0.30908568142610693, "percent_above_0.1m": 0.0, "low_level_<0.5": 0.0, "mid_level_0.5-2": 0.0, "tall_2+": 0.0 }, "geometry": { "type": "Polygon", "coordinates": [ [ [ -1.200853606734938, 52.622609023402347 ], [ -1.200955287169018, 52.622645669523457 ], [ -1.201058273399853, 52.622610404234401 ], [ -1.201059579019538, 52.622538492912177 ], [ -1.200957898745787, 52.622501846878748 ], [ -1.200854912692022, 52.622537112079868 ], [ -1.200853606734938, 52.622609023402347 ] ] ] } },
{ "type": "Feature", "properties": { "max_height": 0.0, "mean_height": -0.0001162151966127567, "std_height": 0.00075316056609153748, "count_pixels": 43, "percent_cover": 0.30908568142610693, "percent_above_0.1m": 0.0, "low_level_<0.5": 0.0, "mid_level_0.5-2": 0.0, "tall_2+": 0.0 }, "geometry": { "type": "Polygon", "coordinates": [ [ [ -1.200648940086747, 52.622607642216565 ], [ -1.200750620343764, 52.622644288514664 ], [ -1.200853606734937, 52.622609023402347 ], [ -1.200854912692021, 52.622537112079868 ], [ -1.200753232595332, 52.62250046586945 ], [ -1.200650246381232, 52.622535730893837 ], [ -1.200648940086747, 52.622607642216565 ] ] ] } },
{ "type": "Feature", "properties": { "max_height": 0.00499725341796875, "mean_height": 0.00019229986355639994, "std_height": 0.0010407189838588238, "count_pixels": 39, "percent_cover": 0.28033352501437608, "percent_above_0.1m": 0.0, "low_level_<0.5": 0.0, "mid_level_0.5-2": 0.0, "tall_2+": 0.0 }, "geometry": { "type": "Polygon", "coordinates": [ [ [ -1.200444273455288, 52.622606260677074 ], [ -1.200545953535238, 52.622642907152162 ], [ -1.200648940086747, 52.622607642216565 ], [ -1.200650246381231, 52.622535730893837 ], [ -1.200548566461606, 52.622499084506437 ], [ -1.200445580087173, 52.622534349354098 ], [ -1.200444273455288, 52.622606260677074 ] ] ] } },
{ "type": "Feature", "properties": { "max_height": 8.0199966430664062, "mean_height": 2.1788368225097656, "std_height": 2.28501296043396, "count_pixels": 43, "percent_cover": 0.30908568142610693, "percent_above_0.1m": 67.441860465116278, "low_level_<0.5": 2.3255813953488373, "mid_level_0.5-2": 20.930232558139537, "tall_2+": 44.186046511627907 }, "geometry": { "type": "Polygon", "coordinates": [ [ [ -1.200239606840564, 52.622604878783868 ], [ -1.200341286743445, 52.622641525435938 ], [ -1.200444273455288, 52.622606260677074 ], [ -1.200445580087172, 52.622534349354098 ], [ -1.200343900344614, 52.622497702789708 ], [ -1.200240913809848, 52.622532967460636 ], [ -1.200239606840564, 52.622604878783868 ] ] ] } },
{ "type": "Feature", "properties": { "max_height": 4.9449996948242188, "mean_height": 1.0803488492965698, "std_height": 1.2152949571609497, "count_pixels": 43, "percent_cover": 0.30908568142610693, "percent_above_0.1m": 72.093023255813947, "low_level_<0.5": 13.953488372093023, "mid_level_0.5-2": 37.209302325581397, "tall_2+": 18.604651162790699 }, "geometry": { "type": "Polygon", "coordinates": [ [ [ -1.201977301551466, 52.622724479714705 ], [ -1.202078979646352, 52.622761124665558 ], [ -1.202181961683205, 52.622725858211751 ], [ -1.202183265455425, 52.622653946896015 ], [ -1.202081587514111, 52.62261730203187 ], [ -1.201978605647005, 52.622652568396759 ], [ -1.201977301551466, 52.622724479714705 ] ] ] } },
{ "type": "Feature", "properties": { "max_height": 8.1925048828125, "mean_height": 3.1680138111114502, "std_height": 2.3260014057159424, "count_pixels": 39, "percent_cover": 0.28033352501437608, "percent_above_0.1m": 92.307692307692307, "low_level_<0.5": 5.1282051282051277, "mid_level_0.5-2": 17.948717948717949, "tall_2+": 66.666666666666657 }, "geometry": { "type": "Polygon", "coordinates": [ [ [ -1.201772641435887, 52.622723100863865 ], [ -1.201874319361032, 52.622759745992724 ], [ -1.201977301551465, 52.622724479714705 ], [ -1.201978605647004, 52.622652568396759 ], [ -1.201876927875429, 52.622615923354623 ], [ -1.201773945854746, 52.622651189543717 ], [ -1.201772641435887, 52.622723100863865 ] ] ] } },
{ "type": "Feature", "properties": { "max_height": 0.0, "mean_height": -0.00034864558256231248, "std_height": 0.0011537879472598433, "count_pixels": 43, "percent_cover": 0.30908568142610693, "percent_above_0.1m": 0.0, "low_level_<0.5": 0.0, "mid_level_0.5-2": 0.0, "tall_2+": 0.0 }, "geometry": { "type": "Polygon", "coordinates": [ [ [ -1.201567981336475, 52.622721721659239 ], [ -1.201669659091876, 52.622758366966096 ], [ -1.201772641435886, 52.622723100863865 ], [ -1.201773945854745, 52.622651189543717 ], [ -1.201672268252912, 52.622614544323575 ], [ -1.201569286078653, 52.622649810336874 ], [ -1.201567981336475, 52.622721721659239 ] ] ] } },
{ "type": "Feature", "properties": { "max_height": 0.00250244140625, "mean_height": -0.00023207553022075444, "std_height": 0.0010537179186940193, "count_pixels": 43, "percent_cover": 0.30908568142610693, "percent_above_0.1m": 0.0, "low_level_<0.5": 0.0, "mid_level_0.5-2": 0.0, "tall_2+": 0.0 }, "geometry": { "type": "Polygon", "coordinates": [ [ [ -1.201363315747739, 52.622720341800459 ], [ -1.201464996873336, 52.622756987478276 ], [ -1.201567981336474, 52.622721721659239 ], [ -1.201569286078652, 52.622649810336874 ], [ -1.201467606779849, 52.622613164837368 ], [ -1.201364620869696, 52.622648430479884 ], [ -1.201363315747739, 52.622720341800459 ] ] ] } },
{ "type": "Feature", "properties": { "max_height": 7.62939453125e-06, "mean_height": -0.00041616530506871641, "std_height": 0.0010793885448947549, "count_pixels": 42, "percent_cover": 0.30189764232317423, "percent_above_0.1m": 0.0, "low_level_<0.5": 0.0, "mid_level_0.5-2": 0.0, "tall_2+": 0.0 }, "geometry": { "type": "Polygon", "coordinates": [ [ [ -1.201158648551637, 52.622718961499366 ], [ -1.201260329500174, 52.622755607354158 ], [ -1.201363315747738, 52.622720341800459 ], [ -1.201364620869695, 52.622648430479884 ], [ -1.201262940081492, 52.622611784712745 ], [ -1.201159954010997, 52.622647050178529 ], [ -1.201158648551637, 52.622718961499366 ] ] ] } },
{ "type": "Feature", "properties": { "max_height": 0.00250244140625, "mean_height": -0.00024321020464412868, "std_height": 0.0016376023413613439, "count_pixels": 41, "percent_cover": 0.29470960322024153, "percent_above_0.1m": 0.0, "low_level_<0.5": 0.0, "mid_level_0.5-2": 0.0, "tall_2+": 0.0 }, "geometry": { "type": "Polygon", "coordinates": [ [ [ -1.200953981372256, 52.62271758084453 ], [ -1.201055662143731, 52.622754226876324 ], [ -1.201158648551636, 52.622718961499366 ], [ -1.201159954010996, 52.622647050178529 ], [ -1.201058273399853, 52.622610404234401 ], [ -1.200955287169018, 52.622645669523457 ], [ -1.200953981372256, 52.62271758084453 ] ] ] } },
{ "type": "Feature", "properties": { "max_height": 0.00499725341796875, "mean_height": -6.103515625e-05, "std_height": 0.0014061296824365854, "count_pixels": 41, "percent_cover": 0.29470960322024153, "percent_above_0.1m": 0.0, "low_level_<0.5": 0.0, "mid_level_0.5-2": 0.0, "tall_2+": 0.0 }, "geometry": { "type": "Polygon", "coordinates": [ [ [ -1.2007493142096, 52.622716199835999 ], [ -1.20085099480401, 52.622752846044769 ], [ -1.200953981372255, 52.62271758084453 ], [ -1.200955287169017, 52.622645669523457 ], [ -1.200853606734937, 52.622609023402347 ], [ -1.200750620343764, 52.622644288514664 ], [ -1.2007493142096, 52.622716199835999 ] ] ] } },
{ "type": "Feature", "properties": { "max_height": 0.0050048828125, "mean_height": 0.00036602484760805964, "std_height": 0.0010425886139273643, "count_pixels": 41, "percent_cover": 0.29470960322024153, "percent_above_0.1m": 0.0, "low_level_<0.5": 0.0, "mid_level_0.5-2": 0.0, "tall_2+": 0.0 }, "geometry": { "type": "Polygon", "coordinates": [ [ [ -1.200544647063672, 52.622714818473746 ], [ -1.200646327481016, 52.622751464859505 ], [ -1.200749314209599, 52.622716199835999 ], [ -1.200750620343763, 52.622644288514664 ], [ -1.200648940086747, 52.622607642216565 ], [ -1.200545953535238, 52.622642907152162 ], [ -1.200544647063672, 52.622714818473746 ] ] ] } },
{ "type": "Feature", "properties": { "max_height": 5.2099990844726562, "mean_height": 1.2311246395111084, "std_height": 1.7002594470977783, "count_pixels": 40, "percent_cover": 0.28752156411730884, "percent_above_0.1m": 52.5, "low_level_<0.5": 7.5, "mid_level_0.5-2": 10.0, "tall_2+": 32.5 }, "geometry": { "type": "Polygon", "coordinates": [ [ [ -1.200339979934477, 52.622713436757778 ], [ -1.200441660174753, 52.622750083320497 ], [ -1.200544647063671, 52.622714818473746 ], [ -1.200545953535237, 52.622642907152162 ], [ -1.200444273455288, 52.622606260677074 ], [ -1.200341286743445, 52.622641525435938 ], [ -1.200339979934477, 52.622713436757778 ] ] ] } },
{ "type": "Feature", "properties": { "max_height": 5.125, "mean_height": 1.2215629816055298, "std_height": 1.4237930774688721, "count_pixels": 40, "percent_cover": 0.28752156411730884, "percent_above_0.1m": 77.5, "low_level_<0.5": 7.5, "mid_level_0.5-2": 45.0, "tall_2+": 20.0 }, "geometry": { "type": "Polygon", "coordinates": [ [ [ -1.201873015095736, 52.622831657310535 ], [ -1.201974693344195, 52.622868302348131 ], [ -1.202077675704377, 52.622833035981174 ], [ -1.202078979646352, 52.622761124665558 ], [ -1.201977301551466, 52.622724479714705 ], [ -1.201874319361033, 52.622759745992724 ], [ -1.201873015095736, 52.622831657310535 ] ] ] } },
{ "type": "Feature", "properties": { "max_height": 2.350006103515625, "mean_height": 0.31170728802680969, "std_height": 0.55554008483886719, "count_pixels": 41, "percent_cover": 0.29470960322024153, "percent_above_0.1m": 41.463414634146339, "low_level_<0.5": 19.512195121951219, "mid_level_0.5-2": 19.512195121951219, "tall_2+": 2.4390243902439024 }, "geometry": { "type": "Polygon", "coordinates": [ [ [ -1.201668354503259, 52.622830278286116 ], [ -1.201770032581973, 52.622866923501697 ], [ -1.201873015095736, 52.622831657310535 ], [ -1.201874319361032, 52.622759745992724 ], [ -1.201772641435887, 52.622723100863865 ], [ -1.201669659091877, 52.622758366966096 ], [ -1.201668354503259, 52.622830278286116 ] ] ] } },
{ "type": "Feature", "properties": { "max_height": 0.00250244140625, "mean_height": -0.00030424536089412868, "std_height": 0.0011318756733089685, "count_pixels": 41, "percent_cover": 0.29470960322024153, "percent_above_0.1m": 0.0, "low_level_<0.5": 0.0, "mid_level_0.5-2": 0.0, "tall_2+": 0.0 }, "geometry": { "type": "Polygon", "coordinates": [ [ [ -1.201463691911708, 52.622828898797444 ], [ -1.201565371835918, 52.622865544301476 ], [ -1.201668354503258, 52.622830278286116 ], [ -1.201669659091876, 52.622758366966096 ], [ -1.201567981336475, 52.622721721659239 ], [ -1.201464996873337, 52.622756987478276 ], [ -1.201463691911708, 52.622828898797444 ] ] ] } },
{ "type": "Feature", "properties": { "max_height": 0.00250244140625, "mean_height": -0.00091422477271407843, "std_height": 0.0028554042801260948, "count_pixels": 41, "percent_cover": 0.29470960322024153, "percent_above_0.1m": 0.0, "low_level_<0.5": 0.0, "mid_level_0.5-2": 0.0, "tall_2+": 0.0 }, "geometry": { "type": "Polygon", "coordinates": [ [ [ -1.201259024201142, 52.622827518673574 ], [ -1.201360705487076, 52.622864164439079 ], [ -1.201463691911707, 52.622828898797444 ], [ -1.201464996873336, 52.622756987478276 ], [ -1.201363315747739, 52.622720341800459 ], [ -1.201260329500175, 52.622755607354158 ], [ -1.201259024201142, 52.622827518673574 ] ] ] } },
{ "type": "Feature", "properties": { "max_height": 7.62939453125e-06, "mean_height": -5.9036981838289648e-05, "std_height": 0.0003816006937995553, "count_pixels": 42, "percent_cover": 0.30189764232317423, "percent_above_0.1m": 0.0, "low_level_<0.5": 0.0, "mid_level_0.5-2": 0.0, "tall_2+": 0.0 }, "geometry": { "type": "Polygon", "coordinates": [ [ [ -1.201054356507294, 52.622826138196011 ], [ -1.201156037616166, 52.622862784138484 ], [ -1.201259024201141, 52.622827518673574 ], [ -1.201260329500174, 52.622755607354158 ], [ -1.201158648551637, 52.622718961499366 ], [ -1.201055662143732, 52.622754226876324 ], [ -1.201054356507294, 52.622826138196011 ] ] ] } },
{ "type": "Feature", "properties": { "max_height": 0.00250244140625, "mean_height": -0.00023260782472789288, "std_height": 0.0010535985929891467, "count_pixels": 43, "percent_cover": 0.30908568142610693, "percent_above_0.1m": 0.0, "low_level_<0.5": 0.0, "mid_level_0.5-2": 0.0, "tall_2+": 0.0 }, "geometry": { "type": "Polygon", "coordinates": [ [ [ -1.200849688830169, 52.622824757364711 ], [ -1.200951369761976, 52.622861403484151 ], [ -1.201054356507294, 52.622826138196011 ], [ -1.201055662143731, 52.622754226876324 ], [ -1.200953981372256, 52.62271758084453 ], [ -1.200850994804011, 52.622752846044769 ], [ -1.200849688830169, 52.622824757364711 ] ] ] } },
{ "type": "Feature", "properties": { "max_height": 0.00250244140625, "mean_height": 5.8018882555188611e-05, "std_height": 0.00065775815164670348, "count_pixels": 43, "percent_cover": 0.30908568142610693, "percent_above_0.1m": 0.0, "low_level_<0.5": 0.0, "mid_level_0.5-2": 0.0, "tall_2+": 0.0 }, "geometry": { "type": "Polygon", "coordinates": [ [ [ -1.20064502116977, 52.622823376179682 ], [ -1.200746701924511, 52.622860022476125 ], [ -1.200849688830169, 52.622824757364711 ], [ -1.20085099480401, 52.622752846044769 ], [ -1.2007493142096, 52.622716199835999 ], [ -1.200646327481016, 52.622751464859505 ], [ -1.20064502116977, 52.622823376179682 ] ] ] } },
{ "type": "Feature", "properties": { "max_height": 0.00499725341796875, "mean_height": -0.00044817803427577019, "std_height": 0.003040938638150692, "count_pixels": 39, "percent_cover": 0.28033352501437608, "percent_above_0.1m": 0.0, "low_level_<0.5": 0.0, "mid_level_0.5-2": 0.0, "tall_2+": 0.0 }, "geometry": { "type": "Polygon", "coordinates": [ [ [ -1.200440353526103, 52.622821994640937 ], [ -1.200542034103775, 52.622858641114362 ], [ -1.20064502116977, 52.622823376179682 ], [ -1.200646327481016, 52.622751464859505 ], [ -1.200544647063672, 52.622714818473746 ], [ -1.200441660174754, 52.622750083320497 ], [ -1.200440353526103, 52.622821994640937 ] ] ] } },
{ "type": "Feature", "properties": { "max_height": 2.6375045776367188, "mean_height": 0.7409893274307251, "std_height": 0.97941595315933228, "count_pixels": 43, "percent_cover": 0.30908568142610693, "percent_above_0.1m": 48.837209302325576, "low_level_<0.5": 9.3023255813953494, "mid_level_0.5-2": 18.604651162790699, "tall_2+": 18.604651162790699 }, "geometry": { "type": "Polygon", "coordinates": [ [ [ -1.200235685899171, 52.62282061274847 ], [ -1.200337366299772, 52.622857259398884 ], [ -1.200440353526102, 52.622821994640937 ], [ -1.200441660174753, 52.622750083320497 ], [ -1.200339979934477, 52.622713436757778 ], [ -1.200236992885226, 52.622748701427788 ], [ -1.200235685899171, 52.62282061274847 ] ] ] } },
{ "type": "Feature", "properties": { "max_height": 3.1274948120117188, "mean_height": 1.139487624168396, "std_height": 0.97668308019638062, "count_pixels": 39, "percent_cover": 0.28033352501437608, "percent_above_0.1m": 89.743589743589752, "low_level_<0.5": 17.948717948717949, "mid_level_0.5-2": 43.589743589743591, "tall_2+": 23.076923076923077 }, "geometry": { "type": "Polygon", "coordinates": [ [ [ -1.201768728146917, 52.622938834819386 ], [ -1.201870406548947, 52.622975479943712 ], [ -1.201973389232461, 52.622940213663618 ], [ -1.201974693344194, 52.622868302348131 ], [ -1.201873015095736, 52.622831657310535 ], [ -1.201770032581973, 52.622866923501697 ], [ -1.201768728146917, 52.622938834819386 ] ] ] } },
{ "type": "Feature", "properties": { "max_height": 0.3975067138671875, "mean_height": 0.023779580369591713, "std_height": 0.084199301898479462, "count_pixels": 43, "percent_cover": 0.30908568142610693, "percent_above_0.1m": 6.9767441860465116, "low_level_<0.5": 6.9767441860465116, "mid_level_0.5-2": 0.0, "tall_2+": 0.0 }, "geometry": { "type": "Polygon", "coordinates": [ [ [ -1.201564067077539, 52.622937455621368 ], [ -1.201665745309823, 52.622974100923692 ], [ -1.201768728146916, 52.622938834819386 ], [ -1.201770032581972, 52.622866923501697 ], [ -1.201668354503258, 52.622830278286116 ], [ -1.201565371835918, 52.622865544301476 ], [ -1.201564067077539, 52.622937455621368 ] ] ] } },
{ "type": "Feature", "properties": { "max_height": 7.62939453125e-06, "mean_height": -0.00075548747554421425, "std_height": 0.001830970635637641, "count_pixels": 43, "percent_cover": 0.30908568142610693, "percent_above_0.1m": 0.0, "low_level_<0.5": 0.0, "mid_level_0.5-2": 0.0, "tall_2+": 0.0 }, "geometry": { "type": "Polygon", "coordinates": [ [ [ -1.201359400348371, 52.62293607575711 ], [ -1.201461081971704, 52.622972721433264 ], [ -1.201564067077538, 52.622937455621368 ], [ -1.201565371835917, 52.622865544301476 ], [ -1.201463691911707, 52.622828898797444 ], [ -1.201360705487076, 52.622864164439079 ], [ -1.201359400348371, 52.62293607575711 ] ] ] } },
{ "type": "Feature", "properties": { "max_height": 7.62939453125e-06, "mean_height": -0.00023778279137331992, "std_height": 0.00073413597419857979, "count_pixels": 42, "percent_cover": 0.30189764232317423, "percent_above_0.1m": 0.0, "low_level_<0.5": 0.0, "mid_level_0.5-2": 0.0, "tall_2+": 0.0 }, "geometry": { "type": "Polygon", "coordinates": [ [ [ -1.201154732140054, 52.622934695456763 ], [ -1.201256413586325, 52.622971341309906 ], [ -1.201359400348371, 52.62293607575711 ], [ -1.201360705487075, 52.622864164439079 ], [ -1.201259024201141, 52.622827518673574 ], [ -1.201156037616166, 52.622862784138484 ], [ -1.201154732140054, 52.622934695456763 ] ] ] } },
{ "type": "Feature", "properties": { "max_height": 0.00250244140625, "mean_height": -0.00012151206465205178, "std_height": 0.0012283659307286143, "count_pixels": 41, "percent_cover": 0.29470960322024153, "percent_above_0.1m": 0.0, "low_level_<0.5": 0.0, "mid_level_0.5-2": 0.0, "tall_2+": 0.0 }, "geometry": { "type": "Polygon", "coordinates": [ [ [ -1.200950063948458, 52.622933314802701 ], [ -1.201051745217664, 52.622969960832826 ], [ -1.201154732140054, 52.622934695456763 ], [ -1.201156037616165, 52.622862784138484 ], [ -1.201054356507294, 52.622826138196011 ], [ -1.200951369761976, 52.622861403484151 ], [ -1.200950063948458, 52.622933314802701 ] ] ] } },
{ "type": "Feature", "properties": { "max_height": 0.0050048828125, "mean_height": -0.00012169814726803452, "std_height": 0.0012287271674722433, "count_pixels": 41, "percent_cover": 0.29470960322024153, "percent_above_0.1m": 0.0, "low_level_<0.5": 0.0, "mid_level_0.5-2": 0.0, "tall_2+": 0.0 }, "geometry": { "type": "Polygon", "coordinates": [ [ [ -1.200745395773587, 52.622931933794909 ], [ -1.200847076865726, 52.622968580002038 ], [ -1.200950063948457, 52.622933314802701 ], [ -1.200951369761975, 52.622861403484151 ], [ -1.200849688830169, 52.622824757364711 ], [ -1.200746701924511, 52.622860022476125 ], [ -1.200745395773587, 52.622931933794909 ] ] ] } },
{ "type": "Feature", "properties": { "max_height": 0.00250244140625, "mean_height": 3.721655730259954e-07, "std_height": 0.0011041329707950354, "count_pixels": 41, "percent_cover": 0.29470960322024153, "percent_above_0.1m": 0.0, "low_level_<0.5": 0.0, "mid_level_0.5-2": 0.0, "tall_2+": 0.0 }, "geometry": { "type": "Polygon", "coordinates": [ [ [ -1.200540727615444, 52.622930552433409 ], [ -1.200642408530515, 52.622967198817506 ], [ -1.200745395773586, 52.622931933794909 ], [ -1.20074670192451, 52.622860022476125 ], [ -1.20064502116977, 52.622823376179682 ], [ -1.200542034103775, 52.622858641114362 ], [ -1.200540727615444, 52.622930552433409 ] ] ] } },
{ "type": "Feature", "properties": { "max_height": 0.00499725341796875, "mean_height": 0.00025043488130904734, "std_height": 0.0012239567004144192, "count_pixels": 40, "percent_cover": 0.28752156411730884, "percent_above_0.1m": 0.0, "low_level_<0.5": 0.0, "mid_level_0.5-2": 0.0, "tall_2+": 0.0 }, "geometry": { "type": "Polygon", "coordinates": [ [ [ -1.200336059474035, 52.62292917071818 ], [ -1.200437740212035, 52.622965817279272 ], [ -1.200540727615443, 52.622930552433409 ], [ -1.200542034103774, 52.622858641114362 ], [ -1.200440353526102, 52.622821994640937 ], [ -1.200337366299772, 52.622857259398884 ], [ -1.200336059474035, 52.62292917071818 ] ] ] } },
{ "type": "Feature", "properties": { "max_height": 4.1374969482421875, "mean_height": 1.0811872482299805, "std_height": 1.3845952749252319, "count_pixels": 40, "percent_cover": 0.28752156411730884, "percent_above_0.1m": 62.5, "low_level_<0.5": 15.0, "mid_level_0.5-2": 25.0, "tall_2+": 22.5 }, "geometry": { "type": "Polygon", "coordinates": [ [ [ -1.201869102267456, 52.62304739125905 ], [ -1.201970780992805, 52.623084036292099 ], [ -1.20207376384607, 52.623048769923052 ], [ -1.202075067804236, 52.622976858609917 ], [ -1.201973389232462, 52.622940213663618 ], [ -1.201870406548948, 52.622975479943712 ], [ -1.201869102267456, 52.62304739125905 ] ] ] } },
{ "type": "Feature", "properties": { "max_height": 2.975006103515625, "mean_height": 0.76402431726455688, "std_height": 0.92508018016815186, "count_pixels": 41, "percent_cover": 0.29470960322024153, "percent_above_0.1m": 63.414634146341463, "low_level_<0.5": 21.951219512195124, "mid_level_0.5-2": 24.390243902439025, "tall_2+": 17.073170731707318 }, "geometry": { "type": "Polygon", "coordinates": [ [ [ -1.201664440705007, 52.623046012241232 ], [ -1.201766119260608, 52.623082657452272 ], [ -1.201869102267455, 52.62304739125905 ], [ -1.201870406548947, 52.622975479943712 ], [ -1.201768728146917, 52.622938834819386 ], [ -1.201665745309824, 52.622974100923692 ], [ -1.201664440705007, 52.623046012241232 ] ] ] } },
{ "type": "Feature", "properties": { "max_height": 0.0050048828125, "mean_height": 0.0001220703125, "std_height": 0.0012286901473999023, "count_pixels": 41, "percent_cover": 0.29470960322024153, "percent_above_0.1m": 0.0, "low_level_<0.5": 0.0, "mid_level_0.5-2": 0.0, "tall_2+": 0.0 }, "geometry": { "type": "Polygon", "coordinates": [ [ [ -1.201459776993331, 52.623044632749888 ], [ -1.201561457544579, 52.623081278258674 ], [ -1.201664440705006, 52.623046012241232 ], [ -1.201665745309823, 52.622974100923692 ], [ -1.201564067077539, 52.622937455621368 ], [ -1.201461081971705, 52.622972721433264 ], [ -1.201459776993331, 52.623044632749888 ] ] ] } },
{ "type": "Feature", "properties": { "max_height": 0.0, "mean_height": -0.00067082844907417893, "std_height": 0.0020675095729529858, "count_pixels": 41, "percent_cover": 0.29470960322024153, "percent_above_0.1m": 0.0, "low_level_<0.5": 0.0, "mid_level_0.5-2": 0.0, "tall_2+": 0.0 }, "geometry": { "type": "Polygon", "coordinates": [ [ [ -1.201255108270543, 52.623043252626793 ], [ -1.201356790054215, 52.623079898390614 ], [ -1.20145977699333, 52.623044632749888 ], [ -1.201461081971704, 52.622972721433264 ], [ -1.201359400348371, 52.62293607575711 ], [ -1.201256413586326, 52.622971341309906 ], [ -1.201255108270543, 52.623043252626793 ] ] ] } },
{ "type": "Feature", "properties": { "max_height": 7.62939453125e-06, "mean_height": -0.00035658336128108203, "std_height": 0.0011674540583044291, "count_pixels": 42, "percent_cover": 0.30189764232317423, "percent_above_0.1m": 0.0, "low_level_<0.5": 0.0, "mid_level_0.5-2": 0.0, "tall_2+": 0.0 }, "geometry": { "type": "Polygon", "coordinates": [ [ [ -1.201050439564473, 52.623041872149976 ], [ -1.20115212117108, 52.623078518090786 ], [ -1.201255108270542, 52.623043252626793 ], [ -1.201256413586325, 52.622971341309906 ], [ -1.201154732140054, 52.622934695456763 ], [ -1.201051745217665, 52.622969960832826 ], [ -1.201050439564473, 52.623041872149976 ] ] ] } },
{ "type": "Feature", "properties": { "max_height": 7.62939453125e-06, "mean_height": -0.00040613219607621431, "std_height": 0.0016103456728160381, "count_pixels": 43, "percent_cover": 0.30908568142610693, "percent_above_0.1m": 0.0, "low_level_<0.5": 0.0, "mid_level_0.5-2": 0.0, "tall_2+": 0.0 }, "geometry": { "type": "Polygon", "coordinates": [ [ [ -1.200845770875126, 52.623040491319429 ], [ -1.200947452304666, 52.623077137437228 ], [ -1.201050439564472, 52.623041872149976 ], [ -1.201051745217664, 52.622969960832826 ], [ -1.200950063948458, 52.622933314802701 ], [ -1.200847076865727, 52.622968580002038 ], [ -1.200845770875126, 52.623040491319429 ] ] ] } },
{ "type": "Feature", "properties": { "max_height": 0.0050048828125, "mean_height": 0.00029151383205316961, "std_height": 0.0011071221670135856, "count_pixels": 43, "percent_cover": 0.30908568142610693, "percent_above_0.1m": 0.0, "low_level_<0.5": 0.0, "mid_level_0.5-2": 0.0, "tall_2+": 0.0 }, "geometry": { "type": "Polygon", "coordinates": [ [ [ -1.200641102202507, 52.623039110135153 ], [ -1.200742783454978, 52.623075756429948 ], [ -1.200845770875126, 52.623040491319429 ], [ -1.200847076865726, 52.622968580002038 ], [ -1.200745395773587, 52.622931933794909 ], [ -1.200642408530515, 52.622967198817506 ], [ -1.200641102202507, 52.623039110135153 ] ] ] } },
{ "type": "Feature", "properties": { "max_height": 0.01248931884765625, "mean_height": -0.00019210424215998501, "std_height": 0.002794020576402545, "count_pixels": 39, "percent_cover": 0.28033352501437608, "percent_above_0.1m": 0.0, "low_level_<0.5": 0.0, "mid_level_0.5-2": 0.0, "tall_2+": 0.0 }, "geometry": { "type": "Polygon", "coordinates": [ [ [ -1.200436433546618, 52.623037728597168 ], [ -1.200538114622018, 52.623074375068938 ], [ -1.200641102202506, 52.623039110135153 ], [ -1.200642408530515, 52.622967198817506 ], [ -1.200540727615444, 52.622930552433409 ], [ -1.200437740212036, 52.622965817279272 ], [ -1.200436433546618, 52.623037728597168 ] ] ] } },
{ "type": "Feature", "properties": { "max_height": 5.975006103515625, "mean_height": 0.70273339748382568, "std_height": 1.5903959274291992, "count_pixels": 43, "percent_cover": 0.30908568142610693, "percent_above_0.1m": 30.232558139534881, "low_level_<0.5": 4.6511627906976747, "mid_level_0.5-2": 16.279069767441861, "tall_2+": 9.3023255813953494 }, "geometry": { "type": "Polygon", "coordinates": [ [ [ -1.200231764907465, 52.623036346705447 ], [ -1.200333445805793, 52.623072993354207 ], [ -1.200436433546617, 52.623037728597168 ], [ -1.200437740212035, 52.622965817279272 ], [ -1.200336059474035, 52.62292917071818 ], [ -1.200233071910291, 52.622964435387303 ], [ -1.200231764907465, 52.623036346705447 ] ] ] } },
{ "type": "Feature", "properties": { "max_height": 4.7574996948242188, "mean_height": 0.91968005895614624, "std_height": 0.89565974473953247, "count_pixels": 39, "percent_cover": 0.28033352501437608, "percent_above_0.1m": 79.487179487179489, "low_level_<0.5": 20.512820512820511, "mid_level_0.5-2": 53.846153846153847, "tall_2+": 2.5641025641025639 }, "geometry": { "type": "Polygon", "coordinates": [ [ [ -1.201764814809355, 52.623154568767497 ], [ -1.201866493688276, 52.623191213887267 ], [ -1.201969476864878, 52.623155947605099 ], [ -1.201970780992804, 52.623084036292099 ], [ -1.201869102267455, 52.62304739125905 ], [ -1.201766119260608, 52.623082657452272 ], [ -1.201764814809355, 52.623154568767497 ] ] ] } },
{ "type": "Feature", "properties": { "max_height": 0.54999542236328125, "mean_height": 0.049709055572748184, "std_height": 0.13711495697498322, "count_pixels": 43, "percent_cover": 0.30908568142610693, "percent_above_0.1m": 11.627906976744185, "low_level_<0.5": 9.3023255813953494, "mid_level_0.5-2": 2.3255813953488373, "tall_2+": 0.0 }, "geometry": { "type": "Polygon", "coordinates": [ [ [ -1.201560152769998, 52.623153189576094 ], [ -1.201661831479172, 52.62318983487387 ], [ -1.201764814809354, 52.623154568767497 ], [ -1.201766119260608, 52.623082657452272 ], [ -1.201664440705006, 52.623046012241232 ], [ -1.201561457544579, 52.623081278258674 ], [ -1.201560152769998, 52.623153189576094 ] ] ] } },
{ "type": "Feature", "properties": { "max_height": 0.00249481201171875, "mean_height": -0.00040684189298190176, "std_height": 0.001196665340103209, "count_pixels": 43, "percent_cover": 0.30908568142610693, "percent_above_0.1m": 0.0, "low_level_<0.5": 0.0, "mid_level_0.5-2": 0.0, "tall_2+": 0.0 }, "geometry": { "type": "Polygon", "coordinates": [ [ [ -1.201355484898762, 52.623151809706108 ], [ -1.201457167019837, 52.623188455380614 ], [ -1.201560152769997, 52.623153189576094 ], [ -1.201561457544578, 52.623081278258674 ], [ -1.20145977699333, 52.623044632749888 ], [ -1.201356790054215, 52.623079898390614 ], [ -1.201355484898762, 52.623151809706108 ] ] ] } },
{ "type": "Feature", "properties": { "max_height": 7.62939453125e-06, "mean_height": -0.00071371172089129686, "std_height": 0.0020619977731257677, "count_pixels": 42, "percent_cover": 0.30189764232317423, "percent_above_0.1m": 0.0, "low_level_<0.5": 0.0, "mid_level_0.5-2": 0.0, "tall_2+": 0.0 }, "geometry": { "type": "Polygon", "coordinates": [ [ [ -1.201150815678217, 52.623150429406522 ], [ -1.201252497622227, 52.623187075258024 ], [ -1.201355484898762, 52.623151809706108 ], [ -1.201356790054214, 52.623079898390614 ], [ -1.201255108270542, 52.623043252626793 ], [ -1.20115212117108, 52.623078518090786 ], [ -1.201150815678217, 52.623150429406522 ] ] ] } },
{ "type": "Feature", "properties": { "max_height": 0.00250244140625, "mean_height": -0.00018254721362609416, "std_height": 0.0011577485129237175, "count_pixels": 41, "percent_cover": 0.29470960322024153, "percent_above_0.1m": 0.0, "low_level_<0.5": 0.0, "mid_level_0.5-2": 0.0, "tall_2+": 0.0 }, "geometry": { "type": "Polygon", "coordinates": [ [ [ -1.200946146474392, 52.623149048753213 ], [ -1.201047828241335, 52.623185694781696 ], [ -1.201150815678216, 52.623150429406522 ], [ -1.201152121171079, 52.623078518090786 ], [ -1.201050439564472, 52.623041872149976 ], [ -1.200947452304666, 52.623077137437228 ], [ -1.200946146474392, 52.623149048753213 ] ] ] } },
{ "type": "Feature", "properties": { "max_height": 0.00250244140625, "mean_height": -0.00012169814726803452, "std_height": 0.0010978273348882794, "count_pixels": 41, "percent_cover": 0.29470960322024153, "percent_above_0.1m": 0.0, "low_level_<0.5": 0.0, "mid_level_0.5-2": 0.0, "tall_2+": 0.0 }, "geometry": { "type": "Polygon", "coordinates": [ [ [ -1.200741477287293, 52.623147667746196 ], [ -1.200843158877167, 52.623184313951661 ], [ -1.200946146474392, 52.623149048753213 ], [ -1.200947452304666, 52.623077137437228 ], [ -1.200845770875126, 52.623040491319429 ], [ -1.200742783454978, 52.623075756429948 ], [ -1.200741477287293, 52.623147667746196 ] ] ] } },
{ "type": "Feature", "properties": { "max_height": 0.00250244140625, "mean_height": 0.0, "std_height": 0.00078163138823583722, "count_pixels": 41, "percent_cover": 0.29470960322024153, "percent_above_0.1m": 0.0, "low_level_<0.5": 0.0, "mid_level_0.5-2": 0.0, "tall_2+": 0.0 }, "geometry": { "type": "Polygon", "coordinates": [ [ [ -1.200536808116923, 52.623146286385442 ], [ -1.200638489529726, 52.623182932767882 ], [ -1.200741477287292, 52.623147667746196 ], [ -1.200742783454977, 52.623075756429948 ], [ -1.200641102202506, 52.623039110135153 ], [ -1.200538114622018, 52.623074375068938 ], [ -1.200536808116923, 52.623146286385442 ] ] ] } },
{ "type": "Feature", "properties": { "max_height": 0.00250244140625, "mean_height": -0.00068702700082212687, "std_height": 0.0023035262711346149, "count_pixels": 40, "percent_cover": 0.28752156411730884, "percent_above_0.1m": 0.0, "low_level_<0.5": 0.0, "mid_level_0.5-2": 0.0, "tall_2+": 0.0 }, "geometry": { "type": "Polygon", "coordinates": [ [ [ -1.200332138963286, 52.623144904670951 ], [ -1.200433820199016, 52.623181551230395 ], [ -1.200536808116922, 52.623146286385442 ], [ -1.200538114622017, 52.623074375068938 ], [ -1.200436433546617, 52.623037728597168 ], [ -1.200333445805793, 52.623072993354207 ], [ -1.200332138963286, 52.623144904670951 ] ] ] } },
{ "type": "Feature", "properties": { "max_height": 5.4574966430664062, "mean_height": 0.33195105195045471, "std_height": 0.97707200050354004, "count_pixels": 41, "percent_cover": 0.29470960322024153, "percent_above_0.1m": 24.390243902439025, "low_level_<0.5": 7.3170731707317067, "mid_level_0.5-2": 7.3170731707317067, "tall_2+": 4.8780487804878048 }, "geometry": { "type": "Polygon", "coordinates": [ [ [ -1.200127469826388, 52.623143522602746 ], [ -1.200229150885042, 52.623180169339179 ], [ -1.200332138963286, 52.623144904670951 ], [ -1.200333445805791, 52.623072993354207 ], [ -1.200231764907464, 52.623036346705447 ], [ -1.200128777006304, 52.623071611285752 ], [ -1.200127469826388, 52.623143522602746 ] ] ] } },
{ "type": "Feature", "properties": { "max_height": 4.9499969482421875, "mean_height": 1.4736577272415161, "std_height": 1.2038891315460205, "count_pixels": 41, "percent_cover": 0.29470960322024153, "percent_above_0.1m": 90.243902439024396, "low_level_<0.5": 7.3170731707317067, "mid_level_0.5-2": 56.09756097560976, "tall_2+": 24.390243902439025 }, "geometry": { "type": "Polygon", "coordinates": [ [ [ -1.201660526858155, 52.623261746188952 ], [ -1.201762205890651, 52.623298391395444 ], [ -1.201865189390589, 52.62326312520014 ], [ -1.201866493688276, 52.623191213887267 ], [ -1.201764814809355, 52.623154568767497 ], [ -1.201661831479172, 52.62318983487387 ], [ -1.201660526858155, 52.623261746188952 ] ] ] } },
{ "type": "Feature", "properties": { "max_height": 0.00250244140625, "mean_height": -0.00036583875771611929, "std_height": 0.0014151391806080937, "count_pixels": 41, "percent_cover": 0.29470960322024153, "percent_above_0.1m": 0.0, "low_level_<0.5": 0.0, "mid_level_0.5-2": 0.0, "tall_2+": 0.0 }, "geometry": { "type": "Polygon", "coordinates": [ [ [ -1.201455862024718, 52.623260366694694 ], [ -1.201557543204634, 52.623297012208447 ], [ -1.201660526858154, 52.623261746188952 ], [ -1.201661831479172, 52.62318983487387 ], [ -1.201560152769998, 52.623153189576094 ], [ -1.201457167019838, 52.623188455380614 ], [ -1.201455862024718, 52.623260366694694 ] ] ] } },
{ "type": "Feature", "properties": { "max_height": 0.01000213623046875, "mean_height": 0.00012281464296393096, "std_height": 0.0029716372955590487, "count_pixels": 41, "percent_cover": 0.29470960322024153, "percent_above_0.1m": 0.0, "low_level_<0.5": 0.0, "mid_level_0.5-2": 0.0, "tall_2+": 0.0 }, "geometry": { "type": "Polygon", "coordinates": [ [ [ -1.201251192289695, 52.623258986572353 ], [ -1.20135287457111, 52.623295632334532 ], [ -1.201455862024717, 52.623260366694694 ], [ -1.201457167019837, 52.623188455380614 ], [ -1.201355484898762, 52.623151809706108 ], [ -1.201252497622228, 52.623187075258024 ], [ -1.201251192289695, 52.623258986572353 ] ] ] } },
{ "type": "Feature", "properties": { "max_height": 7.62939453125e-06, "mean_height": -0.00029736472060903907, "std_height": 0.00081004365347325802, "count_pixels": 42, "percent_cover": 0.30189764232317423, "percent_above_0.1m": 0.0, "low_level_<0.5": 0.0, "mid_level_0.5-2": 0.0, "tall_2+": 0.0 }, "geometry": { "type": "Polygon", "coordinates": [ [ [ -1.201046522571391, 52.623257606096303 ], [ -1.201148204675738, 52.623294252035457 ], [ -1.201251192289694, 52.623258986572353 ], [ -1.201252497622227, 52.623187075258024 ], [ -1.201150815678217, 52.623150429406522 ], [ -1.201047828241336, 52.623185694781696 ], [ -1.201046522571391, 52.623257606096303 ] ] ] } },
{ "type": "Feature", "properties": { "max_height": 0.00499725341796875, "mean_height": -0.00017423408280592412, "std_height": 0.0012525754282251, "count_pixels": 43, "percent_cover": 0.30908568142610693, "percent_above_0.1m": 0.0, "low_level_<0.5": 0.0, "mid_level_0.5-2": 0.0, "tall_2+": 0.0 }, "geometry": { "type": "Polygon", "coordinates": [ [ [ -1.200841852869809, 52.623256225266502 ], [ -1.200943534797088, 52.623292871382652 ], [ -1.20104652257139, 52.623257606096303 ], [ -1.201047828241335, 52.623185694781696 ], [ -1.200946146474392, 52.623149048753213 ], [ -1.200843158877168, 52.623184313951661 ], [ -1.200841852869809, 52.623256225266502 ] ] ] } },
{ "type": "Feature", "properties": { "max_height": 0.0050048828125, "mean_height": 1.7742777913554164e-07, "std_height": 0.001206784974783659, "count_pixels": 43, "percent_cover": 0.30908568142610693, "percent_above_0.1m": 0.0, "low_level_<0.5": 0.0, "mid_level_0.5-2": 0.0, "tall_2+": 0.0 }, "geometry": { "type": "Polygon", "coordinates": [ [ [ -1.200637183184955, 52.623254844082986 ], [ -1.200738864935163, 52.623291490376118 ], [ -1.200841852869809, 52.623256225266502 ], [ -1.200843158877167, 52.623184313951661 ], [ -1.200741477287293, 52.623147667746196 ], [ -1.200638489529727, 52.623182932767882 ], [ -1.200637183184955, 52.623254844082986 ] ] ] } },
{ "type": "Feature", "properties": { "max_height": 0.00250244140625, "mean_height": -6.3773914007470012e-05, "std_height": 0.00069040968082845211, "count_pixels": 39, "percent_cover": 0.28033352501437608, "percent_above_0.1m": 0.0, "low_level_<0.5": 0.0, "mid_level_0.5-2": 0.0, "tall_2+": 0.0 }, "geometry": { "type": "Polygon", "coordinates": [ [ [ -1.200432513516833, 52.62325346254574 ], [ -1.200534195089968, 52.623290109015862 ], [ -1.200637183184954, 52.623254844082986 ], [ -1.200638489529726, 52.623182932767882 ], [ -1.200536808116923, 52.623146286385442 ], [ -1.200433820199017, 52.623181551230395 ], [ -1.200432513516833, 52.62325346254574 ] ] ] } },
{ "type": "Feature", "properties": { "max_height": 0.1150054931640625, "mean_height": 0.0044779223389923573, "std_height": 0.021604530513286591, "count_pixels": 43, "percent_cover": 0.30908568142610693, "percent_above_0.1m": 2.3255813953488373, "low_level_<0.5": 0.0, "mid_level_0.5-2": 0.0, "tall_2+": 0.0 }, "geometry": { "type": "Polygon", "coordinates": [ [ [ -1.200227843865447, 52.623252080654773 ], [ -1.200329525261505, 52.623288727301883 ], [ -1.200432513516832, 52.62325346254574 ], [ -1.200433820199016, 52.623181551230395 ], [ -1.200332138963286, 52.623144904670951 ], [ -1.200229150885043, 52.623180169339179 ], [ -1.200227843865447, 52.623252080654773 ] ] ] } },
{ "type": "Feature", "properties": { "max_height": 4.93499755859375, "mean_height": 0.68153911828994751, "std_height": 1.1081279516220093, "count_pixels": 39, "percent_cover": 0.28033352501437608, "percent_above_0.1m": 43.589743589743591, "low_level_<0.5": 7.6923076923076925, "mid_level_0.5-2": 28.205128205128204, "tall_2+": 7.6923076923076925 }, "geometry": { "type": "Polygon", "coordinates": [ [ [ -1.201760901423199, 52.623370302708182 ], [ -1.201862580779019, 52.623406947823412 ], [ -1.201965564448713, 52.623371681539162 ], [ -1.201966868592833, 52.623299770228627 ], [ -1.201865189390589, 52.62326312520014 ], [ -1.201762205890651, 52.623298391395444 ], [ -1.201760901423199, 52.623370302708182 ] ] ] } },
{ "type": "Feature", "properties": { "max_height": 3.2074966430664062, "mean_height": 0.93959331512451172, "std_height": 0.98259872198104858, "count_pixels": 43, "percent_cover": 0.30908568142610693, "percent_above_0.1m": 67.441860465116278, "low_level_<0.5": 13.953488372093023, "mid_level_0.5-2": 34.883720930232556, "tall_2+": 16.279069767441861 }, "geometry": { "type": "Polygon", "coordinates": [ [ [ -1.201556238413851, 52.623368923523387 ], [ -1.20165791759992, 52.623405568816629 ], [ -1.201760901423199, 52.623370302708182 ], [ -1.20176220589065, 52.623298391395444 ], [ -1.201660526858154, 52.623261746188952 ], [ -1.201557543204634, 52.623297012208447 ], [ -1.201556238413851, 52.623368923523387 ] ] ] } },
{ "type": "Feature", "properties": { "max_height": 0.00749969482421875, "mean_height": 5.3228336582833435e-07, "std_height": 0.0018683562520891428, "count_pixels": 43, "percent_cover": 0.30908568142610693, "percent_above_0.1m": 0.0, "low_level_<0.5": 0.0, "mid_level_0.5-2": 0.0, "tall_2+": 0.0 }, "geometry": { "type": "Polygon", "coordinates": [ [ [ -1.20135156939891, 52.623367543647454 ], [ -1.201453252017732, 52.623404189320318 ], [ -1.201556238413851, 52.623368923523387 ], [ -1.201557543204633, 52.623297012208447 ], [ -1.201455862024717, 52.623260366694694 ], [ -1.20135287457111, 52.623295632334532 ], [ -1.20135156939891, 52.623367543647454 ] ] ] } },
{ "type": "Feature", "properties": { "max_height": 0.00250244140625, "mean_height": -0.00077365693869069219, "std_height": 0.0026437125634402037, "count_pixels": 42, "percent_cover": 0.30189764232317423, "percent_above_0.1m": 0.0, "low_level_<0.5": 0.0, "mid_level_0.5-2": 0.0, "tall_2+": 0.0 }, "geometry": { "type": "Polygon", "coordinates": [ [ [ -1.201146899166123, 52.623366163348635 ], [ -1.201248581607879, 52.623402809198488 ], [ -1.201351569398909, 52.623367543647454 ], [ -1.201352874571109, 52.623295632334532 ], [ -1.201251192289694, 52.623258986572353 ], [ -1.201148204675738, 52.623294252035457 ], [ -1.201146899166123, 52.623366163348635 ] ] ] } },
{ "type": "Feature", "properties": { "max_height": 0.00249481201171875, "mean_height": -0.00085337570635601878, "std_height": 0.0016194628551602364, "count_pixels": 41, "percent_cover": 0.29470960322024153, "percent_above_0.1m": 0.0, "low_level_<0.5": 0.0, "mid_level_0.5-2": 0.0, "tall_2+": 0.0 }, "geometry": { "type": "Polygon", "coordinates": [ [ [ -1.200942228950058, 52.623364782696086 ], [ -1.201043911214744, 52.623401428722921 ], [ -1.201146899166122, 52.623366163348635 ], [ -1.201148204675738, 52.623294252035457 ], [ -1.20104652257139, 52.623257606096303 ], [ -1.200943534797088, 52.623292871382652 ], [ -1.200942228950058, 52.623364782696086 ] ] ] } },
{ "type": "Feature", "properties": { "max_height": 0.00250244140625, "mean_height": 0.00012244247773196548, "std_height": 0.0010964738903567195, "count_pixels": 41, "percent_cover": 0.29470960322024153, "percent_above_0.1m": 0.0, "low_level_<0.5": 0.0, "mid_level_0.5-2": 0.0, "tall_2+": 0.0 }, "geometry": { "type": "Polygon", "coordinates": [ [ [ -1.200737558750718, 52.623363401689808 ], [ -1.200839240838333, 52.623400047893647 ], [ -1.200942228950057, 52.623364782696086 ], [ -1.200943534797087, 52.623292871382652 ], [ -1.200841852869809, 52.623256225266502 ], [ -1.200738864935163, 52.623291490376118 ], [ -1.200737558750718, 52.623363401689808 ] ] ] } },
{ "type": "Feature", "properties": { "max_height": 0.00749969482421875, "mean_height": 0.00018329155864194036, "std_height": 0.0017797098262235522, "count_pixels": 41, "percent_cover": 0.29470960322024153, "percent_above_0.1m": 0.0, "low_level_<0.5": 0.0, "mid_level_0.5-2": 0.0, "tall_2+": 0.0 }, "geometry": { "type": "Polygon", "coordinates": [ [ [ -1.200532888568107, 52.623362020329807 ], [ -1.200634570478649, 52.623398666710621 ], [ -1.200737558750717, 52.623363401689808 ], [ -1.200738864935162, 52.623291490376118 ], [ -1.200637183184954, 52.623254844082986 ], [ -1.200534195089968, 52.623290109015862 ], [ -1.200532888568107, 52.623362020329807 ] ] ] } },
{ "type": "Feature", "properties": { "max_height": 0.00250244140625, "mean_height": -0.00074977875920012593, "std_height": 0.0022493372671306133, "count_pixels": 40, "percent_cover": 0.28752156411730884, "percent_above_0.1m": 0.0, "low_level_<0.5": 0.0, "mid_level_0.5-2": 0.0, "tall_2+": 0.0 }, "geometry": { "type": "Polygon", "coordinates": [ [ [ -1.200328218402231, 52.623360638616077 ], [ -1.200429900135697, 52.62339728517388 ], [ -1.200532888568106, 52.623362020329807 ], [ -1.200534195089967, 52.623290109015862 ], [ -1.200432513516832, 52.62325346254574 ], [ -1.200329525261505, 52.623288727301883 ], [ -1.200328218402231, 52.623360638616077 ] ] ] } },
{ "type": "Feature", "properties": { "max_height": 7.5424957275390625, "mean_height": 0.76963412761688232, "std_height": 1.854773998260498, "count_pixels": 41, "percent_cover": 0.29470960322024153, "percent_above_0.1m": 31.707317073170731, "low_level_<0.5": 14.634146341463413, "mid_level_0.5-2": 4.8780487804878048, "tall_2+": 12.195121951219512 }, "geometry": { "type": "Polygon", "coordinates": [ [ [ -1.200123548253092, 52.623359256548625 ], [ -1.200225229809481, 52.623395903283409 ], [ -1.20032821840223, 52.623360638616077 ], [ -1.200329525261504, 52.623288727301883 ], [ -1.200227843865445, 52.623252080654773 ], [ -1.200124855449782, 52.623287345234168 ], [ -1.200123548253092, 52.623359256548625 ] ] ] } },
{ "type": "Feature", "properties": { "max_height": 5.1425018310546875, "mean_height": 0.96231770515441895, "std_height": 1.0681565999984741, "count_pixels": 41, "percent_cover": 0.29470960322024153, "percent_above_0.1m": 73.170731707317074, "low_level_<0.5": 14.634146341463413, "mid_level_0.5-2": 34.146341463414636, "tall_2+": 21.951219512195124 }, "geometry": { "type": "Polygon", "coordinates": [ [ [ -1.201656612962704, 52.623477480129232 ], [ -1.201758292472099, 52.623514125331191 ], [ -1.201861276465135, 52.623478859133812 ], [ -1.201862580779019, 52.623406947823412 ], [ -1.201760901423199, 52.623370302708182 ], [ -1.201657917599921, 52.623405568816629 ], [ -1.201656612962704, 52.623477480129232 ] ] ] } },
{ "type": "Feature", "properties": { "max_height": 1.7224960327148438, "mean_height": 0.18286579847335815, "std_height": 0.42290082573890686, "count_pixels": 41, "percent_cover": 0.29470960322024153, "percent_above_0.1m": 24.390243902439025, "low_level_<0.5": 4.8780487804878048, "mid_level_0.5-2": 14.634146341463413, "tall_2+": 0.0 }, "geometry": { "type": "Polygon", "coordinates": [ [ [ -1.201451947005868, 52.623476100631862 ], [ -1.201553628816083, 52.623512746150809 ], [ -1.201656612962703, 52.623477480129232 ], [ -1.20165791759992, 52.623405568816629 ], [ -1.201556238413851, 52.623368923523387 ], [ -1.201453252017733, 52.623404189320318 ], [ -1.201451947005868, 52.623476100631862 ] ] ] } },
{ "type": "Feature", "properties": { "max_height": 0.0050048828125, "mean_height": -0.0010969580616801977, "std_height": 0.0042068869806826115, "count_pixels": 41, "percent_cover": 0.29470960322024153, "percent_above_0.1m": 0.0, "low_level_<0.5": 0.0, "mid_level_0.5-2": 0.0, "tall_2+": 0.0 }, "geometry": { "type": "Polygon", "coordinates": [ [ [ -1.201247276258597, 52.623474720510281 ], [ -1.201348959037762, 52.623511366270797 ], [ -1.201451947005867, 52.623476100631862 ], [ -1.201453252017732, 52.623404189320318 ], [ -1.20135156939891, 52.623367543647454 ], [ -1.20124858160788, 52.623402809198488 ], [ -1.201247276258597, 52.623474720510281 ] ] ] } },
{ "type": "Feature", "properties": { "max_height": 0.00250244140625, "mean_height": -0.00029700141749344766, "std_height": 0.0014635359402745962, "count_pixels": 42, "percent_cover": 0.30189764232317423, "percent_above_0.1m": 0.0, "low_level_<0.5": 0.0, "mid_level_0.5-2": 0.0, "tall_2+": 0.0 }, "geometry": { "type": "Polygon", "coordinates": [ [ [ -1.201042605528045, 52.62347334003497 ], [ -1.20114428813014, 52.623509985972468 ], [ -1.201247276258596, 52.623474720510281 ], [ -1.201248581607879, 52.623402809198488 ], [ -1.201146899166123, 52.623366163348635 ], [ -1.201043911214745, 52.623401428722921 ], [ -1.201042605528045, 52.62347334003497 ] ] ] } },
{ "type": "Feature", "properties": { "max_height": 0.01000213623046875, "mean_height": -0.00017441151430830359, "std_height": 0.0024938667193055153, "count_pixels": 43, "percent_cover": 0.30908568142610693, "percent_above_0.1m": 0.0, "low_level_<0.5": 0.0, "mid_level_0.5-2": 0.0, "tall_2+": 0.0 }, "geometry": { "type": "Polygon", "coordinates": [ [ [ -1.200837934814216, 52.623471959205929 ], [ -1.200939617239241, 52.623508605320431 ], [ -1.201042605528044, 52.62347334003497 ], [ -1.201043911214744, 52.623401428722921 ], [ -1.200942228950058, 52.623364782696086 ], [ -1.200839240838333, 52.623400047893647 ], [ -1.200837934814216, 52.623471959205929 ] ] ] } },
{ "type": "Feature", "properties": { "max_height": 0.092498779296875, "mean_height": 0.0019190588500350714, "std_height": 0.013995543122291565, "count_pixels": 43, "percent_cover": 0.30908568142610693, "percent_above_0.1m": 0.0, "low_level_<0.5": 0.0, "mid_level_0.5-2": 0.0, "tall_2+": 0.0 }, "geometry": { "type": "Polygon", "coordinates": [ [ [ -1.200633264117115, 52.623470578023174 ], [ -1.200734946365066, 52.623507224314658 ], [ -1.200837934814215, 52.623471959205929 ], [ -1.200839240838333, 52.623400047893647 ], [ -1.200737558750718, 52.623363401689808 ], [ -1.200634570478649, 52.623398666710621 ], [ -1.200633264117115, 52.623470578023174 ] ] ] } },
{ "type": "Feature", "properties": { "max_height": 3.5525054931640625, "mean_height": 0.2937825620174408, "std_height": 0.88503533601760864, "count_pixels": 39, "percent_cover": 0.28033352501437608, "percent_above_0.1m": 12.820512820512819, "low_level_<0.5": 0.0, "mid_level_0.5-2": 2.5641025641025639, "tall_2+": 7.6923076923076925 }, "geometry": { "type": "Polygon", "coordinates": [ [ [ -1.200428593436746, 52.623469196486674 ], [ -1.200530275507621, 52.623505842955154 ], [ -1.200633264117114, 52.623470578023174 ], [ -1.200634570478649, 52.623398666710621 ], [ -1.200532888568107, 52.623362020329807 ], [ -1.200429900135698, 52.62339728517388 ], [ -1.200428593436746, 52.623469196486674 ] ] ] } },
{ "type": "Feature", "properties": { "max_height": 8.5024948120117188, "mean_height": 2.1804068088531494, "std_height": 2.7631072998046875, "count_pixels": 43, "percent_cover": 0.30908568142610693, "percent_above_0.1m": 51.162790697674424, "low_level_<0.5": 4.6511627906976747, "mid_level_0.5-2": 6.9767441860465116, "tall_2+": 39.534883720930232 }, "geometry": { "type": "Polygon", "coordinates": [ [ [ -1.200223922773113, 52.623467814596452 ], [ -1.200325604666911, 52.623504461241922 ], [ -1.200428593436746, 52.623469196486674 ], [ -1.200429900135697, 52.62339728517388 ], [ -1.200328218402231, 52.623360638616077 ], [ -1.200225229809482, 52.623395903283409 ], [ -1.200223922773113, 52.623467814596452 ] ] ] } },
{ "type": "Feature", "properties": { "max_height": 11.217498779296875, "mean_height": 3.245290994644165, "std_height": 3.1872212886810303, "count_pixels": 43, "percent_cover": 0.30908568142610693, "percent_above_0.1m": 79.069767441860463, "low_level_<0.5": 0.0, "mid_level_0.5-2": 25.581395348837212, "tall_2+": 53.488372093023251 }, "geometry": { "type": "Polygon", "coordinates": [ [ [ -1.200019252126221, 52.623466432352508 ], [ -1.200120933842939, 52.623503079174952 ], [ -1.200223922773112, 52.623467814596452 ], [ -1.200225229809481, 52.623395903283409 ], [ -1.200123548253092, 52.623359256548625 ], [ -1.200020559500006, 52.623394521039209 ], [ -1.200019252126221, 52.623466432352508 ] ] ] } },
{ "type": "Feature", "properties": { "max_height": 5.8300018310546875, "mean_height": 2.4601166248321533, "std_height": 1.5077266693115234, "count_pixels": 43, "percent_cover": 0.30908568142610693, "percent_above_0.1m": 97.674418604651152, "low_level_<0.5": 4.6511627906976747, "mid_level_0.5-2": 39.534883720930232, "tall_2+": 53.488372093023251 }, "geometry": { "type": "Polygon", "coordinates": [ [ [ -1.201552324009098, 52.623584657463283 ], [ -1.201654003672068, 52.623621302751978 ], [ -1.201756987988449, 52.623586036641449 ], [ -1.201758292472098, 52.623514125331191 ], [ -1.201656612962703, 52.623477480129232 ], [ -1.201553628816083, 52.623512746150809 ], [ -1.201552324009098, 52.623584657463283 ] ] ] } },
{ "type": "Feature", "properties": { "max_height": 1.2700042724609375, "mean_height": 0.13488379120826721, "std_height": 0.2896142303943634, "count_pixels": 43, "percent_cover": 0.30908568142610693, "percent_above_0.1m": 20.930232558139537, "low_level_<0.5": 6.9767441860465116, "mid_level_0.5-2": 13.953488372093023, "tall_2+": 0.0 }, "geometry": { "type": "Polygon", "coordinates": [ [ [ -1.201347653848813, 52.62358327758119 ], [ -1.20144933696539, 52.623619923252392 ], [ -1.201552324009097, 52.623584657463283 ], [ -1.201553628816082, 52.623512746150809 ], [ -1.201451947005867, 52.623476100631862 ], [ -1.201348959037762, 52.623511366270797 ], [ -1.201347653848813, 52.62358327758119 ] ] ] } },
{ "type": "Feature", "properties": { "max_height": 1.7649993896484375, "mean_height": 0.2094050794839859, "std_height": 0.41628032922744751, "count_pixels": 42, "percent_cover": 0.30189764232317423, "percent_above_0.1m": 28.571428571428569, "low_level_<0.5": 9.5238095238095237, "mid_level_0.5-2": 16.666666666666664, "tall_2+": 0.0 }, "geometry": { "type": "Polygon", "coordinates": [ [ [ -1.201142982603773, 52.623581897283117 ], [ -1.20124466554328, 52.623618543131307 ], [ -1.201347653848813, 52.623583277581183 ], [ -1.201348959037761, 52.623511366270797 ], [ -1.201247276258596, 52.623474720510281 ], [ -1.20114428813014, 52.623509985972468 ], [ -1.201142982603773, 52.623581897283117 ] ] ] } },
{ "type": "Feature", "properties": { "max_height": 6.7025070190429688, "mean_height": 1.5872576236724854, "std_height": 2.2109115123748779, "count_pixels": 41, "percent_cover": 0.29470960322024153, "percent_above_0.1m": 48.780487804878049, "low_level_<0.5": 4.8780487804878048, "mid_level_0.5-2": 12.195121951219512, "tall_2+": 31.707317073170731 }, "geometry": { "type": "Polygon", "coordinates": [ [ [ -1.200938311375453, 52.623580516631328 ], [ -1.201039994137889, 52.623617162656515 ], [ -1.201142982603772, 52.623581897283117 ], [ -1.20114428813014, 52.623509985972468 ], [ -1.201042605528044, 52.62347334003497 ], [ -1.200939617239241, 52.623508605320431 ], [ -1.200938311375453, 52.623580516631328 ] ] ] } },
{ "type": "Feature", "properties": { "max_height": 7.5099945068359375, "mean_height": 3.4595129489898682, "std_height": 2.5928964614868164, "count_pixels": 41, "percent_cover": 0.29470960322024153, "percent_above_0.1m": 75.609756097560975, "low_level_<0.5": 2.4390243902439024, "mid_level_0.5-2": 7.3170731707317067, "tall_2+": 65.853658536585371 }, "geometry": { "type": "Polygon", "coordinates": [ [ [ -1.20073364016386, 52.623579135625796 ], [ -1.200835322749222, 52.623615781827979 ], [ -1.200938311375452, 52.623580516631328 ], [ -1.20093961723924, 52.623508605320431 ], [ -1.200837934814215, 52.623471959205929 ], [ -1.200734946365066, 52.623507224314658 ], [ -1.20073364016386, 52.623579135625796 ] ] ] } },
{ "type": "Feature", "properties": { "max_height": 6.9325027465820312, "mean_height": 2.4202442169189453, "std_height": 2.4431147575378418, "count_pixels": 41, "percent_cover": 0.29470960322024153, "percent_above_0.1m": 73.170731707317074, "low_level_<0.5": 4.8780487804878048, "mid_level_0.5-2": 19.512195121951219, "tall_2+": 46.341463414634148 }, "geometry": { "type": "Polygon", "coordinates": [ [ [ -1.200528968968996, 52.623577754266549 ], [ -1.200630651377283, 52.623614400645714 ], [ -1.200733640163859, 52.623579135625796 ], [ -1.200734946365065, 52.623507224314658 ], [ -1.200633264117114, 52.623470578023174 ], [ -1.200530275507621, 52.623505842955154 ], [ -1.200528968968996, 52.623577754266549 ] ] ] } },
{ "type": "Feature", "properties": { "max_height": 7.9225006103515625, "mean_height": 4.0885629653930664, "std_height": 2.7482140064239502, "count_pixels": 40, "percent_cover": 0.28752156411730884, "percent_above_0.1m": 82.5, "low_level_<0.5": 7.5, "mid_level_0.5-2": 2.5, "tall_2+": 72.5 }, "geometry": { "type": "Polygon", "coordinates": [ [ [ -1.200324297790866, 52.623576372553565 ], [ -1.200425980022075, 52.623613019109719 ], [ -1.200528968968995, 52.623577754266549 ], [ -1.200530275507621, 52.623505842955154 ], [ -1.200428593436746, 52.623469196486674 ], [ -1.200325604666911, 52.623504461241922 ], [ -1.200324297790866, 52.623576372553565 ] ] ] } },
{ "type": "Feature", "properties": { "max_height": 11.027503967285156, "mean_height": 3.723841667175293, "std_height": 3.7388417720794678, "count_pixels": 41, "percent_cover": 0.29470960322024153, "percent_above_0.1m": 65.853658536585371, "low_level_<0.5": 4.8780487804878048, "mid_level_0.5-2": 4.8780487804878048, "tall_2+": 56.09756097560976 }, "geometry": { "type": "Polygon", "coordinates": [ [ [ -1.200119626629475, 52.623574990486865 ], [ -1.200221308683604, 52.623611637220002 ], [ -1.200324297790866, 52.623576372553565 ], [ -1.20032560466691, 52.623504461241922 ], [ -1.200223922773112, 52.623467814596452 ], [ -1.200120933842939, 52.623503079174952 ], [ -1.200119626629475, 52.623574990486865 ] ] ] } },
{ "type": "Feature", "properties": { "max_height": 4.0174942016601562, "mean_height": 0.47762280702590942, "std_height": 0.95167773962020874, "count_pixels": 41, "percent_cover": 0.29470960322024153, "percent_above_0.1m": 36.585365853658537, "low_level_<0.5": 7.3170731707317067, "mid_level_0.5-2": 14.634146341463413, "tall_2+": 9.7560975609756095 }, "geometry": { "type": "Polygon", "coordinates": [ [ [ -1.201652699018652, 52.623693214062108 ], [ -1.201754379004952, 52.623729859259512 ], [ -1.201857363491093, 52.623694593060073 ], [ -1.201858667821173, 52.623622681752138 ], [ -1.20175698798845, 52.623586036641449 ], [ -1.20165400367207, 52.623621302751978 ], [ -1.201652699018652, 52.623693214062108 ] ] ] } },
{ "type": "Feature", "properties": { "max_height": 4.4474945068359375, "mean_height": 1.2047556638717651, "std_height": 0.99198496341705322, "count_pixels": 41, "percent_cover": 0.29470960322024153, "percent_above_0.1m": 85.365853658536579, "low_level_<0.5": 14.634146341463413, "mid_level_0.5-2": 56.09756097560976, "tall_2+": 14.634146341463413 }, "geometry": { "type": "Polygon", "coordinates": [ [ [ -1.201448031936779, 52.623691834561384 ], [ -1.201549714378925, 52.623728480085752 ], [ -1.201652699018651, 52.623693214062108 ], [ -1.201654003672068, 52.623621302751978 ], [ -1.201552324009098, 52.623584657463283 ], [ -1.201449336965391, 52.623619923252392 ], [ -1.201448031936779, 52.623691834561384 ] ] ] } },
{ "type": "Feature", "properties": { "max_height": 1.3799972534179688, "mean_height": 0.11597573012113571, "std_height": 0.28545424342155457, "count_pixels": 41, "percent_cover": 0.29470960322024153, "percent_above_0.1m": 19.512195121951219, "low_level_<0.5": 7.3170731707317067, "mid_level_0.5-2": 9.7560975609756095, "tall_2+": 0.0 }, "geometry": { "type": "Polygon", "coordinates": [ [ [ -1.201243360177248, 52.623690454440563 ], [ -1.201345043454169, 52.623727100199424 ], [ -1.201448031936779, 52.623691834561384 ], [ -1.20144933696539, 52.623619923252392 ], [ -1.201347653848813, 52.62358327758119 ], [ -1.201244665543281, 52.623618543131307 ], [ -1.201243360177248, 52.623690454440563 ] ] ] } },
{ "type": "Feature", "properties": { "max_height": 5.3625030517578125, "mean_height": 0.63690531253814697, "std_height": 1.4614553451538086, "count_pixels": 42, "percent_cover": 0.30189764232317423, "percent_above_0.1m": 26.190476190476193, "low_level_<0.5": 7.1428571428571423, "mid_level_0.5-2": 2.3809523809523809, "tall_2+": 14.285714285714285 }, "geometry": { "type": "Polygon", "coordinates": [ [ [ -1.201038688434435, 52.623689073966013 ], [ -1.201140371534285, 52.623725719901863 ], [ -1.201243360177247, 52.623690454440563 ], [ -1.20124466554328, 52.623618543131307 ], [ -1.201142982603773, 52.623581897283117 ], [ -1.20103999413789, 52.623617162656515 ], [ -1.201038688434435, 52.623689073966013 ] ] ] } },
{ "type": "Feature", "properties": { "max_height": 6.7574996948242188, "mean_height": 1.1772094964981079, "std_height": 2.152379035949707, "count_pixels": 43, "percent_cover": 0.30908568142610693, "percent_above_0.1m": 34.883720930232556, "low_level_<0.5": 2.3255813953488373, "mid_level_0.5-2": 6.9767441860465116, "tall_2+": 23.255813953488371 }, "geometry": { "type": "Polygon", "coordinates": [ [ [ -1.200834016708347, 52.623687693137732 ], [ -1.200935699631122, 52.623724339250579 ], [ -1.201038688434434, 52.623689073966013 ], [ -1.201039994137889, 52.623617162656515 ], [ -1.200938311375453, 52.623580516631328 ], [ -1.200835322749223, 52.623615781827979 ], [ -1.200834016708347, 52.623687693137732 ] ] ] } },
{ "type": "Feature", "properties": { "max_height": 4.4250030517578125, "mean_height": 0.23174409568309784, "std_height": 0.87602066993713379, "count_pixels": 43, "percent_cover": 0.30908568142610693, "percent_above_0.1m": 9.3023255813953494, "low_level_<0.5": 2.3255813953488373, "mid_level_0.5-2": 2.3255813953488373, "tall_2+": 4.6511627906976747 }, "geometry": { "type": "Polygon", "coordinates": [ [ [ -1.200629344998986, 52.623686311955716 ], [ -1.200731027744686, 52.623722958245558 ], [ -1.200834016708346, 52.623687693137732 ], [ -1.200835322749222, 52.623615781827979 ], [ -1.20073364016386, 52.623579135625796 ], [ -1.200630651377284, 52.623614400645714 ], [ -1.200629344998986, 52.623686311955716 ] ] ] } },
{ "type": "Feature", "properties": { "max_height": 0.1875, "mean_height": 0.0053851786069571972, "std_height": 0.029788514599204063, "count_pixels": 39, "percent_cover": 0.28033352501437608, "percent_above_0.1m": 2.5641025641025639, "low_level_<0.5": 2.5641025641025639, "mid_level_0.5-2": 0.0, "tall_2+": 0.0 }, "geometry": { "type": "Polygon", "coordinates": [ [ [ -1.200424673306357, 52.623684930419969 ], [ -1.200526355874979, 52.623721576886794 ], [ -1.200629344998985, 52.623686311955716 ], [ -1.200630651377283, 52.623614400645714 ], [ -1.200528968968996, 52.623577754266549 ], [ -1.200425980022076, 52.623613019109719 ], [ -1.200424673306357, 52.623684930419969 ] ] ] } },
{ "type": "Feature", "properties": { "max_height": 0.7449951171875, "mean_height": 0.017151234671473503, "std_height": 0.11244507879018784, "count_pixels": 43, "percent_cover": 0.30908568142610693, "percent_above_0.1m": 2.3255813953488373, "low_level_<0.5": 0.0, "mid_level_0.5-2": 2.3255813953488373, "tall_2+": 0.0 }, "geometry": { "type": "Polygon", "coordinates": [ [ [ -1.200220001630465, 52.623683548530494 ], [ -1.200321684022007, 52.623720195174329 ], [ -1.200424673306356, 52.623684930419969 ], [ -1.200425980022075, 52.623613019109719 ], [ -1.200324297790866, 52.623576372553565 ], [ -1.200221308683605, 52.623611637220002 ], [ -1.200220001630465, 52.623683548530494 ] ] ] } },
{ "type": "Feature", "properties": { "max_height": 6.0100021362304688, "mean_height": 1.7767446041107178, "std_height": 2.0135207176208496, "count_pixels": 43, "percent_cover": 0.30908568142610693, "percent_above_0.1m": 53.488372093023251, "low_level_<0.5": 2.3255813953488373, "mid_level_0.5-2": 9.3023255813953494, "tall_2+": 41.860465116279073 }, "geometry": { "type": "Polygon", "coordinates": [ [ [ -1.200015329971314, 52.623682166287288 ], [ -1.200117012185774, 52.623718813108098 ], [ -1.200220001630464, 52.623683548530494 ], [ -1.200221308683604, 52.623611637220002 ], [ -1.200119626629475, 52.623574990486865 ], [ -1.200016637361875, 52.623610254976541 ], [ -1.200015329971314, 52.623682166287288 ] ] ] } },
{ "type": "Feature", "properties": { "max_height": 10.575004577636719, "mean_height": 2.5442438125610352, "std_height": 3.3238160610198975, "count_pixels": 43, "percent_cover": 0.30908568142610693, "percent_above_0.1m": 81.395348837209298, "low_level_<0.5": 16.279069767441861, "mid_level_0.5-2": 20.930232558139537, "tall_2+": 37.209302325581397 }, "geometry": { "type": "Polygon", "coordinates": [ [ [ -1.201548409555738, 52.623800391395761 ], [ -1.201650089695616, 52.623837036679895 ], [ -1.201753074505104, 52.623801770567319 ], [ -1.201754379004952, 52.623729859259512 ], [ -1.201652699018651, 52.623693214062108 ], [ -1.201549714378925, 52.623728480085752 ], [ -1.201548409555738, 52.623800391395761 ] ] ] } },
{ "type": "Feature", "properties": { "max_height": 6.8524932861328125, "mean_height": 1.7795932292938232, "std_height": 2.0128352642059326, "count_pixels": 43, "percent_cover": 0.30908568142610693, "percent_above_0.1m": 74.418604651162795, "low_level_<0.5": 13.953488372093023, "mid_level_0.5-2": 23.255813953488371, "tall_2+": 37.209302325581397 }, "geometry": { "type": "Polygon", "coordinates": [ [ [ -1.201343738248473, 52.623799011507266 ], [ -1.201445421862809, 52.623835657176798 ], [ -1.201548409555737, 52.623800391395761 ], [ -1.201549714378924, 52.623728480085752 ], [ -1.201448031936779, 52.623691834561384 ], [ -1.201345043454169, 52.623727100199424 ], [ -1.201343738248473, 52.623799011507266 ] ] ] } },
{ "type": "Feature", "properties": { "max_height": 2.0500030517578125, "mean_height": 0.21006029844284058, "std_height": 0.43536952137947083, "count_pixels": 42, "percent_cover": 0.30189764232317423, "percent_above_0.1m": 26.190476190476193, "low_level_<0.5": 11.904761904761903, "mid_level_0.5-2": 11.904761904761903, "tall_2+": 2.3809523809523809 }, "geometry": { "type": "Polygon", "coordinates": [ [ [ -1.201139065991164, 52.623797631209968 ], [ -1.20124074942843, 52.623834277056503 ], [ -1.201343738248472, 52.623799011507266 ], [ -1.201345043454168, 52.623727100199424 ], [ -1.201243360177247, 52.623690454440563 ], [ -1.201140371534285, 52.623725719901863 ], [ -1.201139065991164, 52.623797631209968 ] ] ] } },
{ "type": "Feature", "properties": { "max_height": 0.595001220703125, "mean_height": 0.045670673251152039, "std_height": 0.11464440077543259, "count_pixels": 41, "percent_cover": 0.29470960322024153, "percent_above_0.1m": 7.3170731707317067, "low_level_<0.5": 4.8780487804878048, "mid_level_0.5-2": 2.4390243902439024, "tall_2+": 0.0 }, "geometry": { "type": "Polygon", "coordinates": [ [ [ -1.200934393750578, 52.623796250558925 ], [ -1.20103607701077, 52.623832896582456 ], [ -1.201139065991164, 52.623797631209968 ], [ -1.201140371534284, 52.623725719901863 ], [ -1.201038688434434, 52.623689073966013 ], [ -1.200935699631122, 52.623724339250579 ], [ -1.200934393750578, 52.623796250558925 ] ] ] } },
{ "type": "Feature", "properties": { "max_height": 0.5675048828125, "mean_height": 0.033902611583471298, "std_height": 0.094377964735031128, "count_pixels": 41, "percent_cover": 0.29470960322024153, "percent_above_0.1m": 4.8780487804878048, "low_level_<0.5": 2.4390243902439024, "mid_level_0.5-2": 2.4390243902439024, "tall_2+": 0.0 }, "geometry": { "type": "Polygon", "coordinates": [ [ [ -1.200729721526719, 52.62379486955416 ], [ -1.200831404609834, 52.623831515754681 ], [ -1.200934393750577, 52.623796250558925 ], [ -1.200935699631121, 52.623724339250579 ], [ -1.200834016708346, 52.623687693137732 ], [ -1.200731027744686, 52.623722958245558 ], [ -1.200729721526719, 52.62379486955416 ] ] ] } },
{ "type": "Feature", "properties": { "max_height": 0.04000091552734375, "mean_height": 0.010732139460742474, "std_height": 0.011572318151593208, "count_pixels": 41, "percent_cover": 0.29470960322024153, "percent_above_0.1m": 0.0, "low_level_<0.5": 0.0, "mid_level_0.5-2": 0.0, "tall_2+": 0.0 }, "geometry": { "type": "Polygon", "coordinates": [ [ [ -1.200525049319588, 52.623793488195645 ], [ -1.200626732225626, 52.623830134573168 ], [ -1.200729721526717, 52.62379486955416 ], [ -1.200731027744685, 52.623722958245558 ], [ -1.200629344998985, 52.623686311955716 ], [ -1.200526355874979, 52.623721576886794 ], [ -1.200525049319588, 52.623793488195645 ] ] ] } },
{ "type": "Feature", "properties": { "max_height": 0.222503662109375, "mean_height": 0.014437293633818626, "std_height": 0.034765101969242096, "count_pixels": 40, "percent_cover": 0.28752156411730884, "percent_above_0.1m": 2.5, "low_level_<0.5": 2.5, "mid_level_0.5-2": 0.0, "tall_2+": 0.0 }, "geometry": { "type": "Polygon", "coordinates": [ [ [ -1.200320377129193, 52.623792106483428 ], [ -1.200422059858151, 52.623828753037927 ], [ -1.200525049319587, 52.623793488195645 ], [ -1.200526355874979, 52.623721576886794 ], [ -1.200424673306356, 52.623684930419969 ], [ -1.200321684022007, 52.623720195174329 ], [ -1.200320377129193, 52.623792106483428 ] ] ] } },
{ "type": "Feature", "properties": { "max_height": 0.0449981689453125, "mean_height": 0.0056712455116212368, "std_height": 0.0082825478166341782, "count_pixels": 41, "percent_cover": 0.29470960322024153, "percent_above_0.1m": 0.0, "low_level_<0.5": 0.0, "mid_level_0.5-2": 0.0, "tall_2+": 0.0 }, "geometry": { "type": "Polygon", "coordinates": [ [ [ -1.200115704955536, 52.623790724417454 ], [ -1.200217387507412, 52.623827371148955 ], [ -1.200320377129192, 52.623792106483428 ], [ -1.200321684022007, 52.623720195174329 ], [ -1.200220001630464, 52.623683548530494 ], [ -1.200117012185774, 52.623718813108098 ], [ -1.200115704955536, 52.623790724417454 ] ] ] } },
{ "type": "Feature", "properties": { "max_height": 7.1750030517578125, "mean_height": 3.5003662109375, "std_height": 2.1576697826385498, "count_pixels": 41, "percent_cover": 0.29470960322024153, "percent_above_0.1m": 95.121951219512198, "low_level_<0.5": 4.8780487804878048, "mid_level_0.5-2": 21.951219512195124, "tall_2+": 68.292682926829272 }, "geometry": { "type": "Polygon", "coordinates": [ [ [ -1.199911032798623, 52.623789341997757 ], [ -1.200012715173415, 52.623825988906233 ], [ -1.200115704955536, 52.623790724417454 ], [ -1.200117012185773, 52.623718813108098 ], [ -1.200015329971313, 52.623682166287288 ], [ -1.199912340366284, 52.62371743068816 ], [ -1.199911032798623, 52.623789341997757 ] ] ] } },
{ "type": "Feature", "properties": { "max_height": 7.5750045776367188, "mean_height": 2.3370125293731689, "std_height": 2.1125588417053223, "count_pixels": 41, "percent_cover": 0.29470960322024153, "percent_above_0.1m": 90.243902439024396, "low_level_<0.5": 9.7560975609756095, "mid_level_0.5-2": 36.585365853658537, "tall_2+": 41.463414634146339 }, "geometry": { "type": "Polygon", "coordinates": [ [ [ -1.201444116817452, 52.623907568483254 ], [ -1.201545799893159, 52.623944214013278 ], [ -1.201648785025997, 52.623908947987566 ], [ -1.201650089695616, 52.623837036679895 ], [ -1.201548409555738, 52.623800391395761 ], [ -1.20144542186281, 52.623835657176798 ], [ -1.201444116817452, 52.623907568483254 ] ] ] } },
{ "type": "Feature", "properties": { "max_height": 1.9424972534179688, "mean_height": 0.39682918787002563, "std_height": 0.57200700044631958, "count_pixels": 41, "percent_cover": 0.29470960322024153, "percent_above_0.1m": 41.463414634146339, "low_level_<0.5": 12.195121951219512, "mid_level_0.5-2": 26.829268292682929, "tall_2+": 0.0 }, "geometry": { "type": "Polygon", "coordinates": [ [ [ -1.201239444045647, 52.623906188363193 ], [ -1.201341127820331, 52.623942834120406 ], [ -1.201444116817451, 52.623907568483254 ], [ -1.201445421862809, 52.623835657176798 ], [ -1.201343738248473, 52.623799011507266 ], [ -1.201240749428431, 52.623834277056503 ], [ -1.201239444045647, 52.623906188363193 ] ] ] } },
{ "type": "Feature", "properties": { "max_height": 1.4575042724609375, "mean_height": 0.091607414186000824, "std_height": 0.25696635246276855, "count_pixels": 42, "percent_cover": 0.30189764232317423, "percent_above_0.1m": 16.666666666666664, "low_level_<0.5": 9.5238095238095237, "mid_level_0.5-2": 4.7619047619047619, "tall_2+": 0.0 }, "geometry": { "type": "Polygon", "coordinates": [ [ [ -1.201034771290561, 52.623904807889403 ], [ -1.201136454888171, 52.623941453823605 ], [ -1.201239444045646, 52.623906188363193 ], [ -1.20124074942843, 52.623834277056503 ], [ -1.201139065991164, 52.623797631209968 ], [ -1.201036077010771, 52.623832896582456 ], [ -1.201034771290561, 52.623904807889403 ] ] ] } },
{ "type": "Feature", "properties": { "max_height": 5.3649978637695312, "mean_height": 0.48825624585151672, "std_height": 1.3023492097854614, "count_pixels": 43, "percent_cover": 0.30908568142610693, "percent_above_0.1m": 20.930232558139537, "low_level_<0.5": 4.6511627906976747, "mid_level_0.5-2": 4.6511627906976747, "tall_2+": 9.3023255813953494 }, "geometry": { "type": "Polygon", "coordinates": [ [ [ -1.2008300985522, 52.623903427061876 ], [ -1.200931781972734, 52.623940073173074 ], [ -1.20103477129056, 52.623904807889403 ], [ -1.20103607701077, 52.623832896582456 ], [ -1.200934393750578, 52.623796250558925 ], [ -1.200831404609835, 52.623831515754681 ], [ -1.2008300985522, 52.623903427061876 ] ] ] } },
{ "type": "Feature", "properties": { "max_height": 8.2674942016601562, "mean_height": 1.0098843574523926, "std_height": 2.0096256732940674, "count_pixels": 43, "percent_cover": 0.30908568142610693, "percent_above_0.1m": 27.906976744186046, "low_level_<0.5": 2.3255813953488373, "mid_level_0.5-2": 9.3023255813953494, "tall_2+": 16.279069767441861 }, "geometry": { "type": "Polygon", "coordinates": [ [ [ -1.200625425830566, 52.623902045880619 ], [ -1.200727109074022, 52.623938692168807 ], [ -1.200830098552199, 52.623903427061876 ], [ -1.200831404609834, 52.623831515754681 ], [ -1.200729721526719, 52.62379486955416 ], [ -1.200626732225627, 52.623830134573168 ], [ -1.200625425830566, 52.623902045880619 ] ] ] } },
{ "type": "Feature", "properties": { "max_height": 6.3925018310546875, "mean_height": 0.82044887542724609, "std_height": 1.6040072441101074, "count_pixels": 39, "percent_cover": 0.28033352501437608, "percent_above_0.1m": 30.76923076923077, "low_level_<0.5": 2.5641025641025639, "mid_level_0.5-2": 12.820512820512819, "tall_2+": 15.384615384615385 }, "geometry": { "type": "Polygon", "coordinates": [ [ [ -1.200420753125665, 52.623900664345619 ], [ -1.200522436192041, 52.62393731081081 ], [ -1.200625425830566, 52.623902045880619 ], [ -1.200626732225626, 52.623830134573168 ], [ -1.200525049319588, 52.623793488195645 ], [ -1.200422059858152, 52.623828753037927 ], [ -1.200420753125665, 52.623900664345619 ] ] ] } },
{ "type": "Feature", "properties": { "max_height": 12.269996643066406, "mean_height": 2.9534895420074463, "std_height": 3.100905179977417, "count_pixels": 43, "percent_cover": 0.30908568142610693, "percent_above_0.1m": 62.790697674418603, "low_level_<0.5": 4.6511627906976747, "mid_level_0.5-2": 9.3023255813953494, "tall_2+": 48.837209302325576 }, "geometry": { "type": "Polygon", "coordinates": [ [ [ -1.200216080437501, 52.623899282456897 ], [ -1.200317763326795, 52.623935929099076 ], [ -1.200420753125664, 52.623900664345619 ], [ -1.200422059858151, 52.623828753037927 ], [ -1.200320377129193, 52.623792106483428 ], [ -1.200217387507413, 52.623827371148955 ], [ -1.200216080437501, 52.623899282456897 ] ] ] } },
{ "type": "Feature", "properties": { "max_height": 10.977500915527344, "mean_height": 3.4682557582855225, "std_height": 3.4170873165130615, "count_pixels": 43, "percent_cover": 0.30908568142610693, "percent_above_0.1m": 76.744186046511629, "low_level_<0.5": 9.3023255813953494, "mid_level_0.5-2": 16.279069767441861, "tall_2+": 51.162790697674424 }, "geometry": { "type": "Polygon", "coordinates": [ [ [ -1.200011407766078, 52.623897900214423 ], [ -1.200113090478287, 52.623934547033592 ], [ -1.2002160804375, 52.623899282456897 ], [ -1.200217387507412, 52.623827371148955 ], [ -1.200115704955536, 52.623790724417454 ], [ -1.200012715173415, 52.623825988906233 ], [ -1.200011407766078, 52.623897900214423 ] ] ] } },
{ "type": "Feature", "properties": { "max_height": 6.0974960327148438, "mean_height": 0.99308210611343384, "std_height": 1.8264762163162231, "count_pixels": 43, "percent_cover": 0.30908568142610693, "percent_above_0.1m": 34.883720930232556, "low_level_<0.5": 11.627906976744185, "mid_level_0.5-2": 2.3255813953488373, "tall_2+": 20.930232558139537 }, "geometry": { "type": "Polygon", "coordinates": [ [ [ -1.1998067351114, 52.623896517618235 ], [ -1.199908417646523, 52.623933164614392 ], [ -1.200011407766077, 52.623897900214423 ], [ -1.200012715173415, 52.623825988906233 ], [ -1.199911032798623, 52.623789341997757 ], [ -1.199808042856163, 52.623824606309789 ], [ -1.1998067351114, 52.623896517618235 ] ] ] } },
{ "type": "Feature", "properties": { "max_height": 5.87750244140625, "mean_height": 1.0097099542617798, "std_height": 1.521518349647522, "count_pixels": 43, "percent_cover": 0.30908568142610693, "percent_above_0.1m": 55.813953488372093, "low_level_<0.5": 9.3023255813953494, "mid_level_0.5-2": 32.558139534883722, "tall_2+": 13.953488372093023 }, "geometry": { "type": "Polygon", "coordinates": [ [ [ -1.201544495053769, 52.624016125320821 ], [ -1.201646175670561, 52.624052770600414 ], [ -1.201749160973163, 52.624017504485757 ], [ -1.20175046548921, 52.623945593180423 ], [ -1.201648785025997, 52.623908947987566 ], [ -1.201545799893159, 52.623944214013278 ], [ -1.201544495053769, 52.624016125320821 ] ] ] } },
{ "type": "Feature", "properties": { "max_height": 10.62249755859375, "mean_height": 3.5305814743041992, "std_height": 3.0007245540618896, "count_pixels": 43, "percent_cover": 0.30908568142610693, "percent_above_0.1m": 93.023255813953483, "low_level_<0.5": 4.6511627906976747, "mid_level_0.5-2": 30.232558139534881, "tall_2+": 58.139534883720934 }, "geometry": { "type": "Polygon", "coordinates": [ [ [ -1.201339822597885, 52.624014745425711 ], [ -1.201441506709989, 52.624051391093595 ], [ -1.201544495053767, 52.624016125320821 ], [ -1.201545799893158, 52.623944214013278 ], [ -1.201444116817451, 52.623907568483254 ], [ -1.201341127820331, 52.623942834120406 ], [ -1.201339822597885, 52.624014745425711 ] ] ] } },
{ "type": "Feature", "properties": { "max_height": 7.4350051879882812, "mean_height": 1.6658933162689209, "std_height": 2.4839925765991211, "count_pixels": 42, "percent_cover": 0.30189764232317423, "percent_above_0.1m": 50.0, "low_level_<0.5": 4.7619047619047619, "mid_level_0.5-2": 16.666666666666664, "tall_2+": 26.190476190476193 }, "geometry": { "type": "Polygon", "coordinates": [ [ [ -1.201135149328298, 52.624013365129166 ], [ -1.201236833263328, 52.624050010974052 ], [ -1.201339822597884, 52.624014745425711 ], [ -1.20134112782033, 52.623942834120406 ], [ -1.201239444045646, 52.623906188363193 ], [ -1.201136454888171, 52.623941453823605 ], [ -1.201135149328298, 52.624013365129166 ] ] ] } },
{ "type": "Feature", "properties": { "max_height": 10.592498779296875, "mean_height": 2.377439022064209, "std_height": 2.6822843551635742, "count_pixels": 41, "percent_cover": 0.29470960322024153, "percent_above_0.1m": 85.365853658536579, "low_level_<0.5": 12.195121951219512, "mid_level_0.5-2": 31.707317073170731, "tall_2+": 39.024390243902438 }, "geometry": { "type": "Polygon", "coordinates": [ [ [ -1.200930476075432, 52.624011984478891 ], [ -1.201032159833386, 52.624048630500752 ], [ -1.201135149328297, 52.624013365129166 ], [ -1.20113645488817, 52.623941453823605 ], [ -1.20103477129056, 52.623904807889403 ], [ -1.200931781972734, 52.623940073173074 ], [ -1.200930476075432, 52.624011984478891 ] ] ] } },
{ "type": "Feature", "properties": { "max_height": 10.082496643066406, "mean_height": 3.2663416862487793, "std_height": 3.097151517868042, "count_pixels": 41, "percent_cover": 0.29470960322024153, "percent_above_0.1m": 70.731707317073173, "low_level_<0.5": 4.8780487804878048, "mid_level_0.5-2": 12.195121951219512, "tall_2+": 53.658536585365859 }, "geometry": { "type": "Polygon", "coordinates": [ [ [ -1.200725802839293, 52.624010603474872 ], [ -1.200827486420169, 52.624047249673737 ], [ -1.200930476075431, 52.624011984478891 ], [ -1.200931781972733, 52.623940073173074 ], [ -1.200830098552199, 52.623903427061876 ], [ -1.200727109074022, 52.623938692168807 ], [ -1.200725802839293, 52.624010603474872 ] ] ] } },
{ "type": "Feature", "properties": { "max_height": 10.257499694824219, "mean_height": 1.4319514036178589, "std_height": 2.6586849689483643, "count_pixels": 41, "percent_cover": 0.29470960322024153, "percent_above_0.1m": 53.658536585365859, "low_level_<0.5": 14.634146341463413, "mid_level_0.5-2": 12.195121951219512, "tall_2+": 21.951219512195124 }, "geometry": { "type": "Polygon", "coordinates": [ [ [ -1.200521129619884, 52.624009222117117 ], [ -1.20062281302368, 52.624045868492985 ], [ -1.200725802839292, 52.624010603474872 ], [ -1.200727109074021, 52.623938692168807 ], [ -1.200625425830566, 52.623902045880619 ], [ -1.200522436192041, 52.62393731081081 ], [ -1.200521129619884, 52.624009222117117 ] ] ] } },
{ "type": "Feature", "properties": { "max_height": 7.75, "mean_height": 0.83618795871734619, "std_height": 1.7219822406768799, "count_pixels": 40, "percent_cover": 0.28752156411730884, "percent_above_0.1m": 35.0, "low_level_<0.5": 7.5, "mid_level_0.5-2": 15.0, "tall_2+": 12.5 }, "geometry": { "type": "Polygon", "coordinates": [ [ [ -1.20031645641721, 52.624007840405632 ], [ -1.200418139643924, 52.624044486958482 ], [ -1.200521129619883, 52.624009222117117 ], [ -1.20052243619204, 52.62393731081081 ], [ -1.200420753125664, 52.623900664345619 ], [ -1.200317763326795, 52.623935929099076 ], [ -1.20031645641721, 52.624007840405632 ] ] ] } },
{ "type": "Feature", "properties": { "max_height": 2.9874954223632812, "mean_height": 0.21432830393314362, "std_height": 0.63238203525543213, "count_pixels": 41, "percent_cover": 0.29470960322024153, "percent_above_0.1m": 17.073170731707318, "low_level_<0.5": 2.4390243902439024, "mid_level_0.5-2": 7.3170731707317067, "tall_2+": 4.8780487804878048 }, "geometry": { "type": "Polygon", "coordinates": [ [ [ -1.200111783231275, 52.624006458340403 ], [ -1.200213466280903, 52.624043105070264 ], [ -1.200316456417209, 52.624007840405632 ], [ -1.200317763326794, 52.623935929099076 ], [ -1.2002160804375, 52.623899282456897 ], [ -1.200113090478287, 52.623934547033592 ], [ -1.200111783231275, 52.624006458340403 ] ] ] } },
{ "type": "Feature", "properties": { "max_height": 6.9424972534179688, "mean_height": 1.0185368061065674, "std_height": 2.0641090869903564, "count_pixels": 41, "percent_cover": 0.29470960322024153, "percent_above_0.1m": 29.268292682926827, "low_level_<0.5": 2.4390243902439024, "mid_level_0.5-2": 4.8780487804878048, "tall_2+": 19.512195121951219 }, "geometry": { "type": "Polygon", "coordinates": [ [ [ -1.199907110062083, 52.624005075921453 ], [ -1.200008792934626, 52.624041722828288 ], [ -1.200111783231274, 52.624006458340403 ], [ -1.200113090478286, 52.623934547033592 ], [ -1.200011407766077, 52.623897900214423 ], [ -1.199908417646523, 52.623933164614392 ], [ -1.199907110062083, 52.624005075921453 ] ] ] } },
{ "type": "Feature", "properties": { "max_height": 7.1399993896484375, "mean_height": 0.60939061641693115, "std_height": 1.5027494430541992, "count_pixels": 41, "percent_cover": 0.29470960322024153, "percent_above_0.1m": 39.024390243902438, "low_level_<0.5": 17.073170731707318, "mid_level_0.5-2": 12.195121951219512, "tall_2+": 9.7560975609756095 }, "geometry": { "type": "Polygon", "coordinates": [ [ [ -1.201440201647886, 52.624123302397493 ], [ -1.201541885358785, 52.624159947933407 ], [ -1.201644870984741, 52.624124681905606 ], [ -1.201646175670561, 52.624052770600414 ], [ -1.201544495053769, 52.624016125320821 ], [ -1.20144150670999, 52.624051391093595 ], [ -1.201440201647886, 52.624123302397493 ] ] ] } },
{ "type": "Feature", "properties": { "max_height": 1.6300048828125, "mean_height": 0.16731801629066467, "std_height": 0.30020356178283691, "count_pixels": 41, "percent_cover": 0.29470960322024153, "percent_above_0.1m": 29.268292682926827, "low_level_<0.5": 17.073170731707318, "mid_level_0.5-2": 12.195121951219512, "tall_2+": 0.0 }, "geometry": { "type": "Polygon", "coordinates": [ [ [ -1.201235527863794, 52.624121922278192 ], [ -1.201337212136246, 52.624158568033749 ], [ -1.201440201647885, 52.624123302397493 ], [ -1.201441506709989, 52.624051391093595 ], [ -1.201339822597885, 52.624014745425711 ], [ -1.201236833263329, 52.624050010974052 ], [ -1.201235527863794, 52.624121922278192 ] ] ] } },
{ "type": "Feature", "properties": { "max_height": 3.6450042724609375, "mean_height": 0.38291603326797485, "std_height": 0.69332396984100342, "count_pixels": 42, "percent_cover": 0.30189764232317423, "percent_above_0.1m": 42.857142857142854, "low_level_<0.5": 14.285714285714285, "mid_level_0.5-2": 21.428571428571427, "tall_2+": 4.7619047619047619 }, "geometry": { "type": "Polygon", "coordinates": [ [ [ -1.201030854096422, 52.624120541805155 ], [ -1.201132538191798, 52.624157187737723 ], [ -1.201235527863793, 52.624121922278192 ], [ -1.201236833263328, 52.624050010974052 ], [ -1.201135149328298, 52.624013365129166 ], [ -1.201032159833387, 52.624048630500752 ], [ -1.201030854096422, 52.624120541805155 ] ] ] } }
]
}
