{
"type": "FeatureCollection",
"name": "96e780a21cbb_visibility",
"crs": { "type": "name", "properties": { "name": "urn:ogc:def:crs:OGC:1.3:CRS84" } },
"features": [
{ "type": "Feature", "properties": { "visible_points": 0, "total_points": 45, "visibility_pct": 0.0 }, "geometry": { "type": "Polygon", "coordinates": [ [ [ -0.96296926295596, 50.853846638864354 ], [ -0.963066872047221, 50.853883478547864 ], [ -0.963166076005929, 50.853848387793754 ], [ -0.963167670709133, 50.853776457436155 ], [ -0.963070061762191, 50.853739617837192 ], [ -0.962970857967725, 50.853774708511267 ], [ -0.96296926295596, 50.853846638864354 ] ] ] } },
{ "type": "Feature", "properties": { "visible_points": 1, "total_points": 49, "visibility_pct": 2.0408163265306123 }, "geometry": { "type": "Polygon", "coordinates": [ [ [ -0.962772449925907, 50.853844889603067 ], [ -0.962870058852929, 50.853881729450265 ], [ -0.962969262955959, 50.853846638864354 ], [ -0.962970857967724, 50.853774708511267 ], [ -0.962873249185021, 50.85373786874861 ], [ -0.962774045246234, 50.853772959254506 ], [ -0.962772449925907, 50.853844889603067 ] ] ] } },
{ "type": "Feature", "properties": { "visible_points": 0, "total_points": 52, "visibility_pct": 0.0 }, "geometry": { "type": "Polygon", "coordinates": [ [ [ -0.962575636915778, 50.853843140009893 ], [ -0.962673245678556, 50.853879980020778 ], [ -0.962772449925906, 50.853844889603067 ], [ -0.962774045246234, 50.853772959254506 ], [ -0.962676436627771, 50.853736119328154 ], [ -0.962577232544666, 50.85377120966583 ], [ -0.962575636915778, 50.853843140009893 ] ] ] } },
{ "type": "Feature", "properties": { "visible_points": 2, "total_points": 54, "visibility_pct": 3.7037037037037033 }, "geometry": { "type": "Polygon", "coordinates": [ [ [ -0.962378823925573, 50.853841390084831 ], [ -0.962476432524107, 50.853878230259397 ], [ -0.962575636915777, 50.853843140009893 ], [ -0.962577232544665, 50.85377120966583 ], [ -0.962479624090445, 50.853734369575804 ], [ -0.962380419863023, 50.85376945974528 ], [ -0.962378823925573, 50.853841390084831 ] ] ] } },
{ "type": "Feature", "properties": { "visible_points": 0, "total_points": 53, "visibility_pct": 0.0 }, "geometry": { "type": "Polygon", "coordinates": [ [ [ -0.962868463676917, 50.8539536597997 ], [ -0.962966072912499, 50.853990499567736 ], [ -0.963065277179773, 50.853955408901804 ], [ -0.963066872047221, 50.853883478547864 ], [ -0.96296926295596, 50.853846638864354 ], [ -0.962870058852929, 50.853881729450265 ], [ -0.962868463676917, 50.8539536597997 ] ] ] } },
{ "type": "Feature", "properties": { "visible_points": 0, "total_points": 57, "visibility_pct": 0.0 }, "geometry": { "type": "Polygon", "coordinates": [ [ [ -0.962671650193981, 50.853951910365701 ], [ -0.96276925926532, 50.853988750297432 ], [ -0.962868463676916, 50.8539536597997 ], [ -0.962870058852929, 50.853881729450265 ], [ -0.962772449925907, 50.853844889603067 ], [ -0.962673245678557, 50.853879980020778 ], [ -0.962671650193981, 50.853951910365701 ] ] ] } },
{ "type": "Feature", "properties": { "visible_points": 2, "total_points": 60, "visibility_pct": 3.3333333333333335 }, "geometry": { "type": "Polygon", "coordinates": [ [ [ -0.96247483673097, 50.853950160599808 ], [ -0.962572445638064, 50.853987000695234 ], [ -0.962671650193981, 50.853951910365701 ], [ -0.962673245678556, 50.853879980020778 ], [ -0.962575636915778, 50.853843140009893 ], [ -0.962476432524108, 50.853878230259397 ], [ -0.96247483673097, 50.853950160599808 ] ] ] } },
{ "type": "Feature", "properties": { "visible_points": 7, "total_points": 61, "visibility_pct": 11.475409836065573 }, "geometry": { "type": "Polygon", "coordinates": [ [ [ -0.962278023287886, 50.853948410502021 ], [ -0.962375632030734, 50.853985250761127 ], [ -0.962474836730969, 50.853950160599808 ], [ -0.962476432524107, 50.853878230259397 ], [ -0.962378823925573, 50.853841390084831 ], [ -0.962279619389588, 50.853876480166122 ], [ -0.962278023287886, 50.853948410502021 ] ] ] } },
{ "type": "Feature", "properties": { "visible_points": 0, "total_points": 61, "visibility_pct": 0.0 }, "geometry": { "type": "Polygon", "coordinates": [ [ [ -0.962767663925059, 50.854060680643229 ], [ -0.962865273304961, 50.854097520495806 ], [ -0.962964477880803, 50.854062429918052 ], [ -0.962966072912498, 50.853990499567736 ], [ -0.962868463676916, 50.8539536597997 ], [ -0.96276925926532, 50.853988750297432 ], [ -0.962767663925059, 50.854060680643229 ] ] ] } },
{ "type": "Feature", "properties": { "visible_points": 3, "total_points": 65, "visibility_pct": 4.6153846153846159 }, "geometry": { "type": "Polygon", "coordinates": [ [ [ -0.962570849989238, 50.854058931036512 ], [ -0.962668459204894, 50.854095771052776 ], [ -0.962767663925059, 50.854060680643229 ], [ -0.962769259265319, 50.853988750297432 ], [ -0.962671650193981, 50.853951910365701 ], [ -0.962572445638064, 50.853987000695234 ], [ -0.962570849989238, 50.854058931036512 ] ] ] } },
{ "type": "Feature", "properties": { "visible_points": 6, "total_points": 68, "visibility_pct": 8.8235294117647065 }, "geometry": { "type": "Polygon", "coordinates": [ [ [ -0.962374036073343, 50.854057181097886 ], [ -0.962471645124753, 50.854094021277852 ], [ -0.962570849989237, 50.854058931036512 ], [ -0.962572445638063, 50.853987000695234 ], [ -0.962474836730969, 50.853950160599808 ], [ -0.962375632030734, 50.853985250761127 ], [ -0.962374036073343, 50.854057181097886 ] ] ] } },
{ "type": "Feature", "properties": { "visible_points": 4, "total_points": 69, "visibility_pct": 5.7971014492753623 }, "geometry": { "type": "Polygon", "coordinates": [ [ [ -0.962666863700384, 50.854167701394914 ], [ -0.962764473224605, 50.854204541332038 ], [ -0.962863678109017, 50.854169450842448 ], [ -0.962865273304961, 50.854097520495806 ], [ -0.962767663925059, 50.854060680643229 ], [ -0.962668459204895, 50.854095771052776 ], [ -0.962666863700384, 50.854167701394914 ] ] ] } },
{ "type": "Feature", "properties": { "visible_points": 6, "total_points": 73, "visibility_pct": 8.2191780821917799 }, "geometry": { "type": "Polygon", "coordinates": [ [ [ -0.962470049311676, 50.854165951615478 ], [ -0.962567658671649, 50.85420279171629 ], [ -0.962666863700384, 50.854167701394914 ], [ -0.962668459204894, 50.854095771052776 ], [ -0.962570849989238, 50.854058931036512 ], [ -0.962471645124753, 50.854094021277852 ], [ -0.962470049311676, 50.854165951615478 ] ] ] } },
{ "type": "Feature", "properties": { "visible_points": 3, "total_points": 76, "visibility_pct": 3.9473684210526314 }, "geometry": { "type": "Polygon", "coordinates": [ [ [ -0.962273234942895, 50.854164201504148 ], [ -0.96237084413862, 50.854201041768647 ], [ -0.962470049311675, 50.854165951615478 ], [ -0.962471645124753, 50.854094021277852 ], [ -0.962374036073343, 50.854057181097886 ], [ -0.96227483106454, 50.854092271171034 ], [ -0.962273234942895, 50.854164201504148 ] ] ] } },
{ "type": "Feature", "properties": { "visible_points": 0, "total_points": 72, "visibility_pct": 0.0 }, "geometry": { "type": "Polygon", "coordinates": [ [ [ -0.96276287786441, 50.85427647167505 ], [ -0.962860487697197, 50.854313311533012 ], [ -0.962959692745857, 50.854278220963415 ], [ -0.962961287797482, 50.854206290615885 ], [ -0.962863678109017, 50.854169450842448 ], [ -0.962764473224605, 50.854204541332038 ], [ -0.96276287786441, 50.85427647167505 ] ] ] } },
{ "type": "Feature", "properties": { "visible_points": 6, "total_points": 77, "visibility_pct": 7.7922077922077921 }, "geometry": { "type": "Polygon", "coordinates": [ [ [ -0.962566063002886, 50.854274722054797 ], [ -0.962663672671425, 50.85431156207644 ], [ -0.96276287786441, 50.85427647167505 ], [ -0.962764473224604, 50.854204541332038 ], [ -0.962666863700384, 50.854167701394914 ], [ -0.962567658671649, 50.85420279171629 ], [ -0.962566063002886, 50.854274722054797 ] ] ] } },
{ "type": "Feature", "properties": { "visible_points": 5, "total_points": 80, "visibility_pct": 6.25 }, "geometry": { "type": "Polygon", "coordinates": [ [ [ -0.962369248161288, 50.854272972102649 ], [ -0.962466857665579, 50.85430981228798 ], [ -0.962566063002885, 50.854274722054797 ], [ -0.962567658671649, 50.85420279171629 ], [ -0.962470049311675, 50.854165951615478 ], [ -0.96237084413862, 50.854201041768647 ], [ -0.962369248161288, 50.854272972102649 ] ] ] } },
{ "type": "Feature", "properties": { "visible_points": 8, "total_points": 80, "visibility_pct": 10.0 }, "geometry": { "type": "Polygon", "coordinates": [ [ [ -0.962172433339621, 50.854271221818593 ], [ -0.962270042679662, 50.854308062167618 ], [ -0.962369248161287, 50.854272972102649 ], [ -0.962370844138619, 50.854201041768647 ], [ -0.962273234942895, 50.854164201504148 ], [ -0.962174029625522, 50.85419929148911 ], [ -0.962172433339621, 50.854271221818593 ] ] ] } },
{ "type": "Feature", "properties": { "visible_points": 1, "total_points": 76, "visibility_pct": 1.3157894736842104 }, "geometry": { "type": "Polygon", "coordinates": [ [ [ -0.96266207714698, 50.854383492415813 ], [ -0.962759687124088, 50.854420332358309 ], [ -0.962858892481321, 50.854385241876884 ], [ -0.962860487697197, 50.854313311533012 ], [ -0.96276287786441, 50.85427647167505 ], [ -0.962663672671426, 50.85431156207644 ], [ -0.96266207714698, 50.854383492415813 ] ] ] } },
{ "type": "Feature", "properties": { "visible_points": 4, "total_points": 80, "visibility_pct": 5.0 }, "geometry": { "type": "Polygon", "coordinates": [ [ [ -0.962465261832563, 50.854381742622834 ], [ -0.962562871645422, 50.854418582729025 ], [ -0.962662077146979, 50.854383492415813 ], [ -0.962663672671425, 50.85431156207644 ], [ -0.962566063002886, 50.854274722054797 ], [ -0.96246685766558, 50.85430981228798 ], [ -0.962465261832563, 50.854381742622834 ] ] ] } },
{ "type": "Feature", "properties": { "visible_points": 5, "total_points": 82, "visibility_pct": 6.0975609756097562 }, "geometry": { "type": "Polygon", "coordinates": [ [ [ -0.962268446538074, 50.854379992497954 ], [ -0.962366056186682, 50.854416832767846 ], [ -0.962465261832562, 50.854381742622834 ], [ -0.962466857665579, 50.85430981228798 ], [ -0.962369248161288, 50.854272972102649 ], [ -0.962270042679662, 50.854308062167618 ], [ -0.962268446538074, 50.854379992497954 ] ] ] } },
{ "type": "Feature", "properties": { "visible_points": 13, "total_points": 81, "visibility_pct": 16.049382716049383 }, "geometry": { "type": "Polygon", "coordinates": [ [ [ -0.962071631263518, 50.854378242041186 ], [ -0.962169240747874, 50.854415082474759 ], [ -0.962268446538073, 50.854379992497954 ], [ -0.962270042679662, 50.854308062167618 ], [ -0.962172433339621, 50.854271221818593 ], [ -0.962073227713677, 50.854306311715362 ], [ -0.962071631263518, 50.854378242041186 ] ] ] } },
{ "type": "Feature", "properties": { "visible_points": 4, "total_points": 78, "visibility_pct": 5.1282051282051277 }, "geometry": { "type": "Polygon", "coordinates": [ [ [ -0.96256127595672, 50.854490513064746 ], [ -0.962658886078149, 50.854527353091775 ], [ -0.962758091743958, 50.854492262698543 ], [ -0.962759687124087, 50.854420332358309 ], [ -0.962662077146979, 50.854383492415813 ], [ -0.962562871645422, 50.854418582729025 ], [ -0.96256127595672, 50.854490513064746 ] ] ] } },
{ "type": "Feature", "properties": { "visible_points": 4, "total_points": 83, "visibility_pct": 4.8192771084337354 }, "geometry": { "type": "Polygon", "coordinates": [ [ [ -0.962364460189409, 50.854488763099049 ], [ -0.962462070146587, 50.854525603289765 ], [ -0.96256127595672, 50.854490513064746 ], [ -0.962562871645421, 50.854418582729025 ], [ -0.962465261832562, 50.854381742622834 ], [ -0.962366056186682, 50.854416832767846 ], [ -0.962364460189409, 50.854488763099049 ] ] ] } },
{ "type": "Feature", "properties": { "visible_points": 12, "total_points": 84, "visibility_pct": 14.285714285714285 }, "geometry": { "type": "Polygon", "coordinates": [ [ [ -0.962167644442028, 50.854487012801457 ], [ -0.962265254234954, 50.854523853155861 ], [ -0.962364460189408, 50.854488763099049 ], [ -0.962366056186682, 50.854416832767846 ], [ -0.962268446538073, 50.854379992497954 ], [ -0.962169240747874, 50.854415082474759 ], [ -0.962167644442028, 50.854487012801457 ] ] ] } },
{ "type": "Feature", "properties": { "visible_points": 15, "total_points": 82, "visibility_pct": 18.292682926829269 }, "geometry": { "type": "Polygon", "coordinates": [ [ [ -0.961970828714582, 50.854485262171956 ], [ -0.962068438343253, 50.854522102690062 ], [ -0.962167644442027, 50.854487012801457 ], [ -0.962169240747874, 50.854415082474759 ], [ -0.962071631263517, 50.854378242041186 ], [ -0.961972425329, 50.85441333184977 ], [ -0.961970828714582, 50.854485262171956 ] ] ] } },
{ "type": "Feature", "properties": { "visible_points": 11, "total_points": 78, "visibility_pct": 14.102564102564102 }, "geometry": { "type": "Polygon", "coordinates": [ [ [ -0.961774013007074, 50.854483511210553 ], [ -0.961871622471488, 50.854520351892361 ], [ -0.961970828714581, 50.854485262171956 ], [ -0.961972425328999, 50.85441333184977 ], [ -0.961874816008898, 50.854376491252509 ], [ -0.961775609930065, 50.854411580892901 ], [ -0.961774013007074, 50.854483511210553 ] ] ] } },
{ "type": "Feature", "properties": { "visible_points": 10, "total_points": 81, "visibility_pct": 12.345679012345679 }, "geometry": { "type": "Polygon", "coordinates": [ [ [ -0.96246047429363, 50.854597533621856 ], [ -0.96255808455938, 50.854634373733433 ], [ -0.962657290533766, 50.854599283428371 ], [ -0.962658886078149, 50.854527353091775 ], [ -0.96256127595672, 50.854490513064746 ], [ -0.962462070146588, 50.854525603289765 ], [ -0.96246047429363, 50.854597533621856 ] ] ] } },
{ "type": "Feature", "properties": { "visible_points": 3, "total_points": 84, "visibility_pct": 3.5714285714285712 }, "geometry": { "type": "Polygon", "coordinates": [ [ [ -0.962263658073422, 50.854595783483433 ], [ -0.962361268174919, 50.85463262375869 ], [ -0.962460474293629, 50.854597533621856 ], [ -0.962462070146587, 50.854525603289765 ], [ -0.962364460189409, 50.854488763099049 ], [ -0.962265254234954, 50.854523853155861 ], [ -0.962263658073422, 50.854595783483433 ] ] ] } },
{ "type": "Feature", "properties": { "visible_points": 11, "total_points": 85, "visibility_pct": 12.941176470588237 }, "geometry": { "type": "Polygon", "coordinates": [ [ [ -0.962066841873147, 50.854594033013115 ], [ -0.96216445181039, 50.854630873452074 ], [ -0.962263658073422, 50.854595783483433 ], [ -0.962265254234954, 50.854523853155861 ], [ -0.962167644442028, 50.854487012801457 ], [ -0.962068438343254, 50.854522102690062 ], [ -0.962066841873147, 50.854594033013115 ] ] ] } },
{ "type": "Feature", "properties": { "visible_points": 15, "total_points": 83, "visibility_pct": 18.072289156626507 }, "geometry": { "type": "Polygon", "coordinates": [ [ [ -0.961870025692809, 50.854592282210895 ], [ -0.961967635465795, 50.854629122813542 ], [ -0.962066841873147, 50.854594033013115 ], [ -0.962068438343253, 50.854522102690062 ], [ -0.961970828714582, 50.854485262171956 ], [ -0.961871622471489, 50.854520351892361 ], [ -0.961870025692809, 50.854592282210895 ] ] ] } },
{ "type": "Feature", "properties": { "visible_points": 16, "total_points": 76, "visibility_pct": 21.052631578947366 }, "geometry": { "type": "Polygon", "coordinates": [ [ [ -0.961673209532411, 50.854590531076781 ], [ -0.961770819141139, 50.854627371843115 ], [ -0.961870025692808, 50.854592282210895 ], [ -0.961871622471488, 50.854520351892361 ], [ -0.961774013007074, 50.854483511210553 ], [ -0.961674806619666, 50.854518600762759 ], [ -0.961673209532411, 50.854590531076781 ] ] ] } },
{ "type": "Feature", "properties": { "visible_points": 14, "total_points": 83, "visibility_pct": 16.867469879518072 }, "geometry": { "type": "Polygon", "coordinates": [ [ [ -0.962359672157703, 50.854704554087128 ], [ -0.962457282567774, 50.854741394283245 ], [ -0.96255648885074, 50.854706304066369 ], [ -0.962558084559379, 50.854634373733433 ], [ -0.962460474293629, 50.854597533621856 ], [ -0.962361268174919, 50.85463262375869 ], [ -0.962359672157703, 50.854704554087128 ] ] ] } },
{ "type": "Feature", "properties": { "visible_points": 8, "total_points": 86, "visibility_pct": 9.3023255813953494 }, "geometry": { "type": "Polygon", "coordinates": [ [ [ -0.962162855484598, 50.854702803775993 ], [ -0.962260465730413, 50.854739644135798 ], [ -0.962359672157702, 50.854704554087128 ], [ -0.962361268174918, 50.85463262375869 ], [ -0.962263658073422, 50.854595783483433 ], [ -0.96216445181039, 50.854630873452074 ], [ -0.962162855484598, 50.854702803775993 ] ] ] } },
{ "type": "Feature", "properties": { "visible_points": 17, "total_points": 87, "visibility_pct": 19.540229885057471 }, "geometry": { "type": "Polygon", "coordinates": [ [ [ -0.961966038831427, 50.854701053132942 ], [ -0.962063648912986, 50.854737893656441 ], [ -0.962162855484597, 50.854702803775993 ], [ -0.962164451810389, 50.854630873452074 ], [ -0.962066841873147, 50.854594033013115 ], [ -0.961967635465795, 50.854629122813542 ], [ -0.961966038831427, 50.854701053132942 ] ] ] } },
{ "type": "Feature", "properties": { "visible_points": 17, "total_points": 84, "visibility_pct": 20.238095238095237 }, "geometry": { "type": "Polygon", "coordinates": [ [ [ -0.961769222198195, 50.854699302158004 ], [ -0.961866832115496, 50.854736142845191 ], [ -0.961966038831426, 50.854701053132942 ], [ -0.961967635465794, 50.854629122813542 ], [ -0.961870025692808, 50.854592282210895 ], [ -0.961770819141139, 50.854627371843115 ], [ -0.961769222198195, 50.854699302158004 ] ] ] } },
{ "type": "Feature", "properties": { "visible_points": 14, "total_points": 85, "visibility_pct": 16.470588235294116 }, "geometry": { "type": "Polygon", "coordinates": [ [ [ -0.962258869548938, 50.854811574460584 ], [ -0.962356480103329, 50.85484841474122 ], [ -0.962455686694876, 50.85481332461255 ], [ -0.962457282567774, 50.854741394283245 ], [ -0.962359672157703, 50.854704554087128 ], [ -0.962260465730414, 50.854739644135798 ], [ -0.962258869548938, 50.854811574460584 ] ] ] } },
{ "type": "Feature", "properties": { "visible_points": 18, "total_points": 88, "visibility_pct": 20.454545454545457 }, "geometry": { "type": "Polygon", "coordinates": [ [ [ -0.962062052422933, 50.854809823976709 ], [ -0.962159662813067, 50.854846664421054 ], [ -0.962258869548937, 50.854811574460584 ], [ -0.962260465730413, 50.854739644135798 ], [ -0.962162855484598, 50.854702803775993 ], [ -0.962063648912987, 50.854737893656441 ], [ -0.962062052422933, 50.854809823976709 ] ] ] } },
{ "type": "Feature", "properties": { "visible_points": 21, "total_points": 88, "visibility_pct": 23.863636363636363 }, "geometry": { "type": "Polygon", "coordinates": [ [ [ -0.961865235316864, 50.854808073160946 ], [ -0.961962845542741, 50.854844913768979 ], [ -0.962062052422932, 50.854809823976709 ], [ -0.962063648912986, 50.854737893656441 ], [ -0.961966038831427, 50.854701053132942 ], [ -0.961866832115497, 50.854736142845191 ], [ -0.961865235316864, 50.854808073160946 ] ] ] } },
{ "type": "Feature", "properties": { "visible_points": 18, "total_points": 84, "visibility_pct": 21.428571428571427 }, "geometry": { "type": "Polygon", "coordinates": [ [ [ -0.961668418230737, 50.854806322013275 ], [ -0.961766028292353, 50.854843162784988 ], [ -0.961865235316864, 50.854808073160946 ], [ -0.961866832115496, 50.854736142845191 ], [ -0.961769222198195, 50.854699302158004 ], [ -0.961670015337947, 50.854734391702031 ], [ -0.961668418230737, 50.854806322013275 ] ] ] } },
{ "type": "Feature", "properties": { "visible_points": 7, "total_points": 80, "visibility_pct": 8.75 }, "geometry": { "type": "Polygon", "coordinates": [ [ [ -0.962354884066171, 50.85492034506688 ], [ -0.96245249492914, 50.854957185268375 ], [ -0.962551701684944, 50.854922095059663 ], [ -0.962553297413522, 50.854850164729498 ], [ -0.962455686694876, 50.85481332461255 ], [ -0.962356480103329, 50.85484841474122 ], [ -0.962354884066171, 50.85492034506688 ] ] ] } },
{ "type": "Feature", "properties": { "visible_points": 23, "total_points": 87, "visibility_pct": 26.436781609195403 }, "geometry": { "type": "Polygon", "coordinates": [ [ [ -0.96215806646733, 50.854918594742195 ], [ -0.962255677166041, 50.854955435107378 ], [ -0.96235488406617, 50.85492034506688 ], [ -0.962356480103329, 50.85484841474122 ], [ -0.962258869548937, 50.854811574460584 ], [ -0.962159662813067, 50.854846664421054 ], [ -0.96215806646733, 50.854918594742195 ] ] ] } },
{ "type": "Feature", "properties": { "visible_points": 20, "total_points": 89, "visibility_pct": 22.471910112359549 }, "geometry": { "type": "Polygon", "coordinates": [ [ [ -0.961961248888423, 50.854916844085594 ], [ -0.962058859422876, 50.854953684614486 ], [ -0.962158066467329, 50.854918594742195 ], [ -0.962159662813067, 50.854846664421054 ], [ -0.962062052422932, 50.854809823976709 ], [ -0.961962845542741, 50.854844913768979 ], [ -0.961961248888423, 50.854916844085594 ] ] ] } },
{ "type": "Feature", "properties": { "visible_points": 16, "total_points": 88, "visibility_pct": 18.181818181818183 }, "geometry": { "type": "Polygon", "coordinates": [ [ [ -0.961764431329455, 50.854915093097105 ], [ -0.961862041699648, 50.854951933789692 ], [ -0.961961248888422, 50.854916844085594 ], [ -0.96196284554274, 50.854844913768979 ], [ -0.961865235316864, 50.854808073160946 ], [ -0.961766028292353, 50.854843162784988 ], [ -0.961764431329455, 50.854915093097105 ] ] ] } },
{ "type": "Feature", "properties": { "visible_points": 19, "total_points": 83, "visibility_pct": 22.891566265060241 }, "geometry": { "type": "Polygon", "coordinates": [ [ [ -0.96156761379043, 50.854913341776701 ], [ -0.961665223996361, 50.854950182632976 ], [ -0.961764431329454, 50.854915093097105 ], [ -0.961766028292352, 50.854843162784988 ], [ -0.961668418230736, 50.854806322013275 ], [ -0.961569211061908, 50.854841411469117 ], [ -0.96156761379043, 50.854913341776701 ] ] ] } },
{ "type": "Feature", "properties": { "visible_points": 11, "total_points": 82, "visibility_pct": 13.414634146341465 }, "geometry": { "type": "Polygon", "coordinates": [ [ [ -0.962254080964621, 50.855027365429393 ], [ -0.962351691971912, 50.855064205715429 ], [ -0.962450899036301, 50.855029115594895 ], [ -0.96245249492914, 50.854957185268375 ], [ -0.962354884066171, 50.85492034506688 ], [ -0.962255677166042, 50.854955435107378 ], [ -0.962254080964621, 50.855027365429393 ] ] ] } },
{ "type": "Feature", "properties": { "visible_points": 6, "total_points": 88, "visibility_pct": 6.8181818181818175 }, "geometry": { "type": "Polygon", "coordinates": [ [ [ -0.962057262912874, 50.855025614931982 ], [ -0.962154873755907, 50.855062455381706 ], [ -0.96225408096462, 50.855027365429393 ], [ -0.962255677166041, 50.854955435107378 ], [ -0.96215806646733, 50.854918594742195 ], [ -0.962058859422877, 50.854953684614486 ], [ -0.962057262912874, 50.855025614931982 ] ] ] } },
{ "type": "Feature", "properties": { "visible_points": 20, "total_points": 89, "visibility_pct": 22.471910112359549 }, "geometry": { "type": "Polygon", "coordinates": [ [ [ -0.961860444881064, 50.855023864102662 ], [ -0.961958055559836, 50.855060704716081 ], [ -0.962057262912874, 50.855025614931982 ], [ -0.962058859422876, 50.854953684614486 ], [ -0.961961248888423, 50.854916844085594 ], [ -0.961862041699648, 50.854951933789692 ], [ -0.961860444881064, 50.855023864102662 ] ] ] } },
{ "type": "Feature", "properties": { "visible_points": 18, "total_points": 87, "visibility_pct": 20.689655172413794 }, "geometry": { "type": "Polygon", "coordinates": [ [ [ -0.961663626869196, 50.855022112941441 ], [ -0.961761237383705, 50.855058953718554 ], [ -0.961860444881064, 50.855023864102662 ], [ -0.961862041699648, 50.854951933789692 ], [ -0.961764431329455, 50.854915093097105 ], [ -0.961665223996362, 50.854950182632976 ], [ -0.961663626869196, 50.855022112941441 ] ] ] } },
{ "type": "Feature", "properties": { "visible_points": 17, "total_points": 82, "visibility_pct": 20.73170731707317 }, "geometry": { "type": "Polygon", "coordinates": [ [ [ -0.961466808877272, 50.855020361448304 ], [ -0.961564419227517, 50.855057202389112 ], [ -0.961663626869195, 50.855022112941441 ], [ -0.961665223996361, 50.854950182632976 ], [ -0.96156761379043, 50.854913341776701 ], [ -0.961468406313019, 50.854948431144365 ], [ -0.961466808877272, 50.855020361448304 ] ] ] } },
{ "type": "Feature", "properties": { "visible_points": 8, "total_points": 85, "visibility_pct": 9.4117647058823533 }, "geometry": { "type": "Polygon", "coordinates": [ [ [ -0.962153277390222, 50.855134385700062 ], [ -0.962250888541835, 50.855171226070645 ], [ -0.962350095914811, 50.855136136038297 ], [ -0.962351691971911, 50.855064205715429 ], [ -0.96225408096462, 50.855027365429393 ], [ -0.962154873755907, 50.855062455381706 ], [ -0.962153277390222, 50.855134385700062 ] ] ] } },
{ "type": "Feature", "properties": { "visible_points": 9, "total_points": 89, "visibility_pct": 10.112359550561797 }, "geometry": { "type": "Polygon", "coordinates": [ [ [ -0.961956458885568, 50.855132635029932 ], [ -0.962054069872921, 50.855169475564196 ], [ -0.962153277390221, 50.855134385700062 ], [ -0.962154873755906, 50.855062455381706 ], [ -0.962057262912874, 50.855025614931982 ], [ -0.961958055559836, 50.855060704716081 ], [ -0.961956458885568, 50.855132635029932 ] ] ] } },
{ "type": "Feature", "properties": { "visible_points": 17, "total_points": 89, "visibility_pct": 19.101123595505616 }, "geometry": { "type": "Polygon", "coordinates": [ [ [ -0.961759640400853, 50.855130884027886 ], [ -0.961857251223943, 50.855167724725852 ], [ -0.961956458885567, 50.855132635029932 ], [ -0.961958055559835, 50.855060704716081 ], [ -0.961860444881064, 50.855023864102662 ], [ -0.961761237383705, 50.855058953718554 ], [ -0.961759640400853, 50.855130884027886 ] ] ] } },
{ "type": "Feature", "properties": { "visible_points": 20, "total_points": 85, "visibility_pct": 23.52941176470588 }, "geometry": { "type": "Polygon", "coordinates": [ [ [ -0.961562821936082, 50.855129132693932 ], [ -0.961660432594908, 50.855165973555586 ], [ -0.961759640400852, 50.855130884027886 ], [ -0.961761237383704, 50.855058953718554 ], [ -0.961663626869195, 50.855022112941441 ], [ -0.961564419227517, 50.855057202389112 ], [ -0.961562821936082, 50.855129132693932 ] ] ] } },
{ "type": "Feature", "properties": { "visible_points": 16, "total_points": 79, "visibility_pct": 20.253164556962027 }, "geometry": { "type": "Polygon", "coordinates": [ [ [ -0.961366003491257, 50.855127381028069 ], [ -0.961463613985817, 50.855164222053425 ], [ -0.961562821936081, 50.855129132693932 ], [ -0.961564419227516, 50.855057202389112 ], [ -0.961466808877271, 50.855020361448304 ], [ -0.961367601091276, 50.855055450727768 ], [ -0.961366003491257, 50.855127381028069 ] ] ] } },
{ "type": "Feature", "properties": { "visible_points": 20, "total_points": 86, "visibility_pct": 23.255813953488371 }, "geometry": { "type": "Polygon", "coordinates": [ [ [ -0.96205247334297, 50.855241405878928 ], [ -0.962150084638906, 50.855278246334024 ], [ -0.962249292320469, 50.855243156389882 ], [ -0.962250888541835, 50.855171226070645 ], [ -0.962153277390222, 50.855134385700062 ], [ -0.962054069872921, 50.855169475564196 ], [ -0.96205247334297, 50.855241405878928 ] ] ] } },
{ "type": "Feature", "properties": { "visible_points": 7, "total_points": 89, "visibility_pct": 7.8651685393258424 }, "geometry": { "type": "Polygon", "coordinates": [ [ [ -0.961855654385408, 50.855239655036058 ], [ -0.961953265517081, 50.855276495654863 ], [ -0.96205247334297, 50.855241405878928 ], [ -0.962054069872921, 50.855169475564196 ], [ -0.961956458885568, 50.855132635029932 ], [ -0.961857251223944, 50.855167724725852 ], [ -0.961855654385408, 50.855239655036058 ] ] ] } },
{ "type": "Feature", "properties": { "visible_points": 15, "total_points": 88, "visibility_pct": 17.045454545454543 }, "geometry": { "type": "Polygon", "coordinates": [ [ [ -0.961658835447787, 50.85523790386128 ], [ -0.961756446415195, 50.855274744643779 ], [ -0.961855654385407, 50.855239655036058 ], [ -0.961857251223943, 50.855167724725852 ], [ -0.961759640400853, 50.855130884027886 ], [ -0.961660432594909, 50.855165973555586 ], [ -0.961658835447787, 50.85523790386128 ] ] ] } },
{ "type": "Feature", "properties": { "visible_points": 14, "total_points": 84, "visibility_pct": 16.666666666666664 }, "geometry": { "type": "Polygon", "coordinates": [ [ [ -0.961462016530111, 50.855236152354593 ], [ -0.961559627333253, 50.855272993300794 ], [ -0.961658835447786, 50.85523790386128 ], [ -0.961660432594908, 50.855165973555586 ], [ -0.961562821936082, 50.855129132693932 ], [ -0.961463613985818, 50.855164222053425 ], [ -0.961462016530111, 50.855236152354593 ] ] ] } },
{ "type": "Feature", "properties": { "visible_points": 19, "total_points": 76, "visibility_pct": 25.0 }, "geometry": { "type": "Polygon", "coordinates": [ [ [ -0.961265197632384, 50.855234400516018 ], [ -0.961362808271258, 50.855271241625893 ], [ -0.96146201653011, 50.855236152354593 ], [ -0.961463613985817, 50.855164222053425 ], [ -0.961366003491257, 50.855127381028069 ], [ -0.961266795396676, 50.855162470219348 ], [ -0.961265197632384, 50.855234400516018 ] ] ] } },
{ "type": "Feature", "properties": { "visible_points": 15, "total_points": 86, "visibility_pct": 17.441860465116278 }, "geometry": { "type": "Polygon", "coordinates": [ [ [ -0.961951668822862, 50.855348425965929 ], [ -0.962049280263119, 50.855385266505586 ], [ -0.962148488253273, 50.855350176649623 ], [ -0.962150084638905, 50.855278246334024 ], [ -0.96205247334297, 50.855241405878928 ], [ -0.961953265517081, 50.855276495654863 ], [ -0.961951668822862, 50.855348425965929 ] ] ] } },
{ "type": "Feature", "properties": { "visible_points": 8, "total_points": 88, "visibility_pct": 9.0909090909090917 }, "geometry": { "type": "Polygon", "coordinates": [ [ [ -0.961754849412389, 50.85534667495034 ], [ -0.961852460688382, 50.855383515653685 ], [ -0.961951668822861, 50.855348425965929 ], [ -0.96195326551708, 50.855276495654863 ], [ -0.961855654385407, 50.855239655036058 ], [ -0.961756446415195, 50.855274744643779 ], [ -0.961754849412389, 50.85534667495034 ] ] ] } },
{ "type": "Feature", "properties": { "visible_points": 12, "total_points": 87, "visibility_pct": 13.793103448275861 }, "geometry": { "type": "Polygon", "coordinates": [ [ [ -0.96155803002186, 50.855344923602836 ], [ -0.961655641133586, 50.855381764469868 ], [ -0.961754849412388, 50.85534667495034 ], [ -0.961756446415194, 50.855274744643779 ], [ -0.961658835447786, 50.85523790386128 ], [ -0.961559627333253, 50.855272993300794 ], [ -0.96155803002186, 50.855344923602836 ] ] ] } },
{ "type": "Feature", "properties": { "visible_points": 16, "total_points": 83, "visibility_pct": 19.277108433734941 }, "geometry": { "type": "Polygon", "coordinates": [ [ [ -0.961361210651277, 50.855343171923415 ], [ -0.961458821598736, 50.855380012954157 ], [ -0.961558030021859, 50.855344923602836 ], [ -0.961559627333252, 50.855272993300794 ], [ -0.96146201653011, 50.855236152354593 ], [ -0.961362808271258, 50.855271241625893 ], [ -0.961361210651277, 50.855343171923415 ] ] ] } },
{ "type": "Feature", "properties": { "visible_points": 4, "total_points": 79, "visibility_pct": 5.0632911392405067 }, "geometry": { "type": "Polygon", "coordinates": [ [ [ -0.96204768371322, 50.855457196817532 ], [ -0.962145295462064, 50.855494037278021 ], [ -0.962244503616484, 50.855458947342036 ], [ -0.962246099857794, 50.855387017025578 ], [ -0.962148488253274, 50.855350176649623 ], [ -0.96204928026312, 50.855385266505586 ], [ -0.96204768371322, 50.855457196817532 ] ] ] } },
{ "type": "Feature", "properties": { "visible_points": 7, "total_points": 85, "visibility_pct": 8.235294117647058 }, "geometry": { "type": "Polygon", "coordinates": [ [ [ -0.961850863829894, 50.855455445961113 ], [ -0.961948475414473, 50.855492286585303 ], [ -0.962047683713219, 50.855457196817532 ], [ -0.962049280263119, 50.855385266505586 ], [ -0.961951668822862, 50.855348425965929 ], [ -0.961852460688383, 50.855383515653685 ], [ -0.961850863829894, 50.855455445961113 ] ] ] } },
{ "type": "Feature", "properties": { "visible_points": 8, "total_points": 87, "visibility_pct": 9.1954022988505741 }, "geometry": { "type": "Polygon", "coordinates": [ [ [ -0.961654043966509, 50.855453694772784 ], [ -0.961751655386822, 50.855490535560676 ], [ -0.961850863829893, 50.855455445961113 ], [ -0.961852460688382, 50.855383515653685 ], [ -0.961754849412389, 50.85534667495034 ], [ -0.961655641133587, 50.855381764469868 ], [ -0.961654043966509, 50.855453694772784 ] ] ] } },
{ "type": "Feature", "properties": { "visible_points": 18, "total_points": 86, "visibility_pct": 20.930232558139537 }, "geometry": { "type": "Polygon", "coordinates": [ [ [ -0.96145722412307, 50.855451943252554 ], [ -0.961554835379115, 50.855488784204134 ], [ -0.961654043966508, 50.855453694772784 ], [ -0.961655641133586, 50.855381764469868 ], [ -0.96155803002186, 50.855344923602836 ], [ -0.961458821598737, 50.855380012954157 ], [ -0.96145722412307, 50.855451943252554 ] ] ] } },
{ "type": "Feature", "properties": { "visible_points": 16, "total_points": 82, "visibility_pct": 19.512195121951219 }, "geometry": { "type": "Polygon", "coordinates": [ [ [ -0.96126040429958, 50.855450191400401 ], [ -0.961358015391354, 50.855487032515676 ], [ -0.961457224123069, 50.855451943252554 ], [ -0.961458821598736, 50.855380012954157 ], [ -0.961361210651277, 50.855343171923415 ], [ -0.961262002083836, 50.855378261106516 ], [ -0.96126040429958, 50.855450191400401 ] ] ] } },
{ "type": "Feature", "properties": { "visible_points": 11, "total_points": 79, "visibility_pct": 13.924050632911392 }, "geometry": { "type": "Polygon", "coordinates": [ [ [ -0.961946878700303, 50.855564216893605 ], [ -0.962044490593471, 50.855601057438641 ], [ -0.962143699056485, 50.855565967590842 ], [ -0.962145295462063, 50.855494037278021 ], [ -0.962047683713219, 50.855457196817532 ], [ -0.961948475414473, 50.855492286585303 ], [ -0.961946878700303, 50.855564216893605 ] ] ] } },
{ "type": "Feature", "properties": { "visible_points": 7, "total_points": 84, "visibility_pct": 8.3333333333333321 }, "geometry": { "type": "Polygon", "coordinates": [ [ [ -0.961750058364061, 50.855562465864452 ], [ -0.961847670092962, 50.85559930657319 ], [ -0.961946878700302, 50.855564216893605 ], [ -0.961948475414472, 50.855492286585303 ], [ -0.961850863829893, 50.855455445961113 ], [ -0.961751655386822, 50.855490535560676 ], [ -0.961750058364061, 50.855562465864452 ] ] ] } },
{ "type": "Feature", "properties": { "visible_points": 7, "total_points": 86, "visibility_pct": 8.1395348837209305 }, "geometry": { "type": "Polygon", "coordinates": [ [ [ -0.961553238047763, 50.855560714503397 ], [ -0.961650849612395, 50.855597555375823 ], [ -0.96175005836406, 50.855562465864452 ], [ -0.961751655386821, 50.855490535560676 ], [ -0.961654043966508, 50.855453694772784 ], [ -0.961554835379115, 50.855488784204134 ], [ -0.961553238047763, 50.855560714503397 ] ] ] } },
{ "type": "Feature", "properties": { "visible_points": 16, "total_points": 85, "visibility_pct": 18.823529411764707 }, "geometry": { "type": "Polygon", "coordinates": [ [ [ -0.961356417751411, 50.855558962810427 ], [ -0.961454029151774, 50.855595803846562 ], [ -0.961553238047762, 50.855560714503397 ], [ -0.961554835379114, 50.855488784204134 ], [ -0.961457224123069, 50.855451943252554 ], [ -0.961358015391354, 50.855487032515676 ], [ -0.961356417751411, 50.855558962810427 ] ] ] } },
{ "type": "Feature", "properties": { "visible_points": 13, "total_points": 80, "visibility_pct": 16.25 }, "geometry": { "type": "Polygon", "coordinates": [ [ [ -0.961846073214521, 50.855671236877832 ], [ -0.961943685252013, 50.855708077507423 ], [ -0.962042894023622, 50.855672987747795 ], [ -0.962044490593471, 50.855601057438641 ], [ -0.961946878700303, 50.855564216893605 ], [ -0.961847670092963, 50.85559930657319 ], [ -0.961846073214521, 50.855671236877832 ] ] ] } },
{ "type": "Feature", "properties": { "visible_points": 7, "total_points": 84, "visibility_pct": 8.3333333333333321 }, "geometry": { "type": "Polygon", "coordinates": [ [ [ -0.961649252425361, 50.855669485675961 ], [ -0.961746864298584, 50.855706326469239 ], [ -0.961846073214521, 50.855671236877832 ], [ -0.961847670092962, 50.85559930657319 ], [ -0.961750058364061, 50.855562465864452 ], [ -0.961650849612396, 50.855597555375823 ], [ -0.961649252425361, 50.855669485675961 ] ] ] } },
{ "type": "Feature", "properties": { "visible_points": 15, "total_points": 86, "visibility_pct": 17.441860465116278 }, "geometry": { "type": "Polygon", "coordinates": [ [ [ -0.961452431656147, 50.855667734142159 ], [ -0.9615500433651, 50.855704575099132 ], [ -0.96164925242536, 50.855669485675961 ], [ -0.961650849612395, 50.855597555375823 ], [ -0.961553238047763, 50.855560714503397 ], [ -0.961454029151775, 50.855595803846562 ], [ -0.961452431656147, 50.855667734142159 ] ] ] } },
{ "type": "Feature", "properties": { "visible_points": 17, "total_points": 85, "visibility_pct": 20.0 }, "geometry": { "type": "Polygon", "coordinates": [ [ [ -0.961255610906883, 50.855665982276456 ], [ -0.961353222451564, 50.855702823397124 ], [ -0.961452431656147, 50.855667734142159 ], [ -0.961454029151774, 50.855595803846562 ], [ -0.961356417751411, 50.855558962810427 ], [ -0.961257208711104, 50.855594051985364 ], [ -0.961255610906883, 50.855665982276456 ] ] ] } },
{ "type": "Feature", "properties": { "visible_points": 15, "total_points": 81, "visibility_pct": 18.518518518518519 }, "geometry": { "type": "Polygon", "coordinates": [ [ [ -0.961745267255868, 50.855778256770243 ], [ -0.961842879437683, 50.855815097484367 ], [ -0.96194208851789, 50.855780007812939 ], [ -0.961943685252012, 50.855708077507423 ], [ -0.961846073214521, 50.855671236877832 ], [ -0.961746864298584, 50.855706326469239 ], [ -0.961745267255868, 50.855778256770243 ] ] ] } },
{ "type": "Feature", "properties": { "visible_points": 8, "total_points": 85, "visibility_pct": 9.4117647058823533 }, "geometry": { "type": "Polygon", "coordinates": [ [ [ -0.961548446013789, 50.855776505395632 ], [ -0.961646058031334, 50.855813346273436 ], [ -0.961745267255868, 50.855778256770243 ], [ -0.961746864298583, 50.855706326469239 ], [ -0.96164925242536, 50.855669485675961 ], [ -0.9615500433651, 50.855704575099132 ], [ -0.961548446013789, 50.855776505395632 ] ] ] } },
{ "type": "Feature", "properties": { "visible_points": 13, "total_points": 87, "visibility_pct": 14.942528735632186 }, "geometry": { "type": "Polygon", "coordinates": [ [ [ -0.961351624791658, 50.855774753689104 ], [ -0.961449236644931, 50.855811594730625 ], [ -0.961548446013788, 50.855776505395632 ], [ -0.961550043365099, 50.855704575099132 ], [ -0.961452431656147, 50.855667734142159 ], [ -0.961353222451564, 50.855702823397124 ], [ -0.961351624791658, 50.855774753689104 ] ] ] } },
{ "type": "Feature", "properties": { "visible_points": 15, "total_points": 86, "visibility_pct": 17.441860465116278 }, "geometry": { "type": "Polygon", "coordinates": [ [ [ -0.961154803589479, 50.855773001650654 ], [ -0.961252415278477, 50.855809842855876 ], [ -0.961351624791657, 50.855774753689104 ], [ -0.961353222451563, 50.855702823397124 ], [ -0.961255610906882, 50.855665982276456 ], [ -0.961156401557979, 50.8557010713632 ], [ -0.961154803589479, 50.855773001650654 ] ] ] } },
{ "type": "Feature", "properties": { "visible_points": 15, "total_points": 82, "visibility_pct": 18.292682926829269 }, "geometry": { "type": "Polygon", "coordinates": [ [ [ -0.961644460824343, 50.855885276570802 ], [ -0.961742073150481, 50.855922117369474 ], [ -0.961841282539288, 50.855887027786238 ], [ -0.961842879437683, 50.855815097484367 ], [ -0.961745267255868, 50.855778256770243 ], [ -0.961646058031335, 50.855813346273436 ], [ -0.961644460824343, 50.855885276570802 ] ] ] } },
{ "type": "Feature", "properties": { "visible_points": 11, "total_points": 87, "visibility_pct": 12.643678160919542 }, "geometry": { "type": "Polygon", "coordinates": [ [ [ -0.961447639129343, 50.855883525023458 ], [ -0.961545251291209, 50.855920365985824 ], [ -0.961644460824342, 50.855885276570802 ], [ -0.961646058031334, 50.855813346273436 ], [ -0.961548446013789, 50.855776505395632 ], [ -0.961449236644931, 50.855811594730625 ], [ -0.961447639129343, 50.855883525023458 ] ] ] } },
{ "type": "Feature", "properties": { "visible_points": 10, "total_points": 89, "visibility_pct": 11.235955056179774 }, "geometry": { "type": "Polygon", "coordinates": [ [ [ -0.961250817454293, 50.855881773144191 ], [ -0.961348429451885, 50.855918614270259 ], [ -0.961447639129342, 50.855883525023458 ], [ -0.961449236644931, 50.855811594730625 ], [ -0.961351624791658, 50.855774753689104 ], [ -0.961252415278478, 50.855809842855876 ], [ -0.961250817454293, 50.855881773144191 ] ] ] } },
{ "type": "Feature", "properties": { "visible_points": 14, "total_points": 89, "visibility_pct": 15.730337078651685 }, "geometry": { "type": "Polygon", "coordinates": [ [ [ -0.961053995799197, 50.855880020933007 ], [ -0.961151607632513, 50.85591686222277 ], [ -0.961250817454292, 50.855881773144191 ], [ -0.961252415278477, 50.855809842855876 ], [ -0.961154803589479, 50.855773001650654 ], [ -0.961055593931978, 50.855808090649212 ], [ -0.961053995799197, 50.855880020933007 ] ] ] } },
{ "type": "Feature", "properties": { "visible_points": 10, "total_points": 83, "visibility_pct": 12.048192771084338 }, "geometry": { "type": "Polygon", "coordinates": [ [ [ -0.961543653919939, 50.855992296279538 ], [ -0.961641266390401, 50.856029137162743 ], [ -0.961740476087809, 50.8559940476677 ], [ -0.96174207315048, 50.855922117369474 ], [ -0.961644460824342, 50.855885276570802 ], [ -0.961545251291209, 50.855920365985824 ], [ -0.961543653919939, 50.855992296279538 ] ] ] } },
{ "type": "Feature", "properties": { "visible_points": 3, "total_points": 89, "visibility_pct": 3.3707865168539324 }, "geometry": { "type": "Polygon", "coordinates": [ [ [ -0.961346831772016, 50.855990544559447 ], [ -0.961444444078204, 50.856027385606353 ], [ -0.961543653919938, 50.855992296279538 ], [ -0.961545251291208, 50.855920365985824 ], [ -0.961447639129342, 50.855883525023458 ], [ -0.961348429451885, 50.855918614270259 ], [ -0.961346831772016, 50.855990544559447 ] ] ] } },
{ "type": "Feature", "properties": { "visible_points": 13, "total_points": 91, "visibility_pct": 14.285714285714285 }, "geometry": { "type": "Polygon", "coordinates": [ [ [ -0.961150009644046, 50.855988792507453 ], [ -0.961247621785957, 50.856025633718055 ], [ -0.961346831772016, 50.855990544559447 ], [ -0.961348429451884, 50.855918614270259 ], [ -0.961250817454292, 50.855881773144191 ], [ -0.961151607632513, 50.85591686222277 ], [ -0.961150009644046, 50.855988792507453 ] ] ] } },
{ "type": "Feature", "properties": { "visible_points": 11, "total_points": 91, "visibility_pct": 12.087912087912088 }, "geometry": { "type": "Polygon", "coordinates": [ [ [ -0.960953187536031, 50.85598704012353 ], [ -0.961050799513664, 50.856023881497833 ], [ -0.961150009644045, 50.855988792507453 ], [ -0.961151607632512, 50.85591686222277 ], [ -0.961053995799196, 50.855880020933007 ], [ -0.960954785833096, 50.85591510984338 ], [ -0.960953187536031, 50.85598704012353 ] ] ] } },
{ "type": "Feature", "properties": { "visible_points": 2, "total_points": 76, "visibility_pct": 2.6315789473684208 }, "geometry": { "type": "Polygon", "coordinates": [ [ [ -0.961639669163453, 50.856101067457317 ], [ -0.961737281942512, 50.856137908261381 ], [ -0.961836491804195, 50.856102818686303 ], [ -0.961838088722544, 50.856030888387203 ], [ -0.96174047608781, 50.8559940476677 ], [ -0.961641266390402, 50.856029137162743 ], [ -0.961639669163453, 50.856101067457317 ] ] ] } },
{ "type": "Feature", "properties": { "visible_points": 3, "total_points": 82, "visibility_pct": 3.6585365853658534 }, "geometry": { "type": "Polygon", "coordinates": [ [ [ -0.961442846542655, 50.856099315896415 ], [ -0.96154045915744, 50.856136156864174 ], [ -0.961639669163452, 50.856101067457317 ], [ -0.961641266390401, 50.856029137162743 ], [ -0.961543653919939, 50.855992296279538 ], [ -0.961444444078205, 50.856027385606353 ], [ -0.961442846542655, 50.856099315896415 ] ] ] } },
{ "type": "Feature", "properties": { "visible_points": 4, "total_points": 86, "visibility_pct": 4.6511627906976747 }, "geometry": { "type": "Polygon", "coordinates": [ [ [ -0.961246023941808, 50.856097564003598 ], [ -0.961343636392317, 50.856134405135052 ], [ -0.961442846542654, 50.856099315896415 ], [ -0.961444444078204, 50.856027385606353 ], [ -0.961346831772016, 50.855990544559447 ], [ -0.961247621785958, 50.856025633718055 ], [ -0.961246023941808, 50.856097564003598 ] ] ] } },
{ "type": "Feature", "properties": { "visible_points": 10, "total_points": 88, "visibility_pct": 11.363636363636363 }, "geometry": { "type": "Polygon", "coordinates": [ [ [ -0.961049201360915, 50.856095811778857 ], [ -0.961146813647146, 50.856132653074013 ], [ -0.961246023941807, 50.856097564003598 ], [ -0.961247621785957, 50.856025633718055 ], [ -0.961150009644046, 50.855988792507453 ], [ -0.961050799513665, 50.856023881497833 ], [ -0.961049201360915, 50.856095811778857 ] ] ] } },
{ "type": "Feature", "properties": { "visible_points": 9, "total_points": 90, "visibility_pct": 10.0 }, "geometry": { "type": "Polygon", "coordinates": [ [ [ -0.96085237879998, 50.856094059222208 ], [ -0.960949990921931, 50.856130900681045 ], [ -0.961049201360914, 50.856095811778857 ], [ -0.961050799513664, 50.856023881497833 ], [ -0.960953187536031, 50.85598704012353 ], [ -0.96085397726133, 50.856022128945696 ], [ -0.96085237879998, 50.856094059222208 ] ] ] } },
{ "type": "Feature", "properties": { "visible_points": 7, "total_points": 87, "visibility_pct": 8.0459770114942533 }, "geometry": { "type": "Polygon", "coordinates": [ [ [ -0.960655556259007, 50.856092306333629 ], [ -0.960753168216676, 50.856129147956175 ], [ -0.96085237879998, 50.856094059222208 ], [ -0.96085397726133, 50.856022128945696 ], [ -0.960756365447976, 50.855985287407691 ], [ -0.960657155028957, 50.85602037606165 ], [ -0.960655556259007, 50.856092306333629 ] ] ] } },
{ "type": "Feature", "properties": { "visible_points": 7, "total_points": 66, "visibility_pct": 10.606060606060606 }, "geometry": { "type": "Polygon", "coordinates": [ [ [ -0.958687331948003, 50.856074759192445 ], [ -0.958784942262753, 50.856111602451946 ], [ -0.95888415428915, 50.856076515400183 ], [ -0.958885755836494, 50.856004585168947 ], [ -0.958788145666041, 50.855967741993979 ], [ -0.958688933803947, 50.856002828965721 ], [ -0.958687331948003, 50.856074759192445 ] ] ] } },
{ "type": "Feature", "properties": { "visible_points": 4, "total_points": 60, "visibility_pct": 6.666666666666667 }, "geometry": { "type": "Polygon", "coordinates": [ [ [ -0.958490509626859, 50.856073002652771 ], [ -0.958588119777307, 50.856109846075974 ], [ -0.958687331948003, 50.856074759192445 ], [ -0.958688933803946, 50.856002828965721 ], [ -0.958591323797792, 50.855965985627073 ], [ -0.958492111791402, 50.856001072430587 ], [ -0.958490509626859, 50.856073002652771 ] ] ] } },
{ "type": "Feature", "properties": { "visible_points": 9, "total_points": 53, "visibility_pct": 16.981132075471699 }, "geometry": { "type": "Polygon", "coordinates": [ [ [ -0.958293687325723, 50.856071245781209 ], [ -0.958391297311866, 50.856108089368085 ], [ -0.958490509626859, 50.856073002652771 ], [ -0.958492111791401, 50.856001072430587 ], [ -0.958394501949549, 50.855964228928251 ], [ -0.958295289798864, 50.855999315563551 ], [ -0.958293687325723, 50.856071245781209 ] ] ] } },
{ "type": "Feature", "properties": { "visible_points": 7, "total_points": 73, "visibility_pct": 9.5890410958904102 }, "geometry": { "type": "Polygon", "coordinates": [ [ [ -0.961538861766211, 50.856208087155103 ], [ -0.961636474689595, 50.856244928043708 ], [ -0.961735684859884, 50.856209838556815 ], [ -0.961737281942511, 50.856137908261381 ], [ -0.961639669163452, 50.856101067457317 ], [ -0.96154045915744, 50.856136156864174 ], [ -0.961538861766211, 50.856208087155103 ] ] ] } },
{ "type": "Feature", "properties": { "visible_points": 4, "total_points": 80, "visibility_pct": 5.0 }, "geometry": { "type": "Polygon", "coordinates": [ [ [ -0.961342038692486, 50.856206335421462 ], [ -0.961439651451593, 50.856243176473768 ], [ -0.96153886176621, 50.856208087155103 ], [ -0.961540459157439, 50.856136156864174 ], [ -0.961442846542654, 50.856099315896415 ], [ -0.961343636392317, 50.856134405135052 ], [ -0.961342038692486, 50.856206335421462 ] ] ] } },
{ "type": "Feature", "properties": { "visible_points": 6, "total_points": 84, "visibility_pct": 7.1428571428571423 }, "geometry": { "type": "Polygon", "coordinates": [ [ [ -0.961145215638713, 50.856204583355897 ], [ -0.961242828233542, 50.856241424571898 ], [ -0.961342038692485, 50.856206335421462 ], [ -0.961343636392316, 50.856134405135052 ], [ -0.961246023941807, 50.856097564003598 ], [ -0.961146813647146, 50.856132653074013 ], [ -0.961145215638713, 50.856204583355897 ] ] ] } },
{ "type": "Feature", "properties": { "visible_points": 3, "total_points": 87, "visibility_pct": 3.4482758620689653 }, "geometry": { "type": "Polygon", "coordinates": [ [ [ -0.960948392604896, 50.856202830958424 ], [ -0.961046005035446, 50.856239672338127 ], [ -0.961145215638712, 50.856204583355897 ], [ -0.961146813647145, 50.856132653074013 ], [ -0.961049201360914, 50.856095811778857 ], [ -0.960949990921931, 50.856130900681045 ], [ -0.960948392604896, 50.856202830958424 ] ] ] } },
{ "type": "Feature", "properties": { "visible_points": 9, "total_points": 90, "visibility_pct": 10.0 }, "geometry": { "type": "Polygon", "coordinates": [ [ [ -0.960751569591039, 50.85620107822902 ], [ -0.960849181857307, 50.856237919772425 ], [ -0.960948392604895, 50.856202830958424 ], [ -0.96094999092193, 50.856130900681045 ], [ -0.96085237879998, 50.856094059222208 ], [ -0.960753168216676, 50.856129147956175 ], [ -0.960751569591039, 50.85620107822902 ] ] ] } },
{ "type": "Feature", "properties": { "visible_points": 7, "total_points": 88, "visibility_pct": 7.9545454545454541 }, "geometry": { "type": "Polygon", "coordinates": [ [ [ -0.960554746597146, 50.856199325167701 ], [ -0.96065235869913, 50.856236166874808 ], [ -0.960751569591038, 50.85620107822902 ], [ -0.960753168216675, 50.856129147956175 ], [ -0.960655556259006, 50.856092306333629 ], [ -0.960556345531385, 50.856127394899381 ], [ -0.960554746597146, 50.856199325167701 ] ] ] } },
{ "type": "Feature", "properties": { "visible_points": 7, "total_points": 86, "visibility_pct": 8.1395348837209305 }, "geometry": { "type": "Polygon", "coordinates": [ [ [ -0.96035792362322, 50.85619757177448 ], [ -0.960455535560919, 50.856234413645268 ], [ -0.960554746597145, 50.856199325167701 ], [ -0.960556345531384, 50.856127394899381 ], [ -0.960458733737998, 50.856090553113134 ], [ -0.960359522866061, 50.856125641510666 ], [ -0.96035792362322, 50.85619757177448 ] ] ] } },
{ "type": "Feature", "properties": { "visible_points": 3, "total_points": 85, "visibility_pct": 3.5294117647058822 }, "geometry": { "type": "Polygon", "coordinates": [ [ [ -0.959964277735286, 50.856194063992241 ], [ -0.960061889344408, 50.856230906190433 ], [ -0.960161100669265, 50.856195818049315 ], [ -0.960162700220707, 50.856123887790027 ], [ -0.960065088755894, 50.856087045676396 ], [ -0.95996587759533, 50.856122133737493 ], [ -0.959964277735286, 50.856194063992241 ] ] ] } },
{ "type": "Feature", "properties": { "visible_points": 3, "total_points": 86, "visibility_pct": 3.4883720930232558 }, "geometry": { "type": "Polygon", "coordinates": [ [ [ -0.959767454821286, 50.856192309603252 ], [ -0.959865066266117, 50.856229151965145 ], [ -0.959964277735286, 50.856194063992241 ], [ -0.959965877595329, 50.856122133737493 ], [ -0.959868266294806, 50.856085291460154 ], [ -0.959769054989931, 50.856120379353023 ], [ -0.959767454821286, 50.856192309603252 ] ] ] } },
{ "type": "Feature", "properties": { "visible_points": 3, "total_points": 85, "visibility_pct": 3.5294117647058822 }, "geometry": { "type": "Polygon", "coordinates": [ [ [ -0.959570631927269, 50.856190554882353 ], [ -0.959668243207807, 50.856227397407928 ], [ -0.959767454821285, 50.856192309603252 ], [ -0.95976905498993, 50.856120379353023 ], [ -0.959671443853698, 50.856083536911996 ], [ -0.959572232404515, 50.856118624636636 ], [ -0.959570631927269, 50.856190554882353 ] ] ] } },
{ "type": "Feature", "properties": { "visible_points": 5, "total_points": 85, "visibility_pct": 5.8823529411764701 }, "geometry": { "type": "Polygon", "coordinates": [ [ [ -0.959373809053238, 50.856188799829518 ], [ -0.959471420169481, 50.856225642518801 ], [ -0.959570631927268, 50.856190554882353 ], [ -0.959572232404514, 50.856118624636636 ], [ -0.959474621432575, 50.856081782031922 ], [ -0.959375409839085, 50.856116869588348 ], [ -0.959373809053238, 50.856188799829518 ] ] ] } },
{ "type": "Feature", "properties": { "visible_points": 30, "total_points": 85, "visibility_pct": 35.294117647058826 }, "geometry": { "type": "Polygon", "coordinates": [ [ [ -0.959176986199197, 50.856187044444766 ], [ -0.959274597151144, 50.856223887297752 ], [ -0.959373809053237, 50.856188799829518 ], [ -0.959375409839085, 50.856116869588348 ], [ -0.95927779903144, 50.856080026819924 ], [ -0.959178587293646, 50.856115114208123 ], [ -0.959176986199197, 50.856187044444766 ] ] ] } },
{ "type": "Feature", "properties": { "visible_points": 21, "total_points": 83, "visibility_pct": 25.301204819277107 }, "geometry": { "type": "Polygon", "coordinates": [ [ [ -0.958980163365151, 50.856185288728106 ], [ -0.959077774152799, 50.856222131744786 ], [ -0.959176986199196, 50.856187044444766 ], [ -0.959178587293645, 50.856115114208123 ], [ -0.959080976650297, 50.856078271276012 ], [ -0.9589817647682, 50.856113358496003 ], [ -0.958980163365151, 50.856185288728106 ] ] ] } },
{ "type": "Feature", "properties": { "visible_points": 23, "total_points": 79, "visibility_pct": 29.11392405063291 }, "geometry": { "type": "Polygon", "coordinates": [ [ [ -0.958783340551102, 50.856183532679523 ], [ -0.95888095117445, 50.856220375859891 ], [ -0.95898016336515, 50.856185288728106 ], [ -0.958981764768199, 50.856113358496003 ], [ -0.95888415428915, 50.856076515400183 ], [ -0.958784942262753, 50.856111602451946 ], [ -0.958783340551102, 50.856183532679523 ] ] ] } },
{ "type": "Feature", "properties": { "visible_points": 25, "total_points": 73, "visibility_pct": 34.246575342465754 }, "geometry": { "type": "Polygon", "coordinates": [ [ [ -0.958586517757056, 50.856181776299024 ], [ -0.958684128216101, 50.856218619643094 ], [ -0.958783340551102, 50.856183532679523 ], [ -0.958784942262752, 50.856111602451946 ], [ -0.958687331948003, 50.856074759192445 ], [ -0.958588119777307, 50.856109846075974 ], [ -0.958586517757056, 50.856181776299024 ] ] ] } },
{ "type": "Feature", "properties": { "visible_points": 1, "total_points": 65, "visibility_pct": 1.5384615384615385 }, "geometry": { "type": "Polygon", "coordinates": [ [ [ -0.958389694983015, 50.856180019586617 ], [ -0.958487305277756, 50.856216863094367 ], [ -0.958586517757055, 50.856181776299024 ], [ -0.958588119777306, 50.856109846075974 ], [ -0.958490509626859, 50.856073002652771 ], [ -0.958391297311866, 50.856108089368085 ], [ -0.958389694983015, 50.856180019586617 ] ] ] } },
{ "type": "Feature", "properties": { "visible_points": 3, "total_points": 71, "visibility_pct": 4.225352112676056 }, "geometry": { "type": "Polygon", "coordinates": [ [ [ -0.961438053896083, 50.856315106761052 ], [ -0.961535666963793, 50.856351947734183 ], [ -0.961634877442689, 50.856316858335511 ], [ -0.961636474689595, 50.856244928043708 ], [ -0.961538861766211, 50.856208087155103 ], [ -0.961439651451594, 50.856243176473768 ], [ -0.961438053896083, 50.856315106761052 ] ] ] } },
{ "type": "Feature", "properties": { "visible_points": 8, "total_points": 77, "visibility_pct": 10.38961038961039 }, "geometry": { "type": "Polygon", "coordinates": [ [ [ -0.961241230369428, 50.856313354854663 ], [ -0.961338843272859, 50.85635019599151 ], [ -0.961438053896083, 50.856315106761052 ], [ -0.961439651451593, 50.856243176473768 ], [ -0.961342038692486, 50.856206335421462 ], [ -0.961242828233543, 50.856241424571898 ], [ -0.961241230369428, 50.856313354854663 ] ] ] } },
{ "type": "Feature", "properties": { "visible_points": 4, "total_points": 82, "visibility_pct": 4.8780487804878048 }, "geometry": { "type": "Polygon", "coordinates": [ [ [ -0.961044406862727, 50.856311602616366 ], [ -0.961142019601878, 50.856348443916914 ], [ -0.961241230369427, 50.856313354854663 ], [ -0.961242828233542, 50.856241424571898 ], [ -0.961145215638713, 50.856204583355897 ], [ -0.961046005035446, 50.856239672338127 ], [ -0.961044406862727, 50.856311602616366 ] ] ] } },
{ "type": "Feature", "properties": { "visible_points": 3, "total_points": 87, "visibility_pct": 3.4482758620689653 }, "geometry": { "type": "Polygon", "coordinates": [ [ [ -0.960847583375985, 50.856309850046152 ], [ -0.960945195950854, 50.856346691510403 ], [ -0.961044406862726, 50.856311602616366 ], [ -0.961046005035446, 50.856239672338127 ], [ -0.960948392604896, 50.856202830958424 ], [ -0.960849181857308, 50.856237919772425 ], [ -0.960847583375985, 50.856309850046152 ] ] ] } },
{ "type": "Feature", "properties": { "visible_points": 2, "total_points": 90, "visibility_pct": 2.2222222222222223 }, "geometry": { "type": "Polygon", "coordinates": [ [ [ -0.960650759909204, 50.856308097144002 ], [ -0.960748372319789, 50.856344938771947 ], [ -0.960847583375984, 50.856309850046152 ], [ -0.960849181857307, 50.856237919772425 ], [ -0.960751569591039, 50.85620107822902 ], [ -0.960652358699131, 50.856236166874808 ], [ -0.960650759909204, 50.856308097144002 ] ] ] } },
{ "type": "Feature", "properties": { "visible_points": 0, "total_points": 90, "visibility_pct": 0.0 }, "geometry": { "type": "Polygon", "coordinates": [ [ [ -0.960453936462389, 50.856306343909949 ], [ -0.960551548708688, 50.856343185701583 ], [ -0.960650759909203, 50.856308097144002 ], [ -0.96065235869913, 50.856236166874808 ], [ -0.960554746597146, 50.856199325167701 ], [ -0.960455535560919, 50.856234413645268 ], [ -0.960453936462389, 50.856306343909949 ] ] ] } },
{ "type": "Feature", "properties": { "visible_points": 8, "total_points": 91, "visibility_pct": 8.791208791208792 }, "geometry": { "type": "Polygon", "coordinates": [ [ [ -0.960257113035544, 50.856304590343974 ], [ -0.960354725117556, 50.856341432299317 ], [ -0.960453936462388, 50.856306343909949 ], [ -0.960455535560919, 50.856234413645268 ], [ -0.96035792362322, 50.85619757177448 ], [ -0.960258712442678, 50.856232660083819 ], [ -0.960257113035544, 50.856304590343974 ] ] ] } },
{ "type": "Feature", "properties": { "visible_points": 13, "total_points": 92, "visibility_pct": 14.130434782608695 }, "geometry": { "type": "Polygon", "coordinates": [ [ [ -0.960060289628672, 50.856302836446076 ], [ -0.960157901546395, 50.856339678565107 ], [ -0.960257113035543, 50.856304590343974 ], [ -0.960258712442677, 50.856232660083819 ], [ -0.960161100669266, 50.856195818049315 ], [ -0.960061889344409, 50.856230906190433 ], [ -0.960060289628672, 50.856302836446076 ] ] ] } },
{ "type": "Feature", "properties": { "visible_points": 8, "total_points": 93, "visibility_pct": 8.6021505376344098 }, "geometry": { "type": "Polygon", "coordinates": [ [ [ -0.959863466241778, 50.856301082216255 ], [ -0.959961077995209, 50.856337924498987 ], [ -0.960060289628671, 50.856302836446076 ], [ -0.960061889344408, 50.856230906190433 ], [ -0.959964277735286, 50.856194063992241 ], [ -0.959865066266118, 50.856229151965145 ], [ -0.959863466241778, 50.856301082216255 ] ] ] } },
{ "type": "Feature", "properties": { "visible_points": 10, "total_points": 95, "visibility_pct": 10.526315789473683 }, "geometry": { "type": "Polygon", "coordinates": [ [ [ -0.959666642874864, 50.856299327654511 ], [ -0.959764254464002, 50.856336170100953 ], [ -0.959863466241777, 50.856301082216255 ], [ -0.959865066266117, 50.856229151965145 ], [ -0.959767454821286, 50.856192309603252 ], [ -0.959668243207807, 50.856227397407928 ], [ -0.959666642874864, 50.856299327654511 ] ] ] } },
{ "type": "Feature", "properties": { "visible_points": 5, "total_points": 95, "visibility_pct": 5.2631578947368416 }, "geometry": { "type": "Polygon", "coordinates": [ [ [ -0.959469819527935, 50.856297572760859 ], [ -0.959567430952779, 50.856334415370988 ], [ -0.959666642874863, 50.856299327654511 ], [ -0.959668243207807, 50.856227397407928 ], [ -0.959570631927269, 50.856190554882353 ], [ -0.959471420169482, 50.856225642518801 ], [ -0.959469819527935, 50.856297572760859 ] ] ] } },
{ "type": "Feature", "properties": { "visible_points": 4, "total_points": 95, "visibility_pct": 4.2105263157894735 }, "geometry": { "type": "Polygon", "coordinates": [ [ [ -0.959272996200995, 50.856295817535276 ], [ -0.959370607461542, 50.8563326603091 ], [ -0.959469819527934, 50.856297572760859 ], [ -0.959471420169481, 50.856225642518801 ], [ -0.959373809053238, 50.856188799829518 ], [ -0.959274597151145, 50.856223887297752 ], [ -0.959272996200995, 50.856295817535276 ] ] ] } },
{ "type": "Feature", "properties": { "visible_points": 4, "total_points": 96, "visibility_pct": 4.1666666666666661 }, "geometry": { "type": "Polygon", "coordinates": [ [ [ -0.959076172894047, 50.856294061977778 ], [ -0.959173783990296, 50.856330904915296 ], [ -0.959272996200994, 50.856295817535276 ], [ -0.959274597151144, 50.856223887297752 ], [ -0.959176986199197, 50.856187044444766 ], [ -0.9590777741528, 50.856222131744786 ], [ -0.959076172894047, 50.856294061977778 ] ] ] } },
{ "type": "Feature", "properties": { "visible_points": 3, "total_points": 92, "visibility_pct": 3.2608695652173911 }, "geometry": { "type": "Polygon", "coordinates": [ [ [ -0.958879349607096, 50.856292306088363 ], [ -0.958976960539044, 50.85632914918957 ], [ -0.959076172894047, 50.856294061977778 ], [ -0.959077774152799, 50.856222131744786 ], [ -0.958980163365151, 50.856185288728106 ], [ -0.958880951174451, 50.856220375859891 ], [ -0.958879349607096, 50.856292306088363 ] ] ] } },
{ "type": "Feature", "properties": { "visible_points": 2, "total_points": 86, "visibility_pct": 2.3255813953488373 }, "geometry": { "type": "Polygon", "coordinates": [ [ [ -0.958682526340145, 50.856290549867033 ], [ -0.95878013710779, 50.856327393131934 ], [ -0.958879349607095, 50.856292306088363 ], [ -0.95888095117445, 50.856220375859891 ], [ -0.958783340551102, 50.856183532679523 ], [ -0.958684128216102, 50.856218619643094 ], [ -0.958682526340145, 50.856290549867033 ] ] ] } },
{ "type": "Feature", "properties": { "visible_points": 20, "total_points": 77, "visibility_pct": 25.97402597402597 }, "geometry": { "type": "Polygon", "coordinates": [ [ [ -0.958485703093197, 50.856288793313773 ], [ -0.958583313696538, 50.856325636742383 ], [ -0.958682526340144, 50.856290549867033 ], [ -0.958684128216101, 50.856218619643094 ], [ -0.958586517757056, 50.856181776299024 ], [ -0.958487305277757, 50.856216863094367 ], [ -0.958485703093197, 50.856288793313773 ] ] ] } },
{ "type": "Feature", "properties": { "visible_points": 1, "total_points": 68, "visibility_pct": 1.4705882352941175 }, "geometry": { "type": "Polygon", "coordinates": [ [ [ -0.958288879866257, 50.85628703642859 ], [ -0.958386490305292, 50.856323880020895 ], [ -0.958485703093196, 50.856288793313773 ], [ -0.958487305277756, 50.856216863094367 ], [ -0.958389694983015, 50.856180019586617 ], [ -0.95829048235942, 50.856215106213725 ], [ -0.958288879866257, 50.85628703642859 ] ] ] } },
{ "type": "Feature", "properties": { "visible_points": 1, "total_points": 68, "visibility_pct": 1.4705882352941175 }, "geometry": { "type": "Polygon", "coordinates": [ [ [ -0.961337245553064, 50.856422126275149 ], [ -0.961434858765099, 50.856458967332834 ], [ -0.961534069552603, 50.856423878022341 ], [ -0.961535666963792, 50.856351947734183 ], [ -0.961438053896083, 50.856315106761052 ], [ -0.961338843272859, 50.85635019599151 ], [ -0.961337245553064, 50.856422126275149 ] ] ] } },
{ "type": "Feature", "properties": { "visible_points": 0, "total_points": 76, "visibility_pct": 0.0 }, "geometry": { "type": "Polygon", "coordinates": [ [ [ -0.961140421573478, 50.856420374196027 ], [ -0.961238034621232, 50.856457215417414 ], [ -0.961337245553063, 50.856422126275149 ], [ -0.961338843272859, 50.85635019599151 ], [ -0.961241230369427, 50.856313354854663 ], [ -0.961142019601878, 50.856348443916914 ], [ -0.961140421573478, 50.856420374196027 ] ] ] } },
{ "type": "Feature", "properties": { "visible_points": 0, "total_points": 82, "visibility_pct": 0.0 }, "geometry": { "type": "Polygon", "coordinates": [ [ [ -0.960943597613847, 50.856418621784982 ], [ -0.961041210497319, 50.856455463170072 ], [ -0.961140421573477, 50.856420374196027 ], [ -0.961142019601878, 50.856348443916914 ], [ -0.961044406862726, 50.856311602616366 ], [ -0.960945195950854, 50.856346691510403 ], [ -0.960943597613847, 50.856418621784982 ] ] ] } },
{ "type": "Feature", "properties": { "visible_points": 0, "total_points": 88, "visibility_pct": 0.0 }, "geometry": { "type": "Polygon", "coordinates": [ [ [ -0.960746773674177, 50.856416869042029 ], [ -0.960844386393365, 50.856453710590813 ], [ -0.960943597613846, 50.856418621784982 ], [ -0.960945195950853, 50.856346691510403 ], [ -0.960847583375984, 50.856309850046152 ], [ -0.960748372319789, 50.856344938771947 ], [ -0.960746773674177, 50.856416869042029 ] ] ] } },
{ "type": "Feature", "properties": { "visible_points": 17, "total_points": 96, "visibility_pct": 17.708333333333336 }, "geometry": { "type": "Polygon", "coordinates": [ [ [ -0.960156301974966, 50.856411608821602 ], [ -0.960253914201292, 50.856448450861492 ], [ -0.960353125854732, 50.856413362560339 ], [ -0.960354725117555, 50.856341432299317 ], [ -0.960257113035543, 50.856304590343974 ], [ -0.960157901546395, 50.856339678565107 ], [ -0.960156301974966, 50.856411608821602 ] ] ] } },
{ "type": "Feature", "properties": { "visible_points": 9, "total_points": 99, "visibility_pct": 9.0909090909090917 }, "geometry": { "type": "Polygon", "coordinates": [ [ [ -0.959959478115175, 50.856409854750972 ], [ -0.960057090177209, 50.856446696954549 ], [ -0.960156301974965, 50.856411608821602 ], [ -0.960157901546394, 50.856339678565107 ], [ -0.960060289628671, 50.856302836446076 ], [ -0.959961077995209, 50.856337924498987 ], [ -0.959959478115175, 50.856409854750972 ] ] ] } },
{ "type": "Feature", "properties": { "visible_points": 10, "total_points": 101, "visibility_pct": 9.9009900990099009 }, "geometry": { "type": "Polygon", "coordinates": [ [ [ -0.959762654275363, 50.856408100348396 ], [ -0.959860266173104, 50.856444942715676 ], [ -0.959959478115175, 50.856409854750972 ], [ -0.959961077995208, 50.856337924498987 ], [ -0.959863466241777, 50.856301082216255 ], [ -0.959764254464002, 50.856336170100953 ], [ -0.959762654275363, 50.856408100348396 ] ] ] } },
{ "type": "Feature", "properties": { "visible_points": 11, "total_points": 104, "visibility_pct": 10.576923076923077 }, "geometry": { "type": "Polygon", "coordinates": [ [ [ -0.959565830455535, 50.856406345613912 ], [ -0.95966344218898, 50.856443188144894 ], [ -0.959762654275363, 50.856408100348396 ], [ -0.959764254464001, 50.856336170100953 ], [ -0.959666642874863, 50.856299327654511 ], [ -0.959567430952779, 50.856334415370988 ], [ -0.959565830455535, 50.856406345613912 ] ] ] } },
{ "type": "Feature", "properties": { "visible_points": 31, "total_points": 104, "visibility_pct": 29.807692307692307 }, "geometry": { "type": "Polygon", "coordinates": [ [ [ -0.959369006655693, 50.856404590547498 ], [ -0.959466618224842, 50.856441433242182 ], [ -0.959565830455534, 50.856406345613912 ], [ -0.959567430952778, 50.856334415370988 ], [ -0.959469819527934, 50.856297572760859 ], [ -0.959370607461542, 50.8563326603091 ], [ -0.959369006655693, 50.856404590547498 ] ] ] } },
{ "type": "Feature", "properties": { "visible_points": 33, "total_points": 105, "visibility_pct": 31.428571428571427 }, "geometry": { "type": "Polygon", "coordinates": [ [ [ -0.959172182875842, 50.856402835149169 ], [ -0.959269794280692, 50.85643967800754 ], [ -0.959369006655692, 50.856404590547498 ], [ -0.959370607461541, 50.8563326603091 ], [ -0.959272996200994, 50.856295817535276 ], [ -0.959173783990296, 50.856330904915296 ], [ -0.959172182875842, 50.856402835149169 ] ] ] } },
{ "type": "Feature", "properties": { "visible_points": 2, "total_points": 105, "visibility_pct": 1.9047619047619049 }, "geometry": { "type": "Polygon", "coordinates": [ [ [ -0.958975359115985, 50.856401079418909 ], [ -0.959072970356535, 50.856437922440996 ], [ -0.959172182875841, 50.856402835149169 ], [ -0.959173783990295, 50.856330904915296 ], [ -0.959076172894047, 50.856294061977778 ], [ -0.958976960539044, 50.85632914918957 ], [ -0.958975359115985, 50.856401079418909 ] ] ] } },
{ "type": "Feature", "properties": { "visible_points": 3, "total_points": 99, "visibility_pct": 3.0303030303030303 }, "geometry": { "type": "Polygon", "coordinates": [ [ [ -0.958778535376127, 50.856399323356754 ], [ -0.958876146452374, 50.856436166542515 ], [ -0.958975359115985, 50.856401079418909 ], [ -0.958976960539043, 50.85632914918957 ], [ -0.958879349607095, 50.856292306088363 ], [ -0.95878013710779, 50.856327393131934 ], [ -0.958778535376127, 50.856399323356754 ] ] ] } },
{ "type": "Feature", "properties": { "visible_points": 2, "total_points": 90, "visibility_pct": 2.2222222222222223 }, "geometry": { "type": "Polygon", "coordinates": [ [ [ -0.958581711656271, 50.856397566962656 ], [ -0.958679322568214, 50.856434410312119 ], [ -0.958778535376126, 50.856399323356754 ], [ -0.958780137107789, 50.856327393131934 ], [ -0.958682526340144, 50.856290549867033 ], [ -0.958583313696538, 50.856325636742383 ], [ -0.958581711656271, 50.856397566962656 ] ] ] } },
{ "type": "Feature", "properties": { "visible_points": 0, "total_points": 80, "visibility_pct": 0.0 }, "geometry": { "type": "Polygon", "coordinates": [ [ [ -0.958384887956421, 50.856395810236641 ], [ -0.958482498704057, 50.856432653749806 ], [ -0.95858171165627, 50.856397566962656 ], [ -0.958583313696537, 50.856325636742383 ], [ -0.958485703093196, 50.856288793313773 ], [ -0.958386490305292, 50.856323880020895 ], [ -0.958384887956421, 50.856395810236641 ] ] ] } },
{ "type": "Feature", "properties": { "visible_points": 9, "total_points": 69, "visibility_pct": 13.043478260869565 }, "geometry": { "type": "Polygon", "coordinates": [ [ [ -0.95818806427658, 50.856394053178711 ], [ -0.958285674859909, 50.856430896855564 ], [ -0.95838488795642, 50.856395810236641 ], [ -0.958386490305291, 50.856323880020895 ], [ -0.958288879866256, 50.85628703642859 ], [ -0.958189666934056, 50.856322122967491 ], [ -0.95818806427658, 50.856394053178711 ] ] ] } },
{ "type": "Feature", "properties": { "visible_points": 12, "total_points": 97, "visibility_pct": 12.371134020618557 }, "geometry": { "type": "Polygon", "coordinates": [ [ [ -0.960252314774174, 50.856520381118891 ], [ -0.960349927309104, 50.856557223079626 ], [ -0.960449139126837, 50.856522134698437 ], [ -0.960450738245348, 50.85645020443652 ], [ -0.960353125854733, 50.856413362560339 ], [ -0.960253914201293, 50.856448450861492 ], [ -0.960252314774174, 50.856520381118891 ] ] ] } },
{ "type": "Feature", "properties": { "visible_points": 29, "total_points": 101, "visibility_pct": 28.71287128712871 }, "geometry": { "type": "Polygon", "coordinates": [ [ [ -0.960055490441484, 50.856518627207414 ], [ -0.960153102812123, 50.856555469331852 ], [ -0.960252314774173, 50.856520381118891 ], [ -0.960253914201292, 50.856448450861492 ], [ -0.960156301974966, 50.856411608821602 ], [ -0.96005709017721, 50.856446696954549 ], [ -0.960055490441484, 50.856518627207414 ] ] ] } },
{ "type": "Feature", "properties": { "visible_points": 13, "total_points": 105, "visibility_pct": 12.380952380952381 }, "geometry": { "type": "Polygon", "coordinates": [ [ [ -0.959858666128773, 50.856516872964022 ], [ -0.959956278335117, 50.856553715252154 ], [ -0.960055490441484, 50.856518627207414 ], [ -0.960057090177209, 50.856446696954549 ], [ -0.959959478115175, 50.856409854750972 ], [ -0.959860266173105, 50.856444942715676 ], [ -0.959858666128773, 50.856516872964022 ] ] ] } },
{ "type": "Feature", "properties": { "visible_points": 15, "total_points": 109, "visibility_pct": 13.761467889908257 }, "geometry": { "type": "Polygon", "coordinates": [ [ [ -0.959661841836042, 50.8565151183887 ], [ -0.959759453878092, 50.856551960840534 ], [ -0.959858666128772, 50.856516872964022 ], [ -0.959860266173104, 50.856444942715676 ], [ -0.959762654275363, 50.856408100348396 ], [ -0.959663442188981, 50.856443188144894 ], [ -0.959661841836042, 50.8565151183887 ] ] ] } },
{ "type": "Feature", "properties": { "visible_points": 40, "total_points": 112, "visibility_pct": 35.714285714285715 }, "geometry": { "type": "Polygon", "coordinates": [ [ [ -0.959465017563296, 50.856513363481454 ], [ -0.959562629441049, 50.856550206096983 ], [ -0.959661841836041, 50.8565151183887 ], [ -0.95966344218898, 50.856443188144894 ], [ -0.959565830455535, 50.856406345613912 ], [ -0.959466618224843, 50.856441433242182 ], [ -0.959465017563296, 50.856513363481454 ] ] ] } },
{ "type": "Feature", "properties": { "visible_points": 36, "total_points": 113, "visibility_pct": 31.858407079646017 }, "geometry": { "type": "Polygon", "coordinates": [ [ [ -0.959268193310539, 50.856511608242307 ], [ -0.959365805023994, 50.856548451021524 ], [ -0.959465017563296, 50.856513363481454 ], [ -0.959466618224842, 50.856441433242182 ], [ -0.959369006655693, 50.856404590547498 ], [ -0.959269794280693, 50.85643967800754 ], [ -0.959268193310539, 50.856511608242307 ] ] ] } },
{ "type": "Feature", "properties": { "visible_points": 31, "total_points": 114, "visibility_pct": 27.192982456140353 }, "geometry": { "type": "Polygon", "coordinates": [ [ [ -0.959071369077776, 50.856509852671209 ], [ -0.95916898062693, 50.856546695614135 ], [ -0.959268193310539, 50.856511608242307 ], [ -0.959269794280692, 50.85643967800754 ], [ -0.959172182875842, 50.856402835149169 ], [ -0.959072970356536, 50.856437922440996 ], [ -0.959071369077776, 50.856509852671209 ] ] ] } },
{ "type": "Feature", "properties": { "visible_points": 26, "total_points": 112, "visibility_pct": 23.214285714285715 }, "geometry": { "type": "Polygon", "coordinates": [ [ [ -0.958874544865009, 50.856508096768202 ], [ -0.95897215624986, 50.85654493987483 ], [ -0.959071369077775, 50.856509852671209 ], [ -0.959072970356535, 50.856437922440996 ], [ -0.958975359115985, 50.856401079418909 ], [ -0.958876146452375, 50.856436166542515 ], [ -0.958874544865009, 50.856508096768202 ] ] ] } },
{ "type": "Feature", "properties": { "visible_points": 26, "total_points": 103, "visibility_pct": 25.242718446601941 }, "geometry": { "type": "Polygon", "coordinates": [ [ [ -0.958677720672242, 50.856506340533279 ], [ -0.958775331892789, 50.856543183803602 ], [ -0.958874544865008, 50.856508096768202 ], [ -0.958876146452374, 50.856436166542515 ], [ -0.958778535376127, 50.856399323356754 ], [ -0.958679322568214, 50.856434410312119 ], [ -0.958677720672242, 50.856506340533279 ] ] ] } },
{ "type": "Feature", "properties": { "visible_points": 26, "total_points": 92, "visibility_pct": 28.260869565217391 }, "geometry": { "type": "Polygon", "coordinates": [ [ [ -0.958480896499479, 50.856504583966434 ], [ -0.95857850755572, 50.856541427400458 ], [ -0.958677720672241, 50.856506340533279 ], [ -0.958679322568214, 50.856434410312119 ], [ -0.958581711656271, 50.856397566962656 ], [ -0.958482498704058, 50.856432653749806 ], [ -0.958480896499479, 50.856504583966434 ] ] ] } },
{ "type": "Feature", "properties": { "visible_points": 0, "total_points": 81, "visibility_pct": 0.0 }, "geometry": { "type": "Polygon", "coordinates": [ [ [ -0.958284072346725, 50.856502827067672 ], [ -0.958381683238657, 50.85653967066537 ], [ -0.958480896499478, 50.856504583966434 ], [ -0.958482498704057, 50.856432653749806 ], [ -0.958384887956421, 50.856395810236641 ], [ -0.958285674859909, 50.856430896855564 ], [ -0.958284072346725, 50.856502827067672 ] ] ] } },
{ "type": "Feature", "properties": { "visible_points": 13, "total_points": 99, "visibility_pct": 13.131313131313133 }, "geometry": { "type": "Polygon", "coordinates": [ [ [ -0.960151503220708, 50.85662739958557 ], [ -0.960249115899952, 50.85666424163086 ], [ -0.960348328026297, 50.85662915333787 ], [ -0.960349927309103, 50.856557223079626 ], [ -0.960252314774173, 50.856520381118891 ], [ -0.960153102812123, 50.856555469331852 ], [ -0.960151503220708, 50.85662739958557 ] ] ] } },
{ "type": "Feature", "properties": { "visible_points": 30, "total_points": 105, "visibility_pct": 28.571428571428569 }, "geometry": { "type": "Polygon", "coordinates": [ [ [ -0.959954678435094, 50.856625645501353 ], [ -0.960052290950045, 50.856662487710338 ], [ -0.960151503220707, 50.85662739958557 ], [ -0.960153102812122, 50.856555469331852 ], [ -0.960055490441484, 50.856518627207414 ], [ -0.959956278335117, 50.856553715252154 ], [ -0.959954678435094, 50.856625645501353 ] ] ] } },
{ "type": "Feature", "properties": { "visible_points": 12, "total_points": 110, "visibility_pct": 10.909090909090908 }, "geometry": { "type": "Polygon", "coordinates": [ [ [ -0.959757853669459, 50.856623891085214 ], [ -0.959855466020115, 50.856660733457893 ], [ -0.959954678435093, 50.856625645501353 ], [ -0.959956278335117, 50.856553715252154 ], [ -0.959858666128772, 50.856516872964022 ], [ -0.959759453878092, 50.856551960840534 ], [ -0.959757853669459, 50.856623891085214 ] ] ] } },
{ "type": "Feature", "properties": { "visible_points": 35, "total_points": 116, "visibility_pct": 30.172413793103448 }, "geometry": { "type": "Polygon", "coordinates": [ [ [ -0.959561028923808, 50.856622136337144 ], [ -0.959658641110167, 50.856658978873526 ], [ -0.959757853669458, 50.856623891085214 ], [ -0.959759453878091, 50.856551960840534 ], [ -0.959661841836041, 50.8565151183887 ], [ -0.959562629441049, 50.856550206096983 ], [ -0.959561028923808, 50.856622136337144 ] ] ] } },
{ "type": "Feature", "properties": { "visible_points": 32, "total_points": 119, "visibility_pct": 26.890756302521009 }, "geometry": { "type": "Polygon", "coordinates": [ [ [ -0.959364204198144, 50.856620381257152 ], [ -0.959461816220204, 50.856657223957235 ], [ -0.959561028923807, 50.856622136337144 ], [ -0.959562629441049, 50.856550206096983 ], [ -0.959465017563296, 50.856513363481454 ], [ -0.959365805023994, 50.856548451021524 ], [ -0.959364204198144, 50.856620381257152 ] ] ] } },
{ "type": "Feature", "properties": { "visible_points": 34, "total_points": 120, "visibility_pct": 28.333333333333332 }, "geometry": { "type": "Polygon", "coordinates": [ [ [ -0.959167379492471, 50.856618625845236 ], [ -0.95926499135023, 50.856655468709022 ], [ -0.959364204198143, 50.856620381257152 ], [ -0.959365805023993, 50.856548451021524 ], [ -0.959268193310539, 50.856511608242307 ], [ -0.95916898062693, 50.856546695614135 ], [ -0.959167379492471, 50.856618625845236 ] ] ] } },
{ "type": "Feature", "properties": { "visible_points": 33, "total_points": 119, "visibility_pct": 27.731092436974791 }, "geometry": { "type": "Polygon", "coordinates": [ [ [ -0.958970554806792, 50.856616870101398 ], [ -0.959068166500249, 50.856653713128871 ], [ -0.95916737949247, 50.856618625845236 ], [ -0.959168980626929, 50.856546695614135 ], [ -0.959071369077775, 50.856509852671209 ], [ -0.95897215624986, 50.85654493987483 ], [ -0.958970554806792, 50.856616870101398 ] ] ] } },
{ "type": "Feature", "properties": { "visible_points": 27, "total_points": 112, "visibility_pct": 24.107142857142858 }, "geometry": { "type": "Polygon", "coordinates": [ [ [ -0.958773730141113, 50.85661511402563 ], [ -0.958871341670265, 50.856651957216819 ], [ -0.958970554806792, 50.856616870101398 ], [ -0.958972156249859, 50.85654493987483 ], [ -0.958874544865008, 50.856508096768202 ], [ -0.958775331892789, 50.856543183803602 ], [ -0.958773730141113, 50.85661511402563 ] ] ] } },
{ "type": "Feature", "properties": { "visible_points": 28, "total_points": 101, "visibility_pct": 27.722772277227726 }, "geometry": { "type": "Polygon", "coordinates": [ [ [ -0.958576905495436, 50.856613357617952 ], [ -0.958674516860282, 50.85665020097283 ], [ -0.958773730141112, 50.85661511402563 ], [ -0.958775331892788, 50.856543183803602 ], [ -0.958677720672241, 50.856506340533279 ], [ -0.95857850755572, 50.856541427400458 ], [ -0.958576905495436, 50.856613357617952 ] ] ] } },
{ "type": "Feature", "properties": { "visible_points": 0, "total_points": 88, "visibility_pct": 0.0 }, "geometry": { "type": "Polygon", "coordinates": [ [ [ -0.958380080869765, 50.856611600878338 ], [ -0.958477692070302, 50.856648444396917 ], [ -0.958576905495435, 50.856613357617952 ], [ -0.958578507555719, 50.856541427400458 ], [ -0.958480896499478, 50.856504583966434 ], [ -0.958381683238657, 50.85653967066537 ], [ -0.958380080869765, 50.856611600878338 ] ] ] } },
{ "type": "Feature", "properties": { "visible_points": 0, "total_points": 75, "visibility_pct": 0.0 }, "geometry": { "type": "Polygon", "coordinates": [ [ [ -0.958183256264104, 50.856609843806815 ], [ -0.958280867300332, 50.856646687489082 ], [ -0.958380080869764, 50.856611600878338 ], [ -0.958381683238656, 50.85653967066537 ], [ -0.958284072346724, 50.856502827067672 ], [ -0.958184858941604, 50.85653791359838 ], [ -0.958183256264104, 50.856609843806815 ] ] ] } },
{ "type": "Feature", "properties": { "visible_points": 22, "total_points": 97, "visibility_pct": 22.680412371134022 }, "geometry": { "type": "Polygon", "coordinates": [ [ [ -0.960050691194332, 50.856734417960418 ], [ -0.960148304017891, 50.856771260090255 ], [ -0.960247516452849, 50.856736171885466 ], [ -0.960249115899952, 50.85666424163086 ], [ -0.960151503220708, 50.85662739958557 ], [ -0.960052290950045, 50.856662487710338 ], [ -0.960050691194332, 50.856734417960418 ] ] ] } },
{ "type": "Feature", "properties": { "visible_points": 27, "total_points": 103, "visibility_pct": 26.21359223300971 }, "geometry": { "type": "Polygon", "coordinates": [ [ [ -0.959853865955791, 50.856732663703447 ], [ -0.959951478615055, 50.856769505996986 ], [ -0.960050691194331, 50.856734417960418 ], [ -0.960052290950045, 50.856662487710338 ], [ -0.959954678435094, 50.856625645501353 ], [ -0.959855466020116, 50.856660733457893 ], [ -0.959853865955791, 50.856732663703447 ] ] ] } },
{ "type": "Feature", "properties": { "visible_points": 33, "total_points": 109, "visibility_pct": 30.275229357798167 }, "geometry": { "type": "Polygon", "coordinates": [ [ [ -0.959657040737232, 50.856730909114546 ], [ -0.959754653232199, 50.856767751571788 ], [ -0.95985386595579, 50.856732663703447 ], [ -0.959855466020115, 50.856660733457893 ], [ -0.959757853669459, 50.856623891085214 ], [ -0.959658641110167, 50.856658978873526 ], [ -0.959657040737232, 50.856730909114546 ] ] ] } },
{ "type": "Feature", "properties": { "visible_points": 31, "total_points": 114, "visibility_pct": 27.192982456140353 }, "geometry": { "type": "Polygon", "coordinates": [ [ [ -0.959460215538659, 50.856729154193729 ], [ -0.959557827869326, 50.85676599681468 ], [ -0.959657040737231, 50.856730909114546 ], [ -0.959658641110167, 50.856658978873526 ], [ -0.959561028923808, 50.856622136337144 ], [ -0.959461816220204, 50.856657223957235 ], [ -0.959460215538659, 50.856729154193729 ] ] ] } },
{ "type": "Feature", "properties": { "visible_points": 35, "total_points": 114, "visibility_pct": 30.701754385964914 }, "geometry": { "type": "Polygon", "coordinates": [ [ [ -0.959263390360074, 50.856727398940997 ], [ -0.959361002526441, 50.856764241725621 ], [ -0.959460215538658, 50.856729154193729 ], [ -0.959461816220204, 50.856657223957235 ], [ -0.959364204198144, 50.856620381257152 ], [ -0.95926499135023, 50.856655468709022 ], [ -0.959263390360074, 50.856727398940997 ] ] ] } },
{ "type": "Feature", "properties": { "visible_points": 39, "total_points": 113, "visibility_pct": 34.513274336283182 }, "geometry": { "type": "Polygon", "coordinates": [ [ [ -0.959066565201483, 50.856725643356313 ], [ -0.959164177203547, 50.856762486304639 ], [ -0.959263390360073, 50.856727398940997 ], [ -0.95926499135023, 50.856655468709022 ], [ -0.959167379492471, 50.856618625845236 ], [ -0.95906816650025, 50.856653713128871 ], [ -0.959066565201483, 50.856725643356313 ] ] ] } },
{ "type": "Feature", "properties": { "visible_points": 34, "total_points": 110, "visibility_pct": 30.909090909090907 }, "geometry": { "type": "Polygon", "coordinates": [ [ [ -0.958869740062889, 50.856723887439728 ], [ -0.958967351900649, 50.856760730551748 ], [ -0.959066565201482, 50.856725643356313 ], [ -0.959068166500249, 50.856653713128871 ], [ -0.958970554806792, 50.856616870101398 ], [ -0.958871341670266, 50.856651957216819 ], [ -0.958869740062889, 50.856723887439728 ] ] ] } },
{ "type": "Feature", "properties": { "visible_points": 28, "total_points": 101, "visibility_pct": 27.722772277227726 }, "geometry": { "type": "Polygon", "coordinates": [ [ [ -0.958672914944295, 50.856722131191205 ], [ -0.958770526617748, 50.856758974466935 ], [ -0.958869740062888, 50.856723887439728 ], [ -0.958871341670265, 50.856651957216819 ], [ -0.958773730141113, 50.85661511402563 ], [ -0.958674516860282, 50.85665020097283 ], [ -0.958672914944295, 50.856722131191205 ] ] ] } },
{ "type": "Feature", "properties": { "visible_points": 27, "total_points": 90, "visibility_pct": 30.0 }, "geometry": { "type": "Polygon", "coordinates": [ [ [ -0.958476089845706, 50.856720374610767 ], [ -0.958573701354851, 50.856757218050184 ], [ -0.958672914944294, 50.856722131191205 ], [ -0.958674516860282, 50.85665020097283 ], [ -0.958576905495436, 50.856613357617952 ], [ -0.958477692070303, 50.856648444396917 ], [ -0.958476089845706, 50.856720374610767 ] ] ] } },
{ "type": "Feature", "properties": { "visible_points": 0, "total_points": 78, "visibility_pct": 0.0 }, "geometry": { "type": "Polygon", "coordinates": [ [ [ -0.958279264767125, 50.856718617698391 ], [ -0.95837687611196, 50.856755461301518 ], [ -0.958476089845705, 50.856720374610767 ], [ -0.958477692070302, 50.856648444396917 ], [ -0.958380080869765, 50.856611600878338 ], [ -0.958280867300332, 50.856646687489082 ], [ -0.958279264767125, 50.856718617698391 ] ] ] } },
{ "type": "Feature", "properties": { "visible_points": 8, "total_points": 66, "visibility_pct": 12.121212121212121 }, "geometry": { "type": "Polygon", "coordinates": [ [ [ -0.958082439708556, 50.8567168604541 ], [ -0.958180050889079, 50.856753704220928 ], [ -0.958279264767124, 50.856718617698391 ], [ -0.958280867300332, 50.856646687489082 ], [ -0.958183256264104, 50.856609843806815 ], [ -0.958084042550373, 50.856644930249324 ], [ -0.958082439708556, 50.8567168604541 ] ] ] } },
{ "type": "Feature", "properties": { "visible_points": 18, "total_points": 84, "visibility_pct": 21.428571428571427 }, "geometry": { "type": "Polygon", "coordinates": [ [ [ -0.960146704406489, 50.856843190341209 ], [ -0.960244317538659, 50.856880032391906 ], [ -0.960343530137913, 50.856844944107074 ], [ -0.960345129440702, 50.856773013851608 ], [ -0.960247516452849, 50.856736171885466 ], [ -0.960148304017891, 50.856771260090255 ], [ -0.960146704406489, 50.856843190341209 ] ] ] } },
{ "type": "Feature", "properties": { "visible_points": 30, "total_points": 90, "visibility_pct": 33.333333333333329 }, "geometry": { "type": "Polygon", "coordinates": [ [ [ -0.959949878695041, 50.856841436243407 ], [ -0.960047491662914, 50.856878278457806 ], [ -0.960146704406489, 50.856843190341209 ], [ -0.96014830401789, 50.856771260090255 ], [ -0.960050691194331, 50.856734417960418 ], [ -0.959951478615055, 50.856769505996986 ], [ -0.959949878695041, 50.856841436243407 ] ] ] } },
{ "type": "Feature", "properties": { "visible_points": 8, "total_points": 96, "visibility_pct": 8.3333333333333321 }, "geometry": { "type": "Polygon", "coordinates": [ [ [ -0.959753053003572, 50.856839681813689 ], [ -0.959850665807148, 50.856876524191776 ], [ -0.95994987869504, 50.856841436243407 ], [ -0.959951478615054, 50.856769505996986 ], [ -0.95985386595579, 50.856732663703447 ], [ -0.959754653232199, 50.856767751571788 ], [ -0.959753053003572, 50.856839681813689 ] ] ] } },
{ "type": "Feature", "properties": { "visible_points": 32, "total_points": 103, "visibility_pct": 31.067961165048541 }, "geometry": { "type": "Polygon", "coordinates": [ [ [ -0.959556227332087, 50.856837927052041 ], [ -0.959653839971364, 50.85687476959383 ], [ -0.959753053003571, 50.856839681813689 ], [ -0.959754653232198, 50.856767751571788 ], [ -0.959657040737231, 50.856730909114546 ], [ -0.959557827869326, 50.85676599681468 ], [ -0.959556227332087, 50.856837927052041 ] ] ] } },
{ "type": "Feature", "properties": { "visible_points": 36, "total_points": 106, "visibility_pct": 33.962264150943398 }, "geometry": { "type": "Polygon", "coordinates": [ [ [ -0.959359401680589, 50.856836171958463 ], [ -0.959457014155566, 50.856873014663961 ], [ -0.959556227332086, 50.856837927052041 ], [ -0.959557827869325, 50.85676599681468 ], [ -0.959460215538658, 50.856729154193729 ], [ -0.959361002526441, 50.856764241725621 ], [ -0.959359401680589, 50.856836171958463 ] ] ] } },
{ "type": "Feature", "properties": { "visible_points": 35, "total_points": 105, "visibility_pct": 33.333333333333329 }, "geometry": { "type": "Polygon", "coordinates": [ [ [ -0.959162576049083, 50.856834416532962 ], [ -0.959260188359756, 50.856871259402155 ], [ -0.959359401680588, 50.856836171958463 ], [ -0.959361002526441, 50.856764241725621 ], [ -0.959263390360073, 50.856727398940997 ], [ -0.959164177203547, 50.856762486304639 ], [ -0.959162576049083, 50.856834416532962 ] ] ] } },
{ "type": "Feature", "properties": { "visible_points": 37, "total_points": 104, "visibility_pct": 35.57692307692308 }, "geometry": { "type": "Polygon", "coordinates": [ [ [ -0.958965750437571, 50.856832660775552 ], [ -0.959063362583941, 50.856869503808426 ], [ -0.959162576049082, 50.856834416532962 ], [ -0.959164177203547, 50.856762486304639 ], [ -0.959066565201482, 50.856725643356313 ], [ -0.958967351900649, 50.856760730551748 ], [ -0.958965750437571, 50.856832660775552 ] ] ] } },
{ "type": "Feature", "properties": { "visible_points": 35, "total_points": 98, "visibility_pct": 35.714285714285715 }, "geometry": { "type": "Polygon", "coordinates": [ [ [ -0.958768924846059, 50.856830904686184 ], [ -0.958866536828122, 50.856867747882781 ], [ -0.958965750437571, 50.856832660775552 ], [ -0.958967351900648, 50.856760730551748 ], [ -0.958869740062888, 50.856723887439728 ], [ -0.958770526617748, 50.856758974466935 ], [ -0.958768924846059, 50.856830904686184 ] ] ] } },
{ "type": "Feature", "properties": { "visible_points": 30, "total_points": 88, "visibility_pct": 34.090909090909086 }, "geometry": { "type": "Polygon", "coordinates": [ [ [ -0.95857209927455, 50.856829148264914 ], [ -0.958669711092304, 50.856865991625199 ], [ -0.958768924846059, 50.856830904686184 ], [ -0.958770526617748, 50.856758974466935 ], [ -0.958672914944294, 50.856722131191205 ], [ -0.958573701354851, 50.856757218050184 ], [ -0.95857209927455, 50.856829148264914 ] ] ] } },
{ "type": "Feature", "properties": { "visible_points": 24, "total_points": 78, "visibility_pct": 30.76923076923077 }, "geometry": { "type": "Polygon", "coordinates": [ [ [ -0.958375273723047, 50.856827391511708 ], [ -0.958472885376491, 50.856864235035694 ], [ -0.958572099274549, 50.856829148264914 ], [ -0.95857370135485, 50.856757218050184 ], [ -0.958476089845705, 50.856720374610767 ], [ -0.95837687611196, 50.856755461301518 ], [ -0.958375273723047, 50.856827391511708 ] ] ] } },
{ "type": "Feature", "properties": { "visible_points": 0, "total_points": 67, "visibility_pct": 0.0 }, "geometry": { "type": "Polygon", "coordinates": [ [ [ -0.958178448191555, 50.856825634426585 ], [ -0.958276059680687, 50.856862478114266 ], [ -0.958375273723046, 50.856827391511708 ], [ -0.958376876111959, 50.856755461301518 ], [ -0.958279264767124, 50.856718617698391 ], [ -0.958180050889079, 50.856753704220928 ], [ -0.958178448191555, 50.856825634426585 ] ] ] } },
{ "type": "Feature", "properties": { "visible_points": 19, "total_points": 77, "visibility_pct": 24.675324675324674 }, "geometry": { "type": "Polygon", "coordinates": [ [ [ -0.960045891887213, 50.856950208705094 ], [ -0.960143505163699, 50.856987050840331 ], [ -0.960242718071571, 50.856951962643713 ], [ -0.960244317538659, 50.856880032391906 ], [ -0.960146704406489, 50.856843190341209 ], [ -0.960047491662915, 50.856878278457806 ], [ -0.960045891887213, 50.856950208705094 ] ] ] } },
{ "type": "Feature", "properties": { "visible_points": 28, "total_points": 83, "visibility_pct": 33.734939759036145 }, "geometry": { "type": "Polygon", "coordinates": [ [ [ -0.959849065722832, 50.856948454434544 ], [ -0.95994667883502, 50.856985296733484 ], [ -0.960045891887212, 50.856950208705094 ], [ -0.960047491662914, 50.856878278457806 ], [ -0.959949878695041, 50.856841436243407 ], [ -0.959850665807149, 50.856876524191776 ], [ -0.959849065722832, 50.856948454434544 ] ] ] } },
{ "type": "Feature", "properties": { "visible_points": 27, "total_points": 90, "visibility_pct": 30.0 }, "geometry": { "type": "Polygon", "coordinates": [ [ [ -0.959652239578433, 50.856946699832072 ], [ -0.959749852526322, 50.856983542294721 ], [ -0.959849065722831, 50.856948454434544 ], [ -0.959850665807148, 50.856876524191776 ], [ -0.959753053003572, 50.856839681813689 ], [ -0.959653839971365, 50.85687476959383 ], [ -0.959652239578433, 50.856946699832072 ] ] ] } },
{ "type": "Feature", "properties": { "visible_points": 29, "total_points": 95, "visibility_pct": 30.526315789473685 }, "geometry": { "type": "Polygon", "coordinates": [ [ [ -0.959455413454021, 50.85694494489767 ], [ -0.959553026237608, 50.856981787524006 ], [ -0.959652239578432, 50.856946699832072 ], [ -0.959653839971364, 50.85687476959383 ], [ -0.959556227332087, 50.856837927052041 ], [ -0.959457014155566, 50.856873014663961 ], [ -0.959455413454021, 50.85694494489767 ] ] ] } },
{ "type": "Feature", "properties": { "visible_points": 40, "total_points": 96, "visibility_pct": 41.666666666666671 }, "geometry": { "type": "Polygon", "coordinates": [ [ [ -0.959258587349597, 50.856943189631352 ], [ -0.959356199968882, 50.856980032421397 ], [ -0.95945541345402, 50.85694494489767 ], [ -0.959457014155566, 50.856873014663961 ], [ -0.959359401680589, 50.856836171958463 ], [ -0.959260188359757, 50.856871259402155 ], [ -0.959258587349597, 50.856943189631352 ] ] ] } },
{ "type": "Feature", "properties": { "visible_points": 41, "total_points": 95, "visibility_pct": 43.15789473684211 }, "geometry": { "type": "Polygon", "coordinates": [ [ [ -0.959061761265167, 50.856941434033097 ], [ -0.959159373720148, 50.85697827698683 ], [ -0.959258587349596, 50.856943189631352 ], [ -0.959260188359756, 50.856871259402155 ], [ -0.959162576049083, 50.856834416532962 ], [ -0.959063362583942, 50.856869503808426 ], [ -0.959061761265167, 50.856941434033097 ] ] ] } },
{ "type": "Feature", "properties": { "visible_points": 36, "total_points": 92, "visibility_pct": 39.130434782608695 }, "geometry": { "type": "Polygon", "coordinates": [ [ [ -0.958864935200734, 50.856939678102918 ], [ -0.958962547491408, 50.856976521220346 ], [ -0.959061761265166, 50.856941434033097 ], [ -0.959063362583941, 50.856869503808426 ], [ -0.958965750437571, 50.856832660775552 ], [ -0.958866536828123, 50.856867747882781 ], [ -0.958864935200734, 50.856939678102918 ] ] ] } },
{ "type": "Feature", "properties": { "visible_points": 29, "total_points": 85, "visibility_pct": 34.117647058823529 }, "geometry": { "type": "Polygon", "coordinates": [ [ [ -0.958668109156303, 50.856937921840796 ], [ -0.958765721282668, 50.856974765121926 ], [ -0.958864935200734, 50.856939678102918 ], [ -0.958866536828122, 50.856867747882781 ], [ -0.958768924846059, 50.856830904686184 ], [ -0.958669711092305, 50.856865991625199 ], [ -0.958668109156303, 50.856937921840796 ] ] ] } },
{ "type": "Feature", "properties": { "visible_points": 20, "total_points": 76, "visibility_pct": 26.315789473684209 }, "geometry": { "type": "Polygon", "coordinates": [ [ [ -0.958471283131876, 50.856936165246765 ], [ -0.958568895093931, 50.85697300869159 ], [ -0.958668109156302, 50.856937921840796 ], [ -0.958669711092304, 50.856865991625199 ], [ -0.95857209927455, 50.856829148264914 ], [ -0.958472885376492, 50.856864235035694 ], [ -0.958471283131876, 50.856936165246765 ] ] ] } },
{ "type": "Feature", "properties": { "visible_points": 13, "total_points": 66, "visibility_pct": 19.696969696969695 }, "geometry": { "type": "Polygon", "coordinates": [ [ [ -0.958274457127458, 50.856934408320811 ], [ -0.9583720689252, 50.856971251929338 ], [ -0.958471283131875, 50.856936165246765 ], [ -0.958472885376491, 50.856864235035694 ], [ -0.958375273723047, 50.856827391511708 ], [ -0.958276059680688, 50.856862478114266 ], [ -0.958274457127458, 50.856934408320811 ] ] ] } },
{ "type": "Feature", "properties": { "visible_points": 0, "total_points": 56, "visibility_pct": 0.0 }, "geometry": { "type": "Polygon", "coordinates": [ [ [ -0.958077631143052, 50.856932651062912 ], [ -0.95817524277648, 50.856969494835141 ], [ -0.958274457127457, 50.856934408320811 ], [ -0.958276059680687, 50.856862478114266 ], [ -0.958178448191555, 50.856825634426585 ], [ -0.958079234004895, 50.856860720860908 ], [ -0.958077631143052, 50.856932651062912 ] ] ] } },
{ "type": "Feature", "properties": { "visible_points": 14, "total_points": 64, "visibility_pct": 21.875 }, "geometry": { "type": "Polygon", "coordinates": [ [ [ -0.96014190553231, 50.857058981088507 ], [ -0.960239519117409, 50.85709582314459 ], [ -0.96033873218958, 50.85706073486795 ], [ -0.960340331512352, 50.856988804615249 ], [ -0.960242718071571, 50.856951962643713 ], [ -0.960143505163699, 50.856987050840331 ], [ -0.96014190553231, 50.857058981088507 ] ] ] } },
{ "type": "Feature", "properties": { "visible_points": 22, "total_points": 70, "visibility_pct": 31.428571428571427 }, "geometry": { "type": "Polygon", "coordinates": [ [ [ -0.959945078895015, 50.85705722697714 ], [ -0.960042692315817, 50.857094069196911 ], [ -0.960141905532309, 50.857058981088507 ], [ -0.960143505163698, 50.856987050840331 ], [ -0.960045891887212, 50.856950208705094 ], [ -0.95994667883502, 50.856985296733484 ], [ -0.959945078895015, 50.85705722697714 ] ] ] } },
{ "type": "Feature", "properties": { "visible_points": 25, "total_points": 77, "visibility_pct": 32.467532467532465 }, "geometry": { "type": "Polygon", "coordinates": [ [ [ -0.959748252277701, 50.857055472533844 ], [ -0.959845865534203, 50.857092314917331 ], [ -0.959945078895014, 50.85705722697714 ], [ -0.95994667883502, 50.856985296733484 ], [ -0.959849065722831, 50.856948454434544 ], [ -0.959749852526322, 50.856983542294721 ], [ -0.959748252277701, 50.857055472533844 ] ] ] } },
{ "type": "Feature", "properties": { "visible_points": 26, "total_points": 82, "visibility_pct": 31.707317073170731 }, "geometry": { "type": "Polygon", "coordinates": [ [ [ -0.95955142568037, 50.857053717758625 ], [ -0.959649038772572, 50.857090560305799 ], [ -0.9597482522777, 50.857055472533844 ], [ -0.959749852526322, 50.856983542294721 ], [ -0.959652239578432, 50.856946699832072 ], [ -0.959553026237608, 50.856981787524006 ], [ -0.95955142568037, 50.857053717758625 ] ] ] } },
{ "type": "Feature", "properties": { "visible_points": 31, "total_points": 86, "visibility_pct": 36.046511627906973 }, "geometry": { "type": "Polygon", "coordinates": [ [ [ -0.959354599103028, 50.857051962651454 ], [ -0.959452212030927, 50.857088805362345 ], [ -0.959551425680369, 50.857053717758625 ], [ -0.959553026237608, 50.856981787524006 ], [ -0.95945541345402, 50.85694494489767 ], [ -0.959356199968882, 50.856980032421397 ], [ -0.959354599103028, 50.857051962651454 ] ] ] } },
{ "type": "Feature", "properties": { "visible_points": 31, "total_points": 85, "visibility_pct": 36.470588235294116 }, "geometry": { "type": "Polygon", "coordinates": [ [ [ -0.959157772545677, 50.857050207212374 ], [ -0.959255385309271, 50.857087050086953 ], [ -0.959354599103027, 50.857051962651454 ], [ -0.959356199968882, 50.856980032421397 ], [ -0.959258587349596, 50.856943189631352 ], [ -0.959159373720148, 50.85697827698683 ], [ -0.959157772545677, 50.857050207212374 ] ] ] } },
{ "type": "Feature", "properties": { "visible_points": 28, "total_points": 84, "visibility_pct": 33.333333333333329 }, "geometry": { "type": "Polygon", "coordinates": [ [ [ -0.958960946008322, 50.857048451441365 ], [ -0.959058558607609, 50.857085294479653 ], [ -0.959157772545676, 50.857050207212374 ], [ -0.959159373720147, 50.85697827698683 ], [ -0.959061761265166, 50.856941434033097 ], [ -0.958962547491408, 50.856976521220346 ], [ -0.958960946008322, 50.857048451441365 ] ] ] } },
{ "type": "Feature", "properties": { "visible_points": 24, "total_points": 79, "visibility_pct": 30.37974683544304 }, "geometry": { "type": "Polygon", "coordinates": [ [ [ -0.958764119490966, 50.857046695338418 ], [ -0.958861731925944, 50.857083538540408 ], [ -0.958960946008321, 50.857048451441365 ], [ -0.958962547491407, 50.856976521220346 ], [ -0.958864935200734, 50.856939678102918 ], [ -0.958765721282668, 50.856974765121926 ], [ -0.958764119490966, 50.857046695338418 ] ] ] } },
{ "type": "Feature", "properties": { "visible_points": 20, "total_points": 72, "visibility_pct": 27.777777777777779 }, "geometry": { "type": "Polygon", "coordinates": [ [ [ -0.958567292993613, 50.857044938903549 ], [ -0.958664905264281, 50.85708178226924 ], [ -0.958764119490965, 50.857046695338418 ], [ -0.958765721282667, 50.856974765121926 ], [ -0.958668109156302, 50.856937921840796 ], [ -0.958568895093931, 50.85697300869159 ], [ -0.958567292993613, 50.857044938903549 ] ] ] } },
{ "type": "Feature", "properties": { "visible_points": 17, "total_points": 64, "visibility_pct": 26.5625 }, "geometry": { "type": "Polygon", "coordinates": [ [ [ -0.958370466516266, 50.857043182136749 ], [ -0.958468078622623, 50.857080025666136 ], [ -0.958567292993612, 50.857044938903549 ], [ -0.95856889509393, 50.85697300869159 ], [ -0.958471283131875, 50.856936165246765 ], [ -0.9583720689252, 50.856971251929338 ], [ -0.958370466516266, 50.857043182136749 ] ] ] } },
{ "type": "Feature", "properties": { "visible_points": 7, "total_points": 57, "visibility_pct": 12.280701754385964 }, "geometry": { "type": "Polygon", "coordinates": [ [ [ -0.960041092520126, 50.857165999441442 ], [ -0.960138706249544, 50.857202841582072 ], [ -0.960237919630336, 50.857167753393632 ], [ -0.960239519117409, 50.85709582314459 ], [ -0.96014190553231, 50.857058981088507 ], [ -0.960042692315818, 50.857094069196911 ], [ -0.960041092520126, 50.857165999441442 ] ] ] } },
{ "type": "Feature", "properties": { "visible_points": 16, "total_points": 64, "visibility_pct": 25.0 }, "geometry": { "type": "Polygon", "coordinates": [ [ [ -0.959844265429895, 50.857164245157314 ], [ -0.959941878995013, 50.857201087461661 ], [ -0.960041092520126, 50.857165999441442 ], [ -0.960042692315817, 50.857094069196911 ], [ -0.959945078895015, 50.85705722697714 ], [ -0.959845865534204, 50.857092314917331 ], [ -0.959844265429895, 50.857164245157314 ] ] ] } }
]
}
