{
"type": "FeatureCollection",
"name": "9d3bb96bb69b_foliage",
"crs": { "type": "name", "properties": { "name": "urn:ogc:def:crs:OGC:1.3:CRS84" } },
"features": [
{ "type": "Feature", "properties": { "max_height": 1.0165023803710938, "mean_height": 0.097180590033531189, "std_height": 0.16701099276542664, "count_pixels": 42, "percent_cover": 0.16225613289549934, "percent_above_0.1m": 23.809523809523807, "low_level_<0.5": 14.285714285714285, "mid_level_0.5-2": 2.3809523809523809, "tall_2+": 0.0 }, "geometry": { "type": "Polygon", "coordinates": [ [ [ 0.125840424175289, 51.78902067993333 ], [ 0.125741737058744, 51.789058434501968 ], [ 0.125639671539105, 51.789024309042091 ], [ 0.125636293316481, 51.788952429093982 ], [ 0.125734980294833, 51.788914674614738 ], [ 0.125837045634001, 51.788948799994188 ], [ 0.125840424175289, 51.78902067993333 ] ] ] } },
{ "type": "Feature", "properties": { "max_height": 1.0282554626464844, "mean_height": 0.2418118417263031, "std_height": 0.31919562816619873, "count_pixels": 42, "percent_cover": 0.16225613289549934, "percent_above_0.1m": 42.857142857142854, "low_level_<0.5": 9.5238095238095237, "mid_level_0.5-2": 26.190476190476193, "tall_2+": 0.0 }, "geometry": { "type": "Polygon", "coordinates": [ [ [ 0.126041176769205, 51.78901705048191 ], [ 0.125942489833127, 51.78905480521739 ], [ 0.125840424175289, 51.78902067993333 ], [ 0.125837045634001, 51.788948799994188 ], [ 0.125935732431887, 51.78891104534808 ], [ 0.126037797909252, 51.788945170551735 ], [ 0.126041176769205, 51.78901705048191 ] ] ] } },
{ "type": "Feature", "properties": { "max_height": 0.34650039672851562, "mean_height": 0.045353025197982788, "std_height": 0.062683239579200745, "count_pixels": 42, "percent_cover": 0.16225613289549934, "percent_above_0.1m": 9.5238095238095237, "low_level_<0.5": 4.7619047619047619, "mid_level_0.5-2": 0.0, "tall_2+": 0.0 }, "geometry": { "type": "Polygon", "coordinates": [ [ [ 0.126241929320848, 51.78901342068783 ], [ 0.12614324256524, 51.789051175590153 ], [ 0.126041176769205, 51.78901705048191 ], [ 0.126037797909252, 51.788945170551735 ], [ 0.126136484526671, 51.788907415738791 ], [ 0.126238550142231, 51.788941540766629 ], [ 0.126241929320848, 51.78901342068783 ] ] ] } },
{ "type": "Feature", "properties": { "max_height": 15.790252685546875, "mean_height": 1.5896908044815063, "std_height": 2.9235048294067383, "count_pixels": 41, "percent_cover": 0.15839289163608267, "percent_above_0.1m": 70.731707317073173, "low_level_<0.5": 12.195121951219512, "mid_level_0.5-2": 41.463414634146339, "tall_2+": 17.073170731707318 }, "geometry": { "type": "Polygon", "coordinates": [ [ [ 0.125745115461843, 51.789130314444037 ], [ 0.125646428026637, 51.789168068935226 ], [ 0.125544362326527, 51.789133943394937 ], [ 0.125540984242094, 51.7890620634439 ], [ 0.125639671539105, 51.789024309042091 ], [ 0.125741737058744, 51.789058434501968 ], [ 0.125745115461843, 51.789130314444037 ] ] ] } },
{ "type": "Feature", "properties": { "max_height": 5.0567512512207031, "mean_height": 0.44297182559967041, "std_height": 0.91625386476516724, "count_pixels": 42, "percent_cover": 0.16225613289549934, "percent_above_0.1m": 42.857142857142854, "low_level_<0.5": 19.047619047619047, "mid_level_0.5-2": 16.666666666666664, "tall_2+": 4.7619047619047619 }, "geometry": { "type": "Polygon", "coordinates": [ [ [ 0.125945868554893, 51.789126685150492 ], [ 0.125847181300155, 51.789164439808516 ], [ 0.125745115461843, 51.789130314444037 ], [ 0.125741737058744, 51.789058434501968 ], [ 0.125840424175289, 51.78902067993333 ], [ 0.125942489833127, 51.78905480521739 ], [ 0.125945868554893, 51.789126685150492 ] ] ] } },
{ "type": "Feature", "properties": { "max_height": 15.728755950927734, "mean_height": 1.2644780874252319, "std_height": 3.877295970916748, "count_pixels": 42, "percent_cover": 0.16225613289549934, "percent_above_0.1m": 26.190476190476193, "low_level_<0.5": 7.1428571428571423, "mid_level_0.5-2": 9.5238095238095237, "tall_2+": 7.1428571428571423 }, "geometry": { "type": "Polygon", "coordinates": [ [ [ 0.126146621605672, 51.789123055514288 ], [ 0.126047934531404, 51.789160810339155 ], [ 0.125945868554893, 51.789126685150492 ], [ 0.125942489833127, 51.78905480521739 ], [ 0.126041176769205, 51.78901705048191 ], [ 0.12614324256524, 51.789051175590153 ], [ 0.126146621605672, 51.789123055514288 ] ] ] } },
{ "type": "Feature", "properties": { "max_height": 16.568256378173828, "mean_height": 3.0268678665161133, "std_height": 4.8629131317138672, "count_pixels": 41, "percent_cover": 0.15839289163608267, "percent_above_0.1m": 41.463414634146339, "low_level_<0.5": 0.0, "mid_level_0.5-2": 2.4390243902439024, "tall_2+": 36.585365853658537 }, "geometry": { "type": "Polygon", "coordinates": [ [ [ 0.126347374614176, 51.789119425535446 ], [ 0.12624868772038, 51.789157180527148 ], [ 0.126146621605672, 51.789123055514288 ], [ 0.12614324256524, 51.789051175590153 ], [ 0.126241929320848, 51.78901342068783 ], [ 0.126343995255078, 51.789047545620271 ], [ 0.126347374614176, 51.789119425535446 ] ] ] } },
{ "type": "Feature", "properties": { "max_height": 0.83750152587890625, "mean_height": 0.081787109375, "std_height": 0.16060510277748108, "count_pixels": 42, "percent_cover": 0.16225613289549934, "percent_above_0.1m": 19.047619047619047, "low_level_<0.5": 14.285714285714285, "mid_level_0.5-2": 2.3809523809523809, "tall_2+": 0.0 }, "geometry": { "type": "Polygon", "coordinates": [ [ [ 0.126548127580402, 51.789115795213938 ], [ 0.126449440867078, 51.78915355037249 ], [ 0.126347374614176, 51.789119425535446 ], [ 0.126343995255078, 51.789047545620271 ], [ 0.126442681830215, 51.78900979055112 ], [ 0.126544747902638, 51.789043915307744 ], [ 0.126548127580402, 51.789115795213938 ] ] ] } },
{ "type": "Feature", "properties": { "max_height": 0.16625213623046875, "mean_height": 0.029745202511548996, "std_height": 0.034455489367246628, "count_pixels": 38, "percent_cover": 0.14680316785783273, "percent_above_0.1m": 5.2631578947368416, "low_level_<0.5": 2.6315789473684208, "mid_level_0.5-2": 0.0, "tall_2+": 0.0 }, "geometry": { "type": "Polygon", "coordinates": [ [ [ 0.126748880504344, 51.789112164549785 ], [ 0.126650193971496, 51.789149919875179 ], [ 0.126548127580402, 51.789115795213938 ], [ 0.126544747902638, 51.789043915307744 ], [ 0.126643434297301, 51.78900616007175 ], [ 0.126745500507914, 51.789040284652572 ], [ 0.126748880504344, 51.789112164549785 ] ] ] } },
{ "type": "Feature", "properties": { "max_height": 10.69000244140625, "mean_height": 2.3228237628936768, "std_height": 2.602515697479248, "count_pixels": 42, "percent_cover": 0.16225613289549934, "percent_above_0.1m": 69.047619047619051, "low_level_<0.5": 7.1428571428571423, "mid_level_0.5-2": 21.428571428571427, "tall_2+": 40.476190476190474 }, "geometry": { "type": "Polygon", "coordinates": [ [ [ 0.125850559883734, 51.78923631974456 ], [ 0.125751872310332, 51.789274074325121 ], [ 0.125649806291547, 51.789239948880244 ], [ 0.125646428026637, 51.789168068935226 ], [ 0.125745115461843, 51.789130314444037 ], [ 0.125847181300155, 51.789164439808516 ], [ 0.125850559883734, 51.78923631974456 ] ] ] } },
{ "type": "Feature", "properties": { "max_height": 0.477752685546875, "mean_height": 0.06115032359957695, "std_height": 0.10235662758350372, "count_pixels": 42, "percent_cover": 0.16225613289549934, "percent_above_0.1m": 19.047619047619047, "low_level_<0.5": 14.285714285714285, "mid_level_0.5-2": 0.0, "tall_2+": 0.0 }, "geometry": { "type": "Polygon", "coordinates": [ [ [ 0.12605131343365, 51.789232690266239 ], [ 0.125952626040719, 51.789270445013635 ], [ 0.125850559883734, 51.78923631974456 ], [ 0.125847181300155, 51.789164439808516 ], [ 0.125945868554893, 51.789126685150492 ], [ 0.126047934531404, 51.789160810339155 ], [ 0.12605131343365, 51.789232690266239 ] ] ] } },
{ "type": "Feature", "properties": { "max_height": 7.4267501831054688, "mean_height": 1.4424787759780884, "std_height": 1.9185637235641479, "count_pixels": 42, "percent_cover": 0.16225613289549934, "percent_above_0.1m": 66.666666666666657, "low_level_<0.5": 9.5238095238095237, "mid_level_0.5-2": 26.190476190476193, "tall_2+": 23.809523809523807 }, "geometry": { "type": "Polygon", "coordinates": [ [ [ 0.126252066941294, 51.789229060445258 ], [ 0.126153379728834, 51.789266815359504 ], [ 0.12605131343365, 51.789232690266239 ], [ 0.126047934531404, 51.789160810339155 ], [ 0.126146621605672, 51.789123055514288 ], [ 0.12624868772038, 51.789157180527148 ], [ 0.126252066941294, 51.789229060445258 ] ] ] } },
{ "type": "Feature", "properties": { "max_height": 19.858753204345703, "mean_height": 2.3078889846801758, "std_height": 4.7474603652954102, "count_pixels": 42, "percent_cover": 0.16225613289549934, "percent_above_0.1m": 33.333333333333329, "low_level_<0.5": 2.3809523809523809, "mid_level_0.5-2": 7.1428571428571423, "tall_2+": 21.428571428571427 }, "geometry": { "type": "Polygon", "coordinates": [ [ [ 0.126452820406661, 51.789225430281633 ], [ 0.126354133374675, 51.789263185362707 ], [ 0.126252066941294, 51.789229060445258 ], [ 0.12624868772038, 51.789157180527148 ], [ 0.126347374614176, 51.789119425535446 ], [ 0.126449440867078, 51.78915355037249 ], [ 0.126452820406661, 51.789225430281633 ] ] ] } },
{ "type": "Feature", "properties": { "max_height": 13.002250671386719, "mean_height": 1.1940017938613892, "std_height": 3.2304558753967285, "count_pixels": 42, "percent_cover": 0.16225613289549934, "percent_above_0.1m": 16.666666666666664, "low_level_<0.5": 0.0, "mid_level_0.5-2": 4.7619047619047619, "tall_2+": 11.904761904761903 }, "geometry": { "type": "Polygon", "coordinates": [ [ [ 0.126653573829746, 51.789221799775348 ], [ 0.126554886978236, 51.789259555023271 ], [ 0.126452820406661, 51.789225430281633 ], [ 0.126449440867078, 51.78915355037249 ], [ 0.126548127580402, 51.789115795213938 ], [ 0.126650193971496, 51.789149919875179 ], [ 0.126653573829746, 51.789221799775348 ] ] ] } },
{ "type": "Feature", "properties": { "max_height": 23.850254058837891, "mean_height": 3.1545200347900391, "std_height": 6.570948600769043, "count_pixels": 42, "percent_cover": 0.16225613289549934, "percent_above_0.1m": 33.333333333333329, "low_level_<0.5": 2.3809523809523809, "mid_level_0.5-2": 7.1428571428571423, "tall_2+": 21.428571428571427 }, "geometry": { "type": "Polygon", "coordinates": [ [ [ 0.126854327210547, 51.789218168926411 ], [ 0.126755640539513, 51.789255924341177 ], [ 0.126653573829746, 51.789221799775348 ], [ 0.126650193971496, 51.789149919875179 ], [ 0.126748880504344, 51.789112164549785 ], [ 0.126850947033629, 51.789146289035216 ], [ 0.126854327210547, 51.789218168926411 ] ] ] } },
{ "type": "Feature", "properties": { "max_height": 0.11750030517578125, "mean_height": 0.020727576687932014, "std_height": 0.025174427777528763, "count_pixels": 41, "percent_cover": 0.15839289163608267, "percent_above_0.1m": 2.4390243902439024, "low_level_<0.5": 0.0, "mid_level_0.5-2": 0.0, "tall_2+": 0.0 }, "geometry": { "type": "Polygon", "coordinates": [ [ [ 0.127055080549058, 51.789214537734829 ], [ 0.126956394058504, 51.78925229331643 ], [ 0.126854327210547, 51.789218168926411 ], [ 0.126850947033629, 51.789146289035216 ], [ 0.126949633386, 51.789108533542993 ], [ 0.127051700053473, 51.789142657852601 ], [ 0.127055080549058, 51.789214537734829 ] ] ] } },
{ "type": "Feature", "properties": { "max_height": 21.811004638671875, "mean_height": 12.956912040710449, "std_height": 5.9529190063476562, "count_pixels": 41, "percent_cover": 0.15839289163608267, "percent_above_0.1m": 100.0, "low_level_<0.5": 0.0, "mid_level_0.5-2": 4.8780487804878048, "tall_2+": 95.121951219512198 }, "geometry": { "type": "Polygon", "coordinates": [ [ [ 0.125755250755721, 51.789345954264114 ], [ 0.125656562863654, 51.789383708767204 ], [ 0.125554496664396, 51.789349583241915 ], [ 0.125551118537678, 51.789277703293955 ], [ 0.125649806291547, 51.789239948880244 ], [ 0.125751872310332, 51.789274074325121 ], [ 0.125755250755721, 51.789345954264114 ] ] ] } },
{ "type": "Feature", "properties": { "max_height": 23.522750854492188, "mean_height": 6.9743890762329102, "std_height": 6.4117679595947266, "count_pixels": 42, "percent_cover": 0.16225613289549934, "percent_above_0.1m": 78.571428571428569, "low_level_<0.5": 4.7619047619047619, "mid_level_0.5-2": 2.3809523809523809, "tall_2+": 71.428571428571431 }, "geometry": { "type": "Polygon", "coordinates": [ [ [ 0.125956004804778, 51.789342324943668 ], [ 0.125857317093182, 51.789380079613601 ], [ 0.125755250755721, 51.789345954264114 ], [ 0.125751872310332, 51.789274074325121 ], [ 0.125850559883734, 51.78923631974456 ], [ 0.125952626040719, 51.789270445013635 ], [ 0.125956004804778, 51.789342324943668 ] ] ] } },
{ "type": "Feature", "properties": { "max_height": 24.060504913330078, "mean_height": 3.5755081176757812, "std_height": 6.3062763214111328, "count_pixels": 42, "percent_cover": 0.16225613289549934, "percent_above_0.1m": 80.952380952380949, "low_level_<0.5": 21.428571428571427, "mid_level_0.5-2": 28.571428571428569, "tall_2+": 28.571428571428569 }, "geometry": { "type": "Polygon", "coordinates": [ [ [ 0.126156758811564, 51.789338695280563 ], [ 0.126058071280439, 51.789376450117331 ], [ 0.125956004804778, 51.789342324943668 ], [ 0.125952626040719, 51.789270445013635 ], [ 0.12605131343365, 51.789232690266239 ], [ 0.126153379728834, 51.789266815359504 ], [ 0.126156758811564, 51.789338695280563 ] ] ] } },
{ "type": "Feature", "properties": { "max_height": 21.335250854492188, "mean_height": 4.2833251953125, "std_height": 6.3079571723937988, "count_pixels": 41, "percent_cover": 0.15839289163608267, "percent_above_0.1m": 56.09756097560976, "low_level_<0.5": 7.3170731707317067, "mid_level_0.5-2": 7.3170731707317067, "tall_2+": 39.024390243902438 }, "geometry": { "type": "Polygon", "coordinates": [ [ [ 0.126357512776075, 51.789335065274805 ], [ 0.126258825425423, 51.789372820278416 ], [ 0.126156758811564, 51.789338695280563 ], [ 0.126153379728834, 51.789266815359504 ], [ 0.126252066941294, 51.789229060445258 ], [ 0.126354133374675, 51.789263185362707 ], [ 0.126357512776075, 51.789335065274805 ] ] ] } },
{ "type": "Feature", "properties": { "max_height": 2.6895027160644531, "mean_height": 0.12483569234609604, "std_height": 0.46978759765625, "count_pixels": 42, "percent_cover": 0.16225613289549934, "percent_above_0.1m": 9.5238095238095237, "low_level_<0.5": 2.3809523809523809, "mid_level_0.5-2": 4.7619047619047619, "tall_2+": 2.3809523809523809 }, "geometry": { "type": "Polygon", "coordinates": [ [ [ 0.126558266698306, 51.789331434926389 ], [ 0.12645957952813, 51.789369190096842 ], [ 0.126357512776075, 51.789335065274805 ], [ 0.126354133374675, 51.789263185362707 ], [ 0.126452820406661, 51.789225430281633 ], [ 0.126554886978236, 51.789259555023271 ], [ 0.126558266698306, 51.789331434926389 ] ] ] } },
{ "type": "Feature", "properties": { "max_height": 26.247001647949219, "mean_height": 15.946600914001465, "std_height": 7.8060884475708008, "count_pixels": 38, "percent_cover": 0.14680316785783273, "percent_above_0.1m": 94.73684210526315, "low_level_<0.5": 0.0, "mid_level_0.5-2": 2.6315789473684208, "tall_2+": 92.10526315789474 }, "geometry": { "type": "Polygon", "coordinates": [ [ [ 0.126759020578253, 51.789327804235327 ], [ 0.126660333588555, 51.789365559572616 ], [ 0.126558266698306, 51.789331434926389 ], [ 0.126554886978236, 51.789259555023271 ], [ 0.126653573829746, 51.789221799775348 ], [ 0.126755640539513, 51.789255924341177 ], [ 0.126759020578253, 51.789327804235327 ] ] ] } },
{ "type": "Feature", "properties": { "max_height": 22.015251159667969, "mean_height": 5.9270977973937988, "std_height": 6.6818771362304688, "count_pixels": 42, "percent_cover": 0.16225613289549934, "percent_above_0.1m": 61.904761904761905, "low_level_<0.5": 0.0, "mid_level_0.5-2": 7.1428571428571423, "tall_2+": 52.380952380952387 }, "geometry": { "type": "Polygon", "coordinates": [ [ [ 0.126959774415912, 51.789324173201614 ], [ 0.126861087606694, 51.789361928705745 ], [ 0.126759020578253, 51.789327804235327 ], [ 0.126755640539513, 51.789255924341177 ], [ 0.126854327210547, 51.789218168926411 ], [ 0.126956394058504, 51.78925229331643 ], [ 0.126959774415912, 51.789324173201614 ] ] ] } },
{ "type": "Feature", "properties": { "max_height": 4.8667564392089844, "mean_height": 0.74211549758911133, "std_height": 1.279144287109375, "count_pixels": 42, "percent_cover": 0.16225613289549934, "percent_above_0.1m": 45.238095238095241, "low_level_<0.5": 11.904761904761903, "mid_level_0.5-2": 14.285714285714285, "tall_2+": 14.285714285714285 }, "geometry": { "type": "Polygon", "coordinates": [ [ [ 0.127160528211281, 51.789320541825234 ], [ 0.127061841582544, 51.789358297496214 ], [ 0.126959774415912, 51.789324173201614 ], [ 0.126956394058504, 51.78925229331643 ], [ 0.127055080549058, 51.789214537734829 ], [ 0.127157147535203, 51.789248661949031 ], [ 0.127160528211281, 51.789320541825234 ] ] ] } },
{ "type": "Feature", "properties": { "max_height": 5.5992507934570312, "mean_height": 0.2519603967666626, "std_height": 0.89501124620437622, "count_pixels": 42, "percent_cover": 0.16225613289549934, "percent_above_0.1m": 19.047619047619047, "low_level_<0.5": 7.1428571428571423, "mid_level_0.5-2": 7.1428571428571423, "tall_2+": 2.3809523809523809 }, "geometry": { "type": "Polygon", "coordinates": [ [ [ 0.127361281964353, 51.789316910106216 ], [ 0.1272625955161, 51.789354665944039 ], [ 0.127160528211281, 51.789320541825234 ], [ 0.127157147535203, 51.789248661949031 ], [ 0.127255833845276, 51.789210906200587 ], [ 0.127357900969607, 51.789245030238988 ], [ 0.127361281964353, 51.789316910106216 ] ] ] } },
{ "type": "Feature", "properties": { "max_height": 0.07900238037109375, "mean_height": 0.025264013558626175, "std_height": 0.026023434475064278, "count_pixels": 42, "percent_cover": 0.16225613289549934, "percent_above_0.1m": 0.0, "low_level_<0.5": 0.0, "mid_level_0.5-2": 0.0, "tall_2+": 0.0 }, "geometry": { "type": "Polygon", "coordinates": [ [ [ 0.127562035675127, 51.789313278044538 ], [ 0.127463349407359, 51.789351034049197 ], [ 0.127361281964353, 51.789316910106216 ], [ 0.127357900969607, 51.789245030238988 ], [ 0.127456587099197, 51.789207274323701 ], [ 0.127558654361712, 51.789241398186277 ], [ 0.127562035675127, 51.789313278044538 ] ] ] } },
{ "type": "Feature", "properties": { "max_height": 22.508003234863281, "mean_height": 11.448038101196289, "std_height": 5.6487526893615723, "count_pixels": 42, "percent_cover": 0.16225613289549934, "percent_above_0.1m": 97.61904761904762, "low_level_<0.5": 0.0, "mid_level_0.5-2": 2.3809523809523809, "tall_2+": 95.238095238095227 }, "geometry": { "type": "Polygon", "coordinates": [ [ [ 0.125659941170851, 51.789455588709146 ], [ 0.125561252960117, 51.789493343134758 ], [ 0.125459186580385, 51.789459217529071 ], [ 0.125455808591861, 51.789387337578162 ], [ 0.125554496664396, 51.789349583241915 ], [ 0.125656562863654, 51.789383708767204 ], [ 0.125659941170851, 51.789455588709146 ] ] ] } },
{ "type": "Feature", "properties": { "max_height": 24.259754180908203, "mean_height": 12.560549736022949, "std_height": 5.3505711555480957, "count_pixels": 42, "percent_cover": 0.16225613289549934, "percent_above_0.1m": 97.61904761904762, "low_level_<0.5": 0.0, "mid_level_0.5-2": 0.0, "tall_2+": 97.61904761904762 }, "geometry": { "type": "Polygon", "coordinates": [ [ [ 0.125860695719052, 51.789451959546575 ], [ 0.125762007688788, 51.789489714139044 ], [ 0.125659941170851, 51.789455588709146 ], [ 0.125656562863654, 51.789383708767204 ], [ 0.125755250755721, 51.789345954264114 ], [ 0.125857317093182, 51.789380079613601 ], [ 0.125860695719052, 51.789451959546575 ] ] ] } },
{ "type": "Feature", "properties": { "max_height": 27.058254241943359, "mean_height": 16.919002532958984, "std_height": 7.7736930847167969, "count_pixels": 42, "percent_cover": 0.16225613289549934, "percent_above_0.1m": 100.0, "low_level_<0.5": 0.0, "mid_level_0.5-2": 2.3809523809523809, "tall_2+": 97.61904761904762 }, "geometry": { "type": "Polygon", "coordinates": [ [ [ 0.126061450224981, 51.789448330041338 ], [ 0.12596276237519, 51.78948608480065 ], [ 0.125860695719052, 51.789451959546575 ], [ 0.125857317093182, 51.789380079613601 ], [ 0.125956004804778, 51.789342324943668 ], [ 0.126058071280439, 51.789376450117331 ], [ 0.126061450224981, 51.789448330041338 ] ] ] } },
{ "type": "Feature", "properties": { "max_height": 21.344501495361328, "mean_height": 11.756156921386719, "std_height": 5.6242437362670898, "count_pixels": 42, "percent_cover": 0.16225613289549934, "percent_above_0.1m": 97.61904761904762, "low_level_<0.5": 0.0, "mid_level_0.5-2": 4.7619047619047619, "tall_2+": 92.857142857142861 }, "geometry": { "type": "Polygon", "coordinates": [ [ [ 0.126262204688638, 51.789444700193449 ], [ 0.12616351701932, 51.789482455119597 ], [ 0.126061450224981, 51.789448330041338 ], [ 0.126058071280439, 51.789376450117331 ], [ 0.126156758811564, 51.789338695280563 ], [ 0.126258825425423, 51.789372820278416 ], [ 0.126262204688638, 51.789444700193449 ] ] ] } },
{ "type": "Feature", "properties": { "max_height": 22.576251983642578, "mean_height": 11.308473587036133, "std_height": 7.4591970443725586, "count_pixels": 42, "percent_cover": 0.16225613289549934, "percent_above_0.1m": 88.095238095238088, "low_level_<0.5": 2.3809523809523809, "mid_level_0.5-2": 4.7619047619047619, "tall_2+": 80.952380952380949 }, "geometry": { "type": "Polygon", "coordinates": [ [ [ 0.126462959110016, 51.789441070002908 ], [ 0.126364271621175, 51.789478825095891 ], [ 0.126262204688638, 51.789444700193449 ], [ 0.126258825425423, 51.789372820278416 ], [ 0.126357512776075, 51.789335065274805 ], [ 0.12645957952813, 51.789369190096842 ], [ 0.126462959110016, 51.789441070002908 ] ] ] } },
{ "type": "Feature", "properties": { "max_height": 23.509254455566406, "mean_height": 7.8977289199829102, "std_height": 7.7718496322631836, "count_pixels": 42, "percent_cover": 0.16225613289549934, "percent_above_0.1m": 64.285714285714292, "low_level_<0.5": 2.3809523809523809, "mid_level_0.5-2": 4.7619047619047619, "tall_2+": 57.142857142857139 }, "geometry": { "type": "Polygon", "coordinates": [ [ [ 0.126663713489113, 51.789437439469715 ], [ 0.126565026180749, 51.789475194729548 ], [ 0.126462959110016, 51.789441070002908 ], [ 0.12645957952813, 51.789369190096842 ], [ 0.126558266698306, 51.789331434926389 ], [ 0.126660333588555, 51.789365559572616 ], [ 0.126663713489113, 51.789437439469715 ] ] ] } },
{ "type": "Feature", "properties": { "max_height": 22.731254577636719, "mean_height": 15.85027027130127, "std_height": 4.2670950889587402, "count_pixels": 42, "percent_cover": 0.16225613289549934, "percent_above_0.1m": 100.0, "low_level_<0.5": 0.0, "mid_level_0.5-2": 0.0, "tall_2+": 100.0 }, "geometry": { "type": "Polygon", "coordinates": [ [ [ 0.126864467825923, 51.789433808593863 ], [ 0.126765780698039, 51.789471564020545 ], [ 0.126663713489113, 51.789437439469715 ], [ 0.126660333588555, 51.789365559572616 ], [ 0.126759020578253, 51.789327804235327 ], [ 0.126861087606694, 51.789361928705745 ], [ 0.126864467825923, 51.789433808593863 ] ] ] } },
{ "type": "Feature", "properties": { "max_height": 18.256504058837891, "mean_height": 10.167070388793945, "std_height": 4.8624849319458008, "count_pixels": 41, "percent_cover": 0.15839289163608267, "percent_above_0.1m": 100.0, "low_level_<0.5": 0.0, "mid_level_0.5-2": 0.0, "tall_2+": 100.0 }, "geometry": { "type": "Polygon", "coordinates": [ [ [ 0.127065222120445, 51.789430177375358 ], [ 0.126966535173042, 51.789467932968876 ], [ 0.126864467825923, 51.789433808593863 ], [ 0.126861087606694, 51.789361928705745 ], [ 0.126959774415912, 51.789324173201614 ], [ 0.127061841582544, 51.789358297496214 ], [ 0.127065222120445, 51.789430177375358 ] ] ] } },
{ "type": "Feature", "properties": { "max_height": 16.718006134033203, "mean_height": 5.745215892791748, "std_height": 4.6049990653991699, "count_pixels": 42, "percent_cover": 0.16225613289549934, "percent_above_0.1m": 100.0, "low_level_<0.5": 2.3809523809523809, "mid_level_0.5-2": 21.428571428571427, "tall_2+": 76.19047619047619 }, "geometry": { "type": "Polygon", "coordinates": [ [ [ 0.127265976372672, 51.789426545814209 ], [ 0.127167289605752, 51.789464301574554 ], [ 0.127065222120445, 51.789430177375358 ], [ 0.127061841582544, 51.789358297496214 ], [ 0.127160528211281, 51.789320541825234 ], [ 0.1272625955161, 51.789354665944039 ], [ 0.127265976372672, 51.789426545814209 ] ] ] } },
{ "type": "Feature", "properties": { "max_height": 3.6052513122558594, "mean_height": 0.41213887929916382, "std_height": 0.8160252571105957, "count_pixels": 42, "percent_cover": 0.16225613289549934, "percent_above_0.1m": 33.333333333333329, "low_level_<0.5": 9.5238095238095237, "mid_level_0.5-2": 14.285714285714285, "tall_2+": 7.1428571428571423 }, "geometry": { "type": "Polygon", "coordinates": [ [ [ 0.127466730582601, 51.789422913910407 ], [ 0.127368043996167, 51.789460669837588 ], [ 0.127265976372672, 51.789426545814209 ], [ 0.1272625955161, 51.789354665944039 ], [ 0.127361281964353, 51.789316910106216 ], [ 0.127463349407359, 51.789351034049197 ], [ 0.127466730582601, 51.789422913910407 ] ] ] } },
{ "type": "Feature", "properties": { "max_height": 0.82125091552734375, "mean_height": 0.062198549509048462, "std_height": 0.14749769866466522, "count_pixels": 42, "percent_cover": 0.16225613289549934, "percent_above_0.1m": 11.904761904761903, "low_level_<0.5": 7.1428571428571423, "mid_level_0.5-2": 4.7619047619047619, "tall_2+": 0.0 }, "geometry": { "type": "Polygon", "coordinates": [ [ [ 0.127667484750228, 51.789419281663925 ], [ 0.127568798344282, 51.78945703775797 ], [ 0.127466730582601, 51.789422913910407 ], [ 0.127463349407359, 51.789351034049197 ], [ 0.127562035675127, 51.789313278044538 ], [ 0.127664103256316, 51.78934740181171 ], [ 0.127667484750228, 51.789419281663925 ] ] ] } },
{ "type": "Feature", "properties": { "max_height": 4.2177543640136719, "mean_height": 0.20483534038066864, "std_height": 0.70706653594970703, "count_pixels": 42, "percent_cover": 0.16225613289549934, "percent_above_0.1m": 11.904761904761903, "low_level_<0.5": 0.0, "mid_level_0.5-2": 4.7619047619047619, "tall_2+": 2.3809523809523809 }, "geometry": { "type": "Polygon", "coordinates": [ [ [ 0.12786823887555, 51.789415649074812 ], [ 0.127769552650093, 51.789453405335685 ], [ 0.127667484750228, 51.789419281663925 ], [ 0.127664103256316, 51.78934740181171 ], [ 0.127762789343598, 51.789309645640223 ], [ 0.127864857062967, 51.789343769231564 ], [ 0.12786823887555, 51.789415649074812 ] ] ] } },
{ "type": "Feature", "properties": { "max_height": 16.783252716064453, "mean_height": 4.8623533248901367, "std_height": 5.570216178894043, "count_pixels": 42, "percent_cover": 0.16225613289549934, "percent_above_0.1m": 69.047619047619051, "low_level_<0.5": 7.1428571428571423, "mid_level_0.5-2": 14.285714285714285, "tall_2+": 47.619047619047613 }, "geometry": { "type": "Polygon", "coordinates": [ [ [ 0.125564631129122, 51.78956522307967 ], [ 0.125465942599718, 51.789602977427812 ], [ 0.125363876039512, 51.789568851741706 ], [ 0.125360498189183, 51.789496971787848 ], [ 0.125459186580385, 51.789459217529071 ], [ 0.125561252960117, 51.789493343134758 ], [ 0.125564631129122, 51.78956522307967 ] ] ] } },
{ "type": "Feature", "properties": { "max_height": 18.366004943847656, "mean_height": 7.3906726837158203, "std_height": 5.9044485092163086, "count_pixels": 41, "percent_cover": 0.15839289163608267, "percent_above_0.1m": 82.926829268292678, "low_level_<0.5": 2.4390243902439024, "mid_level_0.5-2": 4.8780487804878048, "tall_2+": 75.609756097560975 }, "geometry": { "type": "Polygon", "coordinates": [ [ [ 0.125765386176466, 51.789561594074961 ], [ 0.125666697827534, 51.78959934858996 ], [ 0.125564631129122, 51.78956522307967 ], [ 0.125561252960117, 51.789493343134758 ], [ 0.125659941170851, 51.789455588709146 ], [ 0.125762007688788, 51.789489714139044 ], [ 0.125765386176466, 51.789561594074961 ] ] ] } },
{ "type": "Feature", "properties": { "max_height": 27.489498138427734, "mean_height": 8.8932409286499023, "std_height": 6.4387459754943848, "count_pixels": 42, "percent_cover": 0.16225613289549934, "percent_above_0.1m": 95.238095238095227, "low_level_<0.5": 0.0, "mid_level_0.5-2": 7.1428571428571423, "tall_2+": 88.095238095238088 }, "geometry": { "type": "Polygon", "coordinates": [ [ [ 0.125966141181543, 51.789557964727614 ], [ 0.125867453013083, 51.789595719409455 ], [ 0.125765386176466, 51.789561594074961 ], [ 0.125762007688788, 51.789489714139044 ], [ 0.125860695719052, 51.789451959546575 ], [ 0.12596276237519, 51.78948608480065 ], [ 0.125966141181543, 51.789557964727614 ] ] ] } },
{ "type": "Feature", "properties": { "max_height": 10.896755218505859, "mean_height": 2.7820141315460205, "std_height": 2.8248331546783447, "count_pixels": 42, "percent_cover": 0.16225613289549934, "percent_above_0.1m": 80.952380952380949, "low_level_<0.5": 7.1428571428571423, "mid_level_0.5-2": 21.428571428571427, "tall_2+": 50.0 }, "geometry": { "type": "Polygon", "coordinates": [ [ [ 0.126166896144348, 51.789554335037593 ], [ 0.126068208156362, 51.789592089886277 ], [ 0.125966141181543, 51.789557964727614 ], [ 0.12596276237519, 51.78948608480065 ], [ 0.126061450224981, 51.789448330041338 ], [ 0.12616351701932, 51.789482455119597 ], [ 0.126166896144348, 51.789554335037593 ] ] ] } },
{ "type": "Feature", "properties": { "max_height": 22.026004791259766, "mean_height": 11.519631385803223, "std_height": 5.5826854705810547, "count_pixels": 41, "percent_cover": 0.15839289163608267, "percent_above_0.1m": 100.0, "low_level_<0.5": 2.4390243902439024, "mid_level_0.5-2": 2.4390243902439024, "tall_2+": 95.121951219512198 }, "geometry": { "type": "Polygon", "coordinates": [ [ [ 0.126367651064877, 51.789550705004928 ], [ 0.126268963257366, 51.789588460020447 ], [ 0.126166896144348, 51.789554335037593 ], [ 0.12616351701932, 51.789482455119597 ], [ 0.126262204688638, 51.789444700193449 ], [ 0.126364271621175, 51.789478825095891 ], [ 0.126367651064877, 51.789550705004928 ] ] ] } },
{ "type": "Feature", "properties": { "max_height": 15.120254516601562, "mean_height": 6.5308113098144531, "std_height": 4.1365294456481934, "count_pixels": 42, "percent_cover": 0.16225613289549934, "percent_above_0.1m": 85.714285714285708, "low_level_<0.5": 2.3809523809523809, "mid_level_0.5-2": 2.3809523809523809, "tall_2+": 80.952380952380949 }, "geometry": { "type": "Polygon", "coordinates": [ [ [ 0.126568405943125, 51.789547074629589 ], [ 0.126469718316093, 51.789584829811972 ], [ 0.126367651064877, 51.789550705004928 ], [ 0.126364271621175, 51.789478825095891 ], [ 0.126462959110016, 51.789441070002908 ], [ 0.126565026180749, 51.789475194729548 ], [ 0.126568405943125, 51.789547074629589 ] ] ] } },
{ "type": "Feature", "properties": { "max_height": 16.062252044677734, "mean_height": 7.595390796661377, "std_height": 4.0733590126037598, "count_pixels": 38, "percent_cover": 0.14680316785783273, "percent_above_0.1m": 100.0, "low_level_<0.5": 5.2631578947368416, "mid_level_0.5-2": 5.2631578947368416, "tall_2+": 89.473684210526315 }, "geometry": { "type": "Polygon", "coordinates": [ [ [ 0.126769160779089, 51.789543443911626 ], [ 0.126670473332536, 51.78958119926083 ], [ 0.126568405943125, 51.789547074629589 ], [ 0.126565026180749, 51.789475194729548 ], [ 0.126663713489113, 51.789437439469715 ], [ 0.126765780698039, 51.789471564020545 ], [ 0.126769160779089, 51.789543443911626 ] ] ] } },
{ "type": "Feature", "properties": { "max_height": 17.870754241943359, "mean_height": 6.9117765426635742, "std_height": 6.1489076614379883, "count_pixels": 42, "percent_cover": 0.16225613289549934, "percent_above_0.1m": 80.952380952380949, "low_level_<0.5": 7.1428571428571423, "mid_level_0.5-2": 14.285714285714285, "tall_2+": 59.523809523809526 }, "geometry": { "type": "Polygon", "coordinates": [ [ [ 0.126969915572764, 51.789539812850983 ], [ 0.126871228306694, 51.789577568367037 ], [ 0.126769160779089, 51.789543443911626 ], [ 0.126765780698039, 51.789471564020545 ], [ 0.126864467825923, 51.789433808593863 ], [ 0.126966535173042, 51.789467932968876 ], [ 0.126969915572764, 51.789539812850983 ] ] ] } },
{ "type": "Feature", "properties": { "max_height": 18.362754821777344, "mean_height": 5.754549503326416, "std_height": 5.8506307601928711, "count_pixels": 42, "percent_cover": 0.16225613289549934, "percent_above_0.1m": 80.952380952380949, "low_level_<0.5": 9.5238095238095237, "mid_level_0.5-2": 16.666666666666664, "tall_2+": 54.761904761904766 }, "geometry": { "type": "Polygon", "coordinates": [ [ [ 0.127170670324148, 51.789536181447694 ], [ 0.127071983238562, 51.789573937130584 ], [ 0.126969915572764, 51.789539812850983 ], [ 0.126966535173042, 51.789467932968876 ], [ 0.127065222120445, 51.789430177375358 ], [ 0.127167289605752, 51.789464301574554 ], [ 0.127170670324148, 51.789536181447694 ] ] ] } },
{ "type": "Feature", "properties": { "max_height": 13.985504150390625, "mean_height": 4.334526538848877, "std_height": 4.9256839752197266, "count_pixels": 42, "percent_cover": 0.16225613289549934, "percent_above_0.1m": 59.523809523809526, "low_level_<0.5": 2.3809523809523809, "mid_level_0.5-2": 7.1428571428571423, "tall_2+": 50.0 }, "geometry": { "type": "Polygon", "coordinates": [ [ [ 0.127371425033236, 51.78953254970174 ], [ 0.127272738128135, 51.789570305551486 ], [ 0.127170670324148, 51.789536181447694 ], [ 0.127167289605752, 51.789464301574554 ], [ 0.127265976372672, 51.789426545814209 ], [ 0.127368043996167, 51.789460669837588 ], [ 0.127371425033236, 51.78953254970174 ] ] ] } },
{ "type": "Feature", "properties": { "max_height": 14.969505310058594, "mean_height": 1.5908234119415283, "std_height": 3.6116724014282227, "count_pixels": 42, "percent_cover": 0.16225613289549934, "percent_above_0.1m": 35.714285714285715, "low_level_<0.5": 4.7619047619047619, "mid_level_0.5-2": 11.904761904761903, "tall_2+": 16.666666666666664 }, "geometry": { "type": "Polygon", "coordinates": [ [ [ 0.127572179700023, 51.789528917613147 ], [ 0.127473492975409, 51.789566673629722 ], [ 0.127371425033236, 51.78953254970174 ], [ 0.127368043996167, 51.789460669837588 ], [ 0.127466730582601, 51.789422913910407 ], [ 0.127568798344282, 51.78945703775797 ], [ 0.127572179700023, 51.789528917613147 ] ] ] } },
{ "type": "Feature", "properties": { "max_height": 7.7747535705566406, "mean_height": 2.1226673126220703, "std_height": 2.3309850692749023, "count_pixels": 41, "percent_cover": 0.15839289163608267, "percent_above_0.1m": 70.731707317073173, "low_level_<0.5": 9.7560975609756095, "mid_level_0.5-2": 21.951219512195124, "tall_2+": 39.024390243902438 }, "geometry": { "type": "Polygon", "coordinates": [ [ [ 0.127772934324506, 51.789525285181895 ], [ 0.127674247780383, 51.789563041365305 ], [ 0.127572179700023, 51.789528917613147 ], [ 0.127568798344282, 51.78945703775797 ], [ 0.127667484750228, 51.789419281663925 ], [ 0.127769552650093, 51.789453405335685 ], [ 0.127772934324506, 51.789525285181895 ] ] ] } },
{ "type": "Feature", "properties": { "max_height": 7.2480049133300781, "mean_height": 0.5496332049369812, "std_height": 1.2451953887939453, "count_pixels": 42, "percent_cover": 0.16225613289549934, "percent_above_0.1m": 57.142857142857139, "low_level_<0.5": 23.809523809523807, "mid_level_0.5-2": 23.809523809523807, "tall_2+": 4.7619047619047619 }, "geometry": { "type": "Polygon", "coordinates": [ [ [ 0.127973688906682, 51.789521652407984 ], [ 0.127875002543048, 51.789559408758244 ], [ 0.127772934324506, 51.789525285181895 ], [ 0.127769552650093, 51.789453405335685 ], [ 0.12786823887555, 51.789415649074812 ], [ 0.127970306913596, 51.789449772570762 ], [ 0.127973688906682, 51.789521652407984 ] ] ] } },
{ "type": "Feature", "properties": { "max_height": 0.733001708984375, "mean_height": 0.11311503499746323, "std_height": 0.1696995347738266, "count_pixels": 42, "percent_cover": 0.16225613289549934, "percent_above_0.1m": 30.952380952380953, "low_level_<0.5": 19.047619047619047, "mid_level_0.5-2": 4.7619047619047619, "tall_2+": 0.0 }, "geometry": { "type": "Polygon", "coordinates": [ [ [ 0.128174443446545, 51.789518019291428 ], [ 0.128075757263405, 51.789555775808509 ], [ 0.127973688906682, 51.789521652407984 ], [ 0.127970306913596, 51.789449772570762 ], [ 0.128068992958563, 51.789412016143039 ], [ 0.128171061134788, 51.789446139463166 ], [ 0.128174443446545, 51.789518019291428 ] ] ] } },
{ "type": "Feature", "properties": { "max_height": 2.8530006408691406, "mean_height": 0.39451345801353455, "std_height": 0.70385986566543579, "count_pixels": 42, "percent_cover": 0.16225613289549934, "percent_above_0.1m": 33.333333333333329, "low_level_<0.5": 7.1428571428571423, "mid_level_0.5-2": 19.047619047619047, "tall_2+": 7.1428571428571423 }, "geometry": { "type": "Polygon", "coordinates": [ [ [ 0.125469320630526, 51.789674857375651 ], [ 0.125370631782451, 51.78971261164633 ], [ 0.12526856504177, 51.789678485879804 ], [ 0.125265187329639, 51.789606605923026 ], [ 0.125363876039512, 51.789568851741706 ], [ 0.125465942599718, 51.789602977427812 ], [ 0.125469320630526, 51.789674857375651 ] ] ] } },
{ "type": "Feature", "properties": { "max_height": 6.1887550354003906, "mean_height": 1.2384903430938721, "std_height": 1.7949687242507935, "count_pixels": 42, "percent_cover": 0.16225613289549934, "percent_above_0.1m": 50.0, "low_level_<0.5": 2.3809523809523809, "mid_level_0.5-2": 23.809523809523807, "tall_2+": 23.809523809523807 }, "geometry": { "type": "Polygon", "coordinates": [ [ [ 0.125670076177019, 51.789671228528825 ], [ 0.125571387509415, 51.789708982966353 ], [ 0.125469320630526, 51.789674857375651 ], [ 0.125465942599718, 51.789602977427812 ], [ 0.125564631129122, 51.78956522307967 ], [ 0.125666697827534, 51.78959934858996 ], [ 0.125670076177019, 51.789671228528825 ] ] ] } },
{ "type": "Feature", "properties": { "max_height": 11.224502563476562, "mean_height": 5.1335625648498535, "std_height": 3.8302576541900635, "count_pixels": 42, "percent_cover": 0.16225613289549934, "percent_above_0.1m": 90.476190476190482, "low_level_<0.5": 9.5238095238095237, "mid_level_0.5-2": 11.904761904761903, "tall_2+": 69.047619047619051 }, "geometry": { "type": "Polygon", "coordinates": [ [ [ 0.125870831681244, 51.789667599339339 ], [ 0.125772143194113, 51.78970535394371 ], [ 0.125670076177019, 51.789671228528825 ], [ 0.125666697827534, 51.78959934858996 ], [ 0.125765386176466, 51.789561594074961 ], [ 0.125867453013083, 51.789595719409455 ], [ 0.125870831681244, 51.789667599339339 ] ] ] } },
{ "type": "Feature", "properties": { "max_height": 13.355754852294922, "mean_height": 5.3956146240234375, "std_height": 3.6698472499847412, "count_pixels": 42, "percent_cover": 0.16225613289549934, "percent_above_0.1m": 92.857142857142861, "low_level_<0.5": 0.0, "mid_level_0.5-2": 11.904761904761903, "tall_2+": 76.19047619047619 }, "geometry": { "type": "Polygon", "coordinates": [ [ [ 0.1260715871432, 51.789663969807201 ], [ 0.125972898836543, 51.789701724578421 ], [ 0.125870831681244, 51.789667599339339 ], [ 0.125867453013083, 51.789595719409455 ], [ 0.125966141181543, 51.789557964727614 ], [ 0.126068208156362, 51.789592089886277 ], [ 0.1260715871432, 51.789663969807201 ] ] ] } },
{ "type": "Feature", "properties": { "max_height": 10.617748260498047, "mean_height": 2.3130617141723633, "std_height": 3.2510838508605957, "count_pixels": 42, "percent_cover": 0.16225613289549934, "percent_above_0.1m": 50.0, "low_level_<0.5": 0.0, "mid_level_0.5-2": 11.904761904761903, "tall_2+": 35.714285714285715 }, "geometry": { "type": "Polygon", "coordinates": [ [ [ 0.126272342562881, 51.789660339932396 ], [ 0.1261736544367, 51.789698094870467 ], [ 0.1260715871432, 51.789663969807201 ], [ 0.126068208156362, 51.789592089886277 ], [ 0.126166896144348, 51.789554335037593 ], [ 0.126268963257366, 51.789588460020447 ], [ 0.126272342562881, 51.789660339932396 ] ] ] } },
{ "type": "Feature", "properties": { "max_height": 16.591503143310547, "mean_height": 10.441389083862305, "std_height": 3.4947109222412109, "count_pixels": 42, "percent_cover": 0.16225613289549934, "percent_above_0.1m": 100.0, "low_level_<0.5": 0.0, "mid_level_0.5-2": 2.3809523809523809, "tall_2+": 97.61904761904762 }, "geometry": { "type": "Polygon", "coordinates": [ [ [ 0.126473097940282, 51.789656709714947 ], [ 0.126374409994581, 51.789694464819867 ], [ 0.126272342562881, 51.789660339932396 ], [ 0.126268963257366, 51.789588460020447 ], [ 0.126367651064877, 51.789550705004928 ], [ 0.126469718316093, 51.789584829811972 ], [ 0.126473097940282, 51.789656709714947 ] ] ] } },
{ "type": "Feature", "properties": { "max_height": 15.64300537109375, "mean_height": 6.9535980224609375, "std_height": 4.8382458686828613, "count_pixels": 42, "percent_cover": 0.16225613289549934, "percent_above_0.1m": 97.61904761904762, "low_level_<0.5": 2.3809523809523809, "mid_level_0.5-2": 16.666666666666664, "tall_2+": 78.571428571428569 }, "geometry": { "type": "Polygon", "coordinates": [ [ [ 0.126673853275402, 51.789653079154853 ], [ 0.12657516551018, 51.789690834426601 ], [ 0.126473097940282, 51.789656709714947 ], [ 0.126469718316093, 51.789584829811972 ], [ 0.126568405943125, 51.789547074629589 ], [ 0.126670473332536, 51.78958119926083 ], [ 0.126673853275402, 51.789653079154853 ] ] ] } },
{ "type": "Feature", "properties": { "max_height": 17.480503082275391, "mean_height": 9.1337289810180664, "std_height": 5.9602169990539551, "count_pixels": 42, "percent_cover": 0.16225613289549934, "percent_above_0.1m": 97.61904761904762, "low_level_<0.5": 4.7619047619047619, "mid_level_0.5-2": 14.285714285714285, "tall_2+": 78.571428571428569 }, "geometry": { "type": "Polygon", "coordinates": [ [ [ 0.126874608568235, 51.789649448252078 ], [ 0.126775920983496, 51.789687203690676 ], [ 0.126673853275402, 51.789653079154853 ], [ 0.126670473332536, 51.78958119926083 ], [ 0.126769160779089, 51.789543443911626 ], [ 0.126871228306694, 51.789577568367037 ], [ 0.126874608568235, 51.789649448252078 ] ] ] } },
{ "type": "Feature", "properties": { "max_height": 15.206752777099609, "mean_height": 5.4203734397888184, "std_height": 5.3126034736633301, "count_pixels": 41, "percent_cover": 0.15839289163608267, "percent_above_0.1m": 73.170731707317074, "low_level_<0.5": 7.3170731707317067, "mid_level_0.5-2": 7.3170731707317067, "tall_2+": 58.536585365853654 }, "geometry": { "type": "Polygon", "coordinates": [ [ [ 0.127075363818778, 51.789645817006658 ], [ 0.126976676414521, 51.789683572612091 ], [ 0.126874608568235, 51.789649448252078 ], [ 0.126871228306694, 51.789577568367037 ], [ 0.126969915572764, 51.789539812850983 ], [ 0.127071983238562, 51.789573937130584 ], [ 0.127075363818778, 51.789645817006658 ] ] ] } },
{ "type": "Feature", "properties": { "max_height": 1.6737518310546875, "mean_height": 0.059459958225488663, "std_height": 0.27139046788215637, "count_pixels": 42, "percent_cover": 0.16225613289549934, "percent_above_0.1m": 4.7619047619047619, "low_level_<0.5": 0.0, "mid_level_0.5-2": 4.7619047619047619, "tall_2+": 0.0 }, "geometry": { "type": "Polygon", "coordinates": [ [ [ 0.127276119027026, 51.789642185418586 ], [ 0.127177431803256, 51.789679941190848 ], [ 0.127075363818778, 51.789645817006658 ], [ 0.127071983238562, 51.789573937130584 ], [ 0.127170670324148, 51.789536181447694 ], [ 0.127272738128135, 51.789570305551486 ], [ 0.127276119027026, 51.789642185418586 ] ] ] } },
{ "type": "Feature", "properties": { "max_height": 18.746501922607422, "mean_height": 7.662651538848877, "std_height": 7.1463441848754883, "count_pixels": 42, "percent_cover": 0.16225613289549934, "percent_above_0.1m": 71.428571428571431, "low_level_<0.5": 4.7619047619047619, "mid_level_0.5-2": 4.7619047619047619, "tall_2+": 59.523809523809526 }, "geometry": { "type": "Polygon", "coordinates": [ [ [ 0.127476874192975, 51.789638553487848 ], [ 0.127378187149693, 51.789676309426959 ], [ 0.127276119027026, 51.789642185418586 ], [ 0.127272738128135, 51.789570305551486 ], [ 0.127371425033236, 51.78953254970174 ], [ 0.127473492975409, 51.789566673629722 ], [ 0.127476874192975, 51.789638553487848 ] ] ] } },
{ "type": "Feature", "properties": { "max_height": 17.075004577636719, "mean_height": 3.2413301467895508, "std_height": 5.1585354804992676, "count_pixels": 42, "percent_cover": 0.16225613289549934, "percent_above_0.1m": 59.523809523809526, "low_level_<0.5": 7.1428571428571423, "mid_level_0.5-2": 19.047619047619047, "tall_2+": 33.333333333333329 }, "geometry": { "type": "Polygon", "coordinates": [ [ [ 0.127677629316623, 51.789634921214457 ], [ 0.12757894245383, 51.789672677320411 ], [ 0.127476874192975, 51.789638553487848 ], [ 0.127473492975409, 51.789566673629722 ], [ 0.127572179700023, 51.789528917613147 ], [ 0.127674247780383, 51.789563041365305 ], [ 0.127677629316623, 51.789634921214457 ] ] ] } },
{ "type": "Feature", "properties": { "max_height": 6.6425018310546875, "mean_height": 1.2764780521392822, "std_height": 1.947237491607666, "count_pixels": 42, "percent_cover": 0.16225613289549934, "percent_above_0.1m": 76.19047619047619, "low_level_<0.5": 33.333333333333329, "mid_level_0.5-2": 11.904761904761903, "tall_2+": 23.809523809523807 }, "geometry": { "type": "Polygon", "coordinates": [ [ [ 0.127878384397963, 51.789631288598407 ], [ 0.127779697715662, 51.789669044871211 ], [ 0.127677629316623, 51.789634921214457 ], [ 0.127674247780383, 51.789563041365305 ], [ 0.127772934324506, 51.789525285181895 ], [ 0.127875002543048, 51.789559408758244 ], [ 0.127878384397963, 51.789631288598407 ] ] ] } },
{ "type": "Feature", "properties": { "max_height": 6.7397537231445312, "mean_height": 2.4182982444763184, "std_height": 2.3300721645355225, "count_pixels": 38, "percent_cover": 0.14680316785783273, "percent_above_0.1m": 76.31578947368422, "low_level_<0.5": 10.526315789473683, "mid_level_0.5-2": 18.421052631578945, "tall_2+": 44.736842105263158 }, "geometry": { "type": "Polygon", "coordinates": [ [ [ 0.128079139436994, 51.789627655639705 ], [ 0.127980452935185, 51.789665412079337 ], [ 0.127878384397963, 51.789631288598407 ], [ 0.127875002543048, 51.789559408758244 ], [ 0.127973688906682, 51.789521652407984 ], [ 0.128075757263405, 51.789555775808509 ], [ 0.128079139436994, 51.789627655639705 ] ] ] } },
{ "type": "Feature", "properties": { "max_height": 6.4075050354003906, "mean_height": 1.3118826150894165, "std_height": 1.7634741067886353, "count_pixels": 42, "percent_cover": 0.16225613289549934, "percent_above_0.1m": 71.428571428571431, "low_level_<0.5": 11.904761904761903, "mid_level_0.5-2": 23.809523809523807, "tall_2+": 23.809523809523807 }, "geometry": { "type": "Polygon", "coordinates": [ [ [ 0.12827989443371, 51.789624022338351 ], [ 0.128181208112396, 51.789661778944826 ], [ 0.128079139436994, 51.789627655639705 ], [ 0.128075757263405, 51.789555775808509 ], [ 0.128174443446545, 51.789518019291428 ], [ 0.128276511941447, 51.789552142516136 ], [ 0.12827989443371, 51.789624022338351 ] ] ] } },
{ "type": "Feature", "properties": { "max_height": 2.4160041809082031, "mean_height": 0.33766072988510132, "std_height": 0.56040805578231812, "count_pixels": 41, "percent_cover": 0.15839289163608267, "percent_above_0.1m": 43.902439024390247, "low_level_<0.5": 24.390243902439025, "mid_level_0.5-2": 17.073170731707318, "tall_2+": 2.4390243902439024 }, "geometry": { "type": "Polygon", "coordinates": [ [ [ 0.128480649388107, 51.789620388694338 ], [ 0.128381963247291, 51.789658145467655 ], [ 0.12827989443371, 51.789624022338351 ], [ 0.128276511941447, 51.789552142516136 ], [ 0.128375197944093, 51.789514385832206 ], [ 0.128477266577171, 51.789548508881097 ], [ 0.128480649388107, 51.789620388694338 ] ] ] } },
{ "type": "Feature", "properties": { "max_height": 0.62125015258789062, "mean_height": 0.033388681709766388, "std_height": 0.094165302813053131, "count_pixels": 42, "percent_cover": 0.16225613289549934, "percent_above_0.1m": 2.3809523809523809, "low_level_<0.5": 0.0, "mid_level_0.5-2": 2.3809523809523809, "tall_2+": 0.0 }, "geometry": { "type": "Polygon", "coordinates": [ [ [ 0.128681404300183, 51.789616754707666 ], [ 0.128582718339865, 51.789654511647818 ], [ 0.128480649388107, 51.789620388694338 ], [ 0.128477266577171, 51.789548508881097 ], [ 0.128575952399319, 51.789510752030338 ], [ 0.128678021170574, 51.789544874903406 ], [ 0.128681404300183, 51.789616754707666 ] ] ] } },
{ "type": "Feature", "properties": { "max_height": 0.96300125122070312, "mean_height": 0.047133129090070724, "std_height": 0.16546642780303955, "count_pixels": 42, "percent_cover": 0.16225613289549934, "percent_above_0.1m": 7.1428571428571423, "low_level_<0.5": 4.7619047619047619, "mid_level_0.5-2": 2.3809523809523809, "tall_2+": 0.0 }, "geometry": { "type": "Polygon", "coordinates": [ [ [ 0.125374009675063, 51.789784491597111 ], [ 0.125275320508314, 51.789822245790319 ], [ 0.125173253587159, 51.789788119943388 ], [ 0.125169876013226, 51.789716239983647 ], [ 0.12526856504177, 51.789678485879804 ], [ 0.125370631782451, 51.78971261164633 ], [ 0.125374009675063, 51.789784491597111 ] ] ] } },
{ "type": "Feature", "properties": { "max_height": 12.459003448486328, "mean_height": 4.1001458168029785, "std_height": 3.8041746616363525, "count_pixels": 42, "percent_cover": 0.16225613289549934, "percent_above_0.1m": 88.095238095238088, "low_level_<0.5": 14.285714285714285, "mid_level_0.5-2": 11.904761904761903, "tall_2+": 61.904761904761905 }, "geometry": { "type": "Polygon", "coordinates": [ [ [ 0.125574765720705, 51.789780862908167 ], [ 0.125476076734427, 51.789818617268224 ], [ 0.125374009675063, 51.789784491597111 ], [ 0.125370631782451, 51.78971261164633 ], [ 0.125469320630526, 51.789674857375651 ], [ 0.125571387509415, 51.789708982966353 ], [ 0.125574765720705, 51.789780862908167 ] ] ] } },
{ "type": "Feature", "properties": { "max_height": 8.740753173828125, "mean_height": 2.0841789245605469, "std_height": 2.2278492450714111, "count_pixels": 41, "percent_cover": 0.15839289163608267, "percent_above_0.1m": 80.487804878048792, "low_level_<0.5": 12.195121951219512, "mid_level_0.5-2": 29.268292682926827, "tall_2+": 39.024390243902438 }, "geometry": { "type": "Polygon", "coordinates": [ [ [ 0.125775521724082, 51.789777233876563 ], [ 0.125676832918277, 51.789814988403471 ], [ 0.125574765720705, 51.789780862908167 ], [ 0.125571387509415, 51.789708982966353 ], [ 0.125670076177019, 51.789671228528825 ], [ 0.125772143194113, 51.78970535394371 ], [ 0.125775521724082, 51.789777233876563 ] ] ] } },
{ "type": "Feature", "properties": { "max_height": 14.753250122070312, "mean_height": 3.4667103290557861, "std_height": 3.6250374317169189, "count_pixels": 42, "percent_cover": 0.16225613289549934, "percent_above_0.1m": 92.857142857142861, "low_level_<0.5": 11.904761904761903, "mid_level_0.5-2": 33.333333333333329, "tall_2+": 47.619047619047613 }, "geometry": { "type": "Polygon", "coordinates": [ [ [ 0.125976277685191, 51.789773604502301 ], [ 0.125877589059861, 51.789811359196058 ], [ 0.125775521724082, 51.789777233876563 ], [ 0.125772143194113, 51.78970535394371 ], [ 0.125870831681244, 51.789667599339339 ], [ 0.125972898836543, 51.789701724578421 ], [ 0.125976277685191, 51.789773604502301 ] ] ] } },
{ "type": "Feature", "properties": { "max_height": 5.9395027160644531, "mean_height": 0.52310323715209961, "std_height": 1.3527028560638428, "count_pixels": 42, "percent_cover": 0.16225613289549934, "percent_above_0.1m": 33.333333333333329, "low_level_<0.5": 16.666666666666664, "mid_level_0.5-2": 9.5238095238095237, "tall_2+": 7.1428571428571423 }, "geometry": { "type": "Polygon", "coordinates": [ [ [ 0.126177033604026, 51.789769974785386 ], [ 0.126078345159173, 51.789807729645986 ], [ 0.125976277685191, 51.789773604502301 ], [ 0.125972898836543, 51.789701724578421 ], [ 0.1260715871432, 51.789663969807201 ], [ 0.1261736544367, 51.789698094870467 ], [ 0.126177033604026, 51.789769974785386 ] ] ] } },
{ "type": "Feature", "properties": { "max_height": 11.211250305175781, "mean_height": 2.3657639026641846, "std_height": 3.2753651142120361, "count_pixels": 41, "percent_cover": 0.15839289163608267, "percent_above_0.1m": 56.09756097560976, "low_level_<0.5": 9.7560975609756095, "mid_level_0.5-2": 2.4390243902439024, "tall_2+": 36.585365853658537 }, "geometry": { "type": "Polygon", "coordinates": [ [ [ 0.126377789480585, 51.789766344725805 ], [ 0.12627910121621, 51.789804099753248 ], [ 0.126177033604026, 51.789769974785386 ], [ 0.1261736544367, 51.789698094870467 ], [ 0.126272342562881, 51.789660339932396 ], [ 0.126374409994581, 51.789694464819867 ], [ 0.126377789480585, 51.789766344725805 ] ] ] } },
{ "type": "Feature", "properties": { "max_height": 14.082752227783203, "mean_height": 6.0381803512573242, "std_height": 3.7635819911956787, "count_pixels": 42, "percent_cover": 0.16225613289549934, "percent_above_0.1m": 92.857142857142861, "low_level_<0.5": 0.0, "mid_level_0.5-2": 11.904761904761903, "tall_2+": 80.952380952380949 }, "geometry": { "type": "Polygon", "coordinates": [ [ [ 0.126578545314862, 51.789762714323572 ], [ 0.126479857230968, 51.789800469517857 ], [ 0.126377789480585, 51.789766344725805 ], [ 0.126374409994581, 51.789694464819867 ], [ 0.126473097940282, 51.789656709714947 ], [ 0.12657516551018, 51.789690834426601 ], [ 0.126578545314862, 51.789762714323572 ] ] ] } },
{ "type": "Feature", "properties": { "max_height": 12.235004425048828, "mean_height": 3.3526794910430908, "std_height": 2.8659770488739014, "count_pixels": 38, "percent_cover": 0.14680316785783273, "percent_above_0.1m": 81.578947368421055, "low_level_<0.5": 5.2631578947368416, "mid_level_0.5-2": 13.157894736842104, "tall_2+": 63.157894736842103 }, "geometry": { "type": "Polygon", "coordinates": [ [ [ 0.126779301106855, 51.78975908357868 ], [ 0.126680613203442, 51.789796838939807 ], [ 0.126578545314862, 51.789762714323572 ], [ 0.12657516551018, 51.789690834426601 ], [ 0.126673853275402, 51.789653079154853 ], [ 0.126775920983496, 51.789687203690676 ], [ 0.126779301106855, 51.78975908357868 ] ] ] } },
{ "type": "Feature", "properties": { "max_height": 16.042751312255859, "mean_height": 4.9541921615600586, "std_height": 5.5208144187927246, "count_pixels": 42, "percent_cover": 0.16225613289549934, "percent_above_0.1m": 64.285714285714292, "low_level_<0.5": 4.7619047619047619, "mid_level_0.5-2": 9.5238095238095237, "tall_2+": 47.619047619047613 }, "geometry": { "type": "Polygon", "coordinates": [ [ [ 0.126980056856558, 51.789755452491114 ], [ 0.12688136913363, 51.789793208019098 ], [ 0.126779301106855, 51.78975908357868 ], [ 0.126775920983496, 51.789687203690676 ], [ 0.126874608568235, 51.789649448252078 ], [ 0.126976676414521, 51.789683572612091 ], [ 0.126980056856558, 51.789755452491114 ] ] ] } },
{ "type": "Feature", "properties": { "max_height": 8.5797500610351562, "mean_height": 0.64182406663894653, "std_height": 1.7190823554992676, "count_pixels": 42, "percent_cover": 0.16225613289549934, "percent_above_0.1m": 26.190476190476193, "low_level_<0.5": 7.1428571428571423, "mid_level_0.5-2": 9.5238095238095237, "tall_2+": 9.5238095238095237 }, "geometry": { "type": "Polygon", "coordinates": [ [ [ 0.127180812563969, 51.789751821060911 ], [ 0.127082125021527, 51.789789576755723 ], [ 0.126980056856558, 51.789755452491114 ], [ 0.126976676414521, 51.789683572612091 ], [ 0.127075363818778, 51.789645817006658 ], [ 0.127177431803256, 51.789679941190848 ], [ 0.127180812563969, 51.789751821060911 ] ] ] } },
{ "type": "Feature", "properties": { "max_height": 9.8827552795410156, "mean_height": 2.3978652954101562, "std_height": 2.6639516353607178, "count_pixels": 42, "percent_cover": 0.16225613289549934, "percent_above_0.1m": 71.428571428571431, "low_level_<0.5": 9.5238095238095237, "mid_level_0.5-2": 16.666666666666664, "tall_2+": 45.238095238095241 }, "geometry": { "type": "Polygon", "coordinates": [ [ [ 0.127381568229083, 51.789748189288048 ], [ 0.12728288086713, 51.789785945149703 ], [ 0.127180812563969, 51.789751821060911 ], [ 0.127177431803256, 51.789679941190848 ], [ 0.127276119027026, 51.789642185418586 ], [ 0.127378187149693, 51.789676309426959 ], [ 0.127381568229083, 51.789748189288048 ] ] ] } },
{ "type": "Feature", "properties": { "max_height": 15.169254302978516, "mean_height": 6.5234551429748535, "std_height": 4.6575770378112793, "count_pixels": 42, "percent_cover": 0.16225613289549934, "percent_above_0.1m": 92.857142857142861, "low_level_<0.5": 0.0, "mid_level_0.5-2": 16.666666666666664, "tall_2+": 76.19047619047619 }, "geometry": { "type": "Polygon", "coordinates": [ [ [ 0.127582323851896, 51.789744557172511 ], [ 0.127483636670432, 51.789782313201016 ], [ 0.127381568229083, 51.789748189288048 ], [ 0.127378187149693, 51.789676309426959 ], [ 0.127476874192975, 51.789638553487848 ], [ 0.12757894245383, 51.789672677320411 ], [ 0.127582323851896, 51.789744557172511 ] ] ] } },
{ "type": "Feature", "properties": { "max_height": 8.1397514343261719, "mean_height": 0.415069580078125, "std_height": 1.3907984495162964, "count_pixels": 41, "percent_cover": 0.15839289163608267, "percent_above_0.1m": 24.390243902439025, "low_level_<0.5": 12.195121951219512, "mid_level_0.5-2": 2.4390243902439024, "tall_2+": 7.3170731707317067 }, "geometry": { "type": "Polygon", "coordinates": [ [ [ 0.127783079432405, 51.78974092471433 ], [ 0.127684392431433, 51.789778680909677 ], [ 0.127582323851896, 51.789744557172511 ], [ 0.12757894245383, 51.789672677320411 ], [ 0.127677629316623, 51.789634921214457 ], [ 0.127779697715662, 51.789669044871211 ], [ 0.127783079432405, 51.78974092471433 ] ] ] } },
{ "type": "Feature", "properties": { "max_height": 0.72925186157226562, "mean_height": 0.052306037396192551, "std_height": 0.12610733509063721, "count_pixels": 42, "percent_cover": 0.16225613289549934, "percent_above_0.1m": 16.666666666666664, "low_level_<0.5": 9.5238095238095237, "mid_level_0.5-2": 2.3809523809523809, "tall_2+": 0.0 }, "geometry": { "type": "Polygon", "coordinates": [ [ [ 0.127983834970605, 51.789737291913497 ], [ 0.127885148150126, 51.789775048275679 ], [ 0.127783079432405, 51.78974092471433 ], [ 0.127779697715662, 51.789669044871211 ], [ 0.127878384397963, 51.789631288598407 ], [ 0.127980452935185, 51.789665412079337 ], [ 0.127983834970605, 51.789737291913497 ] ] ] } },
{ "type": "Feature", "properties": { "max_height": 7.0675010681152344, "mean_height": 2.3101866245269775, "std_height": 1.9586387872695923, "count_pixels": 42, "percent_cover": 0.16225613289549934, "percent_above_0.1m": 83.333333333333343, "low_level_<0.5": 7.1428571428571423, "mid_level_0.5-2": 23.809523809523807, "tall_2+": 50.0 }, "geometry": { "type": "Polygon", "coordinates": [ [ [ 0.128184590466492, 51.789733658770004 ], [ 0.128085903826509, 51.789771415299022 ], [ 0.127983834970605, 51.789737291913497 ], [ 0.127980452935185, 51.789665412079337 ], [ 0.128079139436994, 51.789627655639705 ], [ 0.128181208112396, 51.789661778944826 ], [ 0.128184590466492, 51.789733658770004 ] ] ] } },
{ "type": "Feature", "properties": { "max_height": 12.579254150390625, "mean_height": 5.2131872177124023, "std_height": 3.1455416679382324, "count_pixels": 42, "percent_cover": 0.16225613289549934, "percent_above_0.1m": 100.0, "low_level_<0.5": 4.7619047619047619, "mid_level_0.5-2": 14.285714285714285, "tall_2+": 80.952380952380949 }, "geometry": { "type": "Polygon", "coordinates": [ [ [ 0.128385345920063, 51.789730025283852 ], [ 0.128286659460576, 51.789767781979712 ], [ 0.128184590466492, 51.789733658770004 ], [ 0.128181208112396, 51.789661778944826 ], [ 0.12827989443371, 51.789624022338351 ], [ 0.128381963247291, 51.789658145467655 ], [ 0.128385345920063, 51.789730025283852 ] ] ] } },
{ "type": "Feature", "properties": { "max_height": 11.198505401611328, "mean_height": 2.6509308815002441, "std_height": 3.309823751449585, "count_pixels": 42, "percent_cover": 0.16225613289549934, "percent_above_0.1m": 90.476190476190482, "low_level_<0.5": 14.285714285714285, "mid_level_0.5-2": 40.476190476190474, "tall_2+": 33.333333333333329 }, "geometry": { "type": "Polygon", "coordinates": [ [ [ 0.128586101331312, 51.789726391455041 ], [ 0.128487415052324, 51.789764148317737 ], [ 0.128385345920063, 51.789730025283852 ], [ 0.128381963247291, 51.789658145467655 ], [ 0.128480649388107, 51.789620388694338 ], [ 0.128582718339865, 51.789654511647818 ], [ 0.128586101331312, 51.789726391455041 ] ] ] } },
{ "type": "Feature", "properties": { "max_height": 8.110504150390625, "mean_height": 1.3601206541061401, "std_height": 2.0298864841461182, "count_pixels": 42, "percent_cover": 0.16225613289549934, "percent_above_0.1m": 57.142857142857139, "low_level_<0.5": 7.1428571428571423, "mid_level_0.5-2": 28.571428571428569, "tall_2+": 21.428571428571427 }, "geometry": { "type": "Polygon", "coordinates": [ [ [ 0.128786856700237, 51.789722757283577 ], [ 0.128688170601751, 51.789760514313109 ], [ 0.128586101331312, 51.789726391455041 ], [ 0.128582718339865, 51.789654511647818 ], [ 0.128681404300183, 51.789616754707666 ], [ 0.128783473390116, 51.789650877485343 ], [ 0.128786856700237, 51.789722757283577 ] ] ] } },
{ "type": "Feature", "properties": { "max_height": 16.426002502441406, "mean_height": 3.2626931667327881, "std_height": 4.599609375, "count_pixels": 42, "percent_cover": 0.16225613289549934, "percent_above_0.1m": 71.428571428571431, "low_level_<0.5": 14.285714285714285, "mid_level_0.5-2": 21.428571428571427, "tall_2+": 35.714285714285715 }, "geometry": { "type": "Polygon", "coordinates": [ [ [ 0.12547945480752, 51.789890497212973 ], [ 0.125380765502568, 51.789928251495581 ], [ 0.125278698262726, 51.789894125744048 ], [ 0.125275320508314, 51.789822245790319 ], [ 0.125374009675063, 51.789784491597111 ], [ 0.125476076734427, 51.789818617268224 ], [ 0.12547945480752, 51.789890497212973 ] ] ] } },
{ "type": "Feature", "properties": { "max_height": 14.687004089355469, "mean_height": 7.7619376182556152, "std_height": 4.5474052429199219, "count_pixels": 42, "percent_cover": 0.16225613289549934, "percent_above_0.1m": 92.857142857142861, "low_level_<0.5": 2.3809523809523809, "mid_level_0.5-2": 4.7619047619047619, "tall_2+": 85.714285714285708 }, "geometry": { "type": "Polygon", "coordinates": [ [ [ 0.125680211310052, 51.789886868339259 ], [ 0.125581522185572, 51.789924622788703 ], [ 0.12547945480752, 51.789890497212973 ], [ 0.125476076734427, 51.789818617268224 ], [ 0.125574765720705, 51.789780862908167 ], [ 0.125676832918277, 51.789814988403471 ], [ 0.125680211310052, 51.789886868339259 ] ] ] } },
{ "type": "Feature", "properties": { "max_height": 7.2857513427734375, "mean_height": 1.8365256786346436, "std_height": 1.9075030088424683, "count_pixels": 42, "percent_cover": 0.16225613289549934, "percent_above_0.1m": 83.333333333333343, "low_level_<0.5": 14.285714285714285, "mid_level_0.5-2": 33.333333333333329, "tall_2+": 33.333333333333329 }, "geometry": { "type": "Polygon", "coordinates": [ [ [ 0.125880967770315, 51.789883239122879 ], [ 0.12578227882631, 51.789920993739173 ], [ 0.125680211310052, 51.789886868339259 ], [ 0.125676832918277, 51.789814988403471 ], [ 0.125775521724082, 51.789777233876563 ], [ 0.125877589059861, 51.789811359196058 ], [ 0.125880967770315, 51.789883239122879 ] ] ] } },
{ "type": "Feature", "properties": { "max_height": 12.068504333496094, "mean_height": 3.2839126586914062, "std_height": 2.9416279792785645, "count_pixels": 42, "percent_cover": 0.16225613289549934, "percent_above_0.1m": 95.238095238095227, "low_level_<0.5": 7.1428571428571423, "mid_level_0.5-2": 30.952380952380953, "tall_2+": 57.142857142857139 }, "geometry": { "type": "Polygon", "coordinates": [ [ [ 0.126081724188307, 51.789879609563819 ], [ 0.12598303542478, 51.789917364346962 ], [ 0.125880967770315, 51.789883239122879 ], [ 0.125877589059861, 51.789811359196058 ], [ 0.125976277685191, 51.789773604502301 ], [ 0.126078345159173, 51.789807729645986 ], [ 0.126081724188307, 51.789879609563819 ] ] ] } },
{ "type": "Feature", "properties": { "max_height": 4.2280006408691406, "mean_height": 1.1724362373352051, "std_height": 1.2504422664642334, "count_pixels": 42, "percent_cover": 0.16225613289549934, "percent_above_0.1m": 85.714285714285708, "low_level_<0.5": 23.809523809523807, "mid_level_0.5-2": 26.190476190476193, "tall_2+": 26.190476190476193 }, "geometry": { "type": "Polygon", "coordinates": [ [ [ 0.126282480564025, 51.789875979662128 ], [ 0.126183791980976, 51.789913734612107 ], [ 0.126081724188307, 51.789879609563819 ], [ 0.126078345159173, 51.789807729645986 ], [ 0.126177033604026, 51.789769974785386 ], [ 0.12627910121621, 51.789804099753248 ], [ 0.126282480564025, 51.789875979662128 ] ] ] } },
{ "type": "Feature", "properties": { "max_height": 8.2050018310546875, "mean_height": 1.0485023260116577, "std_height": 2.0844159126281738, "count_pixels": 42, "percent_cover": 0.16225613289549934, "percent_above_0.1m": 47.619047619047613, "low_level_<0.5": 7.1428571428571423, "mid_level_0.5-2": 23.809523809523807, "tall_2+": 14.285714285714285 }, "geometry": { "type": "Polygon", "coordinates": [ [ [ 0.126483236897462, 51.789872349417756 ], [ 0.126384548494894, 51.789910104534592 ], [ 0.126282480564025, 51.789875979662128 ], [ 0.12627910121621, 51.789804099753248 ], [ 0.126377789480585, 51.789766344725805 ], [ 0.126479857230968, 51.789800469517857 ], [ 0.126483236897462, 51.789872349417756 ] ] ] } },
{ "type": "Feature", "properties": { "max_height": 4.6192512512207031, "mean_height": 0.67697787284851074, "std_height": 1.3279591798782349, "count_pixels": 42, "percent_cover": 0.16225613289549934, "percent_above_0.1m": 33.333333333333329, "low_level_<0.5": 4.7619047619047619, "mid_level_0.5-2": 9.5238095238095237, "tall_2+": 14.285714285714285 }, "geometry": { "type": "Polygon", "coordinates": [ [ [ 0.126683993188617, 51.789868718830739 ], [ 0.126585304966531, 51.789906474114417 ], [ 0.126483236897462, 51.789872349417756 ], [ 0.126479857230968, 51.789800469517857 ], [ 0.126578545314862, 51.789762714323572 ], [ 0.126680613203442, 51.789796838939807 ], [ 0.126683993188617, 51.789868718830739 ] ] ] } },
{ "type": "Feature", "properties": { "max_height": 5.1955032348632812, "mean_height": 0.96410304307937622, "std_height": 1.1134531497955322, "count_pixels": 42, "percent_cover": 0.16225613289549934, "percent_above_0.1m": 85.714285714285708, "low_level_<0.5": 16.666666666666664, "mid_level_0.5-2": 54.761904761904766, "tall_2+": 9.5238095238095237 }, "geometry": { "type": "Polygon", "coordinates": [ [ [ 0.126884749437484, 51.789865087901056 ], [ 0.126786061395883, 51.789902843351577 ], [ 0.126683993188617, 51.789868718830739 ], [ 0.126680613203442, 51.789796838939807 ], [ 0.126779301106855, 51.78975908357868 ], [ 0.12688136913363, 51.789793208019098 ], [ 0.126884749437484, 51.789865087901056 ] ] ] } },
{ "type": "Feature", "properties": { "max_height": 0.88875198364257812, "mean_height": 0.14534936845302582, "std_height": 0.23617669939994812, "count_pixels": 41, "percent_cover": 0.15839289163608267, "percent_above_0.1m": 31.707317073170731, "low_level_<0.5": 14.634146341463413, "mid_level_0.5-2": 14.634146341463413, "tall_2+": 0.0 }, "geometry": { "type": "Polygon", "coordinates": [ [ [ 0.12708550564406, 51.789861456628721 ], [ 0.126986817782946, 51.78989921224607 ], [ 0.126884749437484, 51.789865087901056 ], [ 0.12688136913363, 51.789793208019098 ], [ 0.126980056856558, 51.789755452491114 ], [ 0.127082125021527, 51.789789576755723 ], [ 0.12708550564406, 51.789861456628721 ] ] ] } },
{ "type": "Feature", "properties": { "max_height": 10.439502716064453, "mean_height": 2.8220436573028564, "std_height": 3.6154417991638184, "count_pixels": 42, "percent_cover": 0.16225613289549934, "percent_above_0.1m": 57.142857142857139, "low_level_<0.5": 9.5238095238095237, "mid_level_0.5-2": 11.904761904761903, "tall_2+": 35.714285714285715 }, "geometry": { "type": "Polygon", "coordinates": [ [ [ 0.127286261808341, 51.789857825013712 ], [ 0.127187574127714, 51.789895580797925 ], [ 0.12708550564406, 51.789861456628721 ], [ 0.127082125021527, 51.789789576755723 ], [ 0.127180812563969, 51.789751821060911 ], [ 0.12728288086713, 51.789785945149703 ], [ 0.127286261808341, 51.789857825013712 ] ] ] } },
{ "type": "Feature", "properties": { "max_height": 11.638755798339844, "mean_height": 1.5145082473754883, "std_height": 3.0978143215179443, "count_pixels": 42, "percent_cover": 0.16225613289549934, "percent_above_0.1m": 28.571428571428569, "low_level_<0.5": 0.0, "mid_level_0.5-2": 9.5238095238095237, "tall_2+": 19.047619047619047 }, "geometry": { "type": "Polygon", "coordinates": [ [ [ 0.127487017930323, 51.789854193056065 ], [ 0.127388330430186, 51.789891949007107 ], [ 0.127286261808341, 51.789857825013712 ], [ 0.12728288086713, 51.789785945149703 ], [ 0.127381568229083, 51.789748189288048 ], [ 0.127483636670432, 51.789782313201016 ], [ 0.127487017930323, 51.789854193056065 ] ] ] } },
{ "type": "Feature", "properties": { "max_height": 14.634002685546875, "mean_height": 8.523859977722168, "std_height": 4.5428791046142578, "count_pixels": 42, "percent_cover": 0.16225613289549934, "percent_above_0.1m": 92.857142857142861, "low_level_<0.5": 0.0, "mid_level_0.5-2": 7.1428571428571423, "tall_2+": 85.714285714285708 }, "geometry": { "type": "Polygon", "coordinates": [ [ [ 0.127687774010002, 51.789850560755745 ], [ 0.127589086690356, 51.789888316873629 ], [ 0.127487017930323, 51.789854193056065 ], [ 0.127483636670432, 51.789782313201016 ], [ 0.127582323851896, 51.789744557172511 ], [ 0.127684392431433, 51.789778680909677 ], [ 0.127687774010002, 51.789850560755745 ] ] ] } },
{ "type": "Feature", "properties": { "max_height": 4.3377532958984375, "mean_height": 0.24654996395111084, "std_height": 0.82269179821014404, "count_pixels": 42, "percent_cover": 0.16225613289549934, "percent_above_0.1m": 14.285714285714285, "low_level_<0.5": 0.0, "mid_level_0.5-2": 7.1428571428571423, "tall_2+": 4.7619047619047619 }, "geometry": { "type": "Polygon", "coordinates": [ [ [ 0.127888530047373, 51.789846928112766 ], [ 0.127789842908222, 51.789884684397492 ], [ 0.127687774010002, 51.789850560755745 ], [ 0.127684392431433, 51.789778680909677 ], [ 0.127783079432405, 51.78974092471433 ], [ 0.127885148150126, 51.789775048275679 ], [ 0.127888530047373, 51.789846928112766 ] ] ] } },
{ "type": "Feature", "properties": { "max_height": 9.0520057678222656, "mean_height": 2.4945480823516846, "std_height": 3.0968706607818604, "count_pixels": 38, "percent_cover": 0.14680316785783273, "percent_above_0.1m": 55.26315789473685, "low_level_<0.5": 0.0, "mid_level_0.5-2": 13.157894736842104, "tall_2+": 39.473684210526315 }, "geometry": { "type": "Polygon", "coordinates": [ [ [ 0.128089286042434, 51.789843295127127 ], [ 0.127990599083778, 51.789881051578689 ], [ 0.127888530047373, 51.789846928112766 ], [ 0.127885148150126, 51.789775048275679 ], [ 0.127983834970605, 51.789737291913497 ], [ 0.128085903826509, 51.789771415299022 ], [ 0.128089286042434, 51.789843295127127 ] ] ] } },
{ "type": "Feature", "properties": { "max_height": 12.303253173828125, "mean_height": 3.9372165203094482, "std_height": 3.3800804615020752, "count_pixels": 42, "percent_cover": 0.16225613289549934, "percent_above_0.1m": 88.095238095238088, "low_level_<0.5": 7.1428571428571423, "mid_level_0.5-2": 16.666666666666664, "tall_2+": 64.285714285714292 }, "geometry": { "type": "Polygon", "coordinates": [ [ [ 0.128290041995179, 51.78983966179883 ], [ 0.128191355217021, 51.789877418417248 ], [ 0.128089286042434, 51.789843295127127 ], [ 0.128085903826509, 51.789771415299022 ], [ 0.128184590466492, 51.789733658770004 ], [ 0.128286659460576, 51.789767781979712 ], [ 0.128290041995179, 51.78983966179883 ] ] ] } },
{ "type": "Feature", "properties": { "max_height": 12.620254516601562, "mean_height": 4.3000020980834961, "std_height": 3.7491369247436523, "count_pixels": 41, "percent_cover": 0.15839289163608267, "percent_above_0.1m": 97.560975609756099, "low_level_<0.5": 9.7560975609756095, "mid_level_0.5-2": 29.268292682926827, "tall_2+": 58.536585365853654 }, "geometry": { "type": "Polygon", "coordinates": [ [ [ 0.128490797905605, 51.789836028127887 ], [ 0.128392111307946, 51.789873784913141 ], [ 0.128290041995179, 51.78983966179883 ], [ 0.128286659460576, 51.789767781979712 ], [ 0.128385345920063, 51.789730025283852 ], [ 0.128487415052324, 51.789764148317737 ], [ 0.128490797905605, 51.789836028127887 ] ] ] } },
{ "type": "Feature", "properties": { "max_height": 10.325756072998047, "mean_height": 5.2937521934509277, "std_height": 3.2152111530303955, "count_pixels": 42, "percent_cover": 0.16225613289549934, "percent_above_0.1m": 85.714285714285708, "low_level_<0.5": 0.0, "mid_level_0.5-2": 9.5238095238095237, "tall_2+": 76.19047619047619 }, "geometry": { "type": "Polygon", "coordinates": [ [ [ 0.128691553773709, 51.789832394114278 ], [ 0.128592867356551, 51.789870151066374 ], [ 0.128490797905605, 51.789836028127887 ], [ 0.128487415052324, 51.789764148317737 ], [ 0.128586101331312, 51.789726391455041 ], [ 0.128688170601751, 51.789760514313109 ], [ 0.128691553773709, 51.789832394114278 ] ] ] } },
{ "type": "Feature", "properties": { "max_height": 1.5365028381347656, "mean_height": 0.21445438265800476, "std_height": 0.31921181082725525, "count_pixels": 42, "percent_cover": 0.16225613289549934, "percent_above_0.1m": 45.238095238095241, "low_level_<0.5": 26.190476190476193, "mid_level_0.5-2": 16.666666666666664, "tall_2+": 0.0 }, "geometry": { "type": "Polygon", "coordinates": [ [ [ 0.125384143437462, 51.790000131443271 ], [ 0.125285453813832, 51.790037885648402 ], [ 0.125183386393513, 51.79000375981645 ], [ 0.125180008777302, 51.7899318798598 ], [ 0.125278698262726, 51.789894125744048 ], [ 0.125380765502568, 51.789928251495581 ], [ 0.125384143437462, 51.790000131443271 ] ] ] } },
{ "type": "Feature", "properties": { "max_height": 13.717002868652344, "mean_height": 4.4235553741455078, "std_height": 4.168154239654541, "count_pixels": 42, "percent_cover": 0.16225613289549934, "percent_above_0.1m": 73.80952380952381, "low_level_<0.5": 4.7619047619047619, "mid_level_0.5-2": 9.5238095238095237, "tall_2+": 59.523809523809526 }, "geometry": { "type": "Polygon", "coordinates": [ [ [ 0.125584900439149, 51.789996502727433 ], [ 0.125486210995992, 51.790034257099407 ], [ 0.125384143437462, 51.790000131443271 ], [ 0.125380765502568, 51.789928251495581 ], [ 0.12547945480752, 51.789890497212973 ], [ 0.125581522185572, 51.789924622788703 ], [ 0.125584900439149, 51.789996502727433 ] ] ] } },
{ "type": "Feature", "properties": { "max_height": 13.070503234863281, "mean_height": 2.3823442459106445, "std_height": 3.1343975067138672, "count_pixels": 41, "percent_cover": 0.15839289163608267, "percent_above_0.1m": 56.09756097560976, "low_level_<0.5": 0.0, "mid_level_0.5-2": 9.7560975609756095, "tall_2+": 46.341463414634148 }, "geometry": { "type": "Polygon", "coordinates": [ [ [ 0.12578565739857, 51.789992873668915 ], [ 0.125686968135889, 51.790030628207752 ], [ 0.125584900439149, 51.789996502727433 ], [ 0.125581522185572, 51.789924622788703 ], [ 0.125680211310052, 51.789886868339259 ], [ 0.12578227882631, 51.789920993739173 ], [ 0.12578565739857, 51.789992873668915 ] ] ] } },
{ "type": "Feature", "properties": { "max_height": 10.954502105712891, "mean_height": 4.9380908012390137, "std_height": 3.3340070247650146, "count_pixels": 42, "percent_cover": 0.16225613289549934, "percent_above_0.1m": 100.0, "low_level_<0.5": 9.5238095238095237, "mid_level_0.5-2": 11.904761904761903, "tall_2+": 78.571428571428569 }, "geometry": { "type": "Polygon", "coordinates": [ [ [ 0.125986414315722, 51.789989244267765 ], [ 0.125887725233518, 51.790026998973424 ], [ 0.12578565739857, 51.789992873668915 ], [ 0.12578227882631, 51.789920993739173 ], [ 0.125880967770315, 51.789883239122879 ], [ 0.12598303542478, 51.789917364346962 ], [ 0.125986414315722, 51.789989244267765 ] ] ] } },
{ "type": "Feature", "properties": { "max_height": 8.5355033874511719, "mean_height": 3.0943353176116943, "std_height": 1.7498308420181274, "count_pixels": 42, "percent_cover": 0.16225613289549934, "percent_above_0.1m": 97.61904761904762, "low_level_<0.5": 0.0, "mid_level_0.5-2": 30.952380952380953, "tall_2+": 66.666666666666657 }, "geometry": { "type": "Polygon", "coordinates": [ [ [ 0.1261871711906, 51.789985614523928 ], [ 0.126088482288875, 51.790023369396444 ], [ 0.125986414315722, 51.789989244267765 ], [ 0.12598303542478, 51.789917364346962 ], [ 0.126081724188307, 51.789879609563819 ], [ 0.126183791980976, 51.789913734612107 ], [ 0.1261871711906, 51.789985614523928 ] ] ] } },
{ "type": "Feature", "properties": { "max_height": 1.2672500610351562, "mean_height": 0.49037376046180725, "std_height": 0.43591406941413879, "count_pixels": 41, "percent_cover": 0.15839289163608267, "percent_above_0.1m": 70.731707317073173, "low_level_<0.5": 19.512195121951219, "mid_level_0.5-2": 46.341463414634148, "tall_2+": 0.0 }, "geometry": { "type": "Polygon", "coordinates": [ [ [ 0.126387928023201, 51.789981984437439 ], [ 0.126289239301956, 51.790019739476818 ], [ 0.1261871711906, 51.789985614523928 ], [ 0.126183791980976, 51.789913734612107 ], [ 0.126282480564025, 51.789875979662128 ], [ 0.126384548494894, 51.789910104534592 ], [ 0.126387928023201, 51.789981984437439 ] ] ] } },
{ "type": "Feature", "properties": { "max_height": 6.4840049743652344, "mean_height": 2.6147875785827637, "std_height": 2.0234968662261963, "count_pixels": 42, "percent_cover": 0.16225613289549934, "percent_above_0.1m": 88.095238095238088, "low_level_<0.5": 2.3809523809523809, "mid_level_0.5-2": 38.095238095238095, "tall_2+": 47.619047619047613 }, "geometry": { "type": "Polygon", "coordinates": [ [ [ 0.126588684813519, 51.789978354008291 ], [ 0.126489996272758, 51.790016109214505 ], [ 0.126387928023201, 51.789981984437439 ], [ 0.126384548494894, 51.789910104534592 ], [ 0.126483236897462, 51.789872349417756 ], [ 0.126585304966531, 51.789906474114417 ], [ 0.126588684813519, 51.789978354008291 ] ] ] } },
{ "type": "Feature", "properties": { "max_height": 4.2287521362304688, "mean_height": 0.45338431000709534, "std_height": 0.89034205675125122, "count_pixels": 38, "percent_cover": 0.14680316785783273, "percent_above_0.1m": 55.26315789473685, "low_level_<0.5": 26.315789473684209, "mid_level_0.5-2": 18.421052631578945, "tall_2+": 5.2631578947368416 }, "geometry": { "type": "Polygon", "coordinates": [ [ [ 0.126789441561553, 51.789974723236483 ], [ 0.126690753201275, 51.790012478609547 ], [ 0.126588684813519, 51.789978354008291 ], [ 0.126585304966531, 51.789906474114417 ], [ 0.126683993188617, 51.789868718830739 ], [ 0.126786061395883, 51.789902843351577 ], [ 0.126789441561553, 51.789974723236483 ] ] ] } },
{ "type": "Feature", "properties": { "max_height": 1.7377510070800781, "mean_height": 0.59256136417388916, "std_height": 0.55218273401260376, "count_pixels": 42, "percent_cover": 0.16225613289549934, "percent_above_0.1m": 69.047619047619051, "low_level_<0.5": 16.666666666666664, "mid_level_0.5-2": 50.0, "tall_2+": 0.0 }, "geometry": { "type": "Polygon", "coordinates": [ [ [ 0.126990198267297, 51.789971092122023 ], [ 0.126891510087505, 51.790008847661916 ], [ 0.126789441561553, 51.789974723236483 ], [ 0.126786061395883, 51.789902843351577 ], [ 0.126884749437484, 51.789865087901056 ], [ 0.126986817782946, 51.78989921224607 ], [ 0.126990198267297, 51.789971092122023 ] ] ] } },
{ "type": "Feature", "properties": { "max_height": 3.0839996337890625, "mean_height": 0.1975381076335907, "std_height": 0.5306735634803772, "count_pixels": 42, "percent_cover": 0.16225613289549934, "percent_above_0.1m": 23.809523809523807, "low_level_<0.5": 4.7619047619047619, "mid_level_0.5-2": 11.904761904761903, "tall_2+": 2.3809523809523809 }, "geometry": { "type": "Polygon", "coordinates": [ [ [ 0.127190954930746, 51.78996746066489 ], [ 0.127092266931444, 51.790005216371625 ], [ 0.126990198267297, 51.789971092122023 ], [ 0.126986817782946, 51.78989921224607 ], [ 0.12708550564406, 51.789861456628721 ], [ 0.127187574127714, 51.789895580797925 ], [ 0.127190954930746, 51.78996746066489 ] ] ] } },
{ "type": "Feature", "properties": { "max_height": 0.01900482177734375, "mean_height": 0.0004787445068359375, "std_height": 0.0029101346153765917, "count_pixels": 42, "percent_cover": 0.16225613289549934, "percent_above_0.1m": 0.0, "low_level_<0.5": 0.0, "mid_level_0.5-2": 0.0, "tall_2+": 0.0 }, "geometry": { "type": "Polygon", "coordinates": [ [ [ 0.127391711551899, 51.789963828865091 ], [ 0.127293023733087, 51.790001584738675 ], [ 0.127190954930746, 51.78996746066489 ], [ 0.127187574127714, 51.789895580797925 ], [ 0.127286261808341, 51.789857825013712 ], [ 0.127388330430186, 51.789891949007107 ], [ 0.127391711551899, 51.789963828865091 ] ] ] } },
{ "type": "Feature", "properties": { "max_height": 0.01000213623046875, "mean_height": 0.00040108818211592734, "std_height": 0.0016566432313993573, "count_pixels": 42, "percent_cover": 0.16225613289549934, "percent_above_0.1m": 0.0, "low_level_<0.5": 0.0, "mid_level_0.5-2": 0.0, "tall_2+": 0.0 }, "geometry": { "type": "Polygon", "coordinates": [ [ [ 0.12759246813075, 51.789960196722646 ], [ 0.12749378049243, 51.789997952763073 ], [ 0.127391711551899, 51.789963828865091 ], [ 0.127388330430186, 51.789891949007107 ], [ 0.127487017930323, 51.789854193056065 ], [ 0.127589086690356, 51.789888316873629 ], [ 0.12759246813075, 51.789960196722646 ] ] ] } },
{ "type": "Feature", "properties": { "max_height": 9.1720008850097656, "mean_height": 0.70546609163284302, "std_height": 1.8463586568832397, "count_pixels": 41, "percent_cover": 0.15839289163608267, "percent_above_0.1m": 24.390243902439025, "low_level_<0.5": 4.8780487804878048, "mid_level_0.5-2": 9.7560975609756095, "tall_2+": 9.7560975609756095 }, "geometry": { "type": "Polygon", "coordinates": [ [ [ 0.127793224667295, 51.789956564237535 ], [ 0.12769453720947, 51.789994320444805 ], [ 0.12759246813075, 51.789960196722646 ], [ 0.127589086690356, 51.789888316873629 ], [ 0.127687774010002, 51.789850560755745 ], [ 0.127789842908222, 51.789884684397492 ], [ 0.127793224667295, 51.789956564237535 ] ] ] } },
{ "type": "Feature", "properties": { "max_height": 16.852752685546875, "mean_height": 7.3216872215270996, "std_height": 4.5409717559814453, "count_pixels": 42, "percent_cover": 0.16225613289549934, "percent_above_0.1m": 90.476190476190482, "low_level_<0.5": 0.0, "mid_level_0.5-2": 4.7619047619047619, "tall_2+": 85.714285714285708 }, "geometry": { "type": "Polygon", "coordinates": [ [ [ 0.127993981161532, 51.789952931409758 ], [ 0.127895293884201, 51.78999068778387 ], [ 0.127793224667295, 51.789956564237535 ], [ 0.127789842908222, 51.789884684397492 ], [ 0.127888530047373, 51.789846928112766 ], [ 0.127990599083778, 51.789881051578689 ], [ 0.127993981161532, 51.789952931409758 ] ] ] } },
{ "type": "Feature", "properties": { "max_height": 14.620506286621094, "mean_height": 8.7125444412231445, "std_height": 3.9934916496276855, "count_pixels": 42, "percent_cover": 0.16225613289549934, "percent_above_0.1m": 100.0, "low_level_<0.5": 0.0, "mid_level_0.5-2": 4.7619047619047619, "tall_2+": 95.238095238095227 }, "geometry": { "type": "Polygon", "coordinates": [ [ [ 0.128194737613454, 51.789949298239335 ], [ 0.128096050516621, 51.789987054780276 ], [ 0.127993981161532, 51.789952931409758 ], [ 0.127990599083778, 51.789881051578689 ], [ 0.128089286042434, 51.789843295127127 ], [ 0.128191355217021, 51.789877418417248 ], [ 0.128194737613454, 51.789949298239335 ] ] ] } },
{ "type": "Feature", "properties": { "max_height": 13.497753143310547, "mean_height": 7.0017404556274414, "std_height": 3.9934670925140381, "count_pixels": 42, "percent_cover": 0.16225613289549934, "percent_above_0.1m": 100.0, "low_level_<0.5": 4.7619047619047619, "mid_level_0.5-2": 11.904761904761903, "tall_2+": 83.333333333333343 }, "geometry": { "type": "Polygon", "coordinates": [ [ [ 0.12839549402306, 51.78994566472624 ], [ 0.128296807106727, 51.789983421434037 ], [ 0.128194737613454, 51.789949298239335 ], [ 0.128191355217021, 51.789877418417248 ], [ 0.128290041995179, 51.78983966179883 ], [ 0.128392111307946, 51.789873784913141 ], [ 0.12839549402306, 51.78994566472624 ] ] ] } },
{ "type": "Feature", "properties": { "max_height": 13.075752258300781, "mean_height": 6.9174318313598633, "std_height": 3.721238374710083, "count_pixels": 42, "percent_cover": 0.16225613289549934, "percent_above_0.1m": 92.857142857142861, "low_level_<0.5": 0.0, "mid_level_0.5-2": 4.7619047619047619, "tall_2+": 88.095238095238088 }, "geometry": { "type": "Polygon", "coordinates": [ [ [ 0.128596250390343, 51.789942030870492 ], [ 0.128497563654512, 51.789979787745125 ], [ 0.12839549402306, 51.78994566472624 ], [ 0.128392111307946, 51.789873784913141 ], [ 0.128490797905605, 51.789836028127887 ], [ 0.128592867356551, 51.789870151066374 ], [ 0.128596250390343, 51.789942030870492 ] ] ] } },
{ "type": "Feature", "properties": { "max_height": 8.704254150390625, "mean_height": 3.4988772869110107, "std_height": 3.2676572799682617, "count_pixels": 42, "percent_cover": 0.16225613289549934, "percent_above_0.1m": 71.428571428571431, "low_level_<0.5": 2.3809523809523809, "mid_level_0.5-2": 14.285714285714285, "tall_2+": 54.761904761904766 }, "geometry": { "type": "Polygon", "coordinates": [ [ [ 0.128797006715302, 51.789938396672085 ], [ 0.128698320159974, 51.78997615371356 ], [ 0.128596250390343, 51.789942030870492 ], [ 0.128592867356551, 51.789870151066374 ], [ 0.128691553773709, 51.789832394114278 ], [ 0.128793623362831, 51.789866516876934 ], [ 0.128797006715302, 51.789938396672085 ] ] ] } },
{ "type": "Feature", "properties": { "max_height": 6.2860031127929688, "mean_height": 1.7721009254455566, "std_height": 1.8481178283691406, "count_pixels": 38, "percent_cover": 0.14680316785783273, "percent_above_0.1m": 78.94736842105263, "low_level_<0.5": 15.789473684210526, "mid_level_0.5-2": 26.315789473684209, "tall_2+": 34.210526315789473 }, "geometry": { "type": "Polygon", "coordinates": [ [ [ 0.125288831610526, 51.790109765599041 ], [ 0.125190141668215, 51.790147519726702 ], [ 0.12508807406742, 51.790113393814345 ], [ 0.125084696589411, 51.790041513854739 ], [ 0.125183386393513, 51.79000375981645 ], [ 0.125285453813832, 51.790037885648402 ], [ 0.125288831610526, 51.790109765599041 ] ] ] } },
{ "type": "Feature", "properties": { "max_height": 12.534252166748047, "mean_height": 2.6937942504882812, "std_height": 3.9321866035461426, "count_pixels": 42, "percent_cover": 0.16225613289549934, "percent_above_0.1m": 57.142857142857139, "low_level_<0.5": 7.1428571428571423, "mid_level_0.5-2": 11.904761904761903, "tall_2+": 38.095238095238095 }, "geometry": { "type": "Polygon", "coordinates": [ [ [ 0.125489589111371, 51.790106137041086 ], [ 0.125390899349535, 51.790143891335596 ], [ 0.125288831610526, 51.790109765599041 ], [ 0.125285453813832, 51.790037885648402 ], [ 0.125384143437462, 51.790000131443271 ], [ 0.125486210995992, 51.790034257099407 ], [ 0.125489589111371, 51.790106137041086 ] ] ] } },
{ "type": "Feature", "properties": { "max_height": 10.336254119873047, "mean_height": 3.3807997703552246, "std_height": 2.6228768825531006, "count_pixels": 42, "percent_cover": 0.16225613289549934, "percent_above_0.1m": 95.238095238095227, "low_level_<0.5": 7.1428571428571423, "mid_level_0.5-2": 21.428571428571427, "tall_2+": 66.666666666666657 }, "geometry": { "type": "Polygon", "coordinates": [ [ [ 0.125690346569953, 51.790102508140457 ], [ 0.125591656988591, 51.790140262601817 ], [ 0.125489589111371, 51.790106137041086 ], [ 0.125486210995992, 51.790034257099407 ], [ 0.125584900439149, 51.789996502727433 ], [ 0.125686968135889, 51.790030628207752 ], [ 0.125690346569953, 51.790102508140457 ] ] ] } },
{ "type": "Feature", "properties": { "max_height": 11.930500030517578, "mean_height": 6.7038226127624512, "std_height": 3.2728016376495361, "count_pixels": 42, "percent_cover": 0.16225613289549934, "percent_above_0.1m": 100.0, "low_level_<0.5": 0.0, "mid_level_0.5-2": 9.5238095238095237, "tall_2+": 90.476190476190482 }, "geometry": { "type": "Polygon", "coordinates": [ [ [ 0.125891103986266, 51.790098878897169 ], [ 0.125792414585382, 51.790136633525378 ], [ 0.125690346569953, 51.790102508140457 ], [ 0.125686968135889, 51.790030628207752 ], [ 0.12578565739857, 51.789992873668915 ], [ 0.125887725233518, 51.790026998973424 ], [ 0.125891103986266, 51.790098878897169 ] ] ] } },
{ "type": "Feature", "properties": { "max_height": 11.762500762939453, "mean_height": 7.2072157859802246, "std_height": 3.7302026748657227, "count_pixels": 42, "percent_cover": 0.16225613289549934, "percent_above_0.1m": 100.0, "low_level_<0.5": 0.0, "mid_level_0.5-2": 14.285714285714285, "tall_2+": 85.714285714285708 }, "geometry": { "type": "Polygon", "coordinates": [ [ [ 0.126091861360307, 51.790095249311221 ], [ 0.125993172139903, 51.790133004106281 ], [ 0.125891103986266, 51.790098878897169 ], [ 0.125887725233518, 51.790026998973424 ], [ 0.125986414315722, 51.789989244267765 ], [ 0.126088482288875, 51.790023369396444 ], [ 0.126091861360307, 51.790095249311221 ] ] ] } },
{ "type": "Feature", "properties": { "max_height": 6.4342498779296875, "mean_height": 2.1879367828369141, "std_height": 2.0331456661224365, "count_pixels": 42, "percent_cover": 0.16225613289549934, "percent_above_0.1m": 71.428571428571431, "low_level_<0.5": 9.5238095238095237, "mid_level_0.5-2": 7.1428571428571423, "tall_2+": 54.761904761904766 }, "geometry": { "type": "Polygon", "coordinates": [ [ [ 0.126292618692072, 51.790091619382622 ], [ 0.126193929652149, 51.790129374344502 ], [ 0.126091861360307, 51.790095249311221 ], [ 0.126088482288875, 51.790023369396444 ], [ 0.1261871711906, 51.789985614523928 ], [ 0.126289239301956, 51.790019739476818 ], [ 0.126292618692072, 51.790091619382622 ] ] ] } },
{ "type": "Feature", "properties": { "max_height": 6.2245025634765625, "mean_height": 1.0206984281539917, "std_height": 1.5728433132171631, "count_pixels": 42, "percent_cover": 0.16225613289549934, "percent_above_0.1m": 59.523809523809526, "low_level_<0.5": 11.904761904761903, "mid_level_0.5-2": 30.952380952380953, "tall_2+": 16.666666666666664 }, "geometry": { "type": "Polygon", "coordinates": [ [ [ 0.126493375981558, 51.790087989111342 ], [ 0.126394687122118, 51.790125744240079 ], [ 0.126292618692072, 51.790091619382622 ], [ 0.126289239301956, 51.790019739476818 ], [ 0.126387928023201, 51.789981984437439 ], [ 0.126489996272758, 51.790016109214505 ], [ 0.126493375981558, 51.790087989111342 ] ] ] } },
{ "type": "Feature", "properties": { "max_height": 7.0722503662109375, "mean_height": 2.6679904460906982, "std_height": 2.6973311901092529, "count_pixels": 42, "percent_cover": 0.16225613289549934, "percent_above_0.1m": 61.904761904761905, "low_level_<0.5": 4.7619047619047619, "mid_level_0.5-2": 7.1428571428571423, "tall_2+": 50.0 }, "geometry": { "type": "Polygon", "coordinates": [ [ [ 0.126694133228759, 51.790084358497403 ], [ 0.126595444549804, 51.790122113792982 ], [ 0.126493375981558, 51.790087989111342 ], [ 0.126489996272758, 51.790016109214505 ], [ 0.126588684813519, 51.789978354008291 ], [ 0.126690753201275, 51.790012478609547 ], [ 0.126694133228759, 51.790084358497403 ] ] ] } },
{ "type": "Feature", "properties": { "max_height": 1.5914993286132812, "mean_height": 0.12045478820800781, "std_height": 0.30844810605049133, "count_pixels": 42, "percent_cover": 0.16225613289549934, "percent_above_0.1m": 21.428571428571427, "low_level_<0.5": 9.5238095238095237, "mid_level_0.5-2": 9.5238095238095237, "tall_2+": 0.0 }, "geometry": { "type": "Polygon", "coordinates": [ [ [ 0.126894890433672, 51.790080727540797 ], [ 0.126796201935204, 51.790118483003241 ], [ 0.126694133228759, 51.790084358497403 ], [ 0.126690753201275, 51.790012478609547 ], [ 0.126789441561553, 51.789974723236483 ], [ 0.126891510087505, 51.790008847661916 ], [ 0.126894890433672, 51.790080727540797 ] ] ] } },
{ "type": "Feature", "properties": { "max_height": 0.00225067138671875, "mean_height": -0.00014988968905527145, "std_height": 0.0008829874568618834, "count_pixels": 41, "percent_cover": 0.15839289163608267, "percent_above_0.1m": 0.0, "low_level_<0.5": 0.0, "mid_level_0.5-2": 0.0, "tall_2+": 0.0 }, "geometry": { "type": "Polygon", "coordinates": [ [ [ 0.127095647596294, 51.790077096241539 ], [ 0.126996959278314, 51.790114851870818 ], [ 0.126894890433672, 51.790080727540797 ], [ 0.126891510087505, 51.790008847661916 ], [ 0.126990198267297, 51.789971092122023 ], [ 0.127092266931444, 51.790005216371625 ], [ 0.127095647596294, 51.790077096241539 ] ] ] } },
{ "type": "Feature", "properties": { "max_height": 0.003002166748046875, "mean_height": -9.8092214102507569e-06, "std_height": 0.00076388078741729259, "count_pixels": 42, "percent_cover": 0.16225613289549934, "percent_above_0.1m": 0.0, "low_level_<0.5": 0.0, "mid_level_0.5-2": 0.0, "tall_2+": 0.0 }, "geometry": { "type": "Polygon", "coordinates": [ [ [ 0.12729640471662, 51.790073464599629 ], [ 0.12719771657913, 51.790111220395744 ], [ 0.127095647596294, 51.790077096241539 ], [ 0.127092266931444, 51.790005216371625 ], [ 0.127190954930746, 51.78996746066489 ], [ 0.127293023733087, 51.790001584738675 ], [ 0.12729640471662, 51.790073464599629 ] ] ] } },
{ "type": "Feature", "properties": { "max_height": 0.10150527954101562, "mean_height": 0.0027759189251810312, "std_height": 0.015462137758731842, "count_pixels": 42, "percent_cover": 0.16225613289549934, "percent_above_0.1m": 2.3809523809523809, "low_level_<0.5": 0.0, "mid_level_0.5-2": 0.0, "tall_2+": 0.0 }, "geometry": { "type": "Polygon", "coordinates": [ [ [ 0.127497161794645, 51.790069832615032 ], [ 0.127398473837648, 51.790107588577996 ], [ 0.12729640471662, 51.790073464599629 ], [ 0.127293023733087, 51.790001584738675 ], [ 0.127391711551899, 51.789963828865091 ], [ 0.12749378049243, 51.789997952763073 ], [ 0.127497161794645, 51.790069832615032 ] ] ] } },
{ "type": "Feature", "properties": { "max_height": 0.00925445556640625, "mean_height": 0.00035948981530964375, "std_height": 0.0015695348847657442, "count_pixels": 42, "percent_cover": 0.16225613289549934, "percent_above_0.1m": 0.0, "low_level_<0.5": 0.0, "mid_level_0.5-2": 0.0, "tall_2+": 0.0 }, "geometry": { "type": "Polygon", "coordinates": [ [ [ 0.127697918830368, 51.790066200287797 ], [ 0.127599231053864, 51.790103956417589 ], [ 0.127497161794645, 51.790069832615032 ], [ 0.12749378049243, 51.789997952763073 ], [ 0.12759246813075, 51.789960196722646 ], [ 0.12769453720947, 51.789994320444805 ], [ 0.127697918830368, 51.790066200287797 ] ] ] } },
{ "type": "Feature", "properties": { "max_height": 15.225006103515625, "mean_height": 5.4228601455688477, "std_height": 4.8067708015441895, "count_pixels": 42, "percent_cover": 0.16225613289549934, "percent_above_0.1m": 88.095238095238088, "low_level_<0.5": 2.3809523809523809, "mid_level_0.5-2": 21.428571428571427, "tall_2+": 59.523809523809526 }, "geometry": { "type": "Polygon", "coordinates": [ [ [ 0.127898675823782, 51.790062567617888 ], [ 0.127799988227775, 51.790100323914537 ], [ 0.127697918830368, 51.790066200287797 ], [ 0.12769453720947, 51.789994320444805 ], [ 0.127793224667295, 51.789956564237535 ], [ 0.127895293884201, 51.78999068778387 ], [ 0.127898675823782, 51.790062567617888 ] ] ] } },
{ "type": "Feature", "properties": { "max_height": 17.992252349853516, "mean_height": 6.9234633445739746, "std_height": 5.1827182769775391, "count_pixels": 38, "percent_cover": 0.14680316785783273, "percent_above_0.1m": 92.10526315789474, "low_level_<0.5": 0.0, "mid_level_0.5-2": 15.789473684210526, "tall_2+": 76.31578947368422 }, "geometry": { "type": "Polygon", "coordinates": [ [ [ 0.128099432774885, 51.790058934605327 ], [ 0.128000745359375, 51.790096691068811 ], [ 0.127898675823782, 51.790062567617888 ], [ 0.127895293884201, 51.78999068778387 ], [ 0.127993981161532, 51.789952931409758 ], [ 0.128096050516621, 51.789987054780276 ], [ 0.128099432774885, 51.790058934605327 ] ] ] } },
{ "type": "Feature", "properties": { "max_height": 15.631252288818359, "mean_height": 10.515008926391602, "std_height": 2.8755650520324707, "count_pixels": 42, "percent_cover": 0.16225613289549934, "percent_above_0.1m": 100.0, "low_level_<0.5": 0.0, "mid_level_0.5-2": 0.0, "tall_2+": 100.0 }, "geometry": { "type": "Polygon", "coordinates": [ [ [ 0.128300189683671, 51.790055301250092 ], [ 0.128201502448662, 51.790093057880426 ], [ 0.128099432774885, 51.790058934605327 ], [ 0.128096050516621, 51.789987054780276 ], [ 0.128194737613454, 51.789949298239335 ], [ 0.128296807106727, 51.789983421434037 ], [ 0.128300189683671, 51.790055301250092 ] ] ] } },
{ "type": "Feature", "properties": { "max_height": 15.728004455566406, "mean_height": 10.126392364501953, "std_height": 3.2745440006256104, "count_pixels": 41, "percent_cover": 0.15839289163608267, "percent_above_0.1m": 100.0, "low_level_<0.5": 0.0, "mid_level_0.5-2": 2.4390243902439024, "tall_2+": 97.560975609756099 }, "geometry": { "type": "Polygon", "coordinates": [ [ [ 0.128500946550138, 51.790051667552213 ], [ 0.12840225949563, 51.790089424349375 ], [ 0.128300189683671, 51.790055301250092 ], [ 0.128296807106727, 51.789983421434037 ], [ 0.12839549402306, 51.78994566472624 ], [ 0.128497563654512, 51.789979787745125 ], [ 0.128500946550138, 51.790051667552213 ] ] ] } },
{ "type": "Feature", "properties": { "max_height": 11.466499328613281, "mean_height": 7.6996984481811523, "std_height": 1.7665145397186279, "count_pixels": 42, "percent_cover": 0.16225613289549934, "percent_above_0.1m": 100.0, "low_level_<0.5": 0.0, "mid_level_0.5-2": 4.7619047619047619, "tall_2+": 95.238095238095227 }, "geometry": { "type": "Polygon", "coordinates": [ [ [ 0.128701703374281, 51.79004803351166 ], [ 0.128603016500277, 51.790085790475665 ], [ 0.128500946550138, 51.790051667552213 ], [ 0.128497563654512, 51.789979787745125 ], [ 0.128596250390343, 51.789942030870492 ], [ 0.128698320159974, 51.78997615371356 ], [ 0.128701703374281, 51.79004803351166 ] ] ] } },
{ "type": "Feature", "properties": { "max_height": 4.8075027465820312, "mean_height": 1.2848944664001465, "std_height": 1.5010216236114502, "count_pixels": 42, "percent_cover": 0.16225613289549934, "percent_above_0.1m": 57.142857142857139, "low_level_<0.5": 2.3809523809523809, "mid_level_0.5-2": 26.190476190476193, "tall_2+": 28.571428571428569 }, "geometry": { "type": "Polygon", "coordinates": [ [ [ 0.125193519326706, 51.790219399680289 ], [ 0.125094829065714, 51.790257153730479 ], [ 0.124992761284441, 51.790223027737703 ], [ 0.124989383944638, 51.790151147775141 ], [ 0.12508807406742, 51.790113393814345 ], [ 0.125190141668215, 51.790147519726702 ], [ 0.125193519326706, 51.790219399680289 ] ] ] } },
{ "type": "Feature", "properties": { "max_height": 4.8935012817382812, "mean_height": 1.8074604272842407, "std_height": 1.5507493019104004, "count_pixels": 42, "percent_cover": 0.16225613289549934, "percent_above_0.1m": 78.571428571428569, "low_level_<0.5": 7.1428571428571423, "mid_level_0.5-2": 19.047619047619047, "tall_2+": 47.619047619047613 }, "geometry": { "type": "Polygon", "coordinates": [ [ [ 0.125394277326713, 51.790215771280202 ], [ 0.125295587246194, 51.790253525497235 ], [ 0.125193519326706, 51.790219399680289 ], [ 0.125190141668215, 51.790147519726702 ], [ 0.125288831610526, 51.790109765599041 ], [ 0.125390899349535, 51.790143891335596 ], [ 0.125394277326713, 51.790215771280202 ] ] ] } },
{ "type": "Feature", "properties": { "max_height": 14.024501800537109, "mean_height": 7.6608595848083496, "std_height": 3.5043962001800537, "count_pixels": 42, "percent_cover": 0.16225613289549934, "percent_above_0.1m": 95.238095238095227, "low_level_<0.5": 0.0, "mid_level_0.5-2": 4.7619047619047619, "tall_2+": 90.476190476190482 }, "geometry": { "type": "Polygon", "coordinates": [ [ [ 0.125595035284456, 51.790212142537456 ], [ 0.125496345384414, 51.790249896921353 ], [ 0.125394277326713, 51.790215771280202 ], [ 0.125390899349535, 51.790143891335596 ], [ 0.125489589111371, 51.790106137041086 ], [ 0.125591656988591, 51.790140262601817 ], [ 0.125595035284456, 51.790212142537456 ] ] ] } },
{ "type": "Feature", "properties": { "max_height": 14.602748870849609, "mean_height": 5.7205328941345215, "std_height": 3.1345789432525635, "count_pixels": 41, "percent_cover": 0.15839289163608267, "percent_above_0.1m": 100.0, "low_level_<0.5": 0.0, "mid_level_0.5-2": 7.3170731707317067, "tall_2+": 92.682926829268297 }, "geometry": { "type": "Polygon", "coordinates": [ [ [ 0.125795793199934, 51.79020851345205 ], [ 0.125697103480369, 51.79024626800279 ], [ 0.125595035284456, 51.790212142537456 ], [ 0.125591656988591, 51.790140262601817 ], [ 0.125690346569953, 51.790102508140457 ], [ 0.125792414585382, 51.790136633525378 ], [ 0.125795793199934, 51.79020851345205 ] ] ] } },
{ "type": "Feature", "properties": { "max_height": 12.348751068115234, "mean_height": 4.4338297843933105, "std_height": 3.265272855758667, "count_pixels": 42, "percent_cover": 0.16225613289549934, "percent_above_0.1m": 100.0, "low_level_<0.5": 0.0, "mid_level_0.5-2": 21.428571428571427, "tall_2+": 78.571428571428569 }, "geometry": { "type": "Polygon", "coordinates": [ [ [ 0.12599655107314, 51.790204884023979 ], [ 0.125897861534055, 51.79024263874156 ], [ 0.125795793199934, 51.79020851345205 ], [ 0.125792414585382, 51.790136633525378 ], [ 0.125891103986266, 51.790098878897169 ], [ 0.125993172139903, 51.790133004106281 ], [ 0.12599655107314, 51.790204884023979 ] ] ] } },
{ "type": "Feature", "properties": { "max_height": 9.9662513732910156, "mean_height": 1.6432338953018188, "std_height": 2.5946359634399414, "count_pixels": 42, "percent_cover": 0.16225613289549934, "percent_above_0.1m": 59.523809523809526, "low_level_<0.5": 11.904761904761903, "mid_level_0.5-2": 16.666666666666664, "tall_2+": 28.571428571428569 }, "geometry": { "type": "Polygon", "coordinates": [ [ [ 0.126197308904073, 51.790201254253247 ], [ 0.126098619545469, 51.790239009137672 ], [ 0.12599655107314, 51.790204884023979 ], [ 0.125993172139903, 51.790133004106281 ], [ 0.126091861360307, 51.790095249311221 ], [ 0.126193929652149, 51.790129374344502 ], [ 0.126197308904073, 51.790201254253247 ] ] ] } },
{ "type": "Feature", "properties": { "max_height": 13.354251861572266, "mean_height": 6.3269839286804199, "std_height": 3.6351442337036133, "count_pixels": 41, "percent_cover": 0.15839289163608267, "percent_above_0.1m": 92.682926829268297, "low_level_<0.5": 2.4390243902439024, "mid_level_0.5-2": 2.4390243902439024, "tall_2+": 87.804878048780495 }, "geometry": { "type": "Polygon", "coordinates": [ [ [ 0.126398066692728, 51.79019762413985 ], [ 0.126299377514607, 51.790235379191124 ], [ 0.126197308904073, 51.790201254253247 ], [ 0.126193929652149, 51.790129374344502 ], [ 0.126292618692072, 51.790091619382622 ], [ 0.126394687122118, 51.790125744240079 ], [ 0.126398066692728, 51.79019762413985 ] ] ] } },
{ "type": "Feature", "properties": { "max_height": 2.5405006408691406, "mean_height": 0.14190056920051575, "std_height": 0.48527932167053223, "count_pixels": 42, "percent_cover": 0.16225613289549934, "percent_above_0.1m": 9.5238095238095237, "low_level_<0.5": 0.0, "mid_level_0.5-2": 7.1428571428571423, "tall_2+": 2.3809523809523809 }, "geometry": { "type": "Polygon", "coordinates": [ [ [ 0.126598824439099, 51.790193993683779 ], [ 0.126500135441464, 51.79023174890191 ], [ 0.126398066692728, 51.79019762413985 ], [ 0.126394687122118, 51.790125744240079 ], [ 0.126493375981558, 51.790087989111342 ], [ 0.126595444549804, 51.790122113792982 ], [ 0.126598824439099, 51.790193993683779 ] ] ] } },
{ "type": "Feature", "properties": { "max_height": 0.03099822998046875, "mean_height": 0.0028772857040166855, "std_height": 0.006860049907118082, "count_pixels": 38, "percent_cover": 0.14680316785783273, "percent_above_0.1m": 0.0, "low_level_<0.5": 0.0, "mid_level_0.5-2": 0.0, "tall_2+": 0.0 }, "geometry": { "type": "Polygon", "coordinates": [ [ [ 0.126799582143185, 51.790190362885063 ], [ 0.126700893326036, 51.790228118270036 ], [ 0.126598824439099, 51.790193993683779 ], [ 0.126595444549804, 51.790122113792982 ], [ 0.126694133228759, 51.790084358497403 ], [ 0.126796201935204, 51.790118483003241 ], [ 0.126799582143185, 51.790190362885063 ] ] ] } },
{ "type": "Feature", "properties": { "max_height": 0.004749298095703125, "mean_height": -0.00033106122282333672, "std_height": 0.0015710799489170313, "count_pixels": 42, "percent_cover": 0.16225613289549934, "percent_above_0.1m": 0.0, "low_level_<0.5": 0.0, "mid_level_0.5-2": 0.0, "tall_2+": 0.0 }, "geometry": { "type": "Polygon", "coordinates": [ [ [ 0.127000339804981, 51.790186731743674 ], [ 0.12690165116832, 51.79022448729549 ], [ 0.126799582143185, 51.790190362885063 ], [ 0.126796201935204, 51.790118483003241 ], [ 0.126894890433672, 51.790080727540797 ], [ 0.126996959278314, 51.790114851870818 ], [ 0.127000339804981, 51.790186731743674 ] ] ] } },
{ "type": "Feature", "properties": { "max_height": 0.000751495361328125, "mean_height": -0.00013478596520144492, "std_height": 0.00055390206398442388, "count_pixels": 42, "percent_cover": 0.16225613289549934, "percent_above_0.1m": 0.0, "low_level_<0.5": 0.0, "mid_level_0.5-2": 0.0, "tall_2+": 0.0 }, "geometry": { "type": "Polygon", "coordinates": [ [ [ 0.127201097424481, 51.790183100259625 ], [ 0.127102408968312, 51.790220855978276 ], [ 0.127000339804981, 51.790186731743674 ], [ 0.126996959278314, 51.790114851870818 ], [ 0.127095647596294, 51.790077096241539 ], [ 0.12719771657913, 51.790111220395744 ], [ 0.127201097424481, 51.790183100259625 ] ] ] } },
{ "type": "Feature", "properties": { "max_height": 0.18925094604492188, "mean_height": 0.0094246640801429749, "std_height": 0.031082261353731155, "count_pixels": 42, "percent_cover": 0.16225613289549934, "percent_above_0.1m": 2.3809523809523809, "low_level_<0.5": 2.3809523809523809, "mid_level_0.5-2": 0.0, "tall_2+": 0.0 }, "geometry": { "type": "Polygon", "coordinates": [ [ [ 0.127401855001685, 51.790179468432903 ], [ 0.127303166726008, 51.790217224318411 ], [ 0.127201097424481, 51.790183100259625 ], [ 0.12719771657913, 51.790111220395744 ], [ 0.12729640471662, 51.790073464599629 ], [ 0.127398473837648, 51.790107588577996 ], [ 0.127401855001685, 51.790179468432903 ] ] ] } },
{ "type": "Feature", "properties": { "max_height": 0.00075531005859375, "mean_height": -9.6275689429603517e-06, "std_height": 0.00034920257166959345, "count_pixels": 42, "percent_cover": 0.16225613289549934, "percent_above_0.1m": 0.0, "low_level_<0.5": 0.0, "mid_level_0.5-2": 0.0, "tall_2+": 0.0 }, "geometry": { "type": "Polygon", "coordinates": [ [ [ 0.127602612536585, 51.790175836263529 ], [ 0.127503924441402, 51.790213592315865 ], [ 0.127401855001685, 51.790179468432903 ], [ 0.127398473837648, 51.790107588577996 ], [ 0.127497161794645, 51.790069832615032 ], [ 0.127599231053864, 51.790103956417589 ], [ 0.127602612536585, 51.790175836263529 ] ] ] } },
{ "type": "Feature", "properties": { "max_height": 4.1735038757324219, "mean_height": 0.23828870058059692, "std_height": 0.86621189117431641, "count_pixels": 41, "percent_cover": 0.15839289163608267, "percent_above_0.1m": 9.7560975609756095, "low_level_<0.5": 2.4390243902439024, "mid_level_0.5-2": 0.0, "tall_2+": 7.3170731707317067 }, "geometry": { "type": "Polygon", "coordinates": [ [ [ 0.12780337002918, 51.790172203751503 ], [ 0.127704682114494, 51.790209959970682 ], [ 0.127602612536585, 51.790175836263529 ], [ 0.127599231053864, 51.790103956417589 ], [ 0.127697918830368, 51.790066200287797 ], [ 0.127799988227775, 51.790100323914537 ], [ 0.12780337002918, 51.790172203751503 ] ] ] } },
{ "type": "Feature", "properties": { "max_height": 10.750255584716797, "mean_height": 5.4551458358764648, "std_height": 3.301311731338501, "count_pixels": 42, "percent_cover": 0.16225613289549934, "percent_above_0.1m": 97.61904761904762, "low_level_<0.5": 4.7619047619047619, "mid_level_0.5-2": 14.285714285714285, "tall_2+": 78.571428571428569 }, "geometry": { "type": "Polygon", "coordinates": [ [ [ 0.128004127479464, 51.790168570896789 ], [ 0.127905439745277, 51.790206327282824 ], [ 0.12780337002918, 51.790172203751503 ], [ 0.127799988227775, 51.790100323914537 ], [ 0.127898675823782, 51.790062567617888 ], [ 0.128000745359375, 51.790096691068811 ], [ 0.128004127479464, 51.790168570896789 ] ] ] } },
{ "type": "Feature", "properties": { "max_height": 16.700252532958984, "mean_height": 10.721514701843262, "std_height": 3.3447983264923096, "count_pixels": 42, "percent_cover": 0.16225613289549934, "percent_above_0.1m": 100.0, "low_level_<0.5": 0.0, "mid_level_0.5-2": 0.0, "tall_2+": 100.0 }, "geometry": { "type": "Polygon", "coordinates": [ [ [ 0.128204884887434, 51.79016493769943 ], [ 0.128106197333747, 51.790202694252308 ], [ 0.128004127479464, 51.790168570896789 ], [ 0.128000745359375, 51.790096691068811 ], [ 0.128099432774885, 51.790058934605327 ], [ 0.128201502448662, 51.790093057880426 ], [ 0.128204884887434, 51.79016493769943 ] ] ] } },
{ "type": "Feature", "properties": { "max_height": 15.223003387451172, "mean_height": 9.8032102584838867, "std_height": 2.3904039859771729, "count_pixels": 42, "percent_cover": 0.16225613289549934, "percent_above_0.1m": 100.0, "low_level_<0.5": 0.0, "mid_level_0.5-2": 0.0, "tall_2+": 100.0 }, "geometry": { "type": "Polygon", "coordinates": [ [ [ 0.128405642253087, 51.790161304159405 ], [ 0.128306954879901, 51.790199060879118 ], [ 0.128204884887434, 51.79016493769943 ], [ 0.128201502448662, 51.790093057880426 ], [ 0.128300189683671, 51.790055301250092 ], [ 0.12840225949563, 51.790089424349375 ], [ 0.128405642253087, 51.790161304159405 ] ] ] } },
{ "type": "Feature", "properties": { "max_height": 7.8977546691894531, "mean_height": 1.3274185657501221, "std_height": 2.308443546295166, "count_pixels": 42, "percent_cover": 0.16225613289549934, "percent_above_0.1m": 42.857142857142854, "low_level_<0.5": 4.7619047619047619, "mid_level_0.5-2": 11.904761904761903, "tall_2+": 23.809523809523807 }, "geometry": { "type": "Polygon", "coordinates": [ [ [ 0.125098206586001, 51.790329033687001 ], [ 0.124999516006325, 51.790366787659714 ], [ 0.124897448044575, 51.790332661586532 ], [ 0.124894070842978, 51.790260781621029 ], [ 0.124992761284441, 51.790223027737703 ], [ 0.125094829065714, 51.790257153730479 ], [ 0.125098206586001, 51.790329033687001 ] ] ] } },
{ "type": "Feature", "properties": { "max_height": 6.3432540893554688, "mean_height": 1.6779235601425171, "std_height": 1.7566788196563721, "count_pixels": 38, "percent_cover": 0.14680316785783273, "percent_above_0.1m": 84.210526315789465, "low_level_<0.5": 18.421052631578945, "mid_level_0.5-2": 31.578947368421051, "tall_2+": 34.210526315789473 }, "geometry": { "type": "Polygon", "coordinates": [ [ [ 0.125298965085171, 51.790325405444811 ], [ 0.125200274685969, 51.790363159584381 ], [ 0.125098206586001, 51.790329033687001 ], [ 0.125094829065714, 51.790257153730479 ], [ 0.125193519326706, 51.790219399680289 ], [ 0.125295587246194, 51.790253525497235 ], [ 0.125298965085171, 51.790325405444811 ] ] ] } },
{ "type": "Feature", "properties": { "max_height": 7.2932548522949219, "mean_height": 2.2484602928161621, "std_height": 1.5979971885681152, "count_pixels": 42, "percent_cover": 0.16225613289549934, "percent_above_0.1m": 95.238095238095227, "low_level_<0.5": 9.5238095238095237, "mid_level_0.5-2": 38.095238095238095, "tall_2+": 47.619047619047613 }, "geometry": { "type": "Polygon", "coordinates": [ [ [ 0.125499723542079, 51.790321776859948 ], [ 0.125401033323354, 51.790359531166366 ], [ 0.125298965085171, 51.790325405444811 ], [ 0.125295587246194, 51.790253525497235 ], [ 0.125394277326713, 51.790215771280202 ], [ 0.125496345384414, 51.790249896921353 ], [ 0.125499723542079, 51.790321776859948 ] ] ] } },
{ "type": "Feature", "properties": { "max_height": 15.189754486083984, "mean_height": 8.041508674621582, "std_height": 3.8112437725067139, "count_pixels": 42, "percent_cover": 0.16225613289549934, "percent_above_0.1m": 100.0, "low_level_<0.5": 0.0, "mid_level_0.5-2": 2.3809523809523809, "tall_2+": 97.61904761904762 }, "geometry": { "type": "Polygon", "coordinates": [ [ [ 0.125700481956723, 51.790318147932425 ], [ 0.125601791918475, 51.790355902405693 ], [ 0.125499723542079, 51.790321776859948 ], [ 0.125496345384414, 51.790249896921353 ], [ 0.125595035284456, 51.790212142537456 ], [ 0.125697103480369, 51.79024626800279 ], [ 0.125700481956723, 51.790318147932425 ] ] ] } },
{ "type": "Feature", "properties": { "max_height": 8.2667503356933594, "mean_height": 2.7407402992248535, "std_height": 1.2984974384307861, "count_pixels": 42, "percent_cover": 0.16225613289549934, "percent_above_0.1m": 100.0, "low_level_<0.5": 2.3809523809523809, "mid_level_0.5-2": 19.047619047619047, "tall_2+": 78.571428571428569 }, "geometry": { "type": "Polygon", "coordinates": [ [ [ 0.125901240329098, 51.790314518662235 ], [ 0.125802550471329, 51.790352273302346 ], [ 0.125700481956723, 51.790318147932425 ], [ 0.125697103480369, 51.79024626800279 ], [ 0.125795793199934, 51.79020851345205 ], [ 0.125897861534055, 51.79024263874156 ], [ 0.125901240329098, 51.790314518662235 ] ] ] } },
{ "type": "Feature", "properties": { "max_height": 11.537502288818359, "mean_height": 5.0291452407836914, "std_height": 3.7728893756866455, "count_pixels": 42, "percent_cover": 0.16225613289549934, "percent_above_0.1m": 88.095238095238088, "low_level_<0.5": 7.1428571428571423, "mid_level_0.5-2": 7.1428571428571423, "tall_2+": 73.80952380952381 }, "geometry": { "type": "Polygon", "coordinates": [ [ [ 0.1261019986592, 51.790310889049373 ], [ 0.126003308981914, 51.790348643856341 ], [ 0.125901240329098, 51.790314518662235 ], [ 0.125897861534055, 51.79024263874156 ], [ 0.12599655107314, 51.790204884023979 ], [ 0.126098619545469, 51.790239009137672 ], [ 0.1261019986592, 51.790310889049373 ] ] ] } },
{ "type": "Feature", "properties": { "max_height": 15.952503204345703, "mean_height": 9.5845260620117188, "std_height": 3.8502705097198486, "count_pixels": 42, "percent_cover": 0.16225613289549934, "percent_above_0.1m": 97.61904761904762, "low_level_<0.5": 0.0, "mid_level_0.5-2": 0.0, "tall_2+": 97.61904761904762 }, "geometry": { "type": "Polygon", "coordinates": [ [ [ 0.126302756947026, 51.790307259093858 ], [ 0.126204067450222, 51.790345014067661 ], [ 0.1261019986592, 51.790310889049373 ], [ 0.126098619545469, 51.790239009137672 ], [ 0.126197308904073, 51.790201254253247 ], [ 0.126299377514607, 51.790235379191124 ], [ 0.126302756947026, 51.790307259093858 ] ] ] } },
{ "type": "Feature", "properties": { "max_height": 13.567501068115234, "mean_height": 1.7173712253570557, "std_height": 3.3972880840301514, "count_pixels": 42, "percent_cover": 0.16225613289549934, "percent_above_0.1m": 28.571428571428569, "low_level_<0.5": 2.3809523809523809, "mid_level_0.5-2": 0.0, "tall_2+": 26.190476190476193 }, "geometry": { "type": "Polygon", "coordinates": [ [ [ 0.12650351519257, 51.79030362879567 ], [ 0.126404825876253, 51.790341383936322 ], [ 0.126302756947026, 51.790307259093858 ], [ 0.126299377514607, 51.790235379191124 ], [ 0.126398066692728, 51.79019762413985 ], [ 0.126500135441464, 51.79023174890191 ], [ 0.12650351519257, 51.79030362879567 ] ] ] } },
{ "type": "Feature", "properties": { "max_height": 0.014003753662109375, "mean_height": 0.00097220286261290312, "std_height": 0.0035835150629281998, "count_pixels": 42, "percent_cover": 0.16225613289549934, "percent_above_0.1m": 0.0, "low_level_<0.5": 0.0, "mid_level_0.5-2": 0.0, "tall_2+": 0.0 }, "geometry": { "type": "Polygon", "coordinates": [ [ [ 0.12670427339583, 51.790299998154829 ], [ 0.12660558426, 51.790337753462325 ], [ 0.12650351519257, 51.79030362879567 ], [ 0.126500135441464, 51.79023174890191 ], [ 0.126598824439099, 51.790193993683779 ], [ 0.126700893326036, 51.790228118270036 ], [ 0.12670427339583, 51.790299998154829 ] ] ] } },
{ "type": "Feature", "properties": { "max_height": 0.03600311279296875, "mean_height": 0.0026272365357726812, "std_height": 0.0068991947919130325, "count_pixels": 42, "percent_cover": 0.16225613289549934, "percent_above_0.1m": 0.0, "low_level_<0.5": 0.0, "mid_level_0.5-2": 0.0, "tall_2+": 0.0 }, "geometry": { "type": "Polygon", "coordinates": [ [ [ 0.126905031556802, 51.790296367171301 ], [ 0.126806342601461, 51.79033412264566 ], [ 0.12670427339583, 51.790299998154829 ], [ 0.126700893326036, 51.790228118270036 ], [ 0.126799582143185, 51.790190362885063 ], [ 0.12690165116832, 51.79022448729549 ], [ 0.126905031556802, 51.790296367171301 ] ] ] } },
{ "type": "Feature", "properties": { "max_height": 0.008251190185546875, "mean_height": -2.8191543606226332e-05, "std_height": 0.0018144032219424844, "count_pixels": 41, "percent_cover": 0.15839289163608267, "percent_above_0.1m": 0.0, "low_level_<0.5": 0.0, "mid_level_0.5-2": 0.0, "tall_2+": 0.0 }, "geometry": { "type": "Polygon", "coordinates": [ [ [ 0.127105789675482, 51.790292735845128 ], [ 0.12700710090063, 51.790330491486316 ], [ 0.126905031556802, 51.790296367171301 ], [ 0.12690165116832, 51.79022448729549 ], [ 0.127000339804981, 51.790186731743674 ], [ 0.127102408968312, 51.790220855978276 ], [ 0.127105789675482, 51.790292735845128 ] ] ] } },
{ "type": "Feature", "properties": { "max_height": 0.0070037841796875, "mean_height": 0.00036539349821396172, "std_height": 0.0014478889061138034, "count_pixels": 42, "percent_cover": 0.16225613289549934, "percent_above_0.1m": 0.0, "low_level_<0.5": 0.0, "mid_level_0.5-2": 0.0, "tall_2+": 0.0 }, "geometry": { "type": "Polygon", "coordinates": [ [ [ 0.127306547751864, 51.790289104176274 ], [ 0.127207859157506, 51.790326859984326 ], [ 0.127105789675482, 51.790292735845128 ], [ 0.127102408968312, 51.790220855978276 ], [ 0.127201097424481, 51.790183100259625 ], [ 0.127303166726008, 51.790217224318411 ], [ 0.127306547751864, 51.790289104176274 ] ] ] } },
{ "type": "Feature", "properties": { "max_height": 7.8005027770996094, "mean_height": 0.55765122175216675, "std_height": 1.5067774057388306, "count_pixels": 42, "percent_cover": 0.16225613289549934, "percent_above_0.1m": 21.428571428571427, "low_level_<0.5": 4.7619047619047619, "mid_level_0.5-2": 7.1428571428571423, "tall_2+": 9.5238095238095237 }, "geometry": { "type": "Polygon", "coordinates": [ [ [ 0.127507305785945, 51.790285472164769 ], [ 0.127408617372082, 51.790323228139655 ], [ 0.127306547751864, 51.790289104176274 ], [ 0.127303166726008, 51.790217224318411 ], [ 0.127401855001685, 51.790179468432903 ], [ 0.127503924441402, 51.790213592315865 ], [ 0.127507305785945, 51.790285472164769 ] ] ] } },
{ "type": "Feature", "properties": { "max_height": 13.515003204345703, "mean_height": 4.2185382843017578, "std_height": 4.4228119850158691, "count_pixels": 42, "percent_cover": 0.16225613289549934, "percent_above_0.1m": 71.428571428571431, "low_level_<0.5": 7.1428571428571423, "mid_level_0.5-2": 2.3809523809523809, "tall_2+": 59.523809523809526 }, "geometry": { "type": "Polygon", "coordinates": [ [ [ 0.127708063777723, 51.790281839810596 ], [ 0.127609375544355, 51.790319595952333 ], [ 0.127507305785945, 51.790285472164769 ], [ 0.127503924441402, 51.790213592315865 ], [ 0.127602612536585, 51.790175836263529 ], [ 0.127704682114494, 51.790209959970682 ], [ 0.127708063777723, 51.790281839810596 ] ] ] } },
{ "type": "Feature", "properties": { "max_height": 17.026504516601562, "mean_height": 8.7473363876342773, "std_height": 4.013066291809082, "count_pixels": 42, "percent_cover": 0.16225613289549934, "percent_above_0.1m": 100.0, "low_level_<0.5": 0.0, "mid_level_0.5-2": 7.1428571428571423, "tall_2+": 92.857142857142861 }, "geometry": { "type": "Polygon", "coordinates": [ [ [ 0.127908821727191, 51.790278207113758 ], [ 0.127810133674323, 51.790315963422337 ], [ 0.127708063777723, 51.790281839810596 ], [ 0.127704682114494, 51.790209959970682 ], [ 0.12780337002918, 51.790172203751503 ], [ 0.127905439745277, 51.790206327282824 ], [ 0.127908821727191, 51.790278207113758 ] ] ] } },
{ "type": "Feature", "properties": { "max_height": 16.841499328613281, "mean_height": 10.418877601623535, "std_height": 3.5009915828704834, "count_pixels": 38, "percent_cover": 0.14680316785783273, "percent_above_0.1m": 100.0, "low_level_<0.5": 0.0, "mid_level_0.5-2": 0.0, "tall_2+": 100.0 }, "geometry": { "type": "Polygon", "coordinates": [ [ [ 0.128109579634348, 51.79027457407426 ], [ 0.12801089176198, 51.790312330549689 ], [ 0.127908821727191, 51.790278207113758 ], [ 0.127905439745277, 51.790206327282824 ], [ 0.128004127479464, 51.790168570896789 ], [ 0.128106197333747, 51.790202694252308 ], [ 0.128109579634348, 51.79027457407426 ] ] ] } },
{ "type": "Feature", "properties": { "max_height": 15.977001190185547, "mean_height": 9.0849428176879883, "std_height": 2.1994113922119141, "count_pixels": 42, "percent_cover": 0.16225613289549934, "percent_above_0.1m": 100.0, "low_level_<0.5": 0.0, "mid_level_0.5-2": 0.0, "tall_2+": 100.0 }, "geometry": { "type": "Polygon", "coordinates": [ [ [ 0.128310337499188, 51.79027094069211 ], [ 0.128211649807322, 51.79030869733436 ], [ 0.128109579634348, 51.79027457407426 ], [ 0.128106197333747, 51.790202694252308 ], [ 0.128204884887434, 51.79016493769943 ], [ 0.128306954879901, 51.790199060879118 ], [ 0.128310337499188, 51.79027094069211 ] ] ] } },
{ "type": "Feature", "properties": { "max_height": 0.43050384521484375, "mean_height": 0.033599760383367538, "std_height": 0.093325391411781311, "count_pixels": 41, "percent_cover": 0.15839289163608267, "percent_above_0.1m": 9.7560975609756095, "low_level_<0.5": 7.3170731707317067, "mid_level_0.5-2": 0.0, "tall_2+": 0.0 }, "geometry": { "type": "Polygon", "coordinates": [ [ [ 0.125002893388405, 51.790438667619178 ], [ 0.124904202490044, 51.790476421514427 ], [ 0.124802134347816, 51.790442295360819 ], [ 0.124798757284427, 51.790370415392388 ], [ 0.124897448044575, 51.790332661586532 ], [ 0.124999516006325, 51.790366787659714 ], [ 0.125002893388405, 51.790438667619178 ] ] ] } },
{ "type": "Feature", "properties": { "max_height": 7.8152503967285156, "mean_height": 3.065025806427002, "std_height": 1.9972070455551147, "count_pixels": 42, "percent_cover": 0.16225613289549934, "percent_above_0.1m": 100.0, "low_level_<0.5": 0.0, "mid_level_0.5-2": 40.476190476190474, "tall_2+": 59.523809523809526 }, "geometry": { "type": "Polygon", "coordinates": [ [ [ 0.12520365238674, 51.79043503953487 ], [ 0.125104961668853, 51.790472793596969 ], [ 0.125002893388405, 51.790438667619178 ], [ 0.124999516006325, 51.790366787659714 ], [ 0.125098206586001, 51.790329033687001 ], [ 0.125200274685969, 51.790363159584381 ], [ 0.12520365238674, 51.79043503953487 ] ] ] } },
{ "type": "Feature", "properties": { "max_height": 8.2837486267089844, "mean_height": 3.7176144123077393, "std_height": 2.0083773136138916, "count_pixels": 42, "percent_cover": 0.16225613289549934, "percent_above_0.1m": 100.0, "low_level_<0.5": 2.3809523809523809, "mid_level_0.5-2": 11.904761904761903, "tall_2+": 85.714285714285708 }, "geometry": { "type": "Polygon", "coordinates": [ [ [ 0.125404411342816, 51.790431411107889 ], [ 0.125305720805405, 51.790469165336845 ], [ 0.12520365238674, 51.79043503953487 ], [ 0.125200274685969, 51.790363159584381 ], [ 0.125298965085171, 51.790325405444811 ], [ 0.125401033323354, 51.790359531166366 ], [ 0.125404411342816, 51.790431411107889 ] ] ] } },
{ "type": "Feature", "properties": { "max_height": 18.099754333496094, "mean_height": 11.860854148864746, "std_height": 3.1767103672027588, "count_pixels": 42, "percent_cover": 0.16225613289549934, "percent_above_0.1m": 100.0, "low_level_<0.5": 0.0, "mid_level_0.5-2": 0.0, "tall_2+": 100.0 }, "geometry": { "type": "Polygon", "coordinates": [ [ [ 0.125605170256629, 51.790427782338256 ], [ 0.125506479899695, 51.790465536734054 ], [ 0.125404411342816, 51.790431411107889 ], [ 0.125401033323354, 51.790359531166366 ], [ 0.125499723542079, 51.790321776859948 ], [ 0.125601791918475, 51.790355902405693 ], [ 0.125605170256629, 51.790427782338256 ] ] ] } },
{ "type": "Feature", "properties": { "max_height": 18.992252349853516, "mean_height": 11.296807289123535, "std_height": 5.0148296356201172, "count_pixels": 41, "percent_cover": 0.15839289163608267, "percent_above_0.1m": 100.0, "low_level_<0.5": 0.0, "mid_level_0.5-2": 4.8780487804878048, "tall_2+": 95.121951219512198 }, "geometry": { "type": "Polygon", "coordinates": [ [ [ 0.125805929128173, 51.790424153225942 ], [ 0.125707238951721, 51.79046190778859 ], [ 0.125605170256629, 51.790427782338256 ], [ 0.125601791918475, 51.790355902405693 ], [ 0.125700481956723, 51.790318147932425 ], [ 0.125802550471329, 51.790352273302346 ], [ 0.125805929128173, 51.790424153225942 ] ] ] } },
{ "type": "Feature", "properties": { "max_height": 3.0810012817382812, "mean_height": 0.16746039688587189, "std_height": 0.58931201696395874, "count_pixels": 42, "percent_cover": 0.16225613289549934, "percent_above_0.1m": 11.904761904761903, "low_level_<0.5": 4.7619047619047619, "mid_level_0.5-2": 2.3809523809523809, "tall_2+": 4.7619047619047619 }, "geometry": { "type": "Polygon", "coordinates": [ [ [ 0.126006687957448, 51.790420523770969 ], [ 0.125907997961476, 51.790458278500466 ], [ 0.125805929128173, 51.790424153225942 ], [ 0.125802550471329, 51.790352273302346 ], [ 0.125901240329098, 51.790314518662235 ], [ 0.126003308981914, 51.790348643856341 ], [ 0.126006687957448, 51.790420523770969 ] ] ] } },
{ "type": "Feature", "properties": { "max_height": 13.0155029296875, "mean_height": 3.8692641258239746, "std_height": 3.7613193988800049, "count_pixels": 42, "percent_cover": 0.16225613289549934, "percent_above_0.1m": 69.047619047619051, "low_level_<0.5": 0.0, "mid_level_0.5-2": 9.5238095238095237, "tall_2+": 59.523809523809526 }, "geometry": { "type": "Polygon", "coordinates": [ [ [ 0.126207446744447, 51.79041689397333 ], [ 0.126108756928959, 51.79045464886967 ], [ 0.126006687957448, 51.790420523770969 ], [ 0.126003308981914, 51.790348643856341 ], [ 0.1261019986592, 51.790310889049373 ], [ 0.126204067450222, 51.790345014067661 ], [ 0.126207446744447, 51.79041689397333 ] ] ] } },
{ "type": "Feature", "properties": { "max_height": 11.119503021240234, "mean_height": 3.7866973876953125, "std_height": 4.122704029083252, "count_pixels": 41, "percent_cover": 0.15839289163608267, "percent_above_0.1m": 63.414634146341463, "low_level_<0.5": 4.8780487804878048, "mid_level_0.5-2": 4.8780487804878048, "tall_2+": 51.219512195121951 }, "geometry": { "type": "Polygon", "coordinates": [ [ [ 0.126408205489167, 51.790413263833017 ], [ 0.126309515854165, 51.790451018896206 ], [ 0.126207446744447, 51.79041689397333 ], [ 0.126204067450222, 51.790345014067661 ], [ 0.126302756947026, 51.790307259093858 ], [ 0.126404825876253, 51.790341383936322 ], [ 0.126408205489167, 51.790413263833017 ] ] ] } },
{ "type": "Feature", "properties": { "max_height": 5.5740013122558594, "mean_height": 0.43940672278404236, "std_height": 1.2842934131622314, "count_pixels": 42, "percent_cover": 0.16225613289549934, "percent_above_0.1m": 16.666666666666664, "low_level_<0.5": 4.7619047619047619, "mid_level_0.5-2": 2.3809523809523809, "tall_2+": 9.5238095238095237 }, "geometry": { "type": "Polygon", "coordinates": [ [ [ 0.126608964191605, 51.790409633350045 ], [ 0.126510274737089, 51.790447388580077 ], [ 0.126408205489167, 51.790413263833017 ], [ 0.126404825876253, 51.790341383936322 ], [ 0.12650351519257, 51.79030362879567 ], [ 0.12660558426, 51.790337753462325 ], [ 0.126608964191605, 51.790409633350045 ] ] ] } },
{ "type": "Feature", "properties": { "max_height": 0.0332489013671875, "mean_height": 0.0034961700439453125, "std_height": 0.0087909726426005363, "count_pixels": 38, "percent_cover": 0.14680316785783273, "percent_above_0.1m": 0.0, "low_level_<0.5": 0.0, "mid_level_0.5-2": 0.0, "tall_2+": 0.0 }, "geometry": { "type": "Polygon", "coordinates": [ [ [ 0.126809722851754, 51.790406002524399 ], [ 0.126711033577729, 51.790443757921288 ], [ 0.126608964191605, 51.790409633350045 ], [ 0.12660558426, 51.790337753462325 ], [ 0.12670427339583, 51.790299998154829 ], [ 0.126806342601461, 51.79033412264566 ], [ 0.126809722851754, 51.790406002524399 ] ] ] } },
{ "type": "Feature", "properties": { "max_height": 0.009754180908203125, "mean_height": 0.00017493111954536289, "std_height": 0.0020927553996443748, "count_pixels": 42, "percent_cover": 0.16225613289549934, "percent_above_0.1m": 0.0, "low_level_<0.5": 0.0, "mid_level_0.5-2": 0.0, "tall_2+": 0.0 }, "geometry": { "type": "Polygon", "coordinates": [ [ [ 0.127010481469614, 51.790402371356102 ], [ 0.126911792376078, 51.790440126919826 ], [ 0.126809722851754, 51.790406002524399 ], [ 0.126806342601461, 51.79033412264566 ], [ 0.126905031556802, 51.790296367171301 ], [ 0.12700710090063, 51.790330491486316 ], [ 0.127010481469614, 51.790402371356102 ] ] ] } },
{ "type": "Feature", "properties": { "max_height": 0.012248992919921875, "mean_height": 0.00028819130966439843, "std_height": 0.0020089056342840195, "count_pixels": 42, "percent_cover": 0.16225613289549934, "percent_above_0.1m": 0.0, "low_level_<0.5": 0.0, "mid_level_0.5-2": 0.0, "tall_2+": 0.0 }, "geometry": { "type": "Polygon", "coordinates": [ [ [ 0.127211240045178, 51.790398739845131 ], [ 0.127112551132136, 51.790436495575705 ], [ 0.127010481469614, 51.790402371356102 ], [ 0.12700710090063, 51.790330491486316 ], [ 0.127105789675482, 51.790292735845128 ], [ 0.127207859157506, 51.790326859984326 ], [ 0.127211240045178, 51.790398739845131 ] ] ] } },
{ "type": "Feature", "properties": { "max_height": 7.9822540283203125, "mean_height": 1.0609548091888428, "std_height": 2.2633352279663086, "count_pixels": 42, "percent_cover": 0.16225613289549934, "percent_above_0.1m": 28.571428571428569, "low_level_<0.5": 0.0, "mid_level_0.5-2": 11.904761904761903, "tall_2+": 16.666666666666664 }, "geometry": { "type": "Polygon", "coordinates": [ [ [ 0.127411998578443, 51.790395107991486 ], [ 0.127313309845897, 51.790432863888924 ], [ 0.127211240045178, 51.790398739845131 ], [ 0.127207859157506, 51.790326859984326 ], [ 0.127306547751864, 51.790289104176274 ], [ 0.127408617372082, 51.790323228139655 ], [ 0.127411998578443, 51.790395107991486 ] ] ] } },
{ "type": "Feature", "properties": { "max_height": 14.777755737304688, "mean_height": 9.6754379272460938, "std_height": 3.7740554809570312, "count_pixels": 42, "percent_cover": 0.16225613289549934, "percent_above_0.1m": 100.0, "low_level_<0.5": 0.0, "mid_level_0.5-2": 9.5238095238095237, "tall_2+": 90.476190476190482 }, "geometry": { "type": "Polygon", "coordinates": [ [ [ 0.127612757069404, 51.790391475795175 ], [ 0.127514068517355, 51.790429231859456 ], [ 0.127411998578443, 51.790395107991486 ], [ 0.127408617372082, 51.790323228139655 ], [ 0.127507305785945, 51.790285472164769 ], [ 0.127609375544355, 51.790319595952333 ], [ 0.127612757069404, 51.790391475795175 ] ] ] } },
{ "type": "Feature", "properties": { "max_height": 16.043750762939453, "mean_height": 7.9087100028991699, "std_height": 3.7792744636535645, "count_pixels": 41, "percent_cover": 0.15839289163608267, "percent_above_0.1m": 97.560975609756099, "low_level_<0.5": 0.0, "mid_level_0.5-2": 7.3170731707317067, "tall_2+": 90.243902439024396 }, "geometry": { "type": "Polygon", "coordinates": [ [ [ 0.127813515518061, 51.790387843256212 ], [ 0.127714827146509, 51.790425599487321 ], [ 0.127612757069404, 51.790391475795175 ], [ 0.127609375544355, 51.790319595952333 ], [ 0.127708063777723, 51.790281839810596 ], [ 0.127810133674323, 51.790315963422337 ], [ 0.127813515518061, 51.790387843256212 ] ] ] } },
{ "type": "Feature", "properties": { "max_height": 14.350502014160156, "mean_height": 9.6519365310668945, "std_height": 2.5324561595916748, "count_pixels": 42, "percent_cover": 0.16225613289549934, "percent_above_0.1m": 100.0, "low_level_<0.5": 0.0, "mid_level_0.5-2": 0.0, "tall_2+": 100.0 }, "geometry": { "type": "Polygon", "coordinates": [ [ [ 0.128014273924406, 51.790384210374583 ], [ 0.127915585733354, 51.790421966772541 ], [ 0.127813515518061, 51.790387843256212 ], [ 0.127810133674323, 51.790315963422337 ], [ 0.127908821727191, 51.790278207113758 ], [ 0.12801089176198, 51.790312330549689 ], [ 0.128014273924406, 51.790384210374583 ] ] ] } },
{ "type": "Feature", "properties": { "max_height": 3.0057525634765625, "mean_height": 1.289270281791687, "std_height": 0.85007715225219727, "count_pixels": 42, "percent_cover": 0.16225613289549934, "percent_above_0.1m": 95.238095238095227, "low_level_<0.5": 16.666666666666664, "mid_level_0.5-2": 59.523809523809526, "tall_2+": 19.047619047619047 }, "geometry": { "type": "Polygon", "coordinates": [ [ [ 0.125108339231419, 51.790544673550428 ], [ 0.125009648194843, 51.79058242753505 ], [ 0.124907579733916, 51.790548301476839 ], [ 0.124904202490044, 51.790476421514427 ], [ 0.125002893388405, 51.790438667619178 ], [ 0.125104961668853, 51.790472793596969 ], [ 0.125108339231419, 51.790544673550428 ] ] ] } },
{ "type": "Feature", "properties": { "max_height": 11.510501861572266, "mean_height": 2.8920218944549561, "std_height": 3.4075922966003418, "count_pixels": 38, "percent_cover": 0.14680316785783273, "percent_above_0.1m": 76.31578947368422, "low_level_<0.5": 7.8947368421052628, "mid_level_0.5-2": 26.315789473684209, "tall_2+": 42.105263157894733 }, "geometry": { "type": "Polygon", "coordinates": [ [ [ 0.125309098686664, 51.79054104528133 ], [ 0.125210407830565, 51.790578799432815 ], [ 0.125108339231419, 51.790544673550428 ], [ 0.125104961668853, 51.790472793596969 ], [ 0.12520365238674, 51.79043503953487 ], [ 0.125305720805405, 51.790469165336845 ], [ 0.125309098686664, 51.79054104528133 ] ] ] } },
{ "type": "Feature", "properties": { "max_height": 10.611251831054688, "mean_height": 2.8190853595733643, "std_height": 3.4647295475006104, "count_pixels": 42, "percent_cover": 0.16225613289549934, "percent_above_0.1m": 64.285714285714292, "low_level_<0.5": 2.3809523809523809, "mid_level_0.5-2": 23.809523809523807, "tall_2+": 38.095238095238095 }, "geometry": { "type": "Polygon", "coordinates": [ [ [ 0.125509858099647, 51.790537416669572 ], [ 0.125411167424027, 51.7905751709879 ], [ 0.125309098686664, 51.79054104528133 ], [ 0.125305720805405, 51.790469165336845 ], [ 0.125404411342816, 51.790431411107889 ], [ 0.125506479899695, 51.790465536734054 ], [ 0.125509858099647, 51.790537416669572 ] ] ] } },
{ "type": "Feature", "properties": { "max_height": 17.932254791259766, "mean_height": 6.9734964370727539, "std_height": 5.9838986396789551, "count_pixels": 42, "percent_cover": 0.16225613289549934, "percent_above_0.1m": 85.714285714285708, "low_level_<0.5": 0.0, "mid_level_0.5-2": 19.047619047619047, "tall_2+": 66.666666666666657 }, "geometry": { "type": "Polygon", "coordinates": [ [ [ 0.125710617470365, 51.790533787715141 ], [ 0.125611926975225, 51.790571542200333 ], [ 0.125509858099647, 51.790537416669572 ], [ 0.125506479899695, 51.790465536734054 ], [ 0.125605170256629, 51.790427782338256 ], [ 0.125707238951721, 51.79046190778859 ], [ 0.125710617470365, 51.790533787715141 ] ] ] } },
{ "type": "Feature", "properties": { "max_height": 7.4082527160644531, "mean_height": 1.5462403297424316, "std_height": 2.3105320930480957, "count_pixels": 42, "percent_cover": 0.16225613289549934, "percent_above_0.1m": 54.761904761904766, "low_level_<0.5": 14.285714285714285, "mid_level_0.5-2": 11.904761904761903, "tall_2+": 28.571428571428569 }, "geometry": { "type": "Polygon", "coordinates": [ [ [ 0.125911376798814, 51.790530158418058 ], [ 0.125812686484155, 51.790567913070085 ], [ 0.125710617470365, 51.790533787715141 ], [ 0.125707238951721, 51.79046190778859 ], [ 0.125805929128173, 51.790424153225942 ], [ 0.125907997961476, 51.790458278500466 ], [ 0.125911376798814, 51.790530158418058 ] ] ] } },
{ "type": "Feature", "properties": { "max_height": 7.4757537841796875, "mean_height": 1.7530434131622314, "std_height": 2.2767274379730225, "count_pixels": 42, "percent_cover": 0.16225613289549934, "percent_above_0.1m": 50.0, "low_level_<0.5": 2.3809523809523809, "mid_level_0.5-2": 11.904761904761903, "tall_2+": 35.714285714285715 }, "geometry": { "type": "Polygon", "coordinates": [ [ [ 0.126112136084989, 51.790526528778294 ], [ 0.126013445950814, 51.790564283597163 ], [ 0.125911376798814, 51.790530158418058 ], [ 0.125907997961476, 51.790458278500466 ], [ 0.126006687957448, 51.790420523770969 ], [ 0.126108756928959, 51.79045464886967 ], [ 0.126112136084989, 51.790526528778294 ] ] ] } },
{ "type": "Feature", "properties": { "max_height": 10.210250854492188, "mean_height": 1.8891572952270508, "std_height": 2.880784273147583, "count_pixels": 42, "percent_cover": 0.16225613289549934, "percent_above_0.1m": 47.619047619047613, "low_level_<0.5": 2.3809523809523809, "mid_level_0.5-2": 14.285714285714285, "tall_2+": 30.952380952380953 }, "geometry": { "type": "Polygon", "coordinates": [ [ [ 0.126312895328886, 51.790522898795871 ], [ 0.126214205375198, 51.79056065378159 ], [ 0.126112136084989, 51.790526528778294 ], [ 0.126108756928959, 51.79045464886967 ], [ 0.126207446744447, 51.79041689397333 ], [ 0.126309515854165, 51.790451018896206 ], [ 0.126312895328886, 51.790522898795871 ] ] ] } },
{ "type": "Feature", "properties": { "max_height": 7.0250015258789062, "mean_height": 1.3121688365936279, "std_height": 2.1375184059143066, "count_pixels": 42, "percent_cover": 0.16225613289549934, "percent_above_0.1m": 35.714285714285715, "low_level_<0.5": 2.3809523809523809, "mid_level_0.5-2": 4.7619047619047619, "tall_2+": 28.571428571428569 }, "geometry": { "type": "Polygon", "coordinates": [ [ [ 0.126513654530502, 51.790519268470753 ], [ 0.126414964757302, 51.790557023623343 ], [ 0.126312895328886, 51.790522898795871 ], [ 0.126309515854165, 51.790451018896206 ], [ 0.126408205489167, 51.790413263833017 ], [ 0.126510274737089, 51.790447388580077 ], [ 0.126513654530502, 51.790519268470753 ] ] ] } },
{ "type": "Feature", "properties": { "max_height": 0.012248992919921875, "mean_height": 0.00072788057150319219, "std_height": 0.0023943372070789337, "count_pixels": 42, "percent_cover": 0.16225613289549934, "percent_above_0.1m": 0.0, "low_level_<0.5": 0.0, "mid_level_0.5-2": 0.0, "tall_2+": 0.0 }, "geometry": { "type": "Polygon", "coordinates": [ [ [ 0.126714413689834, 51.790515637802997 ], [ 0.126615724097122, 51.790553393122423 ], [ 0.126513654530502, 51.790519268470753 ], [ 0.126510274737089, 51.790447388580077 ], [ 0.126608964191605, 51.790409633350045 ], [ 0.126711033577729, 51.790443757921288 ], [ 0.126714413689834, 51.790515637802997 ] ] ] } },
{ "type": "Feature", "properties": { "max_height": 0.05025482177734375, "mean_height": 0.0021751949097961187, "std_height": 0.0083028748631477356, "count_pixels": 42, "percent_cover": 0.16225613289549934, "percent_above_0.1m": 0.0, "low_level_<0.5": 0.0, "mid_level_0.5-2": 0.0, "tall_2+": 0.0 }, "geometry": { "type": "Polygon", "coordinates": [ [ [ 0.126915172806875, 51.790512006792568 ], [ 0.126816483394655, 51.790549762278829 ], [ 0.126714413689834, 51.790515637802997 ], [ 0.126711033577729, 51.790443757921288 ], [ 0.126809722851754, 51.790406002524399 ], [ 0.126911792376078, 51.790440126919826 ], [ 0.126915172806875, 51.790512006792568 ] ] ] } },
{ "type": "Feature", "properties": { "max_height": 2.9885025024414062, "mean_height": 0.15605108439922333, "std_height": 0.56861394643783569, "count_pixels": 41, "percent_cover": 0.15839289163608267, "percent_above_0.1m": 12.195121951219512, "low_level_<0.5": 7.3170731707317067, "mid_level_0.5-2": 0.0, "tall_2+": 4.8780487804878048 }, "geometry": { "type": "Polygon", "coordinates": [ [ [ 0.127115931881624, 51.790508375439465 ], [ 0.127017242649897, 51.790546131092576 ], [ 0.126915172806875, 51.790512006792568 ], [ 0.126911792376078, 51.790440126919826 ], [ 0.127010481469614, 51.790402371356102 ], [ 0.127112551132136, 51.790436495575705 ], [ 0.127115931881624, 51.790508375439465 ] ] ] } },
{ "type": "Feature", "properties": { "max_height": 11.030502319335938, "mean_height": 4.4787759780883789, "std_height": 3.0040748119354248, "count_pixels": 42, "percent_cover": 0.16225613289549934, "percent_above_0.1m": 85.714285714285708, "low_level_<0.5": 0.0, "mid_level_0.5-2": 7.1428571428571423, "tall_2+": 76.19047619047619 }, "geometry": { "type": "Polygon", "coordinates": [ [ [ 0.127316690914075, 51.790504743743703 ], [ 0.127218001862843, 51.790542499563664 ], [ 0.127115931881624, 51.790508375439465 ], [ 0.127112551132136, 51.790436495575705 ], [ 0.127211240045178, 51.790398739845131 ], [ 0.127313309845897, 51.790432863888924 ], [ 0.127316690914075, 51.790504743743703 ] ] ] } },
{ "type": "Feature", "properties": { "max_height": 13.054500579833984, "mean_height": 7.6151332855224609, "std_height": 3.3066112995147705, "count_pixels": 42, "percent_cover": 0.16225613289549934, "percent_above_0.1m": 97.61904761904762, "low_level_<0.5": 0.0, "mid_level_0.5-2": 2.3809523809523809, "tall_2+": 95.238095238095227 }, "geometry": { "type": "Polygon", "coordinates": [ [ [ 0.127517449904224, 51.790501111705268 ], [ 0.12741876103349, 51.790538867692078 ], [ 0.127316690914075, 51.790504743743703 ], [ 0.127313309845897, 51.790432863888924 ], [ 0.127411998578443, 51.790395107991486 ], [ 0.127514068517355, 51.790429231859456 ], [ 0.127517449904224, 51.790501111705268 ] ] ] } },
{ "type": "Feature", "properties": { "max_height": 15.564250946044922, "mean_height": 11.089537620544434, "std_height": 2.649998664855957, "count_pixels": 42, "percent_cover": 0.16225613289549934, "percent_above_0.1m": 100.0, "low_level_<0.5": 0.0, "mid_level_0.5-2": 0.0, "tall_2+": 100.0 }, "geometry": { "type": "Polygon", "coordinates": [ [ [ 0.127718208852069, 51.790497479324173 ], [ 0.127619520161833, 51.790535235477826 ], [ 0.127517449904224, 51.790501111705268 ], [ 0.127514068517355, 51.790429231859456 ], [ 0.127612757069404, 51.790391475795175 ], [ 0.127714827146509, 51.790425599487321 ], [ 0.127718208852069, 51.790497479324173 ] ] ] } },
{ "type": "Feature", "properties": { "max_height": 16.285755157470703, "mean_height": 9.2177047729492188, "std_height": 2.4008684158325195, "count_pixels": 42, "percent_cover": 0.16225613289549934, "percent_above_0.1m": 100.0, "low_level_<0.5": 0.0, "mid_level_0.5-2": 0.0, "tall_2+": 100.0 }, "geometry": { "type": "Polygon", "coordinates": [ [ [ 0.127918967757604, 51.790493846600398 ], [ 0.127820279247869, 51.790531602920908 ], [ 0.127718208852069, 51.790497479324173 ], [ 0.127714827146509, 51.790425599487321 ], [ 0.127813515518061, 51.790387843256212 ], [ 0.127915585733354, 51.790421966772541 ], [ 0.127918967757604, 51.790493846600398 ] ] ] } },
{ "type": "Feature", "properties": { "max_height": 3.6712532043457031, "mean_height": 0.67797142267227173, "std_height": 0.96705561876296997, "count_pixels": 41, "percent_cover": 0.15839289163608267, "percent_above_0.1m": 53.658536585365859, "low_level_<0.5": 19.512195121951219, "mid_level_0.5-2": 19.512195121951219, "tall_2+": 12.195121951219512 }, "geometry": { "type": "Polygon", "coordinates": [ [ [ 0.125013025619201, 51.790654307491437 ], [ 0.124914334263936, 51.790692061398587 ], [ 0.124812265622528, 51.790657935259972 ], [ 0.124808888516867, 51.790586055294625 ], [ 0.124907579733916, 51.790548301476839 ], [ 0.125009648194843, 51.79058242753505 ], [ 0.125013025619201, 51.790654307491437 ] ] ] } },
{ "type": "Feature", "properties": { "max_height": 5.73699951171875, "mean_height": 2.0593526363372803, "std_height": 1.44411301612854, "count_pixels": 42, "percent_cover": 0.16225613289549934, "percent_above_0.1m": 85.714285714285708, "low_level_<0.5": 7.1428571428571423, "mid_level_0.5-2": 23.809523809523807, "tall_2+": 54.761904761904766 }, "geometry": { "type": "Polygon", "coordinates": [ [ [ 0.125213785573617, 51.790650679380221 ], [ 0.12511509439883, 51.790688433454243 ], [ 0.125013025619201, 51.790654307491437 ], [ 0.125009648194843, 51.79058242753505 ], [ 0.125108339231419, 51.790544673550428 ], [ 0.125210407830565, 51.790578799432815 ], [ 0.125213785573617, 51.790650679380221 ] ] ] } },
{ "type": "Feature", "properties": { "max_height": 5.3942527770996094, "mean_height": 0.81820458173751831, "std_height": 1.2093888521194458, "count_pixels": 42, "percent_cover": 0.16225613289549934, "percent_above_0.1m": 47.619047619047613, "low_level_<0.5": 4.7619047619047619, "mid_level_0.5-2": 33.333333333333329, "tall_2+": 9.5238095238095237 }, "geometry": { "type": "Polygon", "coordinates": [ [ [ 0.125414545485774, 51.790647050926367 ], [ 0.125315854491465, 51.790684805167224 ], [ 0.125213785573617, 51.790650679380221 ], [ 0.125210407830565, 51.790578799432815 ], [ 0.125309098686664, 51.79054104528133 ], [ 0.125411167424027, 51.7905751709879 ], [ 0.125414545485774, 51.790647050926367 ] ] ] } },
{ "type": "Feature", "properties": { "max_height": 6.8237533569335938, "mean_height": 1.2662755250930786, "std_height": 1.9766665697097778, "count_pixels": 42, "percent_cover": 0.16225613289549934, "percent_above_0.1m": 47.619047619047613, "low_level_<0.5": 9.5238095238095237, "mid_level_0.5-2": 14.285714285714285, "tall_2+": 23.809523809523807 }, "geometry": { "type": "Polygon", "coordinates": [ [ [ 0.125615305355668, 51.790643422129818 ], [ 0.125516614541839, 51.790681176537532 ], [ 0.125414545485774, 51.790647050926367 ], [ 0.125411167424027, 51.7905751709879 ], [ 0.125509858099647, 51.790537416669572 ], [ 0.125611926975225, 51.790571542200333 ], [ 0.125615305355668, 51.790643422129818 ] ] ] } },
{ "type": "Feature", "properties": { "max_height": 12.053001403808594, "mean_height": 4.7280511856079102, "std_height": 4.3619728088378906, "count_pixels": 41, "percent_cover": 0.15839289163608267, "percent_above_0.1m": 68.292682926829272, "low_level_<0.5": 2.4390243902439024, "mid_level_0.5-2": 7.3170731707317067, "tall_2+": 58.536585365853654 }, "geometry": { "type": "Polygon", "coordinates": [ [ [ 0.125816065183293, 51.790639792990603 ], [ 0.125717374549945, 51.790677547565167 ], [ 0.125615305355668, 51.790643422129818 ], [ 0.125611926975225, 51.790571542200333 ], [ 0.125710617470365, 51.790533787715141 ], [ 0.125812686484155, 51.790567913070085 ], [ 0.125816065183293, 51.790639792990603 ] ] ] } },
{ "type": "Feature", "properties": { "max_height": 6.0630035400390625, "mean_height": 2.1745738983154297, "std_height": 1.9608073234558105, "count_pixels": 42, "percent_cover": 0.16225613289549934, "percent_above_0.1m": 76.19047619047619, "low_level_<0.5": 4.7619047619047619, "mid_level_0.5-2": 23.809523809523807, "tall_2+": 47.619047619047613 }, "geometry": { "type": "Polygon", "coordinates": [ [ [ 0.126016824968646, 51.790636163508722 ], [ 0.125918134515783, 51.790673918250128 ], [ 0.125816065183293, 51.790639792990603 ], [ 0.125812686484155, 51.790567913070085 ], [ 0.125911376798814, 51.790530158418058 ], [ 0.126013445950814, 51.790564283597163 ], [ 0.126016824968646, 51.790636163508722 ] ] ] } },
{ "type": "Feature", "properties": { "max_height": 2.93475341796875, "mean_height": 0.14499036967754364, "std_height": 0.58418089151382446, "count_pixels": 42, "percent_cover": 0.16225613289549934, "percent_above_0.1m": 11.904761904761903, "low_level_<0.5": 2.3809523809523809, "mid_level_0.5-2": 0.0, "tall_2+": 4.7619047619047619 }, "geometry": { "type": "Polygon", "coordinates": [ [ [ 0.126217584711724, 51.790632533684175 ], [ 0.126118894439346, 51.79067028859243 ], [ 0.126016824968646, 51.790636163508722 ], [ 0.126013445950814, 51.790564283597163 ], [ 0.126112136084989, 51.790526528778294 ], [ 0.126214205375198, 51.79056065378159 ], [ 0.126217584711724, 51.790632533684175 ] ] ] } },
{ "type": "Feature", "properties": { "max_height": 0.90500259399414062, "mean_height": 0.055575579404830933, "std_height": 0.17583735287189484, "count_pixels": 41, "percent_cover": 0.15839289163608267, "percent_above_0.1m": 14.634146341463413, "low_level_<0.5": 4.8780487804878048, "mid_level_0.5-2": 4.8780487804878048, "tall_2+": 0.0 }, "geometry": { "type": "Polygon", "coordinates": [ [ [ 0.126418344412521, 51.790628903516954 ], [ 0.126319654320633, 51.790666658592059 ], [ 0.126217584711724, 51.790632533684175 ], [ 0.126214205375198, 51.79056065378159 ], [ 0.126312895328886, 51.790522898795871 ], [ 0.126414964757302, 51.790557023623343 ], [ 0.126418344412521, 51.790628903516954 ] ] ] } },
{ "type": "Feature", "properties": { "max_height": 10.980503082275391, "mean_height": 1.8271691799163818, "std_height": 3.2923433780670166, "count_pixels": 42, "percent_cover": 0.16225613289549934, "percent_above_0.1m": 35.714285714285715, "low_level_<0.5": 2.3809523809523809, "mid_level_0.5-2": 9.5238095238095237, "tall_2+": 23.809523809523807 }, "geometry": { "type": "Polygon", "coordinates": [ [ [ 0.126619104071035, 51.790625273007059 ], [ 0.126520414159636, 51.790663028249028 ], [ 0.126418344412521, 51.790628903516954 ], [ 0.126414964757302, 51.790557023623343 ], [ 0.126513654530502, 51.790519268470753 ], [ 0.126615724097122, 51.790553393122423 ], [ 0.126619104071035, 51.790625273007059 ] ] ] } },
{ "type": "Feature", "properties": { "max_height": 6.3102493286132812, "mean_height": 0.33595606684684753, "std_height": 1.1196689605712891, "count_pixels": 38, "percent_cover": 0.14680316785783273, "percent_above_0.1m": 13.157894736842104, "low_level_<0.5": 0.0, "mid_level_0.5-2": 7.8947368421052628, "tall_2+": 5.2631578947368416 }, "geometry": { "type": "Polygon", "coordinates": [ [ [ 0.126819863687261, 51.790621642154498 ], [ 0.126721173956354, 51.790659397563317 ], [ 0.126619104071035, 51.790625273007059 ], [ 0.126615724097122, 51.790553393122423 ], [ 0.126714413689834, 51.790515637802997 ], [ 0.126816483394655, 51.790549762278829 ], [ 0.126819863687261, 51.790621642154498 ] ] ] } },
{ "type": "Feature", "properties": { "max_height": 9.1605033874511719, "mean_height": 3.4455678462982178, "std_height": 3.003842830657959, "count_pixels": 42, "percent_cover": 0.16225613289549934, "percent_above_0.1m": 73.80952380952381, "low_level_<0.5": 4.7619047619047619, "mid_level_0.5-2": 7.1428571428571423, "tall_2+": 61.904761904761905 }, "geometry": { "type": "Polygon", "coordinates": [ [ [ 0.127020623261197, 51.790618010959278 ], [ 0.126921933710782, 51.79065576653494 ], [ 0.126819863687261, 51.790621642154498 ], [ 0.126816483394655, 51.790549762278829 ], [ 0.126915172806875, 51.790512006792568 ], [ 0.127017242649897, 51.790546131092576 ], [ 0.127020623261197, 51.790618010959278 ] ] ] } },
{ "type": "Feature", "properties": { "max_height": 12.123252868652344, "mean_height": 6.2097640037536621, "std_height": 2.9050350189208984, "count_pixels": 42, "percent_cover": 0.16225613289549934, "percent_above_0.1m": 97.61904761904762, "low_level_<0.5": 0.0, "mid_level_0.5-2": 9.5238095238095237, "tall_2+": 88.095238095238088 }, "geometry": { "type": "Polygon", "coordinates": [ [ [ 0.127221382792836, 51.790614379421385 ], [ 0.127122693422916, 51.790652135163882 ], [ 0.127020623261197, 51.790618010959278 ], [ 0.127017242649897, 51.790546131092576 ], [ 0.127115931881624, 51.790508375439465 ], [ 0.127218001862843, 51.790542499563664 ], [ 0.127221382792836, 51.790614379421385 ] ] ] } },
{ "type": "Feature", "properties": { "max_height": 14.963752746582031, "mean_height": 7.1974081993103027, "std_height": 3.6189472675323486, "count_pixels": 42, "percent_cover": 0.16225613289549934, "percent_above_0.1m": 97.61904761904762, "low_level_<0.5": 0.0, "mid_level_0.5-2": 2.3809523809523809, "tall_2+": 95.238095238095227 }, "geometry": { "type": "Polygon", "coordinates": [ [ [ 0.127422142282175, 51.790610747540825 ], [ 0.127323453092754, 51.790648503450178 ], [ 0.127221382792836, 51.790614379421385 ], [ 0.127218001862843, 51.790542499563664 ], [ 0.127316690914075, 51.790504743743703 ], [ 0.12741876103349, 51.790538867692078 ], [ 0.127422142282175, 51.790610747540825 ] ] ] } },
{ "type": "Feature", "properties": { "max_height": 14.312252044677734, "mean_height": 8.650294303894043, "std_height": 3.3664534091949463, "count_pixels": 42, "percent_cover": 0.16225613289549934, "percent_above_0.1m": 92.857142857142861, "low_level_<0.5": 0.0, "mid_level_0.5-2": 0.0, "tall_2+": 92.857142857142861 }, "geometry": { "type": "Polygon", "coordinates": [ [ [ 0.127622901729211, 51.790607115317592 ], [ 0.127524212720288, 51.790644871393802 ], [ 0.127422142282175, 51.790610747540825 ], [ 0.12741876103349, 51.790538867692078 ], [ 0.127517449904224, 51.790501111705268 ], [ 0.127619520161833, 51.790535235477826 ], [ 0.127622901729211, 51.790607115317592 ] ] ] } },
{ "type": "Feature", "properties": { "max_height": 2.9062538146972656, "mean_height": 0.2826160192489624, "std_height": 0.66018158197402954, "count_pixels": 42, "percent_cover": 0.16225613289549934, "percent_above_0.1m": 26.190476190476193, "low_level_<0.5": 7.1428571428571423, "mid_level_0.5-2": 14.285714285714285, "tall_2+": 4.7619047619047619 }, "geometry": { "type": "Polygon", "coordinates": [ [ [ 0.124917711550084, 51.790763941357923 ], [ 0.124819019876126, 51.790801695187589 ], [ 0.124716951054239, 51.790767568968569 ], [ 0.124713574086789, 51.790695689000266 ], [ 0.124812265622528, 51.790657935259972 ], [ 0.124914334263936, 51.790692061398587 ], [ 0.124917711550084, 51.790763941357923 ] ] ] } },
{ "type": "Feature", "properties": { "max_height": 13.086002349853516, "mean_height": 5.3647341728210449, "std_height": 3.0663833618164062, "count_pixels": 42, "percent_cover": 0.16225613289549934, "percent_above_0.1m": 100.0, "low_level_<0.5": 0.0, "mid_level_0.5-2": 7.1428571428571423, "tall_2+": 92.857142857142861 }, "geometry": { "type": "Polygon", "coordinates": [ [ [ 0.125118472003674, 51.790760313404604 ], [ 0.125019780510194, 51.790798067401134 ], [ 0.124917711550084, 51.790763941357923 ], [ 0.124914334263936, 51.790692061398587 ], [ 0.125013025619201, 51.790654307491437 ], [ 0.12511509439883, 51.790688433454243 ], [ 0.125118472003674, 51.790760313404604 ] ] ] } },
{ "type": "Feature", "properties": { "max_height": 15.412002563476562, "mean_height": 9.0666475296020508, "std_height": 4.8756537437438965, "count_pixels": 38, "percent_cover": 0.14680316785783273, "percent_above_0.1m": 100.0, "low_level_<0.5": 2.6315789473684208, "mid_level_0.5-2": 13.157894736842104, "tall_2+": 84.210526315789465 }, "geometry": { "type": "Polygon", "coordinates": [ [ [ 0.125319232415007, 51.790756685108619 ], [ 0.125220541102005, 51.790794439271998 ], [ 0.125118472003674, 51.790760313404604 ], [ 0.12511509439883, 51.790688433454243 ], [ 0.125213785573617, 51.790650679380221 ], [ 0.125315854491465, 51.790684805167224 ], [ 0.125319232415007, 51.790756685108619 ] ] ] } },
{ "type": "Feature", "properties": { "max_height": 5.4817543029785156, "mean_height": 0.40822818875312805, "std_height": 0.95588976144790649, "count_pixels": 42, "percent_cover": 0.16225613289549934, "percent_above_0.1m": 45.238095238095241, "low_level_<0.5": 21.428571428571427, "mid_level_0.5-2": 11.904761904761903, "tall_2+": 4.7619047619047619 }, "geometry": { "type": "Polygon", "coordinates": [ [ [ 0.125519992784077, 51.79075305646996 ], [ 0.125421301651557, 51.790790810800203 ], [ 0.125319232415007, 51.790756685108619 ], [ 0.125315854491465, 51.790684805167224 ], [ 0.125414545485774, 51.790647050926367 ], [ 0.125516614541839, 51.790681176537532 ], [ 0.125519992784077, 51.79075305646996 ] ] ] } },
{ "type": "Feature", "properties": { "max_height": 9.9342536926269531, "mean_height": 4.4681992530822754, "std_height": 3.4945611953735352, "count_pixels": 42, "percent_cover": 0.16225613289549934, "percent_above_0.1m": 73.80952380952381, "low_level_<0.5": 2.3809523809523809, "mid_level_0.5-2": 4.7619047619047619, "tall_2+": 66.666666666666657 }, "geometry": { "type": "Polygon", "coordinates": [ [ [ 0.125720753110882, 51.790749427488635 ], [ 0.125622062158843, 51.790787181985721 ], [ 0.125519992784077, 51.79075305646996 ], [ 0.125516614541839, 51.790681176537532 ], [ 0.125615305355668, 51.790643422129818 ], [ 0.125717374549945, 51.790677547565167 ], [ 0.125720753110882, 51.790749427488635 ] ] ] } },
{ "type": "Feature", "properties": { "max_height": 11.00250244140625, "mean_height": 2.3845145702362061, "std_height": 3.424290657043457, "count_pixels": 42, "percent_cover": 0.16225613289549934, "percent_above_0.1m": 47.619047619047613, "low_level_<0.5": 4.7619047619047619, "mid_level_0.5-2": 9.5238095238095237, "tall_2+": 33.333333333333329 }, "geometry": { "type": "Polygon", "coordinates": [ [ [ 0.125921513395415, 51.790745798164636 ], [ 0.125822822623861, 51.790783552828579 ], [ 0.125720753110882, 51.790749427488635 ], [ 0.125717374549945, 51.790677547565167 ], [ 0.125816065183293, 51.790639792990603 ], [ 0.125918134515783, 51.790673918250128 ], [ 0.125921513395415, 51.790745798164636 ] ] ] } },
{ "type": "Feature", "properties": { "max_height": 0.01274871826171875, "mean_height": 0.0015135265421122313, "std_height": 0.0038226668257266283, "count_pixels": 42, "percent_cover": 0.16225613289549934, "percent_above_0.1m": 0.0, "low_level_<0.5": 0.0, "mid_level_0.5-2": 0.0, "tall_2+": 0.0 }, "geometry": { "type": "Polygon", "coordinates": [ [ [ 0.126122273637675, 51.790742168497964 ], [ 0.126023583046607, 51.790779923328756 ], [ 0.125921513395415, 51.790745798164636 ], [ 0.125918134515783, 51.790673918250128 ], [ 0.126016824968646, 51.790636163508722 ], [ 0.126118894439346, 51.79067028859243 ], [ 0.126122273637675, 51.790742168497964 ] ] ] } },
{ "type": "Feature", "properties": { "max_height": 5.5890045166015625, "mean_height": 0.65832364559173584, "std_height": 0.96991199254989624, "count_pixels": 42, "percent_cover": 0.16225613289549934, "percent_above_0.1m": 59.523809523809526, "low_level_<0.5": 9.5238095238095237, "mid_level_0.5-2": 42.857142857142854, "tall_2+": 7.1428571428571423 }, "geometry": { "type": "Polygon", "coordinates": [ [ [ 0.126323033837657, 51.790738538488618 ], [ 0.126224343427077, 51.790776293486267 ], [ 0.126122273637675, 51.790742168497964 ], [ 0.126118894439346, 51.79067028859243 ], [ 0.126217584711724, 51.790632533684175 ], [ 0.126319654320633, 51.790666658592059 ], [ 0.126323033837657, 51.790738538488618 ] ] ] } },
{ "type": "Feature", "properties": { "max_height": 11.913002014160156, "mean_height": 5.7560081481933594, "std_height": 3.8758633136749268, "count_pixels": 42, "percent_cover": 0.16225613289549934, "percent_above_0.1m": 97.61904761904762, "low_level_<0.5": 2.3809523809523809, "mid_level_0.5-2": 26.190476190476193, "tall_2+": 69.047619047619051 }, "geometry": { "type": "Polygon", "coordinates": [ [ [ 0.126523793995357, 51.790734908136614 ], [ 0.126425103765266, 51.790772663301098 ], [ 0.126323033837657, 51.790738538488618 ], [ 0.126319654320633, 51.790666658592059 ], [ 0.126418344412521, 51.790628903516954 ], [ 0.126520414159636, 51.790663028249028 ], [ 0.126523793995357, 51.790734908136614 ] ] ] } },
{ "type": "Feature", "properties": { "max_height": 11.769004821777344, "mean_height": 5.5543055534362793, "std_height": 3.7481999397277832, "count_pixels": 42, "percent_cover": 0.16225613289549934, "percent_above_0.1m": 90.476190476190482, "low_level_<0.5": 9.5238095238095237, "mid_level_0.5-2": 11.904761904761903, "tall_2+": 69.047619047619051 }, "geometry": { "type": "Polygon", "coordinates": [ [ [ 0.12672455411077, 51.790731277441935 ], [ 0.126625864061172, 51.790769032773277 ], [ 0.126523793995357, 51.790734908136614 ], [ 0.126520414159636, 51.790663028249028 ], [ 0.126619104071035, 51.790625273007059 ], [ 0.126721173956354, 51.790659397563317 ], [ 0.12672455411077, 51.790731277441935 ] ] ] } },
{ "type": "Feature", "properties": { "max_height": 14.091255187988281, "mean_height": 6.4121208190917969, "std_height": 3.6236708164215088, "count_pixels": 42, "percent_cover": 0.16225613289549934, "percent_above_0.1m": 95.238095238095227, "low_level_<0.5": 0.0, "mid_level_0.5-2": 7.1428571428571423, "tall_2+": 88.095238095238088 }, "geometry": { "type": "Polygon", "coordinates": [ [ [ 0.126925314183893, 51.790727646404584 ], [ 0.126826624314789, 51.790765401902775 ], [ 0.12672455411077, 51.790731277441935 ], [ 0.126721173956354, 51.790659397563317 ], [ 0.126819863687261, 51.790621642154498 ], [ 0.126921933710782, 51.79065576653494 ], [ 0.126925314183893, 51.790727646404584 ] ] ] } },
{ "type": "Feature", "properties": { "max_height": 18.082252502441406, "mean_height": 9.2441911697387695, "std_height": 3.858170747756958, "count_pixels": 41, "percent_cover": 0.15839289163608267, "percent_above_0.1m": 100.0, "low_level_<0.5": 0.0, "mid_level_0.5-2": 0.0, "tall_2+": 100.0 }, "geometry": { "type": "Polygon", "coordinates": [ [ [ 0.127126074214723, 51.790724015024566 ], [ 0.127027384526114, 51.790761770689606 ], [ 0.126925314183893, 51.790727646404584 ], [ 0.126921933710782, 51.79065576653494 ], [ 0.127020623261197, 51.790618010959278 ], [ 0.127122693422916, 51.790652135163882 ], [ 0.127126074214723, 51.790724015024566 ] ] ] } },
{ "type": "Feature", "properties": { "max_height": 14.346000671386719, "mean_height": 8.312591552734375, "std_height": 4.5377278327941895, "count_pixels": 42, "percent_cover": 0.16225613289549934, "percent_above_0.1m": 90.476190476190482, "low_level_<0.5": 0.0, "mid_level_0.5-2": 7.1428571428571423, "tall_2+": 83.333333333333343 }, "geometry": { "type": "Polygon", "coordinates": [ [ [ 0.127326834203255, 51.790720383301874 ], [ 0.127228144695143, 51.790758139133757 ], [ 0.127126074214723, 51.790724015024566 ], [ 0.127122693422916, 51.790652135163882 ], [ 0.127221382792836, 51.790614379421385 ], [ 0.127323453092754, 51.790648503450178 ], [ 0.127326834203255, 51.790720383301874 ] ] ] } },
{ "type": "Feature", "properties": { "max_height": 13.186748504638672, "mean_height": 2.6413290500640869, "std_height": 4.4942774772644043, "count_pixels": 42, "percent_cover": 0.16225613289549934, "percent_above_0.1m": 33.333333333333329, "low_level_<0.5": 2.3809523809523809, "mid_level_0.5-2": 2.3809523809523809, "tall_2+": 28.571428571428569 }, "geometry": { "type": "Polygon", "coordinates": [ [ [ 0.127527594149484, 51.790716751236516 ], [ 0.127428904821872, 51.790754507235249 ], [ 0.127326834203255, 51.790720383301874 ], [ 0.127323453092754, 51.790648503450178 ], [ 0.127422142282175, 51.790610747540825 ], [ 0.127524212720288, 51.790644871393802 ], [ 0.127527594149484, 51.790716751236516 ] ] ] } },
{ "type": "Feature", "properties": { "max_height": 0.38975143432617188, "mean_height": 0.042758215218782425, "std_height": 0.093442469835281372, "count_pixels": 42, "percent_cover": 0.16225613289549934, "percent_above_0.1m": 16.666666666666664, "low_level_<0.5": 14.285714285714285, "mid_level_0.5-2": 0.0, "tall_2+": 0.0 }, "geometry": { "type": "Polygon", "coordinates": [ [ [ 0.124822397024063, 51.790873575149881 ], [ 0.124723705031412, 51.790911328902084 ], [ 0.124621636029043, 51.790877202602644 ], [ 0.124618259199806, 51.790805322631385 ], [ 0.124716951054239, 51.790767568968569 ], [ 0.124819019876126, 51.790801695187589 ], [ 0.124822397024063, 51.790873575149881 ] ] ] } },
{ "type": "Feature", "properties": { "max_height": 4.0717544555664062, "mean_height": 0.2919042706489563, "std_height": 0.79593974351882935, "count_pixels": 41, "percent_cover": 0.15839289163608267, "percent_above_0.1m": 21.951219512195124, "low_level_<0.5": 9.7560975609756095, "mid_level_0.5-2": 4.8780487804878048, "tall_2+": 7.3170731707317067 }, "geometry": { "type": "Polygon", "coordinates": [ [ [ 0.12502315797683, 51.790869947354466 ], [ 0.124924466164655, 51.790907701273511 ], [ 0.124822397024063, 51.790873575149881 ], [ 0.124819019876126, 51.790801695187589 ], [ 0.124917711550084, 51.790763941357923 ], [ 0.125019780510194, 51.790798067401134 ], [ 0.12502315797683, 51.790869947354466 ] ] ] } },
{ "type": "Feature", "properties": { "max_height": 14.278255462646484, "mean_height": 4.8199906349182129, "std_height": 5.2972602844238281, "count_pixels": 42, "percent_cover": 0.16225613289549934, "percent_above_0.1m": 69.047619047619051, "low_level_<0.5": 7.1428571428571423, "mid_level_0.5-2": 14.285714285714285, "tall_2+": 47.619047619047613 }, "geometry": { "type": "Polygon", "coordinates": [ [ [ 0.12522391888734, 51.790866319216349 ], [ 0.125125227255645, 51.790904073302265 ], [ 0.12502315797683, 51.790869947354466 ], [ 0.125019780510194, 51.790798067401134 ], [ 0.125118472003674, 51.790760313404604 ], [ 0.125220541102005, 51.790794439271998 ], [ 0.12522391888734, 51.790866319216349 ] ] ] } },
{ "type": "Feature", "properties": { "max_height": 11.790252685546875, "mean_height": 6.8200445175170898, "std_height": 3.1348006725311279, "count_pixels": 42, "percent_cover": 0.16225613289549934, "percent_above_0.1m": 100.0, "low_level_<0.5": 2.3809523809523809, "mid_level_0.5-2": 4.7619047619047619, "tall_2+": 92.857142857142861 }, "geometry": { "type": "Polygon", "coordinates": [ [ [ 0.125424679755591, 51.790862690735587 ], [ 0.125325988304376, 51.790900444988353 ], [ 0.12522391888734, 51.790866319216349 ], [ 0.125220541102005, 51.790794439271998 ], [ 0.125319232415007, 51.790756685108619 ], [ 0.125421301651557, 51.790790810800203 ], [ 0.125424679755591, 51.790862690735587 ] ] ] } },
{ "type": "Feature", "properties": { "max_height": 11.163002014160156, "mean_height": 6.9623775482177734, "std_height": 2.9891860485076904, "count_pixels": 42, "percent_cover": 0.16225613289549934, "percent_above_0.1m": 97.61904761904762, "low_level_<0.5": 0.0, "mid_level_0.5-2": 7.1428571428571423, "tall_2+": 90.476190476190482 }, "geometry": { "type": "Polygon", "coordinates": [ [ [ 0.125625440581576, 51.790859061912144 ], [ 0.125526749310844, 51.79089681633176 ], [ 0.125424679755591, 51.790862690735587 ], [ 0.125421301651557, 51.790790810800203 ], [ 0.125519992784077, 51.79075305646996 ], [ 0.125622062158843, 51.790787181985721 ], [ 0.125625440581576, 51.790859061912144 ] ] ] } },
{ "type": "Feature", "properties": { "max_height": 12.228504180908203, "mean_height": 6.524106502532959, "std_height": 3.4318141937255859, "count_pixels": 41, "percent_cover": 0.15839289163608267, "percent_above_0.1m": 97.560975609756099, "low_level_<0.5": 0.0, "mid_level_0.5-2": 14.634146341463413, "tall_2+": 82.926829268292678 }, "geometry": { "type": "Polygon", "coordinates": [ [ [ 0.125826201365292, 51.790855432746028 ], [ 0.125727510275046, 51.7908931873325 ], [ 0.125625440581576, 51.790859061912144 ], [ 0.125622062158843, 51.790787181985721 ], [ 0.125720753110882, 51.790749427488635 ], [ 0.125822822623861, 51.790783552828579 ], [ 0.125826201365292, 51.790855432746028 ] ] ] } },
{ "type": "Feature", "properties": { "max_height": 9.7865028381347656, "mean_height": 4.7587881088256836, "std_height": 2.8210077285766602, "count_pixels": 42, "percent_cover": 0.16225613289549934, "percent_above_0.1m": 97.61904761904762, "low_level_<0.5": 4.7619047619047619, "mid_level_0.5-2": 16.666666666666664, "tall_2+": 76.19047619047619 }, "geometry": { "type": "Polygon", "coordinates": [ [ [ 0.126026962106737, 51.790851803237231 ], [ 0.125928271196977, 51.790889557990567 ], [ 0.125826201365292, 51.790855432746028 ], [ 0.125822822623861, 51.790783552828579 ], [ 0.125921513395415, 51.790745798164636 ], [ 0.126023583046607, 51.790779923328756 ], [ 0.126026962106737, 51.790851803237231 ] ] ] } },
{ "type": "Feature", "properties": { "max_height": 7.9615020751953125, "mean_height": 3.5648534297943115, "std_height": 3.0411069393157959, "count_pixels": 42, "percent_cover": 0.16225613289549934, "percent_above_0.1m": 78.571428571428569, "low_level_<0.5": 9.5238095238095237, "mid_level_0.5-2": 4.7619047619047619, "tall_2+": 61.904761904761905 }, "geometry": { "type": "Polygon", "coordinates": [ [ [ 0.126227722805905, 51.790848173385783 ], [ 0.126129032076633, 51.790885928305961 ], [ 0.126026962106737, 51.790851803237231 ], [ 0.126023583046607, 51.790779923328756 ], [ 0.126122273637675, 51.790742168497964 ], [ 0.126224343427077, 51.790776293486267 ], [ 0.126227722805905, 51.790848173385783 ] ] ] } },
{ "type": "Feature", "properties": { "max_height": 7.1017494201660156, "mean_height": 2.0549533367156982, "std_height": 2.43064284324646, "count_pixels": 41, "percent_cover": 0.15839289163608267, "percent_above_0.1m": 75.609756097560975, "low_level_<0.5": 19.512195121951219, "mid_level_0.5-2": 24.390243902439025, "tall_2+": 31.707317073170731 }, "geometry": { "type": "Polygon", "coordinates": [ [ [ 0.126428483462792, 51.790844543191646 ], [ 0.12632979291401, 51.790882298278675 ], [ 0.126227722805905, 51.790848173385783 ], [ 0.126224343427077, 51.790776293486267 ], [ 0.126323033837657, 51.790738538488618 ], [ 0.126425103765266, 51.790772663301098 ], [ 0.126428483462792, 51.790844543191646 ] ] ] } },
{ "type": "Feature", "properties": { "max_height": 12.6510009765625, "mean_height": 6.6352648735046387, "std_height": 3.0347657203674316, "count_pixels": 42, "percent_cover": 0.16225613289549934, "percent_above_0.1m": 97.61904761904762, "low_level_<0.5": 0.0, "mid_level_0.5-2": 2.3809523809523809, "tall_2+": 95.238095238095227 }, "geometry": { "type": "Polygon", "coordinates": [ [ [ 0.126629244077396, 51.790840912654843 ], [ 0.126530553709106, 51.790878667908721 ], [ 0.126428483462792, 51.790844543191646 ], [ 0.126425103765266, 51.790772663301098 ], [ 0.126523793995357, 51.790734908136614 ], [ 0.126625864061172, 51.790769032773277 ], [ 0.126629244077396, 51.790840912654843 ] ] ] } },
{ "type": "Feature", "properties": { "max_height": 14.484500885009766, "mean_height": 6.251765251159668, "std_height": 3.9025359153747559, "count_pixels": 38, "percent_cover": 0.14680316785783273, "percent_above_0.1m": 97.368421052631575, "low_level_<0.5": 0.0, "mid_level_0.5-2": 18.421052631578945, "tall_2+": 78.94736842105263 }, "geometry": { "type": "Polygon", "coordinates": [ [ [ 0.12683000464971, 51.790837281775374 ], [ 0.126731314461914, 51.790875037196109 ], [ 0.126629244077396, 51.790840912654843 ], [ 0.126625864061172, 51.790769032773277 ], [ 0.12672455411077, 51.790731277441935 ], [ 0.126826624314789, 51.790765401902775 ], [ 0.12683000464971, 51.790837281775374 ] ] ] } },
{ "type": "Feature", "properties": { "max_height": 16.987506866455078, "mean_height": 10.142168998718262, "std_height": 3.7283527851104736, "count_pixels": 42, "percent_cover": 0.16225613289549934, "percent_above_0.1m": 100.0, "low_level_<0.5": 2.3809523809523809, "mid_level_0.5-2": 0.0, "tall_2+": 97.61904761904762 }, "geometry": { "type": "Polygon", "coordinates": [ [ [ 0.127030765179733, 51.790833650553239 ], [ 0.126932075172432, 51.790871406140795 ], [ 0.12683000464971, 51.790837281775374 ], [ 0.126826624314789, 51.790765401902775 ], [ 0.126925314183893, 51.790727646404584 ], [ 0.127027384526114, 51.790761770689606 ], [ 0.127030765179733, 51.790833650553239 ] ] ] } },
{ "type": "Feature", "properties": { "max_height": 9.2620010375976562, "mean_height": 3.5582165718078613, "std_height": 2.6154265403747559, "count_pixels": 42, "percent_cover": 0.16225613289549934, "percent_above_0.1m": 95.238095238095227, "low_level_<0.5": 7.1428571428571423, "mid_level_0.5-2": 21.428571428571427, "tall_2+": 66.666666666666657 }, "geometry": { "type": "Polygon", "coordinates": [ [ [ 0.127231525667459, 51.790830018988416 ], [ 0.127132835840656, 51.790867774742836 ], [ 0.127030765179733, 51.790833650553239 ], [ 0.127027384526114, 51.790761770689606 ], [ 0.127126074214723, 51.790724015024566 ], [ 0.127228144695143, 51.790758139133757 ], [ 0.127231525667459, 51.790830018988416 ] ] ] } },
{ "type": "Feature", "properties": { "max_height": 5.0027542114257812, "mean_height": 0.64667439460754395, "std_height": 1.23652184009552, "count_pixels": 42, "percent_cover": 0.16225613289549934, "percent_above_0.1m": 40.476190476190474, "low_level_<0.5": 11.904761904761903, "mid_level_0.5-2": 11.904761904761903, "tall_2+": 14.285714285714285 }, "geometry": { "type": "Polygon", "coordinates": [ [ [ 0.124727082041134, 51.790983208867303 ], [ 0.124628389729786, 51.791020962542028 ], [ 0.124526320546937, 51.790986836162169 ], [ 0.124522943855916, 51.790914956187983 ], [ 0.124621636029043, 51.790877202602644 ], [ 0.124723705031412, 51.790911328902084 ], [ 0.124727082041134, 51.790983208867303 ] ] ] } },
{ "type": "Feature", "properties": { "max_height": 4.8875007629394531, "mean_height": 0.57850790023803711, "std_height": 1.2088227272033691, "count_pixels": 42, "percent_cover": 0.16225613289549934, "percent_above_0.1m": 30.952380952380953, "low_level_<0.5": 4.7619047619047619, "mid_level_0.5-2": 7.1428571428571423, "tall_2+": 14.285714285714285 }, "geometry": { "type": "Polygon", "coordinates": [ [ [ 0.12492784349308, 51.790979581229763 ], [ 0.124829151362209, 51.791017335071352 ], [ 0.124727082041134, 51.790983208867303 ], [ 0.124723705031412, 51.790911328902084 ], [ 0.124822397024063, 51.790873575149881 ], [ 0.124924466164655, 51.790907701273511 ], [ 0.12492784349308, 51.790979581229763 ] ] ] } },
{ "type": "Feature", "properties": { "max_height": 6.4182548522949219, "mean_height": 1.4283056259155273, "std_height": 1.0856901407241821, "count_pixels": 42, "percent_cover": 0.16225613289549934, "percent_above_0.1m": 97.61904761904762, "low_level_<0.5": 4.7619047619047619, "mid_level_0.5-2": 76.19047619047619, "tall_2+": 14.285714285714285 }, "geometry": { "type": "Polygon", "coordinates": [ [ [ 0.12512860490277, 51.790975953249557 ], [ 0.125029912952379, 51.791013707257989 ], [ 0.12492784349308, 51.790979581229763 ], [ 0.124924466164655, 51.790907701273511 ], [ 0.12502315797683, 51.790869947354466 ], [ 0.125125227255645, 51.790904073302265 ], [ 0.12512860490277, 51.790975953249557 ] ] ] } },
{ "type": "Feature", "properties": { "max_height": 12.638004302978516, "mean_height": 7.0366940498352051, "std_height": 3.7958810329437256, "count_pixels": 38, "percent_cover": 0.14680316785783273, "percent_above_0.1m": 86.842105263157904, "low_level_<0.5": 0.0, "mid_level_0.5-2": 2.6315789473684208, "tall_2+": 84.210526315789465 }, "geometry": { "type": "Polygon", "coordinates": [ [ [ 0.125329366270203, 51.79097232492667 ], [ 0.125230674500292, 51.791010079101959 ], [ 0.12512860490277, 51.790975953249557 ], [ 0.125125227255645, 51.790904073302265 ], [ 0.12522391888734, 51.790866319216349 ], [ 0.125325988304376, 51.790900444988353 ], [ 0.125329366270203, 51.79097232492667 ] ] ] } },
{ "type": "Feature", "properties": { "max_height": 11.771999359130859, "mean_height": 6.5513772964477539, "std_height": 2.6458666324615479, "count_pixels": 42, "percent_cover": 0.16225613289549934, "percent_above_0.1m": 100.0, "low_level_<0.5": 0.0, "mid_level_0.5-2": 0.0, "tall_2+": 100.0 }, "geometry": { "type": "Polygon", "coordinates": [ [ [ 0.125530127595371, 51.790968696261103 ], [ 0.125431436005944, 51.791006450603248 ], [ 0.125329366270203, 51.79097232492667 ], [ 0.125325988304376, 51.790900444988353 ], [ 0.125424679755591, 51.790862690735587 ], [ 0.125526749310844, 51.79089681633176 ], [ 0.125530127595371, 51.790968696261103 ] ] ] } },
{ "type": "Feature", "properties": { "max_height": 12.307754516601562, "mean_height": 8.9496517181396484, "std_height": 3.1261818408966064, "count_pixels": 42, "percent_cover": 0.16225613289549934, "percent_above_0.1m": 100.0, "low_level_<0.5": 2.3809523809523809, "mid_level_0.5-2": 7.1428571428571423, "tall_2+": 90.476190476190482 }, "geometry": { "type": "Polygon", "coordinates": [ [ [ 0.125730888878274, 51.790965067252884 ], [ 0.125632197469331, 51.791002821761879 ], [ 0.125530127595371, 51.790968696261103 ], [ 0.125526749310844, 51.79089681633176 ], [ 0.125625440581576, 51.790859061912144 ], [ 0.125727510275046, 51.7908931873325 ], [ 0.125730888878274, 51.790965067252884 ] ] ] } },
{ "type": "Feature", "properties": { "max_height": 12.024501800537109, "mean_height": 6.0601692199707031, "std_height": 3.8951835632324219, "count_pixels": 42, "percent_cover": 0.16225613289549934, "percent_above_0.1m": 92.857142857142861, "low_level_<0.5": 0.0, "mid_level_0.5-2": 16.666666666666664, "tall_2+": 76.19047619047619 }, "geometry": { "type": "Polygon", "coordinates": [ [ [ 0.125931650118905, 51.790961437901977 ], [ 0.12583295889045, 51.790999192577829 ], [ 0.125730888878274, 51.790965067252884 ], [ 0.125727510275046, 51.7908931873325 ], [ 0.125826201365292, 51.790855432746028 ], [ 0.125928271196977, 51.790889557990567 ], [ 0.125931650118905, 51.790961437901977 ] ] ] } },
{ "type": "Feature", "properties": { "max_height": 11.253753662109375, "mean_height": 4.9731926918029785, "std_height": 3.176008939743042, "count_pixels": 42, "percent_cover": 0.16225613289549934, "percent_above_0.1m": 92.857142857142861, "low_level_<0.5": 2.3809523809523809, "mid_level_0.5-2": 11.904761904761903, "tall_2+": 78.571428571428569 }, "geometry": { "type": "Polygon", "coordinates": [ [ [ 0.126132411317262, 51.790957808208411 ], [ 0.126033720269295, 51.790995563051105 ], [ 0.125931650118905, 51.790961437901977 ], [ 0.125928271196977, 51.790889557990567 ], [ 0.126026962106737, 51.790851803237231 ], [ 0.126129032076633, 51.790885928305961 ], [ 0.126132411317262, 51.790957808208411 ] ] ] } },
{ "type": "Feature", "properties": { "max_height": 9.8815040588378906, "mean_height": 6.6866636276245117, "std_height": 2.1792736053466797, "count_pixels": 42, "percent_cover": 0.16225613289549934, "percent_above_0.1m": 100.0, "low_level_<0.5": 0.0, "mid_level_0.5-2": 4.7619047619047619, "tall_2+": 95.238095238095227 }, "geometry": { "type": "Polygon", "coordinates": [ [ [ 0.126333172473339, 51.790954178172157 ], [ 0.126234481605862, 51.790991933181708 ], [ 0.126132411317262, 51.790957808208411 ], [ 0.126129032076633, 51.790885928305961 ], [ 0.126227722805905, 51.790848173385783 ], [ 0.12632979291401, 51.790882298278675 ], [ 0.126333172473339, 51.790954178172157 ] ] ] } },
{ "type": "Feature", "properties": { "max_height": 11.536003112792969, "mean_height": 5.1118950843811035, "std_height": 2.5384721755981445, "count_pixels": 42, "percent_cover": 0.16225613289549934, "percent_above_0.1m": 97.61904761904762, "low_level_<0.5": 0.0, "mid_level_0.5-2": 14.285714285714285, "tall_2+": 83.333333333333343 }, "geometry": { "type": "Polygon", "coordinates": [ [ [ 0.126533933587134, 51.79095054779323 ], [ 0.12643524290015, 51.790988302969637 ], [ 0.126333172473339, 51.790954178172157 ], [ 0.12632979291401, 51.790882298278675 ], [ 0.126428483462792, 51.790844543191646 ], [ 0.126530553709106, 51.790878667908721 ], [ 0.126533933587134, 51.79095054779323 ] ] ] } },
{ "type": "Feature", "properties": { "max_height": 15.584751129150391, "mean_height": 7.6031575202941895, "std_height": 3.9660704135894775, "count_pixels": 42, "percent_cover": 0.16225613289549934, "percent_above_0.1m": 100.0, "low_level_<0.5": 2.3809523809523809, "mid_level_0.5-2": 9.5238095238095237, "tall_2+": 88.095238095238088 }, "geometry": { "type": "Polygon", "coordinates": [ [ [ 0.126734694658642, 51.790946917071643 ], [ 0.126636004152152, 51.790984672414886 ], [ 0.126533933587134, 51.79095054779323 ], [ 0.126530553709106, 51.790878667908721 ], [ 0.126629244077396, 51.790840912654843 ], [ 0.126731314461914, 51.790875037196109 ], [ 0.126734694658642, 51.790946917071643 ] ] ] } },
{ "type": "Feature", "properties": { "max_height": 14.478500366210938, "mean_height": 6.2219724655151367, "std_height": 5.1122536659240723, "count_pixels": 42, "percent_cover": 0.16225613289549934, "percent_above_0.1m": 80.952380952380949, "low_level_<0.5": 9.5238095238095237, "mid_level_0.5-2": 4.7619047619047619, "tall_2+": 66.666666666666657 }, "geometry": { "type": "Polygon", "coordinates": [ [ [ 0.126935455687859, 51.790943286007362 ], [ 0.126836765361866, 51.79098104151749 ], [ 0.126734694658642, 51.790946917071643 ], [ 0.126731314461914, 51.790875037196109 ], [ 0.12683000464971, 51.790837281775374 ], [ 0.126932075172432, 51.790871406140795 ], [ 0.126935455687859, 51.790943286007362 ] ] ] } },
{ "type": "Feature", "properties": { "max_height": 2.6237525939941406, "mean_height": 0.14037050306797028, "std_height": 0.43484938144683838, "count_pixels": 42, "percent_cover": 0.16225613289549934, "percent_above_0.1m": 19.047619047619047, "low_level_<0.5": 7.1428571428571423, "mid_level_0.5-2": 7.1428571428571423, "tall_2+": 2.3809523809523809 }, "geometry": { "type": "Polygon", "coordinates": [ [ [ 0.124631766601293, 51.791092842510196 ], [ 0.124533073971248, 51.791130596107458 ], [ 0.124431004607917, 51.791096469647165 ], [ 0.124427628055114, 51.791024589670037 ], [ 0.124526320546937, 51.790986836162169 ], [ 0.124628389729786, 51.791020962542028 ], [ 0.124631766601293, 51.791092842510196 ] ] ] } },
{ "type": "Feature", "properties": { "max_height": 7.4992523193359375, "mean_height": 2.7185139656066895, "std_height": 1.8289438486099243, "count_pixels": 42, "percent_cover": 0.16225613289549934, "percent_above_0.1m": 85.714285714285708, "low_level_<0.5": 0.0, "mid_level_0.5-2": 23.809523809523807, "tall_2+": 61.904761904761905 }, "geometry": { "type": "Polygon", "coordinates": [ [ [ 0.124832528552421, 51.79108921503056 ], [ 0.124733836102852, 51.791126968794664 ], [ 0.124631766601293, 51.791092842510196 ], [ 0.124628389729786, 51.791020962542028 ], [ 0.124727082041134, 51.790983208867303 ], [ 0.124829151362209, 51.791017335071352 ], [ 0.124832528552421, 51.79108921503056 ] ] ] } },
{ "type": "Feature", "properties": { "max_height": 8.7102508544921875, "mean_height": 1.5933310985565186, "std_height": 2.3389263153076172, "count_pixels": 41, "percent_cover": 0.15839289163608267, "percent_above_0.1m": 51.219512195121951, "low_level_<0.5": 12.195121951219512, "mid_level_0.5-2": 2.4390243902439024, "tall_2+": 34.146341463414636 }, "geometry": { "type": "Polygon", "coordinates": [ [ [ 0.125033290461294, 51.791085587208229 ], [ 0.124934598192205, 51.791123341139205 ], [ 0.124832528552421, 51.79108921503056 ], [ 0.124829151362209, 51.791017335071352 ], [ 0.12492784349308, 51.790979581229763 ], [ 0.125029912952379, 51.791013707257989 ], [ 0.125033290461294, 51.791085587208229 ] ] ] } },
{ "type": "Feature", "properties": { "max_height": 12.985000610351562, "mean_height": 9.5388412475585938, "std_height": 2.0604438781738281, "count_pixels": 42, "percent_cover": 0.16225613289549934, "percent_above_0.1m": 100.0, "low_level_<0.5": 0.0, "mid_level_0.5-2": 2.3809523809523809, "tall_2+": 97.61904761904762 }, "geometry": { "type": "Polygon", "coordinates": [ [ [ 0.12523405232791, 51.79108195904324 ], [ 0.125135360239303, 51.791119713141072 ], [ 0.125033290461294, 51.791085587208229 ], [ 0.125029912952379, 51.791013707257989 ], [ 0.12512860490277, 51.790975953249557 ], [ 0.125230674500292, 51.791010079101959 ], [ 0.12523405232791, 51.79108195904324 ] ] ] } },
{ "type": "Feature", "properties": { "max_height": 11.504001617431641, "mean_height": 2.3737881183624268, "std_height": 3.4846065044403076, "count_pixels": 42, "percent_cover": 0.16225613289549934, "percent_above_0.1m": 59.523809523809526, "low_level_<0.5": 9.5238095238095237, "mid_level_0.5-2": 14.285714285714285, "tall_2+": 33.333333333333329 }, "geometry": { "type": "Polygon", "coordinates": [ [ [ 0.125434814152265, 51.791078330535569 ], [ 0.125336122244141, 51.791116084800251 ], [ 0.12523405232791, 51.79108195904324 ], [ 0.125230674500292, 51.791010079101959 ], [ 0.125329366270203, 51.79097232492667 ], [ 0.125431436005944, 51.791006450603248 ], [ 0.125434814152265, 51.791078330535569 ] ] ] } },
{ "type": "Feature", "properties": { "max_height": 10.107254028320312, "mean_height": 4.6590380668640137, "std_height": 3.3483073711395264, "count_pixels": 41, "percent_cover": 0.15839289163608267, "percent_above_0.1m": 80.487804878048792, "low_level_<0.5": 4.8780487804878048, "mid_level_0.5-2": 4.8780487804878048, "tall_2+": 70.731707317073173 }, "geometry": { "type": "Polygon", "coordinates": [ [ [ 0.125836337674175, 51.791071072492201 ], [ 0.125737646127023, 51.791108827090589 ], [ 0.125635575934355, 51.791074701685218 ], [ 0.125632197469331, 51.791002821761879 ], [ 0.125730888878274, 51.790965067252884 ], [ 0.12583295889045, 51.790999192577829 ], [ 0.125836337674175, 51.791071072492201 ] ] ] } },
{ "type": "Feature", "properties": { "max_height": 13.231754302978516, "mean_height": 8.5238008499145508, "std_height": 3.1911938190460205, "count_pixels": 42, "percent_cover": 0.16225613289549934, "percent_above_0.1m": 100.0, "low_level_<0.5": 0.0, "mid_level_0.5-2": 4.7619047619047619, "tall_2+": 95.238095238095227 }, "geometry": { "type": "Polygon", "coordinates": [ [ [ 0.126237861026993, 51.791063813078154 ], [ 0.12613916984082, 51.791101568010241 ], [ 0.126037099371723, 51.791067442956525 ], [ 0.126033720269295, 51.790995563051105 ], [ 0.126132411317262, 51.790957808208411 ], [ 0.126234481605862, 51.790991933181708 ], [ 0.126237861026993, 51.791063813078154 ] ] ] } },
{ "type": "Feature", "properties": { "max_height": 11.529499053955078, "mean_height": 7.0628008842468262, "std_height": 2.4118075370788574, "count_pixels": 41, "percent_cover": 0.15839289163608267, "percent_above_0.1m": 100.0, "low_level_<0.5": 0.0, "mid_level_0.5-2": 0.0, "tall_2+": 100.0 }, "geometry": { "type": "Polygon", "coordinates": [ [ [ 0.126438622639982, 51.791060182857109 ], [ 0.126339931634302, 51.791097937956046 ], [ 0.126237861026993, 51.791063813078154 ], [ 0.126234481605862, 51.790991933181708 ], [ 0.126333172473339, 51.790954178172157 ], [ 0.12643524290015, 51.790988302969637 ], [ 0.126438622639982, 51.791060182857109 ] ] ] } },
{ "type": "Feature", "properties": { "max_height": 7.9625053405761719, "mean_height": 2.6242043972015381, "std_height": 3.0035519599914551, "count_pixels": 42, "percent_cover": 0.16225613289549934, "percent_above_0.1m": 59.523809523809526, "low_level_<0.5": 9.5238095238095237, "mid_level_0.5-2": 4.7619047619047619, "tall_2+": 42.857142857142854 }, "geometry": { "type": "Polygon", "coordinates": [ [ [ 0.126639384210686, 51.791056552293391 ], [ 0.1265406933855, 51.791094307559177 ], [ 0.126438622639982, 51.791060182857109 ], [ 0.12643524290015, 51.790988302969637 ], [ 0.126533933587134, 51.79095054779323 ], [ 0.126636004152152, 51.790984672414886 ], [ 0.126639384210686, 51.791056552293391 ] ] ] } },
{ "type": "Feature", "properties": { "max_height": 5.1559982299804688, "mean_height": 1.0209603309631348, "std_height": 1.6924781799316406, "count_pixels": 42, "percent_cover": 0.16225613289549934, "percent_above_0.1m": 33.333333333333329, "low_level_<0.5": 2.3809523809523809, "mid_level_0.5-2": 7.1428571428571423, "tall_2+": 23.809523809523807 }, "geometry": { "type": "Polygon", "coordinates": [ [ [ 0.124737213154848, 51.791198848756814 ], [ 0.124638520386579, 51.791236602443441 ], [ 0.124536450704537, 51.791202476078546 ], [ 0.124533073971248, 51.791130596107458 ], [ 0.124631766601293, 51.791092842510196 ], [ 0.124733836102852, 51.791126968794664 ], [ 0.124737213154848, 51.791198848756814 ] ] ] } },
{ "type": "Feature", "properties": { "max_height": 10.611003875732422, "mean_height": 4.8345208168029785, "std_height": 3.3967480659484863, "count_pixels": 42, "percent_cover": 0.16225613289549934, "percent_above_0.1m": 83.333333333333343, "low_level_<0.5": 0.0, "mid_level_0.5-2": 7.1428571428571423, "tall_2+": 73.80952380952381 }, "geometry": { "type": "Polygon", "coordinates": [ [ [ 0.124937975562906, 51.791195221092373 ], [ 0.124839282975117, 51.791232974945864 ], [ 0.124737213154848, 51.791198848756814 ], [ 0.124733836102852, 51.791126968794664 ], [ 0.124832528552421, 51.79108921503056 ], [ 0.124934598192205, 51.791123341139205 ], [ 0.124937975562906, 51.791195221092373 ] ] ] } },
{ "type": "Feature", "properties": { "max_height": 11.37225341796875, "mean_height": 8.169795036315918, "std_height": 2.2673511505126953, "count_pixels": 42, "percent_cover": 0.16225613289549934, "percent_above_0.1m": 100.0, "low_level_<0.5": 0.0, "mid_level_0.5-2": 0.0, "tall_2+": 100.0 }, "geometry": { "type": "Polygon", "coordinates": [ [ [ 0.125138737928709, 51.79119159308528 ], [ 0.125040045521401, 51.791229347105613 ], [ 0.124937975562906, 51.791195221092373 ], [ 0.124934598192205, 51.791123341139205 ], [ 0.125033290461294, 51.791085587208229 ], [ 0.125135360239303, 51.791119713141072 ], [ 0.125138737928709, 51.79119159308528 ] ] ] } },
{ "type": "Feature", "properties": { "max_height": 9.5112495422363281, "mean_height": 2.1825809478759766, "std_height": 3.078117847442627, "count_pixels": 38, "percent_cover": 0.14680316785783273, "percent_above_0.1m": 47.368421052631575, "low_level_<0.5": 5.2631578947368416, "mid_level_0.5-2": 7.8947368421052628, "tall_2+": 34.210526315789473 }, "geometry": { "type": "Polygon", "coordinates": [ [ [ 0.125339500252253, 51.791187964735499 ], [ 0.125240808025428, 51.791225718922689 ], [ 0.125138737928709, 51.79119159308528 ], [ 0.125135360239303, 51.791119713141072 ], [ 0.12523405232791, 51.79108195904324 ], [ 0.125336122244141, 51.791116084800251 ], [ 0.125339500252253, 51.791187964735499 ] ] ] } },
{ "type": "Feature", "properties": { "max_height": 11.714504241943359, "mean_height": 3.9554305076599121, "std_height": 4.167060375213623, "count_pixels": 42, "percent_cover": 0.16225613289549934, "percent_above_0.1m": 57.142857142857139, "low_level_<0.5": 4.7619047619047619, "mid_level_0.5-2": 2.3809523809523809, "tall_2+": 50.0 }, "geometry": { "type": "Polygon", "coordinates": [ [ [ 0.126343311235936, 51.791169817846452 ], [ 0.126244619911557, 51.791207572867918 ], [ 0.12614254912375, 51.791173447909614 ], [ 0.12613916984082, 51.791101568010241 ], [ 0.126237861026993, 51.791063813078154 ], [ 0.126339931634302, 51.791097937956046 ], [ 0.126343311235936, 51.791169817846452 ] ] ] } },
{ "type": "Feature", "properties": { "max_height": 5.9847526550292969, "mean_height": 0.29497838020324707, "std_height": 1.0496574640274048, "count_pixels": 42, "percent_cover": 0.16225613289549934, "percent_above_0.1m": 14.285714285714285, "low_level_<0.5": 4.7619047619047619, "mid_level_0.5-2": 2.3809523809523809, "tall_2+": 7.1428571428571423 }, "geometry": { "type": "Polygon", "coordinates": [ [ [ 0.126544073305838, 51.791166187440616 ], [ 0.126445382161953, 51.79120394262894 ], [ 0.126343311235936, 51.791169817846452 ], [ 0.126339931634302, 51.791097937956046 ], [ 0.126438622639982, 51.791060182857109 ], [ 0.1265406933855, 51.791094307559177 ], [ 0.126544073305838, 51.791166187440616 ] ] ] } },
{ "type": "Feature", "properties": { "max_height": 4.4415016174316406, "mean_height": 0.39497220516204834, "std_height": 1.0456540584564209, "count_pixels": 42, "percent_cover": 0.16225613289549934, "percent_above_0.1m": 19.047619047619047, "low_level_<0.5": 4.7619047619047619, "mid_level_0.5-2": 4.7619047619047619, "tall_2+": 9.5238095238095237 }, "geometry": { "type": "Polygon", "coordinates": [ [ [ 0.124842660207604, 51.791304854901988 ], [ 0.124743967301112, 51.791342608677994 ], [ 0.124641897300357, 51.791308482408525 ], [ 0.124638520386579, 51.791236602443441 ], [ 0.124737213154848, 51.791198848756814 ], [ 0.124839282975117, 51.791232974945864 ], [ 0.124842660207604, 51.791304854901988 ] ] ] } },
{ "type": "Feature", "properties": { "max_height": 13.700252532958984, "mean_height": 9.6641607284545898, "std_height": 2.5527992248535156, "count_pixels": 41, "percent_cover": 0.15839289163608267, "percent_above_0.1m": 100.0, "low_level_<0.5": 0.0, "mid_level_0.5-2": 0.0, "tall_2+": 100.0 }, "geometry": { "type": "Polygon", "coordinates": [ [ [ 0.125043423072595, 51.79130122705277 ], [ 0.124944730346586, 51.791338980995654 ], [ 0.124842660207604, 51.791304854901988 ], [ 0.124839282975117, 51.791232974945864 ], [ 0.124937975562906, 51.791195221092373 ], [ 0.125040045521401, 51.791229347105613 ], [ 0.125043423072595, 51.79130122705277 ] ] ] } },
{ "type": "Feature", "properties": { "max_height": 9.2897529602050781, "mean_height": 4.3507938385009766, "std_height": 3.5496716499328613, "count_pixels": 42, "percent_cover": 0.16225613289549934, "percent_above_0.1m": 76.19047619047619, "low_level_<0.5": 2.3809523809523809, "mid_level_0.5-2": 11.904761904761903, "tall_2+": 59.523809523809526 }, "geometry": { "type": "Polygon", "coordinates": [ [ [ 0.125244185895329, 51.791297598860893 ], [ 0.125145493349803, 51.791335352970606 ], [ 0.125043423072595, 51.79130122705277 ], [ 0.125040045521401, 51.791229347105613 ], [ 0.125138737928709, 51.79119159308528 ], [ 0.125240808025428, 51.791225718922689 ], [ 0.125244185895329, 51.791297598860893 ] ] ] } },
{ "type": "Feature", "properties": { "max_height": 6.6010017395019531, "mean_height": 0.66632318496704102, "std_height": 1.7605298757553101, "count_pixels": 42, "percent_cover": 0.16225613289549934, "percent_above_0.1m": 19.047619047619047, "low_level_<0.5": 0.0, "mid_level_0.5-2": 7.1428571428571423, "tall_2+": 11.904761904761903 }, "geometry": { "type": "Polygon", "coordinates": [ [ [ 0.125148871081492, 51.791407232911752 ], [ 0.125050178217263, 51.791444986944015 ], [ 0.124948107759565, 51.791410860945746 ], [ 0.124944730346586, 51.791338980995654 ], [ 0.125043423072595, 51.79130122705277 ], [ 0.125145493349803, 51.791335352970606 ], [ 0.125148871081492, 51.791407232911752 ] ] ] } }
]
}
