{
"type": "FeatureCollection",
"name": "993790e4051d_foliage",
"crs": { "type": "name", "properties": { "name": "urn:ogc:def:crs:OGC:1.3:CRS84" } },
"features": [
{ "type": "Feature", "properties": { "max_height": 14.114500045776367, "mean_height": 2.9783787727355957, "std_height": 4.224940299987793, "count_pixels": 41, "percent_cover": 0.050571706980129021, "percent_above_0.1m": 68.292682926829272, "low_level_<0.5": 9.7560975609756095, "mid_level_0.5-2": 26.829268292682929, "tall_2+": 31.707317073170731 }, "geometry": { "type": "Polygon", "coordinates": [ [ [ -3.497531319203616, 50.697394497936152 ], [ -3.49763052932217, 50.697429198376987 ], [ -3.49772744724296, 50.697391979954887 ], [ -3.49772515490196, 50.697320061168362 ], [ -3.497625944955823, 50.697285360815933 ], [ -3.49752902717827, 50.697322579161636 ], [ -3.497531319203616, 50.697394497936152 ] ] ] } },
{ "type": "Feature", "properties": { "max_height": 15.127001762390137, "mean_height": 8.8786001205444336, "std_height": 4.0030760765075684, "count_pixels": 43, "percent_cover": 0.053038619515745074, "percent_above_0.1m": 97.674418604651152, "low_level_<0.5": 0.0, "mid_level_0.5-2": 6.9767441860465116, "tall_2+": 90.697674418604649 }, "geometry": { "type": "Polygon", "coordinates": [ [ [ -3.497335191135085, 50.697397015586233 ], [ -3.497434401110406, 50.697431716186657 ], [ -3.497531319203615, 50.697394497936152 ], [ -3.497529027178269, 50.697322579161636 ], [ -3.497429817375364, 50.697287878649625 ], [ -3.49733289942539, 50.697325096823718 ], [ -3.497335191135085, 50.697397015586233 ] ] ] } },
{ "type": "Feature", "properties": { "max_height": 1.6727514266967773, "mean_height": 0.23197141289710999, "std_height": 0.41412448883056641, "count_pixels": 43, "percent_cover": 0.053038619515745074, "percent_above_0.1m": 32.558139534883722, "low_level_<0.5": 11.627906976744185, "mid_level_0.5-2": 18.604651162790699, "tall_2+": 0.0 }, "geometry": { "type": "Polygon", "coordinates": [ [ [ -3.497139063037369, 50.697399532905131 ], [ -3.497238272869454, 50.697434233665135 ], [ -3.497335191135084, 50.697397015586233 ], [ -3.497332899425389, 50.697325096823718 ], [ -3.497233689765718, 50.69729039615212 ], [ -3.497136771643328, 50.697327614154631 ], [ -3.497139063037369, 50.697399532905131 ] ] ] } },
{ "type": "Feature", "properties": { "max_height": 4.3052501678466797, "mean_height": 1.394605278968811, "std_height": 1.1780716180801392, "count_pixels": 43, "percent_cover": 0.053038619515745074, "percent_above_0.1m": 88.372093023255815, "low_level_<0.5": 9.3023255813953494, "mid_level_0.5-2": 46.511627906976742, "tall_2+": 27.906976744186046 }, "geometry": { "type": "Polygon", "coordinates": [ [ [ -3.497632821519932, 50.697501117156705 ], [ -3.497732031954137, 50.697535817526365 ], [ -3.497828950018161, 50.697498599027867 ], [ -3.497826657504746, 50.697426680236134 ], [ -3.497727447242961, 50.697391979954887 ], [ -3.497630529322171, 50.697429198376987 ], [ -3.497632821519932, 50.697501117156705 ] ] ] } },
{ "type": "Feature", "properties": { "max_height": 13.774001121520996, "mean_height": 3.8207933902740479, "std_height": 4.8018379211425781, "count_pixels": 41, "percent_cover": 0.050571706980129021, "percent_above_0.1m": 56.09756097560976, "low_level_<0.5": 4.8780487804878048, "mid_level_0.5-2": 7.3170731707317067, "tall_2+": 43.902439024390247 }, "geometry": { "type": "Polygon", "coordinates": [ [ [ -3.497436692992512, 50.697503634954373 ], [ -3.497535903283484, 50.6975383354836 ], [ -3.497632821519931, 50.697501117156705 ], [ -3.49763052932217, 50.697429198376987 ], [ -3.497531319203616, 50.697394497936152 ], [ -3.497434401110407, 50.697431716186657 ], [ -3.497436692992512, 50.697503634954373 ] ] ] } },
{ "type": "Feature", "properties": { "max_height": 5.7195014953613281, "mean_height": 0.16692136228084564, "std_height": 0.88133513927459717, "count_pixels": 41, "percent_cover": 0.050571706980129021, "percent_above_0.1m": 14.634146341463413, "low_level_<0.5": 9.7560975609756095, "mid_level_0.5-2": 0.0, "tall_2+": 2.4390243902439024 }, "geometry": { "type": "Polygon", "coordinates": [ [ [ -3.497240564435907, 50.697506152420836 ], [ -3.497339774583644, 50.697540853109665 ], [ -3.497436692992511, 50.697503634954373 ], [ -3.497434401110406, 50.697431716186657 ], [ -3.497335191135085, 50.697397015586233 ], [ -3.497238272869455, 50.697434233665135 ], [ -3.497240564435907, 50.697506152420836 ] ] ] } },
{ "type": "Feature", "properties": { "max_height": 1.2732505798339844, "mean_height": 0.20033590495586395, "std_height": 0.36873263120651245, "count_pixels": 41, "percent_cover": 0.050571706980129021, "percent_above_0.1m": 31.707317073170731, "low_level_<0.5": 17.073170731707318, "mid_level_0.5-2": 14.634146341463413, "tall_2+": 0.0 }, "geometry": { "type": "Polygon", "coordinates": [ [ [ -3.497044435850119, 50.697508669556115 ], [ -3.497143645854618, 50.697543370404532 ], [ -3.497240564435906, 50.697506152420836 ], [ -3.497238272869454, 50.697434233665135 ], [ -3.497139063037369, 50.697399532905131 ], [ -3.497042144599323, 50.697436750812436 ], [ -3.497044435850119, 50.697508669556115 ] ] ] } },
{ "type": "Feature", "properties": { "max_height": 7.1725006103515625, "mean_height": 0.94879931211471558, "std_height": 1.4178986549377441, "count_pixels": 41, "percent_cover": 0.050571706980129021, "percent_above_0.1m": 65.853658536585371, "low_level_<0.5": 17.073170731707318, "mid_level_0.5-2": 31.707317073170731, "tall_2+": 9.7560975609756095 }, "geometry": { "type": "Polygon", "coordinates": [ [ [ -3.497734324324313, 50.697607736311291 ], [ -3.497833535074171, 50.697642436609748 ], [ -3.49793045328143, 50.697605218034873 ], [ -3.497928160595597, 50.697533299237932 ], [ -3.497828950018161, 50.697498599027867 ], [ -3.497732031954137, 50.697535817526365 ], [ -3.497734324324313, 50.697607736311291 ] ] ] } },
{ "type": "Feature", "properties": { "max_height": 0.00550079345703125, "mean_height": 0.00024446626775898039, "std_height": 0.0013984667602926493, "count_pixels": 41, "percent_cover": 0.050571706980129021, "percent_above_0.1m": 0.0, "low_level_<0.5": 0.0, "mid_level_0.5-2": 0.0, "tall_2+": 0.0 }, "geometry": { "type": "Polygon", "coordinates": [ [ [ -3.497538195338004, 50.697610254256531 ], [ -3.497637405944628, 50.697644954714562 ], [ -3.497734324324312, 50.697607736311291 ], [ -3.497732031954136, 50.697535817526365 ], [ -3.497632821519931, 50.697501117156705 ], [ -3.497535903283484, 50.6975383354836 ], [ -3.497538195338004, 50.697610254256531 ] ] ] } },
{ "type": "Feature", "properties": { "max_height": 0.001750946044921875, "mean_height": -0.00031338180997408926, "std_height": 0.0011728155659511685, "count_pixels": 43, "percent_cover": 0.053038619515745074, "percent_above_0.1m": 0.0, "low_level_<0.5": 0.0, "mid_level_0.5-2": 0.0, "tall_2+": 0.0 }, "geometry": { "type": "Polygon", "coordinates": [ [ [ -3.497342066322507, 50.697612771870567 ], [ -3.497441276785895, 50.697647472488192 ], [ -3.497538195338003, 50.697610254256531 ], [ -3.497535903283484, 50.6975383354836 ], [ -3.497436692992511, 50.697503634954373 ], [ -3.497339774583644, 50.697540853109665 ], [ -3.497342066322507, 50.697612771870567 ] ] ] } },
{ "type": "Feature", "properties": { "max_height": 0.000751495361328125, "mean_height": -0.00095877534477040172, "std_height": 0.0025828985963016748, "count_pixels": 43, "percent_cover": 0.053038619515745074, "percent_above_0.1m": 0.0, "low_level_<0.5": 0.0, "mid_level_0.5-2": 0.0, "tall_2+": 0.0 }, "geometry": { "type": "Polygon", "coordinates": [ [ [ -3.497145937277825, 50.697615289153426 ], [ -3.497245147597977, 50.697649989930646 ], [ -3.497342066322506, 50.697612771870567 ], [ -3.497339774583643, 50.697540853109665 ], [ -3.497240564435906, 50.697506152420836 ], [ -3.497143645854618, 50.697543370404532 ], [ -3.497145937277825, 50.697615289153426 ] ] ] } },
{ "type": "Feature", "properties": { "max_height": 1.3230009078979492, "mean_height": 0.24002687633037567, "std_height": 0.40389981865882874, "count_pixels": 38, "percent_cover": 0.046871338176704948, "percent_above_0.1m": 31.578947368421051, "low_level_<0.5": 5.2631578947368416, "mid_level_0.5-2": 23.684210526315788, "tall_2+": 0.0 }, "geometry": { "type": "Polygon", "coordinates": [ [ [ -3.496949808203963, 50.697617806105093 ], [ -3.497049018380876, 50.697652507041902 ], [ -3.497145937277825, 50.697615289153426 ], [ -3.497143645854618, 50.697543370404532 ], [ -3.497044435850118, 50.697508669556115 ], [ -3.496947517096413, 50.697545887368214 ], [ -3.496949808203963, 50.697617806105093 ] ] ] } },
{ "type": "Feature", "properties": { "max_height": 7.5085000991821289, "mean_height": 2.485640287399292, "std_height": 2.2726612091064453, "count_pixels": 43, "percent_cover": 0.053038619515745074, "percent_above_0.1m": 83.720930232558146, "low_level_<0.5": 11.627906976744185, "mid_level_0.5-2": 23.255813953488371, "tall_2+": 46.511627906976742 }, "geometry": { "type": "Polygon", "coordinates": [ [ [ -3.498031957032771, 50.697711836975877 ], [ -3.498131168241513, 50.697746537043564 ], [ -3.498228086419579, 50.697709318220681 ], [ -3.49822579324567, 50.697637399406538 ], [ -3.498126582209351, 50.697602699427264 ], [ -3.49802966417452, 50.697639918173735 ], [ -3.498031957032771, 50.697711836975877 ] ] ] } },
{ "type": "Feature", "properties": { "max_height": 4.4345006942749023, "mean_height": 0.52269828319549561, "std_height": 0.90466248989105225, "count_pixels": 43, "percent_cover": 0.053038619515745074, "percent_above_0.1m": 37.209302325581397, "low_level_<0.5": 2.3255813953488373, "mid_level_0.5-2": 27.906976744186046, "tall_2+": 6.9767441860465116 }, "geometry": { "type": "Polygon", "coordinates": [ [ [ -3.497835827616765, 50.697714355399881 ], [ -3.497935038682277, 50.697749055627156 ], [ -3.498031957032771, 50.697711836975877 ], [ -3.498029664174519, 50.697639918173735 ], [ -3.497930453281431, 50.697605218034873 ], [ -3.497833535074171, 50.697642436609748 ], [ -3.497835827616765, 50.697714355399881 ] ] ] } },
{ "type": "Feature", "properties": { "max_height": 0.00075054168701171875, "mean_height": -0.00022604299010708928, "std_height": 0.00081918976502493024, "count_pixels": 43, "percent_cover": 0.053038619515745074, "percent_above_0.1m": 0.0, "low_level_<0.5": 0.0, "mid_level_0.5-2": 0.0, "tall_2+": 0.0 }, "geometry": { "type": "Polygon", "coordinates": [ [ [ -3.497639698171565, 50.697716873492681 ], [ -3.497738909093844, 50.69775157387955 ], [ -3.497835827616764, 50.697714355399881 ], [ -3.497833535074171, 50.697642436609748 ], [ -3.497734324324313, 50.697607736311291 ], [ -3.497637405944629, 50.697644954714562 ], [ -3.497639698171565, 50.697716873492681 ] ] ] } },
{ "type": "Feature", "properties": { "max_height": 0.011500358581542969, "mean_height": 1.2769931345246732e-05, "std_height": 0.0021342127583920956, "count_pixels": 41, "percent_cover": 0.050571706980129021, "percent_above_0.1m": 0.0, "low_level_<0.5": 0.0, "mid_level_0.5-2": 0.0, "tall_2+": 0.0 }, "geometry": { "type": "Polygon", "coordinates": [ [ [ -3.497443568697174, 50.69771939125431 ], [ -3.497542779476218, 50.697754091800753 ], [ -3.497639698171564, 50.697716873492681 ], [ -3.497637405944628, 50.697644954714562 ], [ -3.497538195338004, 50.697610254256531 ], [ -3.497441276785897, 50.697647472488192 ], [ -3.497443568697174, 50.69771939125431 ] ] ] } },
{ "type": "Feature", "properties": { "max_height": 0.008251190185546875, "mean_height": 0.00054943270515650511, "std_height": 0.0024459655396640301, "count_pixels": 41, "percent_cover": 0.050571706980129021, "percent_above_0.1m": 0.0, "low_level_<0.5": 0.0, "mid_level_0.5-2": 0.0, "tall_2+": 0.0 }, "geometry": { "type": "Polygon", "coordinates": [ [ [ -3.497247439193597, 50.697721908684748 ], [ -3.497346649829403, 50.697756609390773 ], [ -3.497443568697173, 50.69771939125431 ], [ -3.497441276785895, 50.697647472488192 ], [ -3.497342066322507, 50.697612771870567 ], [ -3.497245147597978, 50.697649989930646 ], [ -3.497247439193597, 50.697721908684748 ] ] ] } },
{ "type": "Feature", "properties": { "max_height": 1.4100008010864258, "mean_height": 0.036695782095193863, "std_height": 0.21784012019634247, "count_pixels": 41, "percent_cover": 0.050571706980129021, "percent_above_0.1m": 4.8780487804878048, "low_level_<0.5": 0.0, "mid_level_0.5-2": 2.4390243902439024, "tall_2+": 0.0 }, "geometry": { "type": "Polygon", "coordinates": [ [ [ -3.497051309660837, 50.697724425783989 ], [ -3.497150520153405, 50.697759126649622 ], [ -3.497247439193596, 50.697721908684748 ], [ -3.497245147597977, 50.697649989930646 ], [ -3.497145937277825, 50.697615289153426 ], [ -3.497049018380877, 50.697652507041902 ], [ -3.497051309660837, 50.697724425783989 ] ] ] } },
{ "type": "Feature", "properties": { "max_height": 1.8937511444091797, "mean_height": 0.23717130720615387, "std_height": 0.4616858959197998, "count_pixels": 41, "percent_cover": 0.050571706980129021, "percent_above_0.1m": 29.268292682926827, "low_level_<0.5": 12.195121951219512, "mid_level_0.5-2": 17.073170731707318, "tall_2+": 0.0 }, "geometry": { "type": "Polygon", "coordinates": [ [ [ -3.496855180098899, 50.697726942552045 ], [ -3.496954390448226, 50.697761643577259 ], [ -3.497051309660836, 50.697724425783989 ], [ -3.497049018380876, 50.697652507041902 ], [ -3.496949808203963, 50.697617806105093 ], [ -3.496852889134598, 50.697655023821966 ], [ -3.496855180098899, 50.697726942552045 ] ] ] } },
{ "type": "Feature", "properties": { "max_height": 1.7852506637573242, "mean_height": 0.11042755097150803, "std_height": 0.36356788873672485, "count_pixels": 41, "percent_cover": 0.050571706980129021, "percent_above_0.1m": 12.195121951219512, "low_level_<0.5": 4.8780487804878048, "mid_level_0.5-2": 7.3170731707317067, "tall_2+": 0.0 }, "geometry": { "type": "Polygon", "coordinates": [ [ [ -3.496659050507786, 50.69772945898891 ], [ -3.49675826071387, 50.697764160173712 ], [ -3.496855180098899, 50.697726942552045 ], [ -3.496852889134597, 50.697655023821966 ], [ -3.496753679100926, 50.697620322725577 ], [ -3.496656759859144, 50.69765754027086 ], [ -3.496659050507786, 50.69772945898891 ] ] ] } },
{ "type": "Feature", "properties": { "max_height": 6.4470005035400391, "mean_height": 2.0698421001434326, "std_height": 2.0427472591400146, "count_pixels": 41, "percent_cover": 0.050571706980129021, "percent_above_0.1m": 82.926829268292678, "low_level_<0.5": 17.073170731707318, "mid_level_0.5-2": 24.390243902439025, "tall_2+": 41.463414634146339 }, "geometry": { "type": "Polygon", "coordinates": [ [ [ -3.498329591117884, 50.697815936948132 ], [ -3.498428802785511, 50.697850636785041 ], [ -3.498525720934376, 50.697813417714187 ], [ -3.498523427272383, 50.697741498882813 ], [ -3.498424215777185, 50.697706799134323 ], [ -3.498327297771551, 50.697744018128788 ], [ -3.498329591117884, 50.697815936948132 ] ] ] } },
{ "type": "Feature", "properties": { "max_height": 3.6647510528564453, "mean_height": 0.46211659908294678, "std_height": 0.84783416986465454, "count_pixels": 41, "percent_cover": 0.050571706980129021, "percent_above_0.1m": 31.707317073170731, "low_level_<0.5": 4.8780487804878048, "mid_level_0.5-2": 19.512195121951219, "tall_2+": 7.3170731707317067 }, "geometry": { "type": "Polygon", "coordinates": [ [ [ -3.498133461272187, 50.697818455850914 ], [ -3.498232672796586, 50.69785315584739 ], [ -3.498329591117883, 50.697815936948132 ], [ -3.49832729777155, 50.697744018128788 ], [ -3.498228086419579, 50.697709318220681 ], [ -3.498131168241513, 50.697746537043564 ], [ -3.498133461272187, 50.697818455850914 ] ] ] } },
{ "type": "Feature", "properties": { "max_height": 3.993250846862793, "mean_height": 0.12475679069757462, "std_height": 0.62154889106750488, "count_pixels": 41, "percent_cover": 0.050571706980129021, "percent_above_0.1m": 9.7560975609756095, "low_level_<0.5": 2.4390243902439024, "mid_level_0.5-2": 2.4390243902439024, "tall_2+": 2.4390243902439024 }, "geometry": { "type": "Polygon", "coordinates": [ [ [ -3.497937331397291, 50.697820974422491 ], [ -3.498036542778458, 50.697855674578577 ], [ -3.498133461272186, 50.697818455850914 ], [ -3.498131168241513, 50.697746537043564 ], [ -3.498031957032771, 50.697711836975877 ], [ -3.497935038682277, 50.697749055627156 ], [ -3.497937331397291, 50.697820974422491 ] ] ] } },
{ "type": "Feature", "properties": { "max_height": 0.015501022338867188, "mean_height": 6.7664353991858661e-05, "std_height": 0.0030822367407381535, "count_pixels": 41, "percent_cover": 0.050571706980129021, "percent_above_0.1m": 0.0, "low_level_<0.5": 0.0, "mid_level_0.5-2": 0.0, "tall_2+": 0.0 }, "geometry": { "type": "Polygon", "coordinates": [ [ [ -3.497741201493197, 50.697823492662884 ], [ -3.497840412731132, 50.697858192978543 ], [ -3.49793733139729, 50.697820974422491 ], [ -3.497935038682276, 50.697749055627156 ], [ -3.497835827616764, 50.697714355399881 ], [ -3.497738909093844, 50.69775157387955 ], [ -3.497741201493197, 50.697823492662884 ] ] ] } },
{ "type": "Feature", "properties": { "max_height": 0.00075054168701171875, "mean_height": -0.00021278567146509886, "std_height": 0.00082723906962200999, "count_pixels": 41, "percent_cover": 0.050571706980129021, "percent_above_0.1m": 0.0, "low_level_<0.5": 0.0, "mid_level_0.5-2": 0.0, "tall_2+": 0.0 }, "geometry": { "type": "Polygon", "coordinates": [ [ [ -3.497545071559911, 50.697826010572086 ], [ -3.497644282654611, 50.69786071104734 ], [ -3.497741201493196, 50.697823492662884 ], [ -3.497738909093843, 50.69775157387955 ], [ -3.497639698171564, 50.697716873492681 ], [ -3.497542779476218, 50.697754091800753 ], [ -3.497545071559911, 50.697826010572086 ] ] ] } },
{ "type": "Feature", "properties": { "max_height": 0.002750396728515625, "mean_height": -0.00084817130118608475, "std_height": 0.0018964952323585749, "count_pixels": 43, "percent_cover": 0.053038619515745074, "percent_above_0.1m": 0.0, "low_level_<0.5": 0.0, "mid_level_0.5-2": 0.0, "tall_2+": 0.0 }, "geometry": { "type": "Polygon", "coordinates": [ [ [ -3.497348941597437, 50.69782852815009 ], [ -3.497448152548901, 50.697863228784946 ], [ -3.49754507155991, 50.697826010572086 ], [ -3.497542779476216, 50.697754091800753 ], [ -3.497443568697173, 50.69771939125431 ], [ -3.497346649829403, 50.697756609390773 ], [ -3.497348941597437, 50.69782852815009 ] ] ] } },
{ "type": "Feature", "properties": { "max_height": 0.0227508544921875, "mean_height": 0.0022796809207648039, "std_height": 0.0065845130011439323, "count_pixels": 43, "percent_cover": 0.053038619515745074, "percent_above_0.1m": 0.0, "low_level_<0.5": 0.0, "mid_level_0.5-2": 0.0, "tall_2+": 0.0 }, "geometry": { "type": "Polygon", "coordinates": [ [ [ -3.497152811605778, 50.69783104539691 ], [ -3.497252022414002, 50.697865746191347 ], [ -3.497348941597436, 50.69782852815009 ], [ -3.497346649829403, 50.697756609390773 ], [ -3.497247439193596, 50.697721908684748 ], [ -3.497150520153405, 50.697759126649622 ], [ -3.497152811605778, 50.69783104539691 ] ] ] } },
{ "type": "Feature", "properties": { "max_height": 0.72049999237060547, "mean_height": 0.04671761766076088, "std_height": 0.14783215522766113, "count_pixels": 38, "percent_cover": 0.046871338176704948, "percent_above_0.1m": 10.526315789473683, "low_level_<0.5": 5.2631578947368416, "mid_level_0.5-2": 2.6315789473684208, "tall_2+": 0.0 }, "geometry": { "type": "Polygon", "coordinates": [ [ [ -3.496956681584939, 50.697833562312546 ], [ -3.497055892249922, 50.697868263266564 ], [ -3.497152811605778, 50.69783104539691 ], [ -3.497150520153404, 50.697759126649622 ], [ -3.497051309660836, 50.697724425783989 ], [ -3.496954390448226, 50.697761643577259 ], [ -3.496956681584939, 50.697833562312546 ] ] ] } },
{ "type": "Feature", "properties": { "max_height": 1.5992507934570312, "mean_height": 0.093925051391124725, "std_height": 0.35107627511024475, "count_pixels": 43, "percent_cover": 0.053038619515745074, "percent_above_0.1m": 6.9767441860465116, "low_level_<0.5": 0.0, "mid_level_0.5-2": 6.9767441860465116, "tall_2+": 0.0 }, "geometry": { "type": "Polygon", "coordinates": [ [ [ -3.496760551534922, 50.697836078896984 ], [ -3.496859762056662, 50.697870780010589 ], [ -3.496956681584938, 50.697833562312546 ], [ -3.496954390448225, 50.697761643577259 ], [ -3.496855180098899, 50.697726942552045 ], [ -3.49675826071387, 50.697764160173712 ], [ -3.496760551534922, 50.697836078896984 ] ] ] } },
{ "type": "Feature", "properties": { "max_height": 2.2257499694824219, "mean_height": 0.3450179398059845, "std_height": 0.60492932796478271, "count_pixels": 43, "percent_cover": 0.053038619515745074, "percent_above_0.1m": 30.232558139534881, "low_level_<0.5": 0.0, "mid_level_0.5-2": 23.255813953488371, "tall_2+": 4.6511627906976747 }, "geometry": { "type": "Polygon", "coordinates": [ [ [ -3.496564421455732, 50.697838595150237 ], [ -3.496663631834228, 50.697873296423438 ], [ -3.496760551534921, 50.697836078896984 ], [ -3.496758260713869, 50.697764160173712 ], [ -3.496659050507786, 50.69772945898891 ], [ -3.496562130950342, 50.697766676438981 ], [ -3.496564421455732, 50.697838595150237 ] ] ] } },
{ "type": "Feature", "properties": { "max_height": 2.7105007171630859, "mean_height": 0.60084205865859985, "std_height": 0.72182315587997437, "count_pixels": 41, "percent_cover": 0.050571706980129021, "percent_above_0.1m": 70.731707317073173, "low_level_<0.5": 17.073170731707318, "mid_level_0.5-2": 34.146341463414636, "tall_2+": 7.3170731707317067 }, "geometry": { "type": "Polygon", "coordinates": [ [ [ -3.500000137689213, 50.697902391283861 ], [ -3.500099350818253, 50.6979370897728 ], [ -3.500196267730802, 50.69789986925278 ], [ -3.500193971371098, 50.697827950320182 ], [ -3.500094758414504, 50.697793251919627 ], [ -3.499997841645168, 50.697830472363265 ], [ -3.500000137689213, 50.697902391283861 ] ] ] } },
{ "type": "Feature", "properties": { "max_height": 2.8950004577636719, "mean_height": 1.2315127849578857, "std_height": 1.0360056161880493, "count_pixels": 41, "percent_cover": 0.050571706980129021, "percent_above_0.1m": 75.609756097560975, "low_level_<0.5": 4.8780487804878048, "mid_level_0.5-2": 34.146341463414636, "tall_2+": 29.268292682926827 }, "geometry": { "type": "Polygon", "coordinates": [ [ [ -3.499804007618385, 50.697904912983752 ], [ -3.499903220604212, 50.6979396116323 ], [ -3.500000137689212, 50.697902391283861 ], [ -3.499997841645167, 50.697830472363265 ], [ -3.499898628831784, 50.697795773803115 ], [ -3.499801711890001, 50.697832994075164 ], [ -3.499804007618385, 50.697904912983752 ] ] ] } },
{ "type": "Feature", "properties": { "max_height": 3.983001708984375, "mean_height": 0.95878559350967407, "std_height": 1.1957165002822876, "count_pixels": 43, "percent_cover": 0.053038619515745074, "percent_above_0.1m": 60.465116279069761, "low_level_<0.5": 18.604651162790699, "mid_level_0.5-2": 18.604651162790699, "tall_2+": 23.255813953488371 }, "geometry": { "type": "Polygon", "coordinates": [ [ [ -3.49843109630427, 50.697922555609601 ], [ -3.498530308287555, 50.697957255375307 ], [ -3.498627226579649, 50.697920036228048 ], [ -3.49862493274523, 50.697848117391487 ], [ -3.498525720934377, 50.697813417714187 ], [ -3.498428802785512, 50.697850636785041 ], [ -3.49843109630427, 50.697922555609601 ] ] ] } },
{ "type": "Feature", "properties": { "max_height": 0.24175071716308594, "mean_height": 0.0063296118751168251, "std_height": 0.038712430745363235, "count_pixels": 38, "percent_cover": 0.046871338176704948, "percent_above_0.1m": 2.6315789473684208, "low_level_<0.5": 2.6315789473684208, "mid_level_0.5-2": 0.0, "tall_2+": 0.0 }, "geometry": { "type": "Polygon", "coordinates": [ [ [ -3.498234965999683, 50.697925074659949 ], [ -3.498334177839739, 50.69795977458525 ], [ -3.498431096304269, 50.697922555609601 ], [ -3.498428802785511, 50.697850636785041 ], [ -3.498329591117884, 50.697815936948132 ], [ -3.498232672796586, 50.69785315584739 ], [ -3.498234965999683, 50.697925074659949 ] ] ] } },
{ "type": "Feature", "properties": { "max_height": 0.0090007781982421875, "mean_height": 7.0394475187640637e-05, "std_height": 0.0015988659579306841, "count_pixels": 43, "percent_cover": 0.053038619515745074, "percent_above_0.1m": 0.0, "low_level_<0.5": 0.0, "mid_level_0.5-2": 0.0, "tall_2+": 0.0 }, "geometry": { "type": "Polygon", "coordinates": [ [ [ -3.498038835665894, 50.697927593379106 ], [ -3.498138047362719, 50.697962293464009 ], [ -3.498234965999682, 50.697925074659949 ], [ -3.498232672796586, 50.69785315584739 ], [ -3.498133461272187, 50.697818455850914 ], [ -3.498036542778458, 50.697855674578577 ], [ -3.498038835665894, 50.697927593379106 ] ] ] } },
{ "type": "Feature", "properties": { "max_height": 0.000751495361328125, "mean_height": -1.6966530893114395e-05, "std_height": 0.0005293439025990665, "count_pixels": 43, "percent_cover": 0.053038619515745074, "percent_above_0.1m": 0.0, "low_level_<0.5": 0.0, "mid_level_0.5-2": 0.0, "tall_2+": 0.0 }, "geometry": { "type": "Polygon", "coordinates": [ [ [ -3.497842705302906, 50.697930111767079 ], [ -3.497941916856499, 50.697964812011563 ], [ -3.498038835665893, 50.697927593379106 ], [ -3.498036542778458, 50.697855674578577 ], [ -3.497937331397291, 50.697820974422491 ], [ -3.497840412731132, 50.697858192978543 ], [ -3.497842705302906, 50.697930111767079 ] ] ] } },
{ "type": "Feature", "properties": { "max_height": 0.000751495361328125, "mean_height": -0.00050529214786365628, "std_height": 0.0015425373567268252, "count_pixels": 43, "percent_cover": 0.053038619515745074, "percent_above_0.1m": 0.0, "low_level_<0.5": 0.0, "mid_level_0.5-2": 0.0, "tall_2+": 0.0 }, "geometry": { "type": "Polygon", "coordinates": [ [ [ -3.497646574910724, 50.697932629823853 ], [ -3.497745786321082, 50.697967330227939 ], [ -3.497842705302905, 50.697930111767079 ], [ -3.497840412731132, 50.697858192978543 ], [ -3.497741201493197, 50.697823492662884 ], [ -3.497644282654612, 50.69786071104734 ], [ -3.497646574910724, 50.697932629823853 ] ] ] } },
{ "type": "Feature", "properties": { "max_height": 0.0010004043579101562, "mean_height": -0.00020059724920429289, "std_height": 0.00056620384566485882, "count_pixels": 41, "percent_cover": 0.050571706980129021, "percent_above_0.1m": 0.0, "low_level_<0.5": 0.0, "mid_level_0.5-2": 0.0, "tall_2+": 0.0 }, "geometry": { "type": "Polygon", "coordinates": [ [ [ -3.49745044448935, 50.697935147549451 ], [ -3.497549655756472, 50.697969848113111 ], [ -3.497646574910722, 50.697932629823853 ], [ -3.497644282654611, 50.69786071104734 ], [ -3.497545071559911, 50.697826010572086 ], [ -3.497448152548901, 50.697863228784946 ], [ -3.49745044448935, 50.697935147549451 ] ] ] } },
{ "type": "Feature", "properties": { "max_height": 0.0015010833740234375, "mean_height": -0.00065175496274605393, "std_height": 0.0021369927562773228, "count_pixels": 41, "percent_cover": 0.050571706980129021, "percent_above_0.1m": 0.0, "low_level_<0.5": 0.0, "mid_level_0.5-2": 0.0, "tall_2+": 0.0 }, "geometry": { "type": "Polygon", "coordinates": [ [ [ -3.49725431403879, 50.697937664943851 ], [ -3.497353525162673, 50.697972365667098 ], [ -3.497450444489349, 50.697935147549451 ], [ -3.497448152548901, 50.697863228784946 ], [ -3.497348941597437, 50.69782852815009 ], [ -3.497252022414003, 50.697865746191347 ], [ -3.49725431403879, 50.697937664943851 ] ] ] } },
{ "type": "Feature", "properties": { "max_height": 0.61450099945068359, "mean_height": 0.015402910299599171, "std_height": 0.09485355019569397, "count_pixels": 41, "percent_cover": 0.050571706980129021, "percent_above_0.1m": 2.4390243902439024, "low_level_<0.5": 0.0, "mid_level_0.5-2": 2.4390243902439024, "tall_2+": 0.0 }, "geometry": { "type": "Polygon", "coordinates": [ [ [ -3.497058183559048, 50.697940182007052 ], [ -3.49715739453969, 50.697974882889895 ], [ -3.49725431403879, 50.697937664943851 ], [ -3.497252022414002, 50.697865746191347 ], [ -3.497152811605778, 50.69783104539691 ], [ -3.497055892249923, 50.697868263266564 ], [ -3.497058183559048, 50.697940182007052 ] ] ] } },
{ "type": "Feature", "properties": { "max_height": 0.0010013580322265625, "mean_height": -0.00054817664204165339, "std_height": 0.0013208389282226562, "count_pixels": 41, "percent_cover": 0.050571706980129021, "percent_above_0.1m": 0.0, "low_level_<0.5": 0.0, "mid_level_0.5-2": 0.0, "tall_2+": 0.0 }, "geometry": { "type": "Polygon", "coordinates": [ [ [ -3.496862053050126, 50.697942698739077 ], [ -3.496961263887525, 50.6979773997815 ], [ -3.497058183559047, 50.697940182007052 ], [ -3.497055892249922, 50.697868263266564 ], [ -3.496956681584939, 50.697833562312546 ], [ -3.496859762056663, 50.697870780010589 ], [ -3.496862053050126, 50.697942698739077 ] ] ] } },
{ "type": "Feature", "properties": { "max_height": 1.1920013427734375, "mean_height": 0.036159191280603409, "std_height": 0.18640626966953278, "count_pixels": 41, "percent_cover": 0.050571706980129021, "percent_above_0.1m": 4.8780487804878048, "low_level_<0.5": 2.4390243902439024, "mid_level_0.5-2": 2.4390243902439024, "tall_2+": 0.0 }, "geometry": { "type": "Polygon", "coordinates": [ [ [ -3.496665922512029, 50.697945215139896 ], [ -3.496765133206183, 50.6979799163419 ], [ -3.496862053050124, 50.697942698739077 ], [ -3.496859762056662, 50.697870780010589 ], [ -3.496760551534922, 50.697836078896984 ], [ -3.496663631834229, 50.697873296423438 ], [ -3.496665922512029, 50.697945215139896 ] ] ] } },
{ "type": "Feature", "properties": { "max_height": 18.259002685546875, "mean_height": 2.5795433521270752, "std_height": 5.0529880523681641, "count_pixels": 41, "percent_cover": 0.050571706980129021, "percent_above_0.1m": 48.780487804878049, "low_level_<0.5": 9.7560975609756095, "mid_level_0.5-2": 14.634146341463413, "tall_2+": 21.951219512195124 }, "geometry": { "type": "Polygon", "coordinates": [ [ [ -3.496469791944759, 50.697947731209531 ], [ -3.496569002495668, 50.697982432571145 ], [ -3.496665922512027, 50.697945215139896 ], [ -3.496663631834228, 50.697873296423438 ], [ -3.496564421455732, 50.697838595150237 ], [ -3.496467501582623, 50.697875812505082 ], [ -3.496469791944759, 50.697947731209531 ] ] ] } },
{ "type": "Feature", "properties": { "max_height": 3.8147506713867188, "mean_height": 0.71761101484298706, "std_height": 0.98729187250137329, "count_pixels": 43, "percent_cover": 0.053038619515745074, "percent_above_0.1m": 62.790697674418603, "low_level_<0.5": 20.930232558139537, "mid_level_0.5-2": 25.581395348837212, "tall_2+": 13.953488372093023 }, "geometry": { "type": "Polygon", "coordinates": [ [ [ -3.500101647034739, 50.698009008698598 ], [ -3.500200860479436, 50.698043707116369 ], [ -3.5002977775352, 50.698006486519922 ], [ -3.500295481003052, 50.697934567582124 ], [ -3.500196267730802, 50.69789986925278 ], [ -3.500099350818253, 50.6979370897728 ], [ -3.500101647034739, 50.698009008698598 ] ] ] } },
{ "type": "Feature", "properties": { "max_height": 2.1687507629394531, "mean_height": 0.42997738718986511, "std_height": 0.56094002723693848, "count_pixels": 43, "percent_cover": 0.053038619515745074, "percent_above_0.1m": 55.813953488372093, "low_level_<0.5": 16.279069767441861, "mid_level_0.5-2": 30.232558139534881, "tall_2+": 2.3255813953488373 }, "geometry": { "type": "Polygon", "coordinates": [ [ [ -3.499905516505036, 50.69801153054609 ], [ -3.500004729806522, 50.698046229123442 ], [ -3.500101647034738, 50.698009008698598 ], [ -3.500099350818252, 50.6979370897728 ], [ -3.500000137689212, 50.697902391283861 ], [ -3.499903220604212, 50.6979396116323 ], [ -3.499905516505036, 50.69801153054609 ] ] ] } },
{ "type": "Feature", "properties": { "max_height": 2.4755001068115234, "mean_height": 0.55563879013061523, "std_height": 0.83225083351135254, "count_pixels": 38, "percent_cover": 0.046871338176704948, "percent_above_0.1m": 42.105263157894733, "low_level_<0.5": 7.8947368421052628, "mid_level_0.5-2": 21.052631578947366, "tall_2+": 10.526315789473683 }, "geometry": { "type": "Polygon", "coordinates": [ [ [ -3.499709385946099, 50.698014052062383 ], [ -3.49980859910437, 50.698048750799337 ], [ -3.499905516505036, 50.69801153054609 ], [ -3.499903220604212, 50.6979396116323 ], [ -3.499804007618384, 50.697904912983752 ], [ -3.499707090360936, 50.697942133160595 ], [ -3.499709385946099, 50.698014052062383 ] ] ] } },
{ "type": "Feature", "properties": { "max_height": 7.6327495574951172, "mean_height": 1.4785587787628174, "std_height": 1.9805010557174683, "count_pixels": 43, "percent_cover": 0.053038619515745074, "percent_above_0.1m": 65.116279069767444, "low_level_<0.5": 16.279069767441861, "mid_level_0.5-2": 20.930232558139537, "tall_2+": 27.906976744186046 }, "geometry": { "type": "Polygon", "coordinates": [ [ [ -3.499513255357929, 50.698016573247486 ], [ -3.499612468372984, 50.698051272144021 ], [ -3.499709385946098, 50.698014052062383 ], [ -3.499707090360936, 50.697942133160595 ], [ -3.499607877518323, 50.697907434352452 ], [ -3.49951096008843, 50.697944654357684 ], [ -3.499513255357929, 50.698016573247486 ] ] ] } },
{ "type": "Feature", "properties": { "max_height": 7.1272506713867188, "mean_height": 3.0297203063964844, "std_height": 2.7273714542388916, "count_pixels": 41, "percent_cover": 0.050571706980129021, "percent_above_0.1m": 80.487804878048792, "low_level_<0.5": 17.073170731707318, "mid_level_0.5-2": 12.195121951219512, "tall_2+": 51.219512195121951 }, "geometry": { "type": "Polygon", "coordinates": [ [ [ -3.49872873271301, 50.698026654675928 ], [ -3.49882794515518, 50.698061354210864 ], [ -3.498924863418067, 50.698024134815618 ], [ -3.498922569095555, 50.697952215961834 ], [ -3.49882335682582, 50.697917516515318 ], [ -3.498726438706162, 50.69795473583418 ], [ -3.49872873271301, 50.698026654675928 ] ] ] } },
{ "type": "Feature", "properties": { "max_height": 2.3820018768310547, "mean_height": 0.28524458408355713, "std_height": 0.55823075771331787, "count_pixels": 41, "percent_cover": 0.050571706980129021, "percent_above_0.1m": 26.829268292682929, "low_level_<0.5": 4.8780487804878048, "mid_level_0.5-2": 19.512195121951219, "tall_2+": 2.4390243902439024 }, "geometry": { "type": "Polygon", "coordinates": [ [ [ -3.498532601978739, 50.698029174205068 ], [ -3.498631814277684, 50.698063873899585 ], [ -3.498728732713009, 50.698026654675928 ], [ -3.498726438706161, 50.69795473583418 ], [ -3.498627226579649, 50.697920036228048 ], [ -3.498530308287555, 50.697957255375307 ], [ -3.498532601978739, 50.698029174205068 ] ] ] } },
{ "type": "Feature", "properties": { "max_height": 0.00075054168701171875, "mean_height": -5.6057442634482868e-06, "std_height": 0.00040752047789283097, "count_pixels": 41, "percent_cover": 0.050571706980129021, "percent_above_0.1m": 0.0, "low_level_<0.5": 0.0, "mid_level_0.5-2": 0.0, "tall_2+": 0.0 }, "geometry": { "type": "Polygon", "coordinates": [ [ [ -3.498336471215261, 50.698031693402996 ], [ -3.498435683370976, 50.698066393257115 ], [ -3.498532601978738, 50.698029174205068 ], [ -3.498530308287553, 50.697957255375307 ], [ -3.498431096304269, 50.697922555609601 ], [ -3.498334177839739, 50.69795977458525 ], [ -3.498336471215261, 50.698031693402996 ] ] ] } },
{ "type": "Feature", "properties": { "max_height": 0.00075054168701171875, "mean_height": -0.00021287871641106904, "std_height": 0.0011200244771316648, "count_pixels": 41, "percent_cover": 0.050571706980129021, "percent_above_0.1m": 0.0, "low_level_<0.5": 0.0, "mid_level_0.5-2": 0.0, "tall_2+": 0.0 }, "geometry": { "type": "Polygon", "coordinates": [ [ [ -3.498140340422577, 50.698034212269746 ], [ -3.498239552435063, 50.698068912283453 ], [ -3.49833647121526, 50.698031693402996 ], [ -3.498334177839738, 50.69795977458525 ], [ -3.498234965999682, 50.697925074659949 ], [ -3.498138047362719, 50.697962293464009 ], [ -3.498140340422577, 50.698034212269746 ] ] ] } },
{ "type": "Feature", "properties": { "max_height": 0.00075054168701171875, "mean_height": -0.00026761030312627554, "std_height": 0.00069710478419438004, "count_pixels": 41, "percent_cover": 0.050571706980129021, "percent_above_0.1m": 0.0, "low_level_<0.5": 0.0, "mid_level_0.5-2": 0.0, "tall_2+": 0.0 }, "geometry": { "type": "Polygon", "coordinates": [ [ [ -3.497944209600694, 50.698036730805292 ], [ -3.498043421469947, 50.698071430978594 ], [ -3.498140340422577, 50.698034212269746 ], [ -3.498138047362718, 50.697962293464009 ], [ -3.498038835665893, 50.697927593379106 ], [ -3.497941916856499, 50.697964812011563 ], [ -3.497944209600694, 50.698036730805292 ] ] ] } },
{ "type": "Feature", "properties": { "max_height": 0.0012502670288085938, "mean_height": -0.00046881232992745936, "std_height": 0.0014972321223467588, "count_pixels": 41, "percent_cover": 0.050571706980129021, "percent_above_0.1m": 0.0, "low_level_<0.5": 0.0, "mid_level_0.5-2": 0.0, "tall_2+": 0.0 }, "geometry": { "type": "Polygon", "coordinates": [ [ [ -3.497748078749612, 50.698039249009661 ], [ -3.497847290475631, 50.69807394934255 ], [ -3.497944209600693, 50.698036730805292 ], [ -3.497941916856498, 50.697964812011563 ], [ -3.497842705302905, 50.697930111767079 ], [ -3.497745786321082, 50.697967330227939 ], [ -3.497748078749612, 50.698039249009661 ] ] ] } },
{ "type": "Feature", "properties": { "max_height": 0.0075006484985351562, "mean_height": -0.00033478619297966361, "std_height": 0.0019967041444033384, "count_pixels": 41, "percent_cover": 0.050571706980129021, "percent_above_0.1m": 0.0, "low_level_<0.5": 0.0, "mid_level_0.5-2": 0.0, "tall_2+": 0.0 }, "geometry": { "type": "Polygon", "coordinates": [ [ [ -3.49755194786934, 50.698041766882824 ], [ -3.497651159452121, 50.698076467375309 ], [ -3.497748078749612, 50.698039249009661 ], [ -3.497745786321081, 50.697967330227939 ], [ -3.497646574910722, 50.697932629823853 ], [ -3.497549655756472, 50.697969848113111 ], [ -3.49755194786934, 50.698041766882824 ] ] ] } },
{ "type": "Feature", "properties": { "max_height": 0.0012502670288085938, "mean_height": -0.00083677156362682581, "std_height": 0.0021899547427892685, "count_pixels": 43, "percent_cover": 0.053038619515745074, "percent_above_0.1m": 0.0, "low_level_<0.5": 0.0, "mid_level_0.5-2": 0.0, "tall_2+": 0.0 }, "geometry": { "type": "Polygon", "coordinates": [ [ [ -3.497355816959876, 50.698044284424803 ], [ -3.49745502839942, 50.698078985076869 ], [ -3.497551947869338, 50.698041766882824 ], [ -3.497549655756471, 50.697969848113111 ], [ -3.497450444489349, 50.697935147549451 ], [ -3.497353525162673, 50.697972365667098 ], [ -3.497355816959876, 50.698044284424803 ] ] ] } },
{ "type": "Feature", "properties": { "max_height": 0.0040006637573242188, "mean_height": -0.00019124496611766517, "std_height": 0.0012983419001102448, "count_pixels": 43, "percent_cover": 0.053038619515745074, "percent_above_0.1m": 0.0, "low_level_<0.5": 0.0, "mid_level_0.5-2": 0.0, "tall_2+": 0.0 }, "geometry": { "type": "Polygon", "coordinates": [ [ [ -3.497159686021229, 50.698046801635584 ], [ -3.497258897317532, 50.698081502447252 ], [ -3.497355816959876, 50.698044284424803 ], [ -3.497353525162672, 50.697972365667098 ], [ -3.49725431403879, 50.697937664943851 ], [ -3.49715739453969, 50.697974882889895 ], [ -3.497159686021229, 50.698046801635584 ] ] ] } },
{ "type": "Feature", "properties": { "max_height": 0.00050067901611328125, "mean_height": -0.00062440568581223488, "std_height": 0.0018403606954962015, "count_pixels": 38, "percent_cover": 0.046871338176704948, "percent_above_0.1m": 0.0, "low_level_<0.5": 0.0, "mid_level_0.5-2": 0.0, "tall_2+": 0.0 }, "geometry": { "type": "Polygon", "coordinates": [ [ [ -3.496963555053399, 50.698049318515181 ], [ -3.49706276620646, 50.698084019486423 ], [ -3.497159686021228, 50.698046801635584 ], [ -3.497157394539689, 50.697974882889895 ], [ -3.497058183559047, 50.697940182007052 ], [ -3.496961263887525, 50.6979773997815 ], [ -3.496963555053399, 50.698049318515181 ] ] ] } },
{ "type": "Feature", "properties": { "max_height": 21.819253921508789, "mean_height": 2.4409542083740234, "std_height": 5.0541534423828125, "count_pixels": 43, "percent_cover": 0.053038619515745074, "percent_above_0.1m": 25.581395348837212, "low_level_<0.5": 0.0, "mid_level_0.5-2": 0.0, "tall_2+": 25.581395348837212 }, "geometry": { "type": "Polygon", "coordinates": [ [ [ -3.496767424056393, 50.698051835063566 ], [ -3.496866635066209, 50.69808653619441 ], [ -3.496963555053399, 50.698049318515181 ], [ -3.496961263887524, 50.6979773997815 ], [ -3.496862053050124, 50.697942698739077 ], [ -3.496765133206183, 50.6979799163419 ], [ -3.496767424056393, 50.698051835063566 ] ] ] } },
{ "type": "Feature", "properties": { "max_height": 25.446750640869141, "mean_height": 17.365571975708008, "std_height": 7.1596217155456543, "count_pixels": 43, "percent_cover": 0.053038619515745074, "percent_above_0.1m": 95.348837209302332, "low_level_<0.5": 0.0, "mid_level_0.5-2": 2.3255813953488373, "tall_2+": 93.023255813953483 }, "geometry": { "type": "Polygon", "coordinates": [ [ [ -3.496571293030213, 50.698054351280781 ], [ -3.496670503896783, 50.698089052571206 ], [ -3.496767424056392, 50.698051835063566 ], [ -3.496765133206182, 50.6979799163419 ], [ -3.496665922512027, 50.697945215139896 ], [ -3.496569002495668, 50.697982432571145 ], [ -3.496571293030213, 50.698054351280781 ] ] ] } },
{ "type": "Feature", "properties": { "max_height": 21.388500213623047, "mean_height": 5.3798556327819824, "std_height": 6.9363603591918945, "count_pixels": 43, "percent_cover": 0.053038619515745074, "percent_above_0.1m": 69.767441860465112, "low_level_<0.5": 2.3255813953488373, "mid_level_0.5-2": 16.279069767441861, "tall_2+": 46.511627906976742 }, "geometry": { "type": "Polygon", "coordinates": [ [ [ -3.496375161974864, 50.698056867166805 ], [ -3.496474372698185, 50.69809156861681 ], [ -3.496571293030212, 50.698054351280781 ], [ -3.496569002495667, 50.697982432571145 ], [ -3.496469791944759, 50.697947731209531 ], [ -3.496372871755984, 50.69798494846917 ], [ -3.496375161974864, 50.698056867166805 ] ] ] } },
{ "type": "Feature", "properties": { "max_height": 8.6785011291503906, "mean_height": 3.0446534156799316, "std_height": 3.043428897857666, "count_pixels": 41, "percent_cover": 0.050571706980129021, "percent_above_0.1m": 80.487804878048792, "low_level_<0.5": 9.7560975609756095, "mid_level_0.5-2": 14.634146341463413, "tall_2+": 51.219512195121951 }, "geometry": { "type": "Polygon", "coordinates": [ [ [ -3.499810894861973, 50.698120669706327 ], [ -3.499910108335905, 50.698155368372078 ], [ -3.500007025879788, 50.69811814804244 ], [ -3.500004729806522, 50.698046229123442 ], [ -3.499905516505036, 50.69801153054609 ], [ -3.499808599104371, 50.698048750799337 ], [ -3.499810894861973, 50.698120669706327 ] ] ] } },
{ "type": "Feature", "properties": { "max_height": 8.4332504272460938, "mean_height": 0.60290920734405518, "std_height": 1.6750917434692383, "count_pixels": 41, "percent_cover": 0.050571706980129021, "percent_above_0.1m": 31.707317073170731, "low_level_<0.5": 12.195121951219512, "mid_level_0.5-2": 9.7560975609756095, "tall_2+": 7.3170731707317067 }, "geometry": { "type": "Polygon", "coordinates": [ [ [ -3.499614763814923, 50.698123191039016 ], [ -3.499713977145638, 50.698157889864362 ], [ -3.499810894861972, 50.698120669706334 ], [ -3.49980859910437, 50.698048750799337 ], [ -3.499709385946099, 50.698014052062383 ], [ -3.499612468372985, 50.698051272144021 ], [ -3.499614763814923, 50.698123191039016 ] ] ] } },
{ "type": "Feature", "properties": { "max_height": 3.1617498397827148, "mean_height": 0.94936025142669678, "std_height": 0.98792296648025513, "count_pixels": 41, "percent_cover": 0.050571706980129021, "percent_above_0.1m": 68.292682926829272, "low_level_<0.5": 12.195121951219512, "mid_level_0.5-2": 26.829268292682929, "tall_2+": 24.390243902439025 }, "geometry": { "type": "Polygon", "coordinates": [ [ [ -3.499418632738643, 50.698125712040508 ], [ -3.49951784592614, 50.698160411025448 ], [ -3.499614763814922, 50.698123191039016 ], [ -3.499612468372984, 50.698051272144021 ], [ -3.499513255357929, 50.698016573247486 ], [ -3.499416337612369, 50.69805379315752 ], [ -3.499418632738643, 50.698125712040508 ] ] ] } },
{ "type": "Feature", "properties": { "max_height": 2.8487510681152344, "mean_height": 0.35154721140861511, "std_height": 0.64222037792205811, "count_pixels": 43, "percent_cover": 0.053038619515745074, "percent_above_0.1m": 39.534883720930232, "low_level_<0.5": 18.604651162790699, "mid_level_0.5-2": 13.953488372093023, "tall_2+": 4.6511627906976747 }, "geometry": { "type": "Polygon", "coordinates": [ [ [ -3.498830239334461, 50.698133273057834 ], [ -3.498929452092292, 50.698167972521567 ], [ -3.499026370498407, 50.698130753049909 ], [ -3.499024076003463, 50.698058834190938 ], [ -3.498924863418068, 50.698024134815618 ], [ -3.498827945155181, 50.698061354210864 ], [ -3.498830239334461, 50.698133273057834 ] ] ] } },
{ "type": "Feature", "properties": { "max_height": 0.097500801086425781, "mean_height": 0.0022564379032701254, "std_height": 0.014725967310369015, "count_pixels": 43, "percent_cover": 0.053038619515745074, "percent_above_0.1m": 0.0, "low_level_<0.5": 0.0, "mid_level_0.5-2": 0.0, "tall_2+": 0.0 }, "geometry": { "type": "Polygon", "coordinates": [ [ [ -3.498634108141299, 50.698135792734554 ], [ -3.498733320755905, 50.698170492357868 ], [ -3.49883023933446, 50.698133273057834 ], [ -3.49882794515518, 50.698061354210864 ], [ -3.49872873271301, 50.698026654675928 ], [ -3.498631814277684, 50.698063873899585 ], [ -3.498634108141299, 50.698135792734554 ] ] ] } },
{ "type": "Feature", "properties": { "max_height": 0.0047512054443359375, "mean_height": 5.2895655244356021e-05, "std_height": 0.0008901975816115737, "count_pixels": 43, "percent_cover": 0.053038619515745074, "percent_above_0.1m": 0.0, "low_level_<0.5": 0.0, "mid_level_0.5-2": 0.0, "tall_2+": 0.0 }, "geometry": { "type": "Polygon", "coordinates": [ [ [ -3.498437976918927, 50.698138312080076 ], [ -3.498537189390304, 50.698173011862998 ], [ -3.498634108141298, 50.698135792734554 ], [ -3.498631814277684, 50.698063873899585 ], [ -3.498532601978739, 50.698029174205068 ], [ -3.498435683370977, 50.698066393257115 ], [ -3.498437976918927, 50.698138312080076 ] ] ] } },
{ "type": "Feature", "properties": { "max_height": 0.0012502670288085938, "mean_height": -0.00038739255978725851, "std_height": 0.0013927484396845102, "count_pixels": 38, "percent_cover": 0.046871338176704948, "percent_above_0.1m": 0.0, "low_level_<0.5": 0.0, "mid_level_0.5-2": 0.0, "tall_2+": 0.0 }, "geometry": { "type": "Polygon", "coordinates": [ [ [ -3.498241845667348, 50.698140831094399 ], [ -3.498341057995495, 50.69817553103691 ], [ -3.498437976918926, 50.698138312080076 ], [ -3.498435683370976, 50.698066393257115 ], [ -3.498336471215261, 50.698031693402996 ], [ -3.498239552435064, 50.698068912283453 ], [ -3.498241845667348, 50.698140831094399 ] ] ] } },
{ "type": "Feature", "properties": { "max_height": 0.010750770568847656, "mean_height": 8.2082529843319207e-05, "std_height": 0.0020941991824656725, "count_pixels": 43, "percent_cover": 0.053038619515745074, "percent_above_0.1m": 0.0, "low_level_<0.5": 0.0, "mid_level_0.5-2": 0.0, "tall_2+": 0.0 }, "geometry": { "type": "Polygon", "coordinates": [ [ [ -3.498045714386566, 50.698143349777546 ], [ -3.49814492657148, 50.698178049879644 ], [ -3.498241845667347, 50.698140831094399 ], [ -3.498239552435063, 50.698068912283453 ], [ -3.498140340422577, 50.698034212269746 ], [ -3.498043421469947, 50.698071430978594 ], [ -3.498045714386566, 50.698143349777546 ] ] ] } },
{ "type": "Feature", "properties": { "max_height": 0.0027513504028320312, "mean_height": -0.0005051590851508081, "std_height": 0.0016985917463898659, "count_pixels": 43, "percent_cover": 0.053038619515745074, "percent_above_0.1m": 0.0, "low_level_<0.5": 0.0, "mid_level_0.5-2": 0.0, "tall_2+": 0.0 }, "geometry": { "type": "Polygon", "coordinates": [ [ [ -3.497849583076586, 50.698145868129487 ], [ -3.497948795118265, 50.698180568391173 ], [ -3.498045714386565, 50.698143349777546 ], [ -3.498043421469947, 50.698071430978594 ], [ -3.497944209600694, 50.698036730805292 ], [ -3.497847290475632, 50.69807394934255 ], [ -3.497849583076586, 50.698145868129487 ] ] ] } },
{ "type": "Feature", "properties": { "max_height": 0.0030002593994140625, "mean_height": -0.00032489243312738836, "std_height": 0.0014096292434260249, "count_pixels": 43, "percent_cover": 0.053038619515745074, "percent_above_0.1m": 0.0, "low_level_<0.5": 0.0, "mid_level_0.5-2": 0.0, "tall_2+": 0.0 }, "geometry": { "type": "Polygon", "coordinates": [ [ [ -3.49765345173741, 50.698148386150237 ], [ -3.497752663635853, 50.698183086571518 ], [ -3.497849583076585, 50.698145868129487 ], [ -3.497847290475631, 50.69807394934255 ], [ -3.497748078749612, 50.698039249009661 ], [ -3.497651159452122, 50.698076467375309 ], [ -3.49765345173741, 50.698148386150237 ] ] ] } },
{ "type": "Feature", "properties": { "max_height": 0.00075054168701171875, "mean_height": -0.00049935316201299429, "std_height": 0.0015460234135389328, "count_pixels": 41, "percent_cover": 0.050571706980129021, "percent_above_0.1m": 0.0, "low_level_<0.5": 0.0, "mid_level_0.5-2": 0.0, "tall_2+": 0.0 }, "geometry": { "type": "Polygon", "coordinates": [ [ [ -3.497457320369043, 50.698150903839782 ], [ -3.497556532124248, 50.698185604420665 ], [ -3.497653451737409, 50.698148386150237 ], [ -3.497651159452121, 50.698076467375309 ], [ -3.49755194786934, 50.698041766882824 ], [ -3.497455028399421, 50.698078985076869 ], [ -3.497457320369043, 50.698150903839782 ] ] ] } },
{ "type": "Feature", "properties": { "max_height": 0.0012502670288085938, "mean_height": -0.0011763456277549267, "std_height": 0.0026151896454393864, "count_pixels": 41, "percent_cover": 0.050571706980129021, "percent_above_0.1m": 0.0, "low_level_<0.5": 0.0, "mid_level_0.5-2": 0.0, "tall_2+": 0.0 }, "geometry": { "type": "Polygon", "coordinates": [ [ [ -3.497261188971488, 50.69815342119815 ], [ -3.497360400583454, 50.698188121938614 ], [ -3.497457320369041, 50.698150903839782 ], [ -3.49745502839942, 50.698078985076869 ], [ -3.497355816959876, 50.698044284424803 ], [ -3.497258897317533, 50.698081502447252 ], [ -3.497261188971488, 50.69815342119815 ] ] ] } },
{ "type": "Feature", "properties": { "max_height": 0.0015001296997070312, "mean_height": -0.00048730432172305882, "std_height": 0.0014120081905275583, "count_pixels": 41, "percent_cover": 0.050571706980129021, "percent_above_0.1m": 0.0, "low_level_<0.5": 0.0, "mid_level_0.5-2": 0.0, "tall_2+": 0.0 }, "geometry": { "type": "Polygon", "coordinates": [ [ [ -3.49706505754475, 50.698155938225312 ], [ -3.497164269013473, 50.698190639125364 ], [ -3.497261188971487, 50.69815342119815 ], [ -3.497258897317532, 50.698081502447252 ], [ -3.497159686021229, 50.698046801635584 ], [ -3.497062766206462, 50.698084019486423 ], [ -3.49706505754475, 50.698155938225312 ] ] ] } },
{ "type": "Feature", "properties": { "max_height": 2.3787508010864258, "mean_height": 0.08283592015504837, "std_height": 0.39661687612533569, "count_pixels": 41, "percent_cover": 0.050571706980129021, "percent_above_0.1m": 4.8780487804878048, "low_level_<0.5": 0.0, "mid_level_0.5-2": 2.4390243902439024, "tall_2+": 2.4390243902439024 }, "geometry": { "type": "Polygon", "coordinates": [ [ [ -3.496868926088833, 50.698158454921284 ], [ -3.496968137414312, 50.698193155980931 ], [ -3.497065057544749, 50.698155938225312 ], [ -3.49706276620646, 50.698084019486423 ], [ -3.496963555053399, 50.698049318515181 ], [ -3.49686663506621, 50.69808653619441 ], [ -3.496868926088833, 50.698158454921284 ] ] ] } },
{ "type": "Feature", "properties": { "max_height": 24.979751586914062, "mean_height": 16.580085754394531, "std_height": 4.9625706672668457, "count_pixels": 41, "percent_cover": 0.050571706980129021, "percent_above_0.1m": 100.0, "low_level_<0.5": 0.0, "mid_level_0.5-2": 0.0, "tall_2+": 100.0 }, "geometry": { "type": "Polygon", "coordinates": [ [ [ -3.49667279460374, 50.698160971286065 ], [ -3.496772005785973, 50.6981956725053 ], [ -3.496868926088832, 50.698158454921284 ], [ -3.496866635066209, 50.69808653619441 ], [ -3.496767424056393, 50.698051835063566 ], [ -3.496670503896784, 50.698089052571206 ], [ -3.49667279460374, 50.698160971286065 ] ] ] } },
{ "type": "Feature", "properties": { "max_height": 26.914249420166016, "mean_height": 13.151538848876953, "std_height": 9.2054672241210938, "count_pixels": 41, "percent_cover": 0.050571706980129021, "percent_above_0.1m": 100.0, "low_level_<0.5": 0.0, "mid_level_0.5-2": 17.073170731707318, "tall_2+": 82.926829268292678 }, "geometry": { "type": "Polygon", "coordinates": [ [ [ -3.496476663089475, 50.698163487319654 ], [ -3.49657587412846, 50.698198188698484 ], [ -3.496672794603739, 50.698160971286065 ], [ -3.496670503896783, 50.698089052571206 ], [ -3.496571293030213, 50.698054351280781 ], [ -3.496474372698186, 50.69809156861681 ], [ -3.496476663089475, 50.698163487319654 ] ] ] } },
{ "type": "Feature", "properties": { "max_height": 2.7277507781982422, "mean_height": 1.3930920362472534, "std_height": 0.97485989332199097, "count_pixels": 41, "percent_cover": 0.050571706980129021, "percent_above_0.1m": 80.487804878048792, "low_level_<0.5": 4.8780487804878048, "mid_level_0.5-2": 41.463414634146339, "tall_2+": 31.707317073170731 }, "geometry": { "type": "Polygon", "coordinates": [ [ [ -3.496280531546044, 50.698166003022052 ], [ -3.496379742441776, 50.698200704560456 ], [ -3.496476663089474, 50.698163487319654 ], [ -3.496474372698185, 50.69809156861681 ], [ -3.496375161974864, 50.698056867166805 ], [ -3.49627824147042, 50.698094084331224 ], [ -3.496280531546044, 50.698166003022052 ] ] ] } },
{ "type": "Feature", "properties": { "max_height": 11.197000503540039, "mean_height": 0.96324396133422852, "std_height": 1.9481806755065918, "count_pixels": 38, "percent_cover": 0.046871338176704948, "percent_above_0.1m": 52.631578947368418, "low_level_<0.5": 13.157894736842104, "mid_level_0.5-2": 26.315789473684209, "tall_2+": 13.157894736842104 }, "geometry": { "type": "Polygon", "coordinates": [ [ [ -3.499716272760017, 50.698229808764545 ], [ -3.499815486406394, 50.698264507518701 ], [ -3.499912404265948, 50.698227287284261 ], [ -3.499910108335904, 50.698155368372078 ], [ -3.499810894861972, 50.698120669706334 ], [ -3.499713977145638, 50.698157889864362 ], [ -3.499716272760017, 50.698229808764545 ] ] ] } },
{ "type": "Feature", "properties": { "max_height": 2.0347499847412109, "mean_height": 0.40882620215415955, "std_height": 0.56051182746887207, "count_pixels": 43, "percent_cover": 0.053038619515745074, "percent_above_0.1m": 51.162790697674424, "low_level_<0.5": 23.255813953488371, "mid_level_0.5-2": 23.255813953488371, "tall_2+": 2.3255813953488373 }, "geometry": { "type": "Polygon", "coordinates": [ [ [ -3.499520141224853, 50.698232329913637 ], [ -3.499619354728012, 50.698267028827381 ], [ -3.499716272760016, 50.698229808764545 ], [ -3.499713977145638, 50.698157889864362 ], [ -3.499614763814922, 50.698123191039016 ], [ -3.49951784592614, 50.698160411025448 ], [ -3.499520141224853, 50.698232329913637 ] ] ] } },
{ "type": "Feature", "properties": { "max_height": 7.0465002059936523, "mean_height": 1.0939774513244629, "std_height": 1.9710891246795654, "count_pixels": 43, "percent_cover": 0.053038619515745074, "percent_above_0.1m": 41.860465116279073, "low_level_<0.5": 2.3255813953488373, "mid_level_0.5-2": 16.279069767441861, "tall_2+": 20.930232558139537 }, "geometry": { "type": "Polygon", "coordinates": [ [ [ -3.49932400966046, 50.698234850731531 ], [ -3.4994232230204, 50.698269549804877 ], [ -3.499520141224851, 50.698232329913637 ], [ -3.499517845926139, 50.698160411025448 ], [ -3.499418632738642, 50.698125712040508 ], [ -3.499321714677414, 50.69816293185535 ], [ -3.49932400966046, 50.698234850731531 ] ] ] } },
{ "type": "Feature", "properties": { "max_height": 6.3180007934570312, "mean_height": 2.1206750869750977, "std_height": 2.1880500316619873, "count_pixels": 43, "percent_cover": 0.053038619515745074, "percent_above_0.1m": 76.744186046511629, "low_level_<0.5": 13.953488372093023, "mid_level_0.5-2": 23.255813953488371, "tall_2+": 39.534883720930232 }, "geometry": { "type": "Polygon", "coordinates": [ [ [ -3.499127878066842, 50.698237371218227 ], [ -3.499227091283561, 50.698272070451161 ], [ -3.499324009660459, 50.698234850731531 ], [ -3.499321714677414, 50.69816293185535 ], [ -3.499222501633136, 50.698128232710815 ], [ -3.499125583399463, 50.698165452354054 ], [ -3.499127878066842, 50.698237371218227 ] ] ] } },
{ "type": "Feature", "properties": { "max_height": 3.0417518615722656, "mean_height": 0.59499454498291016, "std_height": 0.88406330347061157, "count_pixels": 41, "percent_cover": 0.050571706980129021, "percent_above_0.1m": 46.341463414634148, "low_level_<0.5": 9.7560975609756095, "mid_level_0.5-2": 21.951219512195124, "tall_2+": 12.195121951219512 }, "geometry": { "type": "Polygon", "coordinates": [ [ [ -3.498931746444005, 50.698239891373731 ], [ -3.499030959517499, 50.698274590766268 ], [ -3.499127878066842, 50.698237371218227 ], [ -3.499125583399462, 50.698165452354054 ], [ -3.499026370498407, 50.698130753049909 ], [ -3.498929452092292, 50.698167972521567 ], [ -3.498931746444005, 50.698239891373731 ] ] ] } },
{ "type": "Feature", "properties": { "max_height": 1.6897506713867188, "mean_height": 0.041299331933259964, "std_height": 0.26064383983612061, "count_pixels": 41, "percent_cover": 0.050571706980129021, "percent_above_0.1m": 2.4390243902439024, "low_level_<0.5": 0.0, "mid_level_0.5-2": 2.4390243902439024, "tall_2+": 0.0 }, "geometry": { "type": "Polygon", "coordinates": [ [ [ -3.49873561479195, 50.698242411198031 ], [ -3.498834827722218, 50.698277110750169 ], [ -3.498931746444004, 50.698239891373731 ], [ -3.498929452092291, 50.698167972521567 ], [ -3.49883023933446, 50.698133273057834 ], [ -3.498733320755905, 50.698170492357868 ], [ -3.49873561479195, 50.698242411198031 ] ] ] } },
{ "type": "Feature", "properties": { "max_height": 0.00075054168701171875, "mean_height": -3.6053541407454759e-05, "std_height": 0.00090830842964351177, "count_pixels": 41, "percent_cover": 0.050571706980129021, "percent_above_0.1m": 0.0, "low_level_<0.5": 0.0, "mid_level_0.5-2": 0.0, "tall_2+": 0.0 }, "geometry": { "type": "Polygon", "coordinates": [ [ [ -3.498539483110683, 50.698244930691146 ], [ -3.498638695897723, 50.698279630402865 ], [ -3.498735614791949, 50.698242411198031 ], [ -3.498733320755903, 50.698170492357868 ], [ -3.498634108141298, 50.698135792734554 ], [ -3.498537189390304, 50.698173011862998 ], [ -3.498539483110683, 50.698244930691146 ] ] ] } },
{ "type": "Feature", "properties": { "max_height": 0.0005016326904296875, "mean_height": -0.00021287871641106904, "std_height": 0.00047032427391968668, "count_pixels": 41, "percent_cover": 0.050571706980129021, "percent_above_0.1m": 0.0, "low_level_<0.5": 0.0, "mid_level_0.5-2": 0.0, "tall_2+": 0.0 }, "geometry": { "type": "Polygon", "coordinates": [ [ [ -3.498343351400206, 50.698247449853064 ], [ -3.498442564044017, 50.698282149724378 ], [ -3.498539483110682, 50.698244930691146 ], [ -3.498537189390303, 50.698173011862998 ], [ -3.498437976918926, 50.698138312080076 ], [ -3.498341057995495, 50.69817553103691 ], [ -3.498343351400206, 50.698247449853064 ] ] ] } },
{ "type": "Feature", "properties": { "max_height": 0.0012502670288085938, "mean_height": 4.314794932724908e-05, "std_height": 0.00037403532769531012, "count_pixels": 41, "percent_cover": 0.050571706980129021, "percent_above_0.1m": 0.0, "low_level_<0.5": 0.0, "mid_level_0.5-2": 0.0, "tall_2+": 0.0 }, "geometry": { "type": "Polygon", "coordinates": [ [ [ -3.498147219660525, 50.698249968683783 ], [ -3.498246432161103, 50.698284668714692 ], [ -3.498343351400206, 50.698247449853064 ], [ -3.498341057995494, 50.69817553103691 ], [ -3.498241845667347, 50.698140831094399 ], [ -3.49814492657148, 50.698178049879644 ], [ -3.498147219660525, 50.698249968683783 ] ] ] } },
{ "type": "Feature", "properties": { "max_height": 0.0005016326904296875, "mean_height": -0.00040814935346134007, "std_height": 0.0013098921626806259, "count_pixels": 41, "percent_cover": 0.050571706980129021, "percent_above_0.1m": 0.0, "low_level_<0.5": 0.0, "mid_level_0.5-2": 0.0, "tall_2+": 0.0 }, "geometry": { "type": "Polygon", "coordinates": [ [ [ -3.497951087891642, 50.698252487183304 ], [ -3.498050300248987, 50.698287187373822 ], [ -3.498147219660524, 50.698249968683783 ], [ -3.49814492657148, 50.698178049879644 ], [ -3.498045714386565, 50.698143349777546 ], [ -3.497948795118265, 50.698180568391173 ], [ -3.497951087891642, 50.698252487183304 ] ] ] } },
{ "type": "Feature", "properties": { "max_height": 0.00075054168701171875, "mean_height": -0.00013365397171583027, "std_height": 0.00062974850879982114, "count_pixels": 41, "percent_cover": 0.050571706980129021, "percent_above_0.1m": 0.0, "low_level_<0.5": 0.0, "mid_level_0.5-2": 0.0, "tall_2+": 0.0 }, "geometry": { "type": "Polygon", "coordinates": [ [ [ -3.497754956093563, 50.698255005351641 ], [ -3.497854168307671, 50.69828970570174 ], [ -3.497951087891642, 50.698252487183304 ], [ -3.497948795118265, 50.698180568391173 ], [ -3.497849583076585, 50.698145868129487 ], [ -3.497752663635853, 50.698183086571518 ], [ -3.497754956093563, 50.698255005351641 ] ] ] } },
{ "type": "Feature", "properties": { "max_height": 0.0015001296997070312, "mean_height": -0.00037742243148386478, "std_height": 0.0014473567716777325, "count_pixels": 41, "percent_cover": 0.050571706980129021, "percent_above_0.1m": 0.0, "low_level_<0.5": 0.0, "mid_level_0.5-2": 0.0, "tall_2+": 0.0 }, "geometry": { "type": "Polygon", "coordinates": [ [ [ -3.49755882426629, 50.698257523188772 ], [ -3.49765803633716, 50.698292223698473 ], [ -3.497754956093563, 50.698255005351641 ], [ -3.497752663635853, 50.698183086571518 ], [ -3.497653451737409, 50.698148386150237 ], [ -3.497556532124248, 50.698185604420665 ], [ -3.49755882426629, 50.698257523188772 ] ] ] } },
{ "type": "Feature", "properties": { "max_height": 0.00050067901611328125, "mean_height": -0.00051671406254172325, "std_height": 0.0016269328771159053, "count_pixels": 43, "percent_cover": 0.053038619515745074, "percent_above_0.1m": 0.0, "low_level_<0.5": 0.0, "mid_level_0.5-2": 0.0, "tall_2+": 0.0 }, "geometry": { "type": "Polygon", "coordinates": [ [ [ -3.497362692409828, 50.698260040694706 ], [ -3.497461904337457, 50.698294741363988 ], [ -3.497558824266289, 50.698257523188772 ], [ -3.497556532124247, 50.698185604420665 ], [ -3.497457320369041, 50.698150903839782 ], [ -3.497360400583454, 50.698188121938614 ], [ -3.497362692409828, 50.698260040694706 ] ] ] } },
{ "type": "Feature", "properties": { "max_height": 0.0045003890991210938, "mean_height": -0.00025516332243569195, "std_height": 0.0013494237791746855, "count_pixels": 43, "percent_cover": 0.053038619515745074, "percent_above_0.1m": 0.0, "low_level_<0.5": 0.0, "mid_level_0.5-2": 0.0, "tall_2+": 0.0 }, "geometry": { "type": "Polygon", "coordinates": [ [ [ -3.497166560524179, 50.698262557869448 ], [ -3.497265772308567, 50.698297258698332 ], [ -3.497362692409827, 50.698260040694706 ], [ -3.497360400583453, 50.698188121938614 ], [ -3.497261188971487, 50.69815342119815 ], [ -3.497164269013473, 50.698190639125364 ], [ -3.497166560524179, 50.698262557869448 ] ] ] } },
{ "type": "Feature", "properties": { "max_height": 0.010251045227050781, "mean_height": -0.00031521444907411933, "std_height": 0.0027409861795604229, "count_pixels": 38, "percent_cover": 0.046871338176704948, "percent_above_0.1m": 0.0, "low_level_<0.5": 0.0, "mid_level_0.5-2": 0.0, "tall_2+": 0.0 }, "geometry": { "type": "Polygon", "coordinates": [ [ [ -3.496970428609349, 50.698265074712999 ], [ -3.497069640250492, 50.698299775701457 ], [ -3.497166560524179, 50.698262557869448 ], [ -3.497164269013473, 50.698190639125364 ], [ -3.497065057544749, 50.698155938225312 ], [ -3.496968137414312, 50.698193155980931 ], [ -3.496970428609349, 50.698265074712999 ] ] ] } },
{ "type": "Feature", "properties": { "max_height": 10.285501480102539, "mean_height": 0.61387276649475098, "std_height": 1.9253463745117188, "count_pixels": 43, "percent_cover": 0.053038619515745074, "percent_above_0.1m": 16.279069767441861, "low_level_<0.5": 0.0, "mid_level_0.5-2": 6.9767441860465116, "tall_2+": 9.3023255813953494 }, "geometry": { "type": "Polygon", "coordinates": [ [ [ -3.496774296665341, 50.69826759122536 ], [ -3.496873508163239, 50.698302292373413 ], [ -3.496970428609349, 50.698265074712999 ], [ -3.496968137414311, 50.698193155980931 ], [ -3.496868926088832, 50.698158454921284 ], [ -3.496772005785973, 50.6981956725053 ], [ -3.496774296665341, 50.69826759122536 ] ] ] } },
{ "type": "Feature", "properties": { "max_height": 20.538749694824219, "mean_height": 3.1171054840087891, "std_height": 5.8113069534301758, "count_pixels": 43, "percent_cover": 0.053038619515745074, "percent_above_0.1m": 53.488372093023251, "low_level_<0.5": 2.3255813953488373, "mid_level_0.5-2": 23.255813953488371, "tall_2+": 25.581395348837212 }, "geometry": { "type": "Polygon", "coordinates": [ [ [ -3.49657816469216, 50.698270107406522 ], [ -3.496677376046809, 50.69830480871417 ], [ -3.496774296665341, 50.69826759122536 ], [ -3.496772005785972, 50.6981956725053 ], [ -3.496672794603739, 50.698160971286065 ], [ -3.49657587412846, 50.698198188698484 ], [ -3.49657816469216, 50.698270107406522 ] ] ] } },
{ "type": "Feature", "properties": { "max_height": 9.6777524948120117, "mean_height": 1.5146777629852295, "std_height": 2.2460644245147705, "count_pixels": 41, "percent_cover": 0.050571706980129021, "percent_above_0.1m": 68.292682926829272, "low_level_<0.5": 9.7560975609756095, "mid_level_0.5-2": 39.024390243902438, "tall_2+": 19.512195121951219 }, "geometry": { "type": "Polygon", "coordinates": [ [ [ -3.499425518175885, 50.698341468686266 ], [ -3.49952473185149, 50.698376167688416 ], [ -3.499621650199165, 50.698338947720778 ], [ -3.499619354728012, 50.698267028827381 ], [ -3.499520141224853, 50.698232329913637 ], [ -3.499423223020401, 50.698269549804877 ], [ -3.499425518175885, 50.698341468686266 ] ] ] } },
{ "type": "Feature", "properties": { "max_height": 3.5175018310546875, "mean_height": 0.39355558156967163, "std_height": 0.82109469175338745, "count_pixels": 41, "percent_cover": 0.050571706980129021, "percent_above_0.1m": 29.268292682926827, "low_level_<0.5": 7.3170731707317067, "mid_level_0.5-2": 12.195121951219512, "tall_2+": 7.3170731707317067 }, "geometry": { "type": "Polygon", "coordinates": [ [ [ -3.499229386123377, 50.69834398932057 ], [ -3.49932859965576, 50.6983786884823 ], [ -3.499425518175884, 50.698341468686266 ], [ -3.4994232230204, 50.698269549804877 ], [ -3.49932400966046, 50.698234850731531 ], [ -3.499227091283561, 50.698272070451161 ], [ -3.499229386123377, 50.69834398932057 ] ] ] } },
{ "type": "Feature", "properties": { "max_height": 6.8082513809204102, "mean_height": 1.2056409120559692, "std_height": 2.1232542991638184, "count_pixels": 41, "percent_cover": 0.050571706980129021, "percent_above_0.1m": 34.146341463414636, "low_level_<0.5": 4.8780487804878048, "mid_level_0.5-2": 4.8780487804878048, "tall_2+": 24.390243902439025 }, "geometry": { "type": "Polygon", "coordinates": [ [ [ -3.499033254041647, 50.698346509623654 ], [ -3.499132467430806, 50.698381208944987 ], [ -3.499229386123377, 50.69834398932057 ], [ -3.499227091283561, 50.698272070451161 ], [ -3.499127878066842, 50.698237371218227 ], [ -3.4990309595175, 50.698274590766268 ], [ -3.499033254041647, 50.698346509623654 ] ] ] } },
{ "type": "Feature", "properties": { "max_height": 13.673501968383789, "mean_height": 7.5972452163696289, "std_height": 4.3054943084716797, "count_pixels": 43, "percent_cover": 0.053038619515745074, "percent_above_0.1m": 93.023255813953483, "low_level_<0.5": 2.3255813953488373, "mid_level_0.5-2": 4.6511627906976747, "tall_2+": 86.04651162790698 }, "geometry": { "type": "Polygon", "coordinates": [ [ [ -3.498837121930699, 50.698349029595548 ], [ -3.498936335176631, 50.698383729076475 ], [ -3.499033254041646, 50.698346509623654 ], [ -3.499030959517499, 50.698274590766268 ], [ -3.498931746444005, 50.698239891373731 ], [ -3.498834827722219, 50.698277110750169 ], [ -3.498837121930699, 50.698349029595548 ] ] ] } },
{ "type": "Feature", "properties": { "max_height": 9.8065013885498047, "mean_height": 0.93426799774169922, "std_height": 2.3964865207672119, "count_pixels": 43, "percent_cover": 0.053038619515745074, "percent_above_0.1m": 18.604651162790699, "low_level_<0.5": 0.0, "mid_level_0.5-2": 4.6511627906976747, "tall_2+": 13.953488372093023 }, "geometry": { "type": "Polygon", "coordinates": [ [ [ -3.498640989790534, 50.698351549236243 ], [ -3.498740202893239, 50.69838624887678 ], [ -3.498837121930698, 50.698349029595548 ], [ -3.498834827722218, 50.698277110750169 ], [ -3.49873561479195, 50.698242411198031 ], [ -3.498638695897724, 50.698279630402865 ], [ -3.498640989790534, 50.698351549236243 ] ] ] } },
{ "type": "Feature", "properties": { "max_height": 0.00075054168701171875, "mean_height": 5.8662059018388391e-05, "std_height": 0.00026864197570830584, "count_pixels": 43, "percent_cover": 0.053038619515745074, "percent_above_0.1m": 0.0, "low_level_<0.5": 0.0, "mid_level_0.5-2": 0.0, "tall_2+": 0.0 }, "geometry": { "type": "Polygon", "coordinates": [ [ [ -3.498444857621159, 50.698354068545747 ], [ -3.498544070580635, 50.698388768345879 ], [ -3.498640989790534, 50.698351549236243 ], [ -3.498638695897723, 50.698279630402865 ], [ -3.498539483110683, 50.698244930691146 ], [ -3.498442564044018, 50.698282149724378 ], [ -3.498444857621159, 50.698354068545747 ] ] ] } },
{ "type": "Feature", "properties": { "max_height": 0.00050067901611328125, "mean_height": -0.00032839021878316998, "std_height": 0.0011472761398181319, "count_pixels": 38, "percent_cover": 0.046871338176704948, "percent_above_0.1m": 0.0, "low_level_<0.5": 0.0, "mid_level_0.5-2": 0.0, "tall_2+": 0.0 }, "geometry": { "type": "Polygon", "coordinates": [ [ [ -3.498248725422576, 50.698356587524046 ], [ -3.49834793823882, 50.698391287483773 ], [ -3.498444857621158, 50.698354068545747 ], [ -3.498442564044017, 50.698282149724378 ], [ -3.498343351400206, 50.698247449853064 ], [ -3.498246432161104, 50.698284668714692 ], [ -3.498248725422576, 50.698356587524046 ] ] ] } },
{ "type": "Feature", "properties": { "max_height": 0.79549980163574219, "mean_height": 0.040256321430206299, "std_height": 0.14868780970573425, "count_pixels": 43, "percent_cover": 0.053038619515745074, "percent_above_0.1m": 9.3023255813953494, "low_level_<0.5": 4.6511627906976747, "mid_level_0.5-2": 4.6511627906976747, "tall_2+": 0.0 }, "geometry": { "type": "Polygon", "coordinates": [ [ [ -3.498052593194791, 50.698359106171168 ], [ -3.4981518058678, 50.698393806290483 ], [ -3.498248725422576, 50.698356587524046 ], [ -3.498246432161103, 50.698284668714692 ], [ -3.498147219660525, 50.698249968683783 ], [ -3.498050300248988, 50.698287187373822 ], [ -3.498052593194791, 50.698359106171168 ] ] ] } },
{ "type": "Feature", "properties": { "max_height": 0.00050067901611328125, "mean_height": -0.00012737096403725445, "std_height": 0.00040841667214408517, "count_pixels": 43, "percent_cover": 0.053038619515745074, "percent_above_0.1m": 0.0, "low_level_<0.5": 0.0, "mid_level_0.5-2": 0.0, "tall_2+": 0.0 }, "geometry": { "type": "Polygon", "coordinates": [ [ [ -3.497856460937805, 50.698361624487077 ], [ -3.49795567346758, 50.698396324765987 ], [ -3.49805259319479, 50.698359106171168 ], [ -3.498050300248987, 50.698287187373822 ], [ -3.497951087891642, 50.698252487183304 ], [ -3.497854168307672, 50.69828970570174 ], [ -3.497856460937805, 50.698361624487077 ] ] ] } },
{ "type": "Feature", "properties": { "max_height": 0.0005016326904296875, "mean_height": -0.00010989433212671429, "std_height": 0.00079110526712611318, "count_pixels": 43, "percent_cover": 0.053038619515745074, "percent_above_0.1m": 0.0, "low_level_<0.5": 0.0, "mid_level_0.5-2": 0.0, "tall_2+": 0.0 }, "geometry": { "type": "Polygon", "coordinates": [ [ [ -3.497660328651625, 50.698364142471789 ], [ -3.497759541038161, 50.698398842910294 ], [ -3.497856460937805, 50.698361624487077 ], [ -3.497854168307671, 50.69828970570174 ], [ -3.497754956093563, 50.698255005351641 ], [ -3.497658036337161, 50.698292223698473 ], [ -3.497660328651625, 50.698364142471789 ] ] ] } },
{ "type": "Feature", "properties": { "max_height": 0.010001182556152344, "mean_height": -1.7584823581273668e-05, "std_height": 0.0019027617527171969, "count_pixels": 41, "percent_cover": 0.050571706980129021, "percent_above_0.1m": 0.0, "low_level_<0.5": 0.0, "mid_level_0.5-2": 0.0, "tall_2+": 0.0 }, "geometry": { "type": "Polygon", "coordinates": [ [ [ -3.497464196336252, 50.698366660125302 ], [ -3.497563408579548, 50.698401360723402 ], [ -3.497660328651624, 50.698364142471789 ], [ -3.49765803633716, 50.698292223698473 ], [ -3.49755882426629, 50.698257523188772 ], [ -3.497461904337458, 50.698294741363988 ], [ -3.497464196336252, 50.698366660125302 ] ] ] } },
{ "type": "Feature", "properties": { "max_height": 0.010000228881835938, "mean_height": 0.00051900814287364483, "std_height": 0.0022245885338634253, "count_pixels": 41, "percent_cover": 0.050571706980129021, "percent_above_0.1m": 0.0, "low_level_<0.5": 0.0, "mid_level_0.5-2": 0.0, "tall_2+": 0.0 }, "geometry": { "type": "Polygon", "coordinates": [ [ [ -3.497268063991692, 50.698369177447624 ], [ -3.497367276091746, 50.698403878205319 ], [ -3.497464196336252, 50.698366660125302 ], [ -3.497461904337457, 50.698294741363988 ], [ -3.497362692409828, 50.698260040694706 ], [ -3.497265772308567, 50.698297258698332 ], [ -3.497268063991692, 50.698369177447624 ] ] ] } },
{ "type": "Feature", "properties": { "max_height": 0.0082502365112304688, "mean_height": -0.0001031596475513652, "std_height": 0.0017468095757067204, "count_pixels": 41, "percent_cover": 0.050571706980129021, "percent_above_0.1m": 0.0, "low_level_<0.5": 0.0, "mid_level_0.5-2": 0.0, "tall_2+": 0.0 }, "geometry": { "type": "Polygon", "coordinates": [ [ [ -3.497071931617948, 50.698371694438762 ], [ -3.497171143574758, 50.698406395356031 ], [ -3.497268063991691, 50.698369177447624 ], [ -3.497265772308567, 50.698297258698332 ], [ -3.497166560524179, 50.698262557869448 ], [ -3.497069640250493, 50.698299775701457 ], [ -3.497071931617948, 50.698371694438762 ] ] ] } },
{ "type": "Feature", "properties": { "max_height": 0.011249542236328125, "mean_height": 4.3427073251223192e-05, "std_height": 0.0023083607666194439, "count_pixels": 41, "percent_cover": 0.050571706980129021, "percent_above_0.1m": 0.0, "low_level_<0.5": 0.0, "mid_level_0.5-2": 0.0, "tall_2+": 0.0 }, "geometry": { "type": "Polygon", "coordinates": [ [ [ -3.496875799215024, 50.698374211098688 ], [ -3.496975011028588, 50.698408912175559 ], [ -3.497071931617947, 50.698371694438762 ], [ -3.497069640250492, 50.698299775701457 ], [ -3.496970428609349, 50.698265074712999 ], [ -3.49687350816324, 50.698302292373413 ], [ -3.496875799215024, 50.698374211098688 ] ] ] } },
{ "type": "Feature", "properties": { "max_height": 0.0025005340576171875, "mean_height": -0.0014992923242971301, "std_height": 0.0034348987974226475, "count_pixels": 41, "percent_cover": 0.050571706980129021, "percent_above_0.1m": 0.0, "low_level_<0.5": 0.0, "mid_level_0.5-2": 0.0, "tall_2+": 0.0 }, "geometry": { "type": "Polygon", "coordinates": [ [ [ -3.496679666782924, 50.69837672742743 ], [ -3.496778878453239, 50.698411428663889 ], [ -3.496875799215023, 50.698374211098688 ], [ -3.496873508163239, 50.698302292373413 ], [ -3.496774296665341, 50.69826759122536 ], [ -3.49667737604681, 50.69830480871417 ], [ -3.496679666782924, 50.69837672742743 ] ] ] } },
{ "type": "Feature", "properties": { "max_height": 1.675750732421875, "mean_height": 0.45140308141708374, "std_height": 0.47709795832633972, "count_pixels": 41, "percent_cover": 0.050571706980129021, "percent_above_0.1m": 58.536585365853654, "low_level_<0.5": 9.7560975609756095, "mid_level_0.5-2": 43.902439024390247, "tall_2+": 0.0 }, "geometry": { "type": "Polygon", "coordinates": [ [ [ -3.496483534321651, 50.698379243424981 ], [ -3.496582745848718, 50.69841394482102 ], [ -3.496679666782923, 50.69837672742743 ], [ -3.496677376046809, 50.69830480871417 ], [ -3.49657816469216, 50.698270107406522 ], [ -3.496481243901207, 50.698307324723721 ], [ -3.496483534321651, 50.698379243424981 ] ] ] } },
{ "type": "Feature", "properties": { "max_height": 5.3977508544921875, "mean_height": 0.97504717111587524, "std_height": 1.0948104858398438, "count_pixels": 43, "percent_cover": 0.053038619515745074, "percent_above_0.1m": 72.093023255813947, "low_level_<0.5": 16.279069767441861, "mid_level_0.5-2": 39.534883720930232, "tall_2+": 13.953488372093023 }, "geometry": { "type": "Polygon", "coordinates": [ [ [ -3.499527027179414, 50.698448086574999 ], [ -3.499626241170685, 50.698482785505945 ], [ -3.499723159661584, 50.698445565461917 ], [ -3.49972086401799, 50.698373646563333 ], [ -3.499621650199165, 50.698338947720778 ], [ -3.49952473185149, 50.698376167688416 ], [ -3.499527027179414, 50.698448086574999 ] ] ] } },
{ "type": "Feature", "properties": { "max_height": 9.3067512512207031, "mean_height": 0.47573307156562805, "std_height": 1.5302684307098389, "count_pixels": 43, "percent_cover": 0.053038619515745074, "percent_above_0.1m": 18.604651162790699, "low_level_<0.5": 2.3255813953488373, "mid_level_0.5-2": 4.6511627906976747, "tall_2+": 11.627906976744185 }, "geometry": { "type": "Polygon", "coordinates": [ [ [ -3.499330894668015, 50.698450607356882 ], [ -3.499430108516064, 50.698485306447431 ], [ -3.499527027179413, 50.698448086574999 ], [ -3.499524731851488, 50.698376167688416 ], [ -3.499425518175884, 50.698341468686266 ], [ -3.49932859965576, 50.6983786884823 ], [ -3.499330894668015, 50.698450607356882 ] ] ] } },
{ "type": "Feature", "properties": { "max_height": 0.00075054168701171875, "mean_height": 4.1274135583080351e-05, "std_height": 0.00025822481256909668, "count_pixels": 43, "percent_cover": 0.053038619515745074, "percent_above_0.1m": 0.0, "low_level_<0.5": 0.0, "mid_level_0.5-2": 0.0, "tall_2+": 0.0 }, "geometry": { "type": "Polygon", "coordinates": [ [ [ -3.499134762127391, 50.698453127807561 ], [ -3.499233975832216, 50.698487827057718 ], [ -3.499330894668014, 50.698450607356882 ], [ -3.499328599655759, 50.6983786884823 ], [ -3.499229386123377, 50.69834398932057 ], [ -3.499132467430806, 50.698381208944987 ], [ -3.499134762127391, 50.698453127807561 ] ] ] } },
{ "type": "Feature", "properties": { "max_height": 1.0649995803833008, "mean_height": 0.026000604033470154, "std_height": 0.16428053379058838, "count_pixels": 41, "percent_cover": 0.050571706980129021, "percent_above_0.1m": 2.4390243902439024, "low_level_<0.5": 0.0, "mid_level_0.5-2": 2.4390243902439024, "tall_2+": 0.0 }, "geometry": { "type": "Polygon", "coordinates": [ [ [ -3.498938629557545, 50.698455647927048 ], [ -3.499037843119145, 50.698490347336801 ], [ -3.49913476212739, 50.698453127807561 ], [ -3.499132467430805, 50.698381208944987 ], [ -3.499033254041646, 50.698346509623654 ], [ -3.498936335176631, 50.698383729076475 ], [ -3.498938629557545, 50.698455647927048 ] ] ] } },
{ "type": "Feature", "properties": { "max_height": 10.795249938964844, "mean_height": 1.5945249795913696, "std_height": 3.2727985382080078, "count_pixels": 41, "percent_cover": 0.050571706980129021, "percent_above_0.1m": 26.829268292682929, "low_level_<0.5": 2.4390243902439024, "mid_level_0.5-2": 2.4390243902439024, "tall_2+": 21.951219512195124 }, "geometry": { "type": "Polygon", "coordinates": [ [ [ -3.498742496958482, 50.698458167715344 ], [ -3.498841710376855, 50.698492867284685 ], [ -3.498938629557545, 50.698455647927048 ], [ -3.49893633517663, 50.698383729076475 ], [ -3.498837121930698, 50.698349029595548 ], [ -3.498740202893239, 50.69838624887678 ], [ -3.498742496958482, 50.698458167715344 ] ] ] } },
{ "type": "Feature", "properties": { "max_height": 0.0012502670288085938, "mean_height": 1.2979275197722018e-05, "std_height": 0.00041657916153781116, "count_pixels": 41, "percent_cover": 0.050571706980129021, "percent_above_0.1m": 0.0, "low_level_<0.5": 0.0, "mid_level_0.5-2": 0.0, "tall_2+": 0.0 }, "geometry": { "type": "Polygon", "coordinates": [ [ [ -3.498546364330207, 50.698460687172435 ], [ -3.49864557760535, 50.698495386901371 ], [ -3.498742496958481, 50.698458167715344 ], [ -3.498740202893238, 50.69838624887678 ], [ -3.498640989790534, 50.698351549236243 ], [ -3.498544070580635, 50.698388768345879 ], [ -3.498546364330207, 50.698460687172435 ] ] ] } },
{ "type": "Feature", "properties": { "max_height": 0.00075054168701171875, "mean_height": -1.1513872777868528e-05, "std_height": 0.00033558724680915475, "count_pixels": 41, "percent_cover": 0.050571706980129021, "percent_above_0.1m": 0.0, "low_level_<0.5": 0.0, "mid_level_0.5-2": 0.0, "tall_2+": 0.0 }, "geometry": { "type": "Polygon", "coordinates": [ [ [ -3.498350231672722, 50.698463206298321 ], [ -3.498449444804632, 50.698497906186844 ], [ -3.498546364330206, 50.698460687172435 ], [ -3.498544070580634, 50.698388768345879 ], [ -3.498444857621158, 50.698354068545747 ], [ -3.49834793823882, 50.698391287483773 ], [ -3.498350231672722, 50.698463206298321 ] ] ] } },
{ "type": "Feature", "properties": { "max_height": 0.0010004043579101562, "mean_height": -0.00052384630544111133, "std_height": 0.0021183479111641645, "count_pixels": 41, "percent_cover": 0.050571706980129021, "percent_above_0.1m": 0.0, "low_level_<0.5": 0.0, "mid_level_0.5-2": 0.0, "tall_2+": 0.0 }, "geometry": { "type": "Polygon", "coordinates": [ [ [ -3.498154098986031, 50.698465725093023 ], [ -3.498253311974709, 50.698500425141148 ], [ -3.498350231672721, 50.698463206298321 ], [ -3.498347938238819, 50.698391287483773 ], [ -3.498248725422576, 50.698356587524046 ], [ -3.4981518058678, 50.698393806290483 ], [ -3.498154098986031, 50.698465725093023 ] ] ] } },
{ "type": "Feature", "properties": { "max_height": 0.60150051116943359, "mean_height": 0.03583000972867012, "std_height": 0.13196122646331787, "count_pixels": 41, "percent_cover": 0.050571706980129021, "percent_above_0.1m": 7.3170731707317067, "low_level_<0.5": 2.4390243902439024, "mid_level_0.5-2": 4.8780487804878048, "tall_2+": 0.0 }, "geometry": { "type": "Polygon", "coordinates": [ [ [ -3.497957966270139, 50.698468243556512 ], [ -3.49805717911558, 50.69850294376424 ], [ -3.49815409898603, 50.698465725093023 ], [ -3.498151805867799, 50.698393806290483 ], [ -3.49805259319479, 50.698359106171168 ], [ -3.49795567346758, 50.698396324765987 ], [ -3.497957966270139, 50.698468243556512 ] ] ] } },
{ "type": "Feature", "properties": { "max_height": 0.006000518798828125, "mean_height": -0.00042629241943359375, "std_height": 0.0021536201238632202, "count_pixels": 41, "percent_cover": 0.050571706980129021, "percent_above_0.1m": 0.0, "low_level_<0.5": 0.0, "mid_level_0.5-2": 0.0, "tall_2+": 0.0 }, "geometry": { "type": "Polygon", "coordinates": [ [ [ -3.497761833525049, 50.69847076168881 ], [ -3.497861046227253, 50.69850546205614 ], [ -3.497957966270139, 50.698468243556512 ], [ -3.497955673467579, 50.698396324765987 ], [ -3.497856460937805, 50.698361624487077 ], [ -3.497759541038161, 50.698398842910294 ], [ -3.497761833525049, 50.69847076168881 ] ] ] } },
{ "type": "Feature", "properties": { "max_height": 0.0037508010864257812, "mean_height": -0.00015789124881848693, "std_height": 0.0013499862980097532, "count_pixels": 41, "percent_cover": 0.050571706980129021, "percent_above_0.1m": 0.0, "low_level_<0.5": 0.0, "mid_level_0.5-2": 0.0, "tall_2+": 0.0 }, "geometry": { "type": "Polygon", "coordinates": [ [ [ -3.497565700750765, 50.69847327948991 ], [ -3.497664913309728, 50.698507980016821 ], [ -3.497761833525047, 50.69847076168881 ], [ -3.497759541038159, 50.698398842910294 ], [ -3.497660328651624, 50.698364142471789 ], [ -3.497563408579548, 50.698401360723402 ], [ -3.497565700750765, 50.69847327948991 ] ] ] } },
{ "type": "Feature", "properties": { "max_height": 0.0097503662109375, "mean_height": 9.9514807516243309e-05, "std_height": 0.0023015134502202272, "count_pixels": 43, "percent_cover": 0.053038619515745074, "percent_above_0.1m": 0.0, "low_level_<0.5": 0.0, "mid_level_0.5-2": 0.0, "tall_2+": 0.0 }, "geometry": { "type": "Polygon", "coordinates": [ [ [ -3.49736956794729, 50.698475796959812 ], [ -3.497468780363012, 50.698510497646318 ], [ -3.497565700750764, 50.69847327948991 ], [ -3.497563408579548, 50.698401360723402 ], [ -3.497464196336252, 50.698366660125302 ], [ -3.497367276091746, 50.698403878205319 ], [ -3.49736956794729, 50.698475796959812 ] ] ] } },
{ "type": "Feature", "properties": { "max_height": 0.97175025939941406, "mean_height": 0.070000603795051575, "std_height": 0.20517343282699585, "count_pixels": 43, "percent_cover": 0.053038619515745074, "percent_above_0.1m": 13.953488372093023, "low_level_<0.5": 4.6511627906976747, "mid_level_0.5-2": 6.9767441860465116, "tall_2+": 0.0 }, "geometry": { "type": "Polygon", "coordinates": [ [ [ -3.497173435114631, 50.698478314098523 ], [ -3.497272647387109, 50.698513014944609 ], [ -3.497369567947289, 50.698475796959812 ], [ -3.497367276091745, 50.698403878205319 ], [ -3.497268063991691, 50.698369177447624 ], [ -3.497171143574758, 50.698406395356031 ], [ -3.497173435114631, 50.698478314098523 ] ] ] } },
{ "type": "Feature", "properties": { "max_height": 0.0227508544921875, "mean_height": 0.00041527496068738401, "std_height": 0.0053591183386743069, "count_pixels": 38, "percent_cover": 0.046871338176704948, "percent_above_0.1m": 0.0, "low_level_<0.5": 0.0, "mid_level_0.5-2": 0.0, "tall_2+": 0.0 }, "geometry": { "type": "Polygon", "coordinates": [ [ [ -3.496977302252788, 50.698480830906036 ], [ -3.497076514382021, 50.698515531911724 ], [ -3.49717343511463, 50.698478314098523 ], [ -3.497171143574757, 50.698406395356031 ], [ -3.497071931617947, 50.698371694438762 ], [ -3.496975011028588, 50.698408912175559 ], [ -3.496977302252788, 50.698480830906036 ] ] ] } },
{ "type": "Feature", "properties": { "max_height": 0.014249801635742188, "mean_height": 0.00026811554562300444, "std_height": 0.0030842015985399485, "count_pixels": 43, "percent_cover": 0.053038619515745074, "percent_above_0.1m": 0.0, "low_level_<0.5": 0.0, "mid_level_0.5-2": 0.0, "tall_2+": 0.0 }, "geometry": { "type": "Polygon", "coordinates": [ [ [ -3.496781169361768, 50.698483347382343 ], [ -3.496880381347753, 50.698518048547633 ], [ -3.496977302252788, 50.698480830906036 ], [ -3.496975011028587, 50.698408912175559 ], [ -3.496875799215023, 50.698374211098688 ], [ -3.496778878453239, 50.698411428663889 ], [ -3.496781169361768, 50.698483347382343 ] ] ] } },
{ "type": "Feature", "properties": { "max_height": 1.131251335144043, "mean_height": 0.090436622500419617, "std_height": 0.24253401160240173, "count_pixels": 43, "percent_cover": 0.053038619515745074, "percent_above_0.1m": 13.953488372093023, "low_level_<0.5": 4.6511627906976747, "mid_level_0.5-2": 9.3023255813953494, "tall_2+": 0.0 }, "geometry": { "type": "Polygon", "coordinates": [ [ [ -3.496585036441573, 50.698485863527459 ], [ -3.496684248284308, 50.69852056485233 ], [ -3.496781169361767, 50.698483347382343 ], [ -3.496778878453238, 50.698411428663889 ], [ -3.496679666782923, 50.69837672742743 ], [ -3.496582745848718, 50.69841394482102 ], [ -3.496585036441573, 50.698485863527459 ] ] ] } },
{ "type": "Feature", "properties": { "max_height": 4.8417510986328125, "mean_height": 1.8601460456848145, "std_height": 1.8836188316345215, "count_pixels": 43, "percent_cover": 0.053038619515745074, "percent_above_0.1m": 69.767441860465112, "low_level_<0.5": 9.3023255813953494, "mid_level_0.5-2": 16.279069767441861, "tall_2+": 44.186046511627907 }, "geometry": { "type": "Polygon", "coordinates": [ [ [ -3.496388903492208, 50.698488379341377 ], [ -3.496488115191691, 50.698523080825844 ], [ -3.496585036441572, 50.698485863527459 ], [ -3.496582745848717, 50.69841394482102 ], [ -3.496483534321651, 50.698379243424981 ], [ -3.496386613215024, 50.698416460646953 ], [ -3.496388903492208, 50.698488379341377 ] ] ] } },
{ "type": "Feature", "properties": { "max_height": 10.920501708984375, "mean_height": 4.8618121147155762, "std_height": 3.5975821018218994, "count_pixels": 41, "percent_cover": 0.050571706980129021, "percent_above_0.1m": 90.243902439024396, "low_level_<0.5": 2.4390243902439024, "mid_level_0.5-2": 9.7560975609756095, "tall_2+": 73.170731707317074 }, "geometry": { "type": "Polygon", "coordinates": [ [ [ -3.499628536671053, 50.698554704397743 ], [ -3.499727750977992, 50.6985894032575 ], [ -3.499824669612114, 50.698552183137068 ], [ -3.499822373796075, 50.698480264233268 ], [ -3.499723159661584, 50.698445565461917 ], [ -3.499626241170686, 50.698482785505945 ], [ -3.499628536671053, 50.698554704397743 ] ] ] } },
{ "type": "Feature", "properties": { "max_height": 6.0452499389648438, "mean_height": 0.47660437226295471, "std_height": 1.3947311639785767, "count_pixels": 41, "percent_cover": 0.050571706980129021, "percent_above_0.1m": 19.512195121951219, "low_level_<0.5": 0.0, "mid_level_0.5-2": 9.7560975609756095, "tall_2+": 7.3170731707317067 }, "geometry": { "type": "Polygon", "coordinates": [ [ [ -3.499432403700761, 50.698557225327228 ], [ -3.499531617864478, 50.698591924346573 ], [ -3.499628536671052, 50.698554704397743 ], [ -3.499626241170685, 50.698482785505945 ], [ -3.499527027179414, 50.698448086574999 ], [ -3.499430108516065, 50.698485306447431 ], [ -3.499432403700761, 50.698557225327228 ] ] ] } },
{ "type": "Feature", "properties": { "max_height": 0.00050067901611328125, "mean_height": -0.00011527829337865114, "std_height": 0.00058716174680739641, "count_pixels": 41, "percent_cover": 0.050571706980129021, "percent_above_0.1m": 0.0, "low_level_<0.5": 0.0, "mid_level_0.5-2": 0.0, "tall_2+": 0.0 }, "geometry": { "type": "Polygon", "coordinates": [ [ [ -3.49923627070124, 50.698559745925493 ], [ -3.499335484721734, 50.698594445104447 ], [ -3.49943240370076, 50.698557225327228 ], [ -3.499430108516064, 50.698485306447431 ], [ -3.499330894668015, 50.698450607356882 ], [ -3.499233975832217, 50.698487827057718 ], [ -3.49923627070124, 50.698559745925493 ] ] ] } },
{ "type": "Feature", "properties": { "max_height": 0.0010004043579101562, "mean_height": -1.7584823581273668e-05, "std_height": 0.00033762134262360632, "count_pixels": 41, "percent_cover": 0.050571706980129021, "percent_above_0.1m": 0.0, "low_level_<0.5": 0.0, "mid_level_0.5-2": 0.0, "tall_2+": 0.0 }, "geometry": { "type": "Polygon", "coordinates": [ [ [ -3.499040137672497, 50.698562266192575 ], [ -3.499139351549766, 50.698596965531124 ], [ -3.49923627070124, 50.698559745925493 ], [ -3.499233975832216, 50.698487827057718 ], [ -3.499134762127391, 50.698453127807561 ], [ -3.499037843119146, 50.698490347336801 ], [ -3.499040137672497, 50.698562266192575 ] ] ] } },
{ "type": "Feature", "properties": { "max_height": 0.37800121307373047, "mean_height": 0.0086635099723935127, "std_height": 0.056995976716279984, "count_pixels": 43, "percent_cover": 0.053038619515745074, "percent_above_0.1m": 2.3255813953488373, "low_level_<0.5": 2.3255813953488373, "mid_level_0.5-2": 0.0, "tall_2+": 0.0 }, "geometry": { "type": "Polygon", "coordinates": [ [ [ -3.498844004614535, 50.698564786128458 ], [ -3.498943218348575, 50.698599485626602 ], [ -3.499040137672497, 50.698562266192575 ], [ -3.499037843119145, 50.698490347336801 ], [ -3.498938629557545, 50.698455647927048 ], [ -3.498841710376856, 50.698492867284685 ], [ -3.498844004614535, 50.698564786128458 ] ] ] } },
{ "type": "Feature", "properties": { "max_height": 0.0015001296997070312, "mean_height": 2.3886213966761716e-05, "std_height": 0.00055974622955545783, "count_pixels": 43, "percent_cover": 0.053038619515745074, "percent_above_0.1m": 0.0, "low_level_<0.5": 0.0, "mid_level_0.5-2": 0.0, "tall_2+": 0.0 }, "geometry": { "type": "Polygon", "coordinates": [ [ [ -3.498647871527357, 50.698567305733135 ], [ -3.498747085118168, 50.698602005390867 ], [ -3.498844004614534, 50.698564786128458 ], [ -3.498841710376855, 50.698492867284685 ], [ -3.498742496958482, 50.698458167715344 ], [ -3.498645577605351, 50.698495386901371 ], [ -3.498647871527357, 50.698567305733135 ] ] ] } },
{ "type": "Feature", "properties": { "max_height": 0.001251220703125, "mean_height": -0.00024349744489882141, "std_height": 0.0010405369102954865, "count_pixels": 43, "percent_cover": 0.053038619515745074, "percent_above_0.1m": 0.0, "low_level_<0.5": 0.0, "mid_level_0.5-2": 0.0, "tall_2+": 0.0 }, "geometry": { "type": "Polygon", "coordinates": [ [ [ -3.498451738410967, 50.698569825006622 ], [ -3.498550951858547, 50.698604524823949 ], [ -3.498647871527356, 50.698567305733135 ], [ -3.49864557760535, 50.698495386901371 ], [ -3.498546364330207, 50.698460687172435 ], [ -3.498449444804633, 50.698497906186844 ], [ -3.498451738410967, 50.698569825006622 ] ] ] } },
{ "type": "Feature", "properties": { "max_height": 21.140003204345703, "mean_height": 5.1510133743286133, "std_height": 7.4439291954040527, "count_pixels": 38, "percent_cover": 0.046871338176704948, "percent_above_0.1m": 42.105263157894733, "low_level_<0.5": 2.6315789473684208, "mid_level_0.5-2": 2.6315789473684208, "tall_2+": 36.84210526315789 }, "geometry": { "type": "Polygon", "coordinates": [ [ [ -3.49825560526537, 50.698572343948904 ], [ -3.498354818569716, 50.698607043925826 ], [ -3.498451738410966, 50.698569825006622 ], [ -3.498449444804632, 50.698497906186844 ], [ -3.498350231672722, 50.698463206298321 ], [ -3.49825331197471, 50.698500425141148 ], [ -3.49825560526537, 50.698572343948904 ] ] ] } },
{ "type": "Feature", "properties": { "max_height": 20.180252075195312, "mean_height": 4.7674078941345215, "std_height": 6.6501708030700684, "count_pixels": 43, "percent_cover": 0.053038619515745074, "percent_above_0.1m": 48.837209302325576, "low_level_<0.5": 4.6511627906976747, "mid_level_0.5-2": 4.6511627906976747, "tall_2+": 39.534883720930232 }, "geometry": { "type": "Polygon", "coordinates": [ [ [ -3.498059472090568, 50.698574862559987 ], [ -3.49815868525168, 50.698609562696497 ], [ -3.498255605265369, 50.698572343948904 ], [ -3.498253311974709, 50.698500425141148 ], [ -3.498154098986031, 50.698465725093023 ], [ -3.49805717911558, 50.69850294376424 ], [ -3.498059472090568, 50.698574862559987 ] ] ] } },
{ "type": "Feature", "properties": { "max_height": 0.0012502670288085938, "mean_height": -0.0003888551436830312, "std_height": 0.0017018627841025591, "count_pixels": 43, "percent_cover": 0.053038619515745074, "percent_above_0.1m": 0.0, "low_level_<0.5": 0.0, "mid_level_0.5-2": 0.0, "tall_2+": 0.0 }, "geometry": { "type": "Polygon", "coordinates": [ [ [ -3.497863338886567, 50.698577380839858 ], [ -3.497962551904441, 50.698612081135984 ], [ -3.498059472090568, 50.698574862559987 ], [ -3.49805717911558, 50.69850294376424 ], [ -3.497957966270139, 50.698468243556512 ], [ -3.497861046227253, 50.69850546205614 ], [ -3.497863338886567, 50.698577380839858 ] ] ] } },
{ "type": "Feature", "properties": { "max_height": 0.0015010833740234375, "mean_height": -0.00011570509377634153, "std_height": 0.00076131103560328484, "count_pixels": 43, "percent_cover": 0.053038619515745074, "percent_above_0.1m": 0.0, "low_level_<0.5": 0.0, "mid_level_0.5-2": 0.0, "tall_2+": 0.0 }, "geometry": { "type": "Polygon", "coordinates": [ [ [ -3.49766720565337, 50.698579898788545 ], [ -3.497766418528004, 50.698614599244259 ], [ -3.497863338886567, 50.698577380839858 ], [ -3.497861046227253, 50.69850546205614 ], [ -3.497761833525049, 50.69847076168881 ], [ -3.497664913309729, 50.698507980016821 ], [ -3.49766720565337, 50.698579898788545 ] ] ] } },
{ "type": "Feature", "properties": { "max_height": 0.0010013580322265625, "mean_height": -0.00044448202243074775, "std_height": 0.0012500506127253175, "count_pixels": 41, "percent_cover": 0.050571706980129021, "percent_above_0.1m": 0.0, "low_level_<0.5": 0.0, "mid_level_0.5-2": 0.0, "tall_2+": 0.0 }, "geometry": { "type": "Polygon", "coordinates": [ [ [ -3.497471072390981, 50.698582416406026 ], [ -3.497570285122372, 50.698617117021335 ], [ -3.497667205653369, 50.698579898788545 ], [ -3.497664913309728, 50.698507980016821 ], [ -3.497565700750765, 50.69847327948991 ], [ -3.497468780363013, 50.698510497646318 ], [ -3.497471072390981, 50.698582416406026 ] ] ] } },
{ "type": "Feature", "properties": { "max_height": 0.037000656127929688, "mean_height": 0.0011166130425408483, "std_height": 0.0069104079157114029, "count_pixels": 41, "percent_cover": 0.050571706980129021, "percent_above_0.1m": 0.0, "low_level_<0.5": 0.0, "mid_level_0.5-2": 0.0, "tall_2+": 0.0 }, "geometry": { "type": "Polygon", "coordinates": [ [ [ -3.497274939099403, 50.698584933692317 ], [ -3.497374151687552, 50.698619634467221 ], [ -3.49747107239098, 50.698582416406026 ], [ -3.497468780363012, 50.698510497646318 ], [ -3.49736956794729, 50.698475796959812 ], [ -3.497272647387109, 50.698513014944609 ], [ -3.497274939099403, 50.698584933692317 ] ] ] } },
{ "type": "Feature", "properties": { "max_height": 0.023001670837402344, "mean_height": 0.0022566725965589285, "std_height": 0.0069117974489927292, "count_pixels": 41, "percent_cover": 0.050571706980129021, "percent_above_0.1m": 0.0, "low_level_<0.5": 0.0, "mid_level_0.5-2": 0.0, "tall_2+": 0.0 }, "geometry": { "type": "Polygon", "coordinates": [ [ [ -3.497078805778641, 50.698587450647402 ], [ -3.497178018223544, 50.698622151581894 ], [ -3.497274939099403, 50.698584933692317 ], [ -3.497272647387109, 50.698513014944609 ], [ -3.497173435114631, 50.698478314098523 ], [ -3.497076514382022, 50.698515531911724 ], [ -3.497078805778641, 50.698587450647402 ] ] ] } },
{ "type": "Feature", "properties": { "max_height": 0.028250694274902344, "mean_height": -0.00012739693920593709, "std_height": 0.00531765166670084, "count_pixels": 41, "percent_cover": 0.050571706980129021, "percent_above_0.1m": 0.0, "low_level_<0.5": 0.0, "mid_level_0.5-2": 0.0, "tall_2+": 0.0 }, "geometry": { "type": "Polygon", "coordinates": [ [ [ -3.496882672428699, 50.698589967271289 ], [ -3.496981884730354, 50.698624668365383 ], [ -3.497078805778641, 50.698587450647402 ], [ -3.497076514382021, 50.698515531911724 ], [ -3.496977302252788, 50.698480830906036 ], [ -3.496880381347754, 50.698518048547633 ], [ -3.496882672428699, 50.698589967271289 ] ] ] } },
{ "type": "Feature", "properties": { "max_height": 0.019500732421875, "mean_height": -4.2101233702851459e-05, "std_height": 0.0044392701238393784, "count_pixels": 41, "percent_cover": 0.050571706980129021, "percent_above_0.1m": 0.0, "low_level_<0.5": 0.0, "mid_level_0.5-2": 0.0, "tall_2+": 0.0 }, "geometry": { "type": "Polygon", "coordinates": [ [ [ -3.49668653904958, 50.698592483563978 ], [ -3.496785751207986, 50.698627184817667 ], [ -3.496882672428698, 50.698589967271289 ], [ -3.496880381347753, 50.698518048547633 ], [ -3.496781169361768, 50.698483347382343 ], [ -3.496684248284309, 50.69852056485233 ], [ -3.49668653904958, 50.698592483563978 ] ] ] } },
{ "type": "Feature", "properties": { "max_height": 1.1987504959106445, "mean_height": 0.15550664067268372, "std_height": 0.32357758283615112, "count_pixels": 41, "percent_cover": 0.050571706980129021, "percent_above_0.1m": 24.390243902439025, "low_level_<0.5": 4.8780487804878048, "mid_level_0.5-2": 17.073170731707318, "tall_2+": 0.0 }, "geometry": { "type": "Polygon", "coordinates": [ [ [ -3.496490405641289, 50.698594999525483 ], [ -3.496589617656443, 50.698629700938753 ], [ -3.49668653904958, 50.698592483563978 ], [ -3.496684248284308, 50.69852056485233 ], [ -3.496585036441573, 50.698485863527459 ], [ -3.496488115191692, 50.698523080825844 ], [ -3.496490405641289, 50.698594999525483 ] ] ] } },
{ "type": "Feature", "properties": { "max_height": 4.7725009918212891, "mean_height": 2.3397753238677979, "std_height": 1.9096404314041138, "count_pixels": 41, "percent_cover": 0.050571706980129021, "percent_above_0.1m": 87.804878048780495, "low_level_<0.5": 12.195121951219512, "mid_level_0.5-2": 19.512195121951219, "tall_2+": 51.219512195121951 }, "geometry": { "type": "Polygon", "coordinates": [ [ [ -3.496294272203829, 50.698597515155775 ], [ -3.496393484075728, 50.69863221672864 ], [ -3.496490405641288, 50.698594999525483 ], [ -3.496488115191691, 50.698523080825844 ], [ -3.496388903492208, 50.698488379341377 ], [ -3.496291982069906, 50.698525596468144 ], [ -3.496294272203829, 50.698597515155775 ] ] ] } },
{ "type": "Feature", "properties": { "max_height": 2.2692499160766602, "mean_height": 0.63948094844818115, "std_height": 0.75941562652587891, "count_pixels": 38, "percent_cover": 0.046871338176704948, "percent_above_0.1m": 63.157894736842103, "low_level_<0.5": 13.157894736842104, "mid_level_0.5-2": 34.210526315789473, "tall_2+": 10.526315789473683 }, "geometry": { "type": "Polygon", "coordinates": [ [ [ -3.499730046650804, 50.698661322154486 ], [ -3.499829261273412, 50.698696020943025 ], [ -3.499926180050758, 50.698658800746202 ], [ -3.499923884062272, 50.698586881837208 ], [ -3.499824669612114, 50.698552183137068 ], [ -3.499727750977992, 50.6985894032575 ], [ -3.499730046650804, 50.698661322154486 ] ] ] } },
{ "type": "Feature", "properties": { "max_height": 1.9975013732910156, "mean_height": 0.12328558415174484, "std_height": 0.40562942624092102, "count_pixels": 43, "percent_cover": 0.053038619515745074, "percent_above_0.1m": 11.627906976744185, "low_level_<0.5": 2.3255813953488373, "mid_level_0.5-2": 9.3023255813953494, "tall_2+": 0.0 }, "geometry": { "type": "Polygon", "coordinates": [ [ [ -3.499533913221617, 50.698663843231557 ], [ -3.499633127701003, 50.698698542179706 ], [ -3.499730046650803, 50.698661322154486 ], [ -3.499727750977991, 50.6985894032575 ], [ -3.499628536671052, 50.698554704397743 ], [ -3.499531617864478, 50.698591924346573 ], [ -3.499533913221617, 50.698663843231557 ] ] ] } },
{ "type": "Feature", "properties": { "max_height": 0.00075054168701171875, "mean_height": -6.3275183492805809e-05, "std_height": 0.00043163140071555972, "count_pixels": 43, "percent_cover": 0.053038619515745074, "percent_above_0.1m": 0.0, "low_level_<0.5": 0.0, "mid_level_0.5-2": 0.0, "tall_2+": 0.0 }, "geometry": { "type": "Polygon", "coordinates": [ [ [ -3.499337779763199, 50.698666363977438 ], [ -3.499436994099363, 50.698701063085188 ], [ -3.499533913221615, 50.698663843231557 ], [ -3.499531617864477, 50.698591924346573 ], [ -3.49943240370076, 50.698557225327228 ], [ -3.499335484721734, 50.698594445104447 ], [ -3.499337779763199, 50.698666363977438 ] ] ] } },
{ "type": "Feature", "properties": { "max_height": 0.00025177001953125, "mean_height": -0.00020863288955297321, "std_height": 0.00072919996455311775, "count_pixels": 43, "percent_cover": 0.053038619515745074, "percent_above_0.1m": 0.0, "low_level_<0.5": 0.0, "mid_level_0.5-2": 0.0, "tall_2+": 0.0 }, "geometry": { "type": "Polygon", "coordinates": [ [ [ -3.499141646275556, 50.698668884392106 ], [ -3.499240860468494, 50.698703583659459 ], [ -3.499337779763198, 50.698666363977438 ], [ -3.499335484721733, 50.698594445104447 ], [ -3.49923627070124, 50.698559745925493 ], [ -3.499139351549766, 50.698596965531124 ], [ -3.499141646275556, 50.698668884392106 ] ] ] } },
{ "type": "Feature", "properties": { "max_height": 0.70325088500976562, "mean_height": 0.024683557450771332, "std_height": 0.11717435717582703, "count_pixels": 41, "percent_cover": 0.050571706980129021, "percent_above_0.1m": 4.8780487804878048, "low_level_<0.5": 2.4390243902439024, "mid_level_0.5-2": 2.4390243902439024, "tall_2+": 0.0 }, "geometry": { "type": "Polygon", "coordinates": [ [ [ -3.498945512758692, 50.698671404475569 ], [ -3.499044726808403, 50.698706103902524 ], [ -3.499141646275555, 50.698668884392106 ], [ -3.499139351549765, 50.698596965531124 ], [ -3.499040137672497, 50.698562266192575 ], [ -3.498943218348575, 50.698599485626602 ], [ -3.498945512758692, 50.698671404475569 ] ] ] } },
{ "type": "Feature", "properties": { "max_height": 0.5787506103515625, "mean_height": 0.028463898226618767, "std_height": 0.10196537524461746, "count_pixels": 41, "percent_cover": 0.050571706980129021, "percent_above_0.1m": 9.7560975609756095, "low_level_<0.5": 4.8780487804878048, "mid_level_0.5-2": 2.4390243902439024, "tall_2+": 0.0 }, "geometry": { "type": "Polygon", "coordinates": [ [ [ -3.49874937921261, 50.69867392422784 ], [ -3.498848593119092, 50.698708623814383 ], [ -3.498945512758691, 50.698671404475569 ], [ -3.498943218348575, 50.698599485626602 ], [ -3.498844004614534, 50.698564786128458 ], [ -3.498747085118168, 50.698602005390867 ], [ -3.49874937921261, 50.69867392422784 ] ] ] } },
{ "type": "Feature", "properties": { "max_height": 0.001750946044921875, "mean_height": 6.7687615228351206e-06, "std_height": 0.00055068539222702384, "count_pixels": 41, "percent_cover": 0.050571706980129021, "percent_above_0.1m": 0.0, "low_level_<0.5": 0.0, "mid_level_0.5-2": 0.0, "tall_2+": 0.0 }, "geometry": { "type": "Polygon", "coordinates": [ [ [ -3.498553245637314, 50.698676443648914 ], [ -3.498652459400565, 50.698711143395045 ], [ -3.498749379212609, 50.69867392422784 ], [ -3.498747085118167, 50.698602005390867 ], [ -3.498647871527356, 50.698567305733135 ], [ -3.498550951858547, 50.698604524823949 ], [ -3.498553245637314, 50.698676443648914 ] ] ] } },
{ "type": "Feature", "properties": { "max_height": 20.444252014160156, "mean_height": 5.0050191879272461, "std_height": 6.7543601989746094, "count_pixels": 41, "percent_cover": 0.050571706980129021, "percent_above_0.1m": 46.341463414634148, "low_level_<0.5": 0.0, "mid_level_0.5-2": 0.0, "tall_2+": 46.341463414634148 }, "geometry": { "type": "Polygon", "coordinates": [ [ [ -3.498357112032808, 50.698678962738775 ], [ -3.498456325652826, 50.698713662644515 ], [ -3.498553245637313, 50.698676443648914 ], [ -3.498550951858546, 50.698604524823949 ], [ -3.498451738410966, 50.698569825006622 ], [ -3.498354818569716, 50.698607043925826 ], [ -3.498357112032808, 50.698678962738775 ] ] ] } },
{ "type": "Feature", "properties": { "max_height": 22.252750396728516, "mean_height": 16.967727661132812, "std_height": 4.0739402770996094, "count_pixels": 41, "percent_cover": 0.050571706980129021, "percent_above_0.1m": 100.0, "low_level_<0.5": 0.0, "mid_level_0.5-2": 0.0, "tall_2+": 100.0 }, "geometry": { "type": "Polygon", "coordinates": [ [ [ -3.498160978399097, 50.698681481497445 ], [ -3.498260191875878, 50.698716181562787 ], [ -3.498357112032807, 50.698678962738775 ], [ -3.498354818569715, 50.698607043925826 ], [ -3.498255605265369, 50.698572343948904 ], [ -3.49815868525168, 50.698609562696497 ], [ -3.498160978399097, 50.698681481497445 ] ] ] } },
{ "type": "Feature", "properties": { "max_height": 12.058002471923828, "mean_height": 1.2746167182922363, "std_height": 3.1464128494262695, "count_pixels": 41, "percent_cover": 0.050571706980129021, "percent_above_0.1m": 19.512195121951219, "low_level_<0.5": 0.0, "mid_level_0.5-2": 4.8780487804878048, "tall_2+": 14.634146341463413 }, "geometry": { "type": "Polygon", "coordinates": [ [ [ -3.497964844736183, 50.698683999924917 ], [ -3.498064058069728, 50.698718700149847 ], [ -3.498160978399096, 50.698681481497445 ], [ -3.498158685251679, 50.698609562696497 ], [ -3.498059472090568, 50.698574862559987 ], [ -3.497962551904441, 50.698612081135984 ], [ -3.497964844736183, 50.698683999924917 ] ] ] } },
{ "type": "Feature", "properties": { "max_height": 0.0010004043579101562, "mean_height": -0.00013958536146674305, "std_height": 0.00057923962594941258, "count_pixels": 41, "percent_cover": 0.050571706980129021, "percent_above_0.1m": 0.0, "low_level_<0.5": 0.0, "mid_level_0.5-2": 0.0, "tall_2+": 0.0 }, "geometry": { "type": "Polygon", "coordinates": [ [ [ -3.497768711044071, 50.698686518021184 ], [ -3.497867924234376, 50.698721218405709 ], [ -3.497964844736182, 50.698683999924917 ], [ -3.49796255190444, 50.698612081135984 ], [ -3.497863338886567, 50.698577380839858 ], [ -3.497766418528004, 50.698614599244259 ], [ -3.497768711044071, 50.698686518021184 ] ] ] } },
{ "type": "Feature", "properties": { "max_height": 0.018751144409179688, "mean_height": 0.00020185331231914461, "std_height": 0.0031860279850661755, "count_pixels": 41, "percent_cover": 0.050571706980129021, "percent_above_0.1m": 0.0, "low_level_<0.5": 0.0, "mid_level_0.5-2": 0.0, "tall_2+": 0.0 }, "geometry": { "type": "Polygon", "coordinates": [ [ [ -3.497572577322765, 50.698689035786245 ], [ -3.497671790369828, 50.698723736330372 ], [ -3.49776871104407, 50.698686518021184 ], [ -3.497766418528003, 50.698614599244259 ], [ -3.497667205653369, 50.698579898788545 ], [ -3.497570285122372, 50.698617117021335 ], [ -3.497572577322765, 50.698689035786245 ] ] ] } },
{ "type": "Feature", "properties": { "max_height": 0.0052509307861328125, "mean_height": -0.00013311518705449998, "std_height": 0.0014329764526337385, "count_pixels": 43, "percent_cover": 0.053038619515745074, "percent_above_0.1m": 0.0, "low_level_<0.5": 0.0, "mid_level_0.5-2": 0.0, "tall_2+": 0.0 }, "geometry": { "type": "Polygon", "coordinates": [ [ [ -3.497376443572268, 50.698691553220122 ], [ -3.497475656476088, 50.698726253923837 ], [ -3.497572577322764, 50.698689035786245 ], [ -3.497570285122372, 50.698617117021335 ], [ -3.49747107239098, 50.698582416406026 ], [ -3.497374151687552, 50.698619634467221 ], [ -3.497376443572268, 50.698691553220122 ] ] ] } },
{ "type": "Feature", "properties": { "max_height": 0.0042505264282226562, "mean_height": -0.00034820201108232141, "std_height": 0.0019223174313083291, "count_pixels": 43, "percent_cover": 0.053038619515745074, "percent_above_0.1m": 0.0, "low_level_<0.5": 0.0, "mid_level_0.5-2": 0.0, "tall_2+": 0.0 }, "geometry": { "type": "Polygon", "coordinates": [ [ [ -3.497180309792585, 50.698694070322787 ], [ -3.497279522553159, 50.698728771186104 ], [ -3.497376443572268, 50.698691553220122 ], [ -3.497374151687551, 50.698619634467221 ], [ -3.497274939099403, 50.698584933692317 ], [ -3.497178018223544, 50.698622151581894 ], [ -3.497180309792585, 50.698694070322787 ] ] ] } },
{ "type": "Feature", "properties": { "max_height": 0.0067501068115234375, "mean_height": -0.00069668417563661933, "std_height": 0.0023725021164864302, "count_pixels": 38, "percent_cover": 0.046871338176704948, "percent_above_0.1m": 0.0, "low_level_<0.5": 0.0, "mid_level_0.5-2": 0.0, "tall_2+": 0.0 }, "geometry": { "type": "Polygon", "coordinates": [ [ [ -3.496984175983719, 50.698696587094254 ], [ -3.497083388601047, 50.698731288117166 ], [ -3.497180309792584, 50.698694070322787 ], [ -3.497178018223543, 50.698622151581894 ], [ -3.497078805778641, 50.698587450647402 ], [ -3.496981884730354, 50.698624668365383 ], [ -3.496984175983719, 50.698696587094254 ] ] ] } },
{ "type": "Feature", "properties": { "max_height": 0.022749900817871094, "mean_height": 0.0016691961791366339, "std_height": 0.0060932599008083344, "count_pixels": 43, "percent_cover": 0.053038619515745074, "percent_above_0.1m": 0.0, "low_level_<0.5": 0.0, "mid_level_0.5-2": 0.0, "tall_2+": 0.0 }, "geometry": { "type": "Polygon", "coordinates": [ [ [ -3.496788042145675, 50.69869910353453 ], [ -3.496887254619752, 50.698733804717008 ], [ -3.496984175983718, 50.698696587094254 ], [ -3.496981884730354, 50.698624668365383 ], [ -3.496882672428698, 50.698589967271289 ], [ -3.496785751207986, 50.698627184817667 ], [ -3.496788042145675, 50.69869910353453 ] ] ] } },
{ "type": "Feature", "properties": { "max_height": 0.028250694274902344, "mean_height": 0.0037914984859526157, "std_height": 0.0066182981245219707, "count_pixels": 43, "percent_cover": 0.053038619515745074, "percent_above_0.1m": 0.0, "low_level_<0.5": 0.0, "mid_level_0.5-2": 0.0, "tall_2+": 0.0 }, "geometry": { "type": "Polygon", "coordinates": [ [ [ -3.496591908278455, 50.698701619643593 ], [ -3.496691120609281, 50.698736320985681 ], [ -3.496788042145674, 50.69869910353453 ], [ -3.496785751207985, 50.698627184817667 ], [ -3.49668653904958, 50.698592483563978 ], [ -3.496589617656443, 50.698629700938753 ], [ -3.496591908278455, 50.698701619643593 ] ] ] } },
{ "type": "Feature", "properties": { "max_height": 0.96175098419189453, "mean_height": 0.073576241731643677, "std_height": 0.22518588602542877, "count_pixels": 43, "percent_cover": 0.053038619515745074, "percent_above_0.1m": 11.627906976744185, "low_level_<0.5": 4.6511627906976747, "mid_level_0.5-2": 6.9767441860465116, "tall_2+": 0.0 }, "geometry": { "type": "Polygon", "coordinates": [ [ [ -3.496395774382064, 50.698704135421465 ], [ -3.496494986569637, 50.698738836923141 ], [ -3.496591908278454, 50.698701619643593 ], [ -3.496589617656441, 50.698629700938753 ], [ -3.496490405641288, 50.698594999525483 ], [ -3.496393484075728, 50.69863221672864 ], [ -3.496395774382064, 50.698704135421465 ] ] ] } },
{ "type": "Feature", "properties": { "max_height": 1.2520008087158203, "mean_height": 0.36243957281112671, "std_height": 0.40632331371307373, "count_pixels": 41, "percent_cover": 0.050571706980129021, "percent_above_0.1m": 53.658536585365859, "low_level_<0.5": 21.951219512195124, "mid_level_0.5-2": 31.707317073170731, "tall_2+": 0.0 }, "geometry": { "type": "Polygon", "coordinates": [ [ [ -3.496199640456507, 50.698706650868132 ], [ -3.496298852500824, 50.69874135252941 ], [ -3.496395774382064, 50.698704135421465 ], [ -3.496393484075727, 50.69863221672864 ], [ -3.496294272203828, 50.698597515155775 ], [ -3.496197350465847, 50.69863473218733 ], [ -3.496199640456507, 50.698706650868132 ] ] ] } },
{ "type": "Feature", "properties": { "max_height": 0.37100124359130859, "mean_height": 0.046781051903963089, "std_height": 0.083143323659896851, "count_pixels": 41, "percent_cover": 0.050571706980129021, "percent_above_0.1m": 14.634146341463413, "low_level_<0.5": 9.7560975609756095, "mid_level_0.5-2": 0.0, "tall_2+": 0.0 }, "geometry": { "type": "Polygon", "coordinates": [ [ [ -3.49561123850487, 50.698714195220958 ], [ -3.495710450119408, 50.698748897360993 ], [ -3.495807372517905, 50.698711680767879 ], [ -3.495805083158599, 50.698639762111114 ], [ -3.495705871716473, 50.698605060059478 ], [ -3.495608949461241, 50.698642276576201 ], [ -3.49561123850487, 50.698714195220958 ] ] ] } },
{ "type": "Feature", "properties": { "max_height": 2.3982505798339844, "mean_height": 0.7764396071434021, "std_height": 0.72113096714019775, "count_pixels": 41, "percent_cover": 0.050571706980129021, "percent_above_0.1m": 73.170731707317074, "low_level_<0.5": 17.073170731707318, "mid_level_0.5-2": 46.341463414634148, "tall_2+": 7.3170731707317067 }, "geometry": { "type": "Polygon", "coordinates": [ [ [ -3.499831557118672, 50.698767939845226 ], [ -3.499930772056952, 50.698802638562583 ], [ -3.500027690977521, 50.698765418289341 ], [ -3.500025394816586, 50.698693499375167 ], [ -3.499926180050759, 50.698658800746202 ], [ -3.499829261273413, 50.698696020943025 ], [ -3.499831557118672, 50.698767939845226 ] ] ] } },
{ "type": "Feature", "properties": { "max_height": 2.274500846862793, "mean_height": 0.16177505254745483, "std_height": 0.49978917837142944, "count_pixels": 41, "percent_cover": 0.050571706980129021, "percent_above_0.1m": 12.195121951219512, "low_level_<0.5": 2.4390243902439024, "mid_level_0.5-2": 7.3170731707317067, "tall_2+": 2.4390243902439024 }, "geometry": { "type": "Polygon", "coordinates": [ [ [ -3.499635423230587, 50.698770461069891 ], [ -3.499734638025646, 50.698805159946858 ], [ -3.499831557118671, 50.698767939845226 ], [ -3.499829261273412, 50.698696020943025 ], [ -3.499730046650804, 50.698661322154486 ], [ -3.499633127701004, 50.698698542179706 ], [ -3.499635423230587, 50.698770461069891 ] ] ] } },
{ "type": "Feature", "properties": { "max_height": 0.0005016326904296875, "mean_height": -1.7584823581273668e-05, "std_height": 0.00038807632518000901, "count_pixels": 41, "percent_cover": 0.050571706980129021, "percent_above_0.1m": 0.0, "low_level_<0.5": 0.0, "mid_level_0.5-2": 0.0, "tall_2+": 0.0 }, "geometry": { "type": "Polygon", "coordinates": [ [ [ -3.499439289313271, 50.698772981963366 ], [ -3.499538503965107, 50.69880768099992 ], [ -3.499635423230586, 50.698770461069891 ], [ -3.499633127701003, 50.698698542179706 ], [ -3.499533913221617, 50.698663843231557 ], [ -3.499436994099364, 50.698701063085188 ], [ -3.499439289313271, 50.698772981963366 ] ] ] } },
{ "type": "Feature", "properties": { "max_height": 0.00225067138671875, "mean_height": -2.384185791015625e-05, "std_height": 0.00044451592839322984, "count_pixels": 41, "percent_cover": 0.050571706980129021, "percent_above_0.1m": 0.0, "low_level_<0.5": 0.0, "mid_level_0.5-2": 0.0, "tall_2+": 0.0 }, "geometry": { "type": "Polygon", "coordinates": [ [ [ -3.499243155366726, 50.698775502525628 ], [ -3.499342369875338, 50.698810201721791 ], [ -3.49943928931327, 50.698772981963366 ], [ -3.499436994099363, 50.698701063085188 ], [ -3.499337779763199, 50.698666363977438 ], [ -3.499240860468495, 50.698703583659459 ], [ -3.499243155366726, 50.698775502525628 ] ] ] } },
{ "type": "Feature", "properties": { "max_height": 0.00050067901611328125, "mean_height": -5.4266394727164879e-05, "std_height": 0.00039235438453033566, "count_pixels": 41, "percent_cover": 0.050571706980129021, "percent_above_0.1m": 0.0, "low_level_<0.5": 0.0, "mid_level_0.5-2": 0.0, "tall_2+": 0.0 }, "geometry": { "type": "Polygon", "coordinates": [ [ [ -3.499047021390959, 50.698778022756684 ], [ -3.499146235756343, 50.69881272211245 ], [ -3.499243155366726, 50.698775502525628 ], [ -3.499240860468494, 50.698703583659459 ], [ -3.499141646275556, 50.698668884392106 ], [ -3.499044726808404, 50.698706103902524 ], [ -3.499047021390959, 50.698778022756684 ] ] ] } },
{ "type": "Feature", "properties": { "max_height": 0.0010004043579101562, "mean_height": 8.2149061199743301e-05, "std_height": 0.00037637189961969852, "count_pixels": 43, "percent_cover": 0.053038619515745074, "percent_above_0.1m": 0.0, "low_level_<0.5": 0.0, "mid_level_0.5-2": 0.0, "tall_2+": 0.0 }, "geometry": { "type": "Polygon", "coordinates": [ [ [ -3.498850887385972, 50.698780542656557 ], [ -3.498950101608126, 50.698815242171911 ], [ -3.499047021390958, 50.698778022756684 ], [ -3.499044726808403, 50.698706103902524 ], [ -3.498945512758692, 50.698671404475569 ], [ -3.498848593119093, 50.698708623814383 ], [ -3.498850887385972, 50.698780542656557 ] ] ] } },
{ "type": "Feature", "properties": { "max_height": 0.00050067901611328125, "mean_height": -5.167584095033817e-05, "std_height": 0.00071235839277505875, "count_pixels": 43, "percent_cover": 0.053038619515745074, "percent_above_0.1m": 0.0, "low_level_<0.5": 0.0, "mid_level_0.5-2": 0.0, "tall_2+": 0.0 }, "geometry": { "type": "Polygon", "coordinates": [ [ [ -3.498654753351768, 50.698783062225218 ], [ -3.498753967430692, 50.698817761900166 ], [ -3.49885088738597, 50.698780542656557 ], [ -3.498848593119092, 50.698708623814383 ], [ -3.49874937921261, 50.69867392422784 ], [ -3.498652459400565, 50.698711143395045 ], [ -3.498654753351768, 50.698783062225218 ] ] ] } },
{ "type": "Feature", "properties": { "max_height": 0.0017499923706054688, "mean_height": -1.674474697210826e-05, "std_height": 0.00046492143883369863, "count_pixels": 43, "percent_cover": 0.053038619515745074, "percent_above_0.1m": 0.0, "low_level_<0.5": 0.0, "mid_level_0.5-2": 0.0, "tall_2+": 0.0 }, "geometry": { "type": "Polygon", "coordinates": [ [ [ -3.498458619288352, 50.698785581462673 ], [ -3.498557833224043, 50.698820281297223 ], [ -3.498654753351767, 50.698783062225218 ], [ -3.498652459400565, 50.698711143395045 ], [ -3.498553245637314, 50.698676443648914 ], [ -3.498456325652826, 50.698713662644515 ], [ -3.498458619288352, 50.698785581462673 ] ] ] } },
{ "type": "Feature", "properties": { "max_height": 16.149749755859375, "mean_height": 2.2535271644592285, "std_height": 4.9518051147460938, "count_pixels": 38, "percent_cover": 0.046871338176704948, "percent_above_0.1m": 26.315789473684209, "low_level_<0.5": 2.6315789473684208, "mid_level_0.5-2": 2.6315789473684208, "tall_2+": 21.052631578947366 }, "geometry": { "type": "Polygon", "coordinates": [ [ [ -3.498262485195728, 50.69878810036893 ], [ -3.498361698988184, 50.698822800363068 ], [ -3.498458619288352, 50.698785581462673 ], [ -3.498456325652826, 50.698713662644515 ], [ -3.498357112032808, 50.698678962738775 ], [ -3.498260191875879, 50.698716181562787 ], [ -3.498262485195728, 50.69878810036893 ] ] ] } },
{ "type": "Feature", "properties": { "max_height": 17.456502914428711, "mean_height": 1.5683380365371704, "std_height": 3.975294828414917, "count_pixels": 43, "percent_cover": 0.053038619515745074, "percent_above_0.1m": 16.279069767441861, "low_level_<0.5": 0.0, "mid_level_0.5-2": 0.0, "tall_2+": 16.279069767441861 }, "geometry": { "type": "Polygon", "coordinates": [ [ [ -3.498066351073901, 50.698790618943981 ], [ -3.498165564723118, 50.698825319097729 ], [ -3.498262485195728, 50.69878810036893 ], [ -3.498260191875878, 50.698716181562787 ], [ -3.498160978399097, 50.698681481497445 ], [ -3.498064058069728, 50.698718700149847 ], [ -3.498066351073901, 50.698790618943981 ] ] ] } },
{ "type": "Feature", "properties": { "max_height": 16.940252304077148, "mean_height": 2.1779136657714844, "std_height": 4.7350525856018066, "count_pixels": 43, "percent_cover": 0.053038619515745074, "percent_above_0.1m": 25.581395348837212, "low_level_<0.5": 2.3255813953488373, "mid_level_0.5-2": 0.0, "tall_2+": 23.255813953488371 }, "geometry": { "type": "Polygon", "coordinates": [ [ [ -3.497870216922873, 50.698793137187835 ], [ -3.497969430428851, 50.698827837501184 ], [ -3.4980663510739, 50.698790618943981 ], [ -3.498064058069728, 50.698718700149847 ], [ -3.497964844736183, 50.698683999924917 ], [ -3.497867924234377, 50.698721218405709 ], [ -3.497870216922873, 50.698793137187835 ] ] ] } },
{ "type": "Feature", "properties": { "max_height": 19.802501678466797, "mean_height": 9.473175048828125, "std_height": 7.8444633483886719, "count_pixels": 43, "percent_cover": 0.053038619515745074, "percent_above_0.1m": 69.767441860465112, "low_level_<0.5": 0.0, "mid_level_0.5-2": 4.6511627906976747, "tall_2+": 65.116279069767444 }, "geometry": { "type": "Polygon", "coordinates": [ [ [ -3.497674082742648, 50.698795655100483 ], [ -3.497773296105384, 50.698830355573421 ], [ -3.497870216922871, 50.698793137187835 ], [ -3.497867924234376, 50.698721218405709 ], [ -3.497768711044071, 50.698686518021184 ], [ -3.497671790369829, 50.698723736330372 ], [ -3.497674082742648, 50.698795655100483 ] ] ] } },
{ "type": "Feature", "properties": { "max_height": 0.44700050354003906, "mean_height": 0.018653078004717827, "std_height": 0.086342968046665192, "count_pixels": 41, "percent_cover": 0.050571706980129021, "percent_above_0.1m": 4.8780487804878048, "low_level_<0.5": 4.8780487804878048, "mid_level_0.5-2": 0.0, "tall_2+": 0.0 }, "geometry": { "type": "Polygon", "coordinates": [ [ [ -3.49747794853323, 50.698798172681933 ], [ -3.497577161752724, 50.698832873314473 ], [ -3.497674082742647, 50.698795655100483 ], [ -3.497671790369828, 50.698723736330372 ], [ -3.497572577322765, 50.698689035786245 ], [ -3.49747565647609, 50.698726253923837 ], [ -3.49747794853323, 50.698798172681933 ] ] ] } },
{ "type": "Feature", "properties": { "max_height": 0.0080003738403320312, "mean_height": -0.00017010293959174305, "std_height": 0.0015872090589255095, "count_pixels": 41, "percent_cover": 0.050571706980129021, "percent_above_0.1m": 0.0, "low_level_<0.5": 0.0, "mid_level_0.5-2": 0.0, "tall_2+": 0.0 }, "geometry": { "type": "Polygon", "coordinates": [ [ [ -3.497281814294623, 50.698800689932177 ], [ -3.497381027370872, 50.698835390724305 ], [ -3.497477948533229, 50.698798172681933 ], [ -3.497475656476088, 50.698726253923837 ], [ -3.497376443572268, 50.698691553220122 ], [ -3.49727952255316, 50.698728771186104 ], [ -3.497281814294623, 50.698800689932177 ] ] ] } },
{ "type": "Feature", "properties": { "max_height": 0.01824951171875, "mean_height": 0.00078724650666117668, "std_height": 0.004945218563079834, "count_pixels": 41, "percent_cover": 0.050571706980129021, "percent_above_0.1m": 0.0, "low_level_<0.5": 0.0, "mid_level_0.5-2": 0.0, "tall_2+": 0.0 }, "geometry": { "type": "Polygon", "coordinates": [ [ [ -3.497085680026833, 50.698803206851231 ], [ -3.497184892959834, 50.698837907802947 ], [ -3.497281814294623, 50.698800689932177 ], [ -3.497279522553159, 50.698728771186104 ], [ -3.497180309792585, 50.698694070322787 ], [ -3.497083388601047, 50.698731288117166 ], [ -3.497085680026833, 50.698803206851231 ] ] ] } },
{ "type": "Feature", "properties": { "max_height": 0.020000457763671875, "mean_height": -0.00025553820887580514, "std_height": 0.0044797877781093121, "count_pixels": 41, "percent_cover": 0.050571706980129021, "percent_above_0.1m": 0.0, "low_level_<0.5": 0.0, "mid_level_0.5-2": 0.0, "tall_2+": 0.0 }, "geometry": { "type": "Polygon", "coordinates": [ [ [ -3.49688954572986, 50.698805723439072 ], [ -3.496988758519613, 50.698840424550397 ], [ -3.497085680026832, 50.698803206851231 ], [ -3.497083388601047, 50.698731288117166 ], [ -3.496984175983719, 50.698696587094254 ], [ -3.496887254619753, 50.698733804717008 ], [ -3.49688954572986, 50.698805723439072 ] ] ] } },
{ "type": "Feature", "properties": { "max_height": 0.027500152587890625, "mean_height": 0.00098842522129416466, "std_height": 0.0064276237972080708, "count_pixels": 41, "percent_cover": 0.050571706980129021, "percent_above_0.1m": 0.0, "low_level_<0.5": 0.0, "mid_level_0.5-2": 0.0, "tall_2+": 0.0 }, "geometry": { "type": "Polygon", "coordinates": [ [ [ -3.496693411403712, 50.698808239695715 ], [ -3.496792624050213, 50.698842940966635 ], [ -3.496889545729859, 50.698805723439072 ], [ -3.496887254619752, 50.698733804717008 ], [ -3.496788042145675, 50.69869910353453 ], [ -3.496691120609282, 50.698736320985681 ], [ -3.496693411403712, 50.698808239695715 ] ] ] } },
{ "type": "Feature", "properties": { "max_height": 0.032250404357910156, "mean_height": 0.0011774621671065688, "std_height": 0.0071074920706450939, "count_pixels": 41, "percent_cover": 0.050571706980129021, "percent_above_0.1m": 0.0, "low_level_<0.5": 0.0, "mid_level_0.5-2": 0.0, "tall_2+": 0.0 }, "geometry": { "type": "Polygon", "coordinates": [ [ [ -3.496497277048389, 50.698810755621174 ], [ -3.496596489551637, 50.698845457051675 ], [ -3.496693411403711, 50.698808239695715 ], [ -3.496691120609281, 50.698736320985681 ], [ -3.496591908278455, 50.698701619643593 ], [ -3.496494986569637, 50.698738836923141 ], [ -3.496497277048389, 50.698810755621174 ] ] ] } },
{ "type": "Feature", "properties": { "max_height": 0.52200126647949219, "mean_height": 0.015555614605545998, "std_height": 0.082169346511363983, "count_pixels": 41, "percent_cover": 0.050571706980129021, "percent_above_0.1m": 2.4390243902439024, "low_level_<0.5": 0.0, "mid_level_0.5-2": 2.4390243902439024, "tall_2+": 0.0 }, "geometry": { "type": "Polygon", "coordinates": [ [ [ -3.496301142663898, 50.698813271215414 ], [ -3.49640035502389, 50.698847972805503 ], [ -3.496497277048388, 50.698810755621174 ], [ -3.496494986569637, 50.698738836923141 ], [ -3.496395774382064, 50.698704135421465 ], [ -3.496298852500824, 50.69874135252941 ], [ -3.496301142663898, 50.698813271215414 ] ] ] } },
{ "type": "Feature", "properties": { "max_height": 2.7887516021728516, "mean_height": 0.54984378814697266, "std_height": 0.86454778909683228, "count_pixels": 43, "percent_cover": 0.053038619515745074, "percent_above_0.1m": 37.209302325581397, "low_level_<0.5": 2.3255813953488373, "mid_level_0.5-2": 20.930232558139537, "tall_2+": 13.953488372093023 }, "geometry": { "type": "Polygon", "coordinates": [ [ [ -3.496105008250241, 50.698815786478455 ], [ -3.496204220466975, 50.698850488228139 ], [ -3.496301142663897, 50.698813271215414 ], [ -3.496298852500824, 50.69874135252941 ], [ -3.496199640456507, 50.698706650868132 ], [ -3.496102718402847, 50.698743867804467 ], [ -3.496105008250241, 50.698815786478455 ] ] ] } },
{ "type": "Feature", "properties": { "max_height": 4.5365009307861328, "mean_height": 1.1094775199890137, "std_height": 1.4092159271240234, "count_pixels": 43, "percent_cover": 0.053038619515745074, "percent_above_0.1m": 62.790697674418603, "low_level_<0.5": 11.627906976744185, "mid_level_0.5-2": 23.255813953488371, "tall_2+": 27.906976744186046 }, "geometry": { "type": "Polygon", "coordinates": [ [ [ -3.495908873807423, 50.698818301410299 ], [ -3.496008085880897, 50.698853003319577 ], [ -3.49610500825024, 50.698815786478455 ], [ -3.496102718402845, 50.698743867804467 ], [ -3.496003506501786, 50.698709165983608 ], [ -3.495906584275707, 50.698746382748325 ], [ -3.495908873807423, 50.698818301410299 ] ] ] } },
{ "type": "Feature", "properties": { "max_height": 12.396751403808594, "mean_height": 3.3163559436798096, "std_height": 3.9368751049041748, "count_pixels": 43, "percent_cover": 0.053038619515745074, "percent_above_0.1m": 76.744186046511629, "low_level_<0.5": 11.627906976744185, "mid_level_0.5-2": 25.581395348837212, "tall_2+": 39.534883720930232 }, "geometry": { "type": "Polygon", "coordinates": [ [ [ -3.495712739335447, 50.698820816010951 ], [ -3.49581195126566, 50.698855518079824 ], [ -3.495908873807422, 50.698818301410299 ], [ -3.495906584275706, 50.698746382748325 ], [ -3.495807372517906, 50.698711680767879 ], [ -3.495710450119409, 50.698748897360993 ], [ -3.495712739335447, 50.698820816010951 ] ] ] } },
{ "type": "Feature", "properties": { "max_height": 0.75500106811523438, "mean_height": 0.028967782855033875, "std_height": 0.12562642991542816, "count_pixels": 38, "percent_cover": 0.046871338176704948, "percent_above_0.1m": 5.2631578947368416, "low_level_<0.5": 2.6315789473684208, "mid_level_0.5-2": 2.6315789473684208, "tall_2+": 0.0 }, "geometry": { "type": "Polygon", "coordinates": [ [ [ -3.495516604834317, 50.698823330280391 ], [ -3.495615816621267, 50.698858032508852 ], [ -3.495712739335446, 50.698820816010951 ], [ -3.495710450119408, 50.698748897360993 ], [ -3.49561123850487, 50.698714195220958 ], [ -3.495514315933959, 50.698751411642462 ], [ -3.495516604834317, 50.698823330280391 ] ] ] } },
{ "type": "Feature", "properties": { "max_height": 5.2582511901855469, "mean_height": 1.4279716014862061, "std_height": 1.3173383474349976, "count_pixels": 43, "percent_cover": 0.053038619515745074, "percent_above_0.1m": 79.069767441860463, "low_level_<0.5": 9.3023255813953494, "mid_level_0.5-2": 39.534883720930232, "tall_2+": 30.232558139534881 }, "geometry": { "type": "Polygon", "coordinates": [ [ [ -3.500129202392405, 50.698872035766506 ], [ -3.500228417789577, 50.698906734253057 ], [ -3.500325336680909, 50.698869513731829 ], [ -3.500323040031846, 50.698797594800425 ], [ -3.500223824807131, 50.698762896402272 ], [ -3.500126906059021, 50.69880011684711 ], [ -3.500129202392405, 50.698872035766506 ] ] ] } },
{ "type": "Feature", "properties": { "max_height": 3.286250114440918, "mean_height": 0.85891926288604736, "std_height": 1.0103894472122192, "count_pixels": 43, "percent_cover": 0.053038619515745074, "percent_above_0.1m": 58.139534883720934, "low_level_<0.5": 6.9767441860465116, "mid_level_0.5-2": 25.581395348837212, "tall_2+": 20.930232558139537 }, "geometry": { "type": "Polygon", "coordinates": [ [ [ -3.499933068074659, 50.698874557469978 ], [ -3.500032283328613, 50.698909256116131 ], [ -3.500129202392404, 50.698872035766506 ], [ -3.50012690605902, 50.69880011684711 ], [ -3.500027690977521, 50.698765418289341 ], [ -3.499930772056952, 50.698802638562583 ], [ -3.499933068074659, 50.698874557469978 ] ] ] } },
{ "type": "Feature", "properties": { "max_height": 2.3640012741088867, "mean_height": 0.24746789038181305, "std_height": 0.60166478157043457, "count_pixels": 38, "percent_cover": 0.046871338176704948, "percent_above_0.1m": 21.052631578947366, "low_level_<0.5": 0.0, "mid_level_0.5-2": 10.526315789473683, "tall_2+": 5.2631578947368416 }, "geometry": { "type": "Polygon", "coordinates": [ [ [ -3.499736933727676, 50.698877078842244 ], [ -3.499836148838408, 50.698911777648014 ], [ -3.499933068074658, 50.698874557469978 ], [ -3.499930772056951, 50.698802638562583 ], [ -3.499831557118671, 50.698767939845226 ], [ -3.499734638025646, 50.698805159946858 ], [ -3.499736933727676, 50.698877078842244 ] ] ] } },
{ "type": "Feature", "properties": { "max_height": 0.0012502670288085938, "mean_height": 7.618305244250223e-05, "std_height": 0.00037943964707665145, "count_pixels": 43, "percent_cover": 0.053038619515745074, "percent_above_0.1m": 0.0, "low_level_<0.5": 0.0, "mid_level_0.5-2": 0.0, "tall_2+": 0.0 }, "geometry": { "type": "Polygon", "coordinates": [ [ [ -3.499540799351459, 50.69887959988332 ], [ -3.499640014318969, 50.698914298848671 ], [ -3.499736933727675, 50.698877078842244 ], [ -3.499734638025645, 50.698805159946858 ], [ -3.499635423230586, 50.698770461069891 ], [ -3.499538503965107, 50.69880768099992 ], [ -3.499540799351459, 50.69887959988332 ] ] ] } },
{ "type": "Feature", "properties": { "max_height": 0.00075054168701171875, "mean_height": -8.0729638284537941e-05, "std_height": 0.00060449278680607677, "count_pixels": 43, "percent_cover": 0.053038619515745074, "percent_above_0.1m": 0.0, "low_level_<0.5": 0.0, "mid_level_0.5-2": 0.0, "tall_2+": 0.0 }, "geometry": { "type": "Polygon", "coordinates": [ [ [ -3.499344664946013, 50.698882120593176 ], [ -3.499443879770296, 50.698916819718136 ], [ -3.499540799351459, 50.69887959988332 ], [ -3.499538503965106, 50.69880768099992 ], [ -3.49943928931327, 50.698772981963366 ], [ -3.499342369875338, 50.698810201721791 ], [ -3.499344664946013, 50.698882120593176 ] ] ] } },
{ "type": "Feature", "properties": { "max_height": 0.000751495361328125, "mean_height": 1.222033824888058e-05, "std_height": 0.00029992879717610776, "count_pixels": 43, "percent_cover": 0.053038619515745074, "percent_above_0.1m": 0.0, "low_level_<0.5": 0.0, "mid_level_0.5-2": 0.0, "tall_2+": 0.0 }, "geometry": { "type": "Polygon", "coordinates": [ [ [ -3.49914853051134, 50.698884640971833 ], [ -3.499247745192398, 50.698919340256396 ], [ -3.499344664946012, 50.698882120593176 ], [ -3.499342369875337, 50.698810201721791 ], [ -3.499243155366726, 50.698775502525628 ], [ -3.499146235756343, 50.69881272211245 ], [ -3.49914853051134, 50.698884640971833 ] ] ] } },
{ "type": "Feature", "properties": { "max_height": 0.0010004043579101562, "mean_height": 6.7222408688394353e-06, "std_height": 0.00039236128213815391, "count_pixels": 41, "percent_cover": 0.050571706980129021, "percent_above_0.1m": 0.0, "low_level_<0.5": 0.0, "mid_level_0.5-2": 0.0, "tall_2+": 0.0 }, "geometry": { "type": "Polygon", "coordinates": [ [ [ -3.498952396047445, 50.698887161019286 ], [ -3.499051610585274, 50.698921860463436 ], [ -3.499148530511338, 50.698884640971833 ], [ -3.499146235756342, 50.69881272211245 ], [ -3.499047021390958, 50.698778022756684 ], [ -3.498950101608126, 50.698815242171911 ], [ -3.498952396047445, 50.698887161019286 ] ] ] } },
{ "type": "Feature", "properties": { "max_height": 0.0005016326904296875, "mean_height": 4.3380550778238103e-05, "std_height": 0.00042726288666017354, "count_pixels": 41, "percent_cover": 0.050571706980129021, "percent_above_0.1m": 0.0, "low_level_<0.5": 0.0, "mid_level_0.5-2": 0.0, "tall_2+": 0.0 }, "geometry": { "type": "Polygon", "coordinates": [ [ [ -3.498756261554332, 50.698889680735533 ], [ -3.49885547594893, 50.698924380339292 ], [ -3.498952396047444, 50.698887161019286 ], [ -3.498950101608125, 50.698815242171911 ], [ -3.49885088738597, 50.698780542656557 ], [ -3.498753967430692, 50.698817761900166 ], [ -3.498756261554332, 50.698889680735533 ] ] ] } },
{ "type": "Feature", "properties": { "max_height": 0.00099945068359375, "mean_height": 2.4911834771046415e-05, "std_height": 0.00043057568836957216, "count_pixels": 41, "percent_cover": 0.050571706980129021, "percent_above_0.1m": 0.0, "low_level_<0.5": 0.0, "mid_level_0.5-2": 0.0, "tall_2+": 0.0 }, "geometry": { "type": "Polygon", "coordinates": [ [ [ -3.498560127032005, 50.698892200120589 ], [ -3.49865934128337, 50.698926899883936 ], [ -3.498756261554331, 50.698889680735533 ], [ -3.49875396743069, 50.698817761900166 ], [ -3.498654753351767, 50.698783062225218 ], [ -3.498557833224043, 50.698820281297223 ], [ -3.498560127032005, 50.698892200120589 ] ] ] } },
{ "type": "Feature", "properties": { "max_height": 0.001750946044921875, "mean_height": 5.5522454204037786e-05, "std_height": 0.00071881775511428714, "count_pixels": 41, "percent_cover": 0.050571706980129021, "percent_above_0.1m": 0.0, "low_level_<0.5": 0.0, "mid_level_0.5-2": 0.0, "tall_2+": 0.0 }, "geometry": { "type": "Polygon", "coordinates": [ [ [ -3.498363992480467, 50.698894719174426 ], [ -3.498463206588597, 50.698929419097389 ], [ -3.498560127032004, 50.698892200120589 ], [ -3.498557833224042, 50.698820281297223 ], [ -3.498458619288352, 50.698785581462673 ], [ -3.498361698988184, 50.698822800363068 ], [ -3.498363992480467, 50.698894719174426 ] ] ] } },
{ "type": "Feature", "properties": { "max_height": 0.0010004043579101562, "mean_height": -0.00020050420425832272, "std_height": 0.0009292854811064899, "count_pixels": 41, "percent_cover": 0.050571706980129021, "percent_above_0.1m": 0.0, "low_level_<0.5": 0.0, "mid_level_0.5-2": 0.0, "tall_2+": 0.0 }, "geometry": { "type": "Polygon", "coordinates": [ [ [ -3.498167857899723, 50.698897237897071 ], [ -3.498267071864616, 50.698931937979623 ], [ -3.498363992480467, 50.698894719174426 ], [ -3.498361698988183, 50.698822800363068 ], [ -3.498262485195728, 50.69878810036893 ], [ -3.498165564723118, 50.698825319097729 ], [ -3.498167857899723, 50.698897237897071 ] ] ] } },
{ "type": "Feature", "properties": { "max_height": 0.57450103759765625, "mean_height": 0.025329938158392906, "std_height": 0.1128692552447319, "count_pixels": 41, "percent_cover": 0.050571706980129021, "percent_above_0.1m": 4.8780487804878048, "low_level_<0.5": 2.4390243902439024, "mid_level_0.5-2": 2.4390243902439024, "tall_2+": 0.0 }, "geometry": { "type": "Polygon", "coordinates": [ [ [ -3.497971723289777, 50.698899756288519 ], [ -3.49807093711143, 50.698934456530658 ], [ -3.498167857899722, 50.698897237897071 ], [ -3.498165564723117, 50.698825319097729 ], [ -3.4980663510739, 50.698790618943981 ], [ -3.497969430428851, 50.698827837501184 ], [ -3.497971723289777, 50.698899756288519 ] ] ] } },
{ "type": "Feature", "properties": { "max_height": 18.93800163269043, "mean_height": 9.2412395477294922, "std_height": 7.0978217124938965, "count_pixels": 41, "percent_cover": 0.050571706980129021, "percent_above_0.1m": 85.365853658536579, "low_level_<0.5": 2.4390243902439024, "mid_level_0.5-2": 14.634146341463413, "tall_2+": 68.292682926829272 }, "geometry": { "type": "Polygon", "coordinates": [ [ [ -3.497775588650632, 50.69890227434874 ], [ -3.497874802329044, 50.698936974750488 ], [ -3.497971723289776, 50.698899756288519 ], [ -3.49796943042885, 50.698827837501184 ], [ -3.497870216922871, 50.698793137187835 ], [ -3.497773296105384, 50.698830355573421 ], [ -3.497775588650632, 50.69890227434874 ] ] ] } },
{ "type": "Feature", "properties": { "max_height": 14.153751373291016, "mean_height": 2.3144519329071045, "std_height": 4.3667268753051758, "count_pixels": 41, "percent_cover": 0.050571706980129021, "percent_above_0.1m": 34.146341463414636, "low_level_<0.5": 4.8780487804878048, "mid_level_0.5-2": 2.4390243902439024, "tall_2+": 26.829268292682929 }, "geometry": { "type": "Polygon", "coordinates": [ [ [ -3.497579453982292, 50.698904792077784 ], [ -3.497678667517461, 50.698939492639127 ], [ -3.497775588650631, 50.69890227434874 ], [ -3.497773296105384, 50.698830355573421 ], [ -3.497674082742647, 50.698795655100483 ], [ -3.497577161752724, 50.698832873314473 ], [ -3.497579453982292, 50.698904792077784 ] ] ] } },
{ "type": "Feature", "properties": { "max_height": 0.000751495361328125, "mean_height": -0.00054583436576649547, "std_height": 0.0018388926982879639, "count_pixels": 43, "percent_cover": 0.053038619515745074, "percent_above_0.1m": 0.0, "low_level_<0.5": 0.0, "mid_level_0.5-2": 0.0, "tall_2+": 0.0 }, "geometry": { "type": "Polygon", "coordinates": [ [ [ -3.497383319284761, 50.698907309475608 ], [ -3.497482532676685, 50.698942010196546 ], [ -3.497579453982291, 50.698904792077784 ], [ -3.497577161752723, 50.698832873314473 ], [ -3.497477948533229, 50.698798172681933 ], [ -3.497381027370872, 50.698835390724305 ], [ -3.497383319284761, 50.698907309475608 ] ] ] } },
{ "type": "Feature", "properties": { "max_height": 0.011251449584960938, "mean_height": -0.00069130299380049109, "std_height": 0.0028904620558023453, "count_pixels": 43, "percent_cover": 0.053038619515745074, "percent_above_0.1m": 0.0, "low_level_<0.5": 0.0, "mid_level_0.5-2": 0.0, "tall_2+": 0.0 }, "geometry": { "type": "Polygon", "coordinates": [ [ [ -3.497187184558042, 50.698909826542241 ], [ -3.497286397806719, 50.698944527422768 ], [ -3.49738331928476, 50.698907309475608 ], [ -3.497381027370871, 50.698835390724305 ], [ -3.497281814294623, 50.698800689932177 ], [ -3.497184892959834, 50.698837907802947 ], [ -3.497187184558042, 50.698909826542241 ] ] ] } },
{ "type": "Feature", "properties": { "max_height": 0.0062503814697265625, "mean_height": -0.000525700394064188, "std_height": 0.0021942779421806335, "count_pixels": 38, "percent_cover": 0.046871338176704948, "percent_above_0.1m": 0.0, "low_level_<0.5": 0.0, "mid_level_0.5-2": 0.0, "tall_2+": 0.0 }, "geometry": { "type": "Polygon", "coordinates": [ [ [ -3.496991049802142, 50.698912343277662 ], [ -3.49709026290757, 50.698947044317777 ], [ -3.497187184558042, 50.698909826542241 ], [ -3.497184892959833, 50.698837907802947 ], [ -3.497085680026832, 50.698803206851231 ], [ -3.496988758519613, 50.698840424550397 ], [ -3.496991049802142, 50.698912343277662 ] ] ] } },
{ "type": "Feature", "properties": { "max_height": 0.011250495910644531, "mean_height": 0.00023329535906668752, "std_height": 0.0041776248253881931, "count_pixels": 43, "percent_cover": 0.053038619515745074, "percent_above_0.1m": 0.0, "low_level_<0.5": 0.0, "mid_level_0.5-2": 0.0, "tall_2+": 0.0 }, "geometry": { "type": "Polygon", "coordinates": [ [ [ -3.496794915017062, 50.698914859681892 ], [ -3.496894127979238, 50.698949560881609 ], [ -3.496991049802141, 50.698912343277662 ], [ -3.496988758519612, 50.698840424550397 ], [ -3.496889545729859, 50.698805723439072 ], [ -3.496792624050213, 50.698842940966635 ], [ -3.496794915017062, 50.698914859681892 ] ] ] } },
{ "type": "Feature", "properties": { "max_height": 0.015750885009765625, "mean_height": -0.00060396414482966065, "std_height": 0.0046403617598116398, "count_pixels": 43, "percent_cover": 0.053038619515745074, "percent_above_0.1m": 0.0, "low_level_<0.5": 0.0, "mid_level_0.5-2": 0.0, "tall_2+": 0.0 }, "geometry": { "type": "Polygon", "coordinates": [ [ [ -3.496598780202806, 50.69891737575491 ], [ -3.496697993021729, 50.698952077114228 ], [ -3.496794915017061, 50.698914859681892 ], [ -3.496792624050212, 50.698842940966635 ], [ -3.496693411403711, 50.698808239695715 ], [ -3.496596489551637, 50.698845457051675 ], [ -3.496598780202806, 50.69891737575491 ] ] ] } },
{ "type": "Feature", "properties": { "max_height": 0.001251220703125, "mean_height": -0.0020457645878195763, "std_height": 0.0037390231154859066, "count_pixels": 43, "percent_cover": 0.053038619515745074, "percent_above_0.1m": 0.0, "low_level_<0.5": 0.0, "mid_level_0.5-2": 0.0, "tall_2+": 0.0 }, "geometry": { "type": "Polygon", "coordinates": [ [ [ -3.496402645359379, 50.698919891496729 ], [ -3.496501858035047, 50.698954593015635 ], [ -3.496598780202806, 50.69891737575491 ], [ -3.496596489551636, 50.698845457051675 ], [ -3.496497277048388, 50.698810755621174 ], [ -3.49640035502389, 50.698847972805503 ], [ -3.496402645359379, 50.698919891496729 ] ] ] } },
{ "type": "Feature", "properties": { "max_height": 0.0077505111694335938, "mean_height": -0.00018215179443359375, "std_height": 0.0023589048068970442, "count_pixels": 41, "percent_cover": 0.050571706980129021, "percent_above_0.1m": 0.0, "low_level_<0.5": 0.0, "mid_level_0.5-2": 0.0, "tall_2+": 0.0 }, "geometry": { "type": "Polygon", "coordinates": [ [ [ -3.496206510486784, 50.698922406907364 ], [ -3.496305723019195, 50.698957108585851 ], [ -3.496402645359378, 50.698919891496729 ], [ -3.496400355023888, 50.698847972805503 ], [ -3.496301142663897, 50.698813271215414 ], [ -3.496204220466975, 50.698850488228139 ], [ -3.496206510486784, 50.698922406907364 ] ] ] } },
{ "type": "Feature", "properties": { "max_height": 9.2090015411376953, "mean_height": 1.2519885301589966, "std_height": 2.1690402030944824, "count_pixels": 41, "percent_cover": 0.050571706980129021, "percent_above_0.1m": 48.780487804878049, "low_level_<0.5": 4.8780487804878048, "mid_level_0.5-2": 19.512195121951219, "tall_2+": 21.951219512195124 }, "geometry": { "type": "Polygon", "coordinates": [ [ [ -3.496010375585026, 50.698924921986773 ], [ -3.496109587974177, 50.698959623824862 ], [ -3.496206510486783, 50.698922406907364 ], [ -3.496204220466975, 50.698850488228139 ], [ -3.49610500825024, 50.698815786478455 ], [ -3.496008085880897, 50.698853003319577 ], [ -3.496010375585026, 50.698924921986773 ] ] ] } },
{ "type": "Feature", "properties": { "max_height": 12.742002487182617, "mean_height": 6.9472813606262207, "std_height": 3.3242952823638916, "count_pixels": 41, "percent_cover": 0.050571706980129021, "percent_above_0.1m": 95.121951219512198, "low_level_<0.5": 2.4390243902439024, "mid_level_0.5-2": 4.8780487804878048, "tall_2+": 87.804878048780495 }, "geometry": { "type": "Polygon", "coordinates": [ [ [ -3.495814240654108, 50.698927436734984 ], [ -3.495913452899998, 50.698962138732668 ], [ -3.496010375585025, 50.698924921986773 ], [ -3.496008085880896, 50.698853003319577 ], [ -3.495908873807422, 50.698818301410299 ], [ -3.49581195126566, 50.698855518079824 ], [ -3.495814240654108, 50.698927436734984 ] ] ] } },
{ "type": "Feature", "properties": { "max_height": 14.11674976348877, "mean_height": 5.0166959762573242, "std_height": 5.5795149803161621, "count_pixels": 41, "percent_cover": 0.050571706980129021, "percent_above_0.1m": 56.09756097560976, "low_level_<0.5": 0.0, "mid_level_0.5-2": 7.3170731707317067, "tall_2+": 48.780487804878049 }, "geometry": { "type": "Polygon", "coordinates": [ [ [ -3.495618105694034, 50.698929951151996 ], [ -3.495717317796661, 50.698964653309275 ], [ -3.495814240654107, 50.698927436734984 ], [ -3.495811951265659, 50.698855518079824 ], [ -3.495712739335446, 50.698820816010951 ], [ -3.495615816621267, 50.698858032508852 ], [ -3.495618105694034, 50.698929951151996 ] ] ] } },
{ "type": "Feature", "properties": { "max_height": 0.99550056457519531, "mean_height": 0.057781055569648743, "std_height": 0.16656239330768585, "count_pixels": 41, "percent_cover": 0.050571706980129021, "percent_above_0.1m": 14.634146341463413, "low_level_<0.5": 9.7560975609756095, "mid_level_0.5-2": 2.4390243902439024, "tall_2+": 0.0 }, "geometry": { "type": "Polygon", "coordinates": [ [ [ -3.495421970704808, 50.698932465237817 ], [ -3.49552118266417, 50.698967167554684 ], [ -3.495618105694033, 50.698929951151996 ], [ -3.495615816621266, 50.698858032508852 ], [ -3.495516604834316, 50.698823330280391 ], [ -3.495419681947722, 50.698860546606689 ], [ -3.495421970704808, 50.698932465237817 ] ] ] } },
{ "type": "Feature", "properties": { "max_height": 0.39475154876708984, "mean_height": 0.03589693084359169, "std_height": 0.078546911478042603, "count_pixels": 41, "percent_cover": 0.050571706980129021, "percent_above_0.1m": 7.3170731707317067, "low_level_<0.5": 7.3170731707317067, "mid_level_0.5-2": 0.0, "tall_2+": 0.0 }, "geometry": { "type": "Polygon", "coordinates": [ [ [ -3.495225835686434, 50.698934978992426 ], [ -3.495325047502528, 50.698969681468881 ], [ -3.495421970704807, 50.698932465237817 ], [ -3.495419681947721, 50.698860546606689 ], [ -3.495320470304037, 50.698825844218639 ], [ -3.495223547245029, 50.698863060373327 ], [ -3.495225835686434, 50.698934978992426 ] ] ] } },
{ "type": "Feature", "properties": { "max_height": 2.2757501602172852, "mean_height": 0.44018962979316711, "std_height": 0.70182865858078003, "count_pixels": 41, "percent_cover": 0.050571706980129021, "percent_above_0.1m": 41.463414634146339, "low_level_<0.5": 9.7560975609756095, "mid_level_0.5-2": 21.951219512195124, "tall_2+": 7.3170731707317067 }, "geometry": { "type": "Polygon", "coordinates": [ [ [ -3.500034579518772, 50.698981175028713 ], [ -3.5001337950884, 50.69901587360367 ], [ -3.500230714295414, 50.69897865317764 ], [ -3.500228417789577, 50.698906734253057 ], [ -3.500129202392405, 50.698872035766506 ], [ -3.500032283328613, 50.698909256116131 ], [ -3.500034579518772, 50.698981175028713 ] ] ] } },
{ "type": "Feature", "properties": { "max_height": 0.27625083923339844, "mean_height": 0.0066896998323500156, "std_height": 0.042623050510883331, "count_pixels": 41, "percent_cover": 0.050571706980129021, "percent_above_0.1m": 2.4390243902439024, "low_level_<0.5": 2.4390243902439024, "mid_level_0.5-2": 0.0, "tall_2+": 0.0 }, "geometry": { "type": "Polygon", "coordinates": [ [ [ -3.499838444712887, 50.698983696548588 ], [ -3.499937660139296, 50.69901839528314 ], [ -3.500034579518771, 50.698981175028713 ], [ -3.500032283328613, 50.698909256116131 ], [ -3.499933068074659, 50.698874557469978 ], [ -3.499836148838409, 50.698911777648014 ], [ -3.499838444712887, 50.698983696548588 ] ] ] } },
{ "type": "Feature", "properties": { "max_height": 0.00075054168701171875, "mean_height": 2.5051396733033471e-05, "std_height": 0.00026371559943072498, "count_pixels": 41, "percent_cover": 0.050571706980129021, "percent_above_0.1m": 0.0, "low_level_<0.5": 0.0, "mid_level_0.5-2": 0.0, "tall_2+": 0.0 }, "geometry": { "type": "Polygon", "coordinates": [ [ [ -3.499642309877769, 50.698986217737257 ], [ -3.499741525160954, 50.699020916631405 ], [ -3.499838444712887, 50.698983696548588 ], [ -3.499836148838408, 50.698911777648014 ], [ -3.499736933727676, 50.698877078842244 ], [ -3.49964001431897, 50.698914298848671 ], [ -3.499642309877769, 50.698986217737257 ] ] ] } },
{ "type": "Feature", "properties": { "max_height": 0.00075054168701171875, "mean_height": -0.00011511546472320333, "std_height": 0.00073276838520541787, "count_pixels": 41, "percent_cover": 0.050571706980129021, "percent_above_0.1m": 0.0, "low_level_<0.5": 0.0, "mid_level_0.5-2": 0.0, "tall_2+": 0.0 }, "geometry": { "type": "Polygon", "coordinates": [ [ [ -3.499446175013418, 50.698988738594714 ], [ -3.499545390153378, 50.699023437648457 ], [ -3.499642309877768, 50.698986217737257 ], [ -3.499640014318969, 50.698914298848671 ], [ -3.499540799351459, 50.69887959988332 ], [ -3.499443879770298, 50.698916819718136 ], [ -3.499446175013418, 50.698988738594714 ] ] ] } },
{ "type": "Feature", "properties": { "max_height": 0.0015010833740234375, "mean_height": 9.2064459749963135e-05, "std_height": 0.00038947272696532309, "count_pixels": 41, "percent_cover": 0.050571706980129021, "percent_above_0.1m": 0.0, "low_level_<0.5": 0.0, "mid_level_0.5-2": 0.0, "tall_2+": 0.0 }, "geometry": { "type": "Polygon", "coordinates": [ [ [ -3.499250040119838, 50.698991259120966 ], [ -3.499349255116571, 50.699025958334332 ], [ -3.499446175013417, 50.698988738594714 ], [ -3.499443879770296, 50.698916819718136 ], [ -3.499344664946013, 50.698882120593176 ], [ -3.499247745192398, 50.698919340256396 ], [ -3.499250040119838, 50.698991259120966 ] ] ] } },
{ "type": "Feature", "properties": { "max_height": 0.00050067901611328125, "mean_height": -1.1560393431864213e-05, "std_height": 0.00028660104726441205, "count_pixels": 41, "percent_cover": 0.050571706980129021, "percent_above_0.1m": 0.0, "low_level_<0.5": 0.0, "mid_level_0.5-2": 0.0, "tall_2+": 0.0 }, "geometry": { "type": "Polygon", "coordinates": [ [ [ -3.499053905197034, 50.698993779316005 ], [ -3.499153120050539, 50.699028478688973 ], [ -3.499250040119837, 50.698991259120966 ], [ -3.499247745192398, 50.698919340256396 ], [ -3.49914853051134, 50.698884640971833 ], [ -3.499051610585274, 50.698921860463436 ], [ -3.499053905197034, 50.698993779316005 ] ] ] } },
{ "type": "Feature", "properties": { "max_height": 0.0010004043579101562, "mean_height": -0.00013885941007174551, "std_height": 0.00069331051781773567, "count_pixels": 43, "percent_cover": 0.053038619515745074, "percent_above_0.1m": 0.0, "low_level_<0.5": 0.0, "mid_level_0.5-2": 0.0, "tall_2+": 0.0 }, "geometry": { "type": "Polygon", "coordinates": [ [ [ -3.49885777024501, 50.698996299179854 ], [ -3.498956984955284, 50.699030998712416 ], [ -3.499053905197033, 50.698993779316005 ], [ -3.499051610585274, 50.698921860463436 ], [ -3.498952396047445, 50.698887161019286 ], [ -3.498855475948931, 50.698924380339292 ], [ -3.49885777024501, 50.698996299179854 ] ] ] } },
{ "type": "Feature", "properties": { "max_height": 0.0027513504028320312, "mean_height": -5.7442244724370539e-05, "std_height": 0.00096125801792368293, "count_pixels": 43, "percent_cover": 0.053038619515745074, "percent_above_0.1m": 0.0, "low_level_<0.5": 0.0, "mid_level_0.5-2": 0.0, "tall_2+": 0.0 }, "geometry": { "type": "Polygon", "coordinates": [ [ [ -3.49866163526377, 50.698998818712496 ], [ -3.498760849830811, 50.699033518404661 ], [ -3.49885777024501, 50.698996299179854 ], [ -3.49885547594893, 50.698924380339292 ], [ -3.498756261554332, 50.698889680735533 ], [ -3.49865934128337, 50.698926899883936 ], [ -3.49866163526377, 50.698998818712496 ] ] ] } },
{ "type": "Feature", "properties": { "max_height": 0.0010004043579101562, "mean_height": -0.0001446923561161384, "std_height": 0.0011567063629627228, "count_pixels": 43, "percent_cover": 0.053038619515745074, "percent_above_0.1m": 0.0, "low_level_<0.5": 0.0, "mid_level_0.5-2": 0.0, "tall_2+": 0.0 }, "geometry": { "type": "Polygon", "coordinates": [ [ [ -3.498465500253317, 50.699001337913934 ], [ -3.498564714677124, 50.699036037765687 ], [ -3.498661635263769, 50.698998818712496 ], [ -3.49865934128337, 50.698926899883936 ], [ -3.498560127032005, 50.698892200120589 ], [ -3.498463206588598, 50.698929419097389 ], [ -3.498465500253317, 50.699001337913934 ] ] ] } },
{ "type": "Feature", "properties": { "max_height": 0.0010004043579101562, "mean_height": -5.9981093727401458e-06, "std_height": 0.00074449443491175771, "count_pixels": 38, "percent_cover": 0.046871338176704948, "percent_above_0.1m": 0.0, "low_level_<0.5": 0.0, "mid_level_0.5-2": 0.0, "tall_2+": 0.0 }, "geometry": { "type": "Polygon", "coordinates": [ [ [ -3.498269365213655, 50.699003856784152 ], [ -3.498368579494225, 50.699038556795522 ], [ -3.498465500253316, 50.699001337913934 ], [ -3.498463206588597, 50.698929419097389 ], [ -3.498363992480467, 50.698894719174426 ], [ -3.498267071864617, 50.698931937979623 ], [ -3.498269365213655, 50.699003856784152 ] ] ] } },
{ "type": "Feature", "properties": { "max_height": 0.0005016326904296875, "mean_height": -0.0005400679656304419, "std_height": 0.0014547380851581693, "count_pixels": 43, "percent_cover": 0.053038619515745074, "percent_above_0.1m": 0.0, "low_level_<0.5": 0.0, "mid_level_0.5-2": 0.0, "tall_2+": 0.0 }, "geometry": { "type": "Polygon", "coordinates": [ [ [ -3.498073230144789, 50.699006375323187 ], [ -3.498172444282119, 50.699041075494144 ], [ -3.498269365213655, 50.699003856784152 ], [ -3.498267071864616, 50.698931937979623 ], [ -3.498167857899723, 50.698897237897071 ], [ -3.498070937111431, 50.698934456530658 ], [ -3.498073230144789, 50.699006375323187 ] ] ] } },
{ "type": "Feature", "properties": { "max_height": 0.011251449584960938, "mean_height": -6.9085945142433047e-05, "std_height": 0.0022447721567004919, "count_pixels": 43, "percent_cover": 0.053038619515745074, "percent_above_0.1m": 0.0, "low_level_<0.5": 0.0, "mid_level_0.5-2": 0.0, "tall_2+": 0.0 }, "geometry": { "type": "Polygon", "coordinates": [ [ [ -3.497877095046722, 50.699008893531008 ], [ -3.497976309040812, 50.69904359386156 ], [ -3.498073230144789, 50.699006375323187 ], [ -3.49807093711143, 50.698934456530658 ], [ -3.497971723289777, 50.698899756288519 ], [ -3.497874802329045, 50.698936974750488 ], [ -3.497877095046722, 50.699008893531008 ] ] ] } },
{ "type": "Feature", "properties": { "max_height": 0.017001152038574219, "mean_height": 0.00055891968077048659, "std_height": 0.0035440763458609581, "count_pixels": 43, "percent_cover": 0.053038619515745074, "percent_above_0.1m": 0.0, "low_level_<0.5": 0.0, "mid_level_0.5-2": 0.0, "tall_2+": 0.0 }, "geometry": { "type": "Polygon", "coordinates": [ [ [ -3.497680959919458, 50.699011411407625 ], [ -3.497780173770305, 50.699046111897772 ], [ -3.497877095046721, 50.699008893531008 ], [ -3.497874802329044, 50.698936974750488 ], [ -3.497775588650632, 50.69890227434874 ], [ -3.497678667517462, 50.69893949263912 ], [ -3.497680959919458, 50.699011411407625 ] ] ] } },
{ "type": "Feature", "properties": { "max_height": 0.011250495910644531, "mean_height": 0.00021404173457995057, "std_height": 0.0018971980316564441, "count_pixels": 41, "percent_cover": 0.050571706980129021, "percent_above_0.1m": 0.0, "low_level_<0.5": 0.0, "mid_level_0.5-2": 0.0, "tall_2+": 0.0 }, "geometry": { "type": "Polygon", "coordinates": [ [ [ -3.497484824763001, 50.699013928953043 ], [ -3.497584038470603, 50.699048629602785 ], [ -3.497680959919457, 50.699011411407625 ], [ -3.497678667517461, 50.698939492639127 ], [ -3.497579453982292, 50.698904792077784 ], [ -3.497482532676686, 50.698942010196546 ], [ -3.497484824763001, 50.699013928953043 ] ] ] } },
{ "type": "Feature", "properties": { "max_height": 0.014501571655273438, "mean_height": 1.2793191672244575e-05, "std_height": 0.0039877975359559059, "count_pixels": 41, "percent_cover": 0.050571706980129021, "percent_above_0.1m": 0.0, "low_level_<0.5": 0.0, "mid_level_0.5-2": 0.0, "tall_2+": 0.0 }, "geometry": { "type": "Polygon", "coordinates": [ [ [ -3.497288689577355, 50.699016446167256 ], [ -3.497387903141709, 50.699051146976586 ], [ -3.497484824762999, 50.699013928953043 ], [ -3.497482532676685, 50.698942010196546 ], [ -3.497383319284761, 50.698907309475608 ], [ -3.49728639780672, 50.698944527422768 ], [ -3.497288689577355, 50.699016446167256 ] ] ] } },
{ "type": "Feature", "properties": { "max_height": 0.0085010528564453125, "mean_height": -0.0006516852299682796, "std_height": 0.0026970759499818087, "count_pixels": 41, "percent_cover": 0.050571706980129021, "percent_above_0.1m": 0.0, "low_level_<0.5": 0.0, "mid_level_0.5-2": 0.0, "tall_2+": 0.0 }, "geometry": { "type": "Polygon", "coordinates": [ [ [ -3.497092554362522, 50.699018963050257 ], [ -3.497191767783629, 50.699053664019196 ], [ -3.497288689577354, 50.699016446167256 ], [ -3.497286397806719, 50.698944527422768 ], [ -3.497187184558042, 50.698909826542241 ], [ -3.49709026290757, 50.698947044317777 ], [ -3.497092554362522, 50.699018963050257 ] ] ] } },
{ "type": "Feature", "properties": { "max_height": 0.00875091552734375, "mean_height": 7.987603748915717e-05, "std_height": 0.0031355014070868492, "count_pixels": 41, "percent_cover": 0.050571706980129021, "percent_above_0.1m": 0.0, "low_level_<0.5": 0.0, "mid_level_0.5-2": 0.0, "tall_2+": 0.0 }, "geometry": { "type": "Polygon", "coordinates": [ [ [ -3.49689641911851, 50.699021479602067 ], [ -3.496995632396364, 50.699056180730594 ], [ -3.497092554362522, 50.699018963050257 ], [ -3.49709026290757, 50.698947044317777 ], [ -3.496991049802142, 50.698912343277662 ], [ -3.496894127979239, 50.698949560881609 ], [ -3.49689641911851, 50.699021479602067 ] ] ] } },
{ "type": "Feature", "properties": { "max_height": 0.0010004043579101562, "mean_height": -0.00071274361107498407, "std_height": 0.0016421840991824865, "count_pixels": 41, "percent_cover": 0.050571706980129021, "percent_above_0.1m": 0.0, "low_level_<0.5": 0.0, "mid_level_0.5-2": 0.0, "tall_2+": 0.0 }, "geometry": { "type": "Polygon", "coordinates": [ [ [ -3.496700283845319, 50.699023995822671 ], [ -3.49679949697992, 50.699058697110786 ], [ -3.496896419118509, 50.699021479602067 ], [ -3.496894127979238, 50.698949560881609 ], [ -3.496794915017062, 50.698914859681892 ], [ -3.49669799302173, 50.698952077114228 ], [ -3.496700283845319, 50.699023995822671 ] ] ] } },
{ "type": "Feature", "properties": { "max_height": 0.0082502365112304688, "mean_height": -0.00097500404808670282, "std_height": 0.0028164610266685486, "count_pixels": 41, "percent_cover": 0.050571706980129021, "percent_above_0.1m": 0.0, "low_level_<0.5": 0.0, "mid_level_0.5-2": 0.0, "tall_2+": 0.0 }, "geometry": { "type": "Polygon", "coordinates": [ [ [ -3.496504148542954, 50.699026511712056 ], [ -3.496603361534302, 50.699061213159787 ], [ -3.496700283845318, 50.699023995822671 ], [ -3.496697993021729, 50.698952077114228 ], [ -3.496598780202806, 50.69891737575491 ], [ -3.496501858035047, 50.698954593015635 ], [ -3.496504148542954, 50.699026511712056 ] ] ] } },
{ "type": "Feature", "properties": { "max_height": 0.022251129150390625, "mean_height": 0.0002324174129171297, "std_height": 0.0044617620296776295, "count_pixels": 41, "percent_cover": 0.050571706980129021, "percent_above_0.1m": 0.0, "low_level_<0.5": 0.0, "mid_level_0.5-2": 0.0, "tall_2+": 0.0 }, "geometry": { "type": "Polygon", "coordinates": [ [ [ -3.49630801321142, 50.699029027270257 ], [ -3.49640722605951, 50.699063728877569 ], [ -3.496504148542954, 50.699026511712056 ], [ -3.496501858035047, 50.698954593015635 ], [ -3.496402645359379, 50.698919891496729 ], [ -3.496305723019196, 50.698957108585851 ], [ -3.49630801321142, 50.699029027270257 ] ] ] } },
{ "type": "Feature", "properties": { "max_height": 0.74300098419189453, "mean_height": 0.026122825220227242, "std_height": 0.12543222308158875, "count_pixels": 43, "percent_cover": 0.053038619515745074, "percent_above_0.1m": 4.6511627906976747, "low_level_<0.5": 2.3255813953488373, "mid_level_0.5-2": 2.3255813953488373, "tall_2+": 0.0 }, "geometry": { "type": "Polygon", "coordinates": [ [ [ -3.496111877850721, 50.699031542497252 ], [ -3.496211090555551, 50.699066244264152 ], [ -3.49630801321142, 50.699029027270257 ], [ -3.496305723019195, 50.698957108585851 ], [ -3.496206510486784, 50.698922406907364 ], [ -3.496109587974178, 50.698959623824862 ], [ -3.496111877850721, 50.699031542497252 ] ] ] } },
{ "type": "Feature", "properties": { "max_height": 11.178251266479492, "mean_height": 3.2896809577941895, "std_height": 3.5247962474822998, "count_pixels": 43, "percent_cover": 0.053038619515745074, "percent_above_0.1m": 67.441860465116278, "low_level_<0.5": 6.9767441860465116, "mid_level_0.5-2": 11.627906976744185, "tall_2+": 48.837209302325576 }, "geometry": { "type": "Polygon", "coordinates": [ [ [ -3.495915742460859, 50.699034057393028 ], [ -3.496014955022428, 50.69906875931953 ], [ -3.49611187785072, 50.699031542497252 ], [ -3.496109587974177, 50.698959623824862 ], [ -3.496010375585026, 50.698924921986773 ], [ -3.495913452899999, 50.698962138732668 ], [ -3.495915742460859, 50.699034057393028 ] ] ] } },
{ "type": "Feature", "properties": { "max_height": 9.6202497482299805, "mean_height": 1.1593960523605347, "std_height": 2.5686469078063965, "count_pixels": 43, "percent_cover": 0.053038619515745074, "percent_above_0.1m": 23.255813953488371, "low_level_<0.5": 2.3255813953488373, "mid_level_0.5-2": 2.3255813953488373, "tall_2+": 18.604651162790699 }, "geometry": { "type": "Polygon", "coordinates": [ [ [ -3.495719607041839, 50.69903657195762 ], [ -3.495818819460145, 50.69907127404371 ], [ -3.495915742460858, 50.699034057393028 ], [ -3.495913452899998, 50.698962138732668 ], [ -3.495814240654108, 50.698927436734984 ], [ -3.495717317796662, 50.698964653309275 ], [ -3.495719607041839, 50.69903657195762 ] ] ] } },
{ "type": "Feature", "properties": { "max_height": 0.023250579833984375, "mean_height": -0.0030321322847157717, "std_height": 0.008955719880759716, "count_pixels": 38, "percent_cover": 0.046871338176704948, "percent_above_0.1m": 0.0, "low_level_<0.5": 0.0, "mid_level_0.5-2": 0.0, "tall_2+": 0.0 }, "geometry": { "type": "Polygon", "coordinates": [ [ [ -3.495523471593664, 50.699039086191007 ], [ -3.495622683868706, 50.699073788436692 ], [ -3.495719607041838, 50.69903657195762 ], [ -3.495717317796661, 50.698964653309275 ], [ -3.495618105694034, 50.698929951151996 ], [ -3.49552118266417, 50.698967167554684 ], [ -3.495523471593664, 50.699039086191007 ] ] ] } },
{ "type": "Feature", "properties": { "max_height": 2.0050010681152344, "mean_height": 0.24564012885093689, "std_height": 0.5141405463218689, "count_pixels": 43, "percent_cover": 0.053038619515745074, "percent_above_0.1m": 23.255813953488371, "low_level_<0.5": 2.3255813953488373, "mid_level_0.5-2": 18.604651162790699, "tall_2+": 2.3255813953488373 }, "geometry": { "type": "Polygon", "coordinates": [ [ [ -3.49532733611634, 50.699041600093182 ], [ -3.495426548248114, 50.699076302498462 ], [ -3.495523471593664, 50.699039086191007 ], [ -3.49552118266417, 50.698967167554684 ], [ -3.495421970704808, 50.698932465237817 ], [ -3.495325047502529, 50.698969681468881 ], [ -3.49532733611634, 50.699041600093182 ] ] ] } },
{ "type": "Feature", "properties": { "max_height": 1.9510002136230469, "mean_height": 0.19766935706138611, "std_height": 0.44427570700645447, "count_pixels": 43, "percent_cover": 0.053038619515745074, "percent_above_0.1m": 23.255813953488371, "low_level_<0.5": 11.627906976744185, "mid_level_0.5-2": 11.627906976744185, "tall_2+": 0.0 }, "geometry": { "type": "Polygon", "coordinates": [ [ [ -3.495131200609869, 50.699044113664172 ], [ -3.495230412598374, 50.699078816229033 ], [ -3.495327336116339, 50.699041600093182 ], [ -3.495325047502528, 50.698969681468881 ], [ -3.495225835686434, 50.698934978992426 ], [ -3.495128912311741, 50.698972195051887 ], [ -3.495131200609869, 50.699044113664172 ] ] ] } },
{ "type": "Feature", "properties": { "max_height": 2.0807504653930664, "mean_height": 0.462994784116745, "std_height": 0.56027913093566895, "count_pixels": 43, "percent_cover": 0.053038619515745074, "percent_above_0.1m": 60.465116279069761, "low_level_<0.5": 20.930232558139537, "mid_level_0.5-2": 32.558139534883722, "tall_2+": 4.6511627906976747 }, "geometry": { "type": "Polygon", "coordinates": [ [ [ -3.500136091451011, 50.699087792521482 ], [ -3.500235307336316, 50.699122491025221 ], [ -3.500332226686553, 50.699085270522794 ], [ -3.500329930008261, 50.699013351592995 ], [ -3.500230714295414, 50.69897865317764 ], [ -3.5001337950884, 50.69901587360367 ], [ -3.500136091451011, 50.699087792521482 ] ] ] } },
{ "type": "Feature", "properties": { "max_height": 0.00050067901611328125, "mean_height": 3.5485554690239951e-05, "std_height": 0.00029329373501241207, "count_pixels": 43, "percent_cover": 0.053038619515745074, "percent_above_0.1m": 0.0, "low_level_<0.5": 0.0, "mid_level_0.5-2": 0.0, "tall_2+": 0.0 }, "geometry": { "type": "Polygon", "coordinates": [ [ [ -3.499939956186226, 50.69909031418895 ], [ -3.500039171928311, 50.699125012852299 ], [ -3.50013609145101, 50.699087792521482 ], [ -3.500133795088399, 50.69901587360367 ], [ -3.500034579518771, 50.698981175028713 ], [ -3.499937660139296, 50.69901839528314 ], [ -3.499939956186226, 50.69909031418895 ] ] ] } },
{ "type": "Feature", "properties": { "max_height": 0.00075054168701171875, "mean_height": 2.0378514818730764e-05, "std_height": 0.00030560683808289468, "count_pixels": 38, "percent_cover": 0.046871338176704948, "percent_above_0.1m": 0.0, "low_level_<0.5": 0.0, "mid_level_0.5-2": 0.0, "tall_2+": 0.0 }, "geometry": { "type": "Polygon", "coordinates": [ [ [ -3.499743820892202, 50.6990928355252 ], [ -3.499843036491065, 50.699127534348158 ], [ -3.499939956186225, 50.69909031418895 ], [ -3.499937660139295, 50.69901839528314 ], [ -3.499838444712887, 50.698983696548588 ], [ -3.499741525160954, 50.699020916631405 ], [ -3.499743820892202, 50.6990928355252 ] ] ] } },
{ "type": "Feature", "properties": { "max_height": 0.00075054168701171875, "mean_height": 5.7664027508508298e-07, "std_height": 0.00043131294660270214, "count_pixels": 43, "percent_cover": 0.053038619515745074, "percent_above_0.1m": 0.0, "low_level_<0.5": 0.0, "mid_level_0.5-2": 0.0, "tall_2+": 0.0 }, "geometry": { "type": "Polygon", "coordinates": [ [ [ -3.499547685568945, 50.699095356530258 ], [ -3.499646901024583, 50.699130055512825 ], [ -3.499743820892201, 50.6990928355252 ], [ -3.499741525160953, 50.699020916631405 ], [ -3.499642309877768, 50.698986217737257 ], [ -3.499545390153378, 50.699023437648457 ], [ -3.499547685568945, 50.699095356530258 ] ] ] } },
{ "type": "Feature", "properties": { "max_height": 0.000751495361328125, "mean_height": 2.3819678972358815e-05, "std_height": 0.00035276060225442052, "count_pixels": 43, "percent_cover": 0.053038619515745074, "percent_above_0.1m": 0.0, "low_level_<0.5": 0.0, "mid_level_0.5-2": 0.0, "tall_2+": 0.0 }, "geometry": { "type": "Polygon", "coordinates": [ [ [ -3.499351550216457, 50.699097877204103 ], [ -3.499450765528869, 50.69913257634628 ], [ -3.499547685568944, 50.699095356530258 ], [ -3.499545390153377, 50.699023437648457 ], [ -3.499446175013417, 50.698988738594714 ], [ -3.499349255116571, 50.699025958334332 ], [ -3.499351550216457, 50.699097877204103 ] ] ] } },
{ "type": "Feature", "properties": { "max_height": 0.001251220703125, "mean_height": 6.5648277995933313e-06, "std_height": 0.00034739973489195108, "count_pixels": 43, "percent_cover": 0.053038619515745074, "percent_above_0.1m": 0.0, "low_level_<0.5": 0.0, "mid_level_0.5-2": 0.0, "tall_2+": 0.0 }, "geometry": { "type": "Polygon", "coordinates": [ [ [ -3.499155414834743, 50.699100397546758 ], [ -3.499254630003926, 50.699135096848515 ], [ -3.499351550216456, 50.699097877204103 ], [ -3.499349255116571, 50.699025958334332 ], [ -3.499250040119837, 50.698991259120966 ], [ -3.499153120050539, 50.699028478688973 ], [ -3.499155414834743, 50.699100397546758 ] ] ] } },
{ "type": "Feature", "properties": { "max_height": 0.0025005340576171875, "mean_height": 5.5708536820020527e-05, "std_height": 0.0005075505468994379, "count_pixels": 41, "percent_cover": 0.050571706980129021, "percent_above_0.1m": 0.0, "low_level_<0.5": 0.0, "mid_level_0.5-2": 0.0, "tall_2+": 0.0 }, "geometry": { "type": "Polygon", "coordinates": [ [ [ -3.498959279423806, 50.6991029175582 ], [ -3.499058494449759, 50.699137617019566 ], [ -3.499155414834742, 50.699100397546758 ], [ -3.499153120050538, 50.699028478688973 ], [ -3.499053905197033, 50.698993779316005 ], [ -3.498956984955284, 50.699030998712416 ], [ -3.498959279423806, 50.6991029175582 ] ] ] } },
{ "type": "Feature", "properties": { "max_height": 0.001750946044921875, "mean_height": -0.00015179703768808395, "std_height": 0.0012794157955795527, "count_pixels": 41, "percent_cover": 0.050571706980129021, "percent_above_0.1m": 0.0, "low_level_<0.5": 0.0, "mid_level_0.5-2": 0.0, "tall_2+": 0.0 }, "geometry": { "type": "Polygon", "coordinates": [ [ [ -3.498763143983652, 50.69910543723843 ], [ -3.49886235886637, 50.699140136859398 ], [ -3.498959279423806, 50.6991029175582 ], [ -3.498956984955284, 50.699030998712416 ], [ -3.49885777024501, 50.698996299179854 ], [ -3.498760849830811, 50.699033518404661 ], [ -3.498763143983652, 50.69910543723843 ] ] ] } },
{ "type": "Feature", "properties": { "max_height": 0.00050067901611328125, "mean_height": -0.00018233788432553411, "std_height": 0.00066727685043588281, "count_pixels": 41, "percent_cover": 0.050571706980129021, "percent_above_0.1m": 0.0, "low_level_<0.5": 0.0, "mid_level_0.5-2": 0.0, "tall_2+": 0.0 }, "geometry": { "type": "Polygon", "coordinates": [ [ [ -3.49856700851428, 50.699107956587454 ], [ -3.498666223253766, 50.699142656368018 ], [ -3.49876314398365, 50.69910543723843 ], [ -3.49876084983081, 50.699033518404661 ], [ -3.498661635263769, 50.698998818712496 ], [ -3.498564714677124, 50.699036037765687 ], [ -3.49856700851428, 50.699107956587454 ] ] ] } },
{ "type": "Feature", "properties": { "max_height": 0.00075054168701171875, "mean_height": -0.00024939747527241707, "std_height": 0.0013825356727465987, "count_pixels": 41, "percent_cover": 0.050571706980129021, "percent_above_0.1m": 0.0, "low_level_<0.5": 0.0, "mid_level_0.5-2": 0.0, "tall_2+": 0.0 }, "geometry": { "type": "Polygon", "coordinates": [ [ [ -3.4983708730157, 50.699110475605274 ], [ -3.498470087611949, 50.699145175545425 ], [ -3.498567008514279, 50.699107956587454 ], [ -3.498564714677123, 50.699036037765687 ], [ -3.498465500253316, 50.699001337913934 ], [ -3.498368579494225, 50.699038556795522 ], [ -3.4983708730157, 50.699110475605274 ] ] ] } },
{ "type": "Feature", "properties": { "max_height": 0.0010004043579101562, "mean_height": -0.00029203368467278779, "std_height": 0.0015655237948521972, "count_pixels": 41, "percent_cover": 0.050571706980129021, "percent_above_0.1m": 0.0, "low_level_<0.5": 0.0, "mid_level_0.5-2": 0.0, "tall_2+": 0.0 }, "geometry": { "type": "Polygon", "coordinates": [ [ [ -3.498174737487912, 50.69911299429188 ], [ -3.498273951940922, 50.699147694391655 ], [ -3.498370873015699, 50.699110475605274 ], [ -3.498368579494224, 50.699038556795522 ], [ -3.498269365213655, 50.699003856784152 ], [ -3.498172444282119, 50.699041075494144 ], [ -3.498174737487912, 50.69911299429188 ] ] ] } },
{ "type": "Feature", "properties": { "max_height": 0.01200103759765625, "mean_height": 0.00034208994475193322, "std_height": 0.0018820584518834949, "count_pixels": 41, "percent_cover": 0.050571706980129021, "percent_above_0.1m": 0.0, "low_level_<0.5": 0.0, "mid_level_0.5-2": 0.0, "tall_2+": 0.0 }, "geometry": { "type": "Polygon", "coordinates": [ [ [ -3.497978601930922, 50.699115512647303 ], [ -3.49807781624069, 50.699150212906652 ], [ -3.498174737487912, 50.69911299429188 ], [ -3.498172444282119, 50.699041075494144 ], [ -3.498073230144789, 50.699006375323187 ], [ -3.497976309040812, 50.69904359386156 ], [ -3.497978601930922, 50.699115512647303 ] ] ] } },
{ "type": "Feature", "properties": { "max_height": 0.0075006484985351562, "mean_height": 8.6086554802022874e-05, "std_height": 0.0020254442933946848, "count_pixels": 41, "percent_cover": 0.050571706980129021, "percent_above_0.1m": 0.0, "low_level_<0.5": 0.0, "mid_level_0.5-2": 0.0, "tall_2+": 0.0 }, "geometry": { "type": "Polygon", "coordinates": [ [ [ -3.497782466344732, 50.699118030671507 ], [ -3.497881680511258, 50.699152731090464 ], [ -3.497978601930921, 50.699115512647303 ], [ -3.497976309040812, 50.69904359386156 ], [ -3.497877095046721, 50.699008893531008 ], [ -3.497780173770305, 50.699046111897772 ], [ -3.497782466344732, 50.699118030671507 ] ] ] } },
{ "type": "Feature", "properties": { "max_height": 0.011251449584960938, "mean_height": -0.00031033958657644689, "std_height": 0.002549503929913044, "count_pixels": 41, "percent_cover": 0.050571706980129021, "percent_above_0.1m": 0.0, "low_level_<0.5": 0.0, "mid_level_0.5-2": 0.0, "tall_2+": 0.0 }, "geometry": { "type": "Polygon", "coordinates": [ [ [ -3.497586330729346, 50.699120548364498 ], [ -3.497685544752628, 50.699155248943057 ], [ -3.497782466344731, 50.699118030671507 ], [ -3.497780173770304, 50.699046111897772 ], [ -3.497680959919457, 50.699011411407625 ], [ -3.497584038470603, 50.699048629602785 ], [ -3.497586330729346, 50.699120548364498 ] ] ] } },
{ "type": "Feature", "properties": { "max_height": 0.0020008087158203125, "mean_height": -0.00063297362066805363, "std_height": 0.001868072897195816, "count_pixels": 43, "percent_cover": 0.053038619515745074, "percent_above_0.1m": 0.0, "low_level_<0.5": 0.0, "mid_level_0.5-2": 0.0, "tall_2+": 0.0 }, "geometry": { "type": "Polygon", "coordinates": [ [ [ -3.49739019508477, 50.699123065726297 ], [ -3.497489408964805, 50.699157766464445 ], [ -3.497586330729345, 50.699120548364498 ], [ -3.497584038470602, 50.699048629602785 ], [ -3.497484824762999, 50.699013928953043 ], [ -3.497387903141709, 50.699051146976586 ], [ -3.49739019508477, 50.699123065726297 ] ] ] } },
{ "type": "Feature", "properties": { "max_height": 0.001750946044921875, "mean_height": -5.1542770961532369e-05, "std_height": 0.00079519231803715229, "count_pixels": 43, "percent_cover": 0.053038619515745074, "percent_above_0.1m": 0.0, "low_level_<0.5": 0.0, "mid_level_0.5-2": 0.0, "tall_2+": 0.0 }, "geometry": { "type": "Polygon", "coordinates": [ [ [ -3.497194059411006, 50.699125582756885 ], [ -3.497293273147792, 50.699160283654635 ], [ -3.497390195084769, 50.699123065726297 ], [ -3.497387903141708, 50.699051146976586 ], [ -3.497288689577354, 50.699016446167256 ], [ -3.497191767783629, 50.699053664019196 ], [ -3.497194059411006, 50.699125582756885 ] ] ] } },
{ "type": "Feature", "properties": { "max_height": 0.16175079345703125, "mean_height": 0.012717925012111664, "std_height": 0.039002515375614166, "count_pixels": 38, "percent_cover": 0.046871338176704948, "percent_above_0.1m": 7.8947368421052628, "low_level_<0.5": 2.6315789473684208, "mid_level_0.5-2": 0.0, "tall_2+": 0.0 }, "geometry": { "type": "Polygon", "coordinates": [ [ [ -3.496997923708058, 50.699128099456274 ], [ -3.497097137301593, 50.699162800513612 ], [ -3.497194059411005, 50.699125582756885 ], [ -3.497191767783628, 50.699053664019196 ], [ -3.497092554362522, 50.699018963050257 ], [ -3.496995632396364, 50.699056180730594 ], [ -3.496997923708058, 50.699128099456274 ] ] ] } },
{ "type": "Feature", "properties": { "max_height": 0.0037508010864257812, "mean_height": -0.00031910385587252676, "std_height": 0.0014256535796448588, "count_pixels": 43, "percent_cover": 0.053038619515745074, "percent_above_0.1m": 0.0, "low_level_<0.5": 0.0, "mid_level_0.5-2": 0.0, "tall_2+": 0.0 }, "geometry": { "type": "Polygon", "coordinates": [ [ [ -3.496801787975931, 50.699130615824451 ], [ -3.496901001426213, 50.699165317041391 ], [ -3.496997923708058, 50.699128099456274 ], [ -3.496995632396364, 50.699056180730594 ], [ -3.496896419118509, 50.699021479602067 ], [ -3.49679949697992, 50.699058697110786 ], [ -3.496801787975931, 50.699130615824451 ] ] ] } },
{ "type": "Feature", "properties": { "max_height": 0.0030002593994140625, "mean_height": -0.00046441721497103572, "std_height": 0.0017740472685545683, "count_pixels": 43, "percent_cover": 0.053038619515745074, "percent_above_0.1m": 0.0, "low_level_<0.5": 0.0, "mid_level_0.5-2": 0.0, "tall_2+": 0.0 }, "geometry": { "type": "Polygon", "coordinates": [ [ [ -3.496605652214628, 50.69913313186143 ], [ -3.496704865521655, 50.699167833237965 ], [ -3.49680178797593, 50.699130615824451 ], [ -3.496799496979919, 50.699058697110786 ], [ -3.496700283845318, 50.699023995822671 ], [ -3.496603361534302, 50.699061213159787 ], [ -3.496605652214628, 50.69913313186143 ] ] ] } },
{ "type": "Feature", "properties": { "max_height": 0.012500762939453125, "mean_height": 0.0004425048828125, "std_height": 0.0027130411472171545, "count_pixels": 43, "percent_cover": 0.053038619515745074, "percent_above_0.1m": 0.0, "low_level_<0.5": 0.0, "mid_level_0.5-2": 0.0, "tall_2+": 0.0 }, "geometry": { "type": "Polygon", "coordinates": [ [ [ -3.496409516424153, 50.699135647567196 ], [ -3.496508729587922, 50.699170349103319 ], [ -3.496605652214627, 50.69913313186143 ], [ -3.496603361534301, 50.699061213159787 ], [ -3.496504148542954, 50.699026511712056 ], [ -3.49640722605951, 50.699063728877569 ], [ -3.496409516424153, 50.699135647567196 ] ] ] } },
{ "type": "Feature", "properties": { "max_height": 13.134750366210938, "mean_height": 4.4545130729675293, "std_height": 4.8381161689758301, "count_pixels": 41, "percent_cover": 0.050571706980129021, "percent_above_0.1m": 65.853658536585371, "low_level_<0.5": 0.0, "mid_level_0.5-2": 17.073170731707318, "tall_2+": 48.780487804878049 }, "geometry": { "type": "Polygon", "coordinates": [ [ [ -3.496213380604509, 50.699138162941757 ], [ -3.496312593625021, 50.69917286463749 ], [ -3.496409516424152, 50.699135647567196 ], [ -3.496407226059509, 50.699063728877569 ], [ -3.49630801321142, 50.699029027270257 ], [ -3.496211090555551, 50.699066244264152 ], [ -3.496213380604509, 50.699138162941757 ] ] ] } },
{ "type": "Feature", "properties": { "max_height": 11.583001136779785, "mean_height": 4.3286957740783691, "std_height": 3.5929791927337646, "count_pixels": 41, "percent_cover": 0.050571706980129021, "percent_above_0.1m": 78.048780487804876, "low_level_<0.5": 2.4390243902439024, "mid_level_0.5-2": 14.634146341463413, "tall_2+": 60.975609756097562 }, "geometry": { "type": "Polygon", "coordinates": [ [ [ -3.496017244755702, 50.699140677985127 ], [ -3.496116457632952, 50.69917537984044 ], [ -3.496213380604509, 50.699138162941757 ], [ -3.49621109055555, 50.699066244264152 ], [ -3.49611187785072, 50.699031542497252 ], [ -3.496014955022428, 50.69906875931953 ], [ -3.496017244755702, 50.699140677985127 ] ] ] } },
{ "type": "Feature", "properties": { "max_height": 1.7597503662109375, "mean_height": 0.047037333250045776, "std_height": 0.27100926637649536, "count_pixels": 41, "percent_cover": 0.050571706980129021, "percent_above_0.1m": 2.4390243902439024, "low_level_<0.5": 0.0, "mid_level_0.5-2": 2.4390243902439024, "tall_2+": 0.0 }, "geometry": { "type": "Polygon", "coordinates": [ [ [ -3.495821108877734, 50.699143192697285 ], [ -3.495920321611722, 50.699177894712193 ], [ -3.496017244755701, 50.699140677985127 ], [ -3.496014955022427, 50.69906875931953 ], [ -3.495915742460858, 50.699034057393028 ], [ -3.495818819460145, 50.69907127404371 ], [ -3.495821108877734, 50.699143192697285 ] ] ] } },
{ "type": "Feature", "properties": { "max_height": 0.046751022338867188, "mean_height": -0.00035299904993735254, "std_height": 0.010346141643822193, "count_pixels": 41, "percent_cover": 0.050571706980129021, "percent_above_0.1m": 0.0, "low_level_<0.5": 0.0, "mid_level_0.5-2": 0.0, "tall_2+": 0.0 }, "geometry": { "type": "Polygon", "coordinates": [ [ [ -3.495624972970611, 50.699145707078245 ], [ -3.495724185561333, 50.69918040925274 ], [ -3.495821108877733, 50.699143192697285 ], [ -3.495818819460144, 50.69907127404371 ], [ -3.495719607041838, 50.69903657195762 ], [ -3.495622683868706, 50.699073788436692 ], [ -3.495624972970611, 50.699145707078245 ] ] ] } },
{ "type": "Feature", "properties": { "max_height": 0.53400039672851562, "mean_height": 0.024915508925914764, "std_height": 0.10150716453790665, "count_pixels": 41, "percent_cover": 0.050571706980129021, "percent_above_0.1m": 4.8780487804878048, "low_level_<0.5": 2.4390243902439024, "mid_level_0.5-2": 2.4390243902439024, "tall_2+": 0.0 }, "geometry": { "type": "Polygon", "coordinates": [ [ [ -3.495428837034334, 50.699148221127984 ], [ -3.49552804948179, 50.699182923462082 ], [ -3.49562497297061, 50.699145707078245 ], [ -3.495622683868705, 50.699073788436692 ], [ -3.495523471593664, 50.699039086191007 ], [ -3.495426548248114, 50.699076302498462 ], [ -3.495428837034334, 50.699148221127984 ] ] ] } },
{ "type": "Feature", "properties": { "max_height": 1.8722515106201172, "mean_height": 0.14681792259216309, "std_height": 0.41562104225158691, "count_pixels": 41, "percent_cover": 0.050571706980129021, "percent_above_0.1m": 14.634146341463413, "low_level_<0.5": 4.8780487804878048, "mid_level_0.5-2": 9.7560975609756095, "tall_2+": 0.0 }, "geometry": { "type": "Polygon", "coordinates": [ [ [ -3.495232701068909, 50.699150734846533 ], [ -3.495331913373095, 50.699185437340226 ], [ -3.495428837034334, 50.699148221127984 ], [ -3.495426548248113, 50.699076302498462 ], [ -3.495327336116339, 50.699041600093182 ], [ -3.495230412598374, 50.699078816229033 ], [ -3.495232701068909, 50.699150734846533 ] ] ] } },
{ "type": "Feature", "properties": { "max_height": 1.9325017929077148, "mean_height": 0.30008617043495178, "std_height": 0.50054234266281128, "count_pixels": 41, "percent_cover": 0.050571706980129021, "percent_above_0.1m": 36.585365853658537, "low_level_<0.5": 9.7560975609756095, "mid_level_0.5-2": 24.390243902439025, "tall_2+": 0.0 }, "geometry": { "type": "Polygon", "coordinates": [ [ [ -3.49503656507434, 50.699153248233891 ], [ -3.495135777235254, 50.699187950887165 ], [ -3.495232701068909, 50.699150734846533 ], [ -3.495230412598373, 50.699078816229033 ], [ -3.495131200609868, 50.699044113664172 ], [ -3.495034276919489, 50.699081329628399 ], [ -3.49503656507434, 50.699153248233891 ] ] ] } },
{ "type": "Feature", "properties": { "max_height": 2.0550003051757812, "mean_height": 0.17354939877986908, "std_height": 0.50349444150924683, "count_pixels": 41, "percent_cover": 0.050571706980129021, "percent_above_0.1m": 12.195121951219512, "low_level_<0.5": 2.4390243902439024, "mid_level_0.5-2": 7.3170731707317067, "tall_2+": 2.4390243902439024 }, "geometry": { "type": "Polygon", "coordinates": [ [ [ -3.500041468147693, 50.699196931763282 ], [ -3.500140684205458, 50.699231630355442 ], [ -3.500237603871382, 50.699194409948205 ], [ -3.500235307336316, 50.699122491025221 ], [ -3.500136091451011, 50.699087792521482 ], [ -3.500039171928311, 50.699125012852299 ], [ -3.500041468147693, 50.699196931763282 ] ] ] } },
{ "type": "Feature", "properties": { "max_height": 0.00075054168701171875, "mean_height": -0.00010918408224824816, "std_height": 0.00045554892858490348, "count_pixels": 41, "percent_cover": 0.050571706980129021, "percent_above_0.1m": 0.0, "low_level_<0.5": 0.0, "mid_level_0.5-2": 0.0, "tall_2+": 0.0 }, "geometry": { "type": "Polygon", "coordinates": [ [ [ -3.499845332394765, 50.699199453247147 ], [ -3.499944548309306, 50.699234151998915 ], [ -3.500041468147693, 50.699196931763282 ], [ -3.500039171928311, 50.699125012852299 ], [ -3.499939956186226, 50.69909031418895 ], [ -3.499843036491066, 50.699127534348158 ], [ -3.499845332394765, 50.699199453247147 ] ] ] } },
{ "type": "Feature", "properties": { "max_height": 0.00075054168701171875, "mean_height": 2.5028135496540926e-05, "std_height": 0.00029630455537699163, "count_pixels": 41, "percent_cover": 0.050571706980129021, "percent_above_0.1m": 0.0, "low_level_<0.5": 0.0, "mid_level_0.5-2": 0.0, "tall_2+": 0.0 }, "geometry": { "type": "Polygon", "coordinates": [ [ [ -3.499649196612599, 50.699201974399791 ], [ -3.499748412383917, 50.699236673311169 ], [ -3.499845332394763, 50.699199453247147 ], [ -3.499843036491065, 50.699127534348158 ], [ -3.499743820892202, 50.6990928355252 ], [ -3.499646901024584, 50.699130055512825 ], [ -3.499649196612599, 50.699201974399791 ] ] ] } },
{ "type": "Feature", "properties": { "max_height": 0.00050067901611328125, "mean_height": -9.678631613496691e-05, "std_height": 0.00041992234764620662, "count_pixels": 41, "percent_cover": 0.050571706980129021, "percent_above_0.1m": 0.0, "low_level_<0.5": 0.0, "mid_level_0.5-2": 0.0, "tall_2+": 0.0 }, "geometry": { "type": "Polygon", "coordinates": [ [ [ -3.499453060801202, 50.699204495221245 ], [ -3.499552276429293, 50.699239194292218 ], [ -3.499649196612598, 50.699201974399791 ], [ -3.499646901024583, 50.699130055512825 ], [ -3.499547685568945, 50.699095356530258 ], [ -3.49945076552887, 50.69913257634628 ], [ -3.499453060801202, 50.699204495221245 ] ] ] } },
{ "type": "Feature", "properties": { "max_height": 0.0015010833740234375, "mean_height": -5.3964008657203522e-06, "std_height": 0.0004038418410345912, "count_pixels": 41, "percent_cover": 0.050571706980129021, "percent_above_0.1m": 0.0, "low_level_<0.5": 0.0, "mid_level_0.5-2": 0.0, "tall_2+": 0.0 }, "geometry": { "type": "Polygon", "coordinates": [ [ [ -3.499256924960575, 50.699207015711487 ], [ -3.499356140445438, 50.699241714942069 ], [ -3.499453060801201, 50.699204495221245 ], [ -3.499450765528869, 50.69913257634628 ], [ -3.499351550216457, 50.699097877204103 ], [ -3.499254630003926, 50.699135096848515 ], [ -3.499256924960575, 50.699207015711487 ] ] ] } },
{ "type": "Feature", "properties": { "max_height": 0.001251220703125, "mean_height": -0.00015177378372754902, "std_height": 0.0011422518873587251, "count_pixels": 41, "percent_cover": 0.050571706980129021, "percent_above_0.1m": 0.0, "low_level_<0.5": 0.0, "mid_level_0.5-2": 0.0, "tall_2+": 0.0 }, "geometry": { "type": "Polygon", "coordinates": [ [ [ -3.499060789090724, 50.699209535870537 ], [ -3.499160004432357, 50.6992442352607 ], [ -3.499256924960574, 50.699207015711487 ], [ -3.499254630003926, 50.699135096848515 ], [ -3.499155414834743, 50.699100397546758 ], [ -3.499058494449759, 50.699137617019566 ], [ -3.499060789090724, 50.699209535870537 ] ] ] } },
{ "type": "Feature", "properties": { "max_height": 0.00075054168701171875, "mean_height": -0.00013313736417330801, "std_height": 0.00051247846568003297, "count_pixels": 43, "percent_cover": 0.053038619515745074, "percent_above_0.1m": 0.0, "low_level_<0.5": 0.0, "mid_level_0.5-2": 0.0, "tall_2+": 0.0 }, "geometry": { "type": "Polygon", "coordinates": [ [ [ -3.498864653191653, 50.699212055698354 ], [ -3.498963868390052, 50.699246755248133 ], [ -3.499060789090724, 50.699209535870537 ], [ -3.499058494449759, 50.699137617019566 ], [ -3.498959279423806, 50.6991029175582 ], [ -3.498862358866372, 50.699140136859398 ], [ -3.498864653191653, 50.699212055698354 ] ] ] } },
{ "type": "Feature", "properties": { "max_height": 0.0012502670288085938, "mean_height": -0.00014473671035375446, "std_height": 0.00076862616697326303, "count_pixels": 43, "percent_cover": 0.053038619515745074, "percent_above_0.1m": 0.0, "low_level_<0.5": 0.0, "mid_level_0.5-2": 0.0, "tall_2+": 0.0 }, "geometry": { "type": "Polygon", "coordinates": [ [ [ -3.498668517263364, 50.699214575194972 ], [ -3.49876773231853, 50.699249274904354 ], [ -3.498864653191652, 50.699212055698354 ], [ -3.49886235886637, 50.699140136859398 ], [ -3.498763143983652, 50.69910543723843 ], [ -3.498666223253767, 50.699142656368018 ], [ -3.498668517263364, 50.699214575194972 ] ] ] } },
{ "type": "Feature", "properties": { "max_height": 0.00225067138671875, "mean_height": 9.3593152996618301e-05, "std_height": 0.0004942470695823431, "count_pixels": 43, "percent_cover": 0.053038619515745074, "percent_above_0.1m": 0.0, "low_level_<0.5": 0.0, "mid_level_0.5-2": 0.0, "tall_2+": 0.0 }, "geometry": { "type": "Polygon", "coordinates": [ [ [ -3.498472381305862, 50.699217094360378 ], [ -3.49857159621779, 50.699251794229369 ], [ -3.498668517263363, 50.699214575194972 ], [ -3.498666223253766, 50.699142656368018 ], [ -3.49856700851428, 50.699107956587454 ], [ -3.498470087611949, 50.699145175545425 ], [ -3.498472381305862, 50.699217094360378 ] ] ] } },
{ "type": "Feature", "properties": { "max_height": 0.000751495361328125, "mean_height": -0.00010460301564307883, "std_height": 0.00074912444688379765, "count_pixels": 38, "percent_cover": 0.046871338176704948, "percent_above_0.1m": 0.0, "low_level_<0.5": 0.0, "mid_level_0.5-2": 0.0, "tall_2+": 0.0 }, "geometry": { "type": "Polygon", "coordinates": [ [ [ -3.498276245319151, 50.6992196131946 ], [ -3.498375460087841, 50.699254313223172 ], [ -3.498472381305861, 50.699217094360378 ], [ -3.498470087611949, 50.699145175545425 ], [ -3.4983708730157, 50.699110475605274 ], [ -3.498273951940923, 50.699147694391655 ], [ -3.498276245319151, 50.6992196131946 ] ] ] } },
{ "type": "Feature", "properties": { "max_height": 0.013250350952148438, "mean_height": 0.0001692217483650893, "std_height": 0.0021422063000500202, "count_pixels": 43, "percent_cover": 0.053038619515745074, "percent_above_0.1m": 0.0, "low_level_<0.5": 0.0, "mid_level_0.5-2": 0.0, "tall_2+": 0.0 }, "geometry": { "type": "Polygon", "coordinates": [ [ [ -3.498080109303235, 50.699222131697596 ], [ -3.498179323928685, 50.699256831885769 ], [ -3.498276245319151, 50.6992196131946 ], [ -3.498273951940922, 50.699147694391655 ], [ -3.498174737487912, 50.69911299429188 ], [ -3.498077816240691, 50.699150212906652 ], [ -3.498080109303235, 50.699222131697596 ] ] ] } },
{ "type": "Feature", "properties": { "max_height": 0.0052509307861328125, "mean_height": 5.3028728871140629e-05, "std_height": 0.00095331575721502304, "count_pixels": 43, "percent_cover": 0.053038619515745074, "percent_above_0.1m": 0.0, "low_level_<0.5": 0.0, "mid_level_0.5-2": 0.0, "tall_2+": 0.0 }, "geometry": { "type": "Polygon", "coordinates": [ [ [ -3.497883973258118, 50.699224649869386 ], [ -3.497983187740325, 50.699259350217154 ], [ -3.498080109303234, 50.699222131697596 ], [ -3.49807781624069, 50.699150212906652 ], [ -3.497978601930922, 50.699115512647303 ], [ -3.497881680511259, 50.699152731090464 ], [ -3.497883973258118, 50.699224649869386 ] ] ] } },
{ "type": "Feature", "properties": { "max_height": 0.020001411437988281, "mean_height": 0.001087898388504982, "std_height": 0.0045286389067769051, "count_pixels": 43, "percent_cover": 0.053038619515745074, "percent_above_0.1m": 0.0, "low_level_<0.5": 0.0, "mid_level_0.5-2": 0.0, "tall_2+": 0.0 }, "geometry": { "type": "Polygon", "coordinates": [ [ [ -3.497687837183803, 50.699227167709964 ], [ -3.497787051522766, 50.699261868217334 ], [ -3.497883973258117, 50.699224649869386 ], [ -3.497881680511258, 50.699152731090464 ], [ -3.497782466344732, 50.699118030671507 ], [ -3.497685544752628, 50.699155248943057 ], [ -3.497687837183803, 50.699227167709964 ] ] ] } },
{ "type": "Feature", "properties": { "max_height": 0.0015001296997070312, "mean_height": -0.00038340032915584743, "std_height": 0.0019048602553084493, "count_pixels": 41, "percent_cover": 0.050571706980129021, "percent_above_0.1m": 0.0, "low_level_<0.5": 0.0, "mid_level_0.5-2": 0.0, "tall_2+": 0.0 }, "geometry": { "type": "Polygon", "coordinates": [ [ [ -3.497491701080294, 50.699229685219343 ], [ -3.497590915276011, 50.699264385886309 ], [ -3.497687837183802, 50.699227167709964 ], [ -3.497685544752628, 50.699155248943057 ], [ -3.497586330729346, 50.699120548364498 ], [ -3.497489408964806, 50.699157766464445 ], [ -3.497491701080294, 50.699229685219343 ] ] ] } },
{ "type": "Feature", "properties": { "max_height": 0.007999420166015625, "mean_height": -0.00024944398319348693, "std_height": 0.0018127708462998271, "count_pixels": 41, "percent_cover": 0.050571706980129021, "percent_above_0.1m": 0.0, "low_level_<0.5": 0.0, "mid_level_0.5-2": 0.0, "tall_2+": 0.0 }, "geometry": { "type": "Polygon", "coordinates": [ [ [ -3.497295564947597, 50.699232202397518 ], [ -3.497394779000064, 50.699266903224085 ], [ -3.497491701080294, 50.699229685219343 ], [ -3.497489408964805, 50.699157766464445 ], [ -3.49739019508477, 50.699123065726297 ], [ -3.497293273147792, 50.699160283654635 ], [ -3.497295564947597, 50.699232202397518 ] ] ] } },
{ "type": "Feature", "properties": { "max_height": 0.0034999847412109375, "mean_height": -0.00029803486540913582, "std_height": 0.0016147178830578923, "count_pixels": 41, "percent_cover": 0.050571706980129021, "percent_above_0.1m": 0.0, "low_level_<0.5": 0.0, "mid_level_0.5-2": 0.0, "tall_2+": 0.0 }, "geometry": { "type": "Polygon", "coordinates": [ [ [ -3.497099428785713, 50.699234719244494 ], [ -3.497198642694929, 50.69926942023065 ], [ -3.497295564947596, 50.699232202397518 ], [ -3.497293273147792, 50.699160283654635 ], [ -3.497194059411006, 50.699125582756885 ], [ -3.497097137301594, 50.699162800513612 ], [ -3.497099428785713, 50.699234719244494 ] ] ] } },
{ "type": "Feature", "properties": { "max_height": 0.29925060272216797, "mean_height": 0.0074030249379575253, "std_height": 0.046244874596595764, "count_pixels": 41, "percent_cover": 0.050571706980129021, "percent_above_0.1m": 2.4390243902439024, "low_level_<0.5": 2.4390243902439024, "mid_level_0.5-2": 0.0, "tall_2+": 0.0 }, "geometry": { "type": "Polygon", "coordinates": [ [ [ -3.496903292594647, 50.699237235760236 ], [ -3.497002506360611, 50.699271936906008 ], [ -3.497099428785712, 50.699234719244494 ], [ -3.497097137301593, 50.699162800513612 ], [ -3.496997923708058, 50.699128099456274 ], [ -3.496901001426214, 50.699165317041391 ], [ -3.496903292594647, 50.699237235760236 ] ] ] } },
{ "type": "Feature", "properties": { "max_height": 0.015000343322753906, "mean_height": 0.00023246393539011478, "std_height": 0.0028237553779035807, "count_pixels": 41, "percent_cover": 0.050571706980129021, "percent_above_0.1m": 0.0, "low_level_<0.5": 0.0, "mid_level_0.5-2": 0.0, "tall_2+": 0.0 }, "geometry": { "type": "Polygon", "coordinates": [ [ [ -3.496707156374404, 50.699239751944795 ], [ -3.496806369997112, 50.69927445325014 ], [ -3.496903292594646, 50.699237235760236 ], [ -3.496901001426213, 50.699165317041391 ], [ -3.496801787975931, 50.699130615824451 ], [ -3.496704865521655, 50.699167833237965 ], [ -3.496707156374404, 50.699239751944795 ] ] ] } },
{ "type": "Feature", "properties": { "max_height": 4.5762510299682617, "mean_height": 0.17029945552349091, "std_height": 0.75214439630508423, "count_pixels": 41, "percent_cover": 0.050571706980129021, "percent_above_0.1m": 9.7560975609756095, "low_level_<0.5": 4.8780487804878048, "mid_level_0.5-2": 2.4390243902439024, "tall_2+": 2.4390243902439024 }, "geometry": { "type": "Polygon", "coordinates": [ [ [ -3.496511020124985, 50.699242267798141 ], [ -3.496610233604438, 50.699276969263096 ], [ -3.496707156374403, 50.699239751944795 ], [ -3.496704865521655, 50.699167833237965 ], [ -3.496605652214628, 50.69913313186143 ], [ -3.496508729587923, 50.699170349103319 ], [ -3.496511020124985, 50.699242267798141 ] ] ] } },
{ "type": "Feature", "properties": { "max_height": 10.245501518249512, "mean_height": 5.1861104965209961, "std_height": 3.3852667808532715, "count_pixels": 41, "percent_cover": 0.050571706980129021, "percent_above_0.1m": 85.365853658536579, "low_level_<0.5": 2.4390243902439024, "mid_level_0.5-2": 7.3170731707317067, "tall_2+": 75.609756097560975 }, "geometry": { "type": "Polygon", "coordinates": [ [ [ -3.496314883846398, 50.699244783320296 ], [ -3.496414097182591, 50.699279484944839 ], [ -3.496511020124984, 50.699242267798141 ], [ -3.496508729587922, 50.699170349103319 ], [ -3.496409516424153, 50.699135647567196 ], [ -3.496312593625022, 50.69917286463749 ], [ -3.496314883846398, 50.699244783320296 ] ] ] } },
{ "type": "Feature", "properties": { "max_height": 13.564752578735352, "mean_height": 3.9306175708770752, "std_height": 4.9810366630554199, "count_pixels": 43, "percent_cover": 0.053038619515745074, "percent_above_0.1m": 48.837209302325576, "low_level_<0.5": 2.3255813953488373, "mid_level_0.5-2": 4.6511627906976747, "tall_2+": 41.860465116279073 }, "geometry": { "type": "Polygon", "coordinates": [ [ [ -3.496118747538643, 50.699247298511231 ], [ -3.496217960731576, 50.699282000295362 ], [ -3.496314883846397, 50.699244783320296 ], [ -3.496312593625021, 50.69917286463749 ], [ -3.496213380604509, 50.699138162941757 ], [ -3.496116457632953, 50.69917537984044 ], [ -3.496118747538643, 50.699247298511231 ] ] ] } },
{ "type": "Feature", "properties": { "max_height": 0.25400066375732422, "mean_height": 0.011518168263137341, "std_height": 0.038443796336650848, "count_pixels": 43, "percent_cover": 0.053038619515745074, "percent_above_0.1m": 2.3255813953488373, "low_level_<0.5": 2.3255813953488373, "mid_level_0.5-2": 0.0, "tall_2+": 0.0 }, "geometry": { "type": "Polygon", "coordinates": [ [ [ -3.495922611201726, 50.699249813370969 ], [ -3.496021824251396, 50.699284515314694 ], [ -3.496118747538642, 50.699247298511231 ], [ -3.496116457632952, 50.69917537984044 ], [ -3.496017244755702, 50.699140677985127 ], [ -3.495920321611723, 50.699177894712193 ], [ -3.495922611201726, 50.699249813370969 ] ] ] } },
{ "type": "Feature", "properties": { "max_height": 0.017751693725585938, "mean_height": -0.0011214322876185179, "std_height": 0.0059454301372170448, "count_pixels": 43, "percent_cover": 0.053038619515745074, "percent_above_0.1m": 0.0, "low_level_<0.5": 0.0, "mid_level_0.5-2": 0.0, "tall_2+": 0.0 }, "geometry": { "type": "Polygon", "coordinates": [ [ [ -3.495726474835651, 50.699252327899494 ], [ -3.495825687742056, 50.699287030002814 ], [ -3.495922611201725, 50.699249813370969 ], [ -3.495920321611722, 50.699177894712193 ], [ -3.495821108877734, 50.699143192697285 ], [ -3.495724185561333, 50.69918040925274 ], [ -3.495726474835651, 50.699252327899494 ] ] ] } },
{ "type": "Feature", "properties": { "max_height": 0.025000572204589844, "mean_height": -0.0017163126030936837, "std_height": 0.0096892146393656731, "count_pixels": 38, "percent_cover": 0.046871338176704948, "percent_above_0.1m": 0.0, "low_level_<0.5": 0.0, "mid_level_0.5-2": 0.0, "tall_2+": 0.0 }, "geometry": { "type": "Polygon", "coordinates": [ [ [ -3.495530338440421, 50.699254842096806 ], [ -3.495629551203559, 50.699289544359736 ], [ -3.49572647483565, 50.699252327899494 ], [ -3.495724185561333, 50.69918040925274 ], [ -3.495624972970611, 50.699145707078245 ], [ -3.49552804948179, 50.699182923462082 ], [ -3.495530338440421, 50.699254842096806 ] ] ] } },
{ "type": "Feature", "properties": { "max_height": 0.037252426147460938, "mean_height": 0.0014775298768654466, "std_height": 0.009522545151412487, "count_pixels": 43, "percent_cover": 0.053038619515745074, "percent_above_0.1m": 0.0, "low_level_<0.5": 0.0, "mid_level_0.5-2": 0.0, "tall_2+": 0.0 }, "geometry": { "type": "Polygon", "coordinates": [ [ [ -3.49533420201604, 50.699257355962928 ], [ -3.495433414635909, 50.699292058385439 ], [ -3.49553033844042, 50.699254842096806 ], [ -3.49552804948179, 50.699182923462082 ], [ -3.495428837034334, 50.699148221127984 ], [ -3.495331913373096, 50.699185437340226 ], [ -3.49533420201604, 50.699257355962928 ] ] ] } },
{ "type": "Feature", "properties": { "max_height": 0.016750335693359375, "mean_height": -0.0015864705201238394, "std_height": 0.0066542541608214378, "count_pixels": 43, "percent_cover": 0.053038619515745074, "percent_above_0.1m": 0.0, "low_level_<0.5": 0.0, "mid_level_0.5-2": 0.0, "tall_2+": 0.0 }, "geometry": { "type": "Polygon", "coordinates": [ [ [ -3.495138065562513, 50.699259869497851 ], [ -3.495237278039111, 50.699294572079943 ], [ -3.49533420201604, 50.699257355962928 ], [ -3.495331913373095, 50.699185437340226 ], [ -3.495232701068909, 50.699150734846533 ], [ -3.495135777235255, 50.699187950887165 ], [ -3.495138065562513, 50.699259869497851 ] ] ] } },
{ "type": "Feature", "properties": { "max_height": 1.8529987335205078, "mean_height": 0.41311660408973694, "std_height": 0.59431320428848267, "count_pixels": 41, "percent_cover": 0.050571706980129021, "percent_above_0.1m": 41.463414634146339, "low_level_<0.5": 4.8780487804878048, "mid_level_0.5-2": 34.146341463414636, "tall_2+": 0.0 }, "geometry": { "type": "Polygon", "coordinates": [ [ [ -3.494941929079842, 50.699262382701548 ], [ -3.495041141413167, 50.699297085443241 ], [ -3.495138065562512, 50.699259869497851 ], [ -3.495135777235254, 50.699187950887165 ], [ -3.49503656507434, 50.699153248233891 ], [ -3.494939641068272, 50.699190464102898 ], [ -3.494941929079842, 50.699262382701548 ] ] ] } },
{ "type": "Feature", "properties": { "max_height": 2.5200004577636719, "mean_height": 0.33897143602371216, "std_height": 0.59023457765579224, "count_pixels": 43, "percent_cover": 0.053038619515745074, "percent_above_0.1m": 32.558139534883722, "low_level_<0.5": 6.9767441860465116, "mid_level_0.5-2": 23.255813953488371, "tall_2+": 2.3255813953488373 }, "geometry": { "type": "Polygon", "coordinates": [ [ [ -3.500142980597295, 50.699303549271633 ], [ -3.50024219697074, 50.699338247792589 ], [ -3.500339116779888, 50.699301027308962 ], [ -3.500336820072366, 50.699229108380777 ], [ -3.500237603871382, 50.699194409948205 ], [ -3.500140684205458, 50.699231630355442 ], [ -3.500142980597295, 50.699303549271633 ] ] ] } },
{ "type": "Feature", "properties": { "max_height": 0.40175056457519531, "mean_height": 0.010105354711413383, "std_height": 0.06060970202088356, "count_pixels": 43, "percent_cover": 0.053038619515745074, "percent_above_0.1m": 2.3255813953488373, "low_level_<0.5": 2.3255813953488373, "mid_level_0.5-2": 0.0, "tall_2+": 0.0 }, "geometry": { "type": "Polygon", "coordinates": [ [ [ -3.499946844385458, 50.699306070903106 ], [ -3.500046060615682, 50.699340769583664 ], [ -3.500142980597294, 50.699303549271633 ], [ -3.500140684205457, 50.699231630355442 ], [ -3.500041468147693, 50.699196931763282 ], [ -3.499944548309306, 50.699234151998915 ], [ -3.499946844385458, 50.699306070903106 ] ] ] } },
{ "type": "Feature", "properties": { "max_height": 0.000751495361328125, "mean_height": -0.00011125364108011127, "std_height": 0.00053702166769653559, "count_pixels": 38, "percent_cover": 0.046871338176704948, "percent_above_0.1m": 0.0, "low_level_<0.5": 0.0, "mid_level_0.5-2": 0.0, "tall_2+": 0.0 }, "geometry": { "type": "Polygon", "coordinates": [ [ [ -3.499750708144383, 50.699308592203352 ], [ -3.499849924231382, 50.699343291043519 ], [ -3.499946844385458, 50.699306070903106 ], [ -3.499944548309306, 50.699234151998915 ], [ -3.499845332394763, 50.699199453247147 ], [ -3.499748412383917, 50.699236673311169 ], [ -3.499750708144383, 50.699308592203352 ] ] ] } },
{ "type": "Feature", "properties": { "max_height": 0.76875114440917969, "mean_height": 0.036052946001291275, "std_height": 0.14265596866607666, "count_pixels": 43, "percent_cover": 0.053038619515745074, "percent_above_0.1m": 6.9767441860465116, "low_level_<0.5": 2.3255813953488373, "mid_level_0.5-2": 4.6511627906976747, "tall_2+": 0.0 }, "geometry": { "type": "Polygon", "coordinates": [ [ [ -3.499554571874075, 50.699311113172406 ], [ -3.499653787817847, 50.699345812172176 ], [ -3.499750708144383, 50.699308592203352 ], [ -3.499748412383917, 50.699236673311169 ], [ -3.499649196612598, 50.699201974399791 ], [ -3.499552276429293, 50.699239194292218 ], [ -3.499554571874075, 50.699311113172406 ] ] ] } },
{ "type": "Feature", "properties": { "max_height": 0.0012502670288085938, "mean_height": -5.0345133786322549e-06, "std_height": 0.00038692227099090815, "count_pixels": 43, "percent_cover": 0.053038619515745074, "percent_above_0.1m": 0.0, "low_level_<0.5": 0.0, "mid_level_0.5-2": 0.0, "tall_2+": 0.0 }, "geometry": { "type": "Polygon", "coordinates": [ [ [ -3.499358435574535, 50.699313633810249 ], [ -3.499457651375079, 50.699348332969613 ], [ -3.499554571874074, 50.699311113172406 ], [ -3.499552276429292, 50.699239194292218 ], [ -3.499453060801201, 50.699204495221245 ], [ -3.499356140445438, 50.699241714942069 ], [ -3.499358435574535, 50.699313633810249 ] ] ] } },
{ "type": "Feature", "properties": { "max_height": 0.0005016326904296875, "mean_height": 5.8750774769578129e-05, "std_height": 0.00029954139608889818, "count_pixels": 43, "percent_cover": 0.053038619515745074, "percent_above_0.1m": 0.0, "low_level_<0.5": 0.0, "mid_level_0.5-2": 0.0, "tall_2+": 0.0 }, "geometry": { "type": "Polygon", "coordinates": [ [ [ -3.499162299245767, 50.699316154116879 ], [ -3.499261514903081, 50.699350853435845 ], [ -3.499358435574534, 50.699313633810249 ], [ -3.499356140445437, 50.699241714942069 ], [ -3.499256924960574, 50.699207015711487 ], [ -3.499160004432357, 50.6992442352607 ], [ -3.499162299245767, 50.699316154116879 ] ] ] } },
{ "type": "Feature", "properties": { "max_height": 0.0010013580322265625, "mean_height": -5.4219872254179791e-05, "std_height": 0.00056450680131092668, "count_pixels": 41, "percent_cover": 0.050571706980129021, "percent_above_0.1m": 0.0, "low_level_<0.5": 0.0, "mid_level_0.5-2": 0.0, "tall_2+": 0.0 }, "geometry": { "type": "Polygon", "coordinates": [ [ [ -3.498966162887777, 50.699318674092297 ], [ -3.499065378401859, 50.699353373570865 ], [ -3.499162299245766, 50.699316154116879 ], [ -3.499160004432356, 50.6992442352607 ], [ -3.499060789090724, 50.699209535870537 ], [ -3.498963868390052, 50.699246755248133 ], [ -3.498966162887777, 50.699318674092297 ] ] ] } },
{ "type": "Feature", "properties": { "max_height": 0.00075054168701171875, "mean_height": 2.5097917387029156e-05, "std_height": 0.00032565943547524512, "count_pixels": 41, "percent_cover": 0.050571706980129021, "percent_above_0.1m": 0.0, "low_level_<0.5": 0.0, "mid_level_0.5-2": 0.0, "tall_2+": 0.0 }, "geometry": { "type": "Polygon", "coordinates": [ [ [ -3.498770026500568, 50.699321193736516 ], [ -3.498869241871416, 50.699355893374687 ], [ -3.498966162887776, 50.699318674092297 ], [ -3.498963868390051, 50.699246755248133 ], [ -3.498864653191652, 50.699212055698354 ], [ -3.49876773231853, 50.699249274904354 ], [ -3.498770026500568, 50.699321193736516 ] ] ] } },
{ "type": "Feature", "properties": { "max_height": 0.00075054168701171875, "mean_height": -0.00017626692715566605, "std_height": 0.001003455719910562, "count_pixels": 41, "percent_cover": 0.050571706980129021, "percent_above_0.1m": 0.0, "low_level_<0.5": 0.0, "mid_level_0.5-2": 0.0, "tall_2+": 0.0 }, "geometry": { "type": "Polygon", "coordinates": [ [ [ -3.498573890084145, 50.699323713049516 ], [ -3.498673105311755, 50.699358412847296 ], [ -3.498770026500567, 50.699321193736516 ], [ -3.498767732318528, 50.699249274904354 ], [ -3.498668517263363, 50.699214575194972 ], [ -3.49857159621779, 50.699251794229369 ], [ -3.498573890084145, 50.699323713049516 ] ] ] } },
{ "type": "Feature", "properties": { "max_height": 0.0005016326904296875, "mean_height": -0.00031022328766994178, "std_height": 0.0012219318887218833, "count_pixels": 41, "percent_cover": 0.050571706980129021, "percent_above_0.1m": 0.0, "low_level_<0.5": 0.0, "mid_level_0.5-2": 0.0, "tall_2+": 0.0 }, "geometry": { "type": "Polygon", "coordinates": [ [ [ -3.498377753638509, 50.699326232031304 ], [ -3.498476968722882, 50.699360931988693 ], [ -3.498573890084143, 50.699323713049516 ], [ -3.49857159621779, 50.699251794229369 ], [ -3.498472381305861, 50.699217094360378 ], [ -3.498375460087841, 50.699254313223172 ], [ -3.498377753638509, 50.699326232031304 ] ] ] } },
{ "type": "Feature", "properties": { "max_height": 0.014751434326171875, "mean_height": 0.00072628114139661193, "std_height": 0.0026920288801193237, "count_pixels": 41, "percent_cover": 0.050571706980129021, "percent_above_0.1m": 0.0, "low_level_<0.5": 0.0, "mid_level_0.5-2": 0.0, "tall_2+": 0.0 }, "geometry": { "type": "Polygon", "coordinates": [ [ [ -3.498181617163665, 50.699328750681907 ], [ -3.498280832104798, 50.699363450798877 ], [ -3.498377753638507, 50.699326232031304 ], [ -3.498375460087841, 50.699254313223172 ], [ -3.498276245319151, 50.6992196131946 ], [ -3.498179323928685, 50.699256831885769 ], [ -3.498181617163665, 50.699328750681907 ] ] ] } },
{ "type": "Feature", "properties": { "max_height": 0.0012502670288085938, "mean_height": -0.0003590234846342355, "std_height": 0.0017356659518554807, "count_pixels": 41, "percent_cover": 0.050571706980129021, "percent_above_0.1m": 0.0, "low_level_<0.5": 0.0, "mid_level_0.5-2": 0.0, "tall_2+": 0.0 }, "geometry": { "type": "Polygon", "coordinates": [ [ [ -3.497985480659619, 50.699331269001277 ], [ -3.498084695457509, 50.699365969277864 ], [ -3.498181617163665, 50.699328750681907 ], [ -3.498179323928684, 50.699256831885769 ], [ -3.498080109303234, 50.699222131697596 ], [ -3.497983187740325, 50.699259350217154 ], [ -3.497985480659619, 50.699331269001277 ] ] ] } },
{ "type": "Feature", "properties": { "max_height": 0.000751495361328125, "mean_height": -0.00013339810539036989, "std_height": 0.00073490786598995328, "count_pixels": 41, "percent_cover": 0.050571706980129021, "percent_above_0.1m": 0.0, "low_level_<0.5": 0.0, "mid_level_0.5-2": 0.0, "tall_2+": 0.0 }, "geometry": { "type": "Polygon", "coordinates": [ [ [ -3.497789344126373, 50.699333786989449 ], [ -3.497888558781018, 50.69936848742563 ], [ -3.497985480659618, 50.699331269001277 ], [ -3.497983187740324, 50.699259350217154 ], [ -3.497883973258117, 50.699224649869386 ], [ -3.497787051522766, 50.699261868217334 ], [ -3.497789344126373, 50.699333786989449 ] ] ] } },
{ "type": "Feature", "properties": { "max_height": 0.01300048828125, "mean_height": 0.00017142877914011478, "std_height": 0.0021894746460020542, "count_pixels": 41, "percent_cover": 0.050571706980129021, "percent_above_0.1m": 0.0, "low_level_<0.5": 0.0, "mid_level_0.5-2": 0.0, "tall_2+": 0.0 }, "geometry": { "type": "Polygon", "coordinates": [ [ [ -3.497593207563931, 50.699336304646422 ], [ -3.49769242207533, 50.699371005242192 ], [ -3.497789344126371, 50.699333786989449 ], [ -3.497787051522765, 50.699261868217334 ], [ -3.497687837183802, 50.699227167709964 ], [ -3.497590915276011, 50.699264385886309 ], [ -3.497593207563931, 50.699336304646422 ] ] ] } },
{ "type": "Feature", "properties": { "max_height": 0.0097513198852539062, "mean_height": 0.00016935481107793748, "std_height": 0.0021266988478600979, "count_pixels": 43, "percent_cover": 0.053038619515745074, "percent_above_0.1m": 0.0, "low_level_<0.5": 0.0, "mid_level_0.5-2": 0.0, "tall_2+": 0.0 }, "geometry": { "type": "Polygon", "coordinates": [ [ [ -3.497397070972298, 50.699338821972184 ], [ -3.497496285340448, 50.699373522727541 ], [ -3.49759320756393, 50.699336304646422 ], [ -3.497590915276009, 50.699264385886309 ], [ -3.497491701080294, 50.699229685219343 ], [ -3.497394779000064, 50.699266903224085 ], [ -3.497397070972298, 50.699338821972184 ] ] ] } },
{ "type": "Feature", "properties": { "max_height": 0.0010013580322265625, "mean_height": -0.00034817983396351337, "std_height": 0.00096922978991642594, "count_pixels": 43, "percent_cover": 0.053038619515745074, "percent_above_0.1m": 0.0, "low_level_<0.5": 0.0, "mid_level_0.5-2": 0.0, "tall_2+": 0.0 }, "geometry": { "type": "Polygon", "coordinates": [ [ [ -3.497200934351476, 50.699341338966725 ], [ -3.497300148576376, 50.699376039881706 ], [ -3.497397070972296, 50.699338821972184 ], [ -3.497394779000063, 50.699266903224085 ], [ -3.497295564947596, 50.699232202397518 ], [ -3.497198642694929, 50.69926942023065 ], [ -3.497200934351476, 50.699341338966725 ] ] ] } },
{ "type": "Feature", "properties": { "max_height": 0.001251220703125, "mean_height": -0.00030836305813863873, "std_height": 0.0012958842562511563, "count_pixels": 38, "percent_cover": 0.046871338176704948, "percent_above_0.1m": 0.0, "low_level_<0.5": 0.0, "mid_level_0.5-2": 0.0, "tall_2+": 0.0 }, "geometry": { "type": "Polygon", "coordinates": [ [ [ -3.49700479770147, 50.699343855630076 ], [ -3.497104011783117, 50.69937855670463 ], [ -3.497200934351475, 50.699341338966725 ], [ -3.497198642694929, 50.69926942023065 ], [ -3.497099428785712, 50.699234719244494 ], [ -3.497002506360611, 50.699271936906008 ], [ -3.49700479770147, 50.699343855630076 ] ] ] } },
{ "type": "Feature", "properties": { "max_height": 0.020001411437988281, "mean_height": 0.00079718302004039288, "std_height": 0.0053699109703302383, "count_pixels": 43, "percent_cover": 0.053038619515745074, "percent_above_0.1m": 0.0, "low_level_<0.5": 0.0, "mid_level_0.5-2": 0.0, "tall_2+": 0.0 }, "geometry": { "type": "Polygon", "coordinates": [ [ [ -3.496808661022284, 50.699346371962207 ], [ -3.496907874960677, 50.699381073196363 ], [ -3.497004797701469, 50.699343855630076 ], [ -3.497002506360611, 50.699271936906008 ], [ -3.496903292594646, 50.699237235760236 ], [ -3.496806369997112, 50.69927445325014 ], [ -3.496808661022284, 50.699346371962207 ] ] ] } },
{ "type": "Feature", "properties": { "max_height": 8.0825004577636719, "mean_height": 1.4070183038711548, "std_height": 2.5795693397521973, "count_pixels": 43, "percent_cover": 0.053038619515745074, "percent_above_0.1m": 32.558139534883722, "low_level_<0.5": 2.3255813953488373, "mid_level_0.5-2": 6.9767441860465116, "tall_2+": 23.255813953488371 }, "geometry": { "type": "Polygon", "coordinates": [ [ [ -3.496612524313922, 50.699348887963126 ], [ -3.496711738109057, 50.699383589356891 ], [ -3.496808661022284, 50.699346371962207 ], [ -3.496806369997111, 50.69927445325014 ], [ -3.496707156374403, 50.699239751944795 ], [ -3.496610233604438, 50.699276969263096 ], [ -3.496612524313922, 50.699348887963126 ] ] ] } },
{ "type": "Feature", "properties": { "max_height": 9.5122499465942383, "mean_height": 4.1631226539611816, "std_height": 3.553830623626709, "count_pixels": 43, "percent_cover": 0.053038619515745074, "percent_above_0.1m": 79.069767441860463, "low_level_<0.5": 2.3255813953488373, "mid_level_0.5-2": 16.279069767441861, "tall_2+": 58.139534883720934 }, "geometry": { "type": "Polygon", "coordinates": [ [ [ -3.496416387576387, 50.699351403632853 ], [ -3.496515601228265, 50.699386105186207 ], [ -3.496612524313921, 50.699348887963126 ], [ -3.496610233604438, 50.699276969263096 ], [ -3.496511020124984, 50.699242267798141 ], [ -3.496414097182591, 50.699279484944839 ], [ -3.496416387576387, 50.699351403632853 ] ] ] } },
{ "type": "Feature", "properties": { "max_height": 9.3932514190673828, "mean_height": 1.1429519653320312, "std_height": 2.6251387596130371, "count_pixels": 41, "percent_cover": 0.050571706980129021, "percent_above_0.1m": 24.390243902439025, "low_level_<0.5": 4.8780487804878048, "mid_level_0.5-2": 4.8780487804878048, "tall_2+": 14.634146341463413 }, "geometry": { "type": "Polygon", "coordinates": [ [ [ -3.496220250809685, 50.699353918971376 ], [ -3.496319464318301, 50.699388620684317 ], [ -3.496416387576387, 50.699351403632853 ], [ -3.49641409718259, 50.699279484944839 ], [ -3.496314883846397, 50.699244783320296 ], [ -3.496217960731576, 50.699282000295362 ], [ -3.496220250809685, 50.699353918971376 ] ] ] } },
{ "type": "Feature", "properties": { "max_height": 0.036998748779296875, "mean_height": 0.0041470876894891262, "std_height": 0.0093837752938270569, "count_pixels": 41, "percent_cover": 0.050571706980129021, "percent_above_0.1m": 0.0, "low_level_<0.5": 0.0, "mid_level_0.5-2": 0.0, "tall_2+": 0.0 }, "geometry": { "type": "Polygon", "coordinates": [ [ [ -3.496024114013816, 50.699356433978679 ], [ -3.49612332737917, 50.699391135851222 ], [ -3.496220250809684, 50.699353918971376 ], [ -3.496217960731575, 50.699282000295362 ], [ -3.496118747538642, 50.699247298511231 ], [ -3.496021824251396, 50.699284515314694 ], [ -3.496024114013816, 50.699356433978679 ] ] ] } },
{ "type": "Feature", "properties": { "max_height": 0.01525115966796875, "mean_height": -0.0020357922185212374, "std_height": 0.0071765254251658916, "count_pixels": 41, "percent_cover": 0.050571706980129021, "percent_above_0.1m": 0.0, "low_level_<0.5": 0.0, "mid_level_0.5-2": 0.0, "tall_2+": 0.0 }, "geometry": { "type": "Polygon", "coordinates": [ [ [ -3.495827977188788, 50.699358948654769 ], [ -3.495927190410878, 50.699393650686908 ], [ -3.496024114013816, 50.699356433978679 ], [ -3.496021824251395, 50.699284515314694 ], [ -3.495922611201725, 50.699249813370969 ], [ -3.495825687742056, 50.699287030002814 ], [ -3.495827977188788, 50.699358948654769 ] ] ] } },
{ "type": "Feature", "properties": { "max_height": 0.031751632690429688, "mean_height": -0.0003650014114100486, "std_height": 0.0092840855941176414, "count_pixels": 41, "percent_cover": 0.050571706980129021, "percent_above_0.1m": 0.0, "low_level_<0.5": 0.0, "mid_level_0.5-2": 0.0, "tall_2+": 0.0 }, "geometry": { "type": "Polygon", "coordinates": [ [ [ -3.495631840334603, 50.699361462999683 ], [ -3.495731053413425, 50.699396165191409 ], [ -3.495827977188787, 50.699358948654769 ], [ -3.495825687742055, 50.699287030002814 ], [ -3.49572647483565, 50.699252327899494 ], [ -3.495629551203559, 50.699289544359736 ], [ -3.495631840334603, 50.699361462999683 ] ] ] } },
{ "type": "Feature", "properties": { "max_height": 0.026250839233398438, "mean_height": -0.00047488330164924264, "std_height": 0.008286820724606514, "count_pixels": 41, "percent_cover": 0.050571706980129021, "percent_above_0.1m": 0.0, "low_level_<0.5": 0.0, "mid_level_0.5-2": 0.0, "tall_2+": 0.0 }, "geometry": { "type": "Polygon", "coordinates": [ [ [ -3.495435703451264, 50.699363977013363 ], [ -3.495534916386818, 50.699398679364684 ], [ -3.495631840334602, 50.699361462999683 ], [ -3.495629551203558, 50.699289544359736 ], [ -3.49553033844042, 50.699254842096806 ], [ -3.495433414635909, 50.699292058385439 ], [ -3.495435703451264, 50.699363977013363 ] ] ] } },
{ "type": "Feature", "properties": { "max_height": 0.020502090454101562, "mean_height": -0.00043817845289595425, "std_height": 0.0088403290137648582, "count_pixels": 41, "percent_cover": 0.050571706980129021, "percent_above_0.1m": 0.0, "low_level_<0.5": 0.0, "mid_level_0.5-2": 0.0, "tall_2+": 0.0 }, "geometry": { "type": "Polygon", "coordinates": [ [ [ -3.495239566538777, 50.699366490695859 ], [ -3.495338779331061, 50.699401193206754 ], [ -3.495435703451264, 50.699363977013363 ], [ -3.495433414635909, 50.699292058385439 ], [ -3.49533420201604, 50.699257355962928 ], [ -3.495237278039111, 50.699294572079943 ], [ -3.495239566538777, 50.699366490695859 ] ] ] } },
{ "type": "Feature", "properties": { "max_height": 0.28499984741210938, "mean_height": 0.010147374123334885, "std_height": 0.055717930197715759, "count_pixels": 41, "percent_cover": 0.050571706980129021, "percent_above_0.1m": 4.8780487804878048, "low_level_<0.5": 4.8780487804878048, "mid_level_0.5-2": 0.0, "tall_2+": 0.0 }, "geometry": { "type": "Polygon", "coordinates": [ [ [ -3.495043429597145, 50.699369004047121 ], [ -3.495142642246155, 50.699403706717625 ], [ -3.495239566538777, 50.699366490695859 ], [ -3.49523727803911, 50.699294572079943 ], [ -3.495138065562512, 50.699259869497851 ], [ -3.495041141413167, 50.699297085443241 ], [ -3.495043429597145, 50.699369004047121 ] ] ] } },
{ "type": "Feature", "properties": { "max_height": 6.0510005950927734, "mean_height": 1.8021807670593262, "std_height": 1.943885326385498, "count_pixels": 43, "percent_cover": 0.053038619515745074, "percent_above_0.1m": 65.116279069767444, "low_level_<0.5": 2.3255813953488373, "mid_level_0.5-2": 18.604651162790699, "tall_2+": 39.534883720930232 }, "geometry": { "type": "Polygon", "coordinates": [ [ [ -3.494847292626371, 50.699371517067192 ], [ -3.494946505132107, 50.699406219897291 ], [ -3.495043429597144, 50.699369004047121 ], [ -3.495041141413166, 50.699297085443241 ], [ -3.494941929079841, 50.699262382701548 ], [ -3.494845004758083, 50.699299598475349 ], [ -3.494847292626371, 50.699371517067192 ] ] ] } },
{ "type": "Feature", "properties": { "max_height": 4.7125005722045898, "mean_height": 0.79152494668960571, "std_height": 0.96660035848617554, "count_pixels": 41, "percent_cover": 0.050571706980129021, "percent_above_0.1m": 68.292682926829272, "low_level_<0.5": 17.073170731707318, "mid_level_0.5-2": 34.146341463414636, "tall_2+": 9.7560975609756095 }, "geometry": { "type": "Polygon", "coordinates": [ [ [ -3.500244493535035, 50.699410166713982 ], [ -3.500343710224162, 50.699444865163741 ], [ -3.500440630176534, 50.69940764460371 ], [ -3.500438333296553, 50.699335725670309 ], [ -3.500339116779889, 50.699301027308962 ], [ -3.500242196970741, 50.699338247792589 ], [ -3.500244493535035, 50.699410166713982 ] ] ] } },
{ "type": "Feature", "properties": { "max_height": 11.551000595092773, "mean_height": 3.5627937316894531, "std_height": 4.2460336685180664, "count_pixels": 41, "percent_cover": 0.050571706980129021, "percent_above_0.1m": 60.975609756097562, "low_level_<0.5": 4.8780487804878048, "mid_level_0.5-2": 12.195121951219512, "tall_2+": 41.463414634146339 }, "geometry": { "type": "Polygon", "coordinates": [ [ [ -3.500048356864289, 50.699412688493062 ], [ -3.500147573410195, 50.699447387102403 ], [ -3.500244493535034, 50.699410166713982 ], [ -3.50024219697074, 50.699338247792589 ], [ -3.500142980597295, 50.699303549271633 ], [ -3.500046060615682, 50.699340769583664 ], [ -3.500048356864289, 50.699412688493062 ] ] ] } },
{ "type": "Feature", "properties": { "max_height": 10.338501930236816, "mean_height": 1.7189764976501465, "std_height": 3.1277303695678711, "count_pixels": 41, "percent_cover": 0.050571706980129021, "percent_above_0.1m": 31.707317073170731, "low_level_<0.5": 2.4390243902439024, "mid_level_0.5-2": 2.4390243902439024, "tall_2+": 26.829268292682929 }, "geometry": { "type": "Polygon", "coordinates": [ [ [ -3.499852220164303, 50.699415209940916 ], [ -3.499951436566985, 50.69944990870988 ], [ -3.500048356864288, 50.699412688493062 ], [ -3.500046060615682, 50.699340769583664 ], [ -3.499946844385458, 50.699306070903106 ], [ -3.499849924231383, 50.699343291043519 ], [ -3.499852220164303, 50.699415209940916 ] ] ] } },
{ "type": "Feature", "properties": { "max_height": 0.0015010833740234375, "mean_height": 8.6016771092545241e-05, "std_height": 0.00045058553223498166, "count_pixels": 41, "percent_cover": 0.050571706980129021, "percent_above_0.1m": 0.0, "low_level_<0.5": 0.0, "mid_level_0.5-2": 0.0, "tall_2+": 0.0 }, "geometry": { "type": "Polygon", "coordinates": [ [ [ -3.499656083435081, 50.699417731057558 ], [ -3.499755299694536, 50.699452429986131 ], [ -3.499852220164303, 50.699415209940916 ], [ -3.499849924231382, 50.699343291043519 ], [ -3.499750708144383, 50.699308592203352 ], [ -3.499653787817848, 50.699345812172176 ], [ -3.499656083435081, 50.699417731057558 ] ] ] } },
{ "type": "Feature", "properties": { "max_height": 0.87075042724609375, "mean_height": 0.04247637465596199, "std_height": 0.16702727973461151, "count_pixels": 41, "percent_cover": 0.050571706980129021, "percent_above_0.1m": 7.3170731707317067, "low_level_<0.5": 0.0, "mid_level_0.5-2": 4.8780487804878048, "tall_2+": 0.0 }, "geometry": { "type": "Polygon", "coordinates": [ [ [ -3.499459946676625, 50.699420251843001 ], [ -3.499559162792853, 50.699454950931177 ], [ -3.49965608343508, 50.699417731057558 ], [ -3.499653787817847, 50.699345812172176 ], [ -3.499554571874075, 50.699311113172406 ], [ -3.499457651375079, 50.699348332969613 ], [ -3.499459946676625, 50.699420251843001 ] ] ] } },
{ "type": "Feature", "properties": { "max_height": 0.0010004043579101562, "mean_height": -4.8172183596761897e-05, "std_height": 0.00038332899566739798, "count_pixels": 41, "percent_cover": 0.050571706980129021, "percent_above_0.1m": 0.0, "low_level_<0.5": 0.0, "mid_level_0.5-2": 0.0, "tall_2+": 0.0 }, "geometry": { "type": "Polygon", "coordinates": [ [ [ -3.49926380988894, 50.699422772297225 ], [ -3.499363025861938, 50.699457471545003 ], [ -3.499459946676625, 50.699420251843001 ], [ -3.499457651375079, 50.699348332969613 ], [ -3.499358435574535, 50.699313633810249 ], [ -3.499261514903082, 50.699350853435845 ], [ -3.49926380988894, 50.699422772297225 ] ] ] } },
{ "type": "Feature", "properties": { "max_height": 0.00050067901611328125, "mean_height": -4.1984931158367544e-05, "std_height": 0.00034437005524523556, "count_pixels": 41, "percent_cover": 0.050571706980129021, "percent_above_0.1m": 0.0, "low_level_<0.5": 0.0, "mid_level_0.5-2": 0.0, "tall_2+": 0.0 }, "geometry": { "type": "Polygon", "coordinates": [ [ [ -3.49906767307203, 50.699425292420244 ], [ -3.499166888901796, 50.699459991827624 ], [ -3.49926380988894, 50.699422772297225 ], [ -3.499261514903081, 50.699350853435845 ], [ -3.499162299245767, 50.699316154116879 ], [ -3.49906537840186, 50.699353373570865 ], [ -3.49906767307203, 50.699425292420244 ] ] ] } },
{ "type": "Feature", "properties": { "max_height": 0.00075054168701171875, "mean_height": -0.00016201374819502234, "std_height": 0.00042764499085023999, "count_pixels": 43, "percent_cover": 0.053038619515745074, "percent_above_0.1m": 0.0, "low_level_<0.5": 0.0, "mid_level_0.5-2": 0.0, "tall_2+": 0.0 }, "geometry": { "type": "Polygon", "coordinates": [ [ [ -3.4988715362259, 50.699427812212058 ], [ -3.49897075191243, 50.699462511779032 ], [ -3.49906767307203, 50.699425292420244 ], [ -3.499065378401859, 50.699353373570865 ], [ -3.498966162887777, 50.699318674092297 ], [ -3.498869241871417, 50.699355893374687 ], [ -3.4988715362259, 50.699427812212058 ] ] ] } },
{ "type": "Feature", "properties": { "max_height": 0.00075054168701171875, "mean_height": -0.00028435018612071872, "std_height": 0.0011646350612863898, "count_pixels": 43, "percent_cover": 0.053038619515745074, "percent_above_0.1m": 0.0, "low_level_<0.5": 0.0, "mid_level_0.5-2": 0.0, "tall_2+": 0.0 }, "geometry": { "type": "Polygon", "coordinates": [ [ [ -3.498675399350551, 50.699430331672652 ], [ -3.498774614893847, 50.699465031399242 ], [ -3.498871536225899, 50.699427812212058 ], [ -3.498869241871416, 50.699355893374687 ], [ -3.498770026500568, 50.699321193736516 ], [ -3.498673105311756, 50.699358412847296 ], [ -3.498675399350551, 50.699430331672652 ] ] ] } },
{ "type": "Feature", "properties": { "max_height": 0.0042505264282226562, "mean_height": -0.00018543421174399555, "std_height": 0.0013403795892372727, "count_pixels": 43, "percent_cover": 0.053038619515745074, "percent_above_0.1m": 0.0, "low_level_<0.5": 0.0, "mid_level_0.5-2": 0.0, "tall_2+": 0.0 }, "geometry": { "type": "Polygon", "coordinates": [ [ [ -3.498479262445989, 50.69943285080204 ], [ -3.498578477846046, 50.699467550688219 ], [ -3.49867539935055, 50.699430331672652 ], [ -3.498673105311755, 50.699358412847296 ], [ -3.498573890084145, 50.699323713049516 ], [ -3.498476968722882, 50.699360931988693 ], [ -3.498479262445989, 50.69943285080204 ] ] ] } },
{ "type": "Feature", "properties": { "max_height": 0.011251449584960938, "mean_height": 0.00036254682345315814, "std_height": 0.0018521230667829514, "count_pixels": 38, "percent_cover": 0.046871338176704948, "percent_above_0.1m": 0.0, "low_level_<0.5": 0.0, "mid_level_0.5-2": 0.0, "tall_2+": 0.0 }, "geometry": { "type": "Polygon", "coordinates": [ [ [ -3.498283125512217, 50.699435369600224 ], [ -3.498382340769035, 50.699470069646011 ], [ -3.498479262445988, 50.69943285080204 ], [ -3.498476968722882, 50.699360931988693 ], [ -3.498377753638509, 50.699326232031304 ], [ -3.498280832104799, 50.699363450798877 ], [ -3.498283125512217, 50.699435369600224 ] ] ] } },
{ "type": "Feature", "properties": { "max_height": 0.016000747680664062, "mean_height": 0.00072164315497502685, "std_height": 0.0037102692294865847, "count_pixels": 43, "percent_cover": 0.053038619515745074, "percent_above_0.1m": 0.0, "low_level_<0.5": 0.0, "mid_level_0.5-2": 0.0, "tall_2+": 0.0 }, "geometry": { "type": "Polygon", "coordinates": [ [ [ -3.49808698854924, 50.699437888067187 ], [ -3.498186203662815, 50.69947258827257 ], [ -3.498283125512216, 50.699435369600224 ], [ -3.498280832104798, 50.699363450798877 ], [ -3.498181617163665, 50.699328750681907 ], [ -3.49808469545751, 50.699365969277864 ], [ -3.49808698854924, 50.699437888067187 ] ] ] } },
{ "type": "Feature", "properties": { "max_height": 0.0037508010864257812, "mean_height": -0.00030748234712518752, "std_height": 0.0015046792104840279, "count_pixels": 43, "percent_cover": 0.053038619515745074, "percent_above_0.1m": 0.0, "low_level_<0.5": 0.0, "mid_level_0.5-2": 0.0, "tall_2+": 0.0 }, "geometry": { "type": "Polygon", "coordinates": [ [ [ -3.497890851557062, 50.69944040620296 ], [ -3.497990066527392, 50.699475106567931 ], [ -3.498086988549239, 50.699437888067187 ], [ -3.498084695457509, 50.699365969277864 ], [ -3.497985480659619, 50.699331269001277 ], [ -3.497888558781019, 50.69936848742563 ], [ -3.497890851557062, 50.69944040620296 ] ] ] } },
{ "type": "Feature", "properties": { "max_height": 11.007502555847168, "mean_height": 1.1348552703857422, "std_height": 2.9842450618743896, "count_pixels": 43, "percent_cover": 0.053038619515745074, "percent_above_0.1m": 16.279069767441861, "low_level_<0.5": 0.0, "mid_level_0.5-2": 2.3255813953488373, "tall_2+": 13.953488372093023 }, "geometry": { "type": "Polygon", "coordinates": [ [ [ -3.497694714535684, 50.699442924007506 ], [ -3.497793929362768, 50.699477624532086 ], [ -3.497890851557061, 50.69944040620296 ], [ -3.497888558781018, 50.69936848742563 ], [ -3.497789344126373, 50.699333786989449 ], [ -3.497692422075331, 50.699371005242192 ], [ -3.497694714535684, 50.699442924007506 ] ] ] } },
{ "type": "Feature", "properties": { "max_height": 1.2705020904541016, "mean_height": 0.042427528649568558, "std_height": 0.2007531076669693, "count_pixels": 41, "percent_cover": 0.050571706980129021, "percent_above_0.1m": 7.3170731707317067, "low_level_<0.5": 4.8780487804878048, "mid_level_0.5-2": 2.4390243902439024, "tall_2+": 0.0 }, "geometry": { "type": "Polygon", "coordinates": [ [ [ -3.497498577485114, 50.699445441480847 ], [ -3.497597792168949, 50.699480142165022 ], [ -3.497694714535683, 50.699442924007506 ], [ -3.49769242207533, 50.699371005242192 ], [ -3.497593207563931, 50.699336304646422 ], [ -3.497496285340449, 50.699373522727541 ], [ -3.497498577485114, 50.699445441480847 ] ] ] } },
{ "type": "Feature", "properties": { "max_height": 0.0097513198852539062, "mean_height": -0.00034069432877004147, "std_height": 0.0023242069873958826, "count_pixels": 41, "percent_cover": 0.050571706980129021, "percent_above_0.1m": 0.0, "low_level_<0.5": 0.0, "mid_level_0.5-2": 0.0, "tall_2+": 0.0 }, "geometry": { "type": "Polygon", "coordinates": [ [ [ -3.497302440405352, 50.699447958622983 ], [ -3.497401654945938, 50.69948265946676 ], [ -3.497498577485112, 50.699445441480847 ], [ -3.497496285340448, 50.699373522727541 ], [ -3.497397070972298, 50.699338821972184 ], [ -3.497300148576377, 50.699376039881706 ], [ -3.497302440405352, 50.699447958622983 ] ] ] } },
{ "type": "Feature", "properties": { "max_height": 0.0010004043579101562, "mean_height": -0.00036516421823762357, "std_height": 0.0015471068909391761, "count_pixels": 41, "percent_cover": 0.050571706980129021, "percent_above_0.1m": 0.0, "low_level_<0.5": 0.0, "mid_level_0.5-2": 0.0, "tall_2+": 0.0 }, "geometry": { "type": "Polygon", "coordinates": [ [ [ -3.497106303296405, 50.699450475433899 ], [ -3.497205517693738, 50.699485176437278 ], [ -3.497302440405351, 50.699447958622983 ], [ -3.497300148576376, 50.699376039881706 ], [ -3.497200934351476, 50.699341338966725 ], [ -3.497104011783118, 50.69937855670463 ], [ -3.497106303296405, 50.699450475433899 ] ] ] } },
{ "type": "Feature", "properties": { "max_height": 1.4007501602172852, "mean_height": 0.067110337316989899, "std_height": 0.26973780989646912, "count_pixels": 41, "percent_cover": 0.050571706980129021, "percent_above_0.1m": 7.3170731707317067, "low_level_<0.5": 2.4390243902439024, "mid_level_0.5-2": 4.8780487804878048, "tall_2+": 0.0 }, "geometry": { "type": "Polygon", "coordinates": [ [ [ -3.496910166158275, 50.699452991913631 ], [ -3.497009380412353, 50.699487693076591 ], [ -3.497106303296404, 50.699450475433899 ], [ -3.497104011783117, 50.69937855670463 ], [ -3.49700479770147, 50.699343855630076 ], [ -3.496907874960678, 50.699381073196363 ], [ -3.496910166158275, 50.699452991913631 ] ] ] } },
{ "type": "Feature", "properties": { "max_height": 10.402500152587891, "mean_height": 6.2062139511108398, "std_height": 2.740565299987793, "count_pixels": 41, "percent_cover": 0.050571706980129021, "percent_above_0.1m": 100.0, "low_level_<0.5": 0.0, "mid_level_0.5-2": 2.4390243902439024, "tall_2+": 95.121951219512198 }, "geometry": { "type": "Polygon", "coordinates": [ [ [ -3.496714028990967, 50.69945550806213 ], [ -3.496813243101789, 50.699490209384699 ], [ -3.496910166158274, 50.699452991913631 ], [ -3.496907874960677, 50.699381073196363 ], [ -3.496808661022284, 50.699346371962207 ], [ -3.496711738109059, 50.699383589356891 ], [ -3.496714028990967, 50.69945550806213 ] ] ] } },
{ "type": "Feature", "properties": { "max_height": 7.7112522125244141, "mean_height": 1.7490314245223999, "std_height": 2.5365009307861328, "count_pixels": 41, "percent_cover": 0.050571706980129021, "percent_above_0.1m": 43.902439024390247, "low_level_<0.5": 4.8780487804878048, "mid_level_0.5-2": 4.8780487804878048, "tall_2+": 34.146341463414636 }, "geometry": { "type": "Polygon", "coordinates": [ [ [ -3.496517891794484, 50.69945802387943 ], [ -3.496617105762048, 50.699492725361601 ], [ -3.496714028990966, 50.69945550806213 ], [ -3.496711738109057, 50.699383589356891 ], [ -3.496612524313922, 50.699348887963126 ], [ -3.496515601228265, 50.699386105186207 ], [ -3.496517891794484, 50.69945802387943 ] ] ] } },
{ "type": "Feature", "properties": { "max_height": 0.022000312805175781, "mean_height": -0.00084079185035079718, "std_height": 0.0043828776106238365, "count_pixels": 41, "percent_cover": 0.050571706980129021, "percent_above_0.1m": 0.0, "low_level_<0.5": 0.0, "mid_level_0.5-2": 0.0, "tall_2+": 0.0 }, "geometry": { "type": "Polygon", "coordinates": [ [ [ -3.496321754568831, 50.699460539365525 ], [ -3.496420968393134, 50.699495241007284 ], [ -3.496517891794483, 50.69945802387943 ], [ -3.496515601228265, 50.699386105186207 ], [ -3.496416387576387, 50.699351403632853 ], [ -3.496319464318302, 50.699388620684317 ], [ -3.496321754568831, 50.699460539365525 ] ] ] } },
{ "type": "Feature", "properties": { "max_height": 0.0240020751953125, "mean_height": 0.0013144515687599778, "std_height": 0.0076629193499684334, "count_pixels": 43, "percent_cover": 0.053038619515745074, "percent_above_0.1m": 0.0, "low_level_<0.5": 0.0, "mid_level_0.5-2": 0.0, "tall_2+": 0.0 }, "geometry": { "type": "Polygon", "coordinates": [ [ [ -3.49612561731401, 50.699463054520407 ], [ -3.496224830995051, 50.699497756321769 ], [ -3.49632175456883, 50.699460539365525 ], [ -3.496319464318301, 50.699388620684317 ], [ -3.496220250809685, 50.699353918971376 ], [ -3.496123327379171, 50.699391135851222 ], [ -3.49612561731401, 50.699463054520407 ] ] ] } },
{ "type": "Feature", "properties": { "max_height": 0.032001495361328125, "mean_height": -0.0022201093379408121, "std_height": 0.008954416960477829, "count_pixels": 43, "percent_cover": 0.053038619515745074, "percent_above_0.1m": 0.0, "low_level_<0.5": 0.0, "mid_level_0.5-2": 0.0, "tall_2+": 0.0 }, "geometry": { "type": "Polygon", "coordinates": [ [ [ -3.495929480030027, 50.699465569344085 ], [ -3.496028693567804, 50.699500271305041 ], [ -3.496125617314009, 50.699463054520407 ], [ -3.49612332737917, 50.699391135851222 ], [ -3.496024114013816, 50.699356433978679 ], [ -3.495927190410879, 50.699393650686908 ], [ -3.495929480030027, 50.699465569344085 ] ] ] } },
{ "type": "Feature", "properties": { "max_height": 0.01074981689453125, "mean_height": -0.0019758357666432858, "std_height": 0.0063795964233577251, "count_pixels": 43, "percent_cover": 0.053038619515745074, "percent_above_0.1m": 0.0, "low_level_<0.5": 0.0, "mid_level_0.5-2": 0.0, "tall_2+": 0.0 }, "geometry": { "type": "Polygon", "coordinates": [ [ [ -3.495733342716885, 50.699468083836557 ], [ -3.495832556111394, 50.699502785957094 ], [ -3.495929480030027, 50.699465569344085 ], [ -3.495927190410878, 50.699393650686908 ], [ -3.495827977188788, 50.699358948654769 ], [ -3.495731053413426, 50.699396165191409 ], [ -3.495733342716885, 50.699468083836557 ] ] ] } },
{ "type": "Feature", "properties": { "max_height": 0.018251419067382812, "mean_height": 0.00022436442668549716, "std_height": 0.0076881479471921921, "count_pixels": 38, "percent_cover": 0.046871338176704948, "percent_above_0.1m": 0.0, "low_level_<0.5": 0.0, "mid_level_0.5-2": 0.0, "tall_2+": 0.0 }, "geometry": { "type": "Polygon", "coordinates": [ [ [ -3.495537205374587, 50.699470597997824 ], [ -3.495636418625829, 50.699505300277963 ], [ -3.495733342716884, 50.699468083836557 ], [ -3.495731053413425, 50.699396165191409 ], [ -3.495631840334603, 50.699361462999683 ], [ -3.495534916386819, 50.699398679364684 ], [ -3.495537205374587, 50.699470597997824 ] ] ] } },
{ "type": "Feature", "properties": { "max_height": 0.012250900268554688, "mean_height": -0.0025978975463658571, "std_height": 0.0062356791459023952, "count_pixels": 43, "percent_cover": 0.053038619515745074, "percent_above_0.1m": 0.0, "low_level_<0.5": 0.0, "mid_level_0.5-2": 0.0, "tall_2+": 0.0 }, "geometry": { "type": "Polygon", "coordinates": [ [ [ -3.495341068003139, 50.699473111827871 ], [ -3.49544028111111, 50.699507814267598 ], [ -3.495537205374587, 50.699470597997824 ], [ -3.495534916386818, 50.699398679364684 ], [ -3.495435703451264, 50.699363977013363 ], [ -3.495338779331061, 50.699401193206754 ], [ -3.495341068003139, 50.699473111827871 ] ] ] } },
{ "type": "Feature", "properties": { "max_height": 0.018751144409179688, "mean_height": -0.00017370180285070091, "std_height": 0.0087412353605031967, "count_pixels": 43, "percent_cover": 0.053038619515745074, "percent_above_0.1m": 0.0, "low_level_<0.5": 0.0, "mid_level_0.5-2": 0.0, "tall_2+": 0.0 }, "geometry": { "type": "Polygon", "coordinates": [ [ [ -3.495144930602543, 50.699475625326713 ], [ -3.495244143567241, 50.699510327926042 ], [ -3.495341068003138, 50.699473111827871 ], [ -3.495338779331061, 50.699401193206754 ], [ -3.495239566538777, 50.699366490695859 ], [ -3.495142642246156, 50.699403706717625 ], [ -3.495144930602543, 50.699475625326713 ] ] ] } },
{ "type": "Feature", "properties": { "max_height": 0.091501235961914062, "mean_height": 0.014116659760475159, "std_height": 0.022165250033140182, "count_pixels": 41, "percent_cover": 0.050571706980129021, "percent_above_0.1m": 0.0, "low_level_<0.5": 0.0, "mid_level_0.5-2": 0.0, "tall_2+": 0.0 }, "geometry": { "type": "Polygon", "coordinates": [ [ [ -3.494948793172804, 50.699478138494356 ], [ -3.495048005994227, 50.699512841253274 ], [ -3.495144930602542, 50.699475625326713 ], [ -3.495142642246155, 50.699403706717625 ], [ -3.495043429597145, 50.699369004047121 ], [ -3.494946505132108, 50.699406219897291 ], [ -3.494948793172804, 50.699478138494356 ] ] ] } },
{ "type": "Feature", "properties": { "max_height": 4.0995025634765625, "mean_height": 1.0544338226318359, "std_height": 1.2819458246231079, "count_pixels": 41, "percent_cover": 0.050571706980129021, "percent_above_0.1m": 56.09756097560976, "low_level_<0.5": 4.8780487804878048, "mid_level_0.5-2": 14.634146341463413, "tall_2+": 31.707317073170731 }, "geometry": { "type": "Polygon", "coordinates": [ [ [ -3.494752655713925, 50.699480651330788 ], [ -3.494851868392071, 50.6995153542493 ], [ -3.494948793172803, 50.699478138494356 ], [ -3.494946505132107, 50.699406219897291 ], [ -3.494847292626371, 50.699371517067192 ], [ -3.49475036798892, 50.699408732745752 ], [ -3.494752655713925, 50.699480651330788 ] ] ] } },
{ "type": "Feature", "properties": { "max_height": 9.6780004501342773, "mean_height": 1.9601635932922363, "std_height": 2.6474878787994385, "count_pixels": 43, "percent_cover": 0.053038619515745074, "percent_above_0.1m": 69.767441860465112, "low_level_<0.5": 6.9767441860465116, "mid_level_0.5-2": 30.232558139534881, "tall_2+": 30.232558139534881 }, "geometry": { "type": "Polygon", "coordinates": [ [ [ -3.500149869831259, 50.699519306017002 ], [ -3.500249086692849, 50.699554004555154 ], [ -3.500346006960914, 50.699516784090321 ], [ -3.500343710224161, 50.699444865163741 ], [ -3.500244493535034, 50.699410166713982 ], [ -3.500147573410195, 50.699447387102403 ], [ -3.500149869831259, 50.699519306017002 ] ] ] } },
{ "type": "Feature", "properties": { "max_height": 11.327251434326172, "mean_height": 6.6150240898132324, "std_height": 2.7728326320648193, "count_pixels": 43, "percent_cover": 0.053038619515745074, "percent_above_0.1m": 100.0, "low_level_<0.5": 0.0, "mid_level_0.5-2": 4.6511627906976747, "tall_2+": 95.348837209302332 }, "geometry": { "type": "Polygon", "coordinates": [ [ [ -3.499953732672359, 50.699521827612465 ], [ -3.500052949390726, 50.699556526310218 ], [ -3.500149869831258, 50.699519306017002 ], [ -3.500147573410194, 50.699447387102403 ], [ -3.500048356864288, 50.699412688493062 ], [ -3.499951436566985, 50.69944990870988 ], [ -3.499953732672359, 50.699521827612465 ] ] ] } },
{ "type": "Feature", "properties": { "max_height": 9.6080007553100586, "mean_height": 2.6198160648345947, "std_height": 3.1300790309906006, "count_pixels": 38, "percent_cover": 0.046871338176704948, "percent_above_0.1m": 52.631578947368418, "low_level_<0.5": 0.0, "mid_level_0.5-2": 7.8947368421052628, "tall_2+": 44.736842105263158 }, "geometry": { "type": "Polygon", "coordinates": [ [ [ -3.499757595484222, 50.699524348876707 ], [ -3.499856812059363, 50.699559047734077 ], [ -3.499953732672359, 50.699521827612465 ], [ -3.499951436566984, 50.69944990870988 ], [ -3.499852220164303, 50.699415209940916 ], [ -3.499755299694536, 50.699452429986131 ], [ -3.499757595484222, 50.699524348876707 ] ] ] } },
{ "type": "Feature", "properties": { "max_height": 7.5197505950927734, "mean_height": 0.59131473302841187, "std_height": 1.7620111703872681, "count_pixels": 43, "percent_cover": 0.053038619515745074, "percent_above_0.1m": 13.953488372093023, "low_level_<0.5": 0.0, "mid_level_0.5-2": 4.6511627906976747, "tall_2+": 9.3023255813953494 }, "geometry": { "type": "Polygon", "coordinates": [ [ [ -3.49956145826685, 50.699526869809745 ], [ -3.499660674698763, 50.699561568826724 ], [ -3.499757595484222, 50.699524348876707 ], [ -3.499755299694535, 50.699452429986131 ], [ -3.49965608343508, 50.699417731057558 ], [ -3.499559162792853, 50.699454950931177 ], [ -3.49956145826685, 50.699526869809745 ] ] ] } },
{ "type": "Feature", "properties": { "max_height": 0.0012502670288085938, "mean_height": -4.0076498407870531e-05, "std_height": 0.00049394933739677072, "count_pixels": 43, "percent_cover": 0.053038619515745074, "percent_above_0.1m": 0.0, "low_level_<0.5": 0.0, "mid_level_0.5-2": 0.0, "tall_2+": 0.0 }, "geometry": { "type": "Polygon", "coordinates": [ [ [ -3.499365321020245, 50.69952939041157 ], [ -3.499464537308929, 50.699564089588151 ], [ -3.499561458266848, 50.699526869809745 ], [ -3.499559162792852, 50.699454950931177 ], [ -3.499459946676625, 50.699420251843001 ], [ -3.499363025861938, 50.699457471545003 ], [ -3.499365321020245, 50.69952939041157 ] ] ] } },
{ "type": "Feature", "properties": { "max_height": 0.0020008087158203125, "mean_height": -4.57098321930971e-05, "std_height": 0.00060582556761801243, "count_pixels": 43, "percent_cover": 0.053038619515745074, "percent_above_0.1m": 0.0, "low_level_<0.5": 0.0, "mid_level_0.5-2": 0.0, "tall_2+": 0.0 }, "geometry": { "type": "Polygon", "coordinates": [ [ [ -3.499169183744415, 50.69953191068219 ], [ -3.499268399889865, 50.699566610018366 ], [ -3.499365321020245, 50.69952939041157 ], [ -3.499363025861937, 50.699457471545003 ], [ -3.49926380988894, 50.699422772297225 ], [ -3.499166888901796, 50.699459991827624 ], [ -3.499169183744415, 50.69953191068219 ] ] ] } },
{ "type": "Feature", "properties": { "max_height": 0.00050067901611328125, "mean_height": -7.2502509283367544e-05, "std_height": 0.00035448939888738096, "count_pixels": 41, "percent_cover": 0.050571706980129021, "percent_above_0.1m": 0.0, "low_level_<0.5": 0.0, "mid_level_0.5-2": 0.0, "tall_2+": 0.0 }, "geometry": { "type": "Polygon", "coordinates": [ [ [ -3.498973046439359, 50.699534430621597 ], [ -3.499072262441576, 50.699569130117375 ], [ -3.499169183744414, 50.69953191068219 ], [ -3.499166888901795, 50.699459991827624 ], [ -3.49906767307203, 50.699425292420244 ], [ -3.49897075191243, 50.699462511779032 ], [ -3.498973046439359, 50.699534430621597 ] ] ] } },
{ "type": "Feature", "properties": { "max_height": 0.0027513504028320312, "mean_height": -9.0622321295086294e-05, "std_height": 0.0010297506814822555, "count_pixels": 41, "percent_cover": 0.050571706980129021, "percent_above_0.1m": 0.0, "low_level_<0.5": 0.0, "mid_level_0.5-2": 0.0, "tall_2+": 0.0 }, "geometry": { "type": "Polygon", "coordinates": [ [ [ -3.498776909105085, 50.699536950229792 ], [ -3.498876124964066, 50.699571649885172 ], [ -3.498973046439359, 50.699534430621597 ], [ -3.49897075191243, 50.699462511779032 ], [ -3.498871536225899, 50.699427812212058 ], [ -3.498774614893847, 50.699465031399242 ], [ -3.498776909105085, 50.699536950229792 ] ] ] } },
{ "type": "Feature", "properties": { "max_height": 0.0030012130737304688, "mean_height": 7.366552745224908e-05, "std_height": 0.0007268368499353528, "count_pixels": 41, "percent_cover": 0.050571706980129021, "percent_above_0.1m": 0.0, "low_level_<0.5": 0.0, "mid_level_0.5-2": 0.0, "tall_2+": 0.0 }, "geometry": { "type": "Polygon", "coordinates": [ [ [ -3.498580771741595, 50.699539469506774 ], [ -3.498679987457338, 50.699574169321764 ], [ -3.498776909105084, 50.699536950229792 ], [ -3.498774614893845, 50.699465031399242 ], [ -3.49867539935055, 50.699430331672652 ], [ -3.498578477846046, 50.699467550688219 ], [ -3.498580771741595, 50.699539469506774 ] ] ] } },
{ "type": "Feature", "properties": { "max_height": 0.0010004043579101562, "mean_height": -0.00015172726125456393, "std_height": 0.00056818453595042229, "count_pixels": 41, "percent_cover": 0.050571706980129021, "percent_above_0.1m": 0.0, "low_level_<0.5": 0.0, "mid_level_0.5-2": 0.0, "tall_2+": 0.0 }, "geometry": { "type": "Polygon", "coordinates": [ [ [ -3.498384634348893, 50.699541988452545 ], [ -3.498483849921396, 50.699576688427129 ], [ -3.498580771741595, 50.699539469506774 ], [ -3.498578477846045, 50.699467550688219 ], [ -3.498479262445988, 50.69943285080204 ], [ -3.498382340769035, 50.699470069646011 ], [ -3.498384634348893, 50.699541988452545 ] ] ] } },
{ "type": "Feature", "properties": { "max_height": 0.0010004043579101562, "mean_height": 3.1122348445933312e-05, "std_height": 0.00042478763498365879, "count_pixels": 41, "percent_cover": 0.050571706980129021, "percent_above_0.1m": 0.0, "low_level_<0.5": 0.0, "mid_level_0.5-2": 0.0, "tall_2+": 0.0 }, "geometry": { "type": "Polygon", "coordinates": [ [ [ -3.498188496926983, 50.699544507067102 ], [ -3.498287712356245, 50.699579207201289 ], [ -3.498384634348892, 50.699541988452545 ], [ -3.498382340769033, 50.699470069646011 ], [ -3.498283125512216, 50.699435369600224 ], [ -3.498186203662815, 50.69947258827257 ], [ -3.498188496926983, 50.699544507067102 ] ] ] } },
{ "type": "Feature", "properties": { "max_height": 0.0010013580322265625, "mean_height": -0.000188385572982952, "std_height": 0.00061682146042585373, "count_pixels": 41, "percent_cover": 0.050571706980129021, "percent_above_0.1m": 0.0, "low_level_<0.5": 0.0, "mid_level_0.5-2": 0.0, "tall_2+": 0.0 }, "geometry": { "type": "Polygon", "coordinates": [ [ [ -3.497992359475871, 50.699547025350448 ], [ -3.498091574761887, 50.699581725644251 ], [ -3.498188496926983, 50.699544507067102 ], [ -3.498186203662814, 50.69947258827257 ], [ -3.498086988549239, 50.699437888067187 ], [ -3.497990066527392, 50.699475106567931 ], [ -3.497992359475871, 50.699547025350448 ] ] ] } },
{ "type": "Feature", "properties": { "max_height": 15.484002113342285, "mean_height": 4.1213364601135254, "std_height": 5.3778257369995117, "count_pixels": 41, "percent_cover": 0.050571706980129021, "percent_above_0.1m": 48.780487804878049, "low_level_<0.5": 0.0, "mid_level_0.5-2": 4.8780487804878048, "tall_2+": 41.463414634146339 }, "geometry": { "type": "Polygon", "coordinates": [ [ [ -3.497796221995556, 50.699549543302595 ], [ -3.497895437138328, 50.699584243755993 ], [ -3.49799235947587, 50.699547025350448 ], [ -3.497990066527391, 50.699475106567931 ], [ -3.497890851557061, 50.69944040620296 ], [ -3.497793929362768, 50.699477624532086 ], [ -3.497796221995556, 50.699549543302595 ] ] ] } },
{ "type": "Feature", "properties": { "max_height": 17.129251480102539, "mean_height": 13.03851318359375, "std_height": 4.0843605995178223, "count_pixels": 41, "percent_cover": 0.050571706980129021, "percent_above_0.1m": 97.560975609756099, "low_level_<0.5": 0.0, "mid_level_0.5-2": 2.4390243902439024, "tall_2+": 95.121951219512198 }, "geometry": { "type": "Polygon", "coordinates": [ [ [ -3.497600084486046, 50.699552060923523 ], [ -3.49769929948557, 50.699586761536516 ], [ -3.497796221995555, 50.699549543302595 ], [ -3.497793929362767, 50.699477624532086 ], [ -3.497694714535683, 50.699442924007506 ], [ -3.497597792168949, 50.699480142165022 ], [ -3.497600084486046, 50.699552060923523 ] ] ] } },
{ "type": "Feature", "properties": { "max_height": 15.930002212524414, "mean_height": 5.004082202911377, "std_height": 5.7128939628601074, "count_pixels": 43, "percent_cover": 0.053038619515745074, "percent_above_0.1m": 55.813953488372093, "low_level_<0.5": 4.6511627906976747, "mid_level_0.5-2": 4.6511627906976747, "tall_2+": 46.511627906976742 }, "geometry": { "type": "Polygon", "coordinates": [ [ [ -3.497403946947344, 50.699554578213252 ], [ -3.497503161803617, 50.699589278985833 ], [ -3.497600084486046, 50.699552060923523 ], [ -3.497597792168948, 50.699480142165022 ], [ -3.497498577485112, 50.699445441480847 ], [ -3.497401654945938, 50.69948265946676 ], [ -3.497403946947344, 50.699554578213252 ] ] ] } },
{ "type": "Feature", "properties": { "max_height": 1.7620000839233398, "mean_height": 0.041180852800607681, "std_height": 0.26556023955345154, "count_pixels": 43, "percent_cover": 0.053038619515745074, "percent_above_0.1m": 2.3255813953488373, "low_level_<0.5": 0.0, "mid_level_0.5-2": 2.3255813953488373, "tall_2+": 0.0 }, "geometry": { "type": "Polygon", "coordinates": [ [ [ -3.497207809379454, 50.699557095171755 ], [ -3.497307024092474, 50.699591796103945 ], [ -3.497403946947343, 50.699554578213252 ], [ -3.497401654945937, 50.69948265946676 ], [ -3.497302440405351, 50.699447958622983 ], [ -3.497205517693738, 50.699485176437278 ], [ -3.497207809379454, 50.699557095171755 ] ] ] } },
{ "type": "Feature", "properties": { "max_height": 18.413253784179688, "mean_height": 5.915705680847168, "std_height": 7.1640591621398926, "count_pixels": 38, "percent_cover": 0.046871338176704948, "percent_above_0.1m": 50.0, "low_level_<0.5": 0.0, "mid_level_0.5-2": 5.2631578947368416, "tall_2+": 44.736842105263158 }, "geometry": { "type": "Polygon", "coordinates": [ [ [ -3.497011671782378, 50.699559611799053 ], [ -3.497110886352144, 50.699594312890838 ], [ -3.497207809379453, 50.699557095171755 ], [ -3.497205517693737, 50.699485176437278 ], [ -3.497106303296404, 50.699450475433899 ], [ -3.497009380412353, 50.699487693076591 ], [ -3.497011671782378, 50.699559611799053 ] ] ] } },
{ "type": "Feature", "properties": { "max_height": 15.708751678466797, "mean_height": 5.9325242042541504, "std_height": 4.730959415435791, "count_pixels": 43, "percent_cover": 0.053038619515745074, "percent_above_0.1m": 86.04651162790698, "low_level_<0.5": 0.0, "mid_level_0.5-2": 11.627906976744185, "tall_2+": 74.418604651162795 }, "geometry": { "type": "Polygon", "coordinates": [ [ [ -3.496815534156122, 50.699562128095153 ], [ -3.496914748582632, 50.699596829346525 ], [ -3.497011671782377, 50.699559611799053 ], [ -3.497009380412353, 50.699487693076591 ], [ -3.496910166158274, 50.699452991913631 ], [ -3.496813243101789, 50.699490209384699 ], [ -3.496815534156122, 50.699562128095153 ] ] ] } },
{ "type": "Feature", "properties": { "max_height": 12.326750755310059, "mean_height": 9.0051631927490234, "std_height": 1.7378032207489014, "count_pixels": 43, "percent_cover": 0.053038619515745074, "percent_above_0.1m": 100.0, "low_level_<0.5": 0.0, "mid_level_0.5-2": 0.0, "tall_2+": 100.0 }, "geometry": { "type": "Polygon", "coordinates": [ [ [ -3.49661939650069, 50.699564644060018 ], [ -3.496718610783941, 50.699599345471 ], [ -3.496815534156121, 50.699562128095153 ], [ -3.496813243101788, 50.699490209384699 ], [ -3.496714028990966, 50.69945550806213 ], [ -3.496617105762048, 50.699492725361601 ], [ -3.49661939650069, 50.699564644060018 ] ] ] } },
{ "type": "Feature", "properties": { "max_height": 3.8512506484985352, "mean_height": 0.22479146718978882, "std_height": 0.81141233444213867, "count_pixels": 43, "percent_cover": 0.053038619515745074, "percent_above_0.1m": 9.3023255813953494, "low_level_<0.5": 0.0, "mid_level_0.5-2": 4.6511627906976747, "tall_2+": 4.6511627906976747 }, "geometry": { "type": "Polygon", "coordinates": [ [ [ -3.496423258816084, 50.6995671596937 ], [ -3.496522472956075, 50.699601861264277 ], [ -3.496619396500689, 50.699564644060018 ], [ -3.496617105762047, 50.699492725361601 ], [ -3.496517891794483, 50.69945802387943 ], [ -3.496420968393134, 50.699495241007284 ], [ -3.496423258816084, 50.6995671596937 ] ] ] } },
{ "type": "Feature", "properties": { "max_height": 0.013751029968261719, "mean_height": -0.0010540660005062819, "std_height": 0.0039657489396631718, "count_pixels": 41, "percent_cover": 0.050571706980129021, "percent_above_0.1m": 0.0, "low_level_<0.5": 0.0, "mid_level_0.5-2": 0.0, "tall_2+": 0.0 }, "geometry": { "type": "Polygon", "coordinates": [ [ [ -3.49622712110231, 50.699569674996155 ], [ -3.496326335099039, 50.699604376726342 ], [ -3.496423258816083, 50.6995671596937 ], [ -3.496420968393133, 50.699495241007284 ], [ -3.49632175456883, 50.699460539365525 ], [ -3.496224830995051, 50.699497756321769 ], [ -3.49622712110231, 50.699569674996155 ] ] ] } },
{ "type": "Feature", "properties": { "max_height": 0.026250839233398438, "mean_height": -0.0034075481817126274, "std_height": 0.0082511408254504204, "count_pixels": 41, "percent_cover": 0.050571706980129021, "percent_above_0.1m": 0.0, "low_level_<0.5": 0.0, "mid_level_0.5-2": 0.0, "tall_2+": 0.0 }, "geometry": { "type": "Polygon", "coordinates": [ [ [ -3.49603098335937, 50.699572189967405 ], [ -3.496130197212834, 50.699606891857179 ], [ -3.496227121102309, 50.699569674996155 ], [ -3.49622483099505, 50.699497756321769 ], [ -3.496125617314009, 50.699463054520407 ], [ -3.496028693567804, 50.699500271305041 ], [ -3.49603098335937, 50.699572189967405 ] ] ] } },
{ "type": "Feature", "properties": { "max_height": 0.038251876831054688, "mean_height": 0.0018239835044369102, "std_height": 0.0095719657838344574, "count_pixels": 41, "percent_cover": 0.050571706980129021, "percent_above_0.1m": 0.0, "low_level_<0.5": 0.0, "mid_level_0.5-2": 0.0, "tall_2+": 0.0 }, "geometry": { "type": "Polygon", "coordinates": [ [ [ -3.495834845587269, 50.699574704607457 ], [ -3.495934059297467, 50.699609406656826 ], [ -3.496030983359369, 50.699572189967405 ], [ -3.496028693567802, 50.699500271305041 ], [ -3.495929480030027, 50.699465569344085 ], [ -3.495832556111394, 50.699502785957094 ], [ -3.495834845587269, 50.699574704607457 ] ] ] } },
{ "type": "Feature", "properties": { "max_height": 0.022500991821289062, "mean_height": 0.0016715817619115114, "std_height": 0.0063769537955522537, "count_pixels": 41, "percent_cover": 0.050571706980129021, "percent_above_0.1m": 0.0, "low_level_<0.5": 0.0, "mid_level_0.5-2": 0.0, "tall_2+": 0.0 }, "geometry": { "type": "Polygon", "coordinates": [ [ [ -3.495638707786011, 50.699577218916296 ], [ -3.495737921352941, 50.699611921125253 ], [ -3.495834845587268, 50.699574704607457 ], [ -3.495832556111394, 50.699502785957094 ], [ -3.495733342716884, 50.699468083836557 ], [ -3.495636418625829, 50.699505300277963 ], [ -3.495638707786011, 50.699577218916296 ] ] ] } },
{ "type": "Feature", "properties": { "max_height": 0.11200141906738281, "mean_height": 0.0050313067622482777, "std_height": 0.019471403211355209, "count_pixels": 41, "percent_cover": 0.050571706980129021, "percent_above_0.1m": 2.4390243902439024, "low_level_<0.5": 0.0, "mid_level_0.5-2": 0.0, "tall_2+": 0.0 }, "geometry": { "type": "Polygon", "coordinates": [ [ [ -3.495442569955599, 50.699579732893916 ], [ -3.495541783379259, 50.699614435262468 ], [ -3.49563870778601, 50.699577218916296 ], [ -3.495636418625828, 50.699505300277963 ], [ -3.495537205374587, 50.699470597997824 ], [ -3.49544028111111, 50.699507814267598 ], [ -3.495442569955599, 50.699579732893916 ] ] ] } },
{ "type": "Feature", "properties": { "max_height": 0.021001815795898438, "mean_height": 0.002128880238160491, "std_height": 0.0095717273652553558, "count_pixels": 41, "percent_cover": 0.050571706980129021, "percent_above_0.1m": 0.0, "low_level_<0.5": 0.0, "mid_level_0.5-2": 0.0, "tall_2+": 0.0 }, "geometry": { "type": "Polygon", "coordinates": [ [ [ -3.495246432096038, 50.699582246540345 ], [ -3.495345645376426, 50.699616949068485 ], [ -3.495442569955598, 50.699579732893916 ], [ -3.495440281111109, 50.699507814267598 ], [ -3.495341068003138, 50.699473111827871 ], [ -3.495244143567241, 50.699510327926042 ], [ -3.495246432096038, 50.699582246540345 ] ] ] } },
{ "type": "Feature", "properties": { "max_height": 0.030000686645507812, "mean_height": 0.0055922996252775192, "std_height": 0.010817401111125946, "count_pixels": 41, "percent_cover": 0.050571706980129021, "percent_above_0.1m": 0.0, "low_level_<0.5": 0.0, "mid_level_0.5-2": 0.0, "tall_2+": 0.0 }, "geometry": { "type": "Polygon", "coordinates": [ [ [ -3.495050294207332, 50.69958475985554 ], [ -3.495149507344445, 50.699619462543289 ], [ -3.495246432096038, 50.699582246540345 ], [ -3.49524414356724, 50.699510327926042 ], [ -3.495144930602542, 50.699475625326713 ], [ -3.495048005994227, 50.699512841253274 ], [ -3.495050294207332, 50.69958475985554 ] ] ] } },
{ "type": "Feature", "properties": { "max_height": 0.490753173828125, "mean_height": 0.026192953810095787, "std_height": 0.085544109344482422, "count_pixels": 43, "percent_cover": 0.053038619515745074, "percent_above_0.1m": 6.9767441860465116, "low_level_<0.5": 4.6511627906976747, "mid_level_0.5-2": 0.0, "tall_2+": 0.0 }, "geometry": { "type": "Polygon", "coordinates": [ [ [ -3.494854156289483, 50.699587272839544 ], [ -3.494953369283319, 50.699621975686867 ], [ -3.495050294207331, 50.69958475985554 ], [ -3.495048005994226, 50.699512841253274 ], [ -3.494948793172803, 50.699478138494356 ], [ -3.494851868392071, 50.6995153542493 ], [ -3.494854156289483, 50.699587272839544 ] ] ] } },
{ "type": "Feature", "properties": { "max_height": 2.4127521514892578, "mean_height": 0.3863670825958252, "std_height": 0.56036573648452759, "count_pixels": 43, "percent_cover": 0.053038619515745074, "percent_above_0.1m": 48.837209302325576, "low_level_<0.5": 9.3023255813953494, "mid_level_0.5-2": 30.232558139534881, "tall_2+": 2.3255813953488373 }, "geometry": { "type": "Polygon", "coordinates": [ [ [ -3.494658018342497, 50.699589785492336 ], [ -3.494757231193054, 50.699624488499254 ], [ -3.494854156289482, 50.699587272839544 ], [ -3.49485186839207, 50.6995153542493 ], [ -3.494752655713924, 50.699480651330788 ], [ -3.494655730760778, 50.699517866914121 ], [ -3.494658018342497, 50.699589785492336 ] ] ] } },
{ "type": "Feature", "properties": { "max_height": 2.6070003509521484, "mean_height": 0.36471998691558838, "std_height": 0.66650098562240601, "count_pixels": 41, "percent_cover": 0.050571706980129021, "percent_above_0.1m": 29.268292682926827, "low_level_<0.5": 2.4390243902439024, "mid_level_0.5-2": 24.390243902439025, "tall_2+": 2.4390243902439024 }, "geometry": { "type": "Polygon", "coordinates": [ [ [ -3.500251383286372, 50.699625923474954 ], [ -3.500350600463649, 50.699660621941909 ], [ -3.500447520874939, 50.699623401400679 ], [ -3.500445223965726, 50.699551482468877 ], [ -3.500346006960914, 50.699516784090321 ], [ -3.50024908669285, 50.699554004555154 ], [ -3.500251383286372, 50.699625923474954 ] ] ] } },
{ "type": "Feature", "properties": { "max_height": 13.157503128051758, "mean_height": 3.7122204303741455, "std_height": 4.8277273178100586, "count_pixels": 41, "percent_cover": 0.050571706980129021, "percent_above_0.1m": 48.780487804878049, "low_level_<0.5": 2.4390243902439024, "mid_level_0.5-2": 4.8780487804878048, "tall_2+": 41.463414634146339 }, "geometry": { "type": "Polygon", "coordinates": [ [ [ -3.500055245668559, 50.699628445218018 ], [ -3.500154462702613, 50.699663143844582 ], [ -3.500251383286372, 50.699625923474954 ], [ -3.500249086692849, 50.699554004555154 ], [ -3.500149869831259, 50.699519306017002 ], [ -3.500052949390727, 50.699556526310218 ], [ -3.500055245668559, 50.699628445218018 ] ] ] } },
{ "type": "Feature", "properties": { "max_height": 2.66925048828125, "mean_height": 0.15545789897441864, "std_height": 0.50764673948287964, "count_pixels": 41, "percent_cover": 0.050571706980129021, "percent_above_0.1m": 12.195121951219512, "low_level_<0.5": 2.4390243902439024, "mid_level_0.5-2": 7.3170731707317067, "tall_2+": 2.4390243902439024 }, "geometry": { "type": "Polygon", "coordinates": [ [ [ -3.499859108021505, 50.699630966629876 ], [ -3.499958324912333, 50.699665665416049 ], [ -3.500055245668559, 50.699628445218018 ], [ -3.500052949390726, 50.699556526310218 ], [ -3.499953732672359, 50.699521827612465 ], [ -3.499856812059364, 50.699559047734077 ], [ -3.499859108021505, 50.699630966629876 ] ] ] } },
{ "type": "Feature", "properties": { "max_height": 11.323000907897949, "mean_height": 3.1235191822052002, "std_height": 3.9477059841156006, "count_pixels": 41, "percent_cover": 0.050571706980129021, "percent_above_0.1m": 53.658536585365859, "low_level_<0.5": 2.4390243902439024, "mid_level_0.5-2": 12.195121951219512, "tall_2+": 39.024390243902438 }, "geometry": { "type": "Polygon", "coordinates": [ [ [ -3.499662970345214, 50.699633487710514 ], [ -3.499762187092814, 50.699668186656282 ], [ -3.499859108021504, 50.699630966629876 ], [ -3.499856812059363, 50.699559047734077 ], [ -3.499757595484222, 50.699524348876707 ], [ -3.499660674698764, 50.699561568826724 ], [ -3.499662970345214, 50.699633487710514 ] ] ] } },
{ "type": "Feature", "properties": { "max_height": 0.0015010833740234375, "mean_height": -3.6030280170962214e-05, "std_height": 0.00063343060901388526, "count_pixels": 41, "percent_cover": 0.050571706980129021, "percent_above_0.1m": 0.0, "low_level_<0.5": 0.0, "mid_level_0.5-2": 0.0, "tall_2+": 0.0 }, "geometry": { "type": "Polygon", "coordinates": [ [ [ -3.499466832639689, 50.699636008459947 ], [ -3.499566049244059, 50.699670707565332 ], [ -3.499662970345213, 50.699633487710514 ], [ -3.499660674698763, 50.699561568826724 ], [ -3.49956145826685, 50.699526869809745 ], [ -3.499464537308929, 50.699564089588151 ], [ -3.499466832639689, 50.699636008459947 ] ] ] } },
{ "type": "Feature", "properties": { "max_height": 0.00225067138671875, "mean_height": -0.00021273914899211377, "std_height": 0.00074189971201121807, "count_pixels": 41, "percent_cover": 0.050571706980129021, "percent_above_0.1m": 0.0, "low_level_<0.5": 0.0, "mid_level_0.5-2": 0.0, "tall_2+": 0.0 }, "geometry": { "type": "Polygon", "coordinates": [ [ [ -3.499270694904935, 50.699638528878154 ], [ -3.499369911366073, 50.699673228143133 ], [ -3.499466832639688, 50.699636008459947 ], [ -3.499464537308929, 50.699564089588151 ], [ -3.499365321020245, 50.69952939041157 ], [ -3.499268399889866, 50.699566610018366 ], [ -3.499270694904935, 50.699638528878154 ] ] ] } },
{ "type": "Feature", "properties": { "max_height": 0.0020008087158203125, "mean_height": -0.00024935093824751675, "std_height": 0.0012396089732646942, "count_pixels": 41, "percent_cover": 0.050571706980129021, "percent_above_0.1m": 0.0, "low_level_<0.5": 0.0, "mid_level_0.5-2": 0.0, "tall_2+": 0.0 }, "geometry": { "type": "Polygon", "coordinates": [ [ [ -3.499074557140954, 50.699641048965155 ], [ -3.499173773458859, 50.699675748389737 ], [ -3.499270694904934, 50.699638528878154 ], [ -3.499268399889865, 50.699566610018366 ], [ -3.499169183744415, 50.69953191068219 ], [ -3.499072262441577, 50.699569130117375 ], [ -3.499074557140954, 50.699641048965155 ] ] ] } },
{ "type": "Feature", "properties": { "max_height": 0.0020008087158203125, "mean_height": 8.7804575741756707e-05, "std_height": 0.00054687523515895009, "count_pixels": 43, "percent_cover": 0.053038619515745074, "percent_above_0.1m": 0.0, "low_level_<0.5": 0.0, "mid_level_0.5-2": 0.0, "tall_2+": 0.0 }, "geometry": { "type": "Polygon", "coordinates": [ [ [ -3.498878419347752, 50.699643568720937 ], [ -3.498977635522421, 50.699678268305142 ], [ -3.499074557140953, 50.699641048965155 ], [ -3.499072262441576, 50.699569130117375 ], [ -3.498973046439359, 50.699534430621597 ], [ -3.498876124964067, 50.699571649885172 ], [ -3.498878419347752, 50.699643568720937 ] ] ] } },
{ "type": "Feature", "properties": { "max_height": 0.0017518997192382812, "mean_height": -0.00021435493545141071, "std_height": 0.0010139518417418003, "count_pixels": 43, "percent_cover": 0.053038619515745074, "percent_above_0.1m": 0.0, "low_level_<0.5": 0.0, "mid_level_0.5-2": 0.0, "tall_2+": 0.0 }, "geometry": { "type": "Polygon", "coordinates": [ [ [ -3.498682281525333, 50.699646088145528 ], [ -3.498781497556764, 50.699680787889314 ], [ -3.498878419347752, 50.699643568720937 ], [ -3.498876124964066, 50.699571649885172 ], [ -3.498776909105085, 50.699536950229792 ], [ -3.498679987457339, 50.699574169321764 ], [ -3.498682281525333, 50.699646088145528 ] ] ] } },
{ "type": "Feature", "properties": { "max_height": 0.65000057220458984, "mean_height": 0.036378704011440277, "std_height": 0.13244134187698364, "count_pixels": 43, "percent_cover": 0.053038619515745074, "percent_above_0.1m": 6.9767441860465116, "low_level_<0.5": 2.3255813953488373, "mid_level_0.5-2": 4.6511627906976747, "tall_2+": 0.0 }, "geometry": { "type": "Polygon", "coordinates": [ [ [ -3.498486143673699, 50.699648607238885 ], [ -3.49858535956189, 50.699683307142273 ], [ -3.498682281525332, 50.699646088145528 ], [ -3.498679987457338, 50.699574169321764 ], [ -3.498580771741595, 50.699539469506774 ], [ -3.498483849921397, 50.699576688427129 ], [ -3.498486143673699, 50.699648607238885 ] ] ] } },
{ "type": "Feature", "properties": { "max_height": 0.000751495361328125, "mean_height": -7.8226388723123819e-05, "std_height": 0.00055047997739166021, "count_pixels": 38, "percent_cover": 0.046871338176704948, "percent_above_0.1m": 0.0, "low_level_<0.5": 0.0, "mid_level_0.5-2": 0.0, "tall_2+": 0.0 }, "geometry": { "type": "Polygon", "coordinates": [ [ [ -3.498290005792855, 50.699651126001051 ], [ -3.498389221537805, 50.699685826064034 ], [ -3.498486143673698, 50.699648607238885 ], [ -3.498483849921396, 50.699576688427129 ], [ -3.498384634348893, 50.699541988452545 ], [ -3.498287712356245, 50.699579207201289 ], [ -3.498290005792855, 50.699651126001051 ] ] ] } },
{ "type": "Feature", "properties": { "max_height": 0.001251220703125, "mean_height": 4.7129255108302459e-05, "std_height": 0.00046776028466410935, "count_pixels": 43, "percent_cover": 0.053038619515745074, "percent_above_0.1m": 0.0, "low_level_<0.5": 0.0, "mid_level_0.5-2": 0.0, "tall_2+": 0.0 }, "geometry": { "type": "Polygon", "coordinates": [ [ [ -3.498093867882805, 50.69965364443199 ], [ -3.498193083484511, 50.699688344654575 ], [ -3.498290005792854, 50.699651126001051 ], [ -3.498287712356245, 50.699579207201289 ], [ -3.498188496926983, 50.699544507067102 ], [ -3.498091574761887, 50.699581725644251 ], [ -3.498093867882805, 50.69965364443199 ] ] ] } },
{ "type": "Feature", "properties": { "max_height": 0.00075054168701171875, "mean_height": -0.00012734878691844642, "std_height": 0.00060851080343127251, "count_pixels": 43, "percent_cover": 0.053038619515745074, "percent_above_0.1m": 0.0, "low_level_<0.5": 0.0, "mid_level_0.5-2": 0.0, "tall_2+": 0.0 }, "geometry": { "type": "Polygon", "coordinates": [ [ [ -3.497897729943554, 50.699656162531717 ], [ -3.497996945402013, 50.699690862913904 ], [ -3.498093867882805, 50.69965364443199 ], [ -3.498091574761887, 50.699581725644251 ], [ -3.497992359475871, 50.699547025350448 ], [ -3.497895437138328, 50.699584243755993 ], [ -3.497897729943554, 50.699656162531717 ] ] ] } },
{ "type": "Feature", "properties": { "max_height": 14.724001884460449, "mean_height": 5.0122570991516113, "std_height": 5.5152807235717773, "count_pixels": 43, "percent_cover": 0.053038619515745074, "percent_above_0.1m": 60.465116279069761, "low_level_<0.5": 2.3255813953488373, "mid_level_0.5-2": 4.6511627906976747, "tall_2+": 51.162790697674424 }, "geometry": { "type": "Polygon", "coordinates": [ [ [ -3.497701591975103, 50.699658680300239 ], [ -3.497800807290315, 50.699693380842028 ], [ -3.497897729943553, 50.699656162531717 ], [ -3.497895437138328, 50.699584243755993 ], [ -3.497796221995556, 50.699549543302595 ], [ -3.49769929948557, 50.699586761536516 ], [ -3.497701591975103, 50.699658680300239 ] ] ] } },
{ "type": "Feature", "properties": { "max_height": 21.25250244140625, "mean_height": 15.753775596618652, "std_height": 2.7020547389984131, "count_pixels": 41, "percent_cover": 0.050571706980129021, "percent_above_0.1m": 100.0, "low_level_<0.5": 0.0, "mid_level_0.5-2": 0.0, "tall_2+": 100.0 }, "geometry": { "type": "Polygon", "coordinates": [ [ [ -3.497505453977458, 50.699661197737534 ], [ -3.497604669149419, 50.699695898438939 ], [ -3.497701591975102, 50.699658680300239 ], [ -3.49769929948557, 50.699586761536516 ], [ -3.497600084486046, 50.699552060923523 ], [ -3.497503161803618, 50.699589278985833 ], [ -3.497505453977458, 50.699661197737534 ] ] ] } },
{ "type": "Feature", "properties": { "max_height": 22.921253204345703, "mean_height": 14.980806350708008, "std_height": 5.7436552047729492, "count_pixels": 41, "percent_cover": 0.050571706980129021, "percent_above_0.1m": 100.0, "low_level_<0.5": 0.0, "mid_level_0.5-2": 2.4390243902439024, "tall_2+": 97.560975609756099 }, "geometry": { "type": "Polygon", "coordinates": [ [ [ -3.497309315950622, 50.699663714843631 ], [ -3.497408530979331, 50.699698415704624 ], [ -3.497505453977457, 50.699661197737534 ], [ -3.497503161803617, 50.699589278985833 ], [ -3.497403946947344, 50.699554578213252 ], [ -3.497307024092474, 50.699591796103945 ], [ -3.497309315950622, 50.699663714843631 ] ] ] } },
{ "type": "Feature", "properties": { "max_height": 19.664003372192383, "mean_height": 9.931513786315918, "std_height": 6.4327168464660645, "count_pixels": 41, "percent_cover": 0.050571706980129021, "percent_above_0.1m": 85.365853658536579, "low_level_<0.5": 0.0, "mid_level_0.5-2": 4.8780487804878048, "tall_2+": 80.487804878048792 }, "geometry": { "type": "Polygon", "coordinates": [ [ [ -3.4971131778946, 50.699666231618515 ], [ -3.497212392780055, 50.699700932639118 ], [ -3.497309315950621, 50.699663714843631 ], [ -3.497307024092474, 50.699591796103945 ], [ -3.497207809379454, 50.699557095171755 ], [ -3.497110886352145, 50.699594312890838 ], [ -3.4971131778946, 50.699666231618515 ] ] ] } },
{ "type": "Feature", "properties": { "max_height": 20.716251373291016, "mean_height": 16.240867614746094, "std_height": 3.4316849708557129, "count_pixels": 41, "percent_cover": 0.050571706980129021, "percent_above_0.1m": 100.0, "low_level_<0.5": 0.0, "mid_level_0.5-2": 0.0, "tall_2+": 100.0 }, "geometry": { "type": "Polygon", "coordinates": [ [ [ -3.496917039809394, 50.699668748062187 ], [ -3.497016254551594, 50.699703449242392 ], [ -3.497113177894599, 50.699666231618515 ], [ -3.497110886352144, 50.699594312890838 ], [ -3.497011671782378, 50.699559611799053 ], [ -3.496914748582633, 50.699596829346525 ], [ -3.496917039809394, 50.699668748062187 ] ] ] } },
{ "type": "Feature", "properties": { "max_height": 9.4315013885498047, "mean_height": 2.1656839847564697, "std_height": 3.0966272354125977, "count_pixels": 41, "percent_cover": 0.050571706980129021, "percent_above_0.1m": 46.341463414634148, "low_level_<0.5": 2.4390243902439024, "mid_level_0.5-2": 7.3170731707317067, "tall_2+": 36.585365853658537 }, "geometry": { "type": "Polygon", "coordinates": [ [ [ -3.49672090169501, 50.699671264174647 ], [ -3.496820116293951, 50.699705965514447 ], [ -3.496917039809393, 50.699668748062187 ], [ -3.496914748582632, 50.699596829346525 ], [ -3.496815534156122, 50.699562128095153 ], [ -3.496718610783942, 50.699599345471 ], [ -3.49672090169501, 50.699671264174647 ] ] ] } },
{ "type": "Feature", "properties": { "max_height": 3.0459995269775391, "mean_height": 0.095147132873535156, "std_height": 0.48622632026672363, "count_pixels": 41, "percent_cover": 0.050571706980129021, "percent_above_0.1m": 4.8780487804878048, "low_level_<0.5": 0.0, "mid_level_0.5-2": 2.4390243902439024, "tall_2+": 2.4390243902439024 }, "geometry": { "type": "Polygon", "coordinates": [ [ [ -3.496524763551451, 50.699673779955894 ], [ -3.496623978007132, 50.699708481455289 ], [ -3.49672090169501, 50.699671264174647 ], [ -3.496718610783941, 50.699599345471 ], [ -3.49661939650069, 50.699564644060018 ], [ -3.496522472956076, 50.699601861264277 ], [ -3.496524763551451, 50.699673779955894 ] ] ] } },
{ "type": "Feature", "properties": { "max_height": 1.0332508087158203, "mean_height": 0.042738497257232666, "std_height": 0.17137780785560608, "count_pixels": 41, "percent_cover": 0.050571706980129021, "percent_above_0.1m": 9.7560975609756095, "low_level_<0.5": 4.8780487804878048, "mid_level_0.5-2": 2.4390243902439024, "tall_2+": 0.0 }, "geometry": { "type": "Polygon", "coordinates": [ [ [ -3.496328625378721, 50.699676295405943 ], [ -3.49642783969114, 50.699710997064933 ], [ -3.49652476355145, 50.699673779955894 ], [ -3.496522472956075, 50.699601861264277 ], [ -3.496423258816084, 50.6995671596937 ], [ -3.49632633509904, 50.699604376726342 ], [ -3.496328625378721, 50.699676295405943 ] ] ] } },
{ "type": "Feature", "properties": { "max_height": 0.022251129150390625, "mean_height": 4.715143222711049e-05, "std_height": 0.0064415610395371914, "count_pixels": 43, "percent_cover": 0.053038619515745074, "percent_above_0.1m": 0.0, "low_level_<0.5": 0.0, "mid_level_0.5-2": 0.0, "tall_2+": 0.0 }, "geometry": { "type": "Polygon", "coordinates": [ [ [ -3.496132487176824, 50.699678810524773 ], [ -3.496231701345978, 50.699713512343358 ], [ -3.49632862537872, 50.699676295405943 ], [ -3.496326335099039, 50.699604376726342 ], [ -3.49622712110231, 50.699569674996155 ], [ -3.496130197212836, 50.699606891857179 ], [ -3.496132487176824, 50.699678810524773 ] ] ] } },
{ "type": "Feature", "properties": { "max_height": 0.01525115966796875, "mean_height": -0.00048215998685918748, "std_height": 0.0062787872739136219, "count_pixels": 43, "percent_cover": 0.053038619515745074, "percent_above_0.1m": 0.0, "low_level_<0.5": 0.0, "mid_level_0.5-2": 0.0, "tall_2+": 0.0 }, "geometry": { "type": "Polygon", "coordinates": [ [ [ -3.495936348945762, 50.699681325312397 ], [ -3.496035562971651, 50.69971602729057 ], [ -3.496132487176823, 50.699678810524773 ], [ -3.496130197212834, 50.699606891857179 ], [ -3.49603098335937, 50.699572189967405 ], [ -3.495934059297468, 50.699609406656826 ], [ -3.495936348945762, 50.699681325312397 ] ] ] } },
{ "type": "Feature", "properties": { "max_height": 0.019750595092773438, "mean_height": -0.00060356495669111609, "std_height": 0.0065204352140426636, "count_pixels": 43, "percent_cover": 0.053038619515745074, "percent_above_0.1m": 0.0, "low_level_<0.5": 0.0, "mid_level_0.5-2": 0.0, "tall_2+": 0.0 }, "geometry": { "type": "Polygon", "coordinates": [ [ [ -3.495740210685542, 50.699683839768802 ], [ -3.495839424568162, 50.699718541906577 ], [ -3.495936348945761, 50.699681325312397 ], [ -3.495934059297467, 50.699609406656826 ], [ -3.495834845587269, 50.699574704607457 ], [ -3.495737921352942, 50.699611921125253 ], [ -3.495740210685542, 50.699683839768802 ] ] ] } },
{ "type": "Feature", "properties": { "max_height": 0.58675193786621094, "mean_height": 0.021112794056534767, "std_height": 0.1027747318148613, "count_pixels": 38, "percent_cover": 0.046871338176704948, "percent_above_0.1m": 5.2631578947368416, "low_level_<0.5": 2.6315789473684208, "mid_level_0.5-2": 2.6315789473684208, "tall_2+": 0.0 }, "geometry": { "type": "Polygon", "coordinates": [ [ [ -3.495544072396165, 50.699686353894002 ], [ -3.495643286135516, 50.699721056191365 ], [ -3.495740210685541, 50.699683839768802 ], [ -3.495737921352941, 50.699611921125253 ], [ -3.495638707786011, 50.699577218916296 ], [ -3.495541783379259, 50.699614435262468 ], [ -3.495544072396165, 50.699686353894002 ] ] ] } },
{ "type": "Feature", "properties": { "max_height": 2.4317512512207031, "mean_height": 0.14058206975460052, "std_height": 0.5328361988067627, "count_pixels": 43, "percent_cover": 0.053038619515745074, "percent_above_0.1m": 6.9767441860465116, "low_level_<0.5": 0.0, "mid_level_0.5-2": 2.3255813953488373, "tall_2+": 4.6511627906976747 }, "geometry": { "type": "Polygon", "coordinates": [ [ [ -3.495347934077637, 50.699688867687996 ], [ -3.495447147673715, 50.699723570144954 ], [ -3.495544072396164, 50.699686353894002 ], [ -3.495541783379259, 50.699614435262468 ], [ -3.495442569955599, 50.699579732893916 ], [ -3.495345645376426, 50.699616949068485 ], [ -3.495347934077637, 50.699688867687996 ] ] ] } },
{ "type": "Feature", "properties": { "max_height": 0.03375244140625, "mean_height": -0.00021424404985737056, "std_height": 0.0096229463815689087, "count_pixels": 43, "percent_cover": 0.053038619515745074, "percent_above_0.1m": 0.0, "low_level_<0.5": 0.0, "mid_level_0.5-2": 0.0, "tall_2+": 0.0 }, "geometry": { "type": "Polygon", "coordinates": [ [ [ -3.495151795729962, 50.699691381150778 ], [ -3.495251009182766, 50.699726083767338 ], [ -3.495347934077637, 50.699688867687996 ], [ -3.495345645376426, 50.699616949068485 ], [ -3.495246432096038, 50.699582246540345 ], [ -3.495149507344446, 50.699619462543289 ], [ -3.495151795729962, 50.699691381150778 ] ] ] } },
{ "type": "Feature", "properties": { "max_height": 0.030500411987304688, "mean_height": 0.0022996112238615751, "std_height": 0.0092045878991484642, "count_pixels": 41, "percent_cover": 0.050571706980129021, "percent_above_0.1m": 0.0, "low_level_<0.5": 0.0, "mid_level_0.5-2": 0.0, "tall_2+": 0.0 }, "geometry": { "type": "Polygon", "coordinates": [ [ [ -3.494955657353143, 50.699693894282348 ], [ -3.49505487066267, 50.699728597058495 ], [ -3.49515179572996, 50.699691381150778 ], [ -3.495149507344445, 50.699619462543289 ], [ -3.495050294207332, 50.69958475985554 ], [ -3.494953369283321, 50.699621975686867 ], [ -3.494955657353143, 50.699693894282348 ] ] ] } },
{ "type": "Feature", "properties": { "max_height": 0.73600006103515625, "mean_height": 0.088403098285198212, "std_height": 0.16526502370834351, "count_pixels": 41, "percent_cover": 0.050571706980129021, "percent_above_0.1m": 21.951219512195124, "low_level_<0.5": 17.073170731707318, "mid_level_0.5-2": 2.4390243902439024, "tall_2+": 0.0 }, "geometry": { "type": "Polygon", "coordinates": [ [ [ -3.494759518947182, 50.699696407082705 ], [ -3.494858732113432, 50.699731110018455 ], [ -3.494955657353142, 50.699693894282348 ], [ -3.494953369283319, 50.699621975686867 ], [ -3.494854156289483, 50.699587272839544 ], [ -3.494757231193055, 50.699624488499254 ], [ -3.494759518947182, 50.699696407082705 ] ] ] } },
{ "type": "Feature", "properties": { "max_height": 3.9910011291503906, "mean_height": 1.324860692024231, "std_height": 1.2046796083450317, "count_pixels": 41, "percent_cover": 0.050571706980129021, "percent_above_0.1m": 78.048780487804876, "low_level_<0.5": 4.8780487804878048, "mid_level_0.5-2": 48.780487804878049, "tall_2+": 24.390243902439025 }, "geometry": { "type": "Polygon", "coordinates": [ [ [ -3.494563380512087, 50.699698919551864 ], [ -3.494662593535056, 50.699733622647202 ], [ -3.494759518947181, 50.699696407082705 ], [ -3.494757231193054, 50.699624488499254 ], [ -3.494658018342497, 50.699589785492336 ], [ -3.494561093073655, 50.699627000980428 ], [ -3.494563380512087, 50.699698919551864 ] ] ] } },
{ "type": "Feature", "properties": { "max_height": 0.002750396728515625, "mean_height": -0.00011132892541354522, "std_height": 0.0012652723817154765, "count_pixels": 38, "percent_cover": 0.046871338176704948, "percent_above_0.1m": 0.0, "low_level_<0.5": 0.0, "mid_level_0.5-2": 0.0, "tall_2+": 0.0 }, "geometry": { "type": "Polygon", "coordinates": [ [ [ -3.499764482911719, 50.699740105545274 ], [ -3.499863699975008, 50.699774804419832 ], [ -3.49996062104693, 50.699737584317027 ], [ -3.499958324912332, 50.699665665416049 ], [ -3.499859108021504, 50.699630966629876 ], [ -3.499762187092814, 50.699668186656282 ], [ -3.499764482911719, 50.699740105545274 ] ] ] } },
{ "type": "Feature", "properties": { "max_height": 8.4147510528564453, "mean_height": 0.9889599084854126, "std_height": 2.2925574779510498, "count_pixels": 43, "percent_cover": 0.053038619515745074, "percent_above_0.1m": 23.255813953488371, "low_level_<0.5": 2.3255813953488373, "mid_level_0.5-2": 6.9767441860465116, "tall_2+": 13.953488372093023 }, "geometry": { "type": "Polygon", "coordinates": [ [ [ -3.499568344747272, 50.699742626442294 ], [ -3.499667561667331, 50.699777325476475 ], [ -3.499764482911718, 50.699740105545274 ], [ -3.499762187092813, 50.699668186656282 ], [ -3.499662970345213, 50.699633487710514 ], [ -3.499566049244059, 50.699670707565332 ], [ -3.499568344747272, 50.699742626442294 ] ] ] } },
{ "type": "Feature", "properties": { "max_height": 10.876251220703125, "mean_height": 2.5724542140960693, "std_height": 3.5058553218841553, "count_pixels": 43, "percent_cover": 0.053038619515745074, "percent_above_0.1m": 46.511627906976742, "low_level_<0.5": 0.0, "mid_level_0.5-2": 6.9767441860465116, "tall_2+": 39.534883720930232 }, "geometry": { "type": "Polygon", "coordinates": [ [ [ -3.499372206553593, 50.699745147008109 ], [ -3.49947142333042, 50.699779846201899 ], [ -3.499568344747272, 50.699742626442294 ], [ -3.499566049244058, 50.699670707565332 ], [ -3.499466832639688, 50.699636008459947 ], [ -3.499369911366073, 50.699673228143133 ], [ -3.499372206553593, 50.699745147008109 ] ] ] } },
{ "type": "Feature", "properties": { "max_height": 9.5397510528564453, "mean_height": 1.9710355997085571, "std_height": 3.0318069458007812, "count_pixels": 43, "percent_cover": 0.053038619515745074, "percent_above_0.1m": 41.860465116279073, "low_level_<0.5": 2.3255813953488373, "mid_level_0.5-2": 9.3023255813953494, "tall_2+": 27.906976744186046 }, "geometry": { "type": "Polygon", "coordinates": [ [ [ -3.499176068330685, 50.699747667242711 ], [ -3.49927528496428, 50.699782366596096 ], [ -3.499372206553592, 50.699745147008109 ], [ -3.499369911366073, 50.699673228143133 ], [ -3.499270694904934, 50.699638528878154 ], [ -3.499173773458859, 50.699675748389737 ], [ -3.499176068330685, 50.699747667242711 ] ] ] } },
{ "type": "Feature", "properties": { "max_height": 11.399001121520996, "mean_height": 3.3956165313720703, "std_height": 3.873934268951416, "count_pixels": 41, "percent_cover": 0.050571706980129021, "percent_above_0.1m": 56.09756097560976, "low_level_<0.5": 4.8780487804878048, "mid_level_0.5-2": 4.8780487804878048, "tall_2+": 46.341463414634148 }, "geometry": { "type": "Polygon", "coordinates": [ [ [ -3.498979930078554, 50.699750187146094 ], [ -3.499079146568913, 50.699784886659096 ], [ -3.499176068330685, 50.699747667242711 ], [ -3.499173773458858, 50.699675748389737 ], [ -3.499074557140953, 50.699641048965155 ], [ -3.498977635522421, 50.699678268305142 ], [ -3.498979930078554, 50.699750187146094 ] ] ] } },
{ "type": "Feature", "properties": { "max_height": 10.083751678466797, "mean_height": 2.1328790187835693, "std_height": 3.4186151027679443, "count_pixels": 41, "percent_cover": 0.050571706980129021, "percent_above_0.1m": 34.146341463414636, "low_level_<0.5": 0.0, "mid_level_0.5-2": 4.8780487804878048, "tall_2+": 29.268292682926827 }, "geometry": { "type": "Polygon", "coordinates": [ [ [ -3.498783791797203, 50.699752706718257 ], [ -3.498883008144324, 50.699787406390861 ], [ -3.498979930078554, 50.699750187146094 ], [ -3.498977635522421, 50.699678268305142 ], [ -3.498878419347752, 50.699643568720937 ], [ -3.498781497556764, 50.699680787889314 ], [ -3.498783791797203, 50.699752706718257 ] ] ] } },
{ "type": "Feature", "properties": { "max_height": 17.179500579833984, "mean_height": 2.6411471366882324, "std_height": 5.0632920265197754, "count_pixels": 41, "percent_cover": 0.050571706980129021, "percent_above_0.1m": 29.268292682926827, "low_level_<0.5": 0.0, "mid_level_0.5-2": 4.8780487804878048, "tall_2+": 24.390243902439025 }, "geometry": { "type": "Polygon", "coordinates": [ [ [ -3.498587653486636, 50.69975522595923 ], [ -3.498686869690517, 50.699789925791421 ], [ -3.498783791797202, 50.699752706718257 ], [ -3.498781497556763, 50.699680787889314 ], [ -3.498682281525332, 50.699646088145528 ], [ -3.49858535956189, 50.699683307142273 ], [ -3.498587653486636, 50.69975522595923 ] ] ] } },
{ "type": "Feature", "properties": { "max_height": 0.001750946044921875, "mean_height": 5.5592234275536612e-05, "std_height": 0.00057249161181971431, "count_pixels": 41, "percent_cover": 0.050571706980129021, "percent_above_0.1m": 0.0, "low_level_<0.5": 0.0, "mid_level_0.5-2": 0.0, "tall_2+": 0.0 }, "geometry": { "type": "Polygon", "coordinates": [ [ [ -3.498391515146857, 50.699757744868975 ], [ -3.498490731207496, 50.699792444860776 ], [ -3.498587653486635, 50.69975522595923 ], [ -3.498585359561889, 50.699683307142273 ], [ -3.498486143673698, 50.699648607238885 ], [ -3.498389221537805, 50.699685826064034 ], [ -3.498391515146857, 50.699757744868975 ] ] ] } },
{ "type": "Feature", "properties": { "max_height": 0.00075054168701171875, "mean_height": -0.00010306660988135263, "std_height": 0.00052960735047236085, "count_pixels": 41, "percent_cover": 0.050571706980129021, "percent_above_0.1m": 0.0, "low_level_<0.5": 0.0, "mid_level_0.5-2": 0.0, "tall_2+": 0.0 }, "geometry": { "type": "Polygon", "coordinates": [ [ [ -3.498195376777869, 50.699760263447516 ], [ -3.498294592695264, 50.699794963598912 ], [ -3.498391515146856, 50.699757744868975 ], [ -3.498389221537804, 50.699685826064034 ], [ -3.498290005792854, 50.699651126001051 ], [ -3.498193083484511, 50.699688344654575 ], [ -3.498195376777869, 50.699760263447516 ] ] ] } },
{ "type": "Feature", "properties": { "max_height": 13.709250450134277, "mean_height": 2.2100985050201416, "std_height": 3.865541934967041, "count_pixels": 41, "percent_cover": 0.050571706980129021, "percent_above_0.1m": 39.024390243902438, "low_level_<0.5": 4.8780487804878048, "mid_level_0.5-2": 7.3170731707317067, "tall_2+": 26.829268292682929 }, "geometry": { "type": "Polygon", "coordinates": [ [ [ -3.497999238379677, 50.699762781694822 ], [ -3.498098454153827, 50.699797482005835 ], [ -3.498195376777868, 50.699760263447516 ], [ -3.49819308348451, 50.699688344654575 ], [ -3.498093867882805, 50.69965364443199 ], [ -3.497996945402013, 50.699690862913904 ], [ -3.497999238379677, 50.699762781694822 ] ] ] } },
{ "type": "Feature", "properties": { "max_height": 0.32275104522705078, "mean_height": 0.013336088508367538, "std_height": 0.060461759567260742, "count_pixels": 41, "percent_cover": 0.050571706980129021, "percent_above_0.1m": 4.8780487804878048, "low_level_<0.5": 4.8780487804878048, "mid_level_0.5-2": 0.0, "tall_2+": 0.0 }, "geometry": { "type": "Polygon", "coordinates": [ [ [ -3.497803099952284, 50.699765299610945 ], [ -3.497902315583186, 50.699800000081552 ], [ -3.497999238379676, 50.699762781694822 ], [ -3.497996945402012, 50.699690862913904 ], [ -3.497897729943553, 50.699656162531717 ], [ -3.497800807290315, 50.699693380842028 ], [ -3.497803099952284, 50.699765299610945 ] ] ] } },
{ "type": "Feature", "properties": { "max_height": 14.878002166748047, "mean_height": 2.7366654872894287, "std_height": 4.3049454689025879, "count_pixels": 41, "percent_cover": 0.050571706980129021, "percent_above_0.1m": 41.463414634146339, "low_level_<0.5": 2.4390243902439024, "mid_level_0.5-2": 7.3170731707317067, "tall_2+": 31.707317073170731 }, "geometry": { "type": "Polygon", "coordinates": [ [ [ -3.497606961495695, 50.699767817195827 ], [ -3.497706176983347, 50.699802517826029 ], [ -3.497803099952283, 50.699765299610945 ], [ -3.497800807290314, 50.699693380842028 ], [ -3.497701591975102, 50.699658680300239 ], [ -3.497604669149419, 50.699695898438939 ], [ -3.497606961495695, 50.699767817195827 ] ] ] } },
{ "type": "Feature", "properties": { "max_height": 22.24000358581543, "mean_height": 16.850000381469727, "std_height": 4.5660104751586914, "count_pixels": 43, "percent_cover": 0.053038619515745074, "percent_above_0.1m": 100.0, "low_level_<0.5": 0.0, "mid_level_0.5-2": 0.0, "tall_2+": 100.0 }, "geometry": { "type": "Polygon", "coordinates": [ [ [ -3.497410823009912, 50.699770334449511 ], [ -3.497510038354313, 50.699805035239322 ], [ -3.497606961495694, 50.699767817195827 ], [ -3.497604669149418, 50.699695898438939 ], [ -3.497505453977457, 50.699661197737534 ], [ -3.497408530979331, 50.699698415704624 ], [ -3.497410823009912, 50.699770334449511 ] ] ] } },
{ "type": "Feature", "properties": { "max_height": 23.442502975463867, "mean_height": 16.263151168823242, "std_height": 5.3455405235290527, "count_pixels": 43, "percent_cover": 0.053038619515745074, "percent_above_0.1m": 100.0, "low_level_<0.5": 0.0, "mid_level_0.5-2": 0.0, "tall_2+": 100.0 }, "geometry": { "type": "Polygon", "coordinates": [ [ [ -3.497214684494941, 50.699772851371982 ], [ -3.497313899696088, 50.699807552321381 ], [ -3.497410823009911, 50.699770334449511 ], [ -3.49740853097933, 50.699698415704624 ], [ -3.497309315950621, 50.699663714843631 ], [ -3.497212392780055, 50.699700932639118 ], [ -3.497214684494941, 50.699772851371982 ] ] ] } },
{ "type": "Feature", "properties": { "max_height": 21.751251220703125, "mean_height": 15.232855796813965, "std_height": 4.4864182472229004, "count_pixels": 38, "percent_cover": 0.046871338176704948, "percent_above_0.1m": 100.0, "low_level_<0.5": 0.0, "mid_level_0.5-2": 0.0, "tall_2+": 100.0 }, "geometry": { "type": "Polygon", "coordinates": [ [ [ -3.497018545950785, 50.699775367963248 ], [ -3.497117761008675, 50.69981006907225 ], [ -3.49721468449494, 50.699772851371982 ], [ -3.497212392780054, 50.699700932639118 ], [ -3.497113177894599, 50.699666231618515 ], [ -3.497016254551594, 50.699703449242392 ], [ -3.497018545950785, 50.699775367963248 ] ] ] } },
{ "type": "Feature", "properties": { "max_height": 17.134002685546875, "mean_height": 2.5535764694213867, "std_height": 4.8173251152038574, "count_pixels": 43, "percent_cover": 0.053038619515745074, "percent_above_0.1m": 34.883720930232556, "low_level_<0.5": 4.6511627906976747, "mid_level_0.5-2": 2.3255813953488373, "tall_2+": 27.906976744186046 }, "geometry": { "type": "Polygon", "coordinates": [ [ [ -3.496822407377447, 50.69977788422328 ], [ -3.49692162229208, 50.699812585491891 ], [ -3.497018545950784, 50.699775367963248 ], [ -3.497016254551593, 50.699703449242392 ], [ -3.496917039809393, 50.699668748062187 ], [ -3.496820116293951, 50.699705965514447 ], [ -3.496822407377447, 50.69977788422328 ] ] ] } },
{ "type": "Feature", "properties": { "max_height": 0.011249542236328125, "mean_height": 6.6091847656934988e-06, "std_height": 0.0028499956242740154, "count_pixels": 43, "percent_cover": 0.053038619515745074, "percent_above_0.1m": 0.0, "low_level_<0.5": 0.0, "mid_level_0.5-2": 0.0, "tall_2+": 0.0 }, "geometry": { "type": "Polygon", "coordinates": [ [ [ -3.496626268774933, 50.699780400152122 ], [ -3.496725483546306, 50.69981510158032 ], [ -3.496822407377446, 50.69977788422328 ], [ -3.496820116293951, 50.699705965514447 ], [ -3.49672090169501, 50.699671264174647 ], [ -3.496623978007132, 50.699708481455289 ], [ -3.496626268774933, 50.699780400152122 ] ] ] } },
{ "type": "Feature", "properties": { "max_height": 0.014001846313476562, "mean_height": 0.00018700887449085712, "std_height": 0.005130239762365818, "count_pixels": 43, "percent_cover": 0.053038619515745074, "percent_above_0.1m": 0.0, "low_level_<0.5": 0.0, "mid_level_0.5-2": 0.0, "tall_2+": 0.0 }, "geometry": { "type": "Polygon", "coordinates": [ [ [ -3.496430130143245, 50.699782915749751 ], [ -3.496529344771356, 50.699817617337537 ], [ -3.496626268774932, 50.699780400152122 ], [ -3.496623978007131, 50.699708481455289 ], [ -3.49652476355145, 50.699673779955894 ], [ -3.49642783969114, 50.699710997064933 ], [ -3.496430130143245, 50.699782915749751 ] ] ] } },
{ "type": "Feature", "properties": { "max_height": 0.01725006103515625, "mean_height": -0.00072460639057680964, "std_height": 0.0041623041033744812, "count_pixels": 41, "percent_cover": 0.050571706980129021, "percent_above_0.1m": 0.0, "low_level_<0.5": 0.0, "mid_level_0.5-2": 0.0, "tall_2+": 0.0 }, "geometry": { "type": "Polygon", "coordinates": [ [ [ -3.496233991482387, 50.699785431016153 ], [ -3.496333205967235, 50.699820132763548 ], [ -3.496430130143244, 50.699782915749751 ], [ -3.496427839691139, 50.699710997064933 ], [ -3.49632862537872, 50.699676295405943 ], [ -3.496231701345978, 50.699713512343358 ], [ -3.496233991482387, 50.699785431016153 ] ] ] } },
{ "type": "Feature", "properties": { "max_height": 0.01399993896484375, "mean_height": -0.00051144853932783008, "std_height": 0.0061081643216311932, "count_pixels": 41, "percent_cover": 0.050571706980129021, "percent_above_0.1m": 0.0, "low_level_<0.5": 0.0, "mid_level_0.5-2": 0.0, "tall_2+": 0.0 }, "geometry": { "type": "Polygon", "coordinates": [ [ [ -3.496037852792365, 50.69978794595135 ], [ -3.496137067133946, 50.69982264785834 ], [ -3.496233991482387, 50.699785431016153 ], [ -3.496231701345978, 50.699713512343358 ], [ -3.496132487176823, 50.699678810524773 ], [ -3.496035562971651, 50.69971602729057 ], [ -3.496037852792365, 50.69978794595135 ] ] ] } },
{ "type": "Feature", "properties": { "max_height": 0.03224945068359375, "mean_height": 0.00081206532195210457, "std_height": 0.00967378169298172, "count_pixels": 41, "percent_cover": 0.050571706980129021, "percent_above_0.1m": 0.0, "low_level_<0.5": 0.0, "mid_level_0.5-2": 0.0, "tall_2+": 0.0 }, "geometry": { "type": "Polygon", "coordinates": [ [ [ -3.49584171407318, 50.699790460555334 ], [ -3.495940928271493, 50.69982516262192 ], [ -3.496037852792364, 50.69978794595135 ], [ -3.496035562971649, 50.69971602729057 ], [ -3.495936348945761, 50.699681325312397 ], [ -3.495839424568162, 50.699718541906577 ], [ -3.49584171407318, 50.699790460555334 ] ] ] } },
{ "type": "Feature", "properties": { "max_height": 0.03125, "mean_height": 0.0033666098024696112, "std_height": 0.0095067871734499931, "count_pixels": 41, "percent_cover": 0.050571706980129021, "percent_above_0.1m": 0.0, "low_level_<0.5": 0.0, "mid_level_0.5-2": 0.0, "tall_2+": 0.0 }, "geometry": { "type": "Polygon", "coordinates": [ [ [ -3.495645575324838, 50.6997929748281 ], [ -3.495744789379881, 50.699827677054294 ], [ -3.495841714073179, 50.699790460555334 ], [ -3.495839424568161, 50.699718541906577 ], [ -3.495740210685541, 50.699683839768802 ], [ -3.495643286135516, 50.699721056191365 ], [ -3.495645575324838, 50.6997929748281 ] ] ] } },
{ "type": "Feature", "properties": { "max_height": 1.4942512512207031, "mean_height": 0.064659394323825836, "std_height": 0.24253278970718384, "count_pixels": 41, "percent_cover": 0.050571706980129021, "percent_above_0.1m": 12.195121951219512, "low_level_<0.5": 9.7560975609756095, "mid_level_0.5-2": 2.4390243902439024, "tall_2+": 0.0 }, "geometry": { "type": "Polygon", "coordinates": [ [ [ -3.495449436547341, 50.699795488769674 ], [ -3.495548650459112, 50.699830191155456 ], [ -3.495645575324837, 50.6997929748281 ], [ -3.495643286135515, 50.699721056191365 ], [ -3.495544072396164, 50.699686353894002 ], [ -3.495447147673715, 50.699723570144954 ], [ -3.495449436547341, 50.699795488769674 ] ] ] } },
{ "type": "Feature", "properties": { "max_height": 2.7872505187988281, "mean_height": 0.094275310635566711, "std_height": 0.45389080047607422, "count_pixels": 41, "percent_cover": 0.050571706980129021, "percent_above_0.1m": 4.8780487804878048, "low_level_<0.5": 0.0, "mid_level_0.5-2": 2.4390243902439024, "tall_2+": 2.4390243902439024 }, "geometry": { "type": "Polygon", "coordinates": [ [ [ -3.495253297740696, 50.699798002380014 ], [ -3.495352511509192, 50.699832704925399 ], [ -3.495449436547341, 50.699795488769674 ], [ -3.495447147673715, 50.699723570144954 ], [ -3.495347934077637, 50.699688867687996 ], [ -3.495251009182766, 50.699726083767338 ], [ -3.495253297740696, 50.699798002380014 ] ] ] } },
{ "type": "Feature", "properties": { "max_height": 0.026500701904296875, "mean_height": 0.0018606883240863681, "std_height": 0.0097582442685961723, "count_pixels": 41, "percent_cover": 0.050571706980129021, "percent_above_0.1m": 0.0, "low_level_<0.5": 0.0, "mid_level_0.5-2": 0.0, "tall_2+": 0.0 }, "geometry": { "type": "Polygon", "coordinates": [ [ [ -3.495057158904903, 50.699800515659163 ], [ -3.495156372530123, 50.699835218364136 ], [ -3.495253297740694, 50.699798002380014 ], [ -3.495251009182765, 50.699726083767338 ], [ -3.49515179572996, 50.699691381150778 ], [ -3.49505487066267, 50.699728597058495 ], [ -3.495057158904903, 50.699800515659163 ] ] ] } },
{ "type": "Feature", "properties": { "max_height": 1.4032516479492188, "mean_height": 0.26301246881484985, "std_height": 0.41783434152603149, "count_pixels": 43, "percent_cover": 0.053038619515745074, "percent_above_0.1m": 37.209302325581397, "low_level_<0.5": 16.279069767441861, "mid_level_0.5-2": 20.930232558139537, "tall_2+": 0.0 }, "geometry": { "type": "Polygon", "coordinates": [ [ [ -3.494861020039968, 50.699803028607093 ], [ -3.49496023352191, 50.699837731471654 ], [ -3.495057158904901, 50.699800515659163 ], [ -3.495054870662669, 50.699728597058495 ], [ -3.494955657353142, 50.699693894282348 ], [ -3.494858732113432, 50.699731110018455 ], [ -3.494861020039968, 50.699803028607093 ] ] ] } },
{ "type": "Feature", "properties": { "max_height": 6.5432510375976562, "mean_height": 1.1623092889785767, "std_height": 1.5003834962844849, "count_pixels": 43, "percent_cover": 0.053038619515745074, "percent_above_0.1m": 67.441860465116278, "low_level_<0.5": 9.3023255813953494, "mid_level_0.5-2": 41.860465116279073, "tall_2+": 16.279069767441861 }, "geometry": { "type": "Polygon", "coordinates": [ [ [ -3.494664881145895, 50.699805541223817 ], [ -3.494764094484557, 50.699840244247959 ], [ -3.494861020039967, 50.699803028607093 ], [ -3.494858732113431, 50.699731110018455 ], [ -3.494759518947181, 50.699696407082705 ], [ -3.494662593535056, 50.699733622647202 ], [ -3.494664881145895, 50.699805541223817 ] ] ] } },
{ "type": "Feature", "properties": { "max_height": 3.9220004081726074, "mean_height": 0.16807335615158081, "std_height": 0.73087966442108154, "count_pixels": 41, "percent_cover": 0.050571706980129021, "percent_above_0.1m": 7.3170731707317067, "low_level_<0.5": 0.0, "mid_level_0.5-2": 0.0, "tall_2+": 4.8780487804878048 }, "geometry": { "type": "Polygon", "coordinates": [ [ [ -3.500258273125398, 50.699841680231124 ], [ -3.500357490790831, 50.699876378715274 ], [ -3.500454411661045, 50.699839158192837 ], [ -3.500452114722598, 50.699767239262641 ], [ -3.500352897229633, 50.699732540866897 ], [ -3.500255976502646, 50.699769761312929 ], [ -3.500258273125398, 50.699841680231124 ] ] ] } },
{ "type": "Feature", "properties": { "max_height": 1.8935003280639648, "mean_height": 0.046579591929912567, "std_height": 0.29202592372894287, "count_pixels": 41, "percent_cover": 0.050571706980129021, "percent_above_0.1m": 2.4390243902439024, "low_level_<0.5": 0.0, "mid_level_0.5-2": 2.4390243902439024, "tall_2+": 0.0 }, "geometry": { "type": "Polygon", "coordinates": [ [ [ -3.500062134560506, 50.699844201938184 ], [ -3.500161352082714, 50.69987890058195 ], [ -3.500258273125398, 50.699841680231124 ], [ -3.500255976502646, 50.699769761312929 ], [ -3.500156759152903, 50.699735062757568 ], [ -3.500059838253449, 50.69977228303199 ], [ -3.500062134560506, 50.699844201938184 ] ] ] } },
{ "type": "Feature", "properties": { "max_height": 0.0019998550415039062, "mean_height": -0.00023170796339400113, "std_height": 0.0010020186891779304, "count_pixels": 41, "percent_cover": 0.050571706980129021, "percent_above_0.1m": 0.0, "low_level_<0.5": 0.0, "mid_level_0.5-2": 0.0, "tall_2+": 0.0 }, "geometry": { "type": "Polygon", "coordinates": [ [ [ -3.499865995966372, 50.699846723314032 ], [ -3.499965213345352, 50.6998814221174 ], [ -3.500062134560505, 50.699844201938184 ], [ -3.500059838253448, 50.69977228303199 ], [ -3.499960621046931, 50.699737584317027 ], [ -3.499863699975009, 50.699774804419832 ], [ -3.499865995966372, 50.699846723314032 ] ] ] } },
{ "type": "Feature", "properties": { "max_height": 10.864500999450684, "mean_height": 2.3662621974945068, "std_height": 3.6395263671875, "count_pixels": 41, "percent_cover": 0.050571706980129021, "percent_above_0.1m": 43.902439024390247, "low_level_<0.5": 4.8780487804878048, "mid_level_0.5-2": 7.3170731707317067, "tall_2+": 31.707317073170731 }, "geometry": { "type": "Polygon", "coordinates": [ [ [ -3.499669857343001, 50.699849244358667 ], [ -3.49976907457875, 50.69988394332163 ], [ -3.499865995966371, 50.699846723314032 ], [ -3.499863699975008, 50.699774804419832 ], [ -3.499764482911719, 50.699740105545274 ], [ -3.499667561667332, 50.699777325476475 ], [ -3.499669857343001, 50.699849244358667 ] ] ] } },
{ "type": "Feature", "properties": { "max_height": 13.121250152587891, "mean_height": 6.0492687225341797, "std_height": 3.8507280349731445, "count_pixels": 41, "percent_cover": 0.050571706980129021, "percent_above_0.1m": 100.0, "low_level_<0.5": 4.8780487804878048, "mid_level_0.5-2": 9.7560975609756095, "tall_2+": 80.487804878048792 }, "geometry": { "type": "Polygon", "coordinates": [ [ [ -3.499473718690395, 50.699851765072076 ], [ -3.499572935782914, 50.699886464194662 ], [ -3.499669857343, 50.699849244358667 ], [ -3.499667561667331, 50.699777325476475 ], [ -3.499568344747272, 50.699742626442294 ], [ -3.499471423330421, 50.699779846201899 ], [ -3.499473718690395, 50.699851765072076 ] ] ] } },
{ "type": "Feature", "properties": { "max_height": 12.597250938415527, "mean_height": 5.9264397621154785, "std_height": 3.4904165267944336, "count_pixels": 41, "percent_cover": 0.050571706980129021, "percent_above_0.1m": 95.121951219512198, "low_level_<0.5": 0.0, "mid_level_0.5-2": 9.7560975609756095, "tall_2+": 85.365853658536579 }, "geometry": { "type": "Polygon", "coordinates": [ [ [ -3.499277580008558, 50.699854285454286 ], [ -3.499376796957845, 50.699888984736468 ], [ -3.499473718690394, 50.699851765072076 ], [ -3.49947142333042, 50.699779846201899 ], [ -3.499372206553593, 50.699745147008109 ], [ -3.49927528496428, 50.699782366596096 ], [ -3.499277580008558, 50.699854285454286 ] ] ] } },
{ "type": "Feature", "properties": { "max_height": 12.652002334594727, "mean_height": 7.9220924377441406, "std_height": 3.1110141277313232, "count_pixels": 41, "percent_cover": 0.050571706980129021, "percent_above_0.1m": 100.0, "low_level_<0.5": 0.0, "mid_level_0.5-2": 4.8780487804878048, "tall_2+": 95.121951219512198 }, "geometry": { "type": "Polygon", "coordinates": [ [ [ -3.499081441297497, 50.69985680550527 ], [ -3.499180658103547, 50.699891504947068 ], [ -3.499277580008558, 50.699854285454286 ], [ -3.49927528496428, 50.699782366596096 ], [ -3.499176068330685, 50.699747667242711 ], [ -3.499079146568914, 50.699784886659096 ], [ -3.499081441297497, 50.69985680550527 ] ] ] } },
{ "type": "Feature", "properties": { "max_height": 15.92600154876709, "mean_height": 11.528361320495605, "std_height": 2.2877087593078613, "count_pixels": 43, "percent_cover": 0.053038619515745074, "percent_above_0.1m": 100.0, "low_level_<0.5": 0.0, "mid_level_0.5-2": 0.0, "tall_2+": 100.0 }, "geometry": { "type": "Polygon", "coordinates": [ [ [ -3.498885302557213, 50.699859325225034 ], [ -3.498984519220025, 50.699894024826442 ], [ -3.499081441297496, 50.69985680550527 ], [ -3.499079146568913, 50.699784886659096 ], [ -3.498979930078554, 50.699750187146094 ], [ -3.498883008144325, 50.699787406390861 ], [ -3.498885302557213, 50.699859325225034 ] ] ] } },
{ "type": "Feature", "properties": { "max_height": 21.032999038696289, "mean_height": 13.046011924743652, "std_height": 6.2628369331359863, "count_pixels": 43, "percent_cover": 0.053038619515745074, "percent_above_0.1m": 100.0, "low_level_<0.5": 0.0, "mid_level_0.5-2": 2.3255813953488373, "tall_2+": 95.348837209302332 }, "geometry": { "type": "Polygon", "coordinates": [ [ [ -3.498689163787711, 50.699861844613594 ], [ -3.498788380307284, 50.699896544374596 ], [ -3.498885302557212, 50.699859325225034 ], [ -3.498883008144324, 50.699787406390861 ], [ -3.498783791797203, 50.699752706718257 ], [ -3.498686869690518, 50.699789925791421 ], [ -3.498689163787711, 50.699861844613594 ] ] ] } },
{ "type": "Feature", "properties": { "max_height": 21.609750747680664, "mean_height": 10.554849624633789, "std_height": 8.0100259780883789, "count_pixels": 43, "percent_cover": 0.053038619515745074, "percent_above_0.1m": 83.720930232558146, "low_level_<0.5": 6.9767441860465116, "mid_level_0.5-2": 4.6511627906976747, "tall_2+": 72.093023255813947 }, "geometry": { "type": "Polygon", "coordinates": [ [ [ -3.498493024988994, 50.699864363670933 ], [ -3.498592241365325, 50.699899063591538 ], [ -3.49868916378771, 50.699861844613594 ], [ -3.498686869690517, 50.699789925791421 ], [ -3.498587653486636, 50.69975522595923 ], [ -3.498490731207498, 50.699792444860776 ], [ -3.498493024988994, 50.699864363670933 ] ] ] } },
{ "type": "Feature", "properties": { "max_height": 0.54650020599365234, "mean_height": 0.014553220942616463, "std_height": 0.087460391223430634, "count_pixels": 38, "percent_cover": 0.046871338176704948, "percent_above_0.1m": 2.6315789473684208, "low_level_<0.5": 0.0, "mid_level_0.5-2": 2.6315789473684208, "tall_2+": 0.0 }, "geometry": { "type": "Polygon", "coordinates": [ [ [ -3.498296886161067, 50.699866882397046 ], [ -3.498396102394155, 50.69990158247726 ], [ -3.498493024988993, 50.699864363670933 ], [ -3.498490731207496, 50.699792444860776 ], [ -3.498391515146857, 50.699757744868975 ], [ -3.498294592695265, 50.699794963598912 ], [ -3.498296886161067, 50.699866882397046 ] ] ] } },
{ "type": "Feature", "properties": { "max_height": 14.326749801635742, "mean_height": 4.1591343879699707, "std_height": 4.7610645294189453, "count_pixels": 43, "percent_cover": 0.053038619515745074, "percent_above_0.1m": 60.465116279069761, "low_level_<0.5": 6.9767441860465116, "mid_level_0.5-2": 6.9767441860465116, "tall_2+": 46.511627906976742 }, "geometry": { "type": "Polygon", "coordinates": [ [ [ -3.498100747303933, 50.699869400791975 ], [ -3.498199963393775, 50.699904101031777 ], [ -3.498296886161066, 50.699866882397046 ], [ -3.498294592695264, 50.699794963598912 ], [ -3.498195376777869, 50.699760263447516 ], [ -3.498098454153828, 50.699797482005835 ], [ -3.498100747303933, 50.699869400791975 ] ] ] } },
{ "type": "Feature", "properties": { "max_height": 16.851251602172852, "mean_height": 10.321623802185059, "std_height": 4.3035898208618164, "count_pixels": 43, "percent_cover": 0.053038619515745074, "percent_above_0.1m": 100.0, "low_level_<0.5": 2.3255813953488373, "mid_level_0.5-2": 2.3255813953488373, "tall_2+": 95.348837209302332 }, "geometry": { "type": "Polygon", "coordinates": [ [ [ -3.497904608417596, 50.699871918855671 ], [ -3.49800382436419, 50.699906619255067 ], [ -3.498100747303932, 50.699869400791975 ], [ -3.498098454153827, 50.699797482005835 ], [ -3.497999238379677, 50.699762781694822 ], [ -3.497902315583187, 50.699800000081552 ], [ -3.497904608417596, 50.699871918855671 ] ] ] } },
{ "type": "Feature", "properties": { "max_height": 11.764501571655273, "mean_height": 6.3001923561096191, "std_height": 3.3298819065093994, "count_pixels": 43, "percent_cover": 0.053038619515745074, "percent_above_0.1m": 95.348837209302332, "low_level_<0.5": 4.6511627906976747, "mid_level_0.5-2": 9.3023255813953494, "tall_2+": 81.395348837209298 }, "geometry": { "type": "Polygon", "coordinates": [ [ [ -3.497708469502061, 50.699874436588154 ], [ -3.497807685305405, 50.699909137147166 ], [ -3.497904608417596, 50.699871918855671 ], [ -3.497902315583186, 50.699800000081552 ], [ -3.497803099952284, 50.699765299610945 ], [ -3.497706176983348, 50.699802517826029 ], [ -3.497708469502061, 50.699874436588154 ] ] ] } },
{ "type": "Feature", "properties": { "max_height": 11.362503051757812, "mean_height": 3.2804214954376221, "std_height": 3.9285001754760742, "count_pixels": 41, "percent_cover": 0.050571706980129021, "percent_above_0.1m": 60.975609756097562, "low_level_<0.5": 4.8780487804878048, "mid_level_0.5-2": 9.7560975609756095, "tall_2+": 43.902439024390247 }, "geometry": { "type": "Polygon", "coordinates": [ [ [ -3.49751233055733, 50.699876953989417 ], [ -3.497611546217423, 50.699911654708039 ], [ -3.497708469502059, 50.699874436588154 ], [ -3.497706176983347, 50.699802517826029 ], [ -3.497606961495695, 50.699767817195827 ], [ -3.497510038354314, 50.699805035239322 ], [ -3.49751233055733, 50.699876953989417 ] ] ] } },
{ "type": "Feature", "properties": { "max_height": 15.442499160766602, "mean_height": 2.1625006198883057, "std_height": 4.0928292274475098, "count_pixels": 41, "percent_cover": 0.050571706980129021, "percent_above_0.1m": 36.585365853658537, "low_level_<0.5": 2.4390243902439024, "mid_level_0.5-2": 7.3170731707317067, "tall_2+": 24.390243902439025 }, "geometry": { "type": "Polygon", "coordinates": [ [ [ -3.497316191583407, 50.699879471059482 ], [ -3.497415407100247, 50.699914171937685 ], [ -3.497512330557329, 50.699876953989417 ], [ -3.497510038354313, 50.699805035239322 ], [ -3.497410823009912, 50.699770334449511 ], [ -3.497313899696088, 50.699807552321381 ], [ -3.497316191583407, 50.699879471059482 ] ] ] } },
{ "type": "Feature", "properties": { "max_height": 21.802249908447266, "mean_height": 6.243506908416748, "std_height": 7.9764227867126465, "count_pixels": 41, "percent_cover": 0.050571706980129021, "percent_above_0.1m": 48.780487804878049, "low_level_<0.5": 0.0, "mid_level_0.5-2": 7.3170731707317067, "tall_2+": 41.463414634146339 }, "geometry": { "type": "Polygon", "coordinates": [ [ [ -3.497120052580299, 50.699881987798321 ], [ -3.497219267953883, 50.69991668883614 ], [ -3.497316191583407, 50.699879471059482 ], [ -3.497313899696088, 50.699807552321381 ], [ -3.497214684494941, 50.699772851371982 ], [ -3.497117761008676, 50.69981006907225 ], [ -3.497120052580299, 50.699881987798321 ] ] ] } },
{ "type": "Feature", "properties": { "max_height": 9.7475013732910156, "mean_height": 0.43132385611534119, "std_height": 1.7620365619659424, "count_pixels": 41, "percent_cover": 0.050571706980129021, "percent_above_0.1m": 9.7560975609756095, "low_level_<0.5": 0.0, "mid_level_0.5-2": 2.4390243902439024, "tall_2+": 4.8780487804878048 }, "geometry": { "type": "Polygon", "coordinates": [ [ [ -3.496923913548007, 50.699884504205947 ], [ -3.497023128778334, 50.699919205403361 ], [ -3.497120052580299, 50.699881987798321 ], [ -3.497117761008675, 50.69981006907225 ], [ -3.497018545950785, 50.699775367963248 ], [ -3.496921622292081, 50.699812585491891 ], [ -3.496923913548007, 50.699884504205947 ] ] ] } },
{ "type": "Feature", "properties": { "max_height": 0.0047512054443359375, "mean_height": -0.0014383734669536352, "std_height": 0.0030891546048223972, "count_pixels": 41, "percent_cover": 0.050571706980129021, "percent_above_0.1m": 0.0, "low_level_<0.5": 0.0, "mid_level_0.5-2": 0.0, "tall_2+": 0.0 }, "geometry": { "type": "Polygon", "coordinates": [ [ [ -3.496727774486536, 50.699887020282361 ], [ -3.496826989573602, 50.699921721639384 ], [ -3.496923913548006, 50.699884504205947 ], [ -3.49692162229208, 50.699812585491891 ], [ -3.496822407377447, 50.69977788422328 ], [ -3.496725483546307, 50.69981510158032 ], [ -3.496727774486536, 50.699887020282361 ] ] ] } },
{ "type": "Feature", "properties": { "max_height": 0.00675201416015625, "mean_height": -0.0014992690412327647, "std_height": 0.0030724478419870138, "count_pixels": 41, "percent_cover": 0.050571706980129021, "percent_above_0.1m": 0.0, "low_level_<0.5": 0.0, "mid_level_0.5-2": 0.0, "tall_2+": 0.0 }, "geometry": { "type": "Polygon", "coordinates": [ [ [ -3.496531635395888, 50.69988953602757 ], [ -3.496630850339693, 50.699924237544181 ], [ -3.496727774486534, 50.699887020282361 ], [ -3.496725483546306, 50.69981510158032 ], [ -3.496626268774933, 50.699780400152122 ], [ -3.496529344771357, 50.699817617337537 ], [ -3.496531635395888, 50.69988953602757 ] ] ] } },
{ "type": "Feature", "properties": { "max_height": 0.0057506561279296875, "mean_height": -0.0012308912118896842, "std_height": 0.002952677896246314, "count_pixels": 41, "percent_cover": 0.050571706980129021, "percent_above_0.1m": 0.0, "low_level_<0.5": 0.0, "mid_level_0.5-2": 0.0, "tall_2+": 0.0 }, "geometry": { "type": "Polygon", "coordinates": [ [ [ -3.49633549627607, 50.699892051441559 ], [ -3.49643471107661, 50.699926753117765 ], [ -3.496531635395888, 50.69988953602757 ], [ -3.496529344771356, 50.699817617337537 ], [ -3.496430130143245, 50.699782915749751 ], [ -3.496333205967236, 50.699820132763548 ], [ -3.49633549627607, 50.699892051441559 ] ] ] } },
{ "type": "Feature", "properties": { "max_height": 0.017499923706054688, "mean_height": 0.00055880879517644644, "std_height": 0.0069089783355593681, "count_pixels": 43, "percent_cover": 0.053038619515745074, "percent_above_0.1m": 0.0, "low_level_<0.5": 0.0, "mid_level_0.5-2": 0.0, "tall_2+": 0.0 }, "geometry": { "type": "Polygon", "coordinates": [ [ [ -3.496139357127083, 50.699894566524335 ], [ -3.496238571784358, 50.699929268360144 ], [ -3.496335496276069, 50.699892051441559 ], [ -3.496333205967235, 50.699820132763548 ], [ -3.496233991482387, 50.699785431016153 ], [ -3.496137067133946, 50.69982264785834 ], [ -3.496139357127083, 50.699894566524335 ] ] ] } },
{ "type": "Feature", "properties": { "max_height": 0.02899932861328125, "mean_height": -0.0015166526427492499, "std_height": 0.0079564955085515976, "count_pixels": 43, "percent_cover": 0.053038619515745074, "percent_above_0.1m": 0.0, "low_level_<0.5": 0.0, "mid_level_0.5-2": 0.0, "tall_2+": 0.0 }, "geometry": { "type": "Polygon", "coordinates": [ [ [ -3.495943217948933, 50.699897081275893 ], [ -3.49604243246294, 50.699931783271296 ], [ -3.496139357127082, 50.699894566524335 ], [ -3.496137067133946, 50.69982264785834 ], [ -3.496037852792365, 50.69978794595135 ], [ -3.495940928271494, 50.69982516262192 ], [ -3.495943217948933, 50.699897081275893 ] ] ] } },
{ "type": "Feature", "properties": { "max_height": 0.11475181579589844, "mean_height": 0.006605503149330616, "std_height": 0.02255949005484581, "count_pixels": 43, "percent_cover": 0.053038619515745074, "percent_above_0.1m": 2.3255813953488373, "low_level_<0.5": 0.0, "mid_level_0.5-2": 0.0, "tall_2+": 0.0 }, "geometry": { "type": "Polygon", "coordinates": [ [ [ -3.495747078741622, 50.699899595696245 ], [ -3.49584629311236, 50.699934297851243 ], [ -3.495943217948932, 50.699897081275893 ], [ -3.495940928271493, 50.69982516262192 ], [ -3.49584171407318, 50.699790460555334 ], [ -3.495744789379882, 50.699827677054294 ], [ -3.495747078741622, 50.699899595696245 ] ] ] } },
{ "type": "Feature", "properties": { "max_height": 0.12574958801269531, "mean_height": 0.020888730883598328, "std_height": 0.032193388789892197, "count_pixels": 38, "percent_cover": 0.046871338176704948, "percent_above_0.1m": 2.6315789473684208, "low_level_<0.5": 0.0, "mid_level_0.5-2": 0.0, "tall_2+": 0.0 }, "geometry": { "type": "Polygon", "coordinates": [ [ [ -3.495550939505156, 50.699902109785384 ], [ -3.495650153732621, 50.699936812099978 ], [ -3.495747078741621, 50.699899595696245 ], [ -3.495744789379881, 50.699827677054294 ], [ -3.495645575324838, 50.6997929748281 ], [ -3.495548650459113, 50.699830191155456 ], [ -3.495550939505156, 50.699902109785384 ] ] ] } },
{ "type": "Feature", "properties": { "max_height": 8.7852516174316406, "mean_height": 2.0780823230743408, "std_height": 2.9242041110992432, "count_pixels": 43, "percent_cover": 0.053038619515745074, "percent_above_0.1m": 51.162790697674424, "low_level_<0.5": 2.3255813953488373, "mid_level_0.5-2": 16.279069767441861, "tall_2+": 32.558139534883722 }, "geometry": { "type": "Polygon", "coordinates": [ [ [ -3.495354800239537, 50.699904623543304 ], [ -3.495454014323729, 50.699939326017507 ], [ -3.495550939505156, 50.699902109785384 ], [ -3.495548650459112, 50.699830191155456 ], [ -3.495449436547341, 50.699795488769674 ], [ -3.495352511509192, 50.699832704925399 ], [ -3.495354800239537, 50.699904623543304 ] ] ] } },
{ "type": "Feature", "properties": { "max_height": 9.9430007934570312, "mean_height": 1.946937084197998, "std_height": 3.2494597434997559, "count_pixels": 43, "percent_cover": 0.053038619515745074, "percent_above_0.1m": 34.883720930232556, "low_level_<0.5": 4.6511627906976747, "mid_level_0.5-2": 0.0, "tall_2+": 30.232558139534881 }, "geometry": { "type": "Polygon", "coordinates": [ [ [ -3.495158660944771, 50.699907136970019 ], [ -3.495257874885687, 50.699941839603817 ], [ -3.495354800239537, 50.699904623543304 ], [ -3.495352511509192, 50.699832704925399 ], [ -3.495253297740696, 50.699798002380014 ], [ -3.495156372530124, 50.699835218364136 ], [ -3.495158660944771, 50.699907136970019 ] ] ] } },
{ "type": "Feature", "properties": { "max_height": 1.7747516632080078, "mean_height": 0.34650734066963196, "std_height": 0.52138662338256836, "count_pixels": 41, "percent_cover": 0.050571706980129021, "percent_above_0.1m": 43.902439024390247, "low_level_<0.5": 14.634146341463413, "mid_level_0.5-2": 26.829268292682929, "tall_2+": 0.0 }, "geometry": { "type": "Polygon", "coordinates": [ [ [ -3.494962521620859, 50.699909650065521 ], [ -3.495061735418497, 50.699944352858907 ], [ -3.49515866094477, 50.699907136970019 ], [ -3.495156372530123, 50.699835218364136 ], [ -3.495057158904903, 50.699800515659163 ], [ -3.494960233521911, 50.699837731471654 ], [ -3.494962521620859, 50.699909650065521 ] ] ] } },
{ "type": "Feature", "properties": { "max_height": 11.398000717163086, "mean_height": 3.9660310745239258, "std_height": 3.4150362014770508, "count_pixels": 41, "percent_cover": 0.050571706980129021, "percent_above_0.1m": 82.926829268292678, "low_level_<0.5": 2.4390243902439024, "mid_level_0.5-2": 14.634146341463413, "tall_2+": 65.853658536585371 }, "geometry": { "type": "Polygon", "coordinates": [ [ [ -3.500359787586046, 50.699948297638663 ], [ -3.50045900556717, 50.699982996051617 ], [ -3.500555926580611, 50.699945775452775 ], [ -3.5005536294697, 50.699873856517385 ], [ -3.500454411661045, 50.699839158192837 ], [ -3.500357490790831, 50.699876378715274 ], [ -3.500359787586046, 50.699948297638663 ] ] ] } },
{ "type": "Feature", "properties": { "max_height": 0.0025005340576171875, "mean_height": 0.00029105917201377451, "std_height": 0.00093691330403089523, "count_pixels": 43, "percent_cover": 0.053038619515745074, "percent_above_0.1m": 0.0, "low_level_<0.5": 0.0, "mid_level_0.5-2": 0.0, "tall_2+": 0.0 }, "geometry": { "type": "Polygon", "coordinates": [ [ [ -3.500163648562231, 50.699950819493338 ], [ -3.500262866400131, 50.699985518065894 ], [ -3.500359787586045, 50.699948297638663 ], [ -3.50035749079083, 50.699876378715274 ], [ -3.500258273125398, 50.699841680231124 ], [ -3.500161352082714, 50.69987890058195 ], [ -3.500163648562231, 50.699950819493338 ] ] ] } },
{ "type": "Feature", "properties": { "max_height": 0.017000198364257812, "mean_height": 0.0011630724184215069, "std_height": 0.0036678574979305267, "count_pixels": 43, "percent_cover": 0.053038619515745074, "percent_above_0.1m": 0.0, "low_level_<0.5": 0.0, "mid_level_0.5-2": 0.0, "tall_2+": 0.0 }, "geometry": { "type": "Polygon", "coordinates": [ [ [ -3.499967509509173, 50.699953341016787 ], [ -3.500066727203845, 50.699988039748952 ], [ -3.50016364856223, 50.699950819493338 ], [ -3.500161352082713, 50.69987890058195 ], [ -3.500062134560505, 50.699844201938184 ], [ -3.499965213345352, 50.6998814221174 ], [ -3.499967509509173, 50.699953341016787 ] ] ] } },
{ "type": "Feature", "properties": { "max_height": 10.078751564025879, "mean_height": 3.0645730495452881, "std_height": 3.3550987243652344, "count_pixels": 38, "percent_cover": 0.046871338176704948, "percent_above_0.1m": 68.421052631578945, "low_level_<0.5": 5.2631578947368416, "mid_level_0.5-2": 15.789473684210526, "tall_2+": 44.736842105263158 }, "geometry": { "type": "Polygon", "coordinates": [ [ [ -3.499771370426875, 50.699955862209016 ], [ -3.499870587978319, 50.699990561100797 ], [ -3.499967509509173, 50.699953341016787 ], [ -3.499965213345351, 50.6998814221174 ], [ -3.499865995966371, 50.699846723314032 ], [ -3.49976907457875, 50.69988394332163 ], [ -3.499771370426875, 50.699955862209016 ] ] ] } },
{ "type": "Feature", "properties": { "max_height": 13.708002090454102, "mean_height": 8.2011747360229492, "std_height": 4.1137504577636719, "count_pixels": 43, "percent_cover": 0.053038619515745074, "percent_above_0.1m": 100.0, "low_level_<0.5": 0.0, "mid_level_0.5-2": 11.627906976744185, "tall_2+": 86.04651162790698 }, "geometry": { "type": "Polygon", "coordinates": [ [ [ -3.499575231315342, 50.69995838307004 ], [ -3.499674448723554, 50.699993082121424 ], [ -3.499771370426875, 50.699955862209016 ], [ -3.49976907457875, 50.69988394332163 ], [ -3.499669857343, 50.699849244358667 ], [ -3.499572935782914, 50.699886464194662 ], [ -3.499575231315342, 50.69995838307004 ] ] ] } },
{ "type": "Feature", "properties": { "max_height": 26.80525016784668, "mean_height": 14.648466110229492, "std_height": 7.2417240142822266, "count_pixels": 43, "percent_cover": 0.053038619515745074, "percent_above_0.1m": 97.674418604651152, "low_level_<0.5": 2.3255813953488373, "mid_level_0.5-2": 2.3255813953488373, "tall_2+": 93.023255813953483 }, "geometry": { "type": "Polygon", "coordinates": [ [ [ -3.499379092174576, 50.699960903599838 ], [ -3.499478309439555, 50.69999560281083 ], [ -3.499575231315341, 50.69995838307004 ], [ -3.499572935782913, 50.699886464194662 ], [ -3.499473718690394, 50.699851765072076 ], [ -3.499376796957845, 50.699888984736468 ], [ -3.499379092174576, 50.699960903599838 ] ] ] } },
{ "type": "Feature", "properties": { "max_height": 15.615751266479492, "mean_height": 6.2605123519897461, "std_height": 4.7045087814331055, "count_pixels": 43, "percent_cover": 0.053038619515745074, "percent_above_0.1m": 90.697674418604649, "low_level_<0.5": 2.3255813953488373, "mid_level_0.5-2": 16.279069767441861, "tall_2+": 72.093023255813947 }, "geometry": { "type": "Polygon", "coordinates": [ [ [ -3.499182953004582, 50.699963423798422 ], [ -3.499282170126325, 50.699998123169031 ], [ -3.499379092174575, 50.699960903599838 ], [ -3.499376796957844, 50.699888984736468 ], [ -3.499277580008558, 50.699854285454286 ], [ -3.499180658103547, 50.699891504947068 ], [ -3.499182953004582, 50.699963423798422 ] ] ] } },
{ "type": "Feature", "properties": { "max_height": 14.28075122833252, "mean_height": 8.1681289672851562, "std_height": 3.1836986541748047, "count_pixels": 41, "percent_cover": 0.050571706980129021, "percent_above_0.1m": 100.0, "low_level_<0.5": 0.0, "mid_level_0.5-2": 0.0, "tall_2+": 100.0 }, "geometry": { "type": "Polygon", "coordinates": [ [ [ -3.498986813805363, 50.699965943665795 ], [ -3.499086030783869, 50.700000643195999 ], [ -3.499182953004581, 50.699963423798422 ], [ -3.499180658103546, 50.699891504947068 ], [ -3.499081441297496, 50.69985680550527 ], [ -3.498984519220025, 50.699894024826442 ], [ -3.498986813805363, 50.699965943665795 ] ] ] } },
{ "type": "Feature", "properties": { "max_height": 17.211250305175781, "mean_height": 8.5133047103881836, "std_height": 5.466639518737793, "count_pixels": 41, "percent_cover": 0.050571706980129021, "percent_above_0.1m": 90.243902439024396, "low_level_<0.5": 2.4390243902439024, "mid_level_0.5-2": 7.3170731707317067, "tall_2+": 80.487804878048792 }, "geometry": { "type": "Polygon", "coordinates": [ [ [ -3.498790674576924, 50.699968463201948 ], [ -3.498889891412191, 50.700003162891754 ], [ -3.498986813805363, 50.699965943665795 ], [ -3.498984519220025, 50.699894024826442 ], [ -3.498885302557212, 50.699859325225034 ], [ -3.498788380307284, 50.699896544374596 ], [ -3.498790674576924, 50.699968463201948 ] ] ] } },
{ "type": "Feature", "properties": { "max_height": 20.982751846313477, "mean_height": 9.2668123245239258, "std_height": 5.7275028228759766, "count_pixels": 41, "percent_cover": 0.050571706980129021, "percent_above_0.1m": 100.0, "low_level_<0.5": 0.0, "mid_level_0.5-2": 7.3170731707317067, "tall_2+": 92.682926829268297 }, "geometry": { "type": "Polygon", "coordinates": [ [ [ -3.498594535319268, 50.699970982406882 ], [ -3.498693752011294, 50.700005682256304 ], [ -3.498790674576923, 50.699968463201948 ], [ -3.498788380307283, 50.699896544374596 ], [ -3.49868916378771, 50.699861844613594 ], [ -3.498592241365325, 50.699899063591538 ], [ -3.498594535319268, 50.699970982406882 ] ] ] } },
{ "type": "Feature", "properties": { "max_height": 8.3575010299682617, "mean_height": 1.5251165628433228, "std_height": 1.9358241558074951, "count_pixels": 41, "percent_cover": 0.050571706980129021, "percent_above_0.1m": 65.853658536585371, "low_level_<0.5": 9.7560975609756095, "mid_level_0.5-2": 29.268292682926827, "tall_2+": 26.829268292682929 }, "geometry": { "type": "Polygon", "coordinates": [ [ [ -3.4983983960324, 50.69997350128061 ], [ -3.498497612581181, 50.70000820128962 ], [ -3.498594535319267, 50.699970982406882 ], [ -3.498592241365324, 50.699899063591538 ], [ -3.498493024988993, 50.699864363670933 ], [ -3.498396102394155, 50.69990158247726 ], [ -3.4983983960324, 50.69997350128061 ] ] ] } },
{ "type": "Feature", "properties": { "max_height": 27.070499420166016, "mean_height": 11.337830543518066, "std_height": 8.6922807693481445, "count_pixels": 41, "percent_cover": 0.050571706980129021, "percent_above_0.1m": 87.804878048780495, "low_level_<0.5": 2.4390243902439024, "mid_level_0.5-2": 4.8780487804878048, "tall_2+": 80.487804878048792 }, "geometry": { "type": "Polygon", "coordinates": [ [ [ -3.498202256716322, 50.699976019823112 ], [ -3.498301473121859, 50.700010719991738 ], [ -3.498398396032399, 50.69997350128061 ], [ -3.498396102394154, 50.69990158247726 ], [ -3.498296886161066, 50.699866882397046 ], [ -3.498199963393775, 50.699904101031777 ], [ -3.498202256716322, 50.699976019823112 ] ] ] } },
{ "type": "Feature", "properties": { "max_height": 18.696502685546875, "mean_height": 12.531580924987793, "std_height": 2.4650523662567139, "count_pixels": 41, "percent_cover": 0.050571706980129021, "percent_above_0.1m": 100.0, "low_level_<0.5": 0.0, "mid_level_0.5-2": 0.0, "tall_2+": 100.0 }, "geometry": { "type": "Polygon", "coordinates": [ [ [ -3.49800611737104, 50.699978538034401 ], [ -3.49810533363333, 50.700013238362629 ], [ -3.498202256716321, 50.699976019823112 ], [ -3.498199963393774, 50.699904101031777 ], [ -3.498100747303932, 50.699869400791975 ], [ -3.49800382436419, 50.699906619255067 ], [ -3.49800611737104, 50.699978538034401 ] ] ] } },
{ "type": "Feature", "properties": { "max_height": 20.584001541137695, "mean_height": 9.8085193634033203, "std_height": 5.6271929740905762, "count_pixels": 41, "percent_cover": 0.050571706980129021, "percent_above_0.1m": 100.0, "low_level_<0.5": 0.0, "mid_level_0.5-2": 2.4390243902439024, "tall_2+": 97.560975609756099 }, "geometry": { "type": "Polygon", "coordinates": [ [ [ -3.497809977996557, 50.699981055914471 ], [ -3.497909194115596, 50.700015756402301 ], [ -3.498006117371039, 50.699978538034401 ], [ -3.49800382436419, 50.699906619255067 ], [ -3.497904608417596, 50.699871918855671 ], [ -3.497807685305405, 50.699909137147166 ], [ -3.497809977996557, 50.699981055914471 ] ] ] } },
{ "type": "Feature", "properties": { "max_height": 15.78325080871582, "mean_height": 6.7965683937072754, "std_height": 3.6095621585845947, "count_pixels": 41, "percent_cover": 0.050571706980129021, "percent_above_0.1m": 97.560975609756099, "low_level_<0.5": 0.0, "mid_level_0.5-2": 4.8780487804878048, "tall_2+": 92.682926829268297 }, "geometry": { "type": "Polygon", "coordinates": [ [ [ -3.497613838592876, 50.699983573463335 ], [ -3.497713054568665, 50.700018274110761 ], [ -3.497809977996556, 50.699981055914471 ], [ -3.497807685305404, 50.699909137147166 ], [ -3.497708469502059, 50.699874436588154 ], [ -3.497611546217423, 50.699911654708039 ], [ -3.497613838592876, 50.699983573463335 ] ] ] } },
{ "type": "Feature", "properties": { "max_height": 11.063000679016113, "mean_height": 2.3308553695678711, "std_height": 3.4893069267272949, "count_pixels": 43, "percent_cover": 0.053038619515745074, "percent_above_0.1m": 39.534883720930232, "low_level_<0.5": 0.0, "mid_level_0.5-2": 6.9767441860465116, "tall_2+": 32.558139534883722 }, "geometry": { "type": "Polygon", "coordinates": [ [ [ -3.497417699160002, 50.699986090680973 ], [ -3.497516914992537, 50.700020791488001 ], [ -3.497613838592875, 50.699983573463335 ], [ -3.497611546217422, 50.699911654708039 ], [ -3.497512330557329, 50.699876953989417 ], [ -3.497415407100247, 50.699914171937685 ], [ -3.497417699160002, 50.699986090680973 ] ] ] } },
{ "type": "Feature", "properties": { "max_height": 12.657001495361328, "mean_height": 1.6290472745895386, "std_height": 2.8586623668670654, "count_pixels": 43, "percent_cover": 0.053038619515745074, "percent_above_0.1m": 48.837209302325576, "low_level_<0.5": 9.3023255813953494, "mid_level_0.5-2": 16.279069767441861, "tall_2+": 23.255813953488371 }, "geometry": { "type": "Polygon", "coordinates": [ [ [ -3.49722155969794, 50.699988607567413 ], [ -3.497320775387219, 50.700023308534043 ], [ -3.497417699160001, 50.699986090680973 ], [ -3.497415407100246, 50.699914171937685 ], [ -3.497316191583407, 50.699879471059482 ], [ -3.497219267953883, 50.69991668883614 ], [ -3.49722155969794, 50.699988607567413 ] ] ] } },
{ "type": "Feature", "properties": { "max_height": 15.655250549316406, "mean_height": 4.6156983375549316, "std_height": 5.5422663688659668, "count_pixels": 38, "percent_cover": 0.046871338176704948, "percent_above_0.1m": 57.894736842105267, "low_level_<0.5": 10.526315789473683, "mid_level_0.5-2": 2.6315789473684208, "tall_2+": 44.736842105263158 }, "geometry": { "type": "Polygon", "coordinates": [ [ [ -3.497025420206691, 50.699991124122626 ], [ -3.497124635752712, 50.700025825248858 ], [ -3.497221559697939, 50.699988607567413 ], [ -3.497219267953882, 50.69991668883614 ], [ -3.497120052580299, 50.699881987798321 ], [ -3.497023128778334, 50.699919205403361 ], [ -3.497025420206691, 50.699991124122626 ] ] ] } },
{ "type": "Feature", "properties": { "max_height": 0.0015001296997070312, "mean_height": -0.00044097457430325449, "std_height": 0.0015965999336913228, "count_pixels": 43, "percent_cover": 0.053038619515745074, "percent_above_0.1m": 0.0, "low_level_<0.5": 0.0, "mid_level_0.5-2": 0.0, "tall_2+": 0.0 }, "geometry": { "type": "Polygon", "coordinates": [ [ [ -3.49682928068626, 50.699993640346626 ], [ -3.496928496089023, 50.700028341632446 ], [ -3.49702542020669, 50.699991124122626 ], [ -3.497023128778333, 50.699919205403361 ], [ -3.496923913548006, 50.699884504205947 ], [ -3.496826989573602, 50.699921721639384 ], [ -3.49682928068626, 50.699993640346626 ] ] ] } },
{ "type": "Feature", "properties": { "max_height": 0.0015010833740234375, "mean_height": -0.00073166779475286603, "std_height": 0.0020447999704629183, "count_pixels": 43, "percent_cover": 0.053038619515745074, "percent_above_0.1m": 0.0, "low_level_<0.5": 0.0, "mid_level_0.5-2": 0.0, "tall_2+": 0.0 }, "geometry": { "type": "Polygon", "coordinates": [ [ [ -3.496633141136652, 50.699996156239393 ], [ -3.496732356396153, 50.700030857684837 ], [ -3.49682928068626, 50.699993640346626 ], [ -3.496826989573601, 50.699921721639384 ], [ -3.496727774486534, 50.699887020282361 ], [ -3.496630850339693, 50.699924237544181 ], [ -3.496633141136652, 50.699996156239393 ] ] ] } },
{ "type": "Feature", "properties": { "max_height": 0.0010013580322265625, "mean_height": -0.00074932188726961613, "std_height": 0.0019442901248112321, "count_pixels": 43, "percent_cover": 0.053038619515745074, "percent_above_0.1m": 0.0, "low_level_<0.5": 0.0, "mid_level_0.5-2": 0.0, "tall_2+": 0.0 }, "geometry": { "type": "Polygon", "coordinates": [ [ [ -3.496437001557871, 50.699998671800969 ], [ -3.496536216674108, 50.700033373406008 ], [ -3.496633141136652, 50.699996156239393 ], [ -3.496630850339692, 50.699924237544181 ], [ -3.496531635395888, 50.69988953602757 ], [ -3.49643471107661, 50.699926753117765 ], [ -3.496437001557871, 50.699998671800969 ] ] ] } },
{ "type": "Feature", "properties": { "max_height": 0.012250900268554688, "mean_height": -0.00090780493337661028, "std_height": 0.0033217542804777622, "count_pixels": 41, "percent_cover": 0.050571706980129021, "percent_above_0.1m": 0.0, "low_level_<0.5": 0.0, "mid_level_0.5-2": 0.0, "tall_2+": 0.0 }, "geometry": { "type": "Polygon", "coordinates": [ [ [ -3.496240861949919, 50.700001187031326 ], [ -3.49634007692289, 50.700035888795952 ], [ -3.49643700155787, 50.699998671800969 ], [ -3.49643471107661, 50.699926753117765 ], [ -3.496335496276069, 50.699892051441559 ], [ -3.496238571784358, 50.699929268360144 ], [ -3.496240861949919, 50.700001187031326 ] ] ] } },
{ "type": "Feature", "properties": { "max_height": 0.0110015869140625, "mean_height": -0.00069436791818588972, "std_height": 0.0061967857182025909, "count_pixels": 41, "percent_cover": 0.050571706980129021, "percent_above_0.1m": 0.0, "low_level_<0.5": 0.0, "mid_level_0.5-2": 0.0, "tall_2+": 0.0 }, "geometry": { "type": "Polygon", "coordinates": [ [ [ -3.496044722312802, 50.700003701930477 ], [ -3.496143937142505, 50.700038403854705 ], [ -3.496240861949918, 50.700001187031326 ], [ -3.496238571784358, 50.699929268360144 ], [ -3.496139357127082, 50.699894566524335 ], [ -3.49604243246294, 50.699931783271296 ], [ -3.496044722312802, 50.700003701930477 ] ] ] } },
{ "type": "Feature", "properties": { "max_height": 0.036500930786132812, "mean_height": 0.0021775409113615751, "std_height": 0.0087540401145815849, "count_pixels": 41, "percent_cover": 0.050571706980129021, "percent_above_0.1m": 0.0, "low_level_<0.5": 0.0, "mid_level_0.5-2": 0.0, "tall_2+": 0.0 }, "geometry": { "type": "Polygon", "coordinates": [ [ [ -3.495848582646522, 50.700006216498394 ], [ -3.495947797332955, 50.700040918582225 ], [ -3.496044722312801, 50.700003701930477 ], [ -3.496042432462939, 50.699931783271296 ], [ -3.495943217948932, 50.699897081275893 ], [ -3.49584629311236, 50.699934297851243 ], [ -3.495848582646522, 50.700006216498394 ] ] ] } },
{ "type": "Feature", "properties": { "max_height": 1.6260013580322266, "mean_height": 0.35589110851287842, "std_height": 0.43894004821777344, "count_pixels": 41, "percent_cover": 0.050571706980129021, "percent_above_0.1m": 53.658536585365859, "low_level_<0.5": 12.195121951219512, "mid_level_0.5-2": 34.146341463414636, "tall_2+": 0.0 }, "geometry": { "type": "Polygon", "coordinates": [ [ [ -3.495652442951084, 50.700008730735121 ], [ -3.495751657494245, 50.700043432978525 ], [ -3.495848582646521, 50.700006216498394 ], [ -3.495846293112359, 50.699934297851243 ], [ -3.495747078741621, 50.699899595696245 ], [ -3.495650153732621, 50.699936812099978 ], [ -3.495652442951084, 50.700008730735121 ] ] ] } },
{ "type": "Feature", "properties": { "max_height": 7.0952510833740234, "mean_height": 0.51141542196273804, "std_height": 1.5106140375137329, "count_pixels": 41, "percent_cover": 0.050571706980129021, "percent_above_0.1m": 24.390243902439025, "low_level_<0.5": 2.4390243902439024, "mid_level_0.5-2": 14.634146341463413, "tall_2+": 4.8780487804878048 }, "geometry": { "type": "Polygon", "coordinates": [ [ [ -3.49545630322649, 50.700011244640613 ], [ -3.495555517626379, 50.700045947043627 ], [ -3.495652442951083, 50.700008730735121 ], [ -3.49565015373262, 50.699936812099978 ], [ -3.495550939505156, 50.699902109785384 ], [ -3.495454014323729, 50.699939326017507 ], [ -3.49545630322649, 50.700011244640613 ] ] ] } },
{ "type": "Feature", "properties": { "max_height": 7.6117515563964844, "mean_height": 0.85613512992858887, "std_height": 1.7668577432632446, "count_pixels": 41, "percent_cover": 0.050571706980129021, "percent_above_0.1m": 36.585365853658537, "low_level_<0.5": 2.4390243902439024, "mid_level_0.5-2": 24.390243902439025, "tall_2+": 7.3170731707317067 }, "geometry": { "type": "Polygon", "coordinates": [ [ [ -3.495260163472748, 50.700013758214901 ], [ -3.49535937772936, 50.700048460777502 ], [ -3.49545630322649, 50.700011244640613 ], [ -3.495454014323728, 50.699939326017507 ], [ -3.495354800239537, 50.699904623543304 ], [ -3.495257874885687, 50.699941839603817 ], [ -3.495260163472748, 50.700013758214901 ] ] ] } },
{ "type": "Feature", "properties": { "max_height": 3.6280002593994141, "mean_height": 1.1632816791534424, "std_height": 1.3201895952224731, "count_pixels": 41, "percent_cover": 0.050571706980129021, "percent_above_0.1m": 73.170731707317074, "low_level_<0.5": 9.7560975609756095, "mid_level_0.5-2": 34.146341463414636, "tall_2+": 24.390243902439025 }, "geometry": { "type": "Polygon", "coordinates": [ [ [ -3.495064023689858, 50.700016271457969 ], [ -3.495163237803193, 50.700050974180186 ], [ -3.495260163472747, 50.700013758214901 ], [ -3.495257874885686, 50.699941839603817 ], [ -3.49515866094477, 50.699907136970019 ], [ -3.495061735418497, 50.699944352858907 ], [ -3.495064023689858, 50.700016271457969 ] ] ] } },
{ "type": "Feature", "properties": { "max_height": 12.150250434875488, "mean_height": 4.1312994956970215, "std_height": 4.1151113510131836, "count_pixels": 41, "percent_cover": 0.050571706980129021, "percent_above_0.1m": 68.292682926829272, "low_level_<0.5": 7.3170731707317067, "mid_level_0.5-2": 7.3170731707317067, "tall_2+": 53.658536585365859 }, "geometry": { "type": "Polygon", "coordinates": [ [ [ -3.500265163052113, 50.700057436982483 ], [ -3.500364381205707, 50.700092135483843 ], [ -3.50046130253485, 50.700054914980193 ], [ -3.50045900556717, 50.699982996051617 ], [ -3.500359787586046, 50.699948297638663 ], [ -3.500262866400131, 50.699985518065894 ], [ -3.500265163052113, 50.700057436982483 ] ] ] } },
{ "type": "Feature", "properties": { "max_height": 0.011501312255859375, "mean_height": 0.00024425692390650511, "std_height": 0.0019767759367823601, "count_pixels": 41, "percent_cover": 0.050571706980129021, "percent_above_0.1m": 0.0, "low_level_<0.5": 0.0, "mid_level_0.5-2": 0.0, "tall_2+": 0.0 }, "geometry": { "type": "Polygon", "coordinates": [ [ [ -3.500069023540129, 50.70005995865354 ], [ -3.500168241550497, 50.700094657314509 ], [ -3.500265163052112, 50.700057436982483 ], [ -3.500262866400131, 50.699985518065894 ], [ -3.500163648562231, 50.699950819493338 ], [ -3.500066727203846, 50.699988039748952 ], [ -3.500069023540129, 50.70005995865354 ] ] ] } },
{ "type": "Feature", "properties": { "max_height": 5.489750862121582, "mean_height": 0.64459782838821411, "std_height": 1.4017754793167114, "count_pixels": 41, "percent_cover": 0.050571706980129021, "percent_above_0.1m": 24.390243902439025, "low_level_<0.5": 0.0, "mid_level_0.5-2": 7.3170731707317067, "tall_2+": 14.634146341463413 }, "geometry": { "type": "Polygon", "coordinates": [ [ [ -3.499872883998905, 50.700062479993385 ], [ -3.499972101866042, 50.700097178813962 ], [ -3.500069023540129, 50.70005995865354 ], [ -3.500066727203845, 50.699988039748952 ], [ -3.499967509509173, 50.699953341016787 ], [ -3.49987058797832, 50.699990561100797 ], [ -3.499872883998905, 50.700062479993385 ] ] ] } },
{ "type": "Feature", "properties": { "max_height": 26.861251831054688, "mean_height": 18.179416656494141, "std_height": 6.2490472793579102, "count_pixels": 41, "percent_cover": 0.050571706980129021, "percent_above_0.1m": 100.0, "low_level_<0.5": 0.0, "mid_level_0.5-2": 0.0, "tall_2+": 100.0 }, "geometry": { "type": "Polygon", "coordinates": [ [ [ -3.499676744428441, 50.700065001001995 ], [ -3.499775962152347, 50.700099699982189 ], [ -3.499872883998904, 50.700062479993385 ], [ -3.499870587978319, 50.699990561100797 ], [ -3.499771370426875, 50.699955862209016 ], [ -3.499674448723555, 50.699993082121424 ], [ -3.499676744428441, 50.700065001001995 ] ] ] } },
{ "type": "Feature", "properties": { "max_height": 16.72599983215332, "mean_height": 9.0415191650390625, "std_height": 4.4991469383239746, "count_pixels": 41, "percent_cover": 0.050571706980129021, "percent_above_0.1m": 97.560975609756099, "low_level_<0.5": 0.0, "mid_level_0.5-2": 4.8780487804878048, "tall_2+": 92.682926829268297 }, "geometry": { "type": "Polygon", "coordinates": [ [ [ -3.499480604828744, 50.700067521679415 ], [ -3.499579822409417, 50.700102220819197 ], [ -3.49967674442844, 50.700065001001995 ], [ -3.499674448723554, 50.699993082121424 ], [ -3.499575231315342, 50.69995838307004 ], [ -3.499478309439555, 50.69999560281083 ], [ -3.499480604828744, 50.700067521679415 ] ] ] } },
{ "type": "Feature", "properties": { "max_height": 25.931249618530273, "mean_height": 13.552890777587891, "std_height": 8.0961551666259766, "count_pixels": 41, "percent_cover": 0.050571706980129021, "percent_above_0.1m": 97.560975609756099, "low_level_<0.5": 2.4390243902439024, "mid_level_0.5-2": 7.3170731707317067, "tall_2+": 87.804878048780495 }, "geometry": { "type": "Polygon", "coordinates": [ [ [ -3.499284465199815, 50.700070042025587 ], [ -3.499383682637254, 50.700104741324992 ], [ -3.499480604828743, 50.700067521679415 ], [ -3.499478309439555, 50.69999560281083 ], [ -3.499379092174576, 50.699960903599838 ], [ -3.499282170126326, 50.699998123169031 ], [ -3.499284465199815, 50.700070042025587 ] ] ] } },
{ "type": "Feature", "properties": { "max_height": 17.735000610351562, "mean_height": 9.1881599426269531, "std_height": 3.9577507972717285, "count_pixels": 41, "percent_cover": 0.050571706980129021, "percent_above_0.1m": 100.0, "low_level_<0.5": 2.4390243902439024, "mid_level_0.5-2": 2.4390243902439024, "tall_2+": 95.121951219512198 }, "geometry": { "type": "Polygon", "coordinates": [ [ [ -3.49908832554166, 50.70007256204056 ], [ -3.499187542835862, 50.700107261499575 ], [ -3.499284465199815, 50.700070042025587 ], [ -3.499282170126325, 50.699998123169031 ], [ -3.499182953004582, 50.699963423798422 ], [ -3.49908603078387, 50.700000643195999 ], [ -3.49908832554166, 50.70007256204056 ] ] ] } },
{ "type": "Feature", "properties": { "max_height": 16.048250198364258, "mean_height": 8.6846866607666016, "std_height": 4.4517860412597656, "count_pixels": 43, "percent_cover": 0.053038619515745074, "percent_above_0.1m": 100.0, "low_level_<0.5": 4.6511627906976747, "mid_level_0.5-2": 0.0, "tall_2+": 93.023255813953483 }, "geometry": { "type": "Polygon", "coordinates": [ [ [ -3.498892185854282, 50.700075081724314 ], [ -3.498991403005244, 50.700109781342931 ], [ -3.499088325541659, 50.70007256204056 ], [ -3.499086030783869, 50.700000643195999 ], [ -3.498986813805363, 50.699965943665795 ], [ -3.498889891412192, 50.700003162891754 ], [ -3.498892185854282, 50.700075081724314 ] ] ] } },
{ "type": "Feature", "properties": { "max_height": 17.949752807617188, "mean_height": 7.6130471229553223, "std_height": 4.677976131439209, "count_pixels": 43, "percent_cover": 0.053038619515745074, "percent_above_0.1m": 100.0, "low_level_<0.5": 0.0, "mid_level_0.5-2": 11.627906976744185, "tall_2+": 88.372093023255815 }, "geometry": { "type": "Polygon", "coordinates": [ [ [ -3.498696046137686, 50.700077601076842 ], [ -3.498795263145407, 50.700112300855075 ], [ -3.498892185854281, 50.700075081724314 ], [ -3.498889891412191, 50.700003162891754 ], [ -3.498790674576924, 50.699968463201948 ], [ -3.498693752011294, 50.700005682256304 ], [ -3.498696046137686, 50.700077601076842 ] ] ] } },
{ "type": "Feature", "properties": { "max_height": 15.11299991607666, "mean_height": 6.8291106224060059, "std_height": 4.3571710586547852, "count_pixels": 43, "percent_cover": 0.053038619515745074, "percent_above_0.1m": 100.0, "low_level_<0.5": 4.6511627906976747, "mid_level_0.5-2": 13.953488372093023, "tall_2+": 81.395348837209298 }, "geometry": { "type": "Polygon", "coordinates": [ [ [ -3.498499906391874, 50.700080120098157 ], [ -3.498599123256352, 50.700114820035992 ], [ -3.498696046137685, 50.700077601076842 ], [ -3.498693752011294, 50.700005682256304 ], [ -3.498594535319268, 50.699970982406882 ], [ -3.498497612581182, 50.70000820128962 ], [ -3.498499906391874, 50.700080120098157 ] ] ] } },
{ "type": "Feature", "properties": { "max_height": 28.682502746582031, "mean_height": 12.944021224975586, "std_height": 5.6854281425476074, "count_pixels": 38, "percent_cover": 0.046871338176704948, "percent_above_0.1m": 100.0, "low_level_<0.5": 0.0, "mid_level_0.5-2": 0.0, "tall_2+": 100.0 }, "geometry": { "type": "Polygon", "coordinates": [ [ [ -3.498303766616852, 50.700082638788267 ], [ -3.498402983338085, 50.700117338885697 ], [ -3.498499906391873, 50.700080120098157 ], [ -3.498497612581181, 50.70000820128962 ], [ -3.4983983960324, 50.69997350128061 ], [ -3.49830147312186, 50.700010719991738 ], [ -3.498303766616852, 50.700082638788267 ] ] ] } },
{ "type": "Feature", "properties": { "max_height": 28.510503768920898, "mean_height": 19.844989776611328, "std_height": 7.1165709495544434, "count_pixels": 43, "percent_cover": 0.053038619515745074, "percent_above_0.1m": 100.0, "low_level_<0.5": 0.0, "mid_level_0.5-2": 0.0, "tall_2+": 100.0 }, "geometry": { "type": "Polygon", "coordinates": [ [ [ -3.498107626812623, 50.700085157147157 ], [ -3.498206843390608, 50.700119857404182 ], [ -3.498303766616851, 50.700082638788267 ], [ -3.498301473121859, 50.700010719991738 ], [ -3.498202256716322, 50.699976019823112 ], [ -3.498105333633331, 50.700013238362629 ], [ -3.498107626812623, 50.700085157147157 ] ] ] } },
{ "type": "Feature", "properties": { "max_height": 17.312252044677734, "mean_height": 6.2962327003479004, "std_height": 5.6188383102416992, "count_pixels": 43, "percent_cover": 0.053038619515745074, "percent_above_0.1m": 83.720930232558146, "low_level_<0.5": 6.9767441860465116, "mid_level_0.5-2": 11.627906976744185, "tall_2+": 65.116279069767444 }, "geometry": { "type": "Polygon", "coordinates": [ [ [ -3.49791148697919, 50.700087675174814 ], [ -3.498010703413926, 50.700122375591448 ], [ -3.498107626812622, 50.700085157147157 ], [ -3.49810533363333, 50.700013238362629 ], [ -3.49800611737104, 50.699978538034401 ], [ -3.497909194115598, 50.700015756402301 ], [ -3.49791148697919, 50.700087675174814 ] ] ] } },
{ "type": "Feature", "properties": { "max_height": 17.926750183105469, "mean_height": 8.1722164154052734, "std_height": 5.0003223419189453, "count_pixels": 43, "percent_cover": 0.053038619515745074, "percent_above_0.1m": 97.674418604651152, "low_level_<0.5": 4.6511627906976747, "mid_level_0.5-2": 9.3023255813953494, "tall_2+": 83.720930232558146 }, "geometry": { "type": "Polygon", "coordinates": [ [ [ -3.497715347116558, 50.700090192871265 ], [ -3.497814563408042, 50.700124893447502 ], [ -3.497911486979189, 50.700087675174814 ], [ -3.497909194115596, 50.700015756402301 ], [ -3.497809977996557, 50.699981055914471 ], [ -3.497713054568665, 50.700018274110761 ], [ -3.497715347116558, 50.700090192871265 ] ] ] } },
{ "type": "Feature", "properties": { "max_height": 15.558752059936523, "mean_height": 5.5339889526367188, "std_height": 4.9287219047546387, "count_pixels": 41, "percent_cover": 0.050571706980129021, "percent_above_0.1m": 92.682926829268297, "low_level_<0.5": 2.4390243902439024, "mid_level_0.5-2": 24.390243902439025, "tall_2+": 63.414634146341463 }, "geometry": { "type": "Polygon", "coordinates": [ [ [ -3.49751920722473, 50.700092710236504 ], [ -3.497618423372961, 50.700127410972328 ], [ -3.497715347116557, 50.700090192871265 ], [ -3.497713054568665, 50.700018274110761 ], [ -3.497613838592876, 50.699983573463335 ], [ -3.497516914992538, 50.700020791488001 ], [ -3.49751920722473, 50.700092710236504 ] ] ] } },
{ "type": "Feature", "properties": { "max_height": 11.710752487182617, "mean_height": 1.3643484115600586, "std_height": 2.4741883277893066, "count_pixels": 41, "percent_cover": 0.050571706980129021, "percent_above_0.1m": 48.780487804878049, "low_level_<0.5": 9.7560975609756095, "mid_level_0.5-2": 12.195121951219512, "tall_2+": 24.390243902439025 }, "geometry": { "type": "Polygon", "coordinates": [ [ [ -3.497323067303711, 50.700095227270516 ], [ -3.497422283308687, 50.70012992816595 ], [ -3.497519207224729, 50.700092710236504 ], [ -3.497516914992537, 50.700020791488001 ], [ -3.497417699160002, 50.699986090680973 ], [ -3.497320775387219, 50.700023308534043 ], [ -3.497323067303711, 50.700095227270516 ] ] ] } },
{ "type": "Feature", "properties": { "max_height": 19.720752716064453, "mean_height": 15.64569091796875, "std_height": 2.8555192947387695, "count_pixels": 41, "percent_cover": 0.050571706980129021, "percent_above_0.1m": 100.0, "low_level_<0.5": 0.0, "mid_level_0.5-2": 0.0, "tall_2+": 100.0 }, "geometry": { "type": "Polygon", "coordinates": [ [ [ -3.497126927353505, 50.700097743973316 ], [ -3.497226143215223, 50.700132445028359 ], [ -3.497323067303711, 50.700095227270516 ], [ -3.497320775387219, 50.700023308534043 ], [ -3.49722155969794, 50.699988607567413 ], [ -3.497124635752713, 50.700025825248858 ], [ -3.497126927353505, 50.700097743973316 ] ] ] } },
{ "type": "Feature", "properties": { "max_height": 19.887752532958984, "mean_height": 11.153301239013672, "std_height": 6.4357743263244629, "count_pixels": 41, "percent_cover": 0.050571706980129021, "percent_above_0.1m": 92.682926829268297, "low_level_<0.5": 2.4390243902439024, "mid_level_0.5-2": 4.8780487804878048, "tall_2+": 85.365853658536579 }, "geometry": { "type": "Polygon", "coordinates": [ [ [ -3.496930787374114, 50.700100260344897 ], [ -3.497030003092573, 50.700134961559542 ], [ -3.497126927353504, 50.700097743973316 ], [ -3.497124635752712, 50.700025825248858 ], [ -3.497025420206691, 50.699991124122626 ], [ -3.496928496089023, 50.700028341632446 ], [ -3.496930787374114, 50.700100260344897 ] ] ] } },
{ "type": "Feature", "properties": { "max_height": 0.87600135803222656, "mean_height": 0.037933651357889175, "std_height": 0.15633326768875122, "count_pixels": 41, "percent_cover": 0.050571706980129021, "percent_above_0.1m": 7.3170731707317067, "low_level_<0.5": 2.4390243902439024, "mid_level_0.5-2": 4.8780487804878048, "tall_2+": 0.0 }, "geometry": { "type": "Polygon", "coordinates": [ [ [ -3.496734647365543, 50.700102776385258 ], [ -3.496833862940741, 50.700137477759505 ], [ -3.496930787374113, 50.700100260344897 ], [ -3.496928496089023, 50.700028341632446 ], [ -3.49682928068626, 50.699993640346626 ], [ -3.496732356396154, 50.700030857684837 ], [ -3.496734647365543, 50.700102776385258 ] ] ] } },
{ "type": "Feature", "properties": { "max_height": 0.000751495361328125, "mean_height": -0.00086477329023182392, "std_height": 0.0019725887104868889, "count_pixels": 41, "percent_cover": 0.050571706980129021, "percent_above_0.1m": 0.0, "low_level_<0.5": 0.0, "mid_level_0.5-2": 0.0, "tall_2+": 0.0 }, "geometry": { "type": "Polygon", "coordinates": [ [ [ -3.496538507327797, 50.70010529209442 ], [ -3.496637722759731, 50.700139993628255 ], [ -3.496734647365543, 50.700102776385258 ], [ -3.496732356396153, 50.700030857684837 ], [ -3.496633141136652, 50.699996156239393 ], [ -3.496536216674108, 50.700033373406008 ], [ -3.496538507327797, 50.70010529209442 ] ] ] } },
{ "type": "Feature", "properties": { "max_height": 0.0052509307861328125, "mean_height": -0.000340391939971596, "std_height": 0.0017873155884444714, "count_pixels": 41, "percent_cover": 0.050571706980129021, "percent_above_0.1m": 0.0, "low_level_<0.5": 0.0, "mid_level_0.5-2": 0.0, "tall_2+": 0.0 }, "geometry": { "type": "Polygon", "coordinates": [ [ [ -3.496342367260878, 50.700107807472357 ], [ -3.496441582549547, 50.700142509165801 ], [ -3.496538507327796, 50.70010529209442 ], [ -3.496536216674108, 50.700033373406008 ], [ -3.496437001557871, 50.699998671800969 ], [ -3.496340076922891, 50.700035888795952 ], [ -3.496342367260878, 50.700107807472357 ] ] ] } },
{ "type": "Feature", "properties": { "max_height": 0.021001815795898438, "mean_height": 0.0011694708373397589, "std_height": 0.0055309999734163284, "count_pixels": 43, "percent_cover": 0.053038619515745074, "percent_above_0.1m": 0.0, "low_level_<0.5": 0.0, "mid_level_0.5-2": 0.0, "tall_2+": 0.0 }, "geometry": { "type": "Polygon", "coordinates": [ [ [ -3.496146227164792, 50.700110322519073 ], [ -3.496245442310193, 50.700145024372112 ], [ -3.496342367260878, 50.700107807472357 ], [ -3.49634007692289, 50.700035888795952 ], [ -3.496240861949919, 50.700001187031326 ], [ -3.496143937142506, 50.700038403854705 ], [ -3.496146227164792, 50.700110322519073 ] ] ] } },
{ "type": "Feature", "properties": { "max_height": 0.621002197265625, "mean_height": 0.02902957983314991, "std_height": 0.12193699181079865, "count_pixels": 43, "percent_cover": 0.053038619515745074, "percent_above_0.1m": 6.9767441860465116, "low_level_<0.5": 4.6511627906976747, "mid_level_0.5-2": 2.3255813953488373, "tall_2+": 0.0 }, "geometry": { "type": "Polygon", "coordinates": [ [ [ -3.49595008703954, 50.700112837234578 ], [ -3.496049302041672, 50.700147539247226 ], [ -3.496146227164791, 50.700110322519073 ], [ -3.496143937142505, 50.700038403854705 ], [ -3.496044722312802, 50.700003701930477 ], [ -3.495947797332956, 50.700040918582225 ], [ -3.49595008703954, 50.700112837234578 ] ] ] } },
{ "type": "Feature", "properties": { "max_height": 0.21450042724609375, "mean_height": 0.012349727563560009, "std_height": 0.041074119508266449, "count_pixels": 43, "percent_cover": 0.053038619515745074, "percent_above_0.1m": 6.9767441860465116, "low_level_<0.5": 2.3255813953488373, "mid_level_0.5-2": 0.0, "tall_2+": 0.0 }, "geometry": { "type": "Polygon", "coordinates": [ [ [ -3.495753946885129, 50.700115351618877 ], [ -3.495853161743989, 50.700150053791106 ], [ -3.495950087039539, 50.700112837234578 ], [ -3.495947797332955, 50.700040918582225 ], [ -3.495848582646522, 50.700006216498394 ], [ -3.495751657494246, 50.700043432978525 ], [ -3.495753946885129, 50.700115351618877 ] ] ] } },
{ "type": "Feature", "properties": { "max_height": 1.4069995880126953, "mean_height": 0.14333634078502655, "std_height": 0.34944379329681396, "count_pixels": 38, "percent_cover": 0.046871338176704948, "percent_above_0.1m": 18.421052631578945, "low_level_<0.5": 7.8947368421052628, "mid_level_0.5-2": 10.526315789473683, "tall_2+": 0.0 }, "geometry": { "type": "Polygon", "coordinates": [ [ [ -3.495557806701561, 50.700117865671942 ], [ -3.495657021417148, 50.70015256800378 ], [ -3.495753946885129, 50.700115351618877 ], [ -3.495751657494245, 50.700043432978525 ], [ -3.495652442951084, 50.700008730735121 ], [ -3.49555551762638, 50.700045947043627 ], [ -3.495557806701561, 50.700117865671942 ] ] ] } },
{ "type": "Feature", "properties": { "max_height": 3.8404998779296875, "mean_height": 0.70625096559524536, "std_height": 0.99975931644439697, "count_pixels": 43, "percent_cover": 0.053038619515745074, "percent_above_0.1m": 46.511627906976742, "low_level_<0.5": 9.3023255813953494, "mid_level_0.5-2": 18.604651162790699, "tall_2+": 16.279069767441861 }, "geometry": { "type": "Polygon", "coordinates": [ [ [ -3.495361666488841, 50.700120379393816 ], [ -3.495460881061151, 50.700155081885242 ], [ -3.49555780670156, 50.700117865671942 ], [ -3.495555517626379, 50.700045947043627 ], [ -3.49545630322649, 50.700011244640613 ], [ -3.495359377729361, 50.700048460777502 ], [ -3.495361666488841, 50.700120379393816 ] ] ] } },
{ "type": "Feature", "properties": { "max_height": 8.8650007247924805, "mean_height": 3.3601527214050293, "std_height": 2.832005500793457, "count_pixels": 41, "percent_cover": 0.050571706980129021, "percent_above_0.1m": 85.365853658536579, "low_level_<0.5": 2.4390243902439024, "mid_level_0.5-2": 26.829268292682929, "tall_2+": 56.09756097560976 }, "geometry": { "type": "Polygon", "coordinates": [ [ [ -3.500366678030154, 50.70016405440564 ], [ -3.500465896499443, 50.700198752835789 ], [ -3.500562817971815, 50.700161532255748 ], [ -3.500560520831668, 50.700089613321957 ], [ -3.50046130253485, 50.700054914980193 ], [ -3.500364381205707, 50.700092135483843 ], [ -3.500366678030154, 50.70016405440564 ] ] ] } },
{ "type": "Feature", "properties": { "max_height": 2.3582496643066406, "mean_height": 0.139692023396492, "std_height": 0.49085986614227295, "count_pixels": 43, "percent_cover": 0.053038619515745074, "percent_above_0.1m": 11.627906976744185, "low_level_<0.5": 4.6511627906976747, "mid_level_0.5-2": 2.3255813953488373, "tall_2+": 4.6511627906976747 }, "geometry": { "type": "Polygon", "coordinates": [ [ [ -3.500170538059243, 50.700166576224305 ], [ -3.500269756385306, 50.700201274814063 ], [ -3.500366678030153, 50.70016405440564 ], [ -3.500364381205706, 50.700092135483843 ], [ -3.500265163052112, 50.700057436982483 ], [ -3.500168241550497, 50.700094657314509 ], [ -3.500170538059243, 50.700166576224305 ] ] ] } },
{ "type": "Feature", "properties": { "max_height": 4.1780014038085938, "mean_height": 0.24855837225914001, "std_height": 0.77325797080993652, "count_pixels": 43, "percent_cover": 0.053038619515745074, "percent_above_0.1m": 16.279069767441861, "low_level_<0.5": 6.9767441860465116, "mid_level_0.5-2": 4.6511627906976747, "tall_2+": 4.6511627906976747 }, "geometry": { "type": "Polygon", "coordinates": [ [ [ -3.499974398059089, 50.700169097711743 ], [ -3.500073616241923, 50.700203796461125 ], [ -3.500170538059243, 50.700166576224305 ], [ -3.500168241550496, 50.700094657314509 ], [ -3.500069023540129, 50.70005995865354 ], [ -3.499972101866042, 50.700097178813962 ], [ -3.499974398059089, 50.700169097711743 ] ] ] } },
{ "type": "Feature", "properties": { "max_height": 9.0652503967285156, "mean_height": 3.3126711845397949, "std_height": 2.7647948265075684, "count_pixels": 38, "percent_cover": 0.046871338176704948, "percent_above_0.1m": 84.210526315789465, "low_level_<0.5": 7.8947368421052628, "mid_level_0.5-2": 13.157894736842104, "tall_2+": 63.157894736842103 }, "geometry": { "type": "Polygon", "coordinates": [ [ [ -3.499778258029694, 50.700171618867977 ], [ -3.499877476069297, 50.700206317776946 ], [ -3.499974398059088, 50.700169097711743 ], [ -3.499972101866041, 50.700097178813962 ], [ -3.499872883998904, 50.700062479993385 ], [ -3.499775962152347, 50.700099699982189 ], [ -3.499778258029694, 50.700171618867977 ] ] ] } },
{ "type": "Feature", "properties": { "max_height": 14.236751556396484, "mean_height": 7.1846923828125, "std_height": 3.9396729469299316, "count_pixels": 43, "percent_cover": 0.053038619515745074, "percent_above_0.1m": 95.348837209302332, "low_level_<0.5": 2.3255813953488373, "mid_level_0.5-2": 6.9767441860465116, "tall_2+": 86.04651162790698 }, "geometry": { "type": "Polygon", "coordinates": [ [ [ -3.499582117971062, 50.70017413969299 ], [ -3.499681335867433, 50.700208838761576 ], [ -3.499778258029693, 50.700171618867977 ], [ -3.499775962152347, 50.700099699982189 ], [ -3.49967674442844, 50.700065001001995 ], [ -3.499579822409417, 50.700102220819197 ], [ -3.499582117971062, 50.70017413969299 ] ] ] } },
{ "type": "Feature", "properties": { "max_height": 25.166500091552734, "mean_height": 6.884099006652832, "std_height": 6.2582311630249023, "count_pixels": 43, "percent_cover": 0.053038619515745074, "percent_above_0.1m": 95.348837209302332, "low_level_<0.5": 0.0, "mid_level_0.5-2": 23.255813953488371, "tall_2+": 72.093023255813947 }, "geometry": { "type": "Polygon", "coordinates": [ [ [ -3.499385977883198, 50.70017666018677 ], [ -3.499485195636334, 50.700211359414965 ], [ -3.499582117971062, 50.70017413969299 ], [ -3.499579822409416, 50.700102220819197 ], [ -3.499480604828743, 50.700067521679415 ], [ -3.499383682637254, 50.700104741324992 ], [ -3.499385977883198, 50.70017666018677 ] ] ] } },
{ "type": "Feature", "properties": { "max_height": 25.575000762939453, "mean_height": 12.519046783447266, "std_height": 6.6085920333862305, "count_pixels": 43, "percent_cover": 0.053038619515745074, "percent_above_0.1m": 100.0, "low_level_<0.5": 0.0, "mid_level_0.5-2": 0.0, "tall_2+": 100.0 }, "geometry": { "type": "Polygon", "coordinates": [ [ [ -3.499189837766106, 50.700179180349345 ], [ -3.499289055376003, 50.700213879737142 ], [ -3.499385977883198, 50.70017666018677 ], [ -3.499383682637253, 50.700104741324992 ], [ -3.499284465199815, 50.700070042025587 ], [ -3.499187542835862, 50.700107261499575 ], [ -3.499189837766106, 50.700179180349345 ] ] ] } },
{ "type": "Feature", "properties": { "max_height": 19.246501922607422, "mean_height": 13.746367454528809, "std_height": 3.7131164073944092, "count_pixels": 41, "percent_cover": 0.050571706980129021, "percent_above_0.1m": 100.0, "low_level_<0.5": 0.0, "mid_level_0.5-2": 0.0, "tall_2+": 100.0 }, "geometry": { "type": "Polygon", "coordinates": [ [ [ -3.498993697619787, 50.700181700180693 ], [ -3.499092915086447, 50.700216399728106 ], [ -3.499189837766105, 50.700179180349345 ], [ -3.499187542835861, 50.700107261499575 ], [ -3.499088325541659, 50.70007256204056 ], [ -3.498991403005244, 50.700109781342931 ], [ -3.498993697619787, 50.700181700180693 ] ] ] } },
{ "type": "Feature", "properties": { "max_height": 20.073251724243164, "mean_height": 13.660903930664062, "std_height": 4.6471519470214844, "count_pixels": 41, "percent_cover": 0.050571706980129021, "percent_above_0.1m": 100.0, "low_level_<0.5": 0.0, "mid_level_0.5-2": 2.4390243902439024, "tall_2+": 97.560975609756099 }, "geometry": { "type": "Polygon", "coordinates": [ [ [ -3.498797557444249, 50.700184219680835 ], [ -3.498896774767667, 50.700218919387837 ], [ -3.498993697619786, 50.700181700180693 ], [ -3.498991403005244, 50.700109781342931 ], [ -3.498892185854281, 50.700075081724314 ], [ -3.498795263145407, 50.700112300855075 ], [ -3.498797557444249, 50.700184219680835 ] ] ] } },
{ "type": "Feature", "properties": { "max_height": 17.939250946044922, "mean_height": 7.4081897735595703, "std_height": 5.0830473899841309, "count_pixels": 41, "percent_cover": 0.050571706980129021, "percent_above_0.1m": 100.0, "low_level_<0.5": 2.4390243902439024, "mid_level_0.5-2": 21.951219512195124, "tall_2+": 75.609756097560975 }, "geometry": { "type": "Polygon", "coordinates": [ [ [ -3.498601417239493, 50.700186738849737 ], [ -3.498700634419668, 50.700221438716362 ], [ -3.498797557444248, 50.700184219680835 ], [ -3.498795263145406, 50.700112300855075 ], [ -3.498696046137685, 50.700077601076842 ], [ -3.498599123256352, 50.700114820035992 ], [ -3.498601417239493, 50.700186738849737 ] ] ] } },
{ "type": "Feature", "properties": { "max_height": 19.607500076293945, "mean_height": 13.353768348693848, "std_height": 3.7622706890106201, "count_pixels": 41, "percent_cover": 0.050571706980129021, "percent_above_0.1m": 100.0, "low_level_<0.5": 0.0, "mid_level_0.5-2": 2.4390243902439024, "tall_2+": 97.560975609756099 }, "geometry": { "type": "Polygon", "coordinates": [ [ [ -3.498405277005524, 50.700189257687434 ], [ -3.498504494042454, 50.700223957713654 ], [ -3.498601417239492, 50.700186738849737 ], [ -3.498599123256351, 50.700114820035992 ], [ -3.498499906391873, 50.700080120098157 ], [ -3.498402983338085, 50.700117338885697 ], [ -3.498405277005524, 50.700189257687434 ] ] ] } },
{ "type": "Feature", "properties": { "max_height": 21.40875244140625, "mean_height": 10.60807991027832, "std_height": 5.5151877403259277, "count_pixels": 41, "percent_cover": 0.050571706980129021, "percent_above_0.1m": 100.0, "low_level_<0.5": 2.4390243902439024, "mid_level_0.5-2": 2.4390243902439024, "tall_2+": 95.121951219512198 }, "geometry": { "type": "Polygon", "coordinates": [ [ [ -3.498209136742345, 50.700191776193918 ], [ -3.498308353636028, 50.70022647637974 ], [ -3.498405277005523, 50.700189257687434 ], [ -3.498402983338084, 50.700117338885697 ], [ -3.498303766616851, 50.700082638788267 ], [ -3.498206843390608, 50.700119857404182 ], [ -3.498209136742345, 50.700191776193918 ] ] ] } },
{ "type": "Feature", "properties": { "max_height": 14.484750747680664, "mean_height": 8.8036956787109375, "std_height": 3.48276686668396, "count_pixels": 41, "percent_cover": 0.050571706980129021, "percent_above_0.1m": 100.0, "low_level_<0.5": 0.0, "mid_level_0.5-2": 4.8780487804878048, "tall_2+": 95.121951219512198 }, "geometry": { "type": "Polygon", "coordinates": [ [ [ -3.498012996449962, 50.700194294369176 ], [ -3.498112213200395, 50.7002289947146 ], [ -3.498209136742345, 50.700191776193918 ], [ -3.498206843390607, 50.700119857404182 ], [ -3.498107626812622, 50.700085157147157 ], [ -3.498010703413926, 50.700122375591448 ], [ -3.498012996449962, 50.700194294369176 ] ] ] } },
{ "type": "Feature", "properties": { "max_height": 18.413751602172852, "mean_height": 9.3298540115356445, "std_height": 5.3430743217468262, "count_pixels": 41, "percent_cover": 0.050571706980129021, "percent_above_0.1m": 92.682926829268297, "low_level_<0.5": 2.4390243902439024, "mid_level_0.5-2": 9.7560975609756095, "tall_2+": 80.487804878048792 }, "geometry": { "type": "Polygon", "coordinates": [ [ [ -3.497816856128376, 50.700196812213214 ], [ -3.497916072735559, 50.700231512718247 ], [ -3.498012996449961, 50.700194294369176 ], [ -3.498010703413925, 50.700122375591448 ], [ -3.497911486979189, 50.700087675174814 ], [ -3.497814563408042, 50.700124893447502 ], [ -3.497816856128376, 50.700196812213214 ] ] ] } },
{ "type": "Feature", "properties": { "max_height": 19.217750549316406, "mean_height": 7.4555439949035645, "std_height": 6.4386487007141113, "count_pixels": 41, "percent_cover": 0.050571706980129021, "percent_above_0.1m": 100.0, "low_level_<0.5": 4.8780487804878048, "mid_level_0.5-2": 34.146341463414636, "tall_2+": 60.975609756097562 }, "geometry": { "type": "Polygon", "coordinates": [ [ [ -3.497620715777594, 50.700199329726033 ], [ -3.497719932241523, 50.700234030390682 ], [ -3.497816856128376, 50.700196812213214 ], [ -3.497814563408041, 50.700124893447502 ], [ -3.497715347116557, 50.700090192871265 ], [ -3.497618423372961, 50.700127410972328 ], [ -3.497620715777594, 50.700199329726033 ] ] ] } },
{ "type": "Feature", "properties": { "max_height": 15.803252220153809, "mean_height": 5.3891701698303223, "std_height": 4.356593132019043, "count_pixels": 43, "percent_cover": 0.053038619515745074, "percent_above_0.1m": 97.674418604651152, "low_level_<0.5": 0.0, "mid_level_0.5-2": 25.581395348837212, "tall_2+": 72.093023255813947 }, "geometry": { "type": "Polygon", "coordinates": [ [ [ -3.497424575397617, 50.700201846907646 ], [ -3.497523791718292, 50.70023654773189 ], [ -3.497620715777593, 50.700199329726033 ], [ -3.49761842337296, 50.700127410972328 ], [ -3.497519207224729, 50.700092710236504 ], [ -3.497422283308687, 50.70012992816595 ], [ -3.497424575397617, 50.700201846907646 ] ] ] } },
{ "type": "Feature", "properties": { "max_height": 18.395999908447266, "mean_height": 10.369918823242188, "std_height": 5.4387083053588867, "count_pixels": 43, "percent_cover": 0.053038619515745074, "percent_above_0.1m": 100.0, "low_level_<0.5": 0.0, "mid_level_0.5-2": 9.3023255813953494, "tall_2+": 88.372093023255815 }, "geometry": { "type": "Polygon", "coordinates": [ [ [ -3.49722843498845, 50.700204363758026 ], [ -3.497327651165868, 50.700239064741872 ], [ -3.497424575397616, 50.700201846907646 ], [ -3.497422283308686, 50.70012992816595 ], [ -3.497323067303711, 50.700095227270516 ], [ -3.497226143215223, 50.700132445028359 ], [ -3.49722843498845, 50.700204363758026 ] ] ] } },
{ "type": "Feature", "properties": { "max_height": 21.056751251220703, "mean_height": 16.376060485839844, "std_height": 2.9602253437042236, "count_pixels": 38, "percent_cover": 0.046871338176704948, "percent_above_0.1m": 100.0, "low_level_<0.5": 0.0, "mid_level_0.5-2": 0.0, "tall_2+": 100.0 }, "geometry": { "type": "Polygon", "coordinates": [ [ [ -3.497032294550098, 50.700206880277207 ], [ -3.497131510584256, 50.700241581420642 ], [ -3.49722843498845, 50.700204363758026 ], [ -3.497226143215223, 50.700132445028359 ], [ -3.497126927353504, 50.700097743973316 ], [ -3.497030003092573, 50.700134961559542 ], [ -3.497032294550098, 50.700206880277207 ] ] ] } },
{ "type": "Feature", "properties": { "max_height": 15.2447509765625, "mean_height": 3.5971229076385498, "std_height": 4.7021083831787109, "count_pixels": 43, "percent_cover": 0.053038619515745074, "percent_above_0.1m": 60.465116279069761, "low_level_<0.5": 6.9767441860465116, "mid_level_0.5-2": 2.3255813953488373, "tall_2+": 51.162790697674424 }, "geometry": { "type": "Polygon", "coordinates": [ [ [ -3.496836154082563, 50.700209396465148 ], [ -3.49693536997346, 50.700244097768206 ], [ -3.497032294550097, 50.700206880277207 ], [ -3.497030003092573, 50.700134961559542 ], [ -3.496930787374113, 50.700100260344897 ], [ -3.496833862940741, 50.700137477759505 ], [ -3.496836154082563, 50.700209396465148 ] ] ] } },
{ "type": "Feature", "properties": { "max_height": 8.6362514495849609, "mean_height": 1.6818556785583496, "std_height": 2.7941069602966309, "count_pixels": 43, "percent_cover": 0.053038619515745074, "percent_above_0.1m": 39.534883720930232, "low_level_<0.5": 2.3255813953488373, "mid_level_0.5-2": 9.3023255813953494, "tall_2+": 25.581395348837212 }, "geometry": { "type": "Polygon", "coordinates": [ [ [ -3.49664001358585, 50.70021191232189 ], [ -3.496739229333484, 50.700246613784529 ], [ -3.496836154082562, 50.700209396465148 ], [ -3.49683386294074, 50.700137477759505 ], [ -3.496734647365543, 50.700102776385258 ], [ -3.496637722759731, 50.700139993628255 ], [ -3.49664001358585, 50.70021191232189 ] ] ] } },
{ "type": "Feature", "properties": { "max_height": 0.0097522735595703125, "mean_height": -0.000505092553794384, "std_height": 0.0029165486339479685, "count_pixels": 43, "percent_cover": 0.053038619515745074, "percent_above_0.1m": 0.0, "low_level_<0.5": 0.0, "mid_level_0.5-2": 0.0, "tall_2+": 0.0 }, "geometry": { "type": "Polygon", "coordinates": [ [ [ -3.496443873059964, 50.700214427847406 ], [ -3.496543088664331, 50.700249129469654 ], [ -3.49664001358585, 50.70021191232189 ], [ -3.49663772275973, 50.700139993628255 ], [ -3.496538507327796, 50.70010529209442 ], [ -3.496441582549547, 50.700142509165801 ], [ -3.496443873059964, 50.700214427847406 ] ] ] } },
{ "type": "Feature", "properties": { "max_height": 0.0055027008056640625, "mean_height": -0.00034653267357498407, "std_height": 0.0015332917682826519, "count_pixels": 41, "percent_cover": 0.050571706980129021, "percent_above_0.1m": 0.0, "low_level_<0.5": 0.0, "mid_level_0.5-2": 0.0, "tall_2+": 0.0 }, "geometry": { "type": "Polygon", "coordinates": [ [ [ -3.496247732504906, 50.700216943041717 ], [ -3.496346947966007, 50.70025164482356 ], [ -3.496443873059963, 50.700214427847406 ], [ -3.496441582549546, 50.700142509165801 ], [ -3.496342367260878, 50.700107807472357 ], [ -3.496245442310193, 50.700145024372112 ], [ -3.496247732504906, 50.700216943041717 ] ] ] } },
{ "type": "Feature", "properties": { "max_height": 0.064500808715820312, "mean_height": 0.0035860014613717794, "std_height": 0.015763027593493462, "count_pixels": 41, "percent_cover": 0.050571706980129021, "percent_above_0.1m": 0.0, "low_level_<0.5": 0.0, "mid_level_0.5-2": 0.0, "tall_2+": 0.0 }, "geometry": { "type": "Polygon", "coordinates": [ [ [ -3.496051591920682, 50.700219457904794 ], [ -3.496150807238513, 50.700254159846232 ], [ -3.496247732504906, 50.700216943041717 ], [ -3.496245442310193, 50.700145024372112 ], [ -3.496146227164791, 50.700110322519073 ], [ -3.496049302041672, 50.700147539247226 ], [ -3.496051591920682, 50.700219457904794 ] ] ] } },
{ "type": "Feature", "properties": { "max_height": 3.587249755859375, "mean_height": 0.19587321579456329, "std_height": 0.68572980165481567, "count_pixels": 41, "percent_cover": 0.050571706980129021, "percent_above_0.1m": 19.512195121951219, "low_level_<0.5": 9.7560975609756095, "mid_level_0.5-2": 2.4390243902439024, "tall_2+": 4.8780487804878048 }, "geometry": { "type": "Polygon", "coordinates": [ [ [ -3.495855451307295, 50.700221972436658 ], [ -3.495954666481855, 50.700256674537705 ], [ -3.496051591920681, 50.700219457904794 ], [ -3.496049302041671, 50.700147539247226 ], [ -3.495950087039539, 50.700112837234578 ], [ -3.495853161743989, 50.700150053791106 ], [ -3.495855451307295, 50.700221972436658 ] ] ] } },
{ "type": "Feature", "properties": { "max_height": 0.29950141906738281, "mean_height": 0.038616970181465149, "std_height": 0.080734893679618835, "count_pixels": 41, "percent_cover": 0.050571706980129021, "percent_above_0.1m": 17.073170731707318, "low_level_<0.5": 9.7560975609756095, "mid_level_0.5-2": 0.0, "tall_2+": 0.0 }, "geometry": { "type": "Polygon", "coordinates": [ [ [ -3.49565931066475, 50.70022448663731 ], [ -3.495758525696037, 50.700259188897959 ], [ -3.495855451307294, 50.700221972436658 ], [ -3.495853161743988, 50.700150053791106 ], [ -3.495753946885129, 50.700115351618877 ], [ -3.495657021417148, 50.70015256800378 ], [ -3.49565931066475, 50.70022448663731 ] ] ] } },
{ "type": "Feature", "properties": { "max_height": 2.2997493743896484, "mean_height": 0.13284856081008911, "std_height": 0.4561435878276825, "count_pixels": 41, "percent_cover": 0.050571706980129021, "percent_above_0.1m": 9.7560975609756095, "low_level_<0.5": 2.4390243902439024, "mid_level_0.5-2": 4.8780487804878048, "tall_2+": 2.4390243902439024 }, "geometry": { "type": "Polygon", "coordinates": [ [ [ -3.49546316999305, 50.70022700050675 ], [ -3.495562384881061, 50.700261702926987 ], [ -3.495659310664749, 50.70022448663731 ], [ -3.495657021417146, 50.70015256800378 ], [ -3.49555780670156, 50.700117865671942 ], [ -3.495460881061151, 50.700155081885242 ], [ -3.49546316999305, 50.70022700050675 ] ] ] } },
{ "type": "Feature", "properties": { "max_height": 8.4797515869140625, "mean_height": 2.7888669967651367, "std_height": 2.350334644317627, "count_pixels": 41, "percent_cover": 0.050571706980129021, "percent_above_0.1m": 85.365853658536579, "low_level_<0.5": 4.8780487804878048, "mid_level_0.5-2": 26.829268292682929, "tall_2+": 53.658536585365859 }, "geometry": { "type": "Polygon", "coordinates": [ [ [ -3.495267029292199, 50.700229514044977 ], [ -3.495366244036933, 50.700264216624817 ], [ -3.495463169993049, 50.70022700050675 ], [ -3.495460881061151, 50.700155081885242 ], [ -3.49536166648884, 50.700120379393816 ], [ -3.495264740676004, 50.700157595435492 ], [ -3.495267029292199, 50.700229514044977 ] ] ] } },
{ "type": "Feature", "properties": { "max_height": 8.8227500915527344, "mean_height": 2.3210873603820801, "std_height": 2.2245943546295166, "count_pixels": 43, "percent_cover": 0.053038619515745074, "percent_above_0.1m": 95.348837209302332, "low_level_<0.5": 9.3023255813953494, "mid_level_0.5-2": 48.837209302325576, "tall_2+": 34.883720930232556 }, "geometry": { "type": "Polygon", "coordinates": [ [ [ -3.500468193496358, 50.700270671762773 ], [ -3.500567412281345, 50.700305370121711 ], [ -3.500664333896945, 50.700268149465273 ], [ -3.50066203658433, 50.700196230526295 ], [ -3.500562817971816, 50.700161532255748 ], [ -3.500465896499444, 50.700198752835789 ], [ -3.500468193496358, 50.700270671762773 ] ] ] } },
{ "type": "Feature", "properties": { "max_height": 11.110252380371094, "mean_height": 3.5390982627868652, "std_height": 3.6905996799468994, "count_pixels": 41, "percent_cover": 0.050571706980129021, "percent_above_0.1m": 73.170731707317074, "low_level_<0.5": 7.3170731707317067, "mid_level_0.5-2": 12.195121951219512, "tall_2+": 53.658536585365859 }, "geometry": { "type": "Polygon", "coordinates": [ [ [ -3.500272053066519, 50.700273193729046 ], [ -3.500371271708279, 50.700307892247601 ], [ -3.500468193496357, 50.700270671762773 ], [ -3.500465896499443, 50.700198752835789 ], [ -3.500366678030154, 50.70016405440564 ], [ -3.500269756385307, 50.700201274814063 ], [ -3.500272053066519, 50.700273193729046 ] ] ] } },
{ "type": "Feature", "properties": { "max_height": 13.332000732421875, "mean_height": 4.4877815246582031, "std_height": 4.3353538513183594, "count_pixels": 41, "percent_cover": 0.050571706980129021, "percent_above_0.1m": 75.609756097560975, "low_level_<0.5": 2.4390243902439024, "mid_level_0.5-2": 14.634146341463413, "tall_2+": 56.09756097560976 }, "geometry": { "type": "Polygon", "coordinates": [ [ [ -3.500075912607433, 50.700275715364107 ], [ -3.500175131105966, 50.700310414042271 ], [ -3.500272053066518, 50.700273193729046 ], [ -3.500269756385306, 50.700201274814063 ], [ -3.500170538059243, 50.700166576224305 ], [ -3.500073616241924, 50.700203796461125 ], [ -3.500075912607433, 50.700275715364107 ] ] ] } },
{ "type": "Feature", "properties": { "max_height": 6.6607503890991211, "mean_height": 2.8593788146972656, "std_height": 2.0131986141204834, "count_pixels": 41, "percent_cover": 0.050571706980129021, "percent_above_0.1m": 87.804878048780495, "low_level_<0.5": 9.7560975609756095, "mid_level_0.5-2": 12.195121951219512, "tall_2+": 65.853658536585371 }, "geometry": { "type": "Polygon", "coordinates": [ [ [ -3.499879772119106, 50.700278236667941 ], [ -3.499978990474407, 50.700312935505714 ], [ -3.500075912607433, 50.700275715364107 ], [ -3.500073616241923, 50.700203796461125 ], [ -3.499974398059089, 50.700169097711743 ], [ -3.499877476069298, 50.700206317776946 ], [ -3.499879772119106, 50.700278236667941 ] ] ] } },
{ "type": "Feature", "properties": { "max_height": 8.6207504272460938, "mean_height": 3.3548238277435303, "std_height": 3.0822312831878662, "count_pixels": 41, "percent_cover": 0.050571706980129021, "percent_above_0.1m": 73.170731707317074, "low_level_<0.5": 9.7560975609756095, "mid_level_0.5-2": 2.4390243902439024, "tall_2+": 58.536585365853654 }, "geometry": { "type": "Polygon", "coordinates": [ [ [ -3.499683631601539, 50.700280757640556 ], [ -3.499782849813607, 50.700315456637938 ], [ -3.499879772119104, 50.700278236667941 ], [ -3.499877476069297, 50.700206317776946 ], [ -3.499778258029694, 50.700171618867977 ], [ -3.499681335867434, 50.700208838761576 ], [ -3.499683631601539, 50.700280757640556 ] ] ] } },
{ "type": "Feature", "properties": { "max_height": 12.254001617431641, "mean_height": 5.092562198638916, "std_height": 2.7996227741241455, "count_pixels": 41, "percent_cover": 0.050571706980129021, "percent_above_0.1m": 95.121951219512198, "low_level_<0.5": 0.0, "mid_level_0.5-2": 9.7560975609756095, "tall_2+": 85.365853658536579 }, "geometry": { "type": "Polygon", "coordinates": [ [ [ -3.499487491054738, 50.700283278281944 ], [ -3.499586709123571, 50.700317977438935 ], [ -3.499683631601537, 50.700280757640556 ], [ -3.499681335867433, 50.700208838761576 ], [ -3.499582117971062, 50.70017413969299 ], [ -3.499485195636335, 50.700211359414965 ], [ -3.499487491054738, 50.700283278281944 ] ] ] } },
{ "type": "Feature", "properties": { "max_height": 12.734251976013184, "mean_height": 4.5564088821411133, "std_height": 4.1237549781799316, "count_pixels": 41, "percent_cover": 0.050571706980129021, "percent_above_0.1m": 75.609756097560975, "low_level_<0.5": 2.4390243902439024, "mid_level_0.5-2": 14.634146341463413, "tall_2+": 58.536585365853654 }, "geometry": { "type": "Polygon", "coordinates": [ [ [ -3.499291350478705, 50.700285798592105 ], [ -3.499390568404301, 50.700320497908727 ], [ -3.499487491054737, 50.700283278281944 ], [ -3.499485195636334, 50.700211359414965 ], [ -3.499385977883198, 50.70017666018677 ], [ -3.499289055376004, 50.700213879737142 ], [ -3.499291350478705, 50.700285798592105 ] ] ] } },
{ "type": "Feature", "properties": { "max_height": 16.225502014160156, "mean_height": 8.1575679779052734, "std_height": 4.4006867408752441, "count_pixels": 41, "percent_cover": 0.050571706980129021, "percent_above_0.1m": 95.121951219512198, "low_level_<0.5": 0.0, "mid_level_0.5-2": 7.3170731707317067, "tall_2+": 87.804878048780495 }, "geometry": { "type": "Polygon", "coordinates": [ [ [ -3.499095209873445, 50.700288318571062 ], [ -3.499194427655803, 50.700323018047278 ], [ -3.499291350478704, 50.700285798592105 ], [ -3.499289055376003, 50.700213879737142 ], [ -3.499189837766106, 50.700179180349345 ], [ -3.499092915086448, 50.700216399728106 ], [ -3.499095209873445, 50.700288318571062 ] ] ] } },
{ "type": "Feature", "properties": { "max_height": 17.126003265380859, "mean_height": 10.341960906982422, "std_height": 4.2903437614440918, "count_pixels": 43, "percent_cover": 0.053038619515745074, "percent_above_0.1m": 97.674418604651152, "low_level_<0.5": 0.0, "mid_level_0.5-2": 2.3255813953488373, "tall_2+": 95.348837209302332 }, "geometry": { "type": "Polygon", "coordinates": [ [ [ -3.498899069238962, 50.700290838218798 ], [ -3.498998286878079, 50.70032553785461 ], [ -3.499095209873444, 50.700288318571062 ], [ -3.499092915086447, 50.700216399728106 ], [ -3.498993697619787, 50.700181700180693 ], [ -3.498896774767668, 50.700218919387837 ], [ -3.498899069238962, 50.700290838218798 ] ] ] } },
{ "type": "Feature", "properties": { "max_height": 17.780502319335938, "mean_height": 9.0735244750976562, "std_height": 4.0897746086120605, "count_pixels": 43, "percent_cover": 0.053038619515745074, "percent_above_0.1m": 95.348837209302332, "low_level_<0.5": 0.0, "mid_level_0.5-2": 2.3255813953488373, "tall_2+": 93.023255813953483 }, "geometry": { "type": "Polygon", "coordinates": [ [ [ -3.49870292857526, 50.700293357535315 ], [ -3.498802146071135, 50.700328057330736 ], [ -3.498899069238962, 50.700290838218798 ], [ -3.498896774767667, 50.700218919387837 ], [ -3.498797557444249, 50.700184219680835 ], [ -3.498700634419669, 50.700221438716362 ], [ -3.49870292857526, 50.700293357535315 ] ] ] } },
{ "type": "Feature", "properties": { "max_height": 14.341002464294434, "mean_height": 7.9150190353393555, "std_height": 4.7913722991943359, "count_pixels": 43, "percent_cover": 0.053038619515745074, "percent_above_0.1m": 88.372093023255815, "low_level_<0.5": 2.3255813953488373, "mid_level_0.5-2": 2.3255813953488373, "tall_2+": 81.395348837209298 }, "geometry": { "type": "Polygon", "coordinates": [ [ [ -3.498506787882342, 50.700295876520592 ], [ -3.498606005234973, 50.700330576475636 ], [ -3.498702928575259, 50.700293357535315 ], [ -3.498700634419668, 50.700221438716362 ], [ -3.498601417239493, 50.700186738849737 ], [ -3.498504494042455, 50.700223957713654 ], [ -3.498506787882342, 50.700295876520592 ] ] ] } },
{ "type": "Feature", "properties": { "max_height": 17.820001602172852, "mean_height": 10.745014190673828, "std_height": 4.8038887977600098, "count_pixels": 38, "percent_cover": 0.046871338176704948, "percent_above_0.1m": 97.368421052631575, "low_level_<0.5": 2.6315789473684208, "mid_level_0.5-2": 5.2631578947368416, "tall_2+": 89.473684210526315 }, "geometry": { "type": "Polygon", "coordinates": [ [ [ -3.498310647160214, 50.700298395174677 ], [ -3.498409864369597, 50.700333095289309 ], [ -3.498506787882342, 50.700295876520592 ], [ -3.498504494042454, 50.700223957713654 ], [ -3.498405277005524, 50.700189257687434 ], [ -3.498308353636029, 50.70022647637974 ], [ -3.498310647160214, 50.700298395174677 ] ] ] } },
{ "type": "Feature", "properties": { "max_height": 12.684501647949219, "mean_height": 7.7550539970397949, "std_height": 3.5779316425323486, "count_pixels": 43, "percent_cover": 0.053038619515745074, "percent_above_0.1m": 97.674418604651152, "low_level_<0.5": 4.6511627906976747, "mid_level_0.5-2": 4.6511627906976747, "tall_2+": 88.372093023255815 }, "geometry": { "type": "Polygon", "coordinates": [ [ [ -3.498114506408877, 50.700300913497529 ], [ -3.498213723475011, 50.700335613771763 ], [ -3.498310647160213, 50.700298395174677 ], [ -3.498308353636028, 50.70022647637974 ], [ -3.498209136742345, 50.700191776193918 ], [ -3.498112213200396, 50.7002289947146 ], [ -3.498114506408877, 50.700300913497529 ] ] ] } },
{ "type": "Feature", "properties": { "max_height": 15.575251579284668, "mean_height": 9.7111406326293945, "std_height": 2.6681511402130127, "count_pixels": 43, "percent_cover": 0.053038619515745074, "percent_above_0.1m": 100.0, "low_level_<0.5": 0.0, "mid_level_0.5-2": 0.0, "tall_2+": 100.0 }, "geometry": { "type": "Polygon", "coordinates": [ [ [ -3.497918365628338, 50.700303431489161 ], [ -3.49801758255122, 50.700338131923004 ], [ -3.498114506408877, 50.700300913497529 ], [ -3.498112213200395, 50.7002289947146 ], [ -3.498012996449962, 50.700194294369176 ], [ -3.49791607273556, 50.700231512718247 ], [ -3.497918365628338, 50.700303431489161 ] ] ] } },
{ "type": "Feature", "properties": { "max_height": 17.885002136230469, "mean_height": 10.474943161010742, "std_height": 3.8414349555969238, "count_pixels": 43, "percent_cover": 0.053038619515745074, "percent_above_0.1m": 100.0, "low_level_<0.5": 0.0, "mid_level_0.5-2": 4.6511627906976747, "tall_2+": 95.348837209302332 }, "geometry": { "type": "Polygon", "coordinates": [ [ [ -3.497722224818597, 50.70030594914958 ], [ -3.497821441598227, 50.700340649743026 ], [ -3.497918365628336, 50.700303431489161 ], [ -3.497916072735559, 50.700231512718247 ], [ -3.497816856128376, 50.700196812213214 ], [ -3.497719932241524, 50.700234030390682 ], [ -3.497722224818597, 50.70030594914958 ] ] ] } },
{ "type": "Feature", "properties": { "max_height": 19.149251937866211, "mean_height": 12.417202949523926, "std_height": 3.5683600902557373, "count_pixels": 41, "percent_cover": 0.050571706980129021, "percent_above_0.1m": 100.0, "low_level_<0.5": 0.0, "mid_level_0.5-2": 0.0, "tall_2+": 100.0 }, "geometry": { "type": "Polygon", "coordinates": [ [ [ -3.497526083979661, 50.700308466478774 ], [ -3.497625300616036, 50.700343167231829 ], [ -3.497722224818596, 50.70030594914958 ], [ -3.497719932241523, 50.700234030390682 ], [ -3.497620715777594, 50.700199329726033 ], [ -3.497523791718292, 50.70023654773189 ], [ -3.497526083979661, 50.700308466478774 ] ] ] } },
{ "type": "Feature", "properties": { "max_height": 20.340499877929688, "mean_height": 10.844677925109863, "std_height": 5.1191835403442383, "count_pixels": 41, "percent_cover": 0.050571706980129021, "percent_above_0.1m": 97.560975609756099, "low_level_<0.5": 0.0, "mid_level_0.5-2": 0.0, "tall_2+": 97.560975609756099 }, "geometry": { "type": "Polygon", "coordinates": [ [ [ -3.497329943111533, 50.70031098347674 ], [ -3.497429159604651, 50.700345684389397 ], [ -3.497526083979661, 50.700308466478774 ], [ -3.497523791718292, 50.70023654773189 ], [ -3.497424575397617, 50.700201846907646 ], [ -3.497327651165868, 50.700239064741872 ], [ -3.497329943111533, 50.70031098347674 ] ] ] } },
{ "type": "Feature", "properties": { "max_height": 16.333002090454102, "mean_height": 3.493445873260498, "std_height": 4.4082784652709961, "count_pixels": 41, "percent_cover": 0.050571706980129021, "percent_above_0.1m": 65.853658536585371, "low_level_<0.5": 4.8780487804878048, "mid_level_0.5-2": 12.195121951219512, "tall_2+": 46.341463414634148 }, "geometry": { "type": "Polygon", "coordinates": [ [ [ -3.497133802214217, 50.700313500143508 ], [ -3.497233018564076, 50.70034820121576 ], [ -3.497329943111532, 50.70031098347674 ], [ -3.497327651165868, 50.700239064741872 ], [ -3.49722843498845, 50.700204363758026 ], [ -3.497131510584257, 50.700241581420642 ], [ -3.497133802214217, 50.700313500143508 ] ] ] } },
{ "type": "Feature", "properties": { "max_height": 7.5977497100830078, "mean_height": 0.40725067257881165, "std_height": 1.3066257238388062, "count_pixels": 41, "percent_cover": 0.050571706980129021, "percent_above_0.1m": 14.634146341463413, "low_level_<0.5": 0.0, "mid_level_0.5-2": 4.8780487804878048, "tall_2+": 9.7560975609756095 }, "geometry": { "type": "Polygon", "coordinates": [ [ [ -3.496937661287717, 50.70031601647905 ], [ -3.497036877494315, 50.700350717710911 ], [ -3.497133802214216, 50.700313500143508 ], [ -3.497131510584256, 50.700241581420642 ], [ -3.497032294550098, 50.700206880277207 ], [ -3.496935369973461, 50.700244097768206 ], [ -3.496937661287717, 50.70031601647905 ] ] ] } },
{ "type": "Feature", "properties": { "max_height": 14.090251922607422, "mean_height": 9.471653938293457, "std_height": 3.6635167598724365, "count_pixels": 41, "percent_cover": 0.050571706980129021, "percent_above_0.1m": 100.0, "low_level_<0.5": 0.0, "mid_level_0.5-2": 9.7560975609756095, "tall_2+": 90.243902439024396 }, "geometry": { "type": "Polygon", "coordinates": [ [ [ -3.496741520332036, 50.700318532483372 ], [ -3.49684073639537, 50.700353233874822 ], [ -3.496937661287716, 50.70031601647905 ], [ -3.49693536997346, 50.700244097768206 ], [ -3.496836154082563, 50.700209396465148 ], [ -3.496739229333485, 50.700246613784529 ], [ -3.496741520332036, 50.700318532483372 ] ] ] } },
{ "type": "Feature", "properties": { "max_height": 14.93950080871582, "mean_height": 6.6224455833435059, "std_height": 4.7431640625, "count_pixels": 41, "percent_cover": 0.050571706980129021, "percent_above_0.1m": 87.804878048780495, "low_level_<0.5": 4.8780487804878048, "mid_level_0.5-2": 9.7560975609756095, "tall_2+": 73.170731707317074 }, "geometry": { "type": "Polygon", "coordinates": [ [ [ -3.496545379347179, 50.700321048156475 ], [ -3.496644595267248, 50.700355749707526 ], [ -3.496741520332035, 50.700318532483372 ], [ -3.496739229333484, 50.700246613784529 ], [ -3.49664001358585, 50.70021191232189 ], [ -3.496543088664332, 50.700249129469654 ], [ -3.496545379347179, 50.700321048156475 ] ] ] } },
{ "type": "Feature", "properties": { "max_height": 0.0085010528564453125, "mean_height": -0.00079778343206271529, "std_height": 0.0031115077435970306, "count_pixels": 41, "percent_cover": 0.050571706980129021, "percent_above_0.1m": 0.0, "low_level_<0.5": 0.0, "mid_level_0.5-2": 0.0, "tall_2+": 0.0 }, "geometry": { "type": "Polygon", "coordinates": [ [ [ -3.49634923833315, 50.700323563498351 ], [ -3.496448454109951, 50.700358265209019 ], [ -3.496545379347178, 50.700321048156475 ], [ -3.496543088664331, 50.700249129469654 ], [ -3.496443873059964, 50.700214427847406 ], [ -3.496346947966007, 50.70025164482356 ], [ -3.49634923833315, 50.700323563498351 ] ] ] } },
{ "type": "Feature", "properties": { "max_height": 0.021501541137695312, "mean_height": 0.00048943451838567853, "std_height": 0.0060807173140347004, "count_pixels": 43, "percent_cover": 0.053038619515745074, "percent_above_0.1m": 0.0, "low_level_<0.5": 0.0, "mid_level_0.5-2": 0.0, "tall_2+": 0.0 }, "geometry": { "type": "Polygon", "coordinates": [ [ [ -3.49615309728995, 50.700326078509029 ], [ -3.496252312923484, 50.700360780379278 ], [ -3.496349238333149, 50.700323563498351 ], [ -3.496346947966007, 50.70025164482356 ], [ -3.496247732504906, 50.700216943041717 ], [ -3.496150807238514, 50.700254159846232 ], [ -3.49615309728995, 50.700326078509029 ] ] ] } },
{ "type": "Feature", "properties": { "max_height": 5.7415008544921875, "mean_height": 0.23554128408432007, "std_height": 1.0137733221054077, "count_pixels": 43, "percent_cover": 0.053038619515745074, "percent_above_0.1m": 6.9767441860465116, "low_level_<0.5": 0.0, "mid_level_0.5-2": 2.3255813953488373, "tall_2+": 4.6511627906976747 }, "geometry": { "type": "Polygon", "coordinates": [ [ [ -3.495956956217587, 50.700328593188459 ], [ -3.49605617170785, 50.700363295218331 ], [ -3.496153097289949, 50.700326078509029 ], [ -3.496150807238513, 50.700254159846232 ], [ -3.496051591920682, 50.700219457904794 ], [ -3.495954666481856, 50.700256674537705 ], [ -3.495956956217587, 50.700328593188459 ] ] ] } },
{ "type": "Feature", "properties": { "max_height": 2.8615016937255859, "mean_height": 0.55184388160705566, "std_height": 0.93009364604949951, "count_pixels": 43, "percent_cover": 0.053038619515745074, "percent_above_0.1m": 30.232558139534881, "low_level_<0.5": 2.3255813953488373, "mid_level_0.5-2": 16.279069767441861, "tall_2+": 11.627906976744185 }, "geometry": { "type": "Polygon", "coordinates": [ [ [ -3.495760815116063, 50.700331107536691 ], [ -3.495860030463052, 50.700365809726158 ], [ -3.495956956217586, 50.700328593188459 ], [ -3.495954666481855, 50.700256674537705 ], [ -3.495855451307295, 50.700221972436658 ], [ -3.495758525696038, 50.700259188897959 ], [ -3.495760815116063, 50.700331107536691 ] ] ] } },
{ "type": "Feature", "properties": { "max_height": 0.024250030517578125, "mean_height": 0.0029745101928710938, "std_height": 0.0095410691574215889, "count_pixels": 38, "percent_cover": 0.046871338176704948, "percent_above_0.1m": 0.0, "low_level_<0.5": 0.0, "mid_level_0.5-2": 0.0, "tall_2+": 0.0 }, "geometry": { "type": "Polygon", "coordinates": [ [ [ -3.495564673985382, 50.70033362155371 ], [ -3.495663889189095, 50.700368323902772 ], [ -3.495760815116062, 50.700331107536691 ], [ -3.495758525696037, 50.700259188897959 ], [ -3.49565931066475, 50.70022448663731 ], [ -3.495562384881061, 50.700261702926987 ], [ -3.495564673985382, 50.70033362155371 ] ] ] } },
{ "type": "Feature", "properties": { "max_height": 0.023500442504882812, "mean_height": -0.00024915297399275005, "std_height": 0.0088239489123225212, "count_pixels": 43, "percent_cover": 0.053038619515745074, "percent_above_0.1m": 0.0, "low_level_<0.5": 0.0, "mid_level_0.5-2": 0.0, "tall_2+": 0.0 }, "geometry": { "type": "Polygon", "coordinates": [ [ [ -3.495368532825547, 50.70033613523951 ], [ -3.495467747885983, 50.70037083774816 ], [ -3.495564673985381, 50.70033362155371 ], [ -3.495562384881061, 50.700261702926987 ], [ -3.49546316999305, 50.70022700050675 ], [ -3.495366244036934, 50.700264216624817 ], [ -3.495368532825547, 50.70033613523951 ] ] ] } },
{ "type": "Feature", "properties": { "max_height": 4.7967510223388672, "mean_height": 1.0652451515197754, "std_height": 1.5826326608657837, "count_pixels": 43, "percent_cover": 0.053038619515745074, "percent_above_0.1m": 37.209302325581397, "low_level_<0.5": 0.0, "mid_level_0.5-2": 11.627906976744185, "tall_2+": 25.581395348837212 }, "geometry": { "type": "Polygon", "coordinates": [ [ [ -3.495172391636564, 50.700338648594084 ], [ -3.49527160655372, 50.700373351262336 ], [ -3.495368532825546, 50.70033613523951 ], [ -3.495366244036933, 50.700264216624817 ], [ -3.495267029292199, 50.700229514044977 ], [ -3.495170103163656, 50.700266729991419 ], [ -3.495172391636564, 50.700338648594084 ] ] ] } },
{ "type": "Feature", "properties": { "max_height": 8.2087516784667969, "mean_height": 4.0928301811218262, "std_height": 2.7566385269165039, "count_pixels": 41, "percent_cover": 0.050571706980129021, "percent_above_0.1m": 95.121951219512198, "low_level_<0.5": 4.8780487804878048, "mid_level_0.5-2": 21.951219512195124, "tall_2+": 65.853658536585371 }, "geometry": { "type": "Polygon", "coordinates": [ [ [ -3.494976250418435, 50.700341161617438 ], [ -3.49507546519231, 50.700375864445277 ], [ -3.495172391636563, 50.700338648594084 ], [ -3.495170103163655, 50.700266729991419 ], [ -3.4950708885622, 50.700232027251978 ], [ -3.494973962261233, 50.700269243026796 ], [ -3.494976250418435, 50.700341161617438 ] ] ] } },
{ "type": "Feature", "properties": { "max_height": 9.9370002746582031, "mean_height": 3.7828786373138428, "std_height": 2.6853950023651123, "count_pixels": 41, "percent_cover": 0.050571706980129021, "percent_above_0.1m": 95.121951219512198, "low_level_<0.5": 2.4390243902439024, "mid_level_0.5-2": 29.268292682926827, "tall_2+": 63.414634146341463 }, "geometry": { "type": "Polygon", "coordinates": [ [ [ -3.500569709450728, 50.700377289053918 ], [ -3.500668928551415, 50.70041198734166 ], [ -3.500765850310244, 50.700374766608817 ], [ -3.500763552825158, 50.700302847664609 ], [ -3.500664333896945, 50.700268149465273 ], [ -3.500567412281345, 50.700305370121711 ], [ -3.500569709450728, 50.700377289053918 ] ] ] } },
{ "type": "Feature", "properties": { "max_height": 9.9132518768310547, "mean_height": 5.5973358154296875, "std_height": 2.9610135555267334, "count_pixels": 41, "percent_cover": 0.050571706980129021, "percent_above_0.1m": 90.243902439024396, "low_level_<0.5": 0.0, "mid_level_0.5-2": 4.8780487804878048, "tall_2+": 82.926829268292678 }, "geometry": { "type": "Polygon", "coordinates": [ [ [ -3.500373568561959, 50.700379811167814 ], [ -3.500472787519419, 50.70041450961515 ], [ -3.500569709450728, 50.700377289053918 ], [ -3.500567412281344, 50.700305370121711 ], [ -3.500468193496357, 50.700270671762773 ], [ -3.500371271708279, 50.700307892247601 ], [ -3.500373568561959, 50.700379811167814 ] ] ] } },
{ "type": "Feature", "properties": { "max_height": 13.246252059936523, "mean_height": 5.5912156105041504, "std_height": 4.4802083969116211, "count_pixels": 43, "percent_cover": 0.053038619515745074, "percent_above_0.1m": 88.372093023255815, "low_level_<0.5": 6.9767441860465116, "mid_level_0.5-2": 11.627906976744185, "tall_2+": 69.767441860465112 }, "geometry": { "type": "Polygon", "coordinates": [ [ [ -3.500177427643941, 50.700382332950468 ], [ -3.500276646458173, 50.700417031557429 ], [ -3.500373568561959, 50.700379811167814 ], [ -3.500371271708278, 50.700307892247601 ], [ -3.500272053066518, 50.700273193729046 ], [ -3.500175131105966, 50.700310414042271 ], [ -3.500177427643941, 50.700382332950468 ] ] ] } },
{ "type": "Feature", "properties": { "max_height": 6.433502197265625, "mean_height": 1.7706866264343262, "std_height": 2.0755877494812012, "count_pixels": 43, "percent_cover": 0.053038619515745074, "percent_above_0.1m": 62.790697674418603, "low_level_<0.5": 9.3023255813953494, "mid_level_0.5-2": 16.279069767441861, "tall_2+": 37.209302325581397 }, "geometry": { "type": "Polygon", "coordinates": [ [ [ -3.499981286696678, 50.700384854401904 ], [ -3.50008050536768, 50.70041955316848 ], [ -3.50017742764394, 50.700382332950468 ], [ -3.500175131105965, 50.700310414042271 ], [ -3.500075912607433, 50.700275715364107 ], [ -3.499978990474407, 50.700312935505714 ], [ -3.499981286696678, 50.700384854401904 ] ] ] } },
{ "type": "Feature", "properties": { "max_height": 9.0102510452270508, "mean_height": 4.0880932807922363, "std_height": 2.8249244689941406, "count_pixels": 38, "percent_cover": 0.046871338176704948, "percent_above_0.1m": 89.473684210526315, "low_level_<0.5": 7.8947368421052628, "mid_level_0.5-2": 10.526315789473683, "tall_2+": 71.05263157894737 }, "geometry": { "type": "Polygon", "coordinates": [ [ [ -3.499785145720174, 50.700387375522126 ], [ -3.499884364247943, 50.700422074448312 ], [ -3.499981286696677, 50.700384854401904 ], [ -3.499978990474407, 50.700312935505714 ], [ -3.499879772119104, 50.700278236667941 ], [ -3.499782849813607, 50.700315456637938 ], [ -3.499785145720174, 50.700387375522126 ] ] ] } },
{ "type": "Feature", "properties": { "max_height": 7.8852500915527344, "mean_height": 1.6472737789154053, "std_height": 2.6750075817108154, "count_pixels": 43, "percent_cover": 0.053038619515745074, "percent_above_0.1m": 34.883720930232556, "low_level_<0.5": 0.0, "mid_level_0.5-2": 6.9767441860465116, "tall_2+": 27.906976744186046 }, "geometry": { "type": "Polygon", "coordinates": [ [ [ -3.499589004714434, 50.700389896311123 ], [ -3.499688223098968, 50.700424595396925 ], [ -3.499785145720174, 50.700387375522126 ], [ -3.499782849813606, 50.700315456637938 ], [ -3.499683631601537, 50.700280757640556 ], [ -3.499586709123571, 50.700317977438935 ], [ -3.499589004714434, 50.700389896311123 ] ] ] } },
{ "type": "Feature", "properties": { "max_height": 2.2240009307861328, "mean_height": 0.064872652292251587, "std_height": 0.34403803944587708, "count_pixels": 43, "percent_cover": 0.053038619515745074, "percent_above_0.1m": 4.6511627906976747, "low_level_<0.5": 0.0, "mid_level_0.5-2": 2.3255813953488373, "tall_2+": 2.3255813953488373 }, "geometry": { "type": "Polygon", "coordinates": [ [ [ -3.49939286367946, 50.700392416768899 ], [ -3.499492081920758, 50.700427116014303 ], [ -3.499589004714433, 50.700389896311123 ], [ -3.49958670912357, 50.700317977438935 ], [ -3.499487491054737, 50.700283278281944 ], [ -3.499390568404301, 50.700320497908727 ], [ -3.49939286367946, 50.700392416768899 ] ] ] } },
{ "type": "Feature", "properties": { "max_height": 0.48325061798095703, "mean_height": 0.015285491943359375, "std_height": 0.073605261743068695, "count_pixels": 43, "percent_cover": 0.053038619515745074, "percent_above_0.1m": 2.3255813953488373, "low_level_<0.5": 2.3255813953488373, "mid_level_0.5-2": 0.0, "tall_2+": 0.0 }, "geometry": { "type": "Polygon", "coordinates": [ [ [ -3.499196722615257, 50.700394936895449 ], [ -3.499295940713316, 50.70042963630047 ], [ -3.499392863679459, 50.700392416768899 ], [ -3.499390568404301, 50.700320497908727 ], [ -3.499291350478704, 50.700285798592105 ], [ -3.499194427655803, 50.700323018047278 ], [ -3.499196722615257, 50.700394936895449 ] ] ] } },
{ "type": "Feature", "properties": { "max_height": 8.4950008392333984, "mean_height": 0.77210438251495361, "std_height": 2.0455155372619629, "count_pixels": 41, "percent_cover": 0.050571706980129021, "percent_above_0.1m": 19.512195121951219, "low_level_<0.5": 0.0, "mid_level_0.5-2": 4.8780487804878048, "tall_2+": 12.195121951219512 }, "geometry": { "type": "Polygon", "coordinates": [ [ [ -3.499000581521828, 50.700397456690787 ], [ -3.499099799476647, 50.700432156255403 ], [ -3.499196722615256, 50.700394936895449 ], [ -3.499194427655802, 50.700323018047278 ], [ -3.499095209873444, 50.700288318571062 ], [ -3.498998286878079, 50.70032553785461 ], [ -3.499000581521828, 50.700397456690787 ] ] ] } },
{ "type": "Feature", "properties": { "max_height": 0.16750049591064453, "mean_height": 0.00393339479342103, "std_height": 0.025883601978421211, "count_pixels": 41, "percent_cover": 0.050571706980129021, "percent_above_0.1m": 2.4390243902439024, "low_level_<0.5": 2.4390243902439024, "mid_level_0.5-2": 0.0, "tall_2+": 0.0 }, "geometry": { "type": "Polygon", "coordinates": [ [ [ -3.498804440399179, 50.700399976154905 ], [ -3.498903658210755, 50.700434675879123 ], [ -3.499000581521828, 50.700397456690787 ], [ -3.498998286878078, 50.70032553785461 ], [ -3.498899069238962, 50.700290838218798 ], [ -3.498802146071135, 50.700328057330736 ], [ -3.498804440399179, 50.700399976154905 ] ] ] } },
{ "type": "Feature", "properties": { "max_height": 6.1742515563964844, "mean_height": 0.2689458429813385, "std_height": 1.0540230274200439, "count_pixels": 41, "percent_cover": 0.050571706980129021, "percent_above_0.1m": 9.7560975609756095, "low_level_<0.5": 0.0, "mid_level_0.5-2": 4.8780487804878048, "tall_2+": 4.8780487804878048 }, "geometry": { "type": "Polygon", "coordinates": [ [ [ -3.498608299247311, 50.700402495287797 ], [ -3.498707516915642, 50.700437195171624 ], [ -3.498804440399178, 50.700399976154905 ], [ -3.498802146071134, 50.700328057330736 ], [ -3.498702928575259, 50.700293357535315 ], [ -3.498606005234973, 50.700330576475636 ], [ -3.498608299247311, 50.700402495287797 ] ] ] } },
{ "type": "Feature", "properties": { "max_height": 0.25600051879882812, "mean_height": 0.0060616238042712212, "std_height": 0.039532218128442764, "count_pixels": 41, "percent_cover": 0.050571706980129021, "percent_above_0.1m": 2.4390243902439024, "low_level_<0.5": 2.4390243902439024, "mid_level_0.5-2": 0.0, "tall_2+": 0.0 }, "geometry": { "type": "Polygon", "coordinates": [ [ [ -3.49841215806623, 50.700405014089448 ], [ -3.498511375591315, 50.700439714132898 ], [ -3.498608299247311, 50.700402495287797 ], [ -3.498606005234972, 50.700330576475636 ], [ -3.498506787882342, 50.700295876520592 ], [ -3.498409864369597, 50.700333095289309 ], [ -3.49841215806623, 50.700405014089448 ] ] ] } },
{ "type": "Feature", "properties": { "max_height": 2.4665012359619141, "mean_height": 0.18033604323863983, "std_height": 0.59976279735565186, "count_pixels": 41, "percent_cover": 0.050571706980129021, "percent_above_0.1m": 9.7560975609756095, "low_level_<0.5": 2.4390243902439024, "mid_level_0.5-2": 0.0, "tall_2+": 7.3170731707317067 }, "geometry": { "type": "Polygon", "coordinates": [ [ [ -3.498216016855939, 50.7004075325599 ], [ -3.498315234237775, 50.700442232762946 ], [ -3.49841215806623, 50.700405014089448 ], [ -3.498409864369596, 50.700333095289309 ], [ -3.498310647160213, 50.700298395174677 ], [ -3.498213723475011, 50.700335613771763 ], [ -3.498216016855939, 50.7004075325599 ] ] ] } },
{ "type": "Feature", "properties": { "max_height": 8.0712509155273438, "mean_height": 1.1807445287704468, "std_height": 2.3243470191955566, "count_pixels": 41, "percent_cover": 0.050571706980129021, "percent_above_0.1m": 24.390243902439025, "low_level_<0.5": 0.0, "mid_level_0.5-2": 2.4390243902439024, "tall_2+": 21.951219512195124 }, "geometry": { "type": "Polygon", "coordinates": [ [ [ -3.498019875616443, 50.700410050699134 ], [ -3.498119092855027, 50.700444751061788 ], [ -3.498216016855939, 50.7004075325599 ], [ -3.49821372347501, 50.700335613771763 ], [ -3.498114506408877, 50.700300913497529 ], [ -3.49801758255122, 50.700338131923004 ], [ -3.498019875616443, 50.700410050699134 ] ] ] } },
{ "type": "Feature", "properties": { "max_height": 12.445752143859863, "mean_height": 3.2608482837677002, "std_height": 4.1132607460021973, "count_pixels": 41, "percent_cover": 0.050571706980129021, "percent_above_0.1m": 53.658536585365859, "low_level_<0.5": 4.8780487804878048, "mid_level_0.5-2": 9.7560975609756095, "tall_2+": 39.024390243902438 }, "geometry": { "type": "Polygon", "coordinates": [ [ [ -3.497823734347744, 50.70041256850714 ], [ -3.497922951443076, 50.700447269029397 ], [ -3.498019875616442, 50.700410050699134 ], [ -3.49801758255122, 50.700338131923004 ], [ -3.497918365628336, 50.700303431489161 ], [ -3.497821441598227, 50.700340649743026 ], [ -3.497823734347744, 50.70041256850714 ] ] ] } },
{ "type": "Feature", "properties": { "max_height": 13.196002006530762, "mean_height": 3.6155798435211182, "std_height": 4.166283130645752, "count_pixels": 41, "percent_cover": 0.050571706980129021, "percent_above_0.1m": 53.658536585365859, "low_level_<0.5": 0.0, "mid_level_0.5-2": 2.4390243902439024, "tall_2+": 51.219512195121951 }, "geometry": { "type": "Polygon", "coordinates": [ [ [ -3.497627593049847, 50.700415085983927 ], [ -3.497726810001924, 50.700449786665786 ], [ -3.497823734347743, 50.70041256850714 ], [ -3.497821441598226, 50.700340649743026 ], [ -3.497722224818596, 50.70030594914958 ], [ -3.497625300616036, 50.700343167231829 ], [ -3.497627593049847, 50.700415085983927 ] ] ] } },
{ "type": "Feature", "properties": { "max_height": 10.342751502990723, "mean_height": 4.5002913475036621, "std_height": 3.2518274784088135, "count_pixels": 43, "percent_cover": 0.053038619515745074, "percent_above_0.1m": 83.720930232558146, "low_level_<0.5": 2.3255813953488373, "mid_level_0.5-2": 9.3023255813953494, "tall_2+": 72.093023255813947 }, "geometry": { "type": "Polygon", "coordinates": [ [ [ -3.497431451722756, 50.700417603129488 ], [ -3.497530668531577, 50.700452303970962 ], [ -3.497627593049846, 50.700415085983927 ], [ -3.497625300616035, 50.700343167231829 ], [ -3.497526083979661, 50.700308466478774 ], [ -3.497429159604651, 50.700345684389397 ], [ -3.497431451722756, 50.700417603129488 ] ] ] } },
{ "type": "Feature", "properties": { "max_height": 13.690001487731934, "mean_height": 6.9072909355163574, "std_height": 3.6924114227294922, "count_pixels": 43, "percent_cover": 0.053038619515745074, "percent_above_0.1m": 95.348837209302332, "low_level_<0.5": 0.0, "mid_level_0.5-2": 4.6511627906976747, "tall_2+": 90.697674418604649 }, "geometry": { "type": "Polygon", "coordinates": [ [ [ -3.497235310366475, 50.700420119943843 ], [ -3.497334527032036, 50.700454820944906 ], [ -3.497431451722755, 50.700417603129488 ], [ -3.49742915960465, 50.700345684389397 ], [ -3.497329943111532, 50.70031098347674 ], [ -3.497233018564076, 50.70034820121576 ], [ -3.497235310366475, 50.700420119943843 ] ] ] } },
{ "type": "Feature", "properties": { "max_height": 0.84625148773193359, "mean_height": 0.061026923358440399, "std_height": 0.19969286024570465, "count_pixels": 38, "percent_cover": 0.046871338176704948, "percent_above_0.1m": 7.8947368421052628, "low_level_<0.5": 0.0, "mid_level_0.5-2": 7.8947368421052628, "tall_2+": 0.0 }, "geometry": { "type": "Polygon", "coordinates": [ [ [ -3.497039168981007, 50.700422636426957 ], [ -3.497138385503307, 50.700457337587629 ], [ -3.497235310366475, 50.700420119943843 ], [ -3.497233018564075, 50.70034820121576 ], [ -3.497133802214216, 50.700313500143508 ], [ -3.497036877494315, 50.700350717710911 ], [ -3.497039168981007, 50.700422636426957 ] ] ] } },
{ "type": "Feature", "properties": { "max_height": 12.984001159667969, "mean_height": 2.0129427909851074, "std_height": 3.5711531639099121, "count_pixels": 43, "percent_cover": 0.053038619515745074, "percent_above_0.1m": 32.558139534883722, "low_level_<0.5": 0.0, "mid_level_0.5-2": 6.9767441860465116, "tall_2+": 25.581395348837212 }, "geometry": { "type": "Polygon", "coordinates": [ [ [ -3.496843027566357, 50.700425152578873 ], [ -3.496942243945394, 50.700459853899147 ], [ -3.497039168981006, 50.700422636426957 ], [ -3.497036877494314, 50.700350717710911 ], [ -3.496937661287716, 50.70031601647905 ], [ -3.49684073639537, 50.700353233874822 ], [ -3.496843027566357, 50.700425152578873 ] ] ] } },
{ "type": "Feature", "properties": { "max_height": 15.118251800537109, "mean_height": 10.49107837677002, "std_height": 3.4712347984313965, "count_pixels": 43, "percent_cover": 0.053038619515745074, "percent_above_0.1m": 97.674418604651152, "low_level_<0.5": 2.3255813953488373, "mid_level_0.5-2": 0.0, "tall_2+": 95.348837209302332 }, "geometry": { "type": "Polygon", "coordinates": [ [ [ -3.496646886122528, 50.700427668399563 ], [ -3.4967461023583, 50.700462369879432 ], [ -3.496843027566356, 50.700425152578873 ], [ -3.496840736395369, 50.700353233874822 ], [ -3.496741520332035, 50.700318532483372 ], [ -3.496644595267248, 50.700355749707526 ], [ -3.496646886122528, 50.700427668399563 ] ] ] } },
{ "type": "Feature", "properties": { "max_height": 13.83650016784668, "mean_height": 6.774937629699707, "std_height": 3.7992582321166992, "count_pixels": 43, "percent_cover": 0.053038619515745074, "percent_above_0.1m": 90.697674418604649, "low_level_<0.5": 2.3255813953488373, "mid_level_0.5-2": 6.9767441860465116, "tall_2+": 81.395348837209298 }, "geometry": { "type": "Polygon", "coordinates": [ [ [ -3.496450744649524, 50.700430183889033 ], [ -3.496549960742029, 50.700464885528504 ], [ -3.496646886122527, 50.700427668399563 ], [ -3.496644595267248, 50.700355749707526 ], [ -3.496545379347178, 50.700321048156475 ], [ -3.496448454109951, 50.700358265209019 ], [ -3.496450744649524, 50.700430183889033 ] ] ] } },
{ "type": "Feature", "properties": { "max_height": 3.2264995574951172, "mean_height": 0.085324123501777649, "std_height": 0.49875006079673767, "count_pixels": 41, "percent_cover": 0.050571706980129021, "percent_above_0.1m": 4.8780487804878048, "low_level_<0.5": 2.4390243902439024, "mid_level_0.5-2": 0.0, "tall_2+": 2.4390243902439024 }, "geometry": { "type": "Polygon", "coordinates": [ [ [ -3.496254603147349, 50.700432699047276 ], [ -3.496353819096586, 50.70046740084635 ], [ -3.496450744649523, 50.700430183889033 ], [ -3.49644845410995, 50.700358265209019 ], [ -3.496349238333149, 50.700323563498351 ], [ -3.496252312923484, 50.700360780379278 ], [ -3.496254603147349, 50.700432699047276 ] ] ] } },
{ "type": "Feature", "properties": { "max_height": 0.29500007629394531, "mean_height": 0.006689862348139286, "std_height": 0.046828053891658783, "count_pixels": 41, "percent_cover": 0.050571706980129021, "percent_above_0.1m": 2.4390243902439024, "low_level_<0.5": 2.4390243902439024, "mid_level_0.5-2": 0.0, "tall_2+": 0.0 }, "geometry": { "type": "Polygon", "coordinates": [ [ [ -3.496058461616008, 50.700435213874307 ], [ -3.496157677421973, 50.700469915832976 ], [ -3.496254603147348, 50.700432699047276 ], [ -3.496252312923483, 50.700360780379278 ], [ -3.496153097289949, 50.700326078509029 ], [ -3.49605617170785, 50.700363295218331 ], [ -3.496058461616008, 50.700435213874307 ] ] ] } },
{ "type": "Feature", "properties": { "max_height": 0.025249481201171875, "mean_height": 0.0019400527235120535, "std_height": 0.0075319814495742321, "count_pixels": 41, "percent_cover": 0.050571706980129021, "percent_above_0.1m": 0.0, "low_level_<0.5": 0.0, "mid_level_0.5-2": 0.0, "tall_2+": 0.0 }, "geometry": { "type": "Polygon", "coordinates": [ [ [ -3.495862320055502, 50.700437728370112 ], [ -3.495961535718195, 50.700472430488382 ], [ -3.496058461616007, 50.700435213874307 ], [ -3.496056171707849, 50.700363295218331 ], [ -3.495956956217586, 50.700328593188459 ], [ -3.495860030463052, 50.700365809726158 ], [ -3.495862320055502, 50.700437728370112 ] ] ] } },
{ "type": "Feature", "properties": { "max_height": 0.026002883911132812, "mean_height": -0.00020664493786171079, "std_height": 0.012094552628695965, "count_pixels": 41, "percent_cover": 0.050571706980129021, "percent_above_0.1m": 0.0, "low_level_<0.5": 0.0, "mid_level_0.5-2": 0.0, "tall_2+": 0.0 }, "geometry": { "type": "Polygon", "coordinates": [ [ [ -3.495666178465838, 50.700440242534704 ], [ -3.495765393985256, 50.700474944812576 ], [ -3.495862320055501, 50.700437728370112 ], [ -3.495860030463051, 50.700365809726158 ], [ -3.495760815116062, 50.700331107536691 ], [ -3.495663889189095, 50.700368323902772 ], [ -3.495666178465838, 50.700440242534704 ] ] ] } },
{ "type": "Feature", "properties": { "max_height": 0.021501541137695312, "mean_height": -0.00018799013923853636, "std_height": 0.0084716975688934326, "count_pixels": 41, "percent_cover": 0.050571706980129021, "percent_above_0.1m": 0.0, "low_level_<0.5": 0.0, "mid_level_0.5-2": 0.0, "tall_2+": 0.0 }, "geometry": { "type": "Polygon", "coordinates": [ [ [ -3.495470036847019, 50.700442756368062 ], [ -3.49556925222316, 50.700477458805551 ], [ -3.495666178465838, 50.700440242534704 ], [ -3.495663889189094, 50.700368323902772 ], [ -3.495564673985381, 50.70033362155371 ], [ -3.495467747885983, 50.70037083774816 ], [ -3.495470036847019, 50.700442756368062 ] ] ] } },
{ "type": "Feature", "properties": { "max_height": 0.0345001220703125, "mean_height": 0.0028973091393709183, "std_height": 0.01092175580561161, "count_pixels": 41, "percent_cover": 0.050571706980129021, "percent_above_0.1m": 0.0, "low_level_<0.5": 0.0, "mid_level_0.5-2": 0.0, "tall_2+": 0.0 }, "geometry": { "type": "Polygon", "coordinates": [ [ [ -3.495273895199049, 50.700445269870222 ], [ -3.49537311043191, 50.700479972467299 ], [ -3.495470036847018, 50.700442756368062 ], [ -3.495467747885983, 50.70037083774816 ], [ -3.495368532825546, 50.70033613523951 ], [ -3.49527160655372, 50.700373351262336 ], [ -3.495273895199049, 50.700445269870222 ] ] ] } },
{ "type": "Feature", "properties": { "max_height": 7.3430004119873047, "mean_height": 1.0314764976501465, "std_height": 1.8080670833587646, "count_pixels": 41, "percent_cover": 0.050571706980129021, "percent_above_0.1m": 41.463414634146339, "low_level_<0.5": 4.8780487804878048, "mid_level_0.5-2": 19.512195121951219, "tall_2+": 17.073170731707318 }, "geometry": { "type": "Polygon", "coordinates": [ [ [ -3.49507775352193, 50.700447783041163 ], [ -3.49517696861151, 50.700482485797828 ], [ -3.495273895199048, 50.700445269870222 ], [ -3.49527160655372, 50.700373351262336 ], [ -3.495172391636563, 50.700338648594084 ], [ -3.49507546519231, 50.700375864445277 ], [ -3.49507775352193, 50.700447783041163 ] ] ] } },
{ "type": "Feature", "properties": { "max_height": 11.580249786376953, "mean_height": 7.7180886268615723, "std_height": 2.4768736362457275, "count_pixels": 43, "percent_cover": 0.053038619515745074, "percent_above_0.1m": 100.0, "low_level_<0.5": 0.0, "mid_level_0.5-2": 0.0, "tall_2+": 100.0 }, "geometry": { "type": "Polygon", "coordinates": [ [ [ -3.494881611815669, 50.700450295880884 ], [ -3.494980826761966, 50.700484998797144 ], [ -3.49507775352193, 50.700447783041163 ], [ -3.495075465192309, 50.700375864445277 ], [ -3.494976250418433, 50.700341161617438 ], [ -3.494879323801757, 50.700378377297035 ], [ -3.494881611815669, 50.700450295880884 ] ] ] } },
{ "type": "Feature", "properties": { "max_height": 5.0657520294189453, "mean_height": 1.8612216711044312, "std_height": 1.7494127750396729, "count_pixels": 43, "percent_cover": 0.053038619515745074, "percent_above_0.1m": 74.418604651162795, "low_level_<0.5": 4.6511627906976747, "mid_level_0.5-2": 27.906976744186046, "tall_2+": 41.860465116279073 }, "geometry": { "type": "Polygon", "coordinates": [ [ [ -3.500867367211716, 50.700481383686324 ], [ -3.500966586771328, 50.700516081743238 ], [ -3.501063508500903, 50.700478860762381 ], [ -3.501061210527639, 50.700406941801006 ], [ -3.500961991140505, 50.700372243832483 ], [ -3.500865069554157, 50.700409464736943 ], [ -3.500867367211716, 50.700481383686324 ] ] ] } },
{ "type": "Feature", "properties": { "max_height": 10.400500297546387, "mean_height": 5.1031579971313477, "std_height": 2.9856610298156738, "count_pixels": 43, "percent_cover": 0.053038619515745074, "percent_above_0.1m": 90.697674418604649, "low_level_<0.5": 2.3255813953488373, "mid_level_0.5-2": 11.627906976744185, "tall_2+": 76.744186046511629 }, "geometry": { "type": "Polygon", "coordinates": [ [ [ -3.50067122589327, 50.70048390627904 ], [ -3.500770445309658, 50.700518604495571 ], [ -3.500867367211715, 50.700481383686324 ], [ -3.500865069554156, 50.700409464736943 ], [ -3.500765850310245, 50.700374766608817 ], [ -3.500668928551416, 50.70041198734166 ], [ -3.50067122589327, 50.70048390627904 ] ] ] } },
{ "type": "Feature", "properties": { "max_height": 11.155001640319824, "mean_height": 6.1596112251281738, "std_height": 2.3393440246582031, "count_pixels": 43, "percent_cover": 0.053038619515745074, "percent_above_0.1m": 100.0, "low_level_<0.5": 0.0, "mid_level_0.5-2": 6.9767441860465116, "tall_2+": 93.023255813953483 }, "geometry": { "type": "Polygon", "coordinates": [ [ [ -3.500475084545569, 50.700486428540543 ], [ -3.50057430381873, 50.700521126916691 ], [ -3.500671225893269, 50.70048390627904 ], [ -3.500668928551415, 50.70041198734166 ], [ -3.500569709450728, 50.700377289053918 ], [ -3.50047278751942, 50.70041450961515 ], [ -3.500475084545569, 50.700486428540543 ] ] ] } },
{ "type": "Feature", "properties": { "max_height": 9.5842504501342773, "mean_height": 3.8735067844390869, "std_height": 3.112107515335083, "count_pixels": 41, "percent_cover": 0.050571706980129021, "percent_above_0.1m": 80.487804878048792, "low_level_<0.5": 4.8780487804878048, "mid_level_0.5-2": 9.7560975609756095, "tall_2+": 65.853658536585371 }, "geometry": { "type": "Polygon", "coordinates": [ [ [ -3.500278943168617, 50.700488950470813 ], [ -3.500378162298551, 50.700523649006577 ], [ -3.500475084545568, 50.700486428540543 ], [ -3.500472787519419, 50.70041450961515 ], [ -3.500373568561959, 50.700379811167814 ], [ -3.500276646458174, 50.700417031557429 ], [ -3.500278943168617, 50.700488950470813 ] ] ] } },
{ "type": "Feature", "properties": { "max_height": 8.7162504196166992, "mean_height": 4.4863967895507812, "std_height": 2.7287487983703613, "count_pixels": 41, "percent_cover": 0.050571706980129021, "percent_above_0.1m": 92.682926829268297, "low_level_<0.5": 7.3170731707317067, "mid_level_0.5-2": 12.195121951219512, "tall_2+": 73.170731707317074 }, "geometry": { "type": "Polygon", "coordinates": [ [ [ -3.500082801762417, 50.700491472069871 ], [ -3.500182020749121, 50.700526170765237 ], [ -3.500278943168616, 50.700488950470813 ], [ -3.500276646458173, 50.700417031557429 ], [ -3.500177427643941, 50.700382332950468 ], [ -3.500080505367681, 50.70041955316848 ], [ -3.500082801762417, 50.700491472069871 ] ] ] } },
{ "type": "Feature", "properties": { "max_height": 6.3949995040893555, "mean_height": 0.89857983589172363, "std_height": 1.5296326875686646, "count_pixels": 41, "percent_cover": 0.050571706980129021, "percent_above_0.1m": 41.463414634146339, "low_level_<0.5": 4.8780487804878048, "mid_level_0.5-2": 12.195121951219512, "tall_2+": 21.951219512195124 }, "geometry": { "type": "Polygon", "coordinates": [ [ [ -3.499886660326974, 50.70049399333768 ], [ -3.499985879170446, 50.700528692192677 ], [ -3.500082801762416, 50.700491472069871 ], [ -3.50008050536768, 50.70041955316848 ], [ -3.499981286696678, 50.700384854401904 ], [ -3.499884364247944, 50.700422074448312 ], [ -3.499886660326974, 50.70049399333768 ] ] ] } },
{ "type": "Feature", "properties": { "max_height": 0.36674976348876953, "mean_height": 0.01684805192053318, "std_height": 0.07572656124830246, "count_pixels": 41, "percent_cover": 0.050571706980129021, "percent_above_0.1m": 4.8780487804878048, "low_level_<0.5": 4.8780487804878048, "mid_level_0.5-2": 0.0, "tall_2+": 0.0 }, "geometry": { "type": "Polygon", "coordinates": [ [ [ -3.499690518862294, 50.700496514274299 ], [ -3.49978973756253, 50.700531213288897 ], [ -3.499886660326974, 50.70049399333768 ], [ -3.499884364247943, 50.700422074448312 ], [ -3.499785145720174, 50.700387375522126 ], [ -3.499688223098969, 50.700424595396925 ], [ -3.499690518862294, 50.700496514274299 ] ] ] } },
{ "type": "Feature", "properties": { "max_height": 0.0032510757446289062, "mean_height": 0.0002873118210118264, "std_height": 0.00080882135080173612, "count_pixels": 41, "percent_cover": 0.050571706980129021, "percent_above_0.1m": 0.0, "low_level_<0.5": 0.0, "mid_level_0.5-2": 0.0, "tall_2+": 0.0 }, "geometry": { "type": "Polygon", "coordinates": [ [ [ -3.499494377368377, 50.700499034879662 ], [ -3.499593595925377, 50.700533734053877 ], [ -3.499690518862293, 50.700496514274299 ], [ -3.499688223098968, 50.700424595396925 ], [ -3.499589004714434, 50.700389896311123 ], [ -3.499492081920759, 50.700427116014303 ], [ -3.499494377368377, 50.700499034879662 ] ] ] } },
{ "type": "Feature", "properties": { "max_height": 0.0012502670288085938, "mean_height": -2.9912809623056091e-05, "std_height": 0.00056627398589625955, "count_pixels": 41, "percent_cover": 0.050571706980129021, "percent_above_0.1m": 0.0, "low_level_<0.5": 0.0, "mid_level_0.5-2": 0.0, "tall_2+": 0.0 }, "geometry": { "type": "Polygon", "coordinates": [ [ [ -3.499298235845229, 50.700501555153835 ], [ -3.499397454258991, 50.700536254487638 ], [ -3.499494377368376, 50.700499034879662 ], [ -3.499492081920758, 50.700427116014303 ], [ -3.49939286367946, 50.700392416768899 ], [ -3.499295940713317, 50.70042963630047 ], [ -3.499298235845229, 50.700501555153835 ] ] ] } },
{ "type": "Feature", "properties": { "max_height": 0.0012502670288085938, "mean_height": -0.00015182030620053411, "std_height": 0.0006870539509691298, "count_pixels": 41, "percent_cover": 0.050571706980129021, "percent_above_0.1m": 0.0, "low_level_<0.5": 0.0, "mid_level_0.5-2": 0.0, "tall_2+": 0.0 }, "geometry": { "type": "Polygon", "coordinates": [ [ [ -3.499102094292853, 50.700504075096767 ], [ -3.499201312563375, 50.700538774590186 ], [ -3.499298235845228, 50.700501555153835 ], [ -3.499295940713316, 50.70042963630047 ], [ -3.499196722615257, 50.700394936895449 ], [ -3.499099799476647, 50.700432156255403 ], [ -3.499102094292853, 50.700504075096767 ] ] ] } },
{ "type": "Feature", "properties": { "max_height": 0.00225067138671875, "mean_height": -0.00010973908501910046, "std_height": 0.0013906845124438405, "count_pixels": 43, "percent_cover": 0.053038619515745074, "percent_above_0.1m": 0.0, "low_level_<0.5": 0.0, "mid_level_0.5-2": 0.0, "tall_2+": 0.0 }, "geometry": { "type": "Polygon", "coordinates": [ [ [ -3.498905952711254, 50.700506594708479 ], [ -3.499005170838533, 50.700541294361507 ], [ -3.499102094292852, 50.700504075096767 ], [ -3.499099799476647, 50.700432156255403 ], [ -3.499000581521828, 50.700397456690787 ], [ -3.498903658210756, 50.700434675879123 ], [ -3.498905952711254, 50.700506594708479 ] ] ] } },
{ "type": "Feature", "properties": { "max_height": 0.001251220703125, "mean_height": -0.00024356399080716074, "std_height": 0.00096375739667564631, "count_pixels": 43, "percent_cover": 0.053038619515745074, "percent_above_0.1m": 0.0, "low_level_<0.5": 0.0, "mid_level_0.5-2": 0.0, "tall_2+": 0.0 }, "geometry": { "type": "Polygon", "coordinates": [ [ [ -3.498709811100435, 50.700509113988964 ], [ -3.498809029084469, 50.700543813801595 ], [ -3.498905952711253, 50.700506594708479 ], [ -3.498903658210755, 50.700434675879123 ], [ -3.498804440399179, 50.700399976154905 ], [ -3.498707516915643, 50.700437195171624 ], [ -3.498709811100435, 50.700509113988964 ] ] ] } },
{ "type": "Feature", "properties": { "max_height": 0.001251220703125, "mean_height": 7.6249591074883938e-05, "std_height": 0.0005269559333100915, "count_pixels": 43, "percent_cover": 0.053038619515745074, "percent_above_0.1m": 0.0, "low_level_<0.5": 0.0, "mid_level_0.5-2": 0.0, "tall_2+": 0.0 }, "geometry": { "type": "Polygon", "coordinates": [ [ [ -3.4985136694604, 50.700511632938237 ], [ -3.498612887293034, 50.700546332891072 ], [ -3.498709811100434, 50.700509113988964 ], [ -3.498707516915642, 50.700437195171624 ], [ -3.498608299247311, 50.700402495287797 ], [ -3.498511375591316, 50.700439714132898 ], [ -3.4985136694604, 50.700511632938237 ] ] ] } },
{ "type": "Feature", "properties": { "max_height": 0.0030012130737304688, "mean_height": -6.5100823121611029e-05, "std_height": 0.00093668402405455709, "count_pixels": 38, "percent_cover": 0.046871338176704948, "percent_above_0.1m": 0.0, "low_level_<0.5": 0.0, "mid_level_0.5-2": 0.0, "tall_2+": 0.0 }, "geometry": { "type": "Polygon", "coordinates": [ [ [ -3.498317527791153, 50.700514151556277 ], [ -3.498416745469902, 50.700548851642417 ], [ -3.4985136694604, 50.700511632938237 ], [ -3.498511375591315, 50.700439714132898 ], [ -3.49841215806623, 50.700405014089448 ], [ -3.498315234237776, 50.700442232762946 ], [ -3.498317527791153, 50.700514151556277 ] ] ] } },
{ "type": "Feature", "properties": { "max_height": 0.001251220703125, "mean_height": -0.00011561637802515179, "std_height": 0.00084279087604954839, "count_pixels": 43, "percent_cover": 0.053038619515745074, "percent_above_0.1m": 0.0, "low_level_<0.5": 0.0, "mid_level_0.5-2": 0.0, "tall_2+": 0.0 }, "geometry": { "type": "Polygon", "coordinates": [ [ [ -3.498121386092698, 50.700516669843104 ], [ -3.498220603619047, 50.700551370064908 ], [ -3.498317527791152, 50.700514151556277 ], [ -3.498315234237775, 50.700442232762946 ], [ -3.498216016855939, 50.7004075325599 ], [ -3.498119092855028, 50.700444751061788 ], [ -3.498121386092698, 50.700516669843104 ] ] ] } },
{ "type": "Feature", "properties": { "max_height": 0.0015010833740234375, "mean_height": -0.00064450642094016075, "std_height": 0.0019855017308145761, "count_pixels": 43, "percent_cover": 0.053038619515745074, "percent_above_0.1m": 0.0, "low_level_<0.5": 0.0, "mid_level_0.5-2": 0.0, "tall_2+": 0.0 }, "geometry": { "type": "Polygon", "coordinates": [ [ [ -3.49792524436504, 50.700519187798697 ], [ -3.498024461740472, 50.700553888158517 ], [ -3.498121386092697, 50.700516669843104 ], [ -3.498119092855027, 50.700444751061788 ], [ -3.498019875616443, 50.700410050699134 ], [ -3.497922951443077, 50.700447269029397 ], [ -3.49792524436504, 50.700519187798697 ] ] ] } },
{ "type": "Feature", "properties": { "max_height": 0.0020008087158203125, "mean_height": -0.0005106814787723124, "std_height": 0.0014059729874134064, "count_pixels": 43, "percent_cover": 0.053038619515745074, "percent_above_0.1m": 0.0, "low_level_<0.5": 0.0, "mid_level_0.5-2": 0.0, "tall_2+": 0.0 }, "geometry": { "type": "Polygon", "coordinates": [ [ [ -3.49772910260818, 50.700521705423093 ], [ -3.49782831983418, 50.700556405923265 ], [ -3.497925244365038, 50.700519187798697 ], [ -3.497922951443076, 50.700447269029397 ], [ -3.497823734347744, 50.70041256850714 ], [ -3.497726810001925, 50.700449786665786 ], [ -3.49772910260818, 50.700521705423093 ] ] ] } },
{ "type": "Feature", "properties": { "max_height": 0.0030002593994140625, "mean_height": -0.00021885662863496691, "std_height": 0.0016720136627554893, "count_pixels": 41, "percent_cover": 0.050571706980129021, "percent_above_0.1m": 0.0, "low_level_<0.5": 0.0, "mid_level_0.5-2": 0.0, "tall_2+": 0.0 }, "geometry": { "type": "Polygon", "coordinates": [ [ [ -3.497532960822124, 50.700524222716247 ], [ -3.497632177900175, 50.700558923359132 ], [ -3.497729102608178, 50.700521705423093 ], [ -3.497726810001924, 50.700449786665786 ], [ -3.497627593049847, 50.700415085983927 ], [ -3.497530668531578, 50.700452303970962 ], [ -3.497532960822124, 50.700524222716247 ] ] ] } },
{ "type": "Feature", "properties": { "max_height": 11.342751502990723, "mean_height": 4.4309525489807129, "std_height": 3.691558837890625, "count_pixels": 41, "percent_cover": 0.050571706980129021, "percent_above_0.1m": 70.731707317073173, "low_level_<0.5": 0.0, "mid_level_0.5-2": 7.3170731707317067, "tall_2+": 63.414634146341463 }, "geometry": { "type": "Polygon", "coordinates": [ [ [ -3.497336819006875, 50.700526739678175 ], [ -3.497436035938462, 50.700561440466146 ], [ -3.497532960822123, 50.700524222716247 ], [ -3.497530668531577, 50.700452303970962 ], [ -3.497431451722756, 50.700417603129488 ], [ -3.497334527032037, 50.700454820944906 ], [ -3.497336819006875, 50.700526739678175 ] ] ] } },
{ "type": "Feature", "properties": { "max_height": 11.79425048828125, "mean_height": 4.1706290245056152, "std_height": 4.3338613510131836, "count_pixels": 41, "percent_cover": 0.050571706980129021, "percent_above_0.1m": 65.853658536585371, "low_level_<0.5": 2.4390243902439024, "mid_level_0.5-2": 9.7560975609756095, "tall_2+": 51.219512195121951 }, "geometry": { "type": "Polygon", "coordinates": [ [ [ -3.497140677162438, 50.70052925630889 ], [ -3.497239893949043, 50.70056395724427 ], [ -3.497336819006875, 50.700526739678175 ], [ -3.497334527032036, 50.700454820944906 ], [ -3.497235310366475, 50.700420119943843 ], [ -3.497138385503308, 50.700457337587629 ], [ -3.497140677162438, 50.70052925630889 ] ] ] } },
{ "type": "Feature", "properties": { "max_height": 11.52125072479248, "mean_height": 2.358403205871582, "std_height": 3.6418097019195557, "count_pixels": 41, "percent_cover": 0.050571706980129021, "percent_above_0.1m": 39.024390243902438, "low_level_<0.5": 0.0, "mid_level_0.5-2": 7.3170731707317067, "tall_2+": 31.707317073170731 }, "geometry": { "type": "Polygon", "coordinates": [ [ [ -3.496944535288817, 50.700531772608386 ], [ -3.497043751931921, 50.700566473693542 ], [ -3.497140677162438, 50.70052925630889 ], [ -3.497138385503307, 50.700457337587629 ], [ -3.497039168981007, 50.700422636426957 ], [ -3.496942243945395, 50.700459853899147 ], [ -3.496944535288817, 50.700531772608386 ] ] ] } },
{ "type": "Feature", "properties": { "max_height": 4.3835010528564453, "mean_height": 0.1763482391834259, "std_height": 0.7025679349899292, "count_pixels": 41, "percent_cover": 0.050571706980129021, "percent_above_0.1m": 12.195121951219512, "low_level_<0.5": 0.0, "mid_level_0.5-2": 4.8780487804878048, "tall_2+": 2.4390243902439024 }, "geometry": { "type": "Polygon", "coordinates": [ [ [ -3.496748393386014, 50.700534288576655 ], [ -3.496847609887101, 50.700568989813938 ], [ -3.496944535288816, 50.700531772608386 ], [ -3.496942243945394, 50.700459853899147 ], [ -3.496843027566357, 50.700425152578873 ], [ -3.496746102358301, 50.700462369879432 ], [ -3.496748393386014, 50.700534288576655 ] ] ] } },
{ "type": "Feature", "properties": { "max_height": 12.740751266479492, "mean_height": 3.2968118190765381, "std_height": 4.331817626953125, "count_pixels": 41, "percent_cover": 0.050571706980129021, "percent_above_0.1m": 58.536585365853654, "low_level_<0.5": 14.634146341463413, "mid_level_0.5-2": 0.0, "tall_2+": 41.463414634146339 }, "geometry": { "type": "Polygon", "coordinates": [ [ [ -3.496552251454035, 50.700536804213712 ], [ -3.496651467814587, 50.700571505605453 ], [ -3.496748393386013, 50.700534288576655 ], [ -3.4967461023583, 50.700462369879432 ], [ -3.496646886122528, 50.700427668399563 ], [ -3.49654996074203, 50.700464885528504 ], [ -3.496552251454035, 50.700536804213712 ] ] ] } },
{ "type": "Feature", "properties": { "max_height": 8.5162506103515625, "mean_height": 1.8261046409606934, "std_height": 2.3302228450775146, "count_pixels": 41, "percent_cover": 0.050571706980129021, "percent_above_0.1m": 60.975609756097562, "low_level_<0.5": 9.7560975609756095, "mid_level_0.5-2": 9.7560975609756095, "tall_2+": 39.024390243902438 }, "geometry": { "type": "Polygon", "coordinates": [ [ [ -3.496356109492882, 50.700539319519542 ], [ -3.496455325714382, 50.700574021068114 ], [ -3.496552251454034, 50.700536804213712 ], [ -3.496549960742029, 50.700464885528504 ], [ -3.496450744649524, 50.700430183889033 ], [ -3.496353819096587, 50.70046740084635 ], [ -3.496356109492882, 50.700539319519542 ] ] ] } },
{ "type": "Feature", "properties": { "max_height": 0.44150161743164062, "mean_height": 0.019367218017578125, "std_height": 0.085510790348052979, "count_pixels": 43, "percent_cover": 0.053038619515745074, "percent_above_0.1m": 4.6511627906976747, "low_level_<0.5": 4.6511627906976747, "mid_level_0.5-2": 0.0, "tall_2+": 0.0 }, "geometry": { "type": "Polygon", "coordinates": [ [ [ -3.49615996750256, 50.700541834494146 ], [ -3.496259183586488, 50.700576536201886 ], [ -3.496356109492882, 50.700539319519542 ], [ -3.496353819096586, 50.70046740084635 ], [ -3.496254603147349, 50.700432699047276 ], [ -3.496157677421974, 50.700469915832976 ], [ -3.49615996750256, 50.700541834494146 ] ] ] } },
{ "type": "Feature", "properties": { "max_height": 0.037750244140625, "mean_height": 0.0028612003661692142, "std_height": 0.012236162088811398, "count_pixels": 43, "percent_cover": 0.053038619515745074, "percent_above_0.1m": 0.0, "low_level_<0.5": 0.0, "mid_level_0.5-2": 0.0, "tall_2+": 0.0 }, "geometry": { "type": "Polygon", "coordinates": [ [ [ -3.495963825483074, 50.700544349137544 ], [ -3.496063041430911, 50.700579051006798 ], [ -3.496159967502559, 50.700541834494146 ], [ -3.496157677421973, 50.700469915832976 ], [ -3.496058461616008, 50.700435213874307 ], [ -3.495961535718196, 50.700472430488382 ], [ -3.495963825483074, 50.700544349137544 ] ] ] } },
{ "type": "Feature", "properties": { "max_height": 0.02249908447265625, "mean_height": 0.0018612617859616876, "std_height": 0.0068729426711797714, "count_pixels": 43, "percent_cover": 0.053038619515745074, "percent_above_0.1m": 0.0, "low_level_<0.5": 0.0, "mid_level_0.5-2": 0.0, "tall_2+": 0.0 }, "geometry": { "type": "Polygon", "coordinates": [ [ [ -3.495767683433419, 50.700546863439584 ], [ -3.495866899247654, 50.700581565482835 ], [ -3.495963825483073, 50.700544349137544 ], [ -3.495961535718195, 50.700472430488382 ], [ -3.495862320055502, 50.700437728370112 ], [ -3.495765393985257, 50.700474944812576 ], [ -3.495767683433419, 50.700546863439584 ] ] ] } },
{ "type": "Feature", "properties": { "max_height": 0.042249679565429688, "mean_height": 0.0081455828621983528, "std_height": 0.012105767615139484, "count_pixels": 38, "percent_cover": 0.046871338176704948, "percent_above_0.1m": 0.0, "low_level_<0.5": 0.0, "mid_level_0.5-2": 0.0, "tall_2+": 0.0 }, "geometry": { "type": "Polygon", "coordinates": [ [ [ -3.495571541355909, 50.700549377411548 ], [ -3.495670757036719, 50.700584079629998 ], [ -3.495767683433419, 50.700546863439584 ], [ -3.495765393985256, 50.700474944812576 ], [ -3.495666178465838, 50.700440242534704 ], [ -3.495569252223161, 50.700477458805551 ], [ -3.495571541355909, 50.700549377411548 ] ] ] } },
{ "type": "Feature", "properties": { "max_height": 0.056249618530273438, "mean_height": 0.006890186108648777, "std_height": 0.014419686049222946, "count_pixels": 43, "percent_cover": 0.053038619515745074, "percent_above_0.1m": 0.0, "low_level_<0.5": 0.0, "mid_level_0.5-2": 0.0, "tall_2+": 0.0 }, "geometry": { "type": "Polygon", "coordinates": [ [ [ -3.495375399250728, 50.700551891054644 ], [ -3.495474614798111, 50.700586593448293 ], [ -3.495571541355908, 50.700549377411548 ], [ -3.49556925222316, 50.700477458805551 ], [ -3.495470036847019, 50.700442756368062 ], [ -3.495373110431911, 50.700479972467299 ], [ -3.495375399250728, 50.700551891054644 ] ] ] } },
{ "type": "Feature", "properties": { "max_height": 4.9525032043457031, "mean_height": 1.2053501605987549, "std_height": 1.8236972093582153, "count_pixels": 43, "percent_cover": 0.053038619515745074, "percent_above_0.1m": 37.209302325581397, "low_level_<0.5": 2.3255813953488373, "mid_level_0.5-2": 6.9767441860465116, "tall_2+": 27.906976744186046 }, "geometry": { "type": "Polygon", "coordinates": [ [ [ -3.495179257117879, 50.70055440436888 ], [ -3.495278472531834, 50.700589106937706 ], [ -3.495375399250727, 50.700551891054644 ], [ -3.49537311043191, 50.700479972467299 ], [ -3.495273895199049, 50.700445269870222 ], [ -3.495176968611511, 50.700482485797828 ], [ -3.495179257117879, 50.70055440436888 ] ] ] } },
{ "type": "Feature", "properties": { "max_height": 9.0405006408691406, "mean_height": 3.1313483715057373, "std_height": 2.3777933120727539, "count_pixels": 41, "percent_cover": 0.050571706980129021, "percent_above_0.1m": 87.804878048780495, "low_level_<0.5": 4.8780487804878048, "mid_level_0.5-2": 19.512195121951219, "tall_2+": 63.414634146341463 }, "geometry": { "type": "Polygon", "coordinates": [ [ [ -3.500968884243081, 50.700587999967702 ], [ -3.50106810382022, 50.700622697351093 ], [ -3.501165026, 50.700585476919557 ], [ -3.501162728203739, 50.700513558659686 ], [ -3.501063508500903, 50.700478860762381 ], [ -3.500966586771328, 50.700516081743238 ], [ -3.500968884243081, 50.700587999967702 ] ] ] } },
{ "type": "Feature", "properties": { "max_height": 9.4710016250610352, "mean_height": 4.9402689933776855, "std_height": 2.6814672946929932, "count_pixels": 41, "percent_cover": 0.050571706980129021, "percent_above_0.1m": 97.560975609756099, "low_level_<0.5": 4.8780487804878048, "mid_level_0.5-2": 7.3170731707317067, "tall_2+": 82.926829268292678 }, "geometry": { "type": "Polygon", "coordinates": [ [ [ -3.500772742458393, 50.700590522686994 ], [ -3.500871961902156, 50.70062522024557 ], [ -3.500968884243081, 50.700587999967702 ], [ -3.500966586771328, 50.700516081743238 ], [ -3.500867367211715, 50.700481383686324 ], [ -3.500770445309658, 50.700518604495571 ], [ -3.500772742458393, 50.700590522686994 ] ] ] } },
{ "type": "Feature", "properties": { "max_height": 9.7072525024414062, "mean_height": 4.7344150543212891, "std_height": 2.7867991924285889, "count_pixels": 41, "percent_cover": 0.050571706980129021, "percent_above_0.1m": 95.121951219512198, "low_level_<0.5": 4.8780487804878048, "mid_level_0.5-2": 9.7560975609756095, "tall_2+": 80.487804878048792 }, "geometry": { "type": "Polygon", "coordinates": [ [ [ -3.500576600645938, 50.700593045077412 ], [ -3.500675819956323, 50.700627742811186 ], [ -3.500772742458392, 50.700590522686994 ], [ -3.500770445309657, 50.700518604495571 ], [ -3.500671225893269, 50.70048390627904 ], [ -3.50057430381873, 50.700521126916691 ], [ -3.500576600645938, 50.700593045077412 ] ] ] } },
{ "type": "Feature", "properties": { "max_height": 6.333251953125, "mean_height": 1.3181836605072021, "std_height": 1.9463348388671875, "count_pixels": 41, "percent_cover": 0.050571706980129021, "percent_above_0.1m": 48.780487804878049, "low_level_<0.5": 7.3170731707317067, "mid_level_0.5-2": 14.634146341463413, "tall_2+": 26.829268292682929 }, "geometry": { "type": "Polygon", "coordinates": [ [ [ -3.500380458805719, 50.700595567138954 ], [ -3.500479677982724, 50.700630265047941 ], [ -3.500576600645937, 50.700593045077412 ], [ -3.50057430381873, 50.700521126916691 ], [ -3.500475084545568, 50.700486428540543 ], [ -3.500378162298551, 50.700523649006577 ], [ -3.500380458805719, 50.700595567138954 ] ] ] } },
{ "type": "Feature", "properties": { "max_height": 6.6737508773803711, "mean_height": 1.1209540367126465, "std_height": 1.8298717737197876, "count_pixels": 43, "percent_cover": 0.053038619515745074, "percent_above_0.1m": 44.186046511627907, "low_level_<0.5": 9.3023255813953494, "mid_level_0.5-2": 9.3023255813953494, "tall_2+": 25.581395348837212 }, "geometry": { "type": "Polygon", "coordinates": [ [ [ -3.50018431693774, 50.700598088871651 ], [ -3.500283535981365, 50.700632786955822 ], [ -3.500380458805718, 50.700595567138954 ], [ -3.50037816229855, 50.700523649006577 ], [ -3.500278943168616, 50.700488950470813 ], [ -3.500182020749121, 50.700526170765237 ], [ -3.50018431693774, 50.700598088871651 ] ] ] } },
{ "type": "Feature", "properties": { "max_height": 4.1082496643066406, "mean_height": 0.19264021515846252, "std_height": 0.72455894947052002, "count_pixels": 43, "percent_cover": 0.053038619515745074, "percent_above_0.1m": 9.3023255813953494, "low_level_<0.5": 2.3255813953488373, "mid_level_0.5-2": 2.3255813953488373, "tall_2+": 4.6511627906976747 }, "geometry": { "type": "Polygon", "coordinates": [ [ [ -3.499988175042005, 50.700600610275458 ], [ -3.500087393952247, 50.700635308534842 ], [ -3.50018431693774, 50.700598088871651 ], [ -3.50018202074912, 50.700526170765237 ], [ -3.500082801762416, 50.700491472069871 ], [ -3.499985879170446, 50.700528692192677 ], [ -3.499988175042005, 50.700600610275458 ] ] ] } },
{ "type": "Feature", "properties": { "max_height": 0.000751495361328125, "mean_height": 5.3204988944344223e-05, "std_height": 0.00034483300987631083, "count_pixels": 38, "percent_cover": 0.046871338176704948, "percent_above_0.1m": 0.0, "low_level_<0.5": 0.0, "mid_level_0.5-2": 0.0, "tall_2+": 0.0 }, "geometry": { "type": "Polygon", "coordinates": [ [ [ -3.499792033118518, 50.700603131350405 ], [ -3.499891251895373, 50.700637829784995 ], [ -3.499988175042005, 50.700600610275458 ], [ -3.499985879170445, 50.700528692192677 ], [ -3.499886660326974, 50.70049399333768 ], [ -3.49978973756253, 50.700531213288897 ], [ -3.499792033118518, 50.700603131350405 ] ] ] } },
{ "type": "Feature", "properties": { "max_height": 0.0012502670288085938, "mean_height": -0.00018543421174399555, "std_height": 0.00099290627986192703, "count_pixels": 43, "percent_cover": 0.053038619515745074, "percent_above_0.1m": 0.0, "low_level_<0.5": 0.0, "mid_level_0.5-2": 0.0, "tall_2+": 0.0 }, "geometry": { "type": "Polygon", "coordinates": [ [ [ -3.499595891167282, 50.700605652096499 ], [ -3.49969510981075, 50.700640350706287 ], [ -3.499792033118518, 50.700603131350405 ], [ -3.49978973756253, 50.700531213288897 ], [ -3.499690518862293, 50.700496514274299 ], [ -3.499593595925377, 50.700533734053877 ], [ -3.499595891167282, 50.700605652096499 ] ] ] } },
{ "type": "Feature", "properties": { "max_height": 0.0010004043579101562, "mean_height": 3.5552089684642851e-05, "std_height": 0.00071026181103661656, "count_pixels": 43, "percent_cover": 0.053038619515745074, "percent_above_0.1m": 0.0, "low_level_<0.5": 0.0, "mid_level_0.5-2": 0.0, "tall_2+": 0.0 }, "geometry": { "type": "Polygon", "coordinates": [ [ [ -3.499399749188301, 50.700608172513711 ], [ -3.49949896769838, 50.700642871298705 ], [ -3.499595891167281, 50.700605652096499 ], [ -3.499593595925376, 50.700533734053877 ], [ -3.499494377368376, 50.700499034879662 ], [ -3.499397454258991, 50.700536254487638 ], [ -3.499399749188301, 50.700608172513711 ] ] ] } },
{ "type": "Feature", "properties": { "max_height": 0.0010013580322265625, "mean_height": -6.3319537730421871e-05, "std_height": 0.00064491905504837632, "count_pixels": 43, "percent_cover": 0.053038619515745074, "percent_above_0.1m": 0.0, "low_level_<0.5": 0.0, "mid_level_0.5-2": 0.0, "tall_2+": 0.0 }, "geometry": { "type": "Polygon", "coordinates": [ [ [ -3.499203607181578, 50.700610692602062 ], [ -3.499302825558266, 50.700645391562261 ], [ -3.4993997491883, 50.700608172513711 ], [ -3.49939745425899, 50.700536254487638 ], [ -3.499298235845228, 50.700501555153835 ], [ -3.499201312563375, 50.700538774590186 ], [ -3.499203607181578, 50.700610692602062 ] ] ] } },
{ "type": "Feature", "properties": { "max_height": 0.001251220703125, "mean_height": 6.7780660174321383e-05, "std_height": 0.00061989424284547567, "count_pixels": 41, "percent_cover": 0.050571706980129021, "percent_above_0.1m": 0.0, "low_level_<0.5": 0.0, "mid_level_0.5-2": 0.0, "tall_2+": 0.0 }, "geometry": { "type": "Polygon", "coordinates": [ [ [ -3.499007465147117, 50.700613212361553 ], [ -3.499106683390412, 50.70064791149693 ], [ -3.499203607181577, 50.700610692602062 ], [ -3.499201312563373, 50.700538774590186 ], [ -3.499102094292852, 50.700504075096767 ], [ -3.499005170838533, 50.700541294361507 ], [ -3.499007465147117, 50.700613212361553 ] ] ] } },
{ "type": "Feature", "properties": { "max_height": 0.001251220703125, "mean_height": -0.00019443326164036989, "std_height": 0.0015066580381244421, "count_pixels": 41, "percent_cover": 0.050571706980129021, "percent_above_0.1m": 0.0, "low_level_<0.5": 0.0, "mid_level_0.5-2": 0.0, "tall_2+": 0.0 }, "geometry": { "type": "Polygon", "coordinates": [ [ [ -3.49881132308492, 50.700615731792162 ], [ -3.498910541194821, 50.700650431102744 ], [ -3.499007465147116, 50.700613212361553 ], [ -3.499005170838532, 50.700541294361507 ], [ -3.498905952711253, 50.700506594708479 ], [ -3.498809029084469, 50.700543813801595 ], [ -3.49881132308492, 50.700615731792162 ] ] ] } },
{ "type": "Feature", "properties": { "max_height": 0.001750946044921875, "mean_height": 6.9083234848221764e-06, "std_height": 0.00072936544893309474, "count_pixels": 41, "percent_cover": 0.050571706980129021, "percent_above_0.1m": 0.0, "low_level_<0.5": 0.0, "mid_level_0.5-2": 0.0, "tall_2+": 0.0 }, "geometry": { "type": "Polygon", "coordinates": [ [ [ -3.498615180994994, 50.70061825089391 ], [ -3.498714398971498, 50.700652950379691 ], [ -3.49881132308492, 50.700615731792162 ], [ -3.498809029084468, 50.700543813801595 ], [ -3.498709811100434, 50.700509113988964 ], [ -3.498612887293034, 50.700546332891072 ], [ -3.498615180994994, 50.70061825089391 ] ] ] } },
{ "type": "Feature", "properties": { "max_height": 0.0032510757446289062, "mean_height": -0.00036502466537058353, "std_height": 0.001805276027880609, "count_pixels": 41, "percent_cover": 0.050571706980129021, "percent_above_0.1m": 0.0, "low_level_<0.5": 0.0, "mid_level_0.5-2": 0.0, "tall_2+": 0.0 }, "geometry": { "type": "Polygon", "coordinates": [ [ [ -3.498419038877339, 50.700620769666784 ], [ -3.498518256720446, 50.700655469327771 ], [ -3.498615180994993, 50.70061825089391 ], [ -3.498612887293033, 50.700546332891072 ], [ -3.4985136694604, 50.700511632938237 ], [ -3.498416745469902, 50.700548851642417 ], [ -3.498419038877339, 50.700620769666784 ] ] ] } },
{ "type": "Feature", "properties": { "max_height": 0.0032501220703125, "mean_height": -0.00023692991817370057, "std_height": 0.0010195246431976557, "count_pixels": 41, "percent_cover": 0.050571706980129021, "percent_above_0.1m": 0.0, "low_level_<0.5": 0.0, "mid_level_0.5-2": 0.0, "tall_2+": 0.0 }, "geometry": { "type": "Polygon", "coordinates": [ [ [ -3.498222896731961, 50.700623288110798 ], [ -3.498322114441667, 50.700657987946968 ], [ -3.498419038877339, 50.700620769666784 ], [ -3.498416745469901, 50.700548851642417 ], [ -3.498317527791152, 50.700514151556277 ], [ -3.498220603619047, 50.700551370064908 ], [ -3.498222896731961, 50.700623288110798 ] ] ] } },
{ "type": "Feature", "properties": { "max_height": 0.0012493133544921875, "mean_height": -0.00014533066132571548, "std_height": 0.00093843176728114486, "count_pixels": 41, "percent_cover": 0.050571706980129021, "percent_above_0.1m": 0.0, "low_level_<0.5": 0.0, "mid_level_0.5-2": 0.0, "tall_2+": 0.0 }, "geometry": { "type": "Polygon", "coordinates": [ [ [ -3.498026754558864, 50.700625806225936 ], [ -3.498125972135167, 50.700660506237305 ], [ -3.498222896731961, 50.700623288110798 ], [ -3.498220603619046, 50.700551370064908 ], [ -3.498121386092697, 50.700516669843104 ], [ -3.498024461740472, 50.700553888158517 ], [ -3.498026754558864, 50.700625806225936 ] ] ] } },
{ "type": "Feature", "properties": { "max_height": 0.000751495361328125, "mean_height": -0.00037714329664595425, "std_height": 0.0011517679085955024, "count_pixels": 41, "percent_cover": 0.050571706980129021, "percent_above_0.1m": 0.0, "low_level_<0.5": 0.0, "mid_level_0.5-2": 0.0, "tall_2+": 0.0 }, "geometry": { "type": "Polygon", "coordinates": [ [ [ -3.497830612358049, 50.700628324012193 ], [ -3.497929829800948, 50.700663024198775 ], [ -3.498026754558863, 50.700625806225936 ], [ -3.498024461740471, 50.700553888158517 ], [ -3.497925244365038, 50.700519187798697 ], [ -3.49782831983418, 50.700556405923265 ], [ -3.497830612358049, 50.700628324012193 ] ] ] } },
{ "type": "Feature", "properties": { "max_height": 0.012500762939453125, "mean_height": 0.00020213243260513991, "std_height": 0.0033331802114844322, "count_pixels": 41, "percent_cover": 0.050571706980129021, "percent_above_0.1m": 0.0, "low_level_<0.5": 0.0, "mid_level_0.5-2": 0.0, "tall_2+": 0.0 }, "geometry": { "type": "Polygon", "coordinates": [ [ [ -3.497634470129522, 50.700630841469604 ], [ -3.497733687439016, 50.70066554183137 ], [ -3.497830612358049, 50.700628324012193 ], [ -3.497828319834179, 50.700556405923265 ], [ -3.497729102608178, 50.700521705423093 ], [ -3.497632177900175, 50.700558923359132 ], [ -3.497634470129522, 50.700630841469604 ] ] ] } },
{ "type": "Feature", "properties": { "max_height": 0.0045013427734375, "mean_height": -0.00058049935614690185, "std_height": 0.0020810307469218969, "count_pixels": 43, "percent_cover": 0.053038619515745074, "percent_above_0.1m": 0.0, "low_level_<0.5": 0.0, "mid_level_0.5-2": 0.0, "tall_2+": 0.0 }, "geometry": { "type": "Polygon", "coordinates": [ [ [ -3.497438327873285, 50.700633358598139 ], [ -3.49753754504937, 50.700668059135104 ], [ -3.497634470129521, 50.700630841469604 ], [ -3.497632177900174, 50.700558923359132 ], [ -3.497532960822123, 50.700524222716247 ], [ -3.497436035938462, 50.700561440466146 ], [ -3.497438327873285, 50.700633358598139 ] ] ] } },
{ "type": "Feature", "properties": { "max_height": 7.9652519226074219, "mean_height": 0.45323917269706726, "std_height": 1.674685001373291, "count_pixels": 43, "percent_cover": 0.053038619515745074, "percent_above_0.1m": 9.3023255813953494, "low_level_<0.5": 0.0, "mid_level_0.5-2": 2.3255813953488373, "tall_2+": 6.9767441860465116 }, "geometry": { "type": "Polygon", "coordinates": [ [ [ -3.497242185589343, 50.700635875397793 ], [ -3.497341402632018, 50.700670576109957 ], [ -3.497438327873284, 50.700633358598139 ], [ -3.497436035938461, 50.700561440466146 ], [ -3.497336819006875, 50.700526739678175 ], [ -3.497239893949043, 50.70056395724427 ], [ -3.497242185589343, 50.700635875397793 ] ] ] } },
{ "type": "Feature", "properties": { "max_height": 10.820001602172852, "mean_height": 5.2901911735534668, "std_height": 3.6742627620697021, "count_pixels": 38, "percent_cover": 0.046871338176704948, "percent_above_0.1m": 84.210526315789465, "low_level_<0.5": 2.6315789473684208, "mid_level_0.5-2": 10.526315789473683, "tall_2+": 71.05263157894737 }, "geometry": { "type": "Polygon", "coordinates": [ [ [ -3.497046043277698, 50.700638391868573 ], [ -3.497145260186962, 50.700673092755935 ], [ -3.497242185589342, 50.700635875397793 ], [ -3.497239893949042, 50.700563957244277 ], [ -3.497140677162438, 50.70052925630889 ], [ -3.497043751931921, 50.700566473693542 ], [ -3.497046043277698, 50.700638391868573 ] ] ] } },
{ "type": "Feature", "properties": { "max_height": 10.273500442504883, "mean_height": 1.5292216539382935, "std_height": 2.9554438591003418, "count_pixels": 43, "percent_cover": 0.053038619515745074, "percent_above_0.1m": 30.232558139534881, "low_level_<0.5": 4.6511627906976747, "mid_level_0.5-2": 0.0, "tall_2+": 25.581395348837212 }, "geometry": { "type": "Polygon", "coordinates": [ [ [ -3.496849900938355, 50.700640908010492 ], [ -3.496949117714206, 50.700675609073045 ], [ -3.497046043277697, 50.700638391868573 ], [ -3.49704375193192, 50.700566473693542 ], [ -3.496944535288816, 50.700531772608386 ], [ -3.496847609887101, 50.700568989813938 ], [ -3.496849900938355, 50.700640908010492 ] ] ] } },
{ "type": "Feature", "properties": { "max_height": 9.2520027160644531, "mean_height": 0.93569278717041016, "std_height": 2.3087103366851807, "count_pixels": 43, "percent_cover": 0.053038619515745074, "percent_above_0.1m": 25.581395348837212, "low_level_<0.5": 0.0, "mid_level_0.5-2": 2.3255813953488373, "tall_2+": 16.279069767441861 }, "geometry": { "type": "Polygon", "coordinates": [ [ [ -3.496653758571316, 50.700643423823529 ], [ -3.496752975213752, 50.700678125061295 ], [ -3.496849900938354, 50.700640908010492 ], [ -3.496847609887101, 50.700568989813938 ], [ -3.496748393386013, 50.700534288576655 ], [ -3.496651467814587, 50.700571505605453 ], [ -3.496653758571316, 50.700643423823529 ] ] ] } },
{ "type": "Feature", "properties": { "max_height": 11.19425106048584, "mean_height": 6.4272041320800781, "std_height": 3.726309061050415, "count_pixels": 43, "percent_cover": 0.053038619515745074, "percent_above_0.1m": 90.697674418604649, "low_level_<0.5": 2.3255813953488373, "mid_level_0.5-2": 6.9767441860465116, "tall_2+": 81.395348837209298 }, "geometry": { "type": "Polygon", "coordinates": [ [ [ -3.496457616176587, 50.700645939307705 ], [ -3.496556832685605, 50.700680640720662 ], [ -3.496653758571316, 50.700643423823529 ], [ -3.496651467814586, 50.700571505605453 ], [ -3.496552251454034, 50.700536804213712 ], [ -3.496455325714382, 50.700574021068114 ], [ -3.496457616176587, 50.700645939307705 ] ] ] } },
{ "type": "Feature", "properties": { "max_height": 10.113250732421875, "mean_height": 4.6676411628723145, "std_height": 2.0763745307922363, "count_pixels": 41, "percent_cover": 0.050571706980129021, "percent_above_0.1m": 100.0, "low_level_<0.5": 2.4390243902439024, "mid_level_0.5-2": 0.0, "tall_2+": 97.560975609756099 }, "geometry": { "type": "Polygon", "coordinates": [ [ [ -3.49626147375417, 50.700648454463014 ], [ -3.496360690129769, 50.700683156051156 ], [ -3.496457616176586, 50.700645939307705 ], [ -3.496455325714381, 50.700574021068114 ], [ -3.496356109492882, 50.700539319519542 ], [ -3.496259183586488, 50.700576536201886 ], [ -3.49626147375417, 50.700648454463014 ] ] ] } },
{ "type": "Feature", "properties": { "max_height": 3.5639991760253906, "mean_height": 0.72623884677886963, "std_height": 1.1711001396179199, "count_pixels": 41, "percent_cover": 0.050571706980129021, "percent_above_0.1m": 36.585365853658537, "low_level_<0.5": 4.8780487804878048, "mid_level_0.5-2": 12.195121951219512, "tall_2+": 19.512195121951219 }, "geometry": { "type": "Polygon", "coordinates": [ [ [ -3.496065331304069, 50.70065096928942 ], [ -3.496164547546247, 50.700685671052767 ], [ -3.496261473754169, 50.700648454463014 ], [ -3.496259183586488, 50.700576536201886 ], [ -3.496159967502559, 50.700541834494146 ], [ -3.496063041430911, 50.700579051006798 ], [ -3.496065331304069, 50.70065096928942 ] ] ] } },
{ "type": "Feature", "properties": { "max_height": 0.029500961303710938, "mean_height": 0.0026410731952637434, "std_height": 0.010116405785083771, "count_pixels": 41, "percent_cover": 0.050571706980129021, "percent_above_0.1m": 0.0, "low_level_<0.5": 0.0, "mid_level_0.5-2": 0.0, "tall_2+": 0.0 }, "geometry": { "type": "Polygon", "coordinates": [ [ [ -3.495869188826286, 50.700653483786986 ], [ -3.495968404935042, 50.700688185725525 ], [ -3.496065331304067, 50.70065096928942 ], [ -3.49606304143091, 50.700579051006798 ], [ -3.495963825483073, 50.700544349137544 ], [ -3.495866899247654, 50.700581565482835 ], [ -3.495869188826286, 50.700653483786986 ] ] ] } },
{ "type": "Feature", "properties": { "max_height": 0.050500869750976562, "mean_height": 0.01049479003995657, "std_height": 0.013663012534379959, "count_pixels": 41, "percent_cover": 0.050571706980129021, "percent_above_0.1m": 0.0, "low_level_<0.5": 0.0, "mid_level_0.5-2": 0.0, "tall_2+": 0.0 }, "geometry": { "type": "Polygon", "coordinates": [ [ [ -3.495673046320827, 50.700655997955657 ], [ -3.495772262296159, 50.700690700069401 ], [ -3.495869188826285, 50.700653483786986 ], [ -3.495866899247653, 50.700581565482835 ], [ -3.495767683433419, 50.700546863439584 ], [ -3.495670757036719, 50.700584079629998 ], [ -3.495673046320827, 50.700655997955657 ] ] ] } },
{ "type": "Feature", "properties": { "max_height": 0.029001235961914062, "mean_height": 0.00043994624866172671, "std_height": 0.0099108414724469185, "count_pixels": 41, "percent_cover": 0.050571706980129021, "percent_above_0.1m": 0.0, "low_level_<0.5": 0.0, "mid_level_0.5-2": 0.0, "tall_2+": 0.0 }, "geometry": { "type": "Polygon", "coordinates": [ [ [ -3.495476903787695, 50.700658511795474 ], [ -3.4955761196296, 50.700693214084403 ], [ -3.495673046320826, 50.700655997955657 ], [ -3.495670757036718, 50.700584079629998 ], [ -3.495571541355908, 50.700549377411548 ], [ -3.495474614798111, 50.700586593448293 ], [ -3.495476903787695, 50.700658511795474 ] ] ] } },
{ "type": "Feature", "properties": { "max_height": 4.144500732421875, "mean_height": 0.93115353584289551, "std_height": 1.2566043138504028, "count_pixels": 41, "percent_cover": 0.050571706980129021, "percent_above_0.1m": 46.341463414634148, "low_level_<0.5": 0.0, "mid_level_0.5-2": 29.268292682926827, "tall_2+": 17.073170731707318 }, "geometry": { "type": "Polygon", "coordinates": [ [ [ -3.495280761226893, 50.70066102530641 ], [ -3.49537997693537, 50.700695727770523 ], [ -3.495476903787694, 50.700658511795474 ], [ -3.495474614798111, 50.700586593448293 ], [ -3.495375399250727, 50.700551891054644 ], [ -3.495278472531834, 50.700589106937706 ], [ -3.495280761226893, 50.70066102530641 ] ] ] } },
{ "type": "Feature", "properties": { "max_height": 8.5522518157958984, "mean_height": 6.1730074882507324, "std_height": 1.6357100009918213, "count_pixels": 38, "percent_cover": 0.046871338176704948, "percent_above_0.1m": 100.0, "low_level_<0.5": 0.0, "mid_level_0.5-2": 0.0, "tall_2+": 100.0 }, "geometry": { "type": "Polygon", "coordinates": [ [ [ -3.501070401217578, 50.700694615082774 ], [ -3.501169621089237, 50.700729312361403 ], [ -3.50126654296566, 50.700692090874789 ], [ -3.501264245289596, 50.700620173198637 ], [ -3.501165026, 50.700585476919557 ], [ -3.501068103820221, 50.700622697351093 ], [ -3.501070401217578, 50.700694615082774 ] ] ] } },
{ "type": "Feature", "properties": { "max_height": 10.784001350402832, "mean_height": 5.7989315986633301, "std_height": 2.6658673286437988, "count_pixels": 43, "percent_cover": 0.053038619515745074, "percent_above_0.1m": 100.0, "low_level_<0.5": 0.0, "mid_level_0.5-2": 9.3023255813953494, "tall_2+": 90.697674418604649 }, "geometry": { "type": "Polygon", "coordinates": [ [ [ -3.500874259004991, 50.700697137998787 ], [ -3.500973478743274, 50.700731835452615 ], [ -3.501070401217578, 50.700694615082774 ], [ -3.50106810382022, 50.700622697351093 ], [ -3.500968884243081, 50.700587999967702 ], [ -3.500871961902157, 50.70062522024557 ], [ -3.500874259004991, 50.700697137998787 ] ] ] } },
{ "type": "Feature", "properties": { "max_height": 12.516251564025879, "mean_height": 6.5854778289794922, "std_height": 3.320216178894043, "count_pixels": 43, "percent_cover": 0.053038619515745074, "percent_above_0.1m": 100.0, "low_level_<0.5": 0.0, "mid_level_0.5-2": 6.9767441860465116, "tall_2+": 93.023255813953483 }, "geometry": { "type": "Polygon", "coordinates": [ [ [ -3.500678116764636, 50.70069966058594 ], [ -3.50077733636954, 50.70073435821498 ], [ -3.50087425900499, 50.700697137998787 ], [ -3.500871961902156, 50.70062522024557 ], [ -3.500772742458393, 50.700590522686994 ], [ -3.500675819956323, 50.700627742811186 ], [ -3.500678116764636, 50.70069966058594 ] ] ] } },
{ "type": "Feature", "properties": { "max_height": 10.91500186920166, "mean_height": 5.9604249000549316, "std_height": 3.0064382553100586, "count_pixels": 43, "percent_cover": 0.053038619515745074, "percent_above_0.1m": 93.023255813953483, "low_level_<0.5": 2.3255813953488373, "mid_level_0.5-2": 6.9767441860465116, "tall_2+": 83.720930232558146 }, "geometry": { "type": "Polygon", "coordinates": [ [ [ -3.500481974496515, 50.700702182844232 ], [ -3.50058119396804, 50.700736880648471 ], [ -3.500678116764635, 50.70069966058594 ], [ -3.500675819956323, 50.700627742811186 ], [ -3.500576600645938, 50.700593045077412 ], [ -3.500479677982725, 50.700630265047941 ], [ -3.500481974496515, 50.700702182844232 ] ] ] } },
{ "type": "Feature", "properties": { "max_height": 11.216250419616699, "mean_height": 6.0960006713867188, "std_height": 3.019709587097168, "count_pixels": 41, "percent_cover": 0.050571706980129021, "percent_above_0.1m": 95.121951219512198, "low_level_<0.5": 0.0, "mid_level_0.5-2": 9.7560975609756095, "tall_2+": 85.365853658536579 }, "geometry": { "type": "Polygon", "coordinates": [ [ [ -3.500285832200631, 50.700704704773649 ], [ -3.500385051538775, 50.700739402753094 ], [ -3.500481974496514, 50.700702182844232 ], [ -3.500479677982724, 50.700630265047941 ], [ -3.500380458805719, 50.700595567138954 ], [ -3.500283535981366, 50.700632786955822 ], [ -3.500285832200631, 50.700704704773649 ] ] ] } },
{ "type": "Feature", "properties": { "max_height": 9.4800014495849609, "mean_height": 2.4310250282287598, "std_height": 3.3503632545471191, "count_pixels": 41, "percent_cover": 0.050571706980129021, "percent_above_0.1m": 46.341463414634148, "low_level_<0.5": 0.0, "mid_level_0.5-2": 7.3170731707317067, "tall_2+": 36.585365853658537 }, "geometry": { "type": "Polygon", "coordinates": [ [ [ -3.500089689876991, 50.700707226374206 ], [ -3.500188909081751, 50.700741924528856 ], [ -3.500285832200631, 50.700704704773649 ], [ -3.500283535981365, 50.700632786955822 ], [ -3.50018431693774, 50.700598088871651 ], [ -3.500087393952247, 50.700635308534842 ], [ -3.500089689876991, 50.700707226374206 ] ] ] } },
{ "type": "Feature", "properties": { "max_height": 0.0010013580322265625, "mean_height": -6.6315253206994385e-05, "std_height": 0.00046863284660503268, "count_pixels": 41, "percent_cover": 0.050571706980129021, "percent_above_0.1m": 0.0, "low_level_<0.5": 0.0, "mid_level_0.5-2": 0.0, "tall_2+": 0.0 }, "geometry": { "type": "Polygon", "coordinates": [ [ [ -3.499893547525595, 50.700709747645895 ], [ -3.499992766596971, 50.700744445975744 ], [ -3.50008968987699, 50.700707226374206 ], [ -3.500087393952247, 50.700635308534842 ], [ -3.499988175042005, 50.700600610275458 ], [ -3.499891251895374, 50.700637829784995 ], [ -3.499893547525595, 50.700709747645895 ] ] ] } },
{ "type": "Feature", "properties": { "max_height": 0.0010013580322265625, "mean_height": -4.8032619815785438e-05, "std_height": 0.00052438449347391725, "count_pixels": 41, "percent_cover": 0.050571706980129021, "percent_above_0.1m": 0.0, "low_level_<0.5": 0.0, "mid_level_0.5-2": 0.0, "tall_2+": 0.0 }, "geometry": { "type": "Polygon", "coordinates": [ [ [ -3.499697405146449, 50.700712268588717 ], [ -3.499796624084436, 50.70074696709375 ], [ -3.499893547525594, 50.700709747645895 ], [ -3.499891251895373, 50.700637829784995 ], [ -3.499792033118518, 50.700603131350405 ], [ -3.499695109810751, 50.700640350706287 ], [ -3.499697405146449, 50.700712268588717 ] ] ] } },
{ "type": "Feature", "properties": { "max_height": 0.001251220703125, "mean_height": -4.1752326069399714e-05, "std_height": 0.00053795805433765054, "count_pixels": 41, "percent_cover": 0.050571706980129021, "percent_above_0.1m": 0.0, "low_level_<0.5": 0.0, "mid_level_0.5-2": 0.0, "tall_2+": 0.0 }, "geometry": { "type": "Polygon", "coordinates": [ [ [ -3.499501262739555, 50.700714789202671 ], [ -3.499600481544154, 50.700749487882916 ], [ -3.499697405146448, 50.700712268588717 ], [ -3.49969510981075, 50.700640350706287 ], [ -3.499595891167282, 50.700605652096499 ], [ -3.499498967698381, 50.700642871298705 ], [ -3.499501262739555, 50.700714789202671 ] ] ] } },
{ "type": "Feature", "properties": { "max_height": 0.001251220703125, "mean_height": 0.00018975793500430882, "std_height": 0.00057068286696448922, "count_pixels": 41, "percent_cover": 0.050571706980129021, "percent_above_0.1m": 0.0, "low_level_<0.5": 0.0, "mid_level_0.5-2": 0.0, "tall_2+": 0.0 }, "geometry": { "type": "Polygon", "coordinates": [ [ [ -3.499305120304917, 50.70071730948775 ], [ -3.499404338976126, 50.700752008343194 ], [ -3.499501262739554, 50.700714789202671 ], [ -3.49949896769838, 50.700642871298705 ], [ -3.499399749188301, 50.700608172513711 ], [ -3.499302825558267, 50.700645391562261 ], [ -3.499305120304917, 50.70071730948775 ] ] ] } },
{ "type": "Feature", "properties": { "max_height": 0.002750396728515625, "mean_height": -0.000157867994857952, "std_height": 0.00066885305568575859, "count_pixels": 41, "percent_cover": 0.050571706980129021, "percent_above_0.1m": 0.0, "low_level_<0.5": 0.0, "mid_level_0.5-2": 0.0, "tall_2+": 0.0 }, "geometry": { "type": "Polygon", "coordinates": [ [ [ -3.499108977842539, 50.700719829443969 ], [ -3.499208196380355, 50.700754528474604 ], [ -3.499305120304916, 50.70071730948775 ], [ -3.499302825558266, 50.700645391562261 ], [ -3.499203607181578, 50.700610692602062 ], [ -3.499106683390413, 50.70064791149693 ], [ -3.499108977842539, 50.700719829443969 ] ] ] } },
{ "type": "Feature", "properties": { "max_height": 0.0010004043579101562, "mean_height": -5.7420063967583701e-05, "std_height": 0.00054408295545727015, "count_pixels": 43, "percent_cover": 0.053038619515745074, "percent_above_0.1m": 0.0, "low_level_<0.5": 0.0, "mid_level_0.5-2": 0.0, "tall_2+": 0.0 }, "geometry": { "type": "Polygon", "coordinates": [ [ [ -3.498912835352425, 50.700722349071306 ], [ -3.499012053756846, 50.700757048277147 ], [ -3.499108977842538, 50.700719829443969 ], [ -3.499106683390412, 50.70064791149693 ], [ -3.499007465147117, 50.700613212361553 ], [ -3.498910541194822, 50.700650431102744 ], [ -3.498912835352425, 50.700722349071306 ] ] ] } },
{ "type": "Feature", "properties": { "max_height": 0.0017499923706054688, "mean_height": -0.00014460364764090627, "std_height": 0.0011852866737172008, "count_pixels": 43, "percent_cover": 0.053038619515745074, "percent_above_0.1m": 0.0, "low_level_<0.5": 0.0, "mid_level_0.5-2": 0.0, "tall_2+": 0.0 }, "geometry": { "type": "Polygon", "coordinates": [ [ [ -3.498716692834577, 50.700724868369782 ], [ -3.498815911105602, 50.700759567750822 ], [ -3.498912835352424, 50.700722349071306 ], [ -3.498910541194821, 50.700650431102744 ], [ -3.49881132308492, 50.700615731792162 ], [ -3.498714398971499, 50.700652950379691 ], [ -3.498716692834577, 50.700724868369782 ] ] ] } },
{ "type": "Feature", "properties": { "max_height": 0.0015010833740234375, "mean_height": -0.00017381268844474107, "std_height": 0.0011004204861819744, "count_pixels": 43, "percent_cover": 0.053038619515745074, "percent_above_0.1m": 0.0, "low_level_<0.5": 0.0, "mid_level_0.5-2": 0.0, "tall_2+": 0.0 }, "geometry": { "type": "Polygon", "coordinates": [ [ [ -3.498520550289001, 50.700727387339377 ], [ -3.498619768426627, 50.700762086895622 ], [ -3.498716692834576, 50.700724868369782 ], [ -3.498714398971498, 50.700652950379691 ], [ -3.498615180994994, 50.70061825089391 ], [ -3.498518256720446, 50.700655469327771 ], [ -3.498520550289001, 50.700727387339377 ] ] ] } },
{ "type": "Feature", "properties": { "max_height": 0.001251220703125, "mean_height": -0.00017020576342474669, "std_height": 0.00084696419071406126, "count_pixels": 38, "percent_cover": 0.046871338176704948, "percent_above_0.1m": 0.0, "low_level_<0.5": 0.0, "mid_level_0.5-2": 0.0, "tall_2+": 0.0 }, "geometry": { "type": "Polygon", "coordinates": [ [ [ -3.498324407715698, 50.700729905980111 ], [ -3.498423625719925, 50.700764605711562 ], [ -3.498520550289, 50.700727387339377 ], [ -3.498518256720446, 50.700655469327771 ], [ -3.498419038877339, 50.700620769666784 ], [ -3.498322114441668, 50.700657987946968 ], [ -3.498324407715698, 50.700729905980111 ] ] ] } },
{ "type": "Feature", "properties": { "max_height": 0.0012493133544921875, "mean_height": -6.9329908001236618e-05, "std_height": 0.00054539326811209321, "count_pixels": 43, "percent_cover": 0.053038619515745074, "percent_above_0.1m": 0.0, "low_level_<0.5": 0.0, "mid_level_0.5-2": 0.0, "tall_2+": 0.0 }, "geometry": { "type": "Polygon", "coordinates": [ [ [ -3.498128265114674, 50.700732424291978 ], [ -3.498227482985497, 50.70076712419862 ], [ -3.498324407715697, 50.700729905980111 ], [ -3.498322114441667, 50.700657987946968 ], [ -3.498222896731961, 50.700623288110798 ], [ -3.498125972135168, 50.700660506237305 ], [ -3.498128265114674, 50.700732424291978 ] ] ] } },
{ "type": "Feature", "properties": { "max_height": 0.002750396728515625, "mean_height": -0.00011559420090634376, "std_height": 0.0015377744566649199, "count_pixels": 43, "percent_cover": 0.053038619515745074, "percent_above_0.1m": 0.0, "low_level_<0.5": 0.0, "mid_level_0.5-2": 0.0, "tall_2+": 0.0 }, "geometry": { "type": "Polygon", "coordinates": [ [ [ -3.49793212248593, 50.700734942274977 ], [ -3.498031340223351, 50.700769642356818 ], [ -3.498128265114673, 50.700732424291978 ], [ -3.498125972135167, 50.700660506237305 ], [ -3.498026754558864, 50.700625806225936 ], [ -3.49792982980095, 50.700663024198775 ], [ -3.49793212248593, 50.700734942274977 ] ] ] } },
{ "type": "Feature", "properties": { "max_height": 0.0045013427734375, "mean_height": 0.00019858604355249554, "std_height": 0.0013354024849832058, "count_pixels": 43, "percent_cover": 0.053038619515745074, "percent_above_0.1m": 0.0, "low_level_<0.5": 0.0, "mid_level_0.5-2": 0.0, "tall_2+": 0.0 }, "geometry": { "type": "Polygon", "coordinates": [ [ [ -3.497735979829472, 50.700737459929101 ], [ -3.497835197433488, 50.700772160186133 ], [ -3.497932122485929, 50.700734942274977 ], [ -3.497929829800948, 50.700663024198775 ], [ -3.497830612358049, 50.700628324012193 ], [ -3.497733687439017, 50.70066554183137 ], [ -3.497735979829472, 50.700737459929101 ] ] ] } },
{ "type": "Feature", "properties": { "max_height": 0.001251220703125, "mean_height": -0.00047465067473240197, "std_height": 0.0016154507175087929, "count_pixels": 41, "percent_cover": 0.050571706980129021, "percent_above_0.1m": 0.0, "low_level_<0.5": 0.0, "mid_level_0.5-2": 0.0, "tall_2+": 0.0 }, "geometry": { "type": "Polygon", "coordinates": [ [ [ -3.497539837145303, 50.700739977254344 ], [ -3.49763905461591, 50.700774677686589 ], [ -3.497735979829471, 50.700737459929101 ], [ -3.497733687439016, 50.70066554183137 ], [ -3.497634470129522, 50.700630841469604 ], [ -3.497537545049371, 50.700668059135104 ], [ -3.497539837145303, 50.700739977254344 ] ] ] } },
{ "type": "Feature", "properties": { "max_height": 0.000751495361328125, "mean_height": -0.00063310016412287951, "std_height": 0.0020446311682462692, "count_pixels": 41, "percent_cover": 0.050571706980129021, "percent_above_0.1m": 0.0, "low_level_<0.5": 0.0, "mid_level_0.5-2": 0.0, "tall_2+": 0.0 }, "geometry": { "type": "Polygon", "coordinates": [ [ [ -3.497343694433426, 50.700742494250719 ], [ -3.497442911770623, 50.700777194858162 ], [ -3.497539837145302, 50.700739977254344 ], [ -3.49753754504937, 50.700668059135104 ], [ -3.497438327873285, 50.700633358598139 ], [ -3.497341402632019, 50.700670576109957 ], [ -3.497343694433426, 50.700742494250719 ] ] ] } },
{ "type": "Feature", "properties": { "max_height": 0.020000457763671875, "mean_height": 0.0013971095904707909, "std_height": 0.005124769639223814, "count_pixels": 41, "percent_cover": 0.050571706980129021, "percent_above_0.1m": 0.0, "low_level_<0.5": 0.0, "mid_level_0.5-2": 0.0, "tall_2+": 0.0 }, "geometry": { "type": "Polygon", "coordinates": [ [ [ -3.497147551693844, 50.700745010918219 ], [ -3.497246768897631, 50.700779711700861 ], [ -3.497343694433425, 50.700742494250719 ], [ -3.497341402632018, 50.700670576109957 ], [ -3.497242185589343, 50.700635875397793 ], [ -3.497145260186963, 50.700673092755935 ], [ -3.497147551693844, 50.700745010918219 ] ] ] } },
{ "type": "Feature", "properties": { "max_height": 9.1795005798339844, "mean_height": 0.67601913213729858, "std_height": 1.9289597272872925, "count_pixels": 41, "percent_cover": 0.050571706980129021, "percent_above_0.1m": 14.634146341463413, "low_level_<0.5": 0.0, "mid_level_0.5-2": 2.4390243902439024, "tall_2+": 12.195121951219512 }, "geometry": { "type": "Polygon", "coordinates": [ [ [ -3.496951408926563, 50.700747527256858 ], [ -3.497050625996935, 50.700782228214699 ], [ -3.497147551693843, 50.700745010918219 ], [ -3.497145260186962, 50.700673092755935 ], [ -3.497046043277698, 50.700638391868573 ], [ -3.496949117714207, 50.700675609073045 ], [ -3.496951408926563, 50.700747527256858 ] ] ] } },
{ "type": "Feature", "properties": { "max_height": 12.62175178527832, "mean_height": 4.2026410102844238, "std_height": 3.8899626731872559, "count_pixels": 41, "percent_cover": 0.050571706980129021, "percent_above_0.1m": 82.926829268292678, "low_level_<0.5": 9.7560975609756095, "mid_level_0.5-2": 14.634146341463413, "tall_2+": 56.09756097560976 }, "geometry": { "type": "Polygon", "coordinates": [ [ [ -3.496755266131584, 50.700750043266623 ], [ -3.496854483068542, 50.700784744399648 ], [ -3.496951408926562, 50.700747527256858 ], [ -3.496949117714206, 50.700675609073045 ], [ -3.496849900938355, 50.700640908010492 ], [ -3.496752975213753, 50.700678125061295 ], [ -3.496755266131584, 50.700750043266623 ] ] ] } },
{ "type": "Feature", "properties": { "max_height": 15.4322509765625, "mean_height": 11.647458076477051, "std_height": 2.6595537662506104, "count_pixels": 41, "percent_cover": 0.050571706980129021, "percent_above_0.1m": 100.0, "low_level_<0.5": 0.0, "mid_level_0.5-2": 0.0, "tall_2+": 100.0 }, "geometry": { "type": "Polygon", "coordinates": [ [ [ -3.496559123308911, 50.700752558947514 ], [ -3.496658340112452, 50.700787260255737 ], [ -3.496755266131583, 50.700750043266623 ], [ -3.496752975213752, 50.700678125061295 ], [ -3.496653758571316, 50.700643423823529 ], [ -3.496556832685606, 50.700680640720662 ], [ -3.496559123308911, 50.700752558947514 ] ] ] } },
{ "type": "Feature", "properties": { "max_height": 5.9012508392333984, "mean_height": 0.79451316595077515, "std_height": 1.7245486974716187, "count_pixels": 41, "percent_cover": 0.050571706980129021, "percent_above_0.1m": 26.829268292682929, "low_level_<0.5": 2.4390243902439024, "mid_level_0.5-2": 7.3170731707317067, "tall_2+": 14.634146341463413 }, "geometry": { "type": "Polygon", "coordinates": [ [ [ -3.496362980458549, 50.700755074299522 ], [ -3.496462197128671, 50.700789775782944 ], [ -3.49655912330891, 50.700752558947514 ], [ -3.496556832685605, 50.700680640720662 ], [ -3.496457616176587, 50.700645939307705 ], [ -3.49636069012977, 50.700683156051156 ], [ -3.496362980458549, 50.700755074299522 ] ] ] } },
{ "type": "Feature", "properties": { "max_height": 4.7855014801025391, "mean_height": 2.2200472354888916, "std_height": 1.9592746496200562, "count_pixels": 43, "percent_cover": 0.053038619515745074, "percent_above_0.1m": 65.116279069767444, "low_level_<0.5": 2.3255813953488373, "mid_level_0.5-2": 11.627906976744185, "tall_2+": 51.162790697674424 }, "geometry": { "type": "Polygon", "coordinates": [ [ [ -3.496166837580502, 50.70075758932267 ], [ -3.496266054117202, 50.700792290981283 ], [ -3.496362980458549, 50.700755074299522 ], [ -3.496360690129769, 50.700683156051156 ], [ -3.49626147375417, 50.700648454463014 ], [ -3.496164547546248, 50.700685671052767 ], [ -3.496166837580502, 50.70075758932267 ] ] ] } },
{ "type": "Feature", "properties": { "max_height": 2.9330005645751953, "mean_height": 0.19237908720970154, "std_height": 0.60742056369781494, "count_pixels": 43, "percent_cover": 0.053038619515745074, "percent_above_0.1m": 13.953488372093023, "low_level_<0.5": 4.6511627906976747, "mid_level_0.5-2": 4.6511627906976747, "tall_2+": 4.6511627906976747 }, "geometry": { "type": "Polygon", "coordinates": [ [ [ -3.49597069467477, 50.700760104016929 ], [ -3.496069911078048, 50.700794805850748 ], [ -3.4961668375805, 50.70075758932267 ], [ -3.496164547546247, 50.700685671052767 ], [ -3.496065331304069, 50.70065096928942 ], [ -3.495968404935043, 50.700688185725525 ], [ -3.49597069467477, 50.700760104016929 ] ] ] } },
{ "type": "Feature", "properties": { "max_height": 0.038251876831054688, "mean_height": 0.0030416888184845448, "std_height": 0.013982322067022324, "count_pixels": 43, "percent_cover": 0.053038619515745074, "percent_above_0.1m": 0.0, "low_level_<0.5": 0.0, "mid_level_0.5-2": 0.0, "tall_2+": 0.0 }, "geometry": { "type": "Polygon", "coordinates": [ [ [ -3.495774551741361, 50.700762618382328 ], [ -3.495873768011214, 50.700797320391338 ], [ -3.495970694674769, 50.700760104016929 ], [ -3.495968404935042, 50.700688185725525 ], [ -3.495869188826286, 50.700653483786986 ], [ -3.49577226229616, 50.700690700069401 ], [ -3.495774551741361, 50.700762618382328 ] ] ] } },
{ "type": "Feature", "properties": { "max_height": 0.0072498321533203125, "mean_height": -0.0043215500190854073, "std_height": 0.006943234708160162, "count_pixels": 38, "percent_cover": 0.046871338176704948, "percent_above_0.1m": 0.0, "low_level_<0.5": 0.0, "mid_level_0.5-2": 0.0, "tall_2+": 0.0 }, "geometry": { "type": "Polygon", "coordinates": [ [ [ -3.495578408780275, 50.700765132418844 ], [ -3.495677624916703, 50.700799834603046 ], [ -3.49577455174136, 50.700762618382328 ], [ -3.495772262296159, 50.700690700069401 ], [ -3.495673046320827, 50.700655997955657 ], [ -3.4955761196296, 50.700693214084403 ], [ -3.495578408780275, 50.700765132418844 ] ] ] } },
{ "type": "Feature", "properties": { "max_height": 9.4362506866455078, "mean_height": 1.3388205766677856, "std_height": 2.1715209484100342, "count_pixels": 43, "percent_cover": 0.053038619515745074, "percent_above_0.1m": 60.465116279069761, "low_level_<0.5": 9.3023255813953494, "mid_level_0.5-2": 32.558139534883722, "tall_2+": 16.279069767441861 }, "geometry": { "type": "Polygon", "coordinates": [ [ [ -3.495382265791519, 50.700767646126494 ], [ -3.495481481794518, 50.70080234848588 ], [ -3.495578408780274, 50.700765132418844 ], [ -3.4955761196296, 50.700693214084403 ], [ -3.495476903787695, 50.700658511795474 ], [ -3.495379976935371, 50.700695727770523 ], [ -3.495382265791519, 50.700767646126494 ] ] ] } },
{ "type": "Feature", "properties": { "max_height": 12.230502128601074, "mean_height": 6.9589643478393555, "std_height": 3.4307701587677002, "count_pixels": 41, "percent_cover": 0.050571706980129021, "percent_above_0.1m": 97.560975609756099, "low_level_<0.5": 2.4390243902439024, "mid_level_0.5-2": 4.8780487804878048, "tall_2+": 87.804878048780495 }, "geometry": { "type": "Polygon", "coordinates": [ [ [ -3.500975776007248, 50.700803753193107 ], [ -3.501074996040051, 50.700838450542186 ], [ -3.501171918647734, 50.700801230080337 ], [ -3.501169621089236, 50.700729312361403 ], [ -3.501070401217578, 50.700694615082774 ], [ -3.500973478743274, 50.700731835452615 ], [ -3.500975776007248, 50.700803753193107 ] ] ] } },
{ "type": "Feature", "properties": { "max_height": 14.127752304077148, "mean_height": 7.2852387428283691, "std_height": 3.7843537330627441, "count_pixels": 41, "percent_cover": 0.050571706980129021, "percent_above_0.1m": 97.560975609756099, "low_level_<0.5": 0.0, "mid_level_0.5-2": 2.4390243902439024, "tall_2+": 95.121951219512198 }, "geometry": { "type": "Polygon", "coordinates": [ [ [ -3.500779633338991, 50.700806275976994 ], [ -3.500878853238416, 50.700840973501286 ], [ -3.500975776007248, 50.700803753193107 ], [ -3.500973478743273, 50.700731835452615 ], [ -3.50087425900499, 50.700697137998787 ], [ -3.50077733636954, 50.70073435821498 ], [ -3.500779633338991, 50.700806275976994 ] ] ] } },
{ "type": "Feature", "properties": { "max_height": 13.128501892089844, "mean_height": 7.1757516860961914, "std_height": 3.251887321472168, "count_pixels": 41, "percent_cover": 0.050571706980129021, "percent_above_0.1m": 97.560975609756099, "low_level_<0.5": 0.0, "mid_level_0.5-2": 7.3170731707317067, "tall_2+": 90.243902439024396 }, "geometry": { "type": "Polygon", "coordinates": [ [ [ -3.500583490642966, 50.700808798432014 ], [ -3.500682710409011, 50.700843496131512 ], [ -3.50077963333899, 50.700806275976994 ], [ -3.50077733636954, 50.70073435821498 ], [ -3.500678116764635, 50.70069966058594 ], [ -3.50058119396804, 50.700736880648471 ], [ -3.500583490642966, 50.700808798432014 ] ] ] } },
{ "type": "Feature", "properties": { "max_height": 11.690251350402832, "mean_height": 7.9569339752197266, "std_height": 2.2383966445922852, "count_pixels": 41, "percent_cover": 0.050571706980129021, "percent_above_0.1m": 100.0, "low_level_<0.5": 0.0, "mid_level_0.5-2": 0.0, "tall_2+": 100.0 }, "geometry": { "type": "Polygon", "coordinates": [ [ [ -3.500387347919176, 50.700811320558188 ], [ -3.500486567551842, 50.700846018432877 ], [ -3.500583490642965, 50.700808798432014 ], [ -3.500581193968039, 50.700736880648471 ], [ -3.500481974496514, 50.700702182844232 ], [ -3.500385051538775, 50.700739402753094 ], [ -3.500387347919176, 50.700811320558188 ] ] ] } },
{ "type": "Feature", "properties": { "max_height": 10.908251762390137, "mean_height": 2.6136984825134277, "std_height": 3.7197401523590088, "count_pixels": 43, "percent_cover": 0.053038619515745074, "percent_above_0.1m": 46.511627906976742, "low_level_<0.5": 4.6511627906976747, "mid_level_0.5-2": 6.9767441860465116, "tall_2+": 34.883720930232556 }, "geometry": { "type": "Polygon", "coordinates": [ [ [ -3.500191205167628, 50.700813842355487 ], [ -3.500290424666909, 50.700848540405367 ], [ -3.500387347919176, 50.700811320558188 ], [ -3.500385051538775, 50.700739402753094 ], [ -3.500285832200631, 50.700704704773649 ], [ -3.500188909081751, 50.700741924528856 ], [ -3.500191205167628, 50.700813842355487 ] ] ] } },
{ "type": "Feature", "properties": { "max_height": 0.001251220703125, "mean_height": -0.00017957908858079463, "std_height": 0.00071797776035964489, "count_pixels": 43, "percent_cover": 0.053038619515745074, "percent_above_0.1m": 0.0, "low_level_<0.5": 0.0, "mid_level_0.5-2": 0.0, "tall_2+": 0.0 }, "geometry": { "type": "Polygon", "coordinates": [ [ [ -3.499995062388322, 50.700816363823897 ], [ -3.500094281754219, 50.70085106204899 ], [ -3.500191205167626, 50.700813842355487 ], [ -3.50018890908175, 50.700741924528856 ], [ -3.50008968987699, 50.700707226374206 ], [ -3.499992766596971, 50.700744445975744 ], [ -3.499995062388322, 50.700816363823897 ] ] ] } },
{ "type": "Feature", "properties": { "max_height": 0.0020008087158203125, "mean_height": 9.9508382845669985e-05, "std_height": 0.00093456887407228351, "count_pixels": 38, "percent_cover": 0.046871338176704948, "percent_above_0.1m": 0.0, "low_level_<0.5": 0.0, "mid_level_0.5-2": 0.0, "tall_2+": 0.0 }, "geometry": { "type": "Polygon", "coordinates": [ [ [ -3.499798919581263, 50.700818884963439 ], [ -3.499898138813773, 50.700853583363752 ], [ -3.499995062388321, 50.700816363823897 ], [ -3.49999276659697, 50.700744445975744 ], [ -3.499893547525594, 50.700709747645895 ], [ -3.499796624084436, 50.70074696709375 ], [ -3.499798919581263, 50.700818884963439 ] ] ] } },
{ "type": "Feature", "properties": { "max_height": 0.0032501220703125, "mean_height": 0.0001460674247937277, "std_height": 0.00086991203716024756, "count_pixels": 43, "percent_cover": 0.053038619515745074, "percent_above_0.1m": 0.0, "low_level_<0.5": 0.0, "mid_level_0.5-2": 0.0, "tall_2+": 0.0 }, "geometry": { "type": "Polygon", "coordinates": [ [ [ -3.499602776746456, 50.700821405774143 ], [ -3.499701995845576, 50.70085610434964 ], [ -3.499798919581263, 50.700818884963439 ], [ -3.499796624084436, 50.70074696709375 ], [ -3.499697405146448, 50.700712268588717 ], [ -3.499600481544154, 50.700749487882916 ], [ -3.499602776746456, 50.700821405774143 ] ] ] } },
{ "type": "Feature", "properties": { "max_height": 0.001750946044921875, "mean_height": 6.4539353843429126e-06, "std_height": 0.00063653010874986649, "count_pixels": 43, "percent_cover": 0.053038619515745074, "percent_above_0.1m": 0.0, "low_level_<0.5": 0.0, "mid_level_0.5-2": 0.0, "tall_2+": 0.0 }, "geometry": { "type": "Polygon", "coordinates": [ [ [ -3.499406633883902, 50.70082392625595 ], [ -3.499505852849631, 50.700858625006646 ], [ -3.499602776746455, 50.700821405774143 ], [ -3.499600481544153, 50.700749487882916 ], [ -3.499501262739554, 50.700714789202671 ], [ -3.499404338976126, 50.700752008343194 ], [ -3.499406633883902, 50.70082392625595 ] ] ] } },
{ "type": "Feature", "properties": { "max_height": 0.001251220703125, "mean_height": 2.426324863336049e-05, "std_height": 0.00060485064750537276, "count_pixels": 43, "percent_cover": 0.053038619515745074, "percent_above_0.1m": 0.0, "low_level_<0.5": 0.0, "mid_level_0.5-2": 0.0, "tall_2+": 0.0 }, "geometry": { "type": "Polygon", "coordinates": [ [ [ -3.499210490993606, 50.700826446408897 ], [ -3.499309709825943, 50.700861145334784 ], [ -3.499406633883901, 50.70082392625595 ], [ -3.499404338976125, 50.700752008343194 ], [ -3.499305120304916, 50.70071730948775 ], [ -3.499208196380355, 50.700754528474604 ], [ -3.499210490993606, 50.700826446408897 ] ] ] } },
{ "type": "Feature", "properties": { "max_height": 0.001251220703125, "mean_height": -7.2479248046875e-05, "std_height": 0.00061308144358918071, "count_pixels": 41, "percent_cover": 0.050571706980129021, "percent_above_0.1m": 0.0, "low_level_<0.5": 0.0, "mid_level_0.5-2": 0.0, "tall_2+": 0.0 }, "geometry": { "type": "Polygon", "coordinates": [ [ [ -3.499014348075571, 50.700828966232955 ], [ -3.499113566774514, 50.700863665334069 ], [ -3.499210490993605, 50.700826446408897 ], [ -3.499208196380354, 50.700754528474604 ], [ -3.499108977842538, 50.700719829443969 ], [ -3.499012053756846, 50.700757048277147 ], [ -3.499014348075571, 50.700828966232955 ] ] ] } },
{ "type": "Feature", "properties": { "max_height": 0.0015010833740234375, "mean_height": 0.00010441571066621691, "std_height": 0.00060733826830983162, "count_pixels": 41, "percent_cover": 0.050571706980129021, "percent_above_0.1m": 0.0, "low_level_<0.5": 0.0, "mid_level_0.5-2": 0.0, "tall_2+": 0.0 }, "geometry": { "type": "Polygon", "coordinates": [ [ [ -3.498818205129802, 50.700831485728173 ], [ -3.498917423695349, 50.700866185004472 ], [ -3.49901434807557, 50.700828966232955 ], [ -3.499012053756845, 50.700757048277147 ], [ -3.498912835352424, 50.700722349071306 ], [ -3.498815911105602, 50.700759567750822 ], [ -3.498818205129802, 50.700831485728173 ] ] ] } },
{ "type": "Feature", "properties": { "max_height": 0.0020008087158203125, "mean_height": -5.3498802117246669e-06, "std_height": 0.00066147581674158573, "count_pixels": 41, "percent_cover": 0.050571706980129021, "percent_above_0.1m": 0.0, "low_level_<0.5": 0.0, "mid_level_0.5-2": 0.0, "tall_2+": 0.0 }, "geometry": { "type": "Polygon", "coordinates": [ [ [ -3.498622062156302, 50.700834004894503 ], [ -3.49872128058845, 50.700868704345993 ], [ -3.498818205129801, 50.700831485728173 ], [ -3.498815911105601, 50.700759567750822 ], [ -3.498716692834576, 50.700724868369782 ], [ -3.498619768426627, 50.700762086895622 ], [ -3.498622062156302, 50.700834004894503 ] ] ] } },
{ "type": "Feature", "properties": { "max_height": 0.0015010833740234375, "mean_height": 1.2793191672244575e-05, "std_height": 0.00067619053879752755, "count_pixels": 41, "percent_cover": 0.050571706980129021, "percent_above_0.1m": 0.0, "low_level_<0.5": 0.0, "mid_level_0.5-2": 0.0, "tall_2+": 0.0 }, "geometry": { "type": "Polygon", "coordinates": [ [ [ -3.498425919155072, 50.700836523731958 ], [ -3.498525137453822, 50.700871223358675 ], [ -3.4986220621563, 50.700834004894503 ], [ -3.498619768426626, 50.700762086895622 ], [ -3.498520550289, 50.700727387339377 ], [ -3.498423625719925, 50.700764605711562 ], [ -3.498425919155072, 50.700836523731958 ] ] ] } },
{ "type": "Feature", "properties": { "max_height": 0.0010013580322265625, "mean_height": 4.3589894630713388e-05, "std_height": 0.00050568731967359781, "count_pixels": 41, "percent_cover": 0.050571706980129021, "percent_above_0.1m": 0.0, "low_level_<0.5": 0.0, "mid_level_0.5-2": 0.0, "tall_2+": 0.0 }, "geometry": { "type": "Polygon", "coordinates": [ [ [ -3.498229776126119, 50.700839042240553 ], [ -3.498328994291467, 50.700873742042461 ], [ -3.498425919155071, 50.700836523731958 ], [ -3.498423625719924, 50.700764605711562 ], [ -3.498324407715697, 50.700729905980111 ], [ -3.498227482985497, 50.70076712419862 ], [ -3.498229776126119, 50.700839042240553 ] ] ] } },
{ "type": "Feature", "properties": { "max_height": 0.00250244140625, "mean_height": -0.00054187310161069036, "std_height": 0.0013913909206166863, "count_pixels": 41, "percent_cover": 0.050571706980129021, "percent_above_0.1m": 0.0, "low_level_<0.5": 0.0, "mid_level_0.5-2": 0.0, "tall_2+": 0.0 }, "geometry": { "type": "Polygon", "coordinates": [ [ [ -3.498033633069447, 50.700841560420272 ], [ -3.49813285110139, 50.700876260397386 ], [ -3.498229776126118, 50.700839042240553 ], [ -3.498227482985497, 50.70076712419862 ], [ -3.498128265114673, 50.700732424291978 ], [ -3.498031340223351, 50.700769642356818 ], [ -3.498033633069447, 50.700841560420272 ] ] ] } },
{ "type": "Feature", "properties": { "max_height": 0.0044994354248046875, "mean_height": -5.3498802117246669e-06, "std_height": 0.0012763000559061766, "count_pixels": 41, "percent_cover": 0.050571706980129021, "percent_above_0.1m": 0.0, "low_level_<0.5": 0.0, "mid_level_0.5-2": 0.0, "tall_2+": 0.0 }, "geometry": { "type": "Polygon", "coordinates": [ [ [ -3.497837489985056, 50.700844078271118 ], [ -3.497936707883593, 50.700878778423423 ], [ -3.498033633069446, 50.700841560420272 ], [ -3.498031340223351, 50.700769642356818 ], [ -3.497932122485929, 50.700734942274977 ], [ -3.497835197433488, 50.700772160186133 ], [ -3.497837489985056, 50.700844078271118 ] ] ] } },
{ "type": "Feature", "properties": { "max_height": 0.001499176025390625, "mean_height": -0.00028586969710886478, "std_height": 0.0011508348397910595, "count_pixels": 41, "percent_cover": 0.050571706980129021, "percent_above_0.1m": 0.0, "low_level_<0.5": 0.0, "mid_level_0.5-2": 0.0, "tall_2+": 0.0 }, "geometry": { "type": "Polygon", "coordinates": [ [ [ -3.497641346872952, 50.700846595793095 ], [ -3.497740564638082, 50.700881296120592 ], [ -3.497837489985055, 50.700844078271118 ], [ -3.497835197433486, 50.700772160186133 ], [ -3.497735979829471, 50.700737459929101 ], [ -3.49763905461591, 50.700774677686589 ], [ -3.497641346872952, 50.700846595793095 ] ] ] } },
{ "type": "Feature", "properties": { "max_height": 0.0020008087158203125, "mean_height": -5.1187915232731029e-05, "std_height": 0.00096090888837352395, "count_pixels": 43, "percent_cover": 0.053038619515745074, "percent_above_0.1m": 0.0, "low_level_<0.5": 0.0, "mid_level_0.5-2": 0.0, "tall_2+": 0.0 }, "geometry": { "type": "Polygon", "coordinates": [ [ [ -3.497445203733138, 50.700849112986191 ], [ -3.497544421364859, 50.700883813488886 ], [ -3.497641346872951, 50.700846595793095 ], [ -3.49763905461591, 50.700774677686589 ], [ -3.497539837145302, 50.700739977254344 ], [ -3.497442911770623, 50.700777194858162 ], [ -3.497445203733138, 50.700849112986191 ] ] ] } },
{ "type": "Feature", "properties": { "max_height": 1.0667514801025391, "mean_height": 0.087791532278060913, "std_height": 0.22994996607303619, "count_pixels": 43, "percent_cover": 0.053038619515745074, "percent_above_0.1m": 18.604651162790699, "low_level_<0.5": 13.953488372093023, "mid_level_0.5-2": 4.6511627906976747, "tall_2+": 0.0 }, "geometry": { "type": "Polygon", "coordinates": [ [ [ -3.497249060565619, 50.700851629850419 ], [ -3.497348278063928, 50.70088633052832 ], [ -3.497445203733137, 50.700849112986191 ], [ -3.497442911770622, 50.700777194858162 ], [ -3.497343694433425, 50.700742494250719 ], [ -3.497246768897631, 50.700779711700861 ], [ -3.497249060565619, 50.700851629850419 ] ] ] } },
{ "type": "Feature", "properties": { "max_height": 0.0110015869140625, "mean_height": -0.0010980304796248674, "std_height": 0.0037647916469722986, "count_pixels": 38, "percent_cover": 0.046871338176704948, "percent_above_0.1m": 0.0, "low_level_<0.5": 0.0, "mid_level_0.5-2": 0.0, "tall_2+": 0.0 }, "geometry": { "type": "Polygon", "coordinates": [ [ [ -3.497052917370397, 50.700854146385772 ], [ -3.497152134735293, 50.700888847238865 ], [ -3.497249060565618, 50.700851629850419 ], [ -3.49724676889763, 50.700779711700861 ], [ -3.497147551693843, 50.700745010918219 ], [ -3.497050625996935, 50.700782228214699 ], [ -3.497052917370397, 50.700854146385772 ] ] ] } },
{ "type": "Feature", "properties": { "max_height": 8.4730014801025391, "mean_height": 0.91601240634918213, "std_height": 2.2734825611114502, "count_pixels": 43, "percent_cover": 0.053038619515745074, "percent_above_0.1m": 25.581395348837212, "low_level_<0.5": 4.6511627906976747, "mid_level_0.5-2": 9.3023255813953494, "tall_2+": 11.627906976744185 }, "geometry": { "type": "Polygon", "coordinates": [ [ [ -3.496856774147475, 50.700856662592244 ], [ -3.496955991378957, 50.700891363620549 ], [ -3.497052917370396, 50.700854146385772 ], [ -3.497050625996935, 50.700782228214699 ], [ -3.496951408926562, 50.700747527256858 ], [ -3.496854483068542, 50.700784744399648 ], [ -3.496856774147475, 50.700856662592244 ] ] ] } },
{ "type": "Feature", "properties": { "max_height": 12.364252090454102, "mean_height": 4.8500943183898926, "std_height": 3.1831037998199463, "count_pixels": 43, "percent_cover": 0.053038619515745074, "percent_above_0.1m": 93.023255813953483, "low_level_<0.5": 4.6511627906976747, "mid_level_0.5-2": 6.9767441860465116, "tall_2+": 79.069767441860463 }, "geometry": { "type": "Polygon", "coordinates": [ [ [ -3.496660630896859, 50.700859178469841 ], [ -3.496759847994924, 50.700893879673352 ], [ -3.496856774147474, 50.700856662592244 ], [ -3.496854483068541, 50.700784744399648 ], [ -3.496755266131583, 50.700750043266623 ], [ -3.496658340112452, 50.700787260255737 ], [ -3.496660630896859, 50.700859178469841 ] ] ] } },
{ "type": "Feature", "properties": { "max_height": 10.546002388000488, "mean_height": 4.8020243644714355, "std_height": 3.575075626373291, "count_pixels": 43, "percent_cover": 0.053038619515745074, "percent_above_0.1m": 83.720930232558146, "low_level_<0.5": 6.9767441860465116, "mid_level_0.5-2": 9.3023255813953494, "tall_2+": 67.441860465116278 }, "geometry": { "type": "Polygon", "coordinates": [ [ [ -3.49646448761855, 50.700861694018585 ], [ -3.496563704583196, 50.700896395397272 ], [ -3.496660630896857, 50.700859178469841 ], [ -3.496658340112451, 50.700787260255737 ], [ -3.49655912330891, 50.700752558947514 ], [ -3.496462197128671, 50.700789775782944 ], [ -3.49646448761855, 50.700861694018585 ] ] ] } },
{ "type": "Feature", "properties": { "max_height": 0.395751953125, "mean_height": 0.012909377925097942, "std_height": 0.06249401718378067, "count_pixels": 41, "percent_cover": 0.050571706980129021, "percent_above_0.1m": 2.4390243902439024, "low_level_<0.5": 2.4390243902439024, "mid_level_0.5-2": 0.0, "tall_2+": 0.0 }, "geometry": { "type": "Polygon", "coordinates": [ [ [ -3.496268344312554, 50.700864209238446 ], [ -3.496367561143779, 50.70089891079234 ], [ -3.496464487618549, 50.700861694018585 ], [ -3.49646219712867, 50.700789775782944 ], [ -3.496362980458549, 50.700755074299522 ], [ -3.496266054117202, 50.700792290981283 ], [ -3.496268344312554, 50.700864209238446 ] ] ] } },
{ "type": "Feature", "properties": { "max_height": 0.88750076293945312, "mean_height": 0.054409142583608627, "std_height": 0.17764240503311157, "count_pixels": 41, "percent_cover": 0.050571706980129021, "percent_above_0.1m": 12.195121951219512, "low_level_<0.5": 4.8780487804878048, "mid_level_0.5-2": 4.8780487804878048, "tall_2+": 0.0 }, "geometry": { "type": "Polygon", "coordinates": [ [ [ -3.496072200978873, 50.700866724129426 ], [ -3.496171417676675, 50.700901425858504 ], [ -3.496268344312553, 50.700864209238446 ], [ -3.496266054117202, 50.700792290981283 ], [ -3.4961668375805, 50.70075758932267 ], [ -3.496069911078048, 50.700794805850748 ], [ -3.496072200978873, 50.700866724129426 ] ] ] } },
{ "type": "Feature", "properties": { "max_height": 2.6760005950927734, "mean_height": 0.15904343128204346, "std_height": 0.51879602670669556, "count_pixels": 41, "percent_cover": 0.050571706980129021, "percent_above_0.1m": 14.634146341463413, "low_level_<0.5": 7.3170731707317067, "mid_level_0.5-2": 4.8780487804878048, "tall_2+": 2.4390243902439024 }, "geometry": { "type": "Polygon", "coordinates": [ [ [ -3.495876057617509, 50.700869238691531 ], [ -3.495975274181889, 50.700903940595801 ], [ -3.496072200978872, 50.700866724129426 ], [ -3.496069911078048, 50.700794805850748 ], [ -3.495970694674769, 50.700760104016929 ], [ -3.495873768011214, 50.700797320391338 ], [ -3.495876057617509, 50.700869238691531 ] ] ] } },
{ "type": "Feature", "properties": { "max_height": 0.77175140380859375, "mean_height": 0.023732626810669899, "std_height": 0.12239024043083191, "count_pixels": 41, "percent_cover": 0.050571706980129021, "percent_above_0.1m": 7.3170731707317067, "low_level_<0.5": 2.4390243902439024, "mid_level_0.5-2": 2.4390243902439024, "tall_2+": 0.0 }, "geometry": { "type": "Polygon", "coordinates": [ [ [ -3.495679914228471, 50.700871752924762 ], [ -3.495779130659423, 50.700906455004237 ], [ -3.495876057617509, 50.700869238691531 ], [ -3.495873768011214, 50.700797320391338 ], [ -3.49577455174136, 50.700762618382328 ], [ -3.495677624916703, 50.700799834603046 ], [ -3.495679914228471, 50.700871752924762 ] ] ] } },
{ "type": "Feature", "properties": { "max_height": 7.3555011749267578, "mean_height": 1.8002756834030151, "std_height": 1.994831919670105, "count_pixels": 41, "percent_cover": 0.050571706980129021, "percent_above_0.1m": 75.609756097560975, "low_level_<0.5": 7.3170731707317067, "mid_level_0.5-2": 41.463414634146339, "tall_2+": 26.829268292682929 }, "geometry": { "type": "Polygon", "coordinates": [ [ [ -3.495483770811757, 50.700874266829111 ], [ -3.495582987109281, 50.700908969083791 ], [ -3.49567991422847, 50.700871752924762 ], [ -3.495677624916702, 50.700799834603046 ], [ -3.495578408780274, 50.700765132418844 ], [ -3.495481481794518, 50.70080234848588 ], [ -3.495483770811757, 50.700874266829111 ] ] ] } },
{ "type": "Feature", "properties": { "max_height": 11.56925106048584, "mean_height": 3.0866925716400146, "std_height": 4.033322811126709, "count_pixels": 43, "percent_cover": 0.053038619515745074, "percent_above_0.1m": 58.139534883720934, "low_level_<0.5": 6.9767441860465116, "mid_level_0.5-2": 9.3023255813953494, "tall_2+": 37.209302325581397 }, "geometry": { "type": "Polygon", "coordinates": [ [ [ -3.500881150369007, 50.70091289125056 ], [ -3.500980370562956, 50.700947588670097 ], [ -3.501077293465168, 50.700910368269923 ], [ -3.501074996040051, 50.700838450542186 ], [ -3.500975776007248, 50.700803753193107 ], [ -3.500878853238417, 50.700840973501286 ], [ -3.500881150369007, 50.70091289125056 ] ] ] } },
{ "type": "Feature", "properties": { "max_height": 14.419001579284668, "mean_height": 7.2372393608093262, "std_height": 3.6330254077911377, "count_pixels": 43, "percent_cover": 0.053038619515745074, "percent_above_0.1m": 100.0, "low_level_<0.5": 0.0, "mid_level_0.5-2": 4.6511627906976747, "tall_2+": 90.697674418604649 }, "geometry": { "type": "Polygon", "coordinates": [ [ [ -3.500685007245076, 50.700915413902337 ], [ -3.500784227305645, 50.700950111497079 ], [ -3.500881150369006, 50.70091289125056 ], [ -3.500878853238416, 50.700840973501286 ], [ -3.500779633338991, 50.700806275976994 ], [ -3.500682710409012, 50.700843496131512 ], [ -3.500685007245076, 50.700915413902337 ] ] ] } },
{ "type": "Feature", "properties": { "max_height": 16.488502502441406, "mean_height": 8.2390537261962891, "std_height": 4.3976020812988281, "count_pixels": 43, "percent_cover": 0.053038619515745074, "percent_above_0.1m": 100.0, "low_level_<0.5": 2.3255813953488373, "mid_level_0.5-2": 4.6511627906976747, "tall_2+": 93.023255813953483 }, "geometry": { "type": "Polygon", "coordinates": [ [ [ -3.50048886409338, 50.700917936225231 ], [ -3.500588084020568, 50.700952633995186 ], [ -3.500685007245075, 50.700915413902337 ], [ -3.500682710409011, 50.700843496131512 ], [ -3.500583490642966, 50.700808798432014 ], [ -3.500486567551842, 50.700846018432877 ], [ -3.50048886409338, 50.700917936225231 ] ] ] } },
{ "type": "Feature", "properties": { "max_height": 10.59325122833252, "mean_height": 2.293250560760498, "std_height": 3.4138104915618896, "count_pixels": 41, "percent_cover": 0.050571706980129021, "percent_above_0.1m": 46.341463414634148, "low_level_<0.5": 2.4390243902439024, "mid_level_0.5-2": 9.7560975609756095, "tall_2+": 34.146341463414636 }, "geometry": { "type": "Polygon", "coordinates": [ [ [ -3.500292720913922, 50.700920458219258 ], [ -3.500391940707727, 50.700955156164405 ], [ -3.500488864093379, 50.700917936225231 ], [ -3.500486567551842, 50.700846018432877 ], [ -3.500387347919176, 50.700811320558188 ], [ -3.50029042466691, 50.700848540405367 ], [ -3.500292720913922, 50.700920458219258 ] ] ] } },
{ "type": "Feature", "properties": { "max_height": 0.0010004043579101562, "mean_height": 6.8385425038286485e-06, "std_height": 0.00057497201487421989, "count_pixels": 41, "percent_cover": 0.050571706980129021, "percent_above_0.1m": 0.0, "low_level_<0.5": 0.0, "mid_level_0.5-2": 0.0, "tall_2+": 0.0 }, "geometry": { "type": "Polygon", "coordinates": [ [ [ -3.500096577706704, 50.700922979884417 ], [ -3.500195797367124, 50.700957678004769 ], [ -3.500292720913921, 50.700920458219258 ], [ -3.500290424666909, 50.700848540405367 ], [ -3.500191205167628, 50.700813842355487 ], [ -3.500094281754219, 50.70085106204899 ], [ -3.500096577706704, 50.700922979884417 ] ] ] } },
{ "type": "Feature", "properties": { "max_height": 0.0015010833740234375, "mean_height": -2.972672700707335e-05, "std_height": 0.00060785398818552494, "count_pixels": 41, "percent_cover": 0.050571706980129021, "percent_above_0.1m": 0.0, "low_level_<0.5": 0.0, "mid_level_0.5-2": 0.0, "tall_2+": 0.0 }, "geometry": { "type": "Polygon", "coordinates": [ [ [ -3.499900434471732, 50.700925501220709 ], [ -3.499999653998765, 50.700960199516267 ], [ -3.500096577706704, 50.700922979884417 ], [ -3.500094281754219, 50.70085106204899 ], [ -3.499995062388322, 50.700816363823897 ], [ -3.499898138813774, 50.700853583363752 ], [ -3.499900434471732, 50.700925501220709 ] ] ] } },
{ "type": "Feature", "properties": { "max_height": 0.0015010833740234375, "mean_height": -4.2008192394860089e-05, "std_height": 0.00077299703843891621, "count_pixels": 41, "percent_cover": 0.050571706980129021, "percent_above_0.1m": 0.0, "low_level_<0.5": 0.0, "mid_level_0.5-2": 0.0, "tall_2+": 0.0 }, "geometry": { "type": "Polygon", "coordinates": [ [ [ -3.499704291209009, 50.700928022228119 ], [ -3.499803510602653, 50.700962720698897 ], [ -3.499900434471731, 50.700925501220709 ], [ -3.499898138813773, 50.700853583363752 ], [ -3.499798919581263, 50.700818884963439 ], [ -3.499701995845577, 50.70085610434964 ], [ -3.499704291209009, 50.700928022228119 ] ] ] } },
{ "type": "Feature", "properties": { "max_height": 0.0015010833740234375, "mean_height": -6.6245476773474365e-05, "std_height": 0.00068510137498378754, "count_pixels": 41, "percent_cover": 0.050571706980129021, "percent_above_0.1m": 0.0, "low_level_<0.5": 0.0, "mid_level_0.5-2": 0.0, "tall_2+": 0.0 }, "geometry": { "type": "Polygon", "coordinates": [ [ [ -3.499508147918537, 50.700930542906676 ], [ -3.499607367178791, 50.700965241552638 ], [ -3.499704291209008, 50.700928022228119 ], [ -3.499701995845576, 50.70085610434964 ], [ -3.499602776746456, 50.700821405774143 ], [ -3.499505852849633, 50.700858625006646 ], [ -3.499508147918537, 50.700930542906676 ] ] ] } },
{ "type": "Feature", "properties": { "max_height": 0.00099945068359375, "mean_height": -0.00020641234004870057, "std_height": 0.00061454460956156254, "count_pixels": 41, "percent_cover": 0.050571706980129021, "percent_above_0.1m": 0.0, "low_level_<0.5": 0.0, "mid_level_0.5-2": 0.0, "tall_2+": 0.0 }, "geometry": { "type": "Polygon", "coordinates": [ [ [ -3.499312004600322, 50.700933063256358 ], [ -3.499411223727183, 50.700967762077518 ], [ -3.499508147918537, 50.700930542906676 ], [ -3.499505852849631, 50.700858625006646 ], [ -3.499406633883902, 50.70082392625595 ], [ -3.499309709825944, 50.700861145334784 ], [ -3.499312004600322, 50.700933063256358 ] ] ] } },
{ "type": "Feature", "properties": { "max_height": 0.00875091552734375, "mean_height": 0.00013504958769772202, "std_height": 0.0014558007242158055, "count_pixels": 41, "percent_cover": 0.050571706980129021, "percent_above_0.1m": 0.0, "low_level_<0.5": 0.0, "mid_level_0.5-2": 0.0, "tall_2+": 0.0 }, "geometry": { "type": "Polygon", "coordinates": [ [ [ -3.499115861254366, 50.700935583277165 ], [ -3.499215080247833, 50.700970282273531 ], [ -3.499312004600321, 50.700933063256358 ], [ -3.499309709825943, 50.700861145334784 ], [ -3.499210490993606, 50.700826446408897 ], [ -3.499113566774515, 50.700863665334069 ], [ -3.499115861254366, 50.700935583277165 ] ] ] } },
{ "type": "Feature", "properties": { "max_height": 0.001750946044921875, "mean_height": 5.3361403843155131e-05, "std_height": 0.00054362142691388726, "count_pixels": 43, "percent_cover": 0.053038619515745074, "percent_above_0.1m": 0.0, "low_level_<0.5": 0.0, "mid_level_0.5-2": 0.0, "tall_2+": 0.0 }, "geometry": { "type": "Polygon", "coordinates": [ [ [ -3.498919717880672, 50.700938102969097 ], [ -3.499018936740743, 50.700972802140662 ], [ -3.499115861254365, 50.700935583277165 ], [ -3.499113566774514, 50.700863665334069 ], [ -3.499014348075571, 50.700828966232955 ], [ -3.49891742369535, 50.700866185004472 ], [ -3.498919717880672, 50.700938102969097 ] ] ] } },
{ "type": "Feature", "properties": { "max_height": 0.0015010833740234375, "mean_height": 2.408582076895982e-05, "std_height": 0.00067093275720253587, "count_pixels": 43, "percent_cover": 0.053038619515745074, "percent_above_0.1m": 0.0, "low_level_<0.5": 0.0, "mid_level_0.5-2": 0.0, "tall_2+": 0.0 }, "geometry": { "type": "Polygon", "coordinates": [ [ [ -3.498723574479246, 50.700940622332162 ], [ -3.498822793205919, 50.700975321678925 ], [ -3.498919717880672, 50.700938102969097 ], [ -3.498917423695349, 50.700866185004472 ], [ -3.498818205129802, 50.700831485728173 ], [ -3.49872128058845, 50.700868704345993 ], [ -3.498723574479246, 50.700940622332162 ] ] ] } },
{ "type": "Feature", "properties": { "max_height": 0.0025005340576171875, "mean_height": 0.00011124721640953794, "std_height": 0.00081636826507747173, "count_pixels": 43, "percent_cover": 0.053038619515745074, "percent_above_0.1m": 0.0, "low_level_<0.5": 0.0, "mid_level_0.5-2": 0.0, "tall_2+": 0.0 }, "geometry": { "type": "Polygon", "coordinates": [ [ [ -3.49852743105009, 50.700943141366345 ], [ -3.498626649643363, 50.700977840888307 ], [ -3.498723574479245, 50.700940622332162 ], [ -3.49872128058845, 50.700868704345993 ], [ -3.498622062156302, 50.700834004894503 ], [ -3.498525137453823, 50.700871223358675 ], [ -3.49852743105009, 50.700943141366345 ] ] ] } },
{ "type": "Feature", "properties": { "max_height": 0.001251220703125, "mean_height": -0.00032148862374015152, "std_height": 0.0011149483034387231, "count_pixels": 38, "percent_cover": 0.046871338176704948, "percent_above_0.1m": 0.0, "low_level_<0.5": 0.0, "mid_level_0.5-2": 0.0, "tall_2+": 0.0 }, "geometry": { "type": "Polygon", "coordinates": [ [ [ -3.498331287593206, 50.700945660071653 ], [ -3.498430506053078, 50.700980359768835 ], [ -3.498527431050088, 50.700943141366345 ], [ -3.498525137453822, 50.700871223358675 ], [ -3.498425919155072, 50.700836523731958 ], [ -3.498328994291467, 50.700873742042461 ], [ -3.498331287593206, 50.700945660071653 ] ] ] } },
{ "type": "Feature", "properties": { "max_height": 0.04000091552734375, "mean_height": 0.0021055354736745358, "std_height": 0.0070852707140147686, "count_pixels": 43, "percent_cover": 0.053038619515745074, "percent_above_0.1m": 0.0, "low_level_<0.5": 0.0, "mid_level_0.5-2": 0.0, "tall_2+": 0.0 }, "geometry": { "type": "Polygon", "coordinates": [ [ [ -3.498135144108601, 50.700948178448115 ], [ -3.498234362435069, 50.700982878320481 ], [ -3.498331287593206, 50.700945660071653 ], [ -3.498328994291467, 50.700873742042461 ], [ -3.498229776126119, 50.700839042240553 ], [ -3.49813285110139, 50.700876260397386 ], [ -3.498135144108601, 50.700948178448115 ] ] ] } },
{ "type": "Feature", "properties": { "max_height": 0.0020008087158203125, "mean_height": -0.00047000619815662503, "std_height": 0.001844309619627893, "count_pixels": 43, "percent_cover": 0.053038619515745074, "percent_above_0.1m": 0.0, "low_level_<0.5": 0.0, "mid_level_0.5-2": 0.0, "tall_2+": 0.0 }, "geometry": { "type": "Polygon", "coordinates": [ [ [ -3.497939000596278, 50.700950696495688 ], [ -3.49803821878934, 50.700985396543238 ], [ -3.4981351441086, 50.700948178448115 ], [ -3.49813285110139, 50.700876260397386 ], [ -3.498033633069447, 50.700841560420272 ], [ -3.497936707883594, 50.700878778423423 ], [ -3.497939000596278, 50.700950696495688 ] ] ] } },
{ "type": "Feature", "properties": { "max_height": 0.0007495880126953125, "mean_height": -0.00083062815247103572, "std_height": 0.0016039237380027771, "count_pixels": 43, "percent_cover": 0.053038619515745074, "percent_above_0.1m": 0.0, "low_level_<0.5": 0.0, "mid_level_0.5-2": 0.0, "tall_2+": 0.0 }, "geometry": { "type": "Polygon", "coordinates": [ [ [ -3.497742857056237, 50.700953214214373 ], [ -3.497842075115893, 50.70098791443715 ], [ -3.497939000596276, 50.700950696495688 ], [ -3.497936707883593, 50.700878778423423 ], [ -3.497837489985056, 50.700844078271118 ], [ -3.497740564638084, 50.700881296120592 ], [ -3.497742857056237, 50.700953214214373 ] ] ] } },
{ "type": "Feature", "properties": { "max_height": 0.0072498321533203125, "mean_height": -0.00043185162940062582, "std_height": 0.0017761621857061982, "count_pixels": 41, "percent_cover": 0.050571706980129021, "percent_above_0.1m": 0.0, "low_level_<0.5": 0.0, "mid_level_0.5-2": 0.0, "tall_2+": 0.0 }, "geometry": { "type": "Polygon", "coordinates": [ [ [ -3.497546713488486, 50.700955731604196 ], [ -3.497645931414732, 50.700990432002172 ], [ -3.497742857056236, 50.700953214214373 ], [ -3.497740564638082, 50.700881296120592 ], [ -3.497641346872952, 50.700846595793095 ], [ -3.49754442136486, 50.700883813488886 ], [ -3.497546713488486, 50.700955731604196 ] ] ] } },
{ "type": "Feature", "properties": { "max_height": 0.0010013580322265625, "mean_height": -0.00056015572044998407, "std_height": 0.0013934265589341521, "count_pixels": 41, "percent_cover": 0.050571706980129021, "percent_above_0.1m": 0.0, "low_level_<0.5": 0.0, "mid_level_0.5-2": 0.0, "tall_2+": 0.0 }, "geometry": { "type": "Polygon", "coordinates": [ [ [ -3.497350569893026, 50.700958248665145 ], [ -3.497449787685861, 50.700992949238319 ], [ -3.497546713488486, 50.700955731604196 ], [ -3.497544421364859, 50.700883813488886 ], [ -3.497445203733138, 50.700849112986191 ], [ -3.497348278063929, 50.70088633052832 ], [ -3.497350569893026, 50.700958248665145 ] ] ] } },
{ "type": "Feature", "properties": { "max_height": 0.007999420166015625, "mean_height": -4.7823279601288959e-05, "std_height": 0.0023072715848684311, "count_pixels": 41, "percent_cover": 0.050571706980129021, "percent_above_0.1m": 0.0, "low_level_<0.5": 0.0, "mid_level_0.5-2": 0.0, "tall_2+": 0.0 }, "geometry": { "type": "Polygon", "coordinates": [ [ [ -3.497154426269862, 50.700960765397213 ], [ -3.497253643929284, 50.700995466145592 ], [ -3.497350569893026, 50.700958248665145 ], [ -3.497348278063928, 50.70088633052832 ], [ -3.497249060565619, 50.700851629850419 ], [ -3.497152134735294, 50.700888847238865 ], [ -3.497154426269862, 50.700960765397213 ] ] ] } },
{ "type": "Feature", "properties": { "max_height": 0.0097503662109375, "mean_height": 6.2058614275883883e-05, "std_height": 0.0035674776881933212, "count_pixels": 41, "percent_cover": 0.050571706980129021, "percent_above_0.1m": 0.0, "low_level_<0.5": 0.0, "mid_level_0.5-2": 0.0, "tall_2+": 0.0 }, "geometry": { "type": "Polygon", "coordinates": [ [ [ -3.496958282618997, 50.700963281800426 ], [ -3.497057500145005, 50.70099798272399 ], [ -3.497154426269861, 50.700960765397213 ], [ -3.497152134735293, 50.700888847238865 ], [ -3.497052917370397, 50.700854146385772 ], [ -3.496955991378958, 50.700891363620549 ], [ -3.496958282618997, 50.700963281800426 ] ] ] } },
{ "type": "Feature", "properties": { "max_height": 3.4102516174316406, "mean_height": 0.099372722208499908, "std_height": 0.52963846921920776, "count_pixels": 41, "percent_cover": 0.050571706980129021, "percent_above_0.1m": 4.8780487804878048, "low_level_<0.5": 0.0, "mid_level_0.5-2": 2.4390243902439024, "tall_2+": 2.4390243902439024 }, "geometry": { "type": "Polygon", "coordinates": [ [ [ -3.496762138940435, 50.700965797874744 ], [ -3.496861356333025, 50.701000498973499 ], [ -3.496958282618997, 50.700963281800426 ], [ -3.496955991378957, 50.700891363620549 ], [ -3.496856774147475, 50.700856662592244 ], [ -3.496759847994924, 50.700893879673352 ], [ -3.496762138940435, 50.700965797874744 ] ] ] } },
{ "type": "Feature", "properties": { "max_height": 9.75775146484375, "mean_height": 3.0126104354858398, "std_height": 3.3582248687744141, "count_pixels": 41, "percent_cover": 0.050571706980129021, "percent_above_0.1m": 60.975609756097562, "low_level_<0.5": 0.0, "mid_level_0.5-2": 19.512195121951219, "tall_2+": 41.463414634146339 }, "geometry": { "type": "Polygon", "coordinates": [ [ [ -3.496565995234178, 50.700968313620187 ], [ -3.49666521249335, 50.701003014894162 ], [ -3.496762138940434, 50.700965797874744 ], [ -3.496759847994924, 50.700893879673352 ], [ -3.496660630896859, 50.700859178469841 ], [ -3.496563704583196, 50.700896395397272 ], [ -3.496565995234178, 50.700968313620187 ] ] ] } },
{ "type": "Feature", "properties": { "max_height": 8.1810016632080078, "mean_height": 2.4669032096862793, "std_height": 2.3864536285400391, "count_pixels": 41, "percent_cover": 0.050571706980129021, "percent_above_0.1m": 78.048780487804876, "low_level_<0.5": 17.073170731707318, "mid_level_0.5-2": 9.7560975609756095, "tall_2+": 51.219512195121951 }, "geometry": { "type": "Polygon", "coordinates": [ [ [ -3.496369851500231, 50.700970829036756 ], [ -3.496469068625983, 50.701005530485922 ], [ -3.496565995234177, 50.700968313620187 ], [ -3.496563704583196, 50.700896395397272 ], [ -3.49646448761855, 50.700861694018585 ], [ -3.49636756114378, 50.70089891079234 ], [ -3.496369851500231, 50.700970829036756 ] ] ] } },
{ "type": "Feature", "properties": { "max_height": 6.4392509460449219, "mean_height": 0.27616366744041443, "std_height": 1.1473743915557861, "count_pixels": 43, "percent_cover": 0.053038619515745074, "percent_above_0.1m": 11.627906976744185, "low_level_<0.5": 4.6511627906976747, "mid_level_0.5-2": 2.3255813953488373, "tall_2+": 4.6511627906976747 }, "geometry": { "type": "Polygon", "coordinates": [ [ [ -3.496173707738598, 50.700973344124463 ], [ -3.496272924730927, 50.701008045748821 ], [ -3.49636985150023, 50.700970829036756 ], [ -3.496367561143779, 50.70089891079234 ], [ -3.496268344312554, 50.700864209238446 ], [ -3.496171417676676, 50.700901425858504 ], [ -3.496173707738598, 50.700973344124463 ] ] ] } },
{ "type": "Feature", "properties": { "max_height": 0.0080013275146484375, "mean_height": -0.0026152855716645718, "std_height": 0.0048049092292785645, "count_pixels": 43, "percent_cover": 0.053038619515745074, "percent_above_0.1m": 0.0, "low_level_<0.5": 0.0, "mid_level_0.5-2": 0.0, "tall_2+": 0.0 }, "geometry": { "type": "Polygon", "coordinates": [ [ [ -3.495977563949281, 50.700975858883282 ], [ -3.496076780808187, 50.701010560682839 ], [ -3.496173707738597, 50.700973344124463 ], [ -3.496171417676675, 50.700901425858504 ], [ -3.496072200978873, 50.700866724129426 ], [ -3.495975274181889, 50.700903940595801 ], [ -3.495977563949281, 50.700975858883282 ] ] ] } },
{ "type": "Feature", "properties": { "max_height": 9.9925003051757812, "mean_height": 1.5781111717224121, "std_height": 2.5808773040771484, "count_pixels": 43, "percent_cover": 0.053038619515745074, "percent_above_0.1m": 39.534883720930232, "low_level_<0.5": 0.0, "mid_level_0.5-2": 4.6511627906976747, "tall_2+": 32.558139534883722 }, "geometry": { "type": "Polygon", "coordinates": [ [ [ -3.495781420132286, 50.700978373313234 ], [ -3.495880636857765, 50.701013075287975 ], [ -3.495977563949281, 50.700975858883282 ], [ -3.495975274181889, 50.700903940595801 ], [ -3.495876057617509, 50.700869238691531 ], [ -3.495779130659424, 50.700906455004237 ], [ -3.495781420132286, 50.700978373313234 ] ] ] } },
{ "type": "Feature", "properties": { "max_height": 7.4770011901855469, "mean_height": 2.7485735416412354, "std_height": 2.1256208419799805, "count_pixels": 38, "percent_cover": 0.046871338176704948, "percent_above_0.1m": 97.368421052631575, "low_level_<0.5": 13.157894736842104, "mid_level_0.5-2": 34.210526315789473, "tall_2+": 47.368421052631575 }, "geometry": { "type": "Polygon", "coordinates": [ [ [ -3.495585276287614, 50.700980887414289 ], [ -3.495684492879665, 50.701015589564243 ], [ -3.495781420132285, 50.700978373313234 ], [ -3.495779130659423, 50.700906455004237 ], [ -3.495679914228471, 50.700871752924762 ], [ -3.495582987109282, 50.700908969083791 ], [ -3.495585276287614, 50.700980887414289 ] ] ] } },
{ "type": "Feature", "properties": { "max_height": 12.264251708984375, "mean_height": 4.823641300201416, "std_height": 4.7203741073608398, "count_pixels": 41, "percent_cover": 0.050571706980129021, "percent_above_0.1m": 65.853658536585371, "low_level_<0.5": 2.4390243902439024, "mid_level_0.5-2": 4.8780487804878048, "tall_2+": 56.09756097560976 }, "geometry": { "type": "Polygon", "coordinates": [ [ [ -3.500590380723245, 50.701024551774772 ], [ -3.500689600944956, 50.701059249439986 ], [ -3.500786524302849, 50.701022029255135 ], [ -3.500784227305645, 50.700950111497079 ], [ -3.500685007245075, 50.700915413902337 ], [ -3.500588084020568, 50.700952633995186 ], [ -3.500590380723245, 50.701024551774772 ] ] ] } },
{ "type": "Feature", "properties": { "max_height": 13.485001564025879, "mean_height": 7.1061291694641113, "std_height": 3.8263339996337891, "count_pixels": 41, "percent_cover": 0.050571706980129021, "percent_above_0.1m": 95.121951219512198, "low_level_<0.5": 0.0, "mid_level_0.5-2": 9.7560975609756095, "tall_2+": 85.365853658536579 }, "geometry": { "type": "Polygon", "coordinates": [ [ [ -3.500394237115874, 50.701027073965548 ], [ -3.500493457204204, 50.701061771805954 ], [ -3.500590380723244, 50.701024551774772 ], [ -3.500588084020567, 50.700952633995186 ], [ -3.500488864093379, 50.700917936225231 ], [ -3.500391940707727, 50.700955156164405 ], [ -3.500394237115874, 50.701027073965548 ] ] ] } },
{ "type": "Feature", "properties": { "max_height": 12.265750885009766, "mean_height": 6.0091686248779297, "std_height": 4.4034585952758789, "count_pixels": 43, "percent_cover": 0.053038619515745074, "percent_above_0.1m": 76.744186046511629, "low_level_<0.5": 0.0, "mid_level_0.5-2": 4.6511627906976747, "tall_2+": 72.093023255813947 }, "geometry": { "type": "Polygon", "coordinates": [ [ [ -3.500198093480744, 50.701029595827443 ], [ -3.500297313435689, 50.701064293843061 ], [ -3.500394237115874, 50.701027073965548 ], [ -3.500391940707726, 50.700955156164405 ], [ -3.500292720913921, 50.700920458219258 ], [ -3.500195797367124, 50.700957678004769 ], [ -3.500198093480744, 50.701029595827443 ] ] ] } },
{ "type": "Feature", "properties": { "max_height": 8.2902507781982422, "mean_height": 0.83137279748916626, "std_height": 2.158085823059082, "count_pixels": 43, "percent_cover": 0.053038619515745074, "percent_above_0.1m": 20.930232558139537, "low_level_<0.5": 2.3255813953488373, "mid_level_0.5-2": 6.9767441860465116, "tall_2+": 11.627906976744185 }, "geometry": { "type": "Polygon", "coordinates": [ [ [ -3.500001949817857, 50.701032117360477 ], [ -3.500101169639415, 50.701066815551293 ], [ -3.500198093480743, 50.701029595827443 ], [ -3.500195797367124, 50.700957678004769 ], [ -3.500096577706704, 50.700922979884417 ], [ -3.499999653998765, 50.700960199516267 ], [ -3.500001949817857, 50.701032117360477 ] ] ] } },
{ "type": "Feature", "properties": { "max_height": 0.0012531280517578125, "mean_height": -5.8324712881585583e-05, "std_height": 0.0005662672920152545, "count_pixels": 38, "percent_cover": 0.046871338176704948, "percent_above_0.1m": 0.0, "low_level_<0.5": 0.0, "mid_level_0.5-2": 0.0, "tall_2+": 0.0 }, "geometry": { "type": "Polygon", "coordinates": [ [ [ -3.499805806127216, 50.701034638564622 ], [ -3.499905025815385, 50.701069336930644 ], [ -3.500001949817857, 50.701032117360477 ], [ -3.499999653998764, 50.700960199516267 ], [ -3.499900434471731, 50.700925501220709 ], [ -3.499803510602653, 50.700962720698897 ], [ -3.499805806127216, 50.701034638564622 ] ] ] } },
{ "type": "Feature", "properties": { "max_height": 0.0020008087158203125, "mean_height": -4.8349070311815012e-06, "std_height": 0.00072842731606215239, "count_pixels": 43, "percent_cover": 0.053038619515745074, "percent_above_0.1m": 0.0, "low_level_<0.5": 0.0, "mid_level_0.5-2": 0.0, "tall_2+": 0.0 }, "geometry": { "type": "Polygon", "coordinates": [ [ [ -3.499609662408826, 50.701037159439913 ], [ -3.499708881963605, 50.701071857981134 ], [ -3.499805806127215, 50.701034638564622 ], [ -3.499803510602653, 50.700962720698897 ], [ -3.499704291209008, 50.700928022228119 ], [ -3.499607367178791, 50.700965241552638 ], [ -3.499609662408826, 50.701037159439913 ] ] ] } },
{ "type": "Feature", "properties": { "max_height": 0.0015010833740234375, "mean_height": 0.00012291310122236609, "std_height": 0.00056117452913895249, "count_pixels": 43, "percent_cover": 0.053038619515745074, "percent_above_0.1m": 0.0, "low_level_<0.5": 0.0, "mid_level_0.5-2": 0.0, "tall_2+": 0.0 }, "geometry": { "type": "Polygon", "coordinates": [ [ [ -3.499413518662689, 50.701039679986323 ], [ -3.499512738084075, 50.701074378702756 ], [ -3.499609662408824, 50.701037159439913 ], [ -3.49960736717879, 50.700965241552638 ], [ -3.499508147918537, 50.700930542906676 ], [ -3.499411223727183, 50.700967762077518 ], [ -3.499413518662689, 50.701039679986323 ] ] ] } },
{ "type": "Feature", "properties": { "max_height": 0.000751495361328125, "mean_height": -0.00011537241516634822, "std_height": 0.00054819806246086955, "count_pixels": 43, "percent_cover": 0.053038619515745074, "percent_above_0.1m": 0.0, "low_level_<0.5": 0.0, "mid_level_0.5-2": 0.0, "tall_2+": 0.0 }, "geometry": { "type": "Polygon", "coordinates": [ [ [ -3.499217374888809, 50.701042200203865 ], [ -3.499316594176802, 50.70107689909549 ], [ -3.499413518662688, 50.701039679986323 ], [ -3.499411223727182, 50.700967762077518 ], [ -3.499312004600321, 50.700933063256358 ], [ -3.499215080247833, 50.700970282273531 ], [ -3.499217374888809, 50.701042200203865 ] ] ] } },
{ "type": "Feature", "properties": { "max_height": 0.00099945068359375, "mean_height": -0.00011499916581669822, "std_height": 0.00089393992675468326, "count_pixels": 41, "percent_cover": 0.050571706980129021, "percent_above_0.1m": 0.0, "low_level_<0.5": 0.0, "mid_level_0.5-2": 0.0, "tall_2+": 0.0 }, "geometry": { "type": "Polygon", "coordinates": [ [ [ -3.49902123108719, 50.701044720092526 ], [ -3.499120450241787, 50.701079419159363 ], [ -3.499217374888808, 50.701042200203865 ], [ -3.499215080247831, 50.700970282273531 ], [ -3.499115861254365, 50.700935583277165 ], [ -3.499018936740743, 50.700972802140662 ], [ -3.49902123108719, 50.701044720092526 ] ] ] } },
{ "type": "Feature", "properties": { "max_height": 0.001251220703125, "mean_height": -0.0001332352840108797, "std_height": 0.0010244055883958936, "count_pixels": 41, "percent_cover": 0.050571706980129021, "percent_above_0.1m": 0.0, "low_level_<0.5": 0.0, "mid_level_0.5-2": 0.0, "tall_2+": 0.0 }, "geometry": { "type": "Polygon", "coordinates": [ [ [ -3.498825087257837, 50.701047239652318 ], [ -3.498924306279036, 50.701081938894355 ], [ -3.499021231087189, 50.701044720092526 ], [ -3.499018936740742, 50.700972802140662 ], [ -3.498919717880672, 50.700938102969097 ], [ -3.498822793205919, 50.700975321678925 ], [ -3.498825087257837, 50.701047239652318 ] ] ] } },
{ "type": "Feature", "properties": { "max_height": 0.000751495361328125, "mean_height": -7.2572292992845178e-05, "std_height": 0.00043561242637224495, "count_pixels": 41, "percent_cover": 0.050571706980129021, "percent_above_0.1m": 0.0, "low_level_<0.5": 0.0, "mid_level_0.5-2": 0.0, "tall_2+": 0.0 }, "geometry": { "type": "Polygon", "coordinates": [ [ [ -3.49862894340075, 50.701049758883237 ], [ -3.49872816228855, 50.701084458300471 ], [ -3.498825087257836, 50.701047239652318 ], [ -3.498822793205918, 50.700975321678925 ], [ -3.498723574479245, 50.700940622332162 ], [ -3.498626649643363, 50.700977840888307 ], [ -3.49862894340075, 50.701049758883237 ] ] ] } },
{ "type": "Feature", "properties": { "max_height": 0.0039997100830078125, "mean_height": 0.00010453200957272202, "std_height": 0.0010635321959853172, "count_pixels": 41, "percent_cover": 0.050571706980129021, "percent_above_0.1m": 0.0, "low_level_<0.5": 0.0, "mid_level_0.5-2": 0.0, "tall_2+": 0.0 }, "geometry": { "type": "Polygon", "coordinates": [ [ [ -3.498432799515937, 50.70105227778528 ], [ -3.498532018270335, 50.701086977377727 ], [ -3.49862894340075, 50.701049758883237 ], [ -3.498626649643362, 50.700977840888307 ], [ -3.498527431050088, 50.700943141366345 ], [ -3.498430506053078, 50.700980359768835 ], [ -3.498432799515937, 50.70105227778528 ] ] ] } },
{ "type": "Feature", "properties": { "max_height": 0.013250350952148438, "mean_height": 0.00012258204515092075, "std_height": 0.0031935852020978928, "count_pixels": 41, "percent_cover": 0.050571706980129021, "percent_above_0.1m": 0.0, "low_level_<0.5": 0.0, "mid_level_0.5-2": 0.0, "tall_2+": 0.0 }, "geometry": { "type": "Polygon", "coordinates": [ [ [ -3.498236655603397, 50.701054796358456 ], [ -3.498335874224392, 50.701089496126095 ], [ -3.498432799515936, 50.70105227778528 ], [ -3.498430506053077, 50.700980359768835 ], [ -3.498331287593206, 50.700945660071653 ], [ -3.498234362435069, 50.700982878320481 ], [ -3.498236655603397, 50.701054796358456 ] ] ] } },
{ "type": "Feature", "properties": { "max_height": 0.0095005035400390625, "mean_height": 0.00022027551312930882, "std_height": 0.0015243490925058722, "count_pixels": 41, "percent_cover": 0.050571706980129021, "percent_above_0.1m": 0.0, "low_level_<0.5": 0.0, "mid_level_0.5-2": 0.0, "tall_2+": 0.0 }, "geometry": { "type": "Polygon", "coordinates": [ [ [ -3.498040511663138, 50.701057314602757 ], [ -3.498139730150727, 50.701092014545601 ], [ -3.498236655603397, 50.701054796358456 ], [ -3.498234362435069, 50.700982878320481 ], [ -3.4981351441086, 50.700948178448115 ], [ -3.49803821878934, 50.700985396543238 ], [ -3.498040511663138, 50.701057314602757 ] ] ] } },
{ "type": "Feature", "properties": { "max_height": 0.000751495361328125, "mean_height": -0.00065780268050730228, "std_height": 0.0017574700759723783, "count_pixels": 41, "percent_cover": 0.050571706980129021, "percent_above_0.1m": 0.0, "low_level_<0.5": 0.0, "mid_level_0.5-2": 0.0, "tall_2+": 0.0 }, "geometry": { "type": "Polygon", "coordinates": [ [ [ -3.497844367695162, 50.701059832518183 ], [ -3.497943586049344, 50.701094532636219 ], [ -3.498040511663138, 50.701057314602757 ], [ -3.498038218789339, 50.700985396543238 ], [ -3.497939000596276, 50.700950696495688 ], [ -3.497842075115893, 50.70098791443715 ], [ -3.497844367695162, 50.701059832518183 ] ] ] } },
{ "type": "Feature", "properties": { "max_height": 0.000499725341796875, "mean_height": -0.00058471865486353636, "std_height": 0.0014749235706403852, "count_pixels": 41, "percent_cover": 0.050571706980129021, "percent_above_0.1m": 0.0, "low_level_<0.5": 0.0, "mid_level_0.5-2": 0.0, "tall_2+": 0.0 }, "geometry": { "type": "Polygon", "coordinates": [ [ [ -3.497648223699471, 50.701062350104728 ], [ -3.497747441920244, 50.701097050397962 ], [ -3.49784436769516, 50.701059832518183 ], [ -3.497842075115892, 50.70098791443715 ], [ -3.497742857056236, 50.700953214214373 ], [ -3.497645931414732, 50.700990432002172 ], [ -3.497648223699471, 50.701062350104728 ] ] ] } },
{ "type": "Feature", "properties": { "max_height": 0.005001068115234375, "mean_height": -0.00072013499448075891, "std_height": 0.0025621261447668076, "count_pixels": 43, "percent_cover": 0.053038619515745074, "percent_above_0.1m": 0.0, "low_level_<0.5": 0.0, "mid_level_0.5-2": 0.0, "tall_2+": 0.0 }, "geometry": { "type": "Polygon", "coordinates": [ [ [ -3.497452079676069, 50.70106486736239 ], [ -3.497551297763431, 50.701099567830838 ], [ -3.49764822369947, 50.701062350104728 ], [ -3.497645931414731, 50.700990432002172 ], [ -3.497546713488486, 50.700955731604196 ], [ -3.497449787685861, 50.700992949238319 ], [ -3.497452079676069, 50.70106486736239 ] ] ] } },
{ "type": "Feature", "properties": { "max_height": 0.0097503662109375, "mean_height": -0.00065630534663796425, "std_height": 0.0024459592532366514, "count_pixels": 43, "percent_cover": 0.053038619515745074, "percent_above_0.1m": 0.0, "low_level_<0.5": 0.0, "mid_level_0.5-2": 0.0, "tall_2+": 0.0 }, "geometry": { "type": "Polygon", "coordinates": [ [ [ -3.497255935624962, 50.701067384291193 ], [ -3.49735515357891, 50.701102084934824 ], [ -3.497452079676068, 50.70106486736239 ], [ -3.497449787685861, 50.700992949238319 ], [ -3.497350569893026, 50.700958248665145 ], [ -3.497253643929284, 50.700995466145592 ], [ -3.497255935624962, 50.701067384291193 ] ] ] } },
{ "type": "Feature", "properties": { "max_height": 0.004001617431640625, "mean_height": -0.00053210009355098009, "std_height": 0.0019912247080355883, "count_pixels": 38, "percent_cover": 0.046871338176704948, "percent_above_0.1m": 0.0, "low_level_<0.5": 0.0, "mid_level_0.5-2": 0.0, "tall_2+": 0.0 }, "geometry": { "type": "Polygon", "coordinates": [ [ [ -3.497059791546151, 50.701069900891113 ], [ -3.497159009366685, 50.701104601709936 ], [ -3.497255935624961, 50.701067384291193 ], [ -3.497253643929284, 50.700995466145592 ], [ -3.497154426269861, 50.700960765397213 ], [ -3.497057500145005, 50.70099798272399 ], [ -3.497059791546151, 50.701069900891113 ] ] ] } },
{ "type": "Feature", "properties": { "max_height": 0.011251449584960938, "mean_height": -0.0002141553268302232, "std_height": 0.0034587609115988016, "count_pixels": 43, "percent_cover": 0.053038619515745074, "percent_above_0.1m": 0.0, "low_level_<0.5": 0.0, "mid_level_0.5-2": 0.0, "tall_2+": 0.0 }, "geometry": { "type": "Polygon", "coordinates": [ [ [ -3.49686364743964, 50.701072417162159 ], [ -3.496962865126758, 50.701107118156187 ], [ -3.49705979154615, 50.701069900891113 ], [ -3.497057500145004, 50.70099798272399 ], [ -3.496958282618997, 50.700963281800426 ], [ -3.496861356333025, 50.701000498973499 ], [ -3.49686364743964, 50.701072417162159 ] ] ] } },
{ "type": "Feature", "properties": { "max_height": 0.038499832153320312, "mean_height": 0.00069267803337424994, "std_height": 0.008308052085340023, "count_pixels": 43, "percent_cover": 0.053038619515745074, "percent_above_0.1m": 0.0, "low_level_<0.5": 0.0, "mid_level_0.5-2": 0.0, "tall_2+": 0.0 }, "geometry": { "type": "Polygon", "coordinates": [ [ [ -3.496667503305434, 50.701074933104323 ], [ -3.496766720859134, 50.701109634273564 ], [ -3.496863647439639, 50.701072417162159 ], [ -3.496861356333024, 50.701000498973507 ], [ -3.496762138940434, 50.700965797874744 ], [ -3.49666521249335, 50.701003014894162 ], [ -3.496667503305434, 50.701074933104323 ] ] ] } },
{ "type": "Feature", "properties": { "max_height": 9.5117511749267578, "mean_height": 3.4817860126495361, "std_height": 2.9367680549621582, "count_pixels": 43, "percent_cover": 0.053038619515745074, "percent_above_0.1m": 72.093023255813947, "low_level_<0.5": 2.3255813953488373, "mid_level_0.5-2": 9.3023255813953494, "tall_2+": 60.465116279069761 }, "geometry": { "type": "Polygon", "coordinates": [ [ [ -3.496471359143536, 50.701077448717619 ], [ -3.496570576563815, 50.701112150062052 ], [ -3.496667503305433, 50.701074933104323 ], [ -3.496665212493349, 50.701003014894162 ], [ -3.496565995234177, 50.700968313620187 ], [ -3.496469068625983, 50.701005530485922 ], [ -3.496471359143536, 50.701077448717619 ] ] ] } },
{ "type": "Feature", "properties": { "max_height": 9.7092514038085938, "mean_height": 5.3903236389160156, "std_height": 2.9933946132659912, "count_pixels": 41, "percent_cover": 0.050571706980129021, "percent_above_0.1m": 90.243902439024396, "low_level_<0.5": 0.0, "mid_level_0.5-2": 7.3170731707317067, "tall_2+": 82.926829268292678 }, "geometry": { "type": "Polygon", "coordinates": [ [ [ -3.496275214953949, 50.701079964002027 ], [ -3.496374432240807, 50.701114665521665 ], [ -3.496471359143535, 50.701077448717619 ], [ -3.496469068625982, 50.701005530485922 ], [ -3.49636985150023, 50.700970829036756 ], [ -3.496272924730927, 50.701008045748821 ], [ -3.496275214953949, 50.701079964002027 ] ] ] } },
{ "type": "Feature", "properties": { "max_height": 0.015750885009765625, "mean_height": 0.00065324362367391586, "std_height": 0.0044491109438240528, "count_pixels": 41, "percent_cover": 0.050571706980129021, "percent_above_0.1m": 0.0, "low_level_<0.5": 0.0, "mid_level_0.5-2": 0.0, "tall_2+": 0.0 }, "geometry": { "type": "Polygon", "coordinates": [ [ [ -3.496079070736677, 50.701082478957566 ], [ -3.49617828789011, 50.701117180652389 ], [ -3.496275214953949, 50.701079964002027 ], [ -3.496272924730927, 50.701008045748821 ], [ -3.496173707738597, 50.700973344124463 ], [ -3.496076780808187, 50.701010560682839 ], [ -3.496079070736677, 50.701082478957566 ] ] ] } },
{ "type": "Feature", "properties": { "max_height": 11.603750228881836, "mean_height": 3.4169340133666992, "std_height": 3.9274702072143555, "count_pixels": 41, "percent_cover": 0.050571706980129021, "percent_above_0.1m": 58.536585365853654, "low_level_<0.5": 2.4390243902439024, "mid_level_0.5-2": 7.3170731707317067, "tall_2+": 46.341463414634148 }, "geometry": { "type": "Polygon", "coordinates": [ [ [ -3.495882926491724, 50.701084993584224 ], [ -3.495982143511731, 50.701119695454246 ], [ -3.496079070736676, 50.701082478957566 ], [ -3.496076780808186, 50.701010560682839 ], [ -3.495977563949281, 50.700975858883282 ], [ -3.495880636857765, 50.701013075287975 ], [ -3.495882926491724, 50.701084993584224 ] ] ] } },
{ "type": "Feature", "properties": { "max_height": 14.993503570556641, "mean_height": 7.5171904563903809, "std_height": 5.094639778137207, "count_pixels": 41, "percent_cover": 0.050571706980129021, "percent_above_0.1m": 97.560975609756099, "low_level_<0.5": 0.0, "mid_level_0.5-2": 17.073170731707318, "tall_2+": 80.487804878048792 }, "geometry": { "type": "Polygon", "coordinates": [ [ [ -3.495686782219093, 50.701087507881994 ], [ -3.495785999105672, 50.70112220992722 ], [ -3.495882926491723, 50.701084993584224 ], [ -3.495880636857764, 50.701013075287975 ], [ -3.495781420132285, 50.700978373313234 ], [ -3.495684492879665, 50.701015589564243 ], [ -3.495686782219093, 50.701087507881994 ] ] ] } },
{ "type": "Feature", "properties": { "max_height": 12.358001708984375, "mean_height": 3.7224311828613281, "std_height": 4.1464767456054688, "count_pixels": 43, "percent_cover": 0.053038619515745074, "percent_above_0.1m": 58.139534883720934, "low_level_<0.5": 2.3255813953488373, "mid_level_0.5-2": 4.6511627906976747, "tall_2+": 51.162790697674424 }, "geometry": { "type": "Polygon", "coordinates": [ [ [ -3.500495753773493, 50.70113368959435 ], [ -3.500594974156348, 50.701168387330029 ], [ -3.500691897808774, 50.701131167206846 ], [ -3.500689600944956, 50.701059249439986 ], [ -3.500590380723245, 50.701024551774772 ], [ -3.500493457204205, 50.701061771805954 ], [ -3.500495753773493, 50.70113368959435 ] ] ] } },
{ "type": "Feature", "properties": { "max_height": 13.998500823974609, "mean_height": 8.6967020034790039, "std_height": 2.8476099967956543, "count_pixels": 41, "percent_cover": 0.050571706980129021, "percent_above_0.1m": 97.560975609756099, "low_level_<0.5": 0.0, "mid_level_0.5-2": 0.0, "tall_2+": 97.560975609756099 }, "geometry": { "type": "Polygon", "coordinates": [ [ [ -3.500299609710447, 50.701136211652994 ], [ -3.500398829959919, 50.701170909563871 ], [ -3.500495753773492, 50.70113368959435 ], [ -3.500493457204204, 50.701061771805954 ], [ -3.500394237115874, 50.701027073965548 ], [ -3.50029731343569, 50.701064293843061 ], [ -3.500299609710447, 50.701136211652994 ] ] ] } },
{ "type": "Feature", "properties": { "max_height": 12.602500915527344, "mean_height": 5.1888666152954102, "std_height": 4.5351552963256836, "count_pixels": 41, "percent_cover": 0.050571706980129021, "percent_above_0.1m": 70.731707317073173, "low_level_<0.5": 4.8780487804878048, "mid_level_0.5-2": 7.3170731707317067, "tall_2+": 58.536585365853654 }, "geometry": { "type": "Polygon", "coordinates": [ [ [ -3.500103465619643, 50.701138733382756 ], [ -3.500202685735728, 50.701173431468838 ], [ -3.500299609710446, 50.701136211652994 ], [ -3.500297313435689, 50.701064293843061 ], [ -3.500198093480744, 50.701029595827443 ], [ -3.500101169639416, 50.701066815551293 ], [ -3.500103465619643, 50.701138733382756 ] ] ] } },
{ "type": "Feature", "properties": { "max_height": 0.0020008087158203125, "mean_height": 0.00018384979921393096, "std_height": 0.00065571872983127832, "count_pixels": 41, "percent_cover": 0.050571706980129021, "percent_above_0.1m": 0.0, "low_level_<0.5": 0.0, "mid_level_0.5-2": 0.0, "tall_2+": 0.0 }, "geometry": { "type": "Polygon", "coordinates": [ [ [ -3.499907321501083, 50.70114125478365 ], [ -3.50000654148378, 50.701175953044938 ], [ -3.500103465619643, 50.701138733382756 ], [ -3.500101169639415, 50.701066815551293 ], [ -3.500001949817857, 50.701032117360477 ], [ -3.499905025815387, 50.701069336930644 ], [ -3.499907321501083, 50.70114125478365 ] ] ] } },
{ "type": "Feature", "properties": { "max_height": 0.001251220703125, "mean_height": 6.9315842665673699e-06, "std_height": 0.00051924365106970072, "count_pixels": 41, "percent_cover": 0.050571706980129021, "percent_above_0.1m": 0.0, "low_level_<0.5": 0.0, "mid_level_0.5-2": 0.0, "tall_2+": 0.0 }, "geometry": { "type": "Polygon", "coordinates": [ [ [ -3.499711177354772, 50.701143775855662 ], [ -3.499810397204078, 50.701178474292163 ], [ -3.499907321501082, 50.70114125478365 ], [ -3.499905025815385, 50.701069336930644 ], [ -3.499805806127216, 50.701034638564622 ], [ -3.499708881963605, 50.701071857981134 ], [ -3.499711177354772, 50.701143775855662 ] ] ] } },
{ "type": "Feature", "properties": { "max_height": 0.001251220703125, "mean_height": 3.7309600884327665e-05, "std_height": 0.00055093062110245228, "count_pixels": 41, "percent_cover": 0.050571706980129021, "percent_above_0.1m": 0.0, "low_level_<0.5": 0.0, "mid_level_0.5-2": 0.0, "tall_2+": 0.0 }, "geometry": { "type": "Polygon", "coordinates": [ [ [ -3.499515033180712, 50.701146296598822 ], [ -3.499614252896627, 50.701180995210507 ], [ -3.49971117735477, 50.701143775855662 ], [ -3.499708881963605, 50.701071857981134 ], [ -3.499609662408826, 50.701037159439913 ], [ -3.499512738084077, 50.701074378702756 ], [ -3.499515033180712, 50.701146296598822 ] ] ] } },
{ "type": "Feature", "properties": { "max_height": 0.0010013580322265625, "mean_height": 3.1401472369907424e-05, "std_height": 0.00053840293549001217, "count_pixels": 41, "percent_cover": 0.050571706980129021, "percent_above_0.1m": 0.0, "low_level_<0.5": 0.0, "mid_level_0.5-2": 0.0, "tall_2+": 0.0 }, "geometry": { "type": "Polygon", "coordinates": [ [ [ -3.499318888978907, 50.701148817013092 ], [ -3.499418108561428, 50.701183515799983 ], [ -3.499515033180711, 50.701146296598822 ], [ -3.499512738084075, 50.701074378702756 ], [ -3.499413518662689, 50.701039679986323 ], [ -3.499316594176803, 50.70107689909549 ], [ -3.499318888978907, 50.701148817013092 ] ] ] } },
{ "type": "Feature", "properties": { "max_height": 0.009250640869140625, "mean_height": 4.3496853322722018e-05, "std_height": 0.0021778480149805546, "count_pixels": 41, "percent_cover": 0.050571706980129021, "percent_above_0.1m": 0.0, "low_level_<0.5": 0.0, "mid_level_0.5-2": 0.0, "tall_2+": 0.0 }, "geometry": { "type": "Polygon", "coordinates": [ [ [ -3.499122744749362, 50.701151337098487 ], [ -3.499221964198486, 50.701186036060591 ], [ -3.499318888978907, 50.701148817013092 ], [ -3.499316594176802, 50.70107689909549 ], [ -3.499217374888809, 50.701042200203865 ], [ -3.499120450241788, 50.701079419159363 ], [ -3.499122744749362, 50.701151337098487 ] ] ] } },
{ "type": "Feature", "properties": { "max_height": 0.001003265380859375, "mean_height": 7.0394475187640637e-05, "std_height": 0.00045233432319946587, "count_pixels": 43, "percent_cover": 0.053038619515745074, "percent_above_0.1m": 0.0, "low_level_<0.5": 0.0, "mid_level_0.5-2": 0.0, "tall_2+": 0.0 }, "geometry": { "type": "Polygon", "coordinates": [ [ [ -3.498926600492079, 50.701153856855015 ], [ -3.499025819807806, 50.70118855599231 ], [ -3.499122744749361, 50.701151337098487 ], [ -3.499120450241787, 50.701079419159363 ], [ -3.49902123108719, 50.701044720092526 ], [ -3.498924306279037, 50.701081938894355 ], [ -3.498926600492079, 50.701153856855015 ] ] ] } },
{ "type": "Feature", "properties": { "max_height": 0.0010013580322265625, "mean_height": -0.00016150363080669194, "std_height": 0.00048175684059970081, "count_pixels": 43, "percent_cover": 0.053038619515745074, "percent_above_0.1m": 0.0, "low_level_<0.5": 0.0, "mid_level_0.5-2": 0.0, "tall_2+": 0.0 }, "geometry": { "type": "Polygon", "coordinates": [ [ [ -3.498730456207062, 50.701156376282668 ], [ -3.498829675389389, 50.701191075595176 ], [ -3.498926600492078, 50.701153856855015 ], [ -3.498924306279036, 50.701081938894355 ], [ -3.498825087257837, 50.701047239652318 ], [ -3.498728162288551, 50.701084458300471 ], [ -3.498730456207062, 50.701156376282668 ] ] ] } },
{ "type": "Feature", "properties": { "max_height": 0.004001617431640625, "mean_height": 0.00017503250273875892, "std_height": 0.00089187250705435872, "count_pixels": 43, "percent_cover": 0.053038619515745074, "percent_above_0.1m": 0.0, "low_level_<0.5": 0.0, "mid_level_0.5-2": 0.0, "tall_2+": 0.0 }, "geometry": { "type": "Polygon", "coordinates": [ [ [ -3.498534311894315, 50.701158895381447 ], [ -3.498633530943241, 50.701193594869146 ], [ -3.498730456207061, 50.701156376282668 ], [ -3.49872816228855, 50.701084458300471 ], [ -3.49862894340075, 50.701049758883237 ], [ -3.498532018270335, 50.701086977377727 ], [ -3.498534311894315, 50.701158895381447 ] ] ] } },
{ "type": "Feature", "properties": { "max_height": 0.001251220703125, "mean_height": 4.0305287257069722e-05, "std_height": 0.00047810899559408426, "count_pixels": 38, "percent_cover": 0.046871338176704948, "percent_above_0.1m": 0.0, "low_level_<0.5": 0.0, "mid_level_0.5-2": 0.0, "tall_2+": 0.0 }, "geometry": { "type": "Polygon", "coordinates": [ [ [ -3.498338167553841, 50.701161414151343 ], [ -3.498437386469364, 50.701196113814248 ], [ -3.498534311894314, 50.701158895381447 ], [ -3.498532018270335, 50.701086977377727 ], [ -3.498432799515937, 50.70105227778528 ], [ -3.498335874224392, 50.701089496126095 ], [ -3.498338167553841, 50.701161414151343 ] ] ] } },
{ "type": "Feature", "properties": { "max_height": 0.0007495880126953125, "mean_height": -0.0004468518600333482, "std_height": 0.0013475185260176659, "count_pixels": 43, "percent_cover": 0.053038619515745074, "percent_above_0.1m": 0.0, "low_level_<0.5": 0.0, "mid_level_0.5-2": 0.0, "tall_2+": 0.0 }, "geometry": { "type": "Polygon", "coordinates": [ [ [ -3.498142023185645, 50.70116393259238 ], [ -3.498241241967762, 50.701198632430469 ], [ -3.49833816755384, 50.701161414151343 ], [ -3.498335874224392, 50.701089496126095 ], [ -3.498236655603397, 50.701054796358456 ], [ -3.498139730150728, 50.701092014545601 ], [ -3.498142023185645, 50.70116393259238 ] ] ] } },
{ "type": "Feature", "properties": { "max_height": 0.0010013580322265625, "mean_height": -0.00023744272766634822, "std_height": 0.00091016548685729504, "count_pixels": 43, "percent_cover": 0.053038619515745074, "percent_above_0.1m": 0.0, "low_level_<0.5": 0.0, "mid_level_0.5-2": 0.0, "tall_2+": 0.0 }, "geometry": { "type": "Polygon", "coordinates": [ [ [ -3.497945878789729, 50.701166450704513 ], [ -3.498045097438439, 50.701201150717822 ], [ -3.498142023185644, 50.70116393259238 ], [ -3.498139730150727, 50.701092014545601 ], [ -3.498040511663138, 50.701057314602757 ], [ -3.497943586049344, 50.701094532636219 ], [ -3.497945878789729, 50.701166450704513 ] ] ] } },
{ "type": "Feature", "properties": { "max_height": 0.0010013580322265625, "mean_height": -0.0004582959518302232, "std_height": 0.0013840971514582634, "count_pixels": 43, "percent_cover": 0.053038619515745074, "percent_above_0.1m": 0.0, "low_level_<0.5": 0.0, "mid_level_0.5-2": 0.0, "tall_2+": 0.0 }, "geometry": { "type": "Polygon", "coordinates": [ [ [ -3.497749734366097, 50.701168968487799 ], [ -3.497848952881398, 50.7012036686763 ], [ -3.497945878789728, 50.701166450704513 ], [ -3.497943586049344, 50.701094532636219 ], [ -3.497844367695162, 50.701059832518183 ], [ -3.497747441920244, 50.701097050397962 ], [ -3.497749734366097, 50.701168968487799 ] ] ] } },
{ "type": "Feature", "properties": { "max_height": 0.010251998901367188, "mean_height": 0.00031173520255833864, "std_height": 0.002061477629467845, "count_pixels": 41, "percent_cover": 0.050571706980129021, "percent_above_0.1m": 0.0, "low_level_<0.5": 0.0, "mid_level_0.5-2": 0.0, "tall_2+": 0.0 }, "geometry": { "type": "Polygon", "coordinates": [ [ [ -3.497553589914753, 50.701171485942183 ], [ -3.497652808296643, 50.701206186305896 ], [ -3.497749734366095, 50.701168968487799 ], [ -3.497747441920244, 50.701097050397962 ], [ -3.497648223699471, 50.701062350104728 ], [ -3.497551297763432, 50.701099567830838 ], [ -3.497553589914753, 50.701171485942183 ] ] ] } },
{ "type": "Feature", "properties": { "max_height": 0.025751113891601562, "mean_height": 0.00028145022224634886, "std_height": 0.0052678734064102173, "count_pixels": 41, "percent_cover": 0.050571706980129021, "percent_above_0.1m": 0.0, "low_level_<0.5": 0.0, "mid_level_0.5-2": 0.0, "tall_2+": 0.0 }, "geometry": { "type": "Polygon", "coordinates": [ [ [ -3.497357445435699, 50.701174003067713 ], [ -3.497456663684178, 50.701208703606618 ], [ -3.497553589914752, 50.701171485942183 ], [ -3.497551297763431, 50.701099567830838 ], [ -3.497452079676069, 50.70106486736239 ], [ -3.497355153578911, 50.701102084934824 ], [ -3.497357445435699, 50.701174003067713 ] ] ] } },
{ "type": "Feature", "properties": { "max_height": 0.023500442504882812, "mean_height": 0.00023855814652051777, "std_height": 0.0037748692557215691, "count_pixels": 41, "percent_cover": 0.050571706980129021, "percent_above_0.1m": 0.0, "low_level_<0.5": 0.0, "mid_level_0.5-2": 0.0, "tall_2+": 0.0 }, "geometry": { "type": "Polygon", "coordinates": [ [ [ -3.497161300928942, 50.701176519864354 ], [ -3.497260519044005, 50.701211220578465 ], [ -3.497357445435699, 50.701174003067713 ], [ -3.49735515357891, 50.701102084934824 ], [ -3.497255935624962, 50.701067384291193 ], [ -3.497159009366686, 50.701104601709936 ], [ -3.497161300928942, 50.701176519864354 ] ] ] } },
{ "type": "Feature", "properties": { "max_height": 0.026750564575195312, "mean_height": 0.00023255696578416973, "std_height": 0.0063332892023026943, "count_pixels": 41, "percent_cover": 0.050571706980129021, "percent_above_0.1m": 0.0, "low_level_<0.5": 0.0, "mid_level_0.5-2": 0.0, "tall_2+": 0.0 }, "geometry": { "type": "Polygon", "coordinates": [ [ [ -3.496965156394482, 50.701179036332121 ], [ -3.497064374376129, 50.70121373722143 ], [ -3.497161300928941, 50.701176519864354 ], [ -3.497159009366685, 50.701104601709936 ], [ -3.497059791546151, 50.701069900891113 ], [ -3.496962865126759, 50.701107118156187 ], [ -3.496965156394482, 50.701179036332121 ] ] ] } },
{ "type": "Feature", "properties": { "max_height": 0.0057525634765625, "mean_height": -0.0009441375732421875, "std_height": 0.0026630107313394547, "count_pixels": 41, "percent_cover": 0.050571706980129021, "percent_above_0.1m": 0.0, "low_level_<0.5": 0.0, "mid_level_0.5-2": 0.0, "tall_2+": 0.0 }, "geometry": { "type": "Polygon", "coordinates": [ [ [ -3.496769011832325, 50.701181552471006 ], [ -3.496868229680554, 50.70121625353552 ], [ -3.496965156394481, 50.701179036332121 ], [ -3.496962865126758, 50.701107118156187 ], [ -3.49686364743964, 50.701072417162159 ], [ -3.496766720859135, 50.701109634273564 ], [ -3.496769011832325, 50.701181552471006 ] ] ] } },
{ "type": "Feature", "properties": { "max_height": 6.9167518615722656, "mean_height": 1.0088973045349121, "std_height": 1.9528694152832031, "count_pixels": 41, "percent_cover": 0.050571706980129021, "percent_above_0.1m": 26.829268292682929, "low_level_<0.5": 2.4390243902439024, "mid_level_0.5-2": 7.3170731707317067, "tall_2+": 17.073170731707318 }, "geometry": { "type": "Polygon", "coordinates": [ [ [ -3.496572867242473, 50.701184068281023 ], [ -3.496672084957282, 50.701218769520729 ], [ -3.496769011832324, 50.701181552471006 ], [ -3.496766720859134, 50.701109634273564 ], [ -3.496667503305434, 50.701074933104323 ], [ -3.496570576563816, 50.701112150062052 ], [ -3.496572867242473, 50.701184068281023 ] ] ] } },
{ "type": "Feature", "properties": { "max_height": 7.9365024566650391, "mean_height": 2.2969951629638672, "std_height": 2.7677187919616699, "count_pixels": 41, "percent_cover": 0.050571706980129021, "percent_above_0.1m": 58.536585365853654, "low_level_<0.5": 4.8780487804878048, "mid_level_0.5-2": 12.195121951219512, "tall_2+": 41.463414634146339 }, "geometry": { "type": "Polygon", "coordinates": [ [ [ -3.496376722624932, 50.701186583762158 ], [ -3.496475940206318, 50.701221285177049 ], [ -3.496572867242473, 50.701184068281023 ], [ -3.496570576563815, 50.701112150062052 ], [ -3.496471359143536, 50.701077448717619 ], [ -3.496374432240807, 50.701114665521665 ], [ -3.496376722624932, 50.701186583762158 ] ] ] } },
{ "type": "Feature", "properties": { "max_height": 4.3657493591308594, "mean_height": 0.62916374206542969, "std_height": 1.2286292314529419, "count_pixels": 43, "percent_cover": 0.053038619515745074, "percent_above_0.1m": 30.232558139534881, "low_level_<0.5": 4.6511627906976747, "mid_level_0.5-2": 11.627906976744185, "tall_2+": 13.953488372093023 }, "geometry": { "type": "Polygon", "coordinates": [ [ [ -3.496180577979703, 50.701189098914398 ], [ -3.496279795427665, 50.701223800504508 ], [ -3.496376722624931, 50.701186583762158 ], [ -3.496374432240807, 50.701114665521665 ], [ -3.496275214953949, 50.701079964002027 ], [ -3.496178287890111, 50.701117180652389 ], [ -3.496180577979703, 50.701189098914398 ] ] ] } },
{ "type": "Feature", "properties": { "max_height": 11.079751968383789, "mean_height": 3.5966179370880127, "std_height": 3.9064054489135742, "count_pixels": 43, "percent_cover": 0.053038619515745074, "percent_above_0.1m": 58.139534883720934, "low_level_<0.5": 2.3255813953488373, "mid_level_0.5-2": 6.9767441860465116, "tall_2+": 48.837209302325576 }, "geometry": { "type": "Polygon", "coordinates": [ [ [ -3.49598443330679, 50.70119161373777 ], [ -3.496083650621326, 50.701226315503078 ], [ -3.496180577979701, 50.701189098914398 ], [ -3.49617828789011, 50.701117180652389 ], [ -3.496079070736677, 50.701082478957566 ], [ -3.495982143511732, 50.701119695454246 ], [ -3.49598443330679, 50.70119161373777 ] ] ] } },
{ "type": "Feature", "properties": { "max_height": 10.468502044677734, "mean_height": 2.0440127849578857, "std_height": 3.1468234062194824, "count_pixels": 43, "percent_cover": 0.053038619515745074, "percent_above_0.1m": 48.837209302325576, "low_level_<0.5": 2.3255813953488373, "mid_level_0.5-2": 18.604651162790699, "tall_2+": 27.906976744186046 }, "geometry": { "type": "Polygon", "coordinates": [ [ [ -3.495788288606197, 50.701194128232274 ], [ -3.495887505787306, 50.701228830172774 ], [ -3.495984433306789, 50.70119161373777 ], [ -3.495982143511731, 50.701119695454246 ], [ -3.495882926491724, 50.701084993584224 ], [ -3.495785999105673, 50.70112220992722 ], [ -3.495788288606197, 50.701194128232274 ] ] ] } },
{ "type": "Feature", "properties": { "max_height": 12.351751327514648, "mean_height": 4.1289825439453125, "std_height": 4.41510009765625, "count_pixels": 41, "percent_cover": 0.050571706980129021, "percent_above_0.1m": 60.975609756097562, "low_level_<0.5": 0.0, "mid_level_0.5-2": 7.3170731707317067, "tall_2+": 51.219512195121951 }, "geometry": { "type": "Polygon", "coordinates": [ [ [ -3.500597270886776, 50.701240305105664 ], [ -3.50069649156416, 50.701275002736587 ], [ -3.500793415349972, 50.70123778252141 ], [ -3.500791118325013, 50.701165864767304 ], [ -3.500691897808774, 50.701131167206846 ], [ -3.500594974156348, 50.701168387330029 ], [ -3.500597270886776, 50.701240305105664 ] ] ] } },
{ "type": "Feature", "properties": { "max_height": 14.633001327514648, "mean_height": 7.4197521209716797, "std_height": 3.6626191139221191, "count_pixels": 41, "percent_cover": 0.050571706980129021, "percent_above_0.1m": 100.0, "low_level_<0.5": 2.4390243902439024, "mid_level_0.5-2": 4.8780487804878048, "tall_2+": 92.682926829268297 }, "geometry": { "type": "Polygon", "coordinates": [ [ [ -3.500401126395814, 50.70124282736105 ], [ -3.500500346939814, 50.701277525167164 ], [ -3.500597270886775, 50.701240305105664 ], [ -3.500594974156348, 50.701168387330029 ], [ -3.500495753773492, 50.70113368959435 ], [ -3.500398829959919, 50.701170909563871 ], [ -3.500401126395814, 50.70124282736105 ] ] ] } },
{ "type": "Feature", "properties": { "max_height": 11.374252319335938, "mean_height": 1.3916869163513184, "std_height": 2.8715062141418457, "count_pixels": 43, "percent_cover": 0.053038619515745074, "percent_above_0.1m": 30.232558139534881, "low_level_<0.5": 0.0, "mid_level_0.5-2": 11.627906976744185, "tall_2+": 18.604651162790699 }, "geometry": { "type": "Polygon", "coordinates": [ [ [ -3.500204981877091, 50.701245349287547 ], [ -3.500304202287706, 50.701280047268895 ], [ -3.500401126395813, 50.70124282736105 ], [ -3.500398829959918, 50.701170909563871 ], [ -3.500299609710446, 50.701136211652994 ], [ -3.500202685735728, 50.701173431468838 ], [ -3.500204981877091, 50.701245349287547 ] ] ] } },
{ "type": "Feature", "properties": { "max_height": 0.0015010833740234375, "mean_height": -2.825537376338616e-05, "std_height": 0.00056102703092619777, "count_pixels": 43, "percent_cover": 0.053038619515745074, "percent_above_0.1m": 0.0, "low_level_<0.5": 0.0, "mid_level_0.5-2": 0.0, "tall_2+": 0.0 }, "geometry": { "type": "Polygon", "coordinates": [ [ [ -3.500008837330611, 50.701247870885176 ], [ -3.500108057607837, 50.701282569041716 ], [ -3.50020498187709, 50.701245349287547 ], [ -3.500202685735727, 50.701173431468838 ], [ -3.500103465619643, 50.701138733382756 ], [ -3.50000654148378, 50.701175953044938 ], [ -3.500008837330611, 50.701247870885176 ] ] ] } },
{ "type": "Feature", "properties": { "max_height": 0.0015010833740234375, "mean_height": 7.5792013376485556e-06, "std_height": 0.00059731601504608989, "count_pixels": 38, "percent_cover": 0.046871338176704948, "percent_above_0.1m": 0.0, "low_level_<0.5": 0.0, "mid_level_0.5-2": 0.0, "tall_2+": 0.0 }, "geometry": { "type": "Polygon", "coordinates": [ [ [ -3.499812692756377, 50.701250392153938 ], [ -3.499911912900212, 50.701285090485683 ], [ -3.500008837330611, 50.701247870885176 ], [ -3.50000654148378, 50.701175953044938 ], [ -3.499907321501082, 50.70114125478365 ], [ -3.499810397204078, 50.701178474292163 ], [ -3.499812692756377, 50.701250392153938 ] ] ] } },
{ "type": "Feature", "properties": { "max_height": 0.0010013580322265625, "mean_height": 0.00014620048750657588, "std_height": 0.00042870419565588236, "count_pixels": 43, "percent_cover": 0.053038619515745074, "percent_above_0.1m": 0.0, "low_level_<0.5": 0.0, "mid_level_0.5-2": 0.0, "tall_2+": 0.0 }, "geometry": { "type": "Polygon", "coordinates": [ [ [ -3.499616548154393, 50.701252913093818 ], [ -3.499715768164837, 50.701287611600776 ], [ -3.499812692756376, 50.701250392153938 ], [ -3.499810397204077, 50.701178474292163 ], [ -3.49971117735477, 50.701143775855662 ], [ -3.499614252896627, 50.701180995210507 ], [ -3.499616548154393, 50.701252913093818 ] ] ] } },
{ "type": "Feature", "properties": { "max_height": 0.001750946044921875, "mean_height": 6.6535417317936663e-06, "std_height": 0.00052401010179892182, "count_pixels": 43, "percent_cover": 0.053038619515745074, "percent_above_0.1m": 0.0, "low_level_<0.5": 0.0, "mid_level_0.5-2": 0.0, "tall_2+": 0.0 }, "geometry": { "type": "Polygon", "coordinates": [ [ [ -3.499420403524662, 50.701255433704837 ], [ -3.499519623401712, 50.701290132386973 ], [ -3.499616548154392, 50.701252913093818 ], [ -3.499614252896625, 50.701180995210507 ], [ -3.499515033180711, 50.701146296598822 ], [ -3.499418108561428, 50.701183515799983 ], [ -3.499420403524662, 50.701255433704837 ] ] ] } },
{ "type": "Feature", "properties": { "max_height": 0.0015010833740234375, "mean_height": -6.8797620770055801e-05, "std_height": 0.00061560305766761303, "count_pixels": 43, "percent_cover": 0.053038619515745074, "percent_above_0.1m": 0.0, "low_level_<0.5": 0.0, "mid_level_0.5-2": 0.0, "tall_2+": 0.0 }, "geometry": { "type": "Polygon", "coordinates": [ [ [ -3.499224258867188, 50.701257953986968 ], [ -3.499323478610842, 50.701292652844323 ], [ -3.499420403524661, 50.701255433704837 ], [ -3.499418108561427, 50.701183515799983 ], [ -3.499318888978907, 50.701148817013092 ], [ -3.499221964198486, 50.701186036060591 ], [ -3.499224258867188, 50.701257953986968 ] ] ] } },
{ "type": "Feature", "properties": { "max_height": 0.001750946044921875, "mean_height": 6.9781049205630552e-06, "std_height": 0.0010685796150937676, "count_pixels": 41, "percent_cover": 0.050571706980129021, "percent_above_0.1m": 0.0, "low_level_<0.5": 0.0, "mid_level_0.5-2": 0.0, "tall_2+": 0.0 }, "geometry": { "type": "Polygon", "coordinates": [ [ [ -3.499028114181974, 50.701260473940224 ], [ -3.499127333792231, 50.701295172972792 ], [ -3.499224258867187, 50.701257953986968 ], [ -3.499221964198486, 50.701186036060591 ], [ -3.499122744749361, 50.701151337098487 ], [ -3.499025819807806, 50.70118855599231 ], [ -3.499028114181974, 50.701260473940224 ] ] ] } },
{ "type": "Feature", "properties": { "max_height": 0.0025005340576171875, "mean_height": 0.00017156833200715482, "std_height": 0.00081800512271001935, "count_pixels": 41, "percent_cover": 0.050571706980129021, "percent_above_0.1m": 0.0, "low_level_<0.5": 0.0, "mid_level_0.5-2": 0.0, "tall_2+": 0.0 }, "geometry": { "type": "Polygon", "coordinates": [ [ [ -3.498831969469025, 50.701262993564605 ], [ -3.498931188945882, 50.701297692772378 ], [ -3.499028114181974, 50.701260473940224 ], [ -3.499025819807805, 50.70118855599231 ], [ -3.498926600492078, 50.701153856855015 ], [ -3.498829675389389, 50.701191075595176 ], [ -3.498831969469025, 50.701262993564605 ] ] ] } },
{ "type": "Feature", "properties": { "max_height": 0.044252395629882812, "mean_height": 0.00095804728334769607, "std_height": 0.0071595245972275734, "count_pixels": 41, "percent_cover": 0.050571706980129021, "percent_above_0.1m": 0.0, "low_level_<0.5": 0.0, "mid_level_0.5-2": 0.0, "tall_2+": 0.0 }, "geometry": { "type": "Polygon", "coordinates": [ [ [ -3.498635824728344, 50.701265512860118 ], [ -3.498735044071799, 50.701300212243083 ], [ -3.498831969469024, 50.701262993564605 ], [ -3.498829675389389, 50.701191075595176 ], [ -3.498730456207061, 50.701156376282668 ], [ -3.498633530943241, 50.701193594869146 ], [ -3.498635824728344, 50.701265512860118 ] ] ] } },
{ "type": "Feature", "properties": { "max_height": 0.0010013580322265625, "mean_height": -0.00035900023067370057, "std_height": 0.0012503847246989608, "count_pixels": 41, "percent_cover": 0.050571706980129021, "percent_above_0.1m": 0.0, "low_level_<0.5": 0.0, "mid_level_0.5-2": 0.0, "tall_2+": 0.0 }, "geometry": { "type": "Polygon", "coordinates": [ [ [ -3.498439679959933, 50.70126803182675 ], [ -3.498538899169986, 50.701302731384914 ], [ -3.498635824728343, 50.701265512860118 ], [ -3.49863353094324, 50.701193594869146 ], [ -3.498534311894314, 50.701158895381447 ], [ -3.498437386469364, 50.701196113814248 ], [ -3.498439679959933, 50.70126803182675 ] ] ] } },
{ "type": "Feature", "properties": { "max_height": 0.0012493133544921875, "mean_height": -0.00068808766081929207, "std_height": 0.0018169106915593147, "count_pixels": 41, "percent_cover": 0.050571706980129021, "percent_above_0.1m": 0.0, "low_level_<0.5": 0.0, "mid_level_0.5-2": 0.0, "tall_2+": 0.0 }, "geometry": { "type": "Polygon", "coordinates": [ [ [ -3.498243535163798, 50.701270550464507 ], [ -3.498342754240446, 50.701305250197876 ], [ -3.498439679959932, 50.70126803182675 ], [ -3.498437386469363, 50.701196113814248 ], [ -3.49833816755384, 50.701161414151343 ], [ -3.498241241967762, 50.701198632430469 ], [ -3.498243535163798, 50.701270550464507 ] ] ] } },
{ "type": "Feature", "properties": { "max_height": 0.0007495880126953125, "mean_height": -0.00035267340717837214, "std_height": 0.0012712957104668021, "count_pixels": 41, "percent_cover": 0.050571706980129021, "percent_above_0.1m": 0.0, "low_level_<0.5": 0.0, "mid_level_0.5-2": 0.0, "tall_2+": 0.0 }, "geometry": { "type": "Polygon", "coordinates": [ [ [ -3.498047390339941, 50.701273068773389 ], [ -3.498146609283182, 50.701307768681957 ], [ -3.498243535163797, 50.701270550464507 ], [ -3.498241241967762, 50.701198632430469 ], [ -3.498142023185644, 50.70116393259238 ], [ -3.498045097438439, 50.701201150717822 ], [ -3.498047390339941, 50.701273068773389 ] ] ] } },
{ "type": "Feature", "properties": { "max_height": 0.0030002593994140625, "mean_height": 0.00022055463341530412, "std_height": 0.00073488510679453611, "count_pixels": 41, "percent_cover": 0.050571706980129021, "percent_above_0.1m": 0.0, "low_level_<0.5": 0.0, "mid_level_0.5-2": 0.0, "tall_2+": 0.0 }, "geometry": { "type": "Polygon", "coordinates": [ [ [ -3.497851245488366, 50.701275586753376 ], [ -3.497950464298199, 50.701310286837156 ], [ -3.498047390339941, 50.701273068773389 ], [ -3.498045097438438, 50.701201150717822 ], [ -3.497945878789728, 50.701166450704513 ], [ -3.497848952881398, 50.7012036686763 ], [ -3.497851245488366, 50.701275586753376 ] ] ] } },
{ "type": "Feature", "properties": { "max_height": 0.0005016326904296875, "mean_height": -0.00051712407730519772, "std_height": 0.001438159728422761, "count_pixels": 41, "percent_cover": 0.050571706980129021, "percent_above_0.1m": 0.0, "low_level_<0.5": 0.0, "mid_level_0.5-2": 0.0, "tall_2+": 0.0 }, "geometry": { "type": "Polygon", "coordinates": [ [ [ -3.497655100609078, 50.701278104404501 ], [ -3.497754319285499, 50.70131280466348 ], [ -3.497851245488365, 50.701275586753376 ], [ -3.497848952881397, 50.7012036686763 ], [ -3.497749734366095, 50.701168968487799 ], [ -3.497652808296643, 50.701206186305896 ], [ -3.497655100609078, 50.701278104404501 ] ] ] } },
{ "type": "Feature", "properties": { "max_height": 0.01200103759765625, "mean_height": 0.00031493429560214281, "std_height": 0.0020825101528316736, "count_pixels": 43, "percent_cover": 0.053038619515745074, "percent_above_0.1m": 0.0, "low_level_<0.5": 0.0, "mid_level_0.5-2": 0.0, "tall_2+": 0.0 }, "geometry": { "type": "Polygon", "coordinates": [ [ [ -3.497458955702078, 50.701280621726752 ], [ -3.497558174245087, 50.70131532216093 ], [ -3.497655100609077, 50.701278104404501 ], [ -3.497652808296642, 50.701206186305896 ], [ -3.497553589914752, 50.701171485942183 ], [ -3.497456663684178, 50.701208703606618 ], [ -3.497458955702078, 50.701280621726752 ] ] ] } },
{ "type": "Feature", "properties": { "max_height": 0.01300048828125, "mean_height": -0.00024884246522560716, "std_height": 0.0040531824342906475, "count_pixels": 43, "percent_cover": 0.053038619515745074, "percent_above_0.1m": 0.0, "low_level_<0.5": 0.0, "mid_level_0.5-2": 0.0, "tall_2+": 0.0 }, "geometry": { "type": "Polygon", "coordinates": [ [ [ -3.497262810767372, 50.701283138720122 ], [ -3.497362029176966, 50.701317839329498 ], [ -3.497458955702078, 50.701280621726752 ], [ -3.497456663684177, 50.701208703606618 ], [ -3.497357445435699, 50.701174003067713 ], [ -3.497260519044005, 50.701211220578465 ], [ -3.497262810767372, 50.701283138720122 ] ] ] } },
{ "type": "Feature", "properties": { "max_height": 0.0162506103515625, "mean_height": -0.00010450262925587595, "std_height": 0.0032146538142114878, "count_pixels": 38, "percent_cover": 0.046871338176704948, "percent_above_0.1m": 0.0, "low_level_<0.5": 0.0, "mid_level_0.5-2": 0.0, "tall_2+": 0.0 }, "geometry": { "type": "Polygon", "coordinates": [ [ [ -3.497066665804961, 50.701285655384609 ], [ -3.497165884081139, 50.701320356169184 ], [ -3.497262810767371, 50.701283138720122 ], [ -3.497260519044005, 50.701211220578465 ], [ -3.497161300928941, 50.701176519864354 ], [ -3.497064374376129, 50.70121373722143 ], [ -3.497066665804961, 50.701285655384609 ] ] ] } },
{ "type": "Feature", "properties": { "max_height": 0.0007495880126953125, "mean_height": -0.00028388443752191961, "std_height": 0.00097726844251155853, "count_pixels": 43, "percent_cover": 0.053038619515745074, "percent_above_0.1m": 0.0, "low_level_<0.5": 0.0, "mid_level_0.5-2": 0.0, "tall_2+": 0.0 }, "geometry": { "type": "Polygon", "coordinates": [ [ [ -3.496870520814852, 50.701288171720208 ], [ -3.496969738957611, 50.701322872679995 ], [ -3.497066665804961, 50.701285655384609 ], [ -3.497064374376128, 50.70121373722143 ], [ -3.496965156394481, 50.701179036332121 ], [ -3.496868229680554, 50.70121625353552 ], [ -3.496870520814852, 50.701288171720208 ] ] ] } },
{ "type": "Feature", "properties": { "max_height": 0.01300048828125, "mean_height": 0.00012291310122236609, "std_height": 0.0035329274833202362, "count_pixels": 43, "percent_cover": 0.053038619515745074, "percent_above_0.1m": 0.0, "low_level_<0.5": 0.0, "mid_level_0.5-2": 0.0, "tall_2+": 0.0 }, "geometry": { "type": "Polygon", "coordinates": [ [ [ -3.496674375797045, 50.701290687726946 ], [ -3.496773593806385, 50.701325388861925 ], [ -3.49687052081485, 50.701288171720208 ], [ -3.496868229680553, 50.70121625353552 ], [ -3.496769011832324, 50.701181552471006 ], [ -3.496672084957282, 50.701218769520729 ], [ -3.496674375797045, 50.701290687726946 ] ] ] } },
{ "type": "Feature", "properties": { "max_height": 0.013502120971679688, "mean_height": -0.00018514589464757591, "std_height": 0.0029452363960444927, "count_pixels": 43, "percent_cover": 0.053038619515745074, "percent_above_0.1m": 0.0, "low_level_<0.5": 0.0, "mid_level_0.5-2": 0.0, "tall_2+": 0.0 }, "geometry": { "type": "Polygon", "coordinates": [ [ [ -3.496478230751546, 50.701293203404795 ], [ -3.496577448627464, 50.701327904714979 ], [ -3.496674375797044, 50.701290687726946 ], [ -3.496672084957281, 50.701218769520729 ], [ -3.496572867242473, 50.701184068281023 ], [ -3.496475940206318, 50.701221285177049 ], [ -3.496478230751546, 50.701293203404795 ] ] ] } },
{ "type": "Feature", "properties": { "max_height": 4.5100021362304688, "mean_height": 0.52936685085296631, "std_height": 1.0150895118713379, "count_pixels": 41, "percent_cover": 0.050571706980129021, "percent_above_0.1m": 31.707317073170731, "low_level_<0.5": 7.3170731707317067, "mid_level_0.5-2": 14.634146341463413, "tall_2+": 9.7560975609756095 }, "geometry": { "type": "Polygon", "coordinates": [ [ [ -3.496282085678358, 50.701295718753769 ], [ -3.496381303420852, 50.701330420239138 ], [ -3.496478230751545, 50.701293203404795 ], [ -3.496475940206317, 50.701221285177049 ], [ -3.496376722624931, 50.701186583762158 ], [ -3.496279795427665, 50.701223800504508 ], [ -3.496282085678358, 50.701295718753769 ] ] ] } },
{ "type": "Feature", "properties": { "max_height": 11.376752853393555, "mean_height": 2.5558547973632812, "std_height": 3.5672180652618408, "count_pixels": 41, "percent_cover": 0.050571706980129021, "percent_above_0.1m": 53.658536585365859, "low_level_<0.5": 4.8780487804878048, "mid_level_0.5-2": 12.195121951219512, "tall_2+": 34.146341463414636 }, "geometry": { "type": "Polygon", "coordinates": [ [ [ -3.496085940577485, 50.701298233773855 ], [ -3.496185158186553, 50.701332935434436 ], [ -3.496282085678357, 50.701295718753769 ], [ -3.496279795427664, 50.701223800504508 ], [ -3.496180577979701, 50.701189098914398 ], [ -3.496083650621326, 50.701226315503078 ], [ -3.496085940577485, 50.701298233773855 ] ] ] } },
{ "type": "Feature", "properties": { "max_height": 9.9160022735595703, "mean_height": 3.111616849899292, "std_height": 2.7877218723297119, "count_pixels": 41, "percent_cover": 0.050571706980129021, "percent_above_0.1m": 78.048780487804876, "low_level_<0.5": 2.4390243902439024, "mid_level_0.5-2": 21.951219512195124, "tall_2+": 53.658536585365859 }, "geometry": { "type": "Polygon", "coordinates": [ [ [ -3.495889795448929, 50.701300748465066 ], [ -3.49598901292457, 50.701335450300846 ], [ -3.496085940577484, 50.701298233773855 ], [ -3.496083650621325, 50.701226315503078 ], [ -3.495984433306789, 50.70119161373777 ], [ -3.495887505787306, 50.701228830172774 ], [ -3.495889795448929, 50.701300748465066 ] ] ] } },
{ "type": "Feature", "properties": { "max_height": 12.891752243041992, "mean_height": 6.1411528587341309, "std_height": 3.3649570941925049, "count_pixels": 43, "percent_cover": 0.053038619515745074, "percent_above_0.1m": 93.023255813953483, "low_level_<0.5": 0.0, "mid_level_0.5-2": 2.3255813953488373, "tall_2+": 88.372093023255815 }, "geometry": { "type": "Polygon", "coordinates": [ [ [ -3.500698788455731, 50.701346920499496 ], [ -3.500798009427646, 50.701381618025671 ], [ -3.500894933346843, 50.701344397718486 ], [ -3.50089263616074, 50.701272479977128 ], [ -3.500793415349972, 50.70123778252141 ], [ -3.500696491564161, 50.701275002736587 ], [ -3.500698788455731, 50.701346920499496 ] ] ] } },
{ "type": "Feature", "properties": { "max_height": 14.008752822875977, "mean_height": 7.0570998191833496, "std_height": 4.2657051086425781, "count_pixels": 43, "percent_cover": 0.053038619515745074, "percent_above_0.1m": 90.697674418604649, "low_level_<0.5": 0.0, "mid_level_0.5-2": 6.9767441860465116, "tall_2+": 83.720930232558146 }, "geometry": { "type": "Polygon", "coordinates": [ [ [ -3.500502643536852, 50.701349442951617 ], [ -3.500601864375382, 50.701384140653012 ], [ -3.50069878845573, 50.701346920499496 ], [ -3.50069649156416, 50.701275002736587 ], [ -3.500597270886776, 50.701240305105664 ], [ -3.500500346939815, 50.701277525167164 ], [ -3.500502643536852, 50.701349442951617 ] ] ] } },
{ "type": "Feature", "properties": { "max_height": 13.244501113891602, "mean_height": 3.1985740661621094, "std_height": 4.835334300994873, "count_pixels": 41, "percent_cover": 0.050571706980129021, "percent_above_0.1m": 41.463414634146339, "low_level_<0.5": 0.0, "mid_level_0.5-2": 7.3170731707317067, "tall_2+": 31.707317073170731 }, "geometry": { "type": "Polygon", "coordinates": [ [ [ -3.500306498590209, 50.701351965074863 ], [ -3.500405719295353, 50.70138666295145 ], [ -3.500502643536851, 50.701349442951617 ], [ -3.500500346939814, 50.701277525167164 ], [ -3.500401126395814, 50.70124282736105 ], [ -3.500304202287706, 50.701280047268895 ], [ -3.500306498590209, 50.701351965074863 ] ] ] } },
{ "type": "Feature", "properties": { "max_height": 0.001251220703125, "mean_height": 0.00017803470836952329, "std_height": 0.00055261608213186264, "count_pixels": 41, "percent_cover": 0.050571706980129021, "percent_above_0.1m": 0.0, "low_level_<0.5": 0.0, "mid_level_0.5-2": 0.0, "tall_2+": 0.0 }, "geometry": { "type": "Polygon", "coordinates": [ [ [ -3.500110353615807, 50.701354486869235 ], [ -3.500209574187563, 50.701389184921034 ], [ -3.500306498590208, 50.701351965074863 ], [ -3.500304202287706, 50.701280047268895 ], [ -3.500204981877091, 50.701245349287547 ], [ -3.500108057607838, 50.701282569041716 ], [ -3.500110353615807, 50.701354486869235 ] ] ] } },
{ "type": "Feature", "properties": { "max_height": 0.001251220703125, "mean_height": -3.5541812394512817e-05, "std_height": 0.00058854307280853391, "count_pixels": 41, "percent_cover": 0.050571706980129021, "percent_above_0.1m": 0.0, "low_level_<0.5": 0.0, "mid_level_0.5-2": 0.0, "tall_2+": 0.0 }, "geometry": { "type": "Polygon", "coordinates": [ [ [ -3.499914208613648, 50.701357008334732 ], [ -3.500013429052015, 50.701391706561736 ], [ -3.500110353615806, 50.701354486869235 ], [ -3.500108057607837, 50.701282569041716 ], [ -3.500008837330611, 50.701247870885176 ], [ -3.499911912900214, 50.701285090485683 ], [ -3.499914208613648, 50.701357008334732 ] ] ] } },
{ "type": "Feature", "properties": { "max_height": 0.001251220703125, "mean_height": 2.5307259420515038e-05, "std_height": 0.00040125014493241906, "count_pixels": 41, "percent_cover": 0.050571706980129021, "percent_above_0.1m": 0.0, "low_level_<0.5": 0.0, "mid_level_0.5-2": 0.0, "tall_2+": 0.0 }, "geometry": { "type": "Polygon", "coordinates": [ [ [ -3.499718063583738, 50.701359529471361 ], [ -3.499817283888713, 50.701394227873564 ], [ -3.499914208613648, 50.701357008334732 ], [ -3.499911912900212, 50.701285090485683 ], [ -3.499812692756377, 50.701250392153938 ], [ -3.499715768164838, 50.701287611600776 ], [ -3.499718063583738, 50.701359529471361 ] ] ] } },
{ "type": "Feature", "properties": { "max_height": 0.0010013580322265625, "mean_height": -0.00010890495468629524, "std_height": 0.00067439861595630646, "count_pixels": 41, "percent_cover": 0.050571706980129021, "percent_above_0.1m": 0.0, "low_level_<0.5": 0.0, "mid_level_0.5-2": 0.0, "tall_2+": 0.0 }, "geometry": { "type": "Polygon", "coordinates": [ [ [ -3.499521918526079, 50.701362050279101 ], [ -3.49962113869766, 50.701396748856517 ], [ -3.499718063583737, 50.701359529471361 ], [ -3.499715768164837, 50.701287611600776 ], [ -3.499616548154393, 50.701252913093818 ], [ -3.499519623401713, 50.701290132386973 ], [ -3.499521918526079, 50.701362050279101 ] ] ] } },
{ "type": "Feature", "properties": { "max_height": 0.000751495361328125, "mean_height": -0.00027893809601664543, "std_height": 0.00097093690419569612, "count_pixels": 41, "percent_cover": 0.050571706980129021, "percent_above_0.1m": 0.0, "low_level_<0.5": 0.0, "mid_level_0.5-2": 0.0, "tall_2+": 0.0 }, "geometry": { "type": "Polygon", "coordinates": [ [ [ -3.499325773440675, 50.701364570757974 ], [ -3.49942499347886, 50.701399269510588 ], [ -3.499521918526078, 50.701362050279101 ], [ -3.499519623401712, 50.701290132386973 ], [ -3.499420403524662, 50.701255433704837 ], [ -3.499323478610842, 50.701292652844323 ], [ -3.499325773440675, 50.701364570757974 ] ] ] } },
{ "type": "Feature", "properties": { "max_height": 0.001750946044921875, "mean_height": 6.1779486713930964e-05, "std_height": 0.00053185899741947651, "count_pixels": 41, "percent_cover": 0.050571706980129021, "percent_above_0.1m": 0.0, "low_level_<0.5": 0.0, "mid_level_0.5-2": 0.0, "tall_2+": 0.0 }, "geometry": { "type": "Polygon", "coordinates": [ [ [ -3.499129628327529, 50.701367090907965 ], [ -3.499228848232318, 50.701401789835785 ], [ -3.499325773440675, 50.701364570757974 ], [ -3.499323478610842, 50.701292652844323 ], [ -3.499224258867188, 50.701257953986968 ], [ -3.499127333792232, 50.701295172972792 ], [ -3.499129628327529, 50.701367090907965 ] ] ] } },
{ "type": "Feature", "properties": { "max_height": 0.009250640869140625, "mean_height": 0.00028579178615473211, "std_height": 0.0015159224858507514, "count_pixels": 43, "percent_cover": 0.053038619515745074, "percent_above_0.1m": 0.0, "low_level_<0.5": 0.0, "mid_level_0.5-2": 0.0, "tall_2+": 0.0 }, "geometry": { "type": "Polygon", "coordinates": [ [ [ -3.498933483186646, 50.701369610729074 ], [ -3.499032702958035, 50.701404309832107 ], [ -3.499129628327529, 50.701367090907965 ], [ -3.499127333792231, 50.701295172972792 ], [ -3.499028114181974, 50.701260473940224 ], [ -3.498931188945883, 50.701297692772378 ], [ -3.498933483186646, 50.701369610729074 ] ] ] } },
{ "type": "Feature", "properties": { "max_height": 0.022500991821289062, "mean_height": 0.00087316648568958044, "std_height": 0.0035125706344842911, "count_pixels": 43, "percent_cover": 0.053038619515745074, "percent_above_0.1m": 0.0, "low_level_<0.5": 0.0, "mid_level_0.5-2": 0.0, "tall_2+": 0.0 }, "geometry": { "type": "Polygon", "coordinates": [ [ [ -3.498737338018028, 50.701372130221323 ], [ -3.498836557656016, 50.701406829499561 ], [ -3.498933483186645, 50.701369610729074 ], [ -3.498931188945882, 50.701297692772378 ], [ -3.498831969469025, 50.701262993564605 ], [ -3.4987350440718, 50.701300212243083 ], [ -3.498737338018028, 50.701372130221323 ] ] ] } },
{ "type": "Feature", "properties": { "max_height": 0.0005035400390625, "mean_height": -0.00033059230190701783, "std_height": 0.0011096968082711101, "count_pixels": 43, "percent_cover": 0.053038619515745074, "percent_above_0.1m": 0.0, "low_level_<0.5": 0.0, "mid_level_0.5-2": 0.0, "tall_2+": 0.0 }, "geometry": { "type": "Polygon", "coordinates": [ [ [ -3.49854119282168, 50.701374649384682 ], [ -3.498640412326264, 50.701409348838119 ], [ -3.498737338018027, 50.701372130221323 ], [ -3.498735044071799, 50.701300212243083 ], [ -3.498635824728344, 50.701265512860118 ], [ -3.498538899169987, 50.701302731384914 ], [ -3.49854119282168, 50.701374649384682 ] ] ] } },
{ "type": "Feature", "properties": { "max_height": 0.86499977111816406, "mean_height": 0.027099458500742912, "std_height": 0.14114575088024139, "count_pixels": 38, "percent_cover": 0.046871338176704948, "percent_above_0.1m": 5.2631578947368416, "low_level_<0.5": 2.6315789473684208, "mid_level_0.5-2": 2.6315789473684208, "tall_2+": 0.0 }, "geometry": { "type": "Polygon", "coordinates": [ [ [ -3.498345047597604, 50.701377168219175 ], [ -3.498444266968784, 50.701411867847803 ], [ -3.498541192821679, 50.701374649384682 ], [ -3.498538899169986, 50.701302731384914 ], [ -3.498439679959933, 50.70126803182675 ], [ -3.498342754240447, 50.701305250197876 ], [ -3.498345047597604, 50.701377168219175 ] ] ] } },
{ "type": "Feature", "properties": { "max_height": 0.0007495880126953125, "mean_height": -0.00069090374745428562, "std_height": 0.0015604716027155519, "count_pixels": 43, "percent_cover": 0.053038619515745074, "percent_above_0.1m": 0.0, "low_level_<0.5": 0.0, "mid_level_0.5-2": 0.0, "tall_2+": 0.0 }, "geometry": { "type": "Polygon", "coordinates": [ [ [ -3.498148902345805, 50.701379686724763 ], [ -3.498248121583578, 50.701414386528619 ], [ -3.498345047597603, 50.701377168219175 ], [ -3.498342754240446, 50.701305250197876 ], [ -3.498243535163798, 50.701270550464507 ], [ -3.498146609283182, 50.701307768681957 ], [ -3.498148902345805, 50.701379686724763 ] ] ] } },
{ "type": "Feature", "properties": { "max_height": 0.00225067138671875, "mean_height": 8.4278195799925015e-07, "std_height": 0.00078878825297579169, "count_pixels": 43, "percent_cover": 0.053038619515745074, "percent_above_0.1m": 0.0, "low_level_<0.5": 0.0, "mid_level_0.5-2": 0.0, "tall_2+": 0.0 }, "geometry": { "type": "Polygon", "coordinates": [ [ [ -3.497952757066286, 50.701382204901506 ], [ -3.498051976170651, 50.701416904880567 ], [ -3.498148902345804, 50.701379686724763 ], [ -3.498146609283182, 50.701307768681957 ], [ -3.498047390339941, 50.701273068773389 ], [ -3.4979504642982, 50.701310286837156 ], [ -3.497952757066286, 50.701382204901506 ] ] ] } },
{ "type": "Feature", "properties": { "max_height": 0.000751495361328125, "mean_height": -0.0001444262161385268, "std_height": 0.00051492062630131841, "count_pixels": 43, "percent_cover": 0.053038619515745074, "percent_above_0.1m": 0.0, "low_level_<0.5": 0.0, "mid_level_0.5-2": 0.0, "tall_2+": 0.0 }, "geometry": { "type": "Polygon", "coordinates": [ [ [ -3.497756611759051, 50.701384722749353 ], [ -3.497855830730004, 50.701419422903591 ], [ -3.497952757066285, 50.701382204901506 ], [ -3.497950464298199, 50.701310286837156 ], [ -3.497851245488366, 50.701275586753376 ], [ -3.4977543192855, 50.70131280466348 ], [ -3.497756611759051, 50.701384722749353 ] ] ] } },
{ "type": "Feature", "properties": { "max_height": 0.0010013580322265625, "mean_height": 7.4293551733717322e-05, "std_height": 0.00039142955210991204, "count_pixels": 41, "percent_cover": 0.050571706980129021, "percent_above_0.1m": 0.0, "low_level_<0.5": 0.0, "mid_level_0.5-2": 0.0, "tall_2+": 0.0 }, "geometry": { "type": "Polygon", "coordinates": [ [ [ -3.497560466424103, 50.701387240268325 ], [ -3.497659685261644, 50.701421940597783 ], [ -3.49775661175905, 50.701384722749353 ], [ -3.497754319285499, 50.70131280466348 ], [ -3.497655100609078, 50.701278104404501 ], [ -3.497558174245088, 50.70131532216093 ], [ -3.497560466424103, 50.701387240268325 ] ] ] } },
{ "type": "Feature", "properties": { "max_height": 0.0010013580322265625, "mean_height": -0.00063323974609375, "std_height": 0.0020368411205708981, "count_pixels": 41, "percent_cover": 0.050571706980129021, "percent_above_0.1m": 0.0, "low_level_<0.5": 0.0, "mid_level_0.5-2": 0.0, "tall_2+": 0.0 }, "geometry": { "type": "Polygon", "coordinates": [ [ [ -3.497364321061446, 50.701389757458422 ], [ -3.497463539765573, 50.701424457963064 ], [ -3.497560466424102, 50.701387240268325 ], [ -3.497558174245087, 50.70131532216093 ], [ -3.497458955702078, 50.701280621726752 ], [ -3.497362029176966, 50.701317839329498 ], [ -3.497364321061446, 50.701389757458422 ] ] ] } },
{ "type": "Feature", "properties": { "max_height": 0.006500244140625, "mean_height": -5.9779096773127094e-05, "std_height": 0.0017317734891548753, "count_pixels": 41, "percent_cover": 0.050571706980129021, "percent_above_0.1m": 0.0, "low_level_<0.5": 0.0, "mid_level_0.5-2": 0.0, "tall_2+": 0.0 }, "geometry": { "type": "Polygon", "coordinates": [ [ [ -3.497168175671084, 50.70139227431963 ], [ -3.497267394241795, 50.701426974999485 ], [ -3.497364321061446, 50.701389757458422 ], [ -3.497362029176966, 50.701317839329498 ], [ -3.497262810767372, 50.701283138720122 ], [ -3.49716588408114, 50.701320356169184 ], [ -3.497168175671084, 50.70139227431963 ] ] ] } },
{ "type": "Feature", "properties": { "max_height": 0.021249771118164062, "mean_height": 0.00072623463347554207, "std_height": 0.0048687891103327274, "count_pixels": 41, "percent_cover": 0.050571706980129021, "percent_above_0.1m": 0.0, "low_level_<0.5": 0.0, "mid_level_0.5-2": 0.0, "tall_2+": 0.0 }, "geometry": { "type": "Polygon", "coordinates": [ [ [ -3.496972030253019, 50.701394790851964 ], [ -3.497071248690312, 50.701429491707017 ], [ -3.497168175671082, 50.70139227431963 ], [ -3.497165884081139, 50.701320356169184 ], [ -3.497066665804961, 50.701285655384609 ], [ -3.496969738957612, 50.701322872679995 ], [ -3.496972030253019, 50.701394790851964 ] ] ] } },
{ "type": "Feature", "properties": { "max_height": 0.01399993896484375, "mean_height": -0.00057220458984375, "std_height": 0.0032764647621661425, "count_pixels": 41, "percent_cover": 0.050571706980129021, "percent_above_0.1m": 0.0, "low_level_<0.5": 0.0, "mid_level_0.5-2": 0.0, "tall_2+": 0.0 }, "geometry": { "type": "Polygon", "coordinates": [ [ [ -3.496775884807257, 50.701397307055416 ], [ -3.496875103111129, 50.701432008085668 ], [ -3.496972030253019, 50.701394790851964 ], [ -3.496969738957611, 50.701322872679995 ], [ -3.496870520814852, 50.701288171720208 ], [ -3.496773593806386, 50.701325388861925 ], [ -3.496775884807257, 50.701397307055416 ] ] ] } },
{ "type": "Feature", "properties": { "max_height": 0.01300048828125, "mean_height": -0.00054173351963981986, "std_height": 0.0033861724659800529, "count_pixels": 41, "percent_cover": 0.050571706980129021, "percent_above_0.1m": 0.0, "low_level_<0.5": 0.0, "mid_level_0.5-2": 0.0, "tall_2+": 0.0 }, "geometry": { "type": "Polygon", "coordinates": [ [ [ -3.496579739333799, 50.701399822929979 ], [ -3.49667895750425, 50.701434524135436 ], [ -3.496775884807256, 50.701397307055416 ], [ -3.496773593806385, 50.701325388861925 ], [ -3.496674375797045, 50.701290687726946 ], [ -3.496577448627465, 50.701327904714979 ], [ -3.496579739333799, 50.701399822929979 ] ] ] } },
{ "type": "Feature", "properties": { "max_height": 0.0020008087158203125, "mean_height": -0.00095632602460682392, "std_height": 0.0022194515913724899, "count_pixels": 41, "percent_cover": 0.050571706980129021, "percent_above_0.1m": 0.0, "low_level_<0.5": 0.0, "mid_level_0.5-2": 0.0, "tall_2+": 0.0 }, "geometry": { "type": "Polygon", "coordinates": [ [ [ -3.49638359383265, 50.701402338475674 ], [ -3.496482811869678, 50.701437039856344 ], [ -3.496579739333798, 50.701399822929979 ], [ -3.496577448627464, 50.701327904714979 ], [ -3.496478230751546, 50.701293203404795 ], [ -3.496381303420853, 50.701330420239138 ], [ -3.49638359383265, 50.701402338475674 ] ] ] } },
{ "type": "Feature", "properties": { "max_height": 4.2125015258789062, "mean_height": 0.48115795850753784, "std_height": 1.1329143047332764, "count_pixels": 43, "percent_cover": 0.053038619515745074, "percent_above_0.1m": 23.255813953488371, "low_level_<0.5": 4.6511627906976747, "mid_level_0.5-2": 4.6511627906976747, "tall_2+": 11.627906976744185 }, "geometry": { "type": "Polygon", "coordinates": [ [ [ -3.496187448303814, 50.70140485369248 ], [ -3.496286666207416, 50.701439555248342 ], [ -3.49638359383265, 50.701402338475674 ], [ -3.496381303420852, 50.701330420239138 ], [ -3.496282085678358, 50.701295718753769 ], [ -3.496185158186554, 50.701332935434436 ], [ -3.496187448303814, 50.70140485369248 ] ] ] } },
{ "type": "Feature", "properties": { "max_height": 13.924755096435547, "mean_height": 10.521548271179199, "std_height": 2.7177176475524902, "count_pixels": 43, "percent_cover": 0.053038619515745074, "percent_above_0.1m": 100.0, "low_level_<0.5": 0.0, "mid_level_0.5-2": 2.3255813953488373, "tall_2+": 97.674418604651152 }, "geometry": { "type": "Polygon", "coordinates": [ [ [ -3.495991302747295, 50.701407368580419 ], [ -3.496090520517469, 50.701442070311472 ], [ -3.496187448303814, 50.70140485369248 ], [ -3.496185158186553, 50.701332935434436 ], [ -3.496085940577485, 50.701298233773855 ], [ -3.495989012924571, 50.701335450300846 ], [ -3.495991302747295, 50.701407368580419 ] ] ] } },
{ "type": "Feature", "properties": { "max_height": 8.6565017700195312, "mean_height": 2.1703970432281494, "std_height": 1.6904309988021851, "count_pixels": 41, "percent_cover": 0.050571706980129021, "percent_above_0.1m": 85.365853658536579, "low_level_<0.5": 7.3170731707317067, "mid_level_0.5-2": 14.634146341463413, "tall_2+": 63.414634146341463 }, "geometry": { "type": "Polygon", "coordinates": [ [ [ -3.500604161133561, 50.701456058424696 ], [ -3.500703382266623, 50.701490756021343 ], [ -3.500800306480359, 50.701453535775826 ], [ -3.500798009427645, 50.701381618025671 ], [ -3.50069878845573, 50.701346920499496 ], [ -3.500601864375382, 50.701384140653012 ], [ -3.500604161133561, 50.701456058424696 ] ] ] } },
{ "type": "Feature", "properties": { "max_height": 1.5595016479492188, "mean_height": 0.091958485543727875, "std_height": 0.30376583337783813, "count_pixels": 41, "percent_cover": 0.050571706980129021, "percent_above_0.1m": 9.7560975609756095, "low_level_<0.5": 2.4390243902439024, "mid_level_0.5-2": 7.3170731707317067, "tall_2+": 0.0 }, "geometry": { "type": "Polygon", "coordinates": [ [ [ -3.500408015758997, 50.701458580744685 ], [ -3.500507236758673, 50.701493278516537 ], [ -3.50060416113356, 50.701456058424696 ], [ -3.500601864375382, 50.701384140653012 ], [ -3.500502643536851, 50.701349442951617 ], [ -3.500405719295353, 50.70138666295145 ], [ -3.500408015758997, 50.701458580744685 ] ] ] } },
{ "type": "Feature", "properties": { "max_height": 0.0010013580322265625, "mean_height": -3.4110489650629461e-05, "std_height": 0.00063231802778318524, "count_pixels": 43, "percent_cover": 0.053038619515745074, "percent_above_0.1m": 0.0, "low_level_<0.5": 0.0, "mid_level_0.5-2": 0.0, "tall_2+": 0.0 }, "geometry": { "type": "Polygon", "coordinates": [ [ [ -3.50021187035667, 50.701461102735792 ], [ -3.50031109122296, 50.701495800682864 ], [ -3.500408015758996, 50.701458580744685 ], [ -3.500405719295352, 50.70138666295145 ], [ -3.500306498590208, 50.701351965074863 ], [ -3.500209574187563, 50.701389184921034 ], [ -3.50021187035667, 50.701461102735792 ] ] ] } },
{ "type": "Feature", "properties": { "max_height": 0.001251220703125, "mean_height": 8.809289283817634e-05, "std_height": 0.00048198917647823691, "count_pixels": 43, "percent_cover": 0.053038619515745074, "percent_above_0.1m": 0.0, "low_level_<0.5": 0.0, "mid_level_0.5-2": 0.0, "tall_2+": 0.0 }, "geometry": { "type": "Polygon", "coordinates": [ [ [ -3.500015724926587, 50.701463624398038 ], [ -3.500114945659486, 50.701498322520301 ], [ -3.50021187035667, 50.701461102735792 ], [ -3.500209574187562, 50.701389184921034 ], [ -3.500110353615806, 50.701354486869235 ], [ -3.500013429052015, 50.701391706561736 ], [ -3.500015724926587, 50.701463624398038 ] ] ] } },
{ "type": "Feature", "properties": { "max_height": 0.000751495361328125, "mean_height": -9.1351961600594223e-05, "std_height": 0.00054570432985201478, "count_pixels": 38, "percent_cover": 0.046871338176704948, "percent_above_0.1m": 0.0, "low_level_<0.5": 0.0, "mid_level_0.5-2": 0.0, "tall_2+": 0.0 }, "geometry": { "type": "Polygon", "coordinates": [ [ [ -3.499819579468749, 50.701466145731388 ], [ -3.499918800068256, 50.701500844028871 ], [ -3.500015724926586, 50.701463624398038 ], [ -3.500013429052014, 50.701391706561736 ], [ -3.499914208613648, 50.701357008334732 ], [ -3.499817283888713, 50.701394227873564 ], [ -3.499819579468749, 50.701466145731388 ] ] ] } },
{ "type": "Feature", "properties": { "max_height": 0.001251220703125, "mean_height": -5.7131746871164069e-05, "std_height": 0.00058271922171115875, "count_pixels": 43, "percent_cover": 0.053038619515745074, "percent_above_0.1m": 0.0, "low_level_<0.5": 0.0, "mid_level_0.5-2": 0.0, "tall_2+": 0.0 }, "geometry": { "type": "Polygon", "coordinates": [ [ [ -3.499623433983161, 50.701468666735892 ], [ -3.499722654449274, 50.701503365208559 ], [ -3.499819579468748, 50.701466145731388 ], [ -3.499817283888712, 50.701394227873564 ], [ -3.499718063583737, 50.701359529471361 ], [ -3.49962113869766, 50.701396748856517 ], [ -3.499623433983161, 50.701468666735892 ] ] ] } },
{ "type": "Feature", "properties": { "max_height": 0.00150299072265625, "mean_height": -3.3844349673017859e-05, "std_height": 0.00043015289702452719, "count_pixels": 43, "percent_cover": 0.053038619515745074, "percent_above_0.1m": 0.0, "low_level_<0.5": 0.0, "mid_level_0.5-2": 0.0, "tall_2+": 0.0 }, "geometry": { "type": "Polygon", "coordinates": [ [ [ -3.499427288469824, 50.701471187411485 ], [ -3.499526508802543, 50.701505886059365 ], [ -3.499623433983159, 50.701468666735892 ], [ -3.499621138697659, 50.701396748856517 ], [ -3.499521918526078, 50.701362050279101 ], [ -3.49942499347886, 50.701399269510588 ], [ -3.499427288469824, 50.701471187411485 ] ] ] } },
{ "type": "Feature", "properties": { "max_height": 0.0015010833740234375, "mean_height": -4.5288441469892859e-05, "std_height": 0.00042544168536551297, "count_pixels": 43, "percent_cover": 0.053038619515745074, "percent_above_0.1m": 0.0, "low_level_<0.5": 0.0, "mid_level_0.5-2": 0.0, "tall_2+": 0.0 }, "geometry": { "type": "Polygon", "coordinates": [ [ [ -3.499231142928745, 50.701473707758225 ], [ -3.499330363128066, 50.701508406581304 ], [ -3.499427288469823, 50.701471187411485 ], [ -3.499424993478859, 50.701399269510588 ], [ -3.499325773440675, 50.701364570757974 ], [ -3.499228848232318, 50.701401789835785 ], [ -3.499231142928745, 50.701473707758225 ] ] ] } },
{ "type": "Feature", "properties": { "max_height": 0.0017528533935546875, "mean_height": -4.9777145250118338e-06, "std_height": 0.00086716702207922935, "count_pixels": 41, "percent_cover": 0.050571706980129021, "percent_above_0.1m": 0.0, "low_level_<0.5": 0.0, "mid_level_0.5-2": 0.0, "tall_2+": 0.0 }, "geometry": { "type": "Polygon", "coordinates": [ [ [ -3.499034997359925, 50.701476227776062 ], [ -3.499134217425848, 50.701510926774361 ], [ -3.499231142928743, 50.701473707758225 ], [ -3.499228848232317, 50.701401789835785 ], [ -3.499129628327529, 50.701367090907965 ], [ -3.499032702958035, 50.701404309832107 ], [ -3.499034997359925, 50.701476227776062 ] ] ] } },
{ "type": "Feature", "properties": { "max_height": 0.000751495361328125, "mean_height": -6.0011701862094924e-05, "std_height": 0.0003483286127448082, "count_pixels": 41, "percent_cover": 0.050571706980129021, "percent_above_0.1m": 0.0, "low_level_<0.5": 0.0, "mid_level_0.5-2": 0.0, "tall_2+": 0.0 }, "geometry": { "type": "Polygon", "coordinates": [ [ [ -3.49883885176337, 50.701478747465046 ], [ -3.498938071695891, 50.701513446638536 ], [ -3.499034997359925, 50.701476227776062 ], [ -3.499032702958034, 50.701404309832107 ], [ -3.498933483186645, 50.701369610729074 ], [ -3.498836557656016, 50.701406829499561 ], [ -3.49883885176337, 50.701478747465046 ] ] ] } },
{ "type": "Feature", "properties": { "max_height": 0.000751495361328125, "mean_height": -0.00036467576865106821, "std_height": 0.0010405617067590356, "count_pixels": 41, "percent_cover": 0.050571706980129021, "percent_above_0.1m": 0.0, "low_level_<0.5": 0.0, "mid_level_0.5-2": 0.0, "tall_2+": 0.0 }, "geometry": { "type": "Polygon", "coordinates": [ [ [ -3.498642706139082, 50.701481266825134 ], [ -3.4987419259382, 50.701515966173837 ], [ -3.498838851763369, 50.701478747465046 ], [ -3.498836557656015, 50.701406829499561 ], [ -3.498737338018027, 50.701372130221323 ], [ -3.498640412326264, 50.701409348838119 ], [ -3.498642706139082, 50.701481266825134 ] ] ] } },
{ "type": "Feature", "properties": { "max_height": 0.0025005340576171875, "mean_height": -0.00060849072178825736, "std_height": 0.0018682912923395634, "count_pixels": 41, "percent_cover": 0.050571706980129021, "percent_above_0.1m": 0.0, "low_level_<0.5": 0.0, "mid_level_0.5-2": 0.0, "tall_2+": 0.0 }, "geometry": { "type": "Polygon", "coordinates": [ [ [ -3.498446560487064, 50.701483785856354 ], [ -3.498545780152778, 50.701518485380269 ], [ -3.498642706139081, 50.701481266825134 ], [ -3.498640412326263, 50.701409348838119 ], [ -3.498541192821679, 50.701374649384682 ], [ -3.498444266968784, 50.701411867847803 ], [ -3.498446560487064, 50.701483785856354 ] ] ] } },
{ "type": "Feature", "properties": { "max_height": 0.0015010833740234375, "mean_height": -0.00013918992772232741, "std_height": 0.0010018463945016265, "count_pixels": 41, "percent_cover": 0.050571706980129021, "percent_above_0.1m": 0.0, "low_level_<0.5": 0.0, "mid_level_0.5-2": 0.0, "tall_2+": 0.0 }, "geometry": { "type": "Polygon", "coordinates": [ [ [ -3.498250414807321, 50.701486304558685 ], [ -3.498349634339629, 50.701521004257806 ], [ -3.498446560487063, 50.701483785856354 ], [ -3.498444266968783, 50.701411867847803 ], [ -3.498345047597603, 50.701377168219175 ], [ -3.498248121583578, 50.701414386528619 ], [ -3.498250414807321, 50.701486304558685 ] ] ] } },
{ "type": "Feature", "properties": { "max_height": 0.003749847412109375, "mean_height": -0.00012714107288047671, "std_height": 0.0012951222015544772, "count_pixels": 41, "percent_cover": 0.050571706980129021, "percent_above_0.1m": 0.0, "low_level_<0.5": 0.0, "mid_level_0.5-2": 0.0, "tall_2+": 0.0 }, "geometry": { "type": "Polygon", "coordinates": [ [ [ -3.498054269099857, 50.701488822932156 ], [ -3.498153488498755, 50.701523522806468 ], [ -3.498250414807321, 50.701486304558685 ], [ -3.498248121583577, 50.701414386528619 ], [ -3.498148902345804, 50.701379686724763 ], [ -3.498051976170651, 50.701416904880567 ], [ -3.498054269099857, 50.701488822932156 ] ] ] } },
{ "type": "Feature", "properties": { "max_height": 0.000751495361328125, "mean_height": -3.5820936318486929e-05, "std_height": 0.00057540345005691051, "count_pixels": 41, "percent_cover": 0.050571706980129021, "percent_above_0.1m": 0.0, "low_level_<0.5": 0.0, "mid_level_0.5-2": 0.0, "tall_2+": 0.0 }, "geometry": { "type": "Polygon", "coordinates": [ [ [ -3.497858123364674, 50.70149134097673 ], [ -3.497957342630162, 50.701526041026256 ], [ -3.498054269099856, 50.701488822932156 ], [ -3.49805197617065, 50.701416904880567 ], [ -3.497952757066285, 50.701382204901506 ], [ -3.497855830730004, 50.701419422903591 ], [ -3.497858123364674, 50.70149134097673 ] ] ] } },
{ "type": "Feature", "properties": { "max_height": 0.011501312255859375, "mean_height": 0.00065324362367391586, "std_height": 0.0031419608276337385, "count_pixels": 41, "percent_cover": 0.050571706980129021, "percent_above_0.1m": 0.0, "low_level_<0.5": 0.0, "mid_level_0.5-2": 0.0, "tall_2+": 0.0 }, "geometry": { "type": "Polygon", "coordinates": [ [ [ -3.497661977601776, 50.70149385869243 ], [ -3.497761196733851, 50.70152855891714 ], [ -3.497858123364673, 50.70149134097673 ], [ -3.497855830730003, 50.701419422903591 ], [ -3.49775661175905, 50.701384722749353 ], [ -3.497659685261644, 50.701421940597783 ], [ -3.497661977601776, 50.70149385869243 ] ] ] } },
{ "type": "Feature", "properties": { "max_height": 0.0007495880126953125, "mean_height": -0.00023185374448075891, "std_height": 0.00079867267049849033, "count_pixels": 43, "percent_cover": 0.053038619515745074, "percent_above_0.1m": 0.0, "low_level_<0.5": 0.0, "mid_level_0.5-2": 0.0, "tall_2+": 0.0 }, "geometry": { "type": "Polygon", "coordinates": [ [ [ -3.497465831811167, 50.701496376079241 ], [ -3.497565050809827, 50.701531076479171 ], [ -3.497661977601775, 50.70149385869243 ], [ -3.497659685261643, 50.701421940597783 ], [ -3.497560466424102, 50.701387240268325 ], [ -3.497463539765573, 50.701424457963064 ], [ -3.497465831811167, 50.701496376079241 ] ] ] } },
{ "type": "Feature", "properties": { "max_height": 0.0010013580322265625, "mean_height": -0.0010980118531733751, "std_height": 0.002830456243827939, "count_pixels": 43, "percent_cover": 0.053038619515745074, "percent_above_0.1m": 0.0, "low_level_<0.5": 0.0, "mid_level_0.5-2": 0.0, "tall_2+": 0.0 }, "geometry": { "type": "Polygon", "coordinates": [ [ [ -3.497269685992851, 50.701498893137185 ], [ -3.497368904858096, 50.701533593712313 ], [ -3.497465831811166, 50.701496376079241 ], [ -3.497463539765572, 50.701424457963064 ], [ -3.497364321061446, 50.701389757458422 ], [ -3.497267394241795, 50.701426974999485 ], [ -3.497269685992851, 50.701498893137185 ] ] ] } },
{ "type": "Feature", "properties": { "max_height": 0.013750076293945312, "mean_height": -0.00090056972112506628, "std_height": 0.0036081993021070957, "count_pixels": 38, "percent_cover": 0.046871338176704948, "percent_above_0.1m": 0.0, "low_level_<0.5": 0.0, "mid_level_0.5-2": 0.0, "tall_2+": 0.0 }, "geometry": { "type": "Polygon", "coordinates": [ [ [ -3.49707354014683, 50.701501409866246 ], [ -3.497172758878657, 50.701536110616573 ], [ -3.49726968599285, 50.701498893137185 ], [ -3.497267394241794, 50.701426974999485 ], [ -3.497168175671082, 50.70139227431963 ], [ -3.497071248690312, 50.701429491707017 ], [ -3.49707354014683, 50.701501409866246 ] ] ] } },
{ "type": "Feature", "properties": { "max_height": 0.000751495361328125, "mean_height": -0.00043500855099409819, "std_height": 0.0013099007774144411, "count_pixels": 43, "percent_cover": 0.053038619515745074, "percent_above_0.1m": 0.0, "low_level_<0.5": 0.0, "mid_level_0.5-2": 0.0, "tall_2+": 0.0 }, "geometry": { "type": "Polygon", "coordinates": [ [ [ -3.49687739427311, 50.701503926266419 ], [ -3.496976612871517, 50.701538627191944 ], [ -3.49707354014683, 50.701501409866246 ], [ -3.497071248690311, 50.701429491707017 ], [ -3.496972030253019, 50.701394790851964 ], [ -3.496875103111129, 50.701432008085668 ], [ -3.49687739427311, 50.701503926266419 ] ] ] } },
{ "type": "Feature", "properties": { "max_height": 0.0020008087158203125, "mean_height": -0.0011968835024163127, "std_height": 0.0030296659097075462, "count_pixels": 43, "percent_cover": 0.053038619515745074, "percent_above_0.1m": 0.0, "low_level_<0.5": 0.0, "mid_level_0.5-2": 0.0, "tall_2+": 0.0 }, "geometry": { "type": "Polygon", "coordinates": [ [ [ -3.496681248371692, 50.70150644233771 ], [ -3.496780466836678, 50.70154114343844 ], [ -3.496877394273108, 50.701503926266419 ], [ -3.496875103111128, 50.701432008085668 ], [ -3.496775884807256, 50.701397307055416 ], [ -3.49667895750425, 50.701434524135436 ], [ -3.496681248371692, 50.70150644233771 ] ] ] } },
{ "type": "Feature", "properties": { "max_height": 0.000751495361328125, "mean_height": -0.0013073321897536516, "std_height": 0.002368053887039423, "count_pixels": 43, "percent_cover": 0.053038619515745074, "percent_above_0.1m": 0.0, "low_level_<0.5": 0.0, "mid_level_0.5-2": 0.0, "tall_2+": 0.0 }, "geometry": { "type": "Polygon", "coordinates": [ [ [ -3.496485102442581, 50.701508958080126 ], [ -3.496584320774144, 50.701543659356055 ], [ -3.496681248371691, 50.70150644233771 ], [ -3.496678957504249, 50.701434524135436 ], [ -3.496579739333798, 50.701399822929979 ], [ -3.496482811869678, 50.701437039856344 ], [ -3.496485102442581, 50.701508958080126 ] ] ] } },
{ "type": "Feature", "properties": { "max_height": 0.95575141906738281, "mean_height": 0.026829974725842476, "std_height": 0.14729245007038116, "count_pixels": 41, "percent_cover": 0.050571706980129021, "percent_above_0.1m": 2.4390243902439024, "low_level_<0.5": 0.0, "mid_level_0.5-2": 2.4390243902439024, "tall_2+": 0.0 }, "geometry": { "type": "Polygon", "coordinates": [ [ [ -3.496288956485782, 50.701511473493653 ], [ -3.496388174683919, 50.701546174944781 ], [ -3.49648510244258, 50.701508958080126 ], [ -3.496482811869677, 50.701437039856344 ], [ -3.49638359383265, 50.701402338475674 ], [ -3.496286666207416, 50.701439555248342 ], [ -3.496288956485782, 50.701511473493653 ] ] ] } },
{ "type": "Feature", "properties": { "max_height": 3.4655017852783203, "mean_height": 0.81128114461898804, "std_height": 0.84472054243087769, "count_pixels": 41, "percent_cover": 0.050571706980129021, "percent_above_0.1m": 75.609756097560975, "low_level_<0.5": 19.512195121951219, "mid_level_0.5-2": 41.463414634146339, "tall_2+": 9.7560975609756095 }, "geometry": { "type": "Polygon", "coordinates": [ [ [ -3.496092810501296, 50.701513988578299 ], [ -3.496192028566005, 50.701548690204646 ], [ -3.496288956485782, 50.701511473493653 ], [ -3.496286666207416, 50.701439555248342 ], [ -3.496187448303814, 50.70140485369248 ], [ -3.496090520517469, 50.701442070311472 ], [ -3.496092810501296, 50.701513988578299 ] ] ] } },
{ "type": "Feature", "properties": { "max_height": 4.7025012969970703, "mean_height": 2.7091579437255859, "std_height": 1.1320122480392456, "count_pixels": 43, "percent_cover": 0.053038619515745074, "percent_above_0.1m": 100.0, "low_level_<0.5": 0.0, "mid_level_0.5-2": 27.906976744186046, "tall_2+": 72.093023255813947 }, "geometry": { "type": "Polygon", "coordinates": [ [ [ -3.50050953338346, 50.701565196297018 ], [ -3.50060875467767, 50.701599893964108 ], [ -3.500705679185947, 50.70156267378028 ], [ -3.500703382266623, 50.701490756021343 ], [ -3.500604161133561, 50.701456058424696 ], [ -3.500507236758674, 50.701493278516537 ], [ -3.50050953338346, 50.701565196297018 ] ] ] } },
{ "type": "Feature", "properties": { "max_height": 2.4977512359619141, "mean_height": 0.96978116035461426, "std_height": 0.98458045721054077, "count_pixels": 41, "percent_cover": 0.050571706980129021, "percent_above_0.1m": 63.414634146341463, "low_level_<0.5": 7.3170731707317067, "mid_level_0.5-2": 29.268292682926827, "tall_2+": 24.390243902439025 }, "geometry": { "type": "Polygon", "coordinates": [ [ [ -3.500313387553209, 50.701567718484874 ], [ -3.500412608714031, 50.701602416327177 ], [ -3.500509533383459, 50.701565196297018 ], [ -3.500507236758673, 50.701493278516537 ], [ -3.500408015758997, 50.701458580744685 ], [ -3.50031109122296, 50.701495800682864 ], [ -3.500313387553209, 50.701567718484874 ] ] ] } },
{ "type": "Feature", "properties": { "max_height": 0.001251220703125, "mean_height": 6.7966742790304124e-05, "std_height": 0.00054393819300457835, "count_pixels": 41, "percent_cover": 0.050571706980129021, "percent_above_0.1m": 0.0, "low_level_<0.5": 0.0, "mid_level_0.5-2": 0.0, "tall_2+": 0.0 }, "geometry": { "type": "Polygon", "coordinates": [ [ [ -3.500117241695198, 50.701570240343855 ], [ -3.500216462722631, 50.701604938361363 ], [ -3.500313387553208, 50.701567718484874 ], [ -3.50031109122296, 50.701495800682864 ], [ -3.50021187035667, 50.701461102735792 ], [ -3.500114945659487, 50.701498322520301 ], [ -3.500117241695198, 50.701570240343855 ] ] ] } },
{ "type": "Feature", "properties": { "max_height": 0.0010013580322265625, "mean_height": -5.1172769417462405e-06, "std_height": 0.0004892757860943675, "count_pixels": 41, "percent_cover": 0.050571706980129021, "percent_above_0.1m": 0.0, "low_level_<0.5": 0.0, "mid_level_0.5-2": 0.0, "tall_2+": 0.0 }, "geometry": { "type": "Polygon", "coordinates": [ [ [ -3.499921095809431, 50.701572761873955 ], [ -3.500020316703472, 50.701607460066683 ], [ -3.500117241695197, 50.701570240343855 ], [ -3.500114945659486, 50.701498322520301 ], [ -3.500015724926587, 50.701463624398038 ], [ -3.499918800068257, 50.701500844028871 ], [ -3.499921095809431, 50.701572761873955 ] ] ] } },
{ "type": "Feature", "properties": { "max_height": 0.0010013580322265625, "mean_height": 2.5493342036497779e-05, "std_height": 0.00055454700486734509, "count_pixels": 41, "percent_cover": 0.050571706980129021, "percent_above_0.1m": 0.0, "low_level_<0.5": 0.0, "mid_level_0.5-2": 0.0, "tall_2+": 0.0 }, "geometry": { "type": "Polygon", "coordinates": [ [ [ -3.49972494989591, 50.701575283075179 ], [ -3.499824170656558, 50.701609981443106 ], [ -3.49992109580943, 50.701572761873955 ], [ -3.499918800068256, 50.701500844028871 ], [ -3.499819579468749, 50.701466145731388 ], [ -3.499722654449275, 50.701503365208559 ], [ -3.49972494989591, 50.701575283075179 ] ] ] } },
{ "type": "Feature", "properties": { "max_height": 0.000751495361328125, "mean_height": -0.00012723410327453166, "std_height": 0.00065833854023367167, "count_pixels": 41, "percent_cover": 0.050571706980129021, "percent_above_0.1m": 0.0, "low_level_<0.5": 0.0, "mid_level_0.5-2": 0.0, "tall_2+": 0.0 }, "geometry": { "type": "Polygon", "coordinates": [ [ [ -3.499528803954642, 50.701577803947529 ], [ -3.499628024581894, 50.701612502490654 ], [ -3.49972494989591, 50.701575283075179 ], [ -3.499722654449274, 50.701503365208559 ], [ -3.499623433983161, 50.701468666735892 ], [ -3.499526508802544, 50.701505886059365 ], [ -3.499528803954642, 50.701577803947529 ] ] ] } },
{ "type": "Feature", "properties": { "max_height": 0.000751495361328125, "mean_height": -6.6338514443486929e-05, "std_height": 0.00034949800465255976, "count_pixels": 41, "percent_cover": 0.050571706980129021, "percent_above_0.1m": 0.0, "low_level_<0.5": 0.0, "mid_level_0.5-2": 0.0, "tall_2+": 0.0 }, "geometry": { "type": "Polygon", "coordinates": [ [ [ -3.499332657985626, 50.70158032449099 ], [ -3.499431878479482, 50.701615023209335 ], [ -3.49952880395464, 50.701577803947529 ], [ -3.499526508802543, 50.701505886059365 ], [ -3.499427288469824, 50.701471187411485 ], [ -3.499330363128067, 50.701508406581304 ], [ -3.499332657985626, 50.70158032449099 ] ] ] } },
{ "type": "Feature", "properties": { "max_height": 0.0010013580322265625, "mean_height": -0.0001452376163797453, "std_height": 0.0011779129272326827, "count_pixels": 41, "percent_cover": 0.050571706980129021, "percent_above_0.1m": 0.0, "low_level_<0.5": 0.0, "mid_level_0.5-2": 0.0, "tall_2+": 0.0 }, "geometry": { "type": "Polygon", "coordinates": [ [ [ -3.49913651198887, 50.701582844705584 ], [ -3.499235732349326, 50.701617543599127 ], [ -3.499332657985626, 50.70158032449099 ], [ -3.499330363128066, 50.701508406581304 ], [ -3.499231142928745, 50.701473707758225 ], [ -3.499134217425848, 50.701510926774361 ], [ -3.49913651198887, 50.701582844705584 ] ] ] } },
{ "type": "Feature", "properties": { "max_height": 0.0010013580322265625, "mean_height": -0.00040591039578430355, "std_height": 0.00094778131460770965, "count_pixels": 43, "percent_cover": 0.053038619515745074, "percent_above_0.1m": 0.0, "low_level_<0.5": 0.0, "mid_level_0.5-2": 0.0, "tall_2+": 0.0 }, "geometry": { "type": "Polygon", "coordinates": [ [ [ -3.498940365964375, 50.701585364591296 ], [ -3.49903958619143, 50.701620063660044 ], [ -3.499136511988869, 50.701582844705584 ], [ -3.499134217425848, 50.701510926774361 ], [ -3.499034997359925, 50.701476227776062 ], [ -3.498938071695892, 50.701513446638536 ], [ -3.498940365964375, 50.701585364591296 ] ] ] } },
{ "type": "Feature", "properties": { "max_height": 0.0015010833740234375, "mean_height": -5.7131746871164069e-05, "std_height": 0.00045697359018959105, "count_pixels": 43, "percent_cover": 0.053038619515745074, "percent_above_0.1m": 0.0, "low_level_<0.5": 0.0, "mid_level_0.5-2": 0.0, "tall_2+": 0.0 }, "geometry": { "type": "Polygon", "coordinates": [ [ [ -3.498744219912146, 50.701587884148125 ], [ -3.498843440005798, 50.701622583392066 ], [ -3.498940365964374, 50.701585364591296 ], [ -3.498938071695891, 50.701513446638536 ], [ -3.49883885176337, 50.701478747465046 ], [ -3.498741925938201, 50.701515966173837 ], [ -3.498744219912146, 50.701587884148125 ] ] ] } },
{ "type": "Feature", "properties": { "max_height": 0.000751495361328125, "mean_height": -0.00013857109297532588, "std_height": 0.00075924460543319583, "count_pixels": 43, "percent_cover": 0.053038619515745074, "percent_above_0.1m": 0.0, "low_level_<0.5": 0.0, "mid_level_0.5-2": 0.0, "tall_2+": 0.0 }, "geometry": { "type": "Polygon", "coordinates": [ [ [ -3.498548073832185, 50.701590403376066 ], [ -3.498647293792433, 50.701625102795234 ], [ -3.498744219912145, 50.701587884148125 ], [ -3.4987419259382, 50.701515966173837 ], [ -3.498642706139082, 50.701481266825134 ], [ -3.498545780152779, 50.701518485380269 ], [ -3.498548073832185, 50.701590403376066 ] ] ] } },
{ "type": "Feature", "properties": { "max_height": 0.0015010833740234375, "mean_height": -1.8722132153925486e-05, "std_height": 0.00047761810128577054, "count_pixels": 38, "percent_cover": 0.046871338176704948, "percent_above_0.1m": 0.0, "low_level_<0.5": 0.0, "mid_level_0.5-2": 0.0, "tall_2+": 0.0 }, "geometry": { "type": "Polygon", "coordinates": [ [ [ -3.498351927724496, 50.70159292227514 ], [ -3.498451147551338, 50.701627621869505 ], [ -3.498548073832184, 50.701590403376066 ], [ -3.498545780152778, 50.701518485380269 ], [ -3.498446560487064, 50.701483785856354 ], [ -3.498349634339629, 50.701521004257806 ], [ -3.498351927724496, 50.70159292227514 ] ] ] } },
{ "type": "Feature", "properties": { "max_height": 0.0010013580322265625, "mean_height": -0.00012659472122322768, "std_height": 0.0011530745541676879, "count_pixels": 43, "percent_cover": 0.053038619515745074, "percent_above_0.1m": 0.0, "low_level_<0.5": 0.0, "mid_level_0.5-2": 0.0, "tall_2+": 0.0 }, "geometry": { "type": "Polygon", "coordinates": [ [ [ -3.498155781589084, 50.701595440845331 ], [ -3.498255001282517, 50.701630140614903 ], [ -3.498351927724495, 50.70159292227514 ], [ -3.498349634339629, 50.701521004257806 ], [ -3.498250414807321, 50.701486304558685 ], [ -3.498153488498756, 50.701523522806468 ], [ -3.498155781589084, 50.701595440845331 ] ] ] } },
{ "type": "Feature", "properties": { "max_height": 0.010753631591796875, "mean_height": -6.2809434894006699e-05, "std_height": 0.0020046469289809465, "count_pixels": 43, "percent_cover": 0.053038619515745074, "percent_above_0.1m": 0.0, "low_level_<0.5": 0.0, "mid_level_0.5-2": 0.0, "tall_2+": 0.0 }, "geometry": { "type": "Polygon", "coordinates": [ [ [ -3.497959635425952, 50.701597959086641 ], [ -3.498058854985974, 50.701632659031418 ], [ -3.498155781589083, 50.701595440845331 ], [ -3.498153488498755, 50.701523522806468 ], [ -3.498054269099857, 50.701488822932156 ], [ -3.497957342630162, 50.701526041026256 ], [ -3.497959635425952, 50.701597959086641 ] ] ] } },
{ "type": "Feature", "properties": { "max_height": 0.000499725341796875, "mean_height": -0.00070864654844626784, "std_height": 0.0016365062911063433, "count_pixels": 43, "percent_cover": 0.053038619515745074, "percent_above_0.1m": 0.0, "low_level_<0.5": 0.0, "mid_level_0.5-2": 0.0, "tall_2+": 0.0 }, "geometry": { "type": "Polygon", "coordinates": [ [ [ -3.497763489235102, 50.701600476999062 ], [ -3.497862708661713, 50.701635177119044 ], [ -3.497959635425951, 50.701597959086641 ], [ -3.497957342630162, 50.701526041026256 ], [ -3.497858123364674, 50.70149134097673 ], [ -3.497761196733852, 50.70152855891714 ], [ -3.497763489235102, 50.701600476999062 ] ] ] } },
{ "type": "Feature", "properties": { "max_height": 0.0020008087158203125, "mean_height": -0.00083430222002789378, "std_height": 0.0022211151663213968, "count_pixels": 41, "percent_cover": 0.050571706980129021, "percent_above_0.1m": 0.0, "low_level_<0.5": 0.0, "mid_level_0.5-2": 0.0, "tall_2+": 0.0 }, "geometry": { "type": "Polygon", "coordinates": [ [ [ -3.49756734301654, 50.701602994582608 ], [ -3.497666562309737, 50.701637694877796 ], [ -3.497763489235101, 50.701600476999062 ], [ -3.497761196733851, 50.70152855891714 ], [ -3.497661977601776, 50.70149385869243 ], [ -3.497565050809829, 50.701531076479171 ], [ -3.49756734301654, 50.701602994582608 ] ] ] } },
{ "type": "Feature", "properties": { "max_height": 0.000751495361328125, "mean_height": -0.00068166782148182392, "std_height": 0.0017081316327676177, "count_pixels": 41, "percent_cover": 0.050571706980129021, "percent_above_0.1m": 0.0, "low_level_<0.5": 0.0, "mid_level_0.5-2": 0.0, "tall_2+": 0.0 }, "geometry": { "type": "Polygon", "coordinates": [ [ [ -3.497371196770267, 50.701605511837279 ], [ -3.497470415930049, 50.701640212307659 ], [ -3.497567343016539, 50.701602994582608 ], [ -3.497565050809827, 50.701531076479171 ], [ -3.497465831811167, 50.701496376079241 ], [ -3.497368904858097, 50.701533593712313 ], [ -3.497371196770267, 50.701605511837279 ] ] ] } },
{ "type": "Feature", "properties": { "max_height": 0.001251220703125, "mean_height": -0.0004685099411290139, "std_height": 0.0012892608065158129, "count_pixels": 41, "percent_cover": 0.050571706980129021, "percent_above_0.1m": 0.0, "low_level_<0.5": 0.0, "mid_level_0.5-2": 0.0, "tall_2+": 0.0 }, "geometry": { "type": "Polygon", "coordinates": [ [ [ -3.49717505049629, 50.701608028763054 ], [ -3.497274269522653, 50.701642729408647 ], [ -3.497371196770267, 50.701605511837279 ], [ -3.497368904858096, 50.701533593712313 ], [ -3.497269685992851, 50.701498893137185 ], [ -3.497172758878658, 50.701536110616573 ], [ -3.49717505049629, 50.701608028763054 ] ] ] } },
{ "type": "Feature", "properties": { "max_height": 0.0010013580322265625, "mean_height": -0.0012672703014686704, "std_height": 0.0023598624393343925, "count_pixels": 41, "percent_cover": 0.050571706980129021, "percent_above_0.1m": 0.0, "low_level_<0.5": 0.0, "mid_level_0.5-2": 0.0, "tall_2+": 0.0 }, "geometry": { "type": "Polygon", "coordinates": [ [ [ -3.49697890419461, 50.701610545359962 ], [ -3.497078123087554, 50.701645246180746 ], [ -3.497175050496288, 50.701608028763054 ], [ -3.497172758878657, 50.701536110616573 ], [ -3.49707354014683, 50.701501409866246 ], [ -3.496976612871518, 50.701538627191944 ], [ -3.49697890419461, 50.701610545359962 ] ] ] } },
{ "type": "Feature", "properties": { "max_height": 0.024250030517578125, "mean_height": -0.00012700150546152145, "std_height": 0.0052095400169491768, "count_pixels": 41, "percent_cover": 0.050571706980129021, "percent_above_0.1m": 0.0, "low_level_<0.5": 0.0, "mid_level_0.5-2": 0.0, "tall_2+": 0.0 }, "geometry": { "type": "Polygon", "coordinates": [ [ [ -3.496782757865231, 50.701613061627967 ], [ -3.496881976624753, 50.701647762623978 ], [ -3.496978904194609, 50.701610545359962 ], [ -3.496976612871517, 50.701538627191944 ], [ -3.49687739427311, 50.701503926266419 ], [ -3.496780466836679, 50.70154114343844 ], [ -3.496782757865231, 50.701613061627967 ] ] ] } },
{ "type": "Feature", "properties": { "max_height": 0.01200103759765625, "mean_height": -0.00046241574455052614, "std_height": 0.0037864344194531441, "count_pixels": 41, "percent_cover": 0.050571706980129021, "percent_above_0.1m": 0.0, "low_level_<0.5": 0.0, "mid_level_0.5-2": 0.0, "tall_2+": 0.0 }, "geometry": { "type": "Polygon", "coordinates": [ [ [ -3.496586611508156, 50.701615577567111 ], [ -3.496685830134255, 50.701650278738306 ], [ -3.496782757865229, 50.701613061627967 ], [ -3.496780466836678, 50.70154114343844 ], [ -3.496681248371692, 50.70150644233771 ], [ -3.496584320774144, 50.701543659356055 ], [ -3.496586611508156, 50.701615577567111 ] ] ] } },
{ "type": "Feature", "properties": { "max_height": 0.40775108337402344, "mean_height": 0.027598682790994644, "std_height": 0.077740222215652466, "count_pixels": 41, "percent_cover": 0.050571706980129021, "percent_above_0.1m": 7.3170731707317067, "low_level_<0.5": 4.8780487804878048, "mid_level_0.5-2": 0.0, "tall_2+": 0.0 }, "geometry": { "type": "Polygon", "coordinates": [ [ [ -3.49639046512339, 50.701618093177359 ], [ -3.496489683616064, 50.701652794523753 ], [ -3.496586611508155, 50.701615577567111 ], [ -3.496584320774144, 50.701543659356055 ], [ -3.496485102442581, 50.701508958080126 ], [ -3.49638817468392, 50.701546174944781 ], [ -3.49639046512339, 50.701618093177359 ] ] ] } },
{ "type": "Feature", "properties": { "max_height": 7.0292510986328125, "mean_height": 3.2835760116577148, "std_height": 2.2607178688049316, "count_pixels": 43, "percent_cover": 0.053038619515745074, "percent_above_0.1m": 93.023255813953483, "low_level_<0.5": 4.6511627906976747, "mid_level_0.5-2": 23.255813953488371, "tall_2+": 62.790697674418603 }, "geometry": { "type": "Polygon", "coordinates": [ [ [ -3.496194318710938, 50.701620608458725 ], [ -3.496293537070184, 50.701655309980325 ], [ -3.49639046512339, 50.701618093177359 ], [ -3.496388174683919, 50.701546174944781 ], [ -3.496288956485782, 50.701511473493653 ], [ -3.496192028566007, 50.701548690204646 ], [ -3.496194318710938, 50.701620608458725 ] ] ] } },
{ "type": "Feature", "properties": { "max_height": 2.4960002899169922, "mean_height": 0.87276846170425415, "std_height": 0.82293134927749634, "count_pixels": 43, "percent_cover": 0.053038619515745074, "percent_above_0.1m": 72.093023255813947, "low_level_<0.5": 13.953488372093023, "mid_level_0.5-2": 39.534883720930232, "tall_2+": 13.953488372093023 }, "geometry": { "type": "Polygon", "coordinates": [ [ [ -3.500218758919484, 50.701676856172178 ], [ -3.500317980241452, 50.701711554084959 ], [ -3.500414905205422, 50.701674334116461 ], [ -3.500412608714031, 50.701602416327177 ], [ -3.500313387553208, 50.701567718484874 ], [ -3.500216462722631, 50.701604938361363 ], [ -3.500218758919484, 50.701676856172178 ] ] ] } },
{ "type": "Feature", "properties": { "max_height": 2.1182518005371094, "mean_height": 0.33330309391021729, "std_height": 0.703377366065979, "count_pixels": 43, "percent_cover": 0.053038619515745074, "percent_above_0.1m": 25.581395348837212, "low_level_<0.5": 6.9767441860465116, "mid_level_0.5-2": 11.627906976744185, "tall_2+": 6.9767441860465116 }, "geometry": { "type": "Polygon", "coordinates": [ [ [ -3.500022612605785, 50.701679377899019 ], [ -3.500121833794362, 50.701714075987013 ], [ -3.500218758919483, 50.701676856172178 ], [ -3.50021646272263, 50.701604938361363 ], [ -3.500117241695197, 50.701570240343855 ], [ -3.500020316703472, 50.701607460066683 ], [ -3.500022612605785, 50.701679377899019 ] ] ] } },
{ "type": "Feature", "properties": { "max_height": 0.0005016326904296875, "mean_height": -3.1922991183819249e-05, "std_height": 0.00031496267183683813, "count_pixels": 38, "percent_cover": 0.046871338176704948, "percent_above_0.1m": 0.0, "low_level_<0.5": 0.0, "mid_level_0.5-2": 0.0, "tall_2+": 0.0 }, "geometry": { "type": "Polygon", "coordinates": [ [ [ -3.499826466264332, 50.701681899296993 ], [ -3.499925687319517, 50.701716597560186 ], [ -3.500022612605784, 50.701679377899019 ], [ -3.500020316703471, 50.701607460066683 ], [ -3.49992109580943, 50.701572761873955 ], [ -3.499824170656558, 50.701609981443106 ], [ -3.499826466264332, 50.701681899296993 ] ] ] } },
{ "type": "Feature", "properties": { "max_height": 0.000751495361328125, "mean_height": 4.2006027797469869e-05, "std_height": 0.00030937726842239499, "count_pixels": 43, "percent_cover": 0.053038619515745074, "percent_above_0.1m": 0.0, "low_level_<0.5": 0.0, "mid_level_0.5-2": 0.0, "tall_2+": 0.0 }, "geometry": { "type": "Polygon", "coordinates": [ [ [ -3.499630319895128, 50.701684420366078 ], [ -3.499729540816918, 50.701719118804483 ], [ -3.499826466264331, 50.701681899296993 ], [ -3.499824170656558, 50.701609981443106 ], [ -3.49972494989591, 50.701575283075179 ], [ -3.499628024581894, 50.701612502490654 ], [ -3.499630319895128, 50.701684420366078 ] ] ] } },
{ "type": "Feature", "properties": { "max_height": 0.33775138854980469, "mean_height": 0.0082278139889240265, "std_height": 0.050910327583551407, "count_pixels": 43, "percent_cover": 0.053038619515745074, "percent_above_0.1m": 2.3255813953488373, "low_level_<0.5": 2.3255813953488373, "mid_level_0.5-2": 0.0, "tall_2+": 0.0 }, "geometry": { "type": "Polygon", "coordinates": [ [ [ -3.499434173498177, 50.701686941106288 ], [ -3.499533394286569, 50.701721639719885 ], [ -3.499630319895128, 50.701684420366078 ], [ -3.499628024581893, 50.701612502490654 ], [ -3.49952880395464, 50.701577803947529 ], [ -3.499431878479482, 50.701615023209335 ], [ -3.499434173498177, 50.701686941106288 ] ] ] } },
{ "type": "Feature", "properties": { "max_height": 0.28225135803222656, "mean_height": 0.0065240194089710712, "std_height": 0.042547255754470825, "count_pixels": 43, "percent_cover": 0.053038619515745074, "percent_above_0.1m": 2.3255813953488373, "low_level_<0.5": 2.3255813953488373, "mid_level_0.5-2": 0.0, "tall_2+": 0.0 }, "geometry": { "type": "Polygon", "coordinates": [ [ [ -3.499238027073481, 50.701689461517603 ], [ -3.499337247728474, 50.701724160306426 ], [ -3.499434173498176, 50.701686941106288 ], [ -3.499431878479481, 50.701615023209335 ], [ -3.499332657985626, 50.70158032449099 ], [ -3.499235732349326, 50.701617543599127 ], [ -3.499238027073481, 50.701689461517603 ] ] ] } },
{ "type": "Feature", "properties": { "max_height": 0.0020008087158203125, "mean_height": 8.0248202721122652e-05, "std_height": 0.00053940404905006289, "count_pixels": 41, "percent_cover": 0.050571706980129021, "percent_above_0.1m": 0.0, "low_level_<0.5": 0.0, "mid_level_0.5-2": 0.0, "tall_2+": 0.0 }, "geometry": { "type": "Polygon", "coordinates": [ [ [ -3.499041880621045, 50.70169198160005 ], [ -3.499141101142638, 50.701726680564079 ], [ -3.49923802707348, 50.701689461517603 ], [ -3.499235732349326, 50.701617543599127 ], [ -3.499136511988869, 50.701582844705584 ], [ -3.49903958619143, 50.701620063660044 ], [ -3.499041880621045, 50.70169198160005 ] ] ] } },
{ "type": "Feature", "properties": { "max_height": 0.01000213623046875, "mean_height": 7.4200514063704759e-05, "std_height": 0.001676114508882165, "count_pixels": 41, "percent_cover": 0.050571706980129021, "percent_above_0.1m": 0.0, "low_level_<0.5": 0.0, "mid_level_0.5-2": 0.0, "tall_2+": 0.0 }, "geometry": { "type": "Polygon", "coordinates": [ [ [ -3.498845734140872, 50.701694501353622 ], [ -3.498944954529062, 50.701729200492842 ], [ -3.499041880621044, 50.70169198160005 ], [ -3.499039586191429, 50.701620063660044 ], [ -3.498940365964374, 50.701585364591296 ], [ -3.498843440005798, 50.701622583392066 ], [ -3.498845734140872, 50.701694501353622 ] ] ] } },
{ "type": "Feature", "properties": { "max_height": 0.000751495361328125, "mean_height": 1.274667101824889e-05, "std_height": 0.00037007153150625527, "count_pixels": 41, "percent_cover": 0.050571706980129021, "percent_above_0.1m": 0.0, "low_level_<0.5": 0.0, "mid_level_0.5-2": 0.0, "tall_2+": 0.0 }, "geometry": { "type": "Polygon", "coordinates": [ [ [ -3.498649587632966, 50.701697020778312 ], [ -3.498748807887752, 50.701731720092738 ], [ -3.498845734140871, 50.701694501353622 ], [ -3.498843440005798, 50.701622583392066 ], [ -3.498744219912145, 50.701587884148125 ], [ -3.498647293792433, 50.701625102795234 ], [ -3.498649587632966, 50.701697020778312 ] ] ] } },
{ "type": "Feature", "properties": { "max_height": 0.0010013580322265625, "mean_height": -2.9540642572101206e-05, "std_height": 0.0003134779108222574, "count_pixels": 41, "percent_cover": 0.050571706980129021, "percent_above_0.1m": 0.0, "low_level_<0.5": 0.0, "mid_level_0.5-2": 0.0, "tall_2+": 0.0 }, "geometry": { "type": "Polygon", "coordinates": [ [ [ -3.498453441097331, 50.701699539874106 ], [ -3.498552661218711, 50.701734239363752 ], [ -3.498649587632965, 50.701697020778312 ], [ -3.498647293792432, 50.701625102795234 ], [ -3.498548073832184, 50.701590403376066 ], [ -3.498451147551338, 50.701627621869505 ], [ -3.498453441097331, 50.701699539874106 ] ] ] } },
{ "type": "Feature", "properties": { "max_height": 0.0012493133544921875, "mean_height": -0.00015156443987507373, "std_height": 0.00080908287782222033, "count_pixels": 41, "percent_cover": 0.050571706980129021, "percent_above_0.1m": 0.0, "low_level_<0.5": 0.0, "mid_level_0.5-2": 0.0, "tall_2+": 0.0 }, "geometry": { "type": "Polygon", "coordinates": [ [ [ -3.498257294533969, 50.701702058641033 ], [ -3.498356514521941, 50.70173675830587 ], [ -3.49845344109733, 50.701699539874106 ], [ -3.498451147551337, 50.701627621869505 ], [ -3.498351927724495, 50.70159292227514 ], [ -3.498255001282517, 50.701630140614903 ], [ -3.498257294533969, 50.701702058641033 ] ] ] } },
{ "type": "Feature", "properties": { "max_height": 0.000499725341796875, "mean_height": -0.00017589476192370057, "std_height": 0.00056356174172833562, "count_pixels": 41, "percent_cover": 0.050571706980129021, "percent_above_0.1m": 0.0, "low_level_<0.5": 0.0, "mid_level_0.5-2": 0.0, "tall_2+": 0.0 }, "geometry": { "type": "Polygon", "coordinates": [ [ [ -3.498061147942886, 50.701704577079077 ], [ -3.498160367797447, 50.701739276919113 ], [ -3.498257294533969, 50.701702058641033 ], [ -3.498255001282516, 50.701630140614903 ], [ -3.498155781589083, 50.701595440845331 ], [ -3.498058854985974, 50.701632659031418 ], [ -3.498061147942886, 50.701704577079077 ] ] ] } },
{ "type": "Feature", "properties": { "max_height": 0.0025005340576171875, "mean_height": -0.00024911834043450654, "std_height": 0.0012019657297059894, "count_pixels": 41, "percent_cover": 0.050571706980129021, "percent_above_0.1m": 0.0, "low_level_<0.5": 0.0, "mid_level_0.5-2": 0.0, "tall_2+": 0.0 }, "geometry": { "type": "Polygon", "coordinates": [ [ [ -3.497865001324084, 50.701707095188226 ], [ -3.497964221045232, 50.701741795203475 ], [ -3.498061147942886, 50.701704577079077 ], [ -3.498058854985973, 50.701632659031418 ], [ -3.497959635425951, 50.701597959086641 ], [ -3.497862708661713, 50.701635177119044 ], [ -3.497865001324084, 50.701707095188226 ] ] ] } },
{ "type": "Feature", "properties": { "max_height": 0.001251220703125, "mean_height": -0.00057229760568588972, "std_height": 0.0021042097359895706, "count_pixels": 41, "percent_cover": 0.050571706980129021, "percent_above_0.1m": 0.0, "low_level_<0.5": 0.0, "mid_level_0.5-2": 0.0, "tall_2+": 0.0 }, "geometry": { "type": "Polygon", "coordinates": [ [ [ -3.497668854677566, 50.701709612968507 ], [ -3.497768074265301, 50.701744313158962 ], [ -3.497865001324082, 50.701707095188226 ], [ -3.497862708661712, 50.701635177119044 ], [ -3.497763489235101, 50.701600476999062 ], [ -3.497666562309737, 50.701637694877796 ], [ -3.497668854677566, 50.701709612968507 ] ] ] } },
{ "type": "Feature", "properties": { "max_height": 0.001251220703125, "mean_height": -0.00036527944030240178, "std_height": 0.0014144096057862043, "count_pixels": 43, "percent_cover": 0.053038619515745074, "percent_above_0.1m": 0.0, "low_level_<0.5": 0.0, "mid_level_0.5-2": 0.0, "tall_2+": 0.0 }, "geometry": { "type": "Polygon", "coordinates": [ [ [ -3.497472708003337, 50.701712130419892 ], [ -3.497571927457656, 50.701746830785552 ], [ -3.497668854677565, 50.701709612968507 ], [ -3.497666562309736, 50.701637694877796 ], [ -3.497567343016539, 50.701602994582608 ], [ -3.497470415930049, 50.701640212307659 ], [ -3.497472708003337, 50.701712130419892 ] ] ] } },
{ "type": "Feature", "properties": { "max_height": 0.01300048828125, "mean_height": -0.00044680750579573214, "std_height": 0.0027877467218786478, "count_pixels": 43, "percent_cover": 0.053038619515745074, "percent_above_0.1m": 0.0, "low_level_<0.5": 0.0, "mid_level_0.5-2": 0.0, "tall_2+": 0.0 }, "geometry": { "type": "Polygon", "coordinates": [ [ [ -3.497276561301399, 50.701714647542403 ], [ -3.497375780622302, 50.701749348083275 ], [ -3.497472708003336, 50.701712130419892 ], [ -3.497470415930048, 50.701640212307659 ], [ -3.497371196770267, 50.701605511837279 ], [ -3.497274269522653, 50.701642729408647 ], [ -3.497276561301399, 50.701714647542403 ] ] ] } },
{ "type": "Feature", "properties": { "max_height": 0.00875091552734375, "mean_height": -0.00083431444363668561, "std_height": 0.0026204786263406277, "count_pixels": 38, "percent_cover": 0.046871338176704948, "percent_above_0.1m": 0.0, "low_level_<0.5": 0.0, "mid_level_0.5-2": 0.0, "tall_2+": 0.0 }, "geometry": { "type": "Polygon", "coordinates": [ [ [ -3.497080414571759, 50.701717164336031 ], [ -3.49717963375924, 50.701751865052103 ], [ -3.497276561301399, 50.701714647542403 ], [ -3.497274269522652, 50.701642729408647 ], [ -3.497175050496288, 50.701608028763054 ], [ -3.497078123087554, 50.701645246180746 ], [ -3.497080414571759, 50.701717164336031 ] ] ] } },
{ "type": "Feature", "properties": { "max_height": 0.014001846313476562, "mean_height": 0.00058817310491576791, "std_height": 0.0037899573799222708, "count_pixels": 43, "percent_cover": 0.053038619515745074, "percent_above_0.1m": 0.0, "low_level_<0.5": 0.0, "mid_level_0.5-2": 0.0, "tall_2+": 0.0 }, "geometry": { "type": "Polygon", "coordinates": [ [ [ -3.496884267814417, 50.701719680800778 ], [ -3.496983486868476, 50.701754381692041 ], [ -3.497080414571758, 50.701717164336031 ], [ -3.497078123087553, 50.701645246180746 ], [ -3.496978904194609, 50.701610545359962 ], [ -3.496881976624753, 50.701647762623978 ], [ -3.496884267814417, 50.701719680800778 ] ] ] } },
{ "type": "Feature", "properties": { "max_height": 0.001251220703125, "mean_height": -0.0013130985898897052, "std_height": 0.0020602431613951921, "count_pixels": 43, "percent_cover": 0.053038619515745074, "percent_above_0.1m": 0.0, "low_level_<0.5": 0.0, "mid_level_0.5-2": 0.0, "tall_2+": 0.0 }, "geometry": { "type": "Polygon", "coordinates": [ [ [ -3.496688121029377, 50.701722196936622 ], [ -3.496787339950014, 50.701756898003097 ], [ -3.496884267814416, 50.701719680800778 ], [ -3.496881976624752, 50.701647762623978 ], [ -3.496782757865229, 50.701613061627967 ], [ -3.496685830134255, 50.701650278738306 ], [ -3.496688121029377, 50.701722196936622 ] ] ] } },
{ "type": "Feature", "properties": { "max_height": 7.0252513885498047, "mean_height": 1.3934428691864014, "std_height": 2.0635738372802734, "count_pixels": 43, "percent_cover": 0.053038619515745074, "percent_above_0.1m": 55.813953488372093, "low_level_<0.5": 9.3023255813953494, "mid_level_0.5-2": 20.930232558139537, "tall_2+": 25.581395348837212 }, "geometry": { "type": "Polygon", "coordinates": [ [ [ -3.496491974216644, 50.701724712743605 ], [ -3.496591193003856, 50.701759413985279 ], [ -3.496688121029375, 50.701722196936622 ], [ -3.496685830134254, 50.701650278738306 ], [ -3.496586611508155, 50.701615577567111 ], [ -3.496489683616064, 50.701652794523753 ], [ -3.496491974216644, 50.701724712743605 ] ] ] } },
{ "type": "Feature", "properties": { "max_height": 6.0050029754638672, "mean_height": 0.71865344047546387, "std_height": 1.6186666488647461, "count_pixels": 41, "percent_cover": 0.050571706980129021, "percent_above_0.1m": 31.707317073170731, "low_level_<0.5": 9.7560975609756095, "mid_level_0.5-2": 9.7560975609756095, "tall_2+": 12.195121951219512 }, "geometry": { "type": "Polygon", "coordinates": [ [ [ -3.496295827376221, 50.701727228221692 ], [ -3.496395046030007, 50.701761929638579 ], [ -3.496491974216643, 50.701724712743605 ], [ -3.496489683616064, 50.701652794523753 ], [ -3.49639046512339, 50.701618093177359 ], [ -3.496293537070184, 50.701655309980325 ], [ -3.496295827376221, 50.701727228221692 ] ] ] } },
{ "type": "Feature", "properties": { "max_height": 6.8587512969970703, "mean_height": 2.2755682468414307, "std_height": 2.4782400131225586, "count_pixels": 41, "percent_cover": 0.050571706980129021, "percent_above_0.1m": 60.975609756097562, "low_level_<0.5": 7.3170731707317067, "mid_level_0.5-2": 7.3170731707317067, "tall_2+": 46.341463414634148 }, "geometry": { "type": "Polygon", "coordinates": [ [ [ -3.496099680508112, 50.70172974337089 ], [ -3.496198899028469, 50.701764444962969 ], [ -3.496295827376221, 50.701727228221692 ], [ -3.496293537070183, 50.701655309980325 ], [ -3.496194318710937, 50.701620608458725 ], [ -3.496097390496617, 50.701657825108008 ], [ -3.496099680508112, 50.70172974337089 ] ] ] } },
{ "type": "Feature", "properties": { "max_height": 2.3232517242431641, "mean_height": 0.70972651243209839, "std_height": 0.82984381914138794, "count_pixels": 41, "percent_cover": 0.050571706980129021, "percent_above_0.1m": 51.219512195121951, "low_level_<0.5": 7.3170731707317067, "mid_level_0.5-2": 29.268292682926827, "tall_2+": 14.634146341463413 }, "geometry": { "type": "Polygon", "coordinates": [ [ [ -3.49992798308843, 50.701788515401319 ], [ -3.500027204438152, 50.701823213559756 ], [ -3.500124129857817, 50.70178599380661 ], [ -3.500121833794362, 50.701714075987013 ], [ -3.500022612605785, 50.701679377899019 ], [ -3.499925687319517, 50.701716597560186 ], [ -3.49992798308843, 50.701788515401319 ] ] ] } },
{ "type": "Feature", "properties": { "max_height": 0.0015010833740234375, "mean_height": 7.117666882550111e-06, "std_height": 0.00041511494782753289, "count_pixels": 41, "percent_cover": 0.050571706980129021, "percent_above_0.1m": 0.0, "low_level_<0.5": 0.0, "mid_level_0.5-2": 0.0, "tall_2+": 0.0 }, "geometry": { "type": "Polygon", "coordinates": [ [ [ -3.49973183629129, 50.701791036667139 ], [ -3.499831057507617, 50.701825735000789 ], [ -3.499927983088429, 50.701788515401319 ], [ -3.499925687319517, 50.701716597560186 ], [ -3.499826466264332, 50.701681899296993 ], [ -3.499729540816919, 50.701719118804483 ], [ -3.49973183629129, 50.701791036667139 ] ] ] } },
{ "type": "Feature", "properties": { "max_height": 0.000751495361328125, "mean_height": 6.1732964240945876e-05, "std_height": 0.00028594557079486549, "count_pixels": 41, "percent_cover": 0.050571706980129021, "percent_above_0.1m": 0.0, "low_level_<0.5": 0.0, "mid_level_0.5-2": 0.0, "tall_2+": 0.0 }, "geometry": { "type": "Polygon", "coordinates": [ [ [ -3.4995356894664, 50.701793557604084 ], [ -3.49963491054933, 50.701828256112954 ], [ -3.499731836291289, 50.701791036667139 ], [ -3.499729540816918, 50.701719118804483 ], [ -3.499630319895128, 50.701684420366078 ], [ -3.49953339428657, 50.701721639719885 ], [ -3.4995356894664, 50.701793557604084 ] ] ] } },
{ "type": "Feature", "properties": { "max_height": 0.000751495361328125, "mean_height": -4.7730238293297589e-05, "std_height": 0.00030360938399098814, "count_pixels": 41, "percent_cover": 0.050571706980129021, "percent_above_0.1m": 0.0, "low_level_<0.5": 0.0, "mid_level_0.5-2": 0.0, "tall_2+": 0.0 }, "geometry": { "type": "Polygon", "coordinates": [ [ [ -3.499339542613763, 50.701796078212155 ], [ -3.499438763563295, 50.701830776896216 ], [ -3.499535689466399, 50.701793557604084 ], [ -3.499533394286569, 50.701721639719885 ], [ -3.499434173498177, 50.701686941106288 ], [ -3.499337247728475, 50.701724160306426 ], [ -3.499339542613763, 50.701796078212155 ] ] ] } },
{ "type": "Feature", "properties": { "max_height": 0.00150299072265625, "mean_height": 5.6103963288478553e-05, "std_height": 0.00044719208381138742, "count_pixels": 41, "percent_cover": 0.050571706980129021, "percent_above_0.1m": 0.0, "low_level_<0.5": 0.0, "mid_level_0.5-2": 0.0, "tall_2+": 0.0 }, "geometry": { "type": "Polygon", "coordinates": [ [ [ -3.499143395733385, 50.701798598491337 ], [ -3.499242616549516, 50.701833297350611 ], [ -3.499339542613762, 50.701796078212155 ], [ -3.499337247728474, 50.701724160306426 ], [ -3.499238027073481, 50.701689461517603 ], [ -3.499141101142639, 50.701726680564079 ], [ -3.499143395733385, 50.701798598491337 ] ] ] } },
{ "type": "Feature", "properties": { "max_height": 0.000751495361328125, "mean_height": -0.00027811803738586605, "std_height": 0.0012438551057130098, "count_pixels": 43, "percent_cover": 0.053038619515745074, "percent_above_0.1m": 0.0, "low_level_<0.5": 0.0, "mid_level_0.5-2": 0.0, "tall_2+": 0.0 }, "geometry": { "type": "Polygon", "coordinates": [ [ [ -3.498947248825268, 50.701801118441644 ], [ -3.499046469507995, 50.701835817476116 ], [ -3.499143395733384, 50.701798598491337 ], [ -3.499141101142638, 50.701726680564079 ], [ -3.499041880621045, 50.70169198160005 ], [ -3.498944954529063, 50.701729200492842 ], [ -3.498947248825268, 50.701801118441644 ] ] ] } },
{ "type": "Feature", "properties": { "max_height": 0.000751495361328125, "mean_height": -0.00027807368314824998, "std_height": 0.00081794749712571502, "count_pixels": 43, "percent_cover": 0.053038619515745074, "percent_above_0.1m": 0.0, "low_level_<0.5": 0.0, "mid_level_0.5-2": 0.0, "tall_2+": 0.0 }, "geometry": { "type": "Polygon", "coordinates": [ [ [ -3.498751101889416, 50.701803638063062 ], [ -3.49885032243874, 50.701838337272754 ], [ -3.498947248825267, 50.701801118441644 ], [ -3.498944954529062, 50.701729200492842 ], [ -3.498845734140872, 50.701694501353622 ], [ -3.498748807887753, 50.701731720092738 ], [ -3.498751101889416, 50.701803638063062 ] ] ] } },
{ "type": "Feature", "properties": { "max_height": 0.000751495361328125, "mean_height": 5.9083449741592631e-05, "std_height": 0.00033179999445565045, "count_pixels": 43, "percent_cover": 0.053038619515745074, "percent_above_0.1m": 0.0, "low_level_<0.5": 0.0, "mid_level_0.5-2": 0.0, "tall_2+": 0.0 }, "geometry": { "type": "Polygon", "coordinates": [ [ [ -3.498554954925831, 50.701806157355598 ], [ -3.498654175341749, 50.701840856740496 ], [ -3.498751101889414, 50.701803638063062 ], [ -3.498748807887752, 50.701731720092738 ], [ -3.498649587632966, 50.701697020778312 ], [ -3.498552661218711, 50.701734239363752 ], [ -3.498554954925831, 50.701806157355598 ] ] ] } },
{ "type": "Feature", "properties": { "max_height": 0.0010013580322265625, "mean_height": -0.00039391769678331912, "std_height": 0.0012938129948452115, "count_pixels": 38, "percent_cover": 0.046871338176704948, "percent_above_0.1m": 0.0, "low_level_<0.5": 0.0, "mid_level_0.5-2": 0.0, "tall_2+": 0.0 }, "geometry": { "type": "Polygon", "coordinates": [ [ [ -3.498358807934519, 50.701808676319246 ], [ -3.498458028217029, 50.701843375879363 ], [ -3.49855495492583, 50.701806157355598 ], [ -3.498552661218711, 50.701734239363752 ], [ -3.498453441097331, 50.701699539874106 ], [ -3.498356514521941, 50.70173675830587 ], [ -3.498358807934519, 50.701808676319246 ] ] ] } },
{ "type": "Feature", "properties": { "max_height": 0.000499725341796875, "mean_height": -0.00022577685012947768, "std_height": 0.00077888829400762916, "count_pixels": 43, "percent_cover": 0.053038619515745074, "percent_above_0.1m": 0.0, "low_level_<0.5": 0.0, "mid_level_0.5-2": 0.0, "tall_2+": 0.0 }, "geometry": { "type": "Polygon", "coordinates": [ [ [ -3.498162660915482, 50.701811194954026 ], [ -3.498261881064582, 50.701845894689342 ], [ -3.498358807934518, 50.701808676319246 ], [ -3.498356514521941, 50.70173675830587 ], [ -3.498257294533969, 50.701702058641033 ], [ -3.498160367797448, 50.701739276919113 ], [ -3.498162660915482, 50.701811194954026 ] ] ] } },
{ "type": "Feature", "properties": { "max_height": 0.000751495361328125, "mean_height": -0.00035356919397599995, "std_height": 0.0013288039481267333, "count_pixels": 43, "percent_cover": 0.053038619515745074, "percent_above_0.1m": 0.0, "low_level_<0.5": 0.0, "mid_level_0.5-2": 0.0, "tall_2+": 0.0 }, "geometry": { "type": "Polygon", "coordinates": [ [ [ -3.497966513868726, 50.701813713259909 ], [ -3.498065733884414, 50.701848413170431 ], [ -3.498162660915482, 50.701811194954026 ], [ -3.498160367797447, 50.701739276919113 ], [ -3.498061147942886, 50.701704577079077 ], [ -3.497964221045233, 50.701741795203475 ], [ -3.497966513868726, 50.701813713259909 ] ] ] } },
{ "type": "Feature", "properties": { "max_height": 0.001750946044921875, "mean_height": -8.0241712566930801e-05, "std_height": 0.00054101517889648676, "count_pixels": 43, "percent_cover": 0.053038619515745074, "percent_above_0.1m": 0.0, "low_level_<0.5": 0.0, "mid_level_0.5-2": 0.0, "tall_2+": 0.0 }, "geometry": { "type": "Polygon", "coordinates": [ [ [ -3.497770366794251, 50.701816231236926 ], [ -3.497869586676526, 50.701850931322639 ], [ -3.497966513868725, 50.701813713259909 ], [ -3.497964221045232, 50.701741795203475 ], [ -3.497865001324084, 50.701707095188226 ], [ -3.497768074265302, 50.701744313158962 ], [ -3.497770366794251, 50.701816231236926 ] ] ] } },
{ "type": "Feature", "properties": { "max_height": 0.0027523040771484375, "mean_height": -0.00040742827695794404, "std_height": 0.0014906865544617176, "count_pixels": 41, "percent_cover": 0.050571706980129021, "percent_above_0.1m": 0.0, "low_level_<0.5": 0.0, "mid_level_0.5-2": 0.0, "tall_2+": 0.0 }, "geometry": { "type": "Polygon", "coordinates": [ [ [ -3.497574219692063, 50.701818748885046 ], [ -3.497673439440922, 50.701853449145958 ], [ -3.497770366794251, 50.701816231236926 ], [ -3.497768074265301, 50.701744313158962 ], [ -3.497668854677566, 50.701709612968507 ], [ -3.497571927457658, 50.701746830785552 ], [ -3.497574219692063, 50.701818748885046 ] ] ] } },
{ "type": "Feature", "properties": { "max_height": 0.01399993896484375, "mean_height": 0.0001471449650125578, "std_height": 0.0027267599944025278, "count_pixels": 41, "percent_cover": 0.050571706980129021, "percent_above_0.1m": 0.0, "low_level_<0.5": 0.0, "mid_level_0.5-2": 0.0, "tall_2+": 0.0 }, "geometry": { "type": "Polygon", "coordinates": [ [ [ -3.497378072562165, 50.701821266204284 ], [ -3.497477292177607, 50.701855966640402 ], [ -3.497574219692063, 50.701818748885046 ], [ -3.497571927457656, 50.701746830785552 ], [ -3.497472708003337, 50.701712130419892 ], [ -3.497375780622302, 50.701749348083275 ], [ -3.497378072562165, 50.701821266204284 ] ] ] } },
{ "type": "Feature", "properties": { "max_height": 0.011251449584960938, "mean_height": -0.00037723634159192443, "std_height": 0.0027741556987166405, "count_pixels": 41, "percent_cover": 0.050571706980129021, "percent_above_0.1m": 0.0, "low_level_<0.5": 0.0, "mid_level_0.5-2": 0.0, "tall_2+": 0.0 }, "geometry": { "type": "Polygon", "coordinates": [ [ [ -3.497181925404562, 50.701823783194641 ], [ -3.497281144886584, 50.701858483805964 ], [ -3.497378072562165, 50.701821266204284 ], [ -3.497375780622302, 50.701749348083275 ], [ -3.497276561301399, 50.701714647542403 ], [ -3.497179633759241, 50.701751865052103 ], [ -3.497181925404562, 50.701823783194641 ] ] ] } },
{ "type": "Feature", "properties": { "max_height": 0.00225067138671875, "mean_height": -0.00090147810988128185, "std_height": 0.0018909493228420615, "count_pixels": 41, "percent_cover": 0.050571706980129021, "percent_above_0.1m": 0.0, "low_level_<0.5": 0.0, "mid_level_0.5-2": 0.0, "tall_2+": 0.0 }, "geometry": { "type": "Polygon", "coordinates": [ [ [ -3.496985778219255, 50.701826299856108 ], [ -3.497084997567855, 50.701861000642644 ], [ -3.497181925404561, 50.701823783194641 ], [ -3.49717963375924, 50.701751865052103 ], [ -3.497080414571759, 50.701717164336031 ], [ -3.496983486868478, 50.701754381692041 ], [ -3.496985778219255, 50.701826299856108 ] ] ] } },
{ "type": "Feature", "properties": { "max_height": 0.97025108337402344, "mean_height": 0.052104856818914413, "std_height": 0.18360884487628937, "count_pixels": 41, "percent_cover": 0.050571706980129021, "percent_above_0.1m": 9.7560975609756095, "low_level_<0.5": 2.4390243902439024, "mid_level_0.5-2": 4.8780487804878048, "tall_2+": 0.0 }, "geometry": { "type": "Polygon", "coordinates": [ [ [ -3.496789631006248, 50.701828816188687 ], [ -3.496888850221425, 50.701863517150429 ], [ -3.496985778219253, 50.701826299856108 ], [ -3.496983486868476, 50.701754381692041 ], [ -3.496884267814417, 50.701719680800778 ], [ -3.496787339950015, 50.701756898003097 ], [ -3.496789631006248, 50.701828816188687 ] ] ] } },
{ "type": "Feature", "properties": { "max_height": 2.6872501373291016, "mean_height": 0.83503758907318115, "std_height": 0.74680501222610474, "count_pixels": 41, "percent_cover": 0.050571706980129021, "percent_above_0.1m": 80.487804878048792, "low_level_<0.5": 24.390243902439025, "mid_level_0.5-2": 43.902439024390247, "tall_2+": 12.195121951219512 }, "geometry": { "type": "Polygon", "coordinates": [ [ [ -3.496593483765546, 50.701831332192377 ], [ -3.496692702847299, 50.70186603332931 ], [ -3.496789631006248, 50.701828816188687 ], [ -3.496787339950014, 50.701756898003097 ], [ -3.496688121029377, 50.701722196936622 ], [ -3.496591193003857, 50.701759413985279 ], [ -3.496593483765546, 50.701831332192377 ] ] ] } },
{ "type": "Feature", "properties": { "max_height": 3.8545017242431641, "mean_height": 1.1829279661178589, "std_height": 0.9040253758430481, "count_pixels": 41, "percent_cover": 0.050571706980129021, "percent_above_0.1m": 92.682926829268297, "low_level_<0.5": 29.268292682926827, "mid_level_0.5-2": 41.463414634146339, "tall_2+": 21.951219512195124 }, "geometry": { "type": "Polygon", "coordinates": [ [ [ -3.496397336497153, 50.701833847867185 ], [ -3.496496555445479, 50.701868549179331 ], [ -3.496593483765545, 50.701831332192377 ], [ -3.496591193003856, 50.701759413985279 ], [ -3.496491974216644, 50.701724712743605 ], [ -3.496395046030008, 50.701761929638579 ], [ -3.496397336497153, 50.701833847867185 ] ] ] } },
{ "type": "Feature", "properties": { "max_height": 6.5907497406005859, "mean_height": 1.4602218866348267, "std_height": 2.1114561557769775, "count_pixels": 43, "percent_cover": 0.053038619515745074, "percent_above_0.1m": 72.093023255813947, "low_level_<0.5": 25.581395348837212, "mid_level_0.5-2": 20.930232558139537, "tall_2+": 23.255813953488371 }, "geometry": { "type": "Polygon", "coordinates": [ [ [ -3.49620118920107, 50.701836363213111 ], [ -3.496300408015968, 50.701871064700462 ], [ -3.496397336497152, 50.701833847867185 ], [ -3.496395046030007, 50.701761929638579 ], [ -3.496295827376221, 50.701727228221692 ], [ -3.49619889902847, 50.701764444962969 ], [ -3.49620118920107, 50.701836363213111 ] ] ] } },
{ "type": "Feature", "properties": { "max_height": 6.7867507934570312, "mean_height": 1.7304428815841675, "std_height": 2.228757381439209, "count_pixels": 43, "percent_cover": 0.053038619515745074, "percent_above_0.1m": 72.093023255813947, "low_level_<0.5": 9.3023255813953494, "mid_level_0.5-2": 27.906976744186046, "tall_2+": 27.906976744186046 }, "geometry": { "type": "Polygon", "coordinates": [ [ [ -3.496005041877303, 50.701838878230149 ], [ -3.49610426055877, 50.701873579892698 ], [ -3.49620118920107, 50.701836363213111 ], [ -3.496198899028469, 50.701764444962969 ], [ -3.496099680508112, 50.70172974337089 ], [ -3.496002751999247, 50.701766959958498 ], [ -3.496005041877303, 50.701838878230149 ] ] ] } },
{ "type": "Feature", "properties": { "max_height": 2.3414993286132812, "mean_height": 0.88069170713424683, "std_height": 0.75793850421905518, "count_pixels": 38, "percent_cover": 0.046871338176704948, "percent_above_0.1m": 81.578947368421055, "low_level_<0.5": 21.052631578947366, "mid_level_0.5-2": 42.105263157894733, "tall_2+": 13.157894736842104 }, "geometry": { "type": "Polygon", "coordinates": [ [ [ -3.499833353143128, 50.701897652850739 ], [ -3.499932574653995, 50.701932351079648 ], [ -3.500029500368206, 50.70189513138817 ], [ -3.500027204438152, 50.701823213559756 ], [ -3.499927983088429, 50.701788515401319 ], [ -3.499831057507617, 50.701825735000789 ], [ -3.499833353143128, 50.701897652850739 ] ] ] } },
{ "type": "Feature", "properties": { "max_height": 2.1617507934570312, "mean_height": 0.33498352766036987, "std_height": 0.69744217395782471, "count_pixels": 43, "percent_cover": 0.053038619515745074, "percent_above_0.1m": 27.906976744186046, "low_level_<0.5": 9.3023255813953494, "mid_level_0.5-2": 6.9767441860465116, "tall_2+": 9.3023255813953494 }, "geometry": { "type": "Polygon", "coordinates": [ [ [ -3.499637205890299, 50.70190017398442 ], [ -3.499736427267769, 50.701934872388541 ], [ -3.499833353143127, 50.701897652850739 ], [ -3.499831057507616, 50.701825735000789 ], [ -3.499731836291289, 50.701791036667139 ], [ -3.49963491054933, 50.701828256112954 ], [ -3.499637205890299, 50.70190017398442 ] ] ] } },
{ "type": "Feature", "properties": { "max_height": 0.0005016326904296875, "mean_height": -6.3208644860424101e-05, "std_height": 0.00041432210127823055, "count_pixels": 43, "percent_cover": 0.053038619515745074, "percent_above_0.1m": 0.0, "low_level_<0.5": 0.0, "mid_level_0.5-2": 0.0, "tall_2+": 0.0 }, "geometry": { "type": "Polygon", "coordinates": [ [ [ -3.49944105860972, 50.701902694789226 ], [ -3.499540279853791, 50.701937393368546 ], [ -3.499637205890298, 50.70190017398442 ], [ -3.499634910549329, 50.701828256112954 ], [ -3.499535689466399, 50.701793557604084 ], [ -3.499438763563295, 50.701830776896216 ], [ -3.49944105860972, 50.701902694789226 ] ] ] } },
{ "type": "Feature", "properties": { "max_height": 1.0415000915527344, "mean_height": 0.069378875195980072, "std_height": 0.22612343728542328, "count_pixels": 43, "percent_cover": 0.053038619515745074, "percent_above_0.1m": 11.627906976744185, "low_level_<0.5": 4.6511627906976747, "mid_level_0.5-2": 6.9767441860465116, "tall_2+": 0.0 }, "geometry": { "type": "Polygon", "coordinates": [ [ [ -3.499244911301397, 50.70190521526515 ], [ -3.499344132412069, 50.701939914019668 ], [ -3.499441058609719, 50.701902694789226 ], [ -3.499438763563294, 50.701830776896216 ], [ -3.499339542613762, 50.701796078212155 ], [ -3.499242616549516, 50.701833297350611 ], [ -3.499244911301397, 50.70190521526515 ] ] ] } },
{ "type": "Feature", "properties": { "max_height": 0.001251220703125, "mean_height": -2.3399910787702538e-05, "std_height": 0.00038577191298827529, "count_pixels": 41, "percent_cover": 0.050571706980129021, "percent_above_0.1m": 0.0, "low_level_<0.5": 0.0, "mid_level_0.5-2": 0.0, "tall_2+": 0.0 }, "geometry": { "type": "Polygon", "coordinates": [ [ [ -3.499048763965334, 50.701907735412192 ], [ -3.499147984942603, 50.701942434341923 ], [ -3.499244911301396, 50.70190521526515 ], [ -3.499242616549515, 50.701833297350611 ], [ -3.499143395733384, 50.701798598491337 ], [ -3.499046469507995, 50.701835817476116 ], [ -3.499048763965334, 50.701907735412192 ] ] ] } },
{ "type": "Feature", "properties": { "max_height": 0.000751495361328125, "mean_height": 4.3682935938704759e-05, "std_height": 0.00032621435821056366, "count_pixels": 41, "percent_cover": 0.050571706980129021, "percent_above_0.1m": 0.0, "low_level_<0.5": 0.0, "mid_level_0.5-2": 0.0, "tall_2+": 0.0 }, "geometry": { "type": "Polygon", "coordinates": [ [ [ -3.498852616601534, 50.701910255230352 ], [ -3.498951837445398, 50.701944954335303 ], [ -3.499048763965333, 50.701907735412192 ], [ -3.499046469507995, 50.701835817476116 ], [ -3.498947248825267, 50.701801118441644 ], [ -3.49885032243874, 50.701838337272754 ], [ -3.498852616601534, 50.701910255230352 ] ] ] } },
{ "type": "Feature", "properties": { "max_height": 0.0010013580322265625, "mean_height": -0.00040775391971692443, "std_height": 0.0014490712201222777, "count_pixels": 41, "percent_cover": 0.050571706980129021, "percent_above_0.1m": 0.0, "low_level_<0.5": 0.0, "mid_level_0.5-2": 0.0, "tall_2+": 0.0 }, "geometry": { "type": "Polygon", "coordinates": [ [ [ -3.498656469209999, 50.701912774719617 ], [ -3.498755689920457, 50.701947473999788 ], [ -3.498852616601532, 50.701910255230352 ], [ -3.498850322438738, 50.701838337272754 ], [ -3.498751101889414, 50.701803638063062 ], [ -3.498654175341749, 50.701840856740496 ], [ -3.498656469209999, 50.701912774719617 ] ] ] } },
{ "type": "Feature", "properties": { "max_height": 0.0007495880126953125, "mean_height": -1.1258009180892259e-05, "std_height": 0.00038985110586509109, "count_pixels": 41, "percent_cover": 0.050571706980129021, "percent_above_0.1m": 0.0, "low_level_<0.5": 0.0, "mid_level_0.5-2": 0.0, "tall_2+": 0.0 }, "geometry": { "type": "Polygon", "coordinates": [ [ [ -3.498460321790735, 50.701915293880013 ], [ -3.498559542367786, 50.701949993335376 ], [ -3.498656469209998, 50.701912774719617 ], [ -3.498654175341748, 50.701840856740496 ], [ -3.49855495492583, 50.701806157355598 ], [ -3.498458028217029, 50.701843375879363 ], [ -3.498460321790735, 50.701915293880013 ] ] ] } },
{ "type": "Feature", "properties": { "max_height": 0.0010013580322265625, "mean_height": -0.00029177783289924264, "std_height": 0.0013456079177558422, "count_pixels": 41, "percent_cover": 0.050571706980129021, "percent_above_0.1m": 0.0, "low_level_<0.5": 0.0, "mid_level_0.5-2": 0.0, "tall_2+": 0.0 }, "geometry": { "type": "Polygon", "coordinates": [ [ [ -3.498264174343744, 50.701917812711521 ], [ -3.498363394787385, 50.701952512342089 ], [ -3.498460321790734, 50.701915293880013 ], [ -3.498458028217028, 50.701843375879363 ], [ -3.498358807934518, 50.701808676319246 ], [ -3.498261881064582, 50.701845894689342 ], [ -3.498264174343744, 50.701917812711521 ] ] ] } },
{ "type": "Feature", "properties": { "max_height": 0.0010013580322265625, "mean_height": -0.00012100033927708864, "std_height": 0.00089739961549639702, "count_pixels": 41, "percent_cover": 0.050571706980129021, "percent_above_0.1m": 0.0, "low_level_<0.5": 0.0, "mid_level_0.5-2": 0.0, "tall_2+": 0.0 }, "geometry": { "type": "Polygon", "coordinates": [ [ [ -3.498068026869031, 50.701920331214133 ], [ -3.49816724717926, 50.701955031019907 ], [ -3.498264174343743, 50.701917812711521 ], [ -3.498261881064582, 50.701845894689342 ], [ -3.498162660915482, 50.701811194954026 ], [ -3.498065733884414, 50.701848413170431 ], [ -3.498068026869031, 50.701920331214133 ] ] ] } },
{ "type": "Feature", "properties": { "max_height": 0.0097522735595703125, "mean_height": 0.00010453200957272202, "std_height": 0.0016203257255256176, "count_pixels": 41, "percent_cover": 0.050571706980129021, "percent_above_0.1m": 0.0, "low_level_<0.5": 0.0, "mid_level_0.5-2": 0.0, "tall_2+": 0.0 }, "geometry": { "type": "Polygon", "coordinates": [ [ [ -3.497871879366598, 50.701922849387877 ], [ -3.497971099543413, 50.701957549368856 ], [ -3.49806802686903, 50.701920331214133 ], [ -3.498065733884413, 50.701848413170431 ], [ -3.497966513868725, 50.701813713259909 ], [ -3.497869586676526, 50.701850931322639 ], [ -3.497871879366598, 50.701922849387877 ] ] ] } },
{ "type": "Feature", "properties": { "max_height": 0.31875038146972656, "mean_height": 0.0083731207996606827, "std_height": 0.049429602921009064, "count_pixels": 41, "percent_cover": 0.050571706980129021, "percent_above_0.1m": 2.4390243902439024, "low_level_<0.5": 2.4390243902439024, "mid_level_0.5-2": 0.0, "tall_2+": 0.0 }, "geometry": { "type": "Polygon", "coordinates": [ [ [ -3.49767573183645, 50.701925367232739 ], [ -3.49777495187985, 50.70196006738891 ], [ -3.497871879366597, 50.701922849387877 ], [ -3.497869586676525, 50.701850931322639 ], [ -3.497770366794251, 50.701816231236926 ], [ -3.497673439440922, 50.701853449145958 ], [ -3.49767573183645, 50.701925367232739 ] ] ] } },
{ "type": "Feature", "properties": { "max_height": 0.0005016326904296875, "mean_height": -0.0011967946775257587, "std_height": 0.0022950144484639168, "count_pixels": 43, "percent_cover": 0.053038619515745074, "percent_above_0.1m": 0.0, "low_level_<0.5": 0.0, "mid_level_0.5-2": 0.0, "tall_2+": 0.0 }, "geometry": { "type": "Polygon", "coordinates": [ [ [ -3.49747958427859, 50.701927884748692 ], [ -3.497578804188572, 50.701962585080082 ], [ -3.497675731836449, 50.701925367232739 ], [ -3.497673439440921, 50.701853449145958 ], [ -3.497574219692063, 50.701818748885046 ], [ -3.497477292177607, 50.701855966640402 ], [ -3.49747958427859, 50.701927884748692 ] ] ] } },
{ "type": "Feature", "properties": { "max_height": 0.002750396728515625, "mean_height": -0.00049892690731212497, "std_height": 0.0014365523820742965, "count_pixels": 43, "percent_cover": 0.053038619515745074, "percent_above_0.1m": 0.0, "low_level_<0.5": 0.0, "mid_level_0.5-2": 0.0, "tall_2+": 0.0 }, "geometry": { "type": "Polygon", "coordinates": [ [ [ -3.49728343669302, 50.701930401935776 ], [ -3.497382656469584, 50.701965102442372 ], [ -3.497479584278588, 50.701927884748692 ], [ -3.497477292177606, 50.701855966640409 ], [ -3.497378072562165, 50.701821266204284 ], [ -3.497281144886584, 50.701858483805964 ], [ -3.49728343669302, 50.701930401935776 ] ] ] } },
{ "type": "Feature", "properties": { "max_height": 0.010501861572265625, "mean_height": 3.3930729841813445e-05, "std_height": 0.0020674797706305981, "count_pixels": 38, "percent_cover": 0.046871338176704948, "percent_above_0.1m": 0.0, "low_level_<0.5": 0.0, "mid_level_0.5-2": 0.0, "tall_2+": 0.0 }, "geometry": { "type": "Polygon", "coordinates": [ [ [ -3.497087289079747, 50.701932918793979 ], [ -3.49718650872289, 50.701967619475766 ], [ -3.49728343669302, 50.701930401935776 ], [ -3.497281144886583, 50.701858483805964 ], [ -3.497181925404561, 50.701823783194641 ], [ -3.497084997567855, 50.701861000642644 ], [ -3.497087289079747, 50.701932918793979 ] ] ] } },
{ "type": "Feature", "properties": { "max_height": 1.3810005187988281, "mean_height": 0.33815804123878479, "std_height": 0.49743306636810303, "count_pixels": 43, "percent_cover": 0.053038619515745074, "percent_above_0.1m": 34.883720930232556, "low_level_<0.5": 4.6511627906976747, "mid_level_0.5-2": 30.232558139534881, "tall_2+": 0.0 }, "geometry": { "type": "Polygon", "coordinates": [ [ [ -3.496891141438773, 50.701935435323286 ], [ -3.496990360948492, 50.701970136180293 ], [ -3.497087289079746, 50.701932918793979 ], [ -3.497084997567855, 50.701861000642644 ], [ -3.496985778219253, 50.701826299856108 ], [ -3.496888850221425, 50.701863517150429 ], [ -3.496891141438773, 50.701935435323286 ] ] ] } },
{ "type": "Feature", "properties": { "max_height": 2.8082504272460938, "mean_height": 1.4783267974853516, "std_height": 0.89829862117767334, "count_pixels": 43, "percent_cover": 0.053038619515745074, "percent_above_0.1m": 97.674418604651152, "low_level_<0.5": 16.279069767441861, "mid_level_0.5-2": 46.511627906976742, "tall_2+": 34.883720930232556 }, "geometry": { "type": "Polygon", "coordinates": [ [ [ -3.496694993770101, 50.701937951523703 ], [ -3.496794213146395, 50.701972652555924 ], [ -3.496891141438772, 50.701935435323286 ], [ -3.496888850221425, 50.701863517150429 ], [ -3.496789631006248, 50.701828816188687 ], [ -3.496692702847299, 50.70186603332931 ], [ -3.496694993770101, 50.701937951523703 ] ] ] } },
{ "type": "Feature", "properties": { "max_height": 8.7502517700195312, "mean_height": 2.2963244915008545, "std_height": 2.3095753192901611, "count_pixels": 41, "percent_cover": 0.050571706980129021, "percent_above_0.1m": 80.487804878048792, "low_level_<0.5": 9.7560975609756095, "mid_level_0.5-2": 29.268292682926827, "tall_2+": 41.463414634146339 }, "geometry": { "type": "Polygon", "coordinates": [ [ [ -3.496106550597935, 50.701945498151652 ], [ -3.496205769573943, 50.701980199709467 ], [ -3.496302698349677, 50.701942982937886 ], [ -3.496300408015967, 50.701871064700462 ], [ -3.49620118920107, 50.701836363213111 ], [ -3.49610426055877, 50.701873579892698 ], [ -3.496106550597935, 50.701945498151652 ] ] ] } },
{ "type": "Feature", "properties": { "max_height": 5.3292503356933594, "mean_height": 0.89522653818130493, "std_height": 1.5180109739303589, "count_pixels": 41, "percent_cover": 0.050571706980129021, "percent_above_0.1m": 46.341463414634148, "low_level_<0.5": 9.7560975609756095, "mid_level_0.5-2": 14.634146341463413, "tall_2+": 19.512195121951219 }, "geometry": { "type": "Polygon", "coordinates": [ [ [ -3.495910402818508, 50.701948013036521 ], [ -3.496009621661084, 50.701982714769549 ], [ -3.496106550597933, 50.701945498151652 ], [ -3.496104260558769, 50.701873579892698 ], [ -3.496005041877302, 50.701838878230149 ], [ -3.495908113073889, 50.701876094756059 ], [ -3.495910402818508, 50.701948013036521 ] ] ] } },
{ "type": "Feature", "properties": { "max_height": 11.180002212524414, "mean_height": 4.0434222221374512, "std_height": 3.8824050426483154, "count_pixels": 41, "percent_cover": 0.050571706980129021, "percent_above_0.1m": 73.170731707317074, "low_level_<0.5": 7.3170731707317067, "mid_level_0.5-2": 9.7560975609756095, "tall_2+": 56.09756097560976 }, "geometry": { "type": "Polygon", "coordinates": [ [ [ -3.495714255011401, 50.701950527592508 ], [ -3.495813473720544, 50.701985229500735 ], [ -3.495910402818507, 50.701948013036521 ], [ -3.495908113073888, 50.701876094756059 ], [ -3.495808894525855, 50.701841392918304 ], [ -3.49571196556133, 50.701878609290532 ], [ -3.495714255011401, 50.701950527592508 ] ] ] } },
{ "type": "Feature", "properties": { "max_height": 2.3757514953613281, "mean_height": 0.5968974232673645, "std_height": 0.70954889059066772, "count_pixels": 41, "percent_cover": 0.050571706980129021, "percent_above_0.1m": 60.975609756097562, "low_level_<0.5": 12.195121951219512, "mid_level_0.5-2": 39.024390243902438, "tall_2+": 4.8780487804878048 }, "geometry": { "type": "Polygon", "coordinates": [ [ [ -3.499542575061355, 50.702009311248808 ], [ -3.499641796599969, 50.702044009723373 ], [ -3.499738722769876, 50.702006790247246 ], [ -3.499736427267769, 50.701934872388541 ], [ -3.499637205890299, 50.70190017398442 ], [ -3.499540279853793, 50.701937393368546 ], [ -3.499542575061355, 50.702009311248808 ] ] ] } },
{ "type": "Feature", "properties": { "max_height": 0.81825065612792969, "mean_height": 0.058940049260854721, "std_height": 0.20212924480438232, "count_pixels": 41, "percent_cover": 0.050571706980129021, "percent_above_0.1m": 7.3170731707317067, "low_level_<0.5": 0.0, "mid_level_0.5-2": 7.3170731707317067, "tall_2+": 0.0 }, "geometry": { "type": "Polygon", "coordinates": [ [ [ -3.499346427325086, 50.70201183192146 ], [ -3.4994456487303, 50.702046530571266 ], [ -3.499542575061354, 50.702009311248808 ], [ -3.499540279853791, 50.701937393368546 ], [ -3.49944105860972, 50.701902694789226 ], [ -3.49934413241207, 50.701939914019668 ], [ -3.499346427325086, 50.70201183192146 ] ] ] } },
{ "type": "Feature", "properties": { "max_height": 0.64975166320800781, "mean_height": 0.020391184836626053, "std_height": 0.10389849543571472, "count_pixels": 41, "percent_cover": 0.050571706980129021, "percent_above_0.1m": 4.8780487804878048, "low_level_<0.5": 2.4390243902439024, "mid_level_0.5-2": 2.4390243902439024, "tall_2+": 0.0 }, "geometry": { "type": "Polygon", "coordinates": [ [ [ -3.499150279561075, 50.702014352265245 ], [ -3.499249500832886, 50.702049051090242 ], [ -3.499346427325086, 50.70201183192146 ], [ -3.499344132412069, 50.701939914019668 ], [ -3.499244911301397, 50.70190521526515 ], [ -3.499147984942604, 50.701942434341923 ], [ -3.499150279561075, 50.702014352265245 ] ] ] } },
{ "type": "Feature", "properties": { "max_height": 0.0015010833740234375, "mean_height": -0.00013262726133689284, "std_height": 0.0013873118441551924, "count_pixels": 43, "percent_cover": 0.053038619515745074, "percent_above_0.1m": 0.0, "low_level_<0.5": 0.0, "mid_level_0.5-2": 0.0, "tall_2+": 0.0 }, "geometry": { "type": "Polygon", "coordinates": [ [ [ -3.498954131769325, 50.70201687228014 ], [ -3.499053352907732, 50.702051571280343 ], [ -3.499150279561075, 50.702014352265245 ], [ -3.499147984942603, 50.701942434341923 ], [ -3.499048763965334, 50.701907735412192 ], [ -3.498951837445399, 50.701944954335303 ], [ -3.498954131769325, 50.70201687228014 ] ] ] } },
{ "type": "Feature", "properties": { "max_height": 0.000751495361328125, "mean_height": -0.00028392879175953567, "std_height": 0.00085694994777441025, "count_pixels": 43, "percent_cover": 0.053038619515745074, "percent_above_0.1m": 0.0, "low_level_<0.5": 0.0, "mid_level_0.5-2": 0.0, "tall_2+": 0.0 }, "geometry": { "type": "Polygon", "coordinates": [ [ [ -3.498757983949839, 50.702019391966154 ], [ -3.49885720495484, 50.702054091141569 ], [ -3.498954131769324, 50.70201687228014 ], [ -3.498951837445398, 50.701944954335303 ], [ -3.498852616601534, 50.701910255230352 ], [ -3.498755689920458, 50.701947473999788 ], [ -3.498757983949839, 50.702019391966154 ] ] ] } },
{ "type": "Feature", "properties": { "max_height": 0.001251220703125, "mean_height": 3.0074008463998325e-05, "std_height": 0.00047082934179343283, "count_pixels": 43, "percent_cover": 0.053038619515745074, "percent_above_0.1m": 0.0, "low_level_<0.5": 0.0, "mid_level_0.5-2": 0.0, "tall_2+": 0.0 }, "geometry": { "type": "Polygon", "coordinates": [ [ [ -3.498561836102621, 50.702021911323264 ], [ -3.498661056974214, 50.7020566106739 ], [ -3.498757983949838, 50.702019391966154 ], [ -3.498755689920457, 50.701947473999788 ], [ -3.498656469209999, 50.701912774719617 ], [ -3.498559542367786, 50.701949993335376 ], [ -3.498561836102621, 50.702021911323264 ] ] ] } },
{ "type": "Feature", "properties": { "max_height": 0.0045013427734375, "mean_height": -5.4710790209355764e-06, "std_height": 0.0008360294159501791, "count_pixels": 38, "percent_cover": 0.046871338176704948, "percent_above_0.1m": 0.0, "low_level_<0.5": 0.0, "mid_level_0.5-2": 0.0, "tall_2+": 0.0 }, "geometry": { "type": "Polygon", "coordinates": [ [ [ -3.498365688227674, 50.702024430351521 ], [ -3.498464908965858, 50.702059129877348 ], [ -3.49856183610262, 50.702021911323264 ], [ -3.498559542367786, 50.701949993335376 ], [ -3.498460321790735, 50.701915293880013 ], [ -3.498363394787385, 50.701952512342089 ], [ -3.498365688227674, 50.702024430351521 ] ] ] } },
{ "type": "Feature", "properties": { "max_height": 0.000751495361328125, "mean_height": 4.7816785809118301e-05, "std_height": 0.00037062610499560833, "count_pixels": 43, "percent_cover": 0.053038619515745074, "percent_above_0.1m": 0.0, "low_level_<0.5": 0.0, "mid_level_0.5-2": 0.0, "tall_2+": 0.0 }, "geometry": { "type": "Polygon", "coordinates": [ [ [ -3.498169540325003, 50.702026949050882 ], [ -3.498268760929775, 50.702061648751915 ], [ -3.498365688227673, 50.702024430351521 ], [ -3.498363394787385, 50.701952512342089 ], [ -3.498264174343744, 50.701917812711521 ], [ -3.49816724717926, 50.701955031019907 ], [ -3.498169540325003, 50.702026949050882 ] ] ] } },
{ "type": "Feature", "properties": { "max_height": 0.0087528228759765625, "mean_height": -0.00016181413957383484, "std_height": 0.00193364592269063, "count_pixels": 43, "percent_cover": 0.053038619515745074, "percent_above_0.1m": 0.0, "low_level_<0.5": 0.0, "mid_level_0.5-2": 0.0, "tall_2+": 0.0 }, "geometry": { "type": "Polygon", "coordinates": [ [ [ -3.497973392394611, 50.702029467421347 ], [ -3.498072612865969, 50.702064167297593 ], [ -3.498169540325002, 50.702026949050882 ], [ -3.49816724717926, 50.701955031019907 ], [ -3.498068026869031, 50.701920331214133 ], [ -3.497971099543415, 50.701957549368856 ], [ -3.497973392394611, 50.702029467421347 ] ] ] } },
{ "type": "Feature", "properties": { "max_height": 0.011501312255859375, "mean_height": -0.00059194344794377685, "std_height": 0.0025767232291400433, "count_pixels": 43, "percent_cover": 0.053038619515745074, "percent_above_0.1m": 0.0, "low_level_<0.5": 0.0, "mid_level_0.5-2": 0.0, "tall_2+": 0.0 }, "geometry": { "type": "Polygon", "coordinates": [ [ [ -3.4977772444365, 50.702031985462931 ], [ -3.497876464774444, 50.702066685514382 ], [ -3.49797339239461, 50.702029467421347 ], [ -3.497971099543413, 50.701957549368856 ], [ -3.497871879366598, 50.701922849387877 ], [ -3.49777495187985, 50.70196006738891 ], [ -3.4977772444365, 50.702031985462931 ] ] ] } },
{ "type": "Feature", "properties": { "max_height": 0.0067501068115234375, "mean_height": -0.00035867458791472018, "std_height": 0.0016060024499893188, "count_pixels": 41, "percent_cover": 0.050571706980129021, "percent_above_0.1m": 0.0, "low_level_<0.5": 0.0, "mid_level_0.5-2": 0.0, "tall_2+": 0.0 }, "geometry": { "type": "Polygon", "coordinates": [ [ [ -3.497581096450676, 50.702034503175632 ], [ -3.497680316655202, 50.702069203402296 ], [ -3.497777244436499, 50.702031985462931 ], [ -3.49777495187985, 50.70196006738891 ], [ -3.49767573183645, 50.701925367232739 ], [ -3.497578804188573, 50.701962585080082 ], [ -3.497581096450676, 50.702034503175632 ] ] ] } },
{ "type": "Feature", "properties": { "max_height": 0.001251220703125, "mean_height": -0.00038942476385273039, "std_height": 0.0014175570104271173, "count_pixels": 41, "percent_cover": 0.050571706980129021, "percent_above_0.1m": 0.0, "low_level_<0.5": 0.0, "mid_level_0.5-2": 0.0, "tall_2+": 0.0 }, "geometry": { "type": "Polygon", "coordinates": [ [ [ -3.497384948437142, 50.702037020559438 ], [ -3.497484168508249, 50.702071720961293 ], [ -3.497581096450676, 50.702034503175632 ], [ -3.497578804188572, 50.701962585080082 ], [ -3.49747958427859, 50.701927884748692 ], [ -3.497382656469585, 50.701965102442372 ], [ -3.497384948437142, 50.702037020559438 ] ] ] } },
{ "type": "Feature", "properties": { "max_height": 0.326751708984375, "mean_height": 0.0077752368524670601, "std_height": 0.050486963242292404, "count_pixels": 41, "percent_cover": 0.050571706980129021, "percent_above_0.1m": 2.4390243902439024, "low_level_<0.5": 2.4390243902439024, "mid_level_0.5-2": 0.0, "tall_2+": 0.0 }, "geometry": { "type": "Polygon", "coordinates": [ [ [ -3.4971888003959, 50.702039537614361 ], [ -3.497288020333586, 50.702074238191422 ], [ -3.497384948437141, 50.702037020559438 ], [ -3.497382656469584, 50.701965102442372 ], [ -3.49728343669302, 50.701930401935776 ], [ -3.497186508722891, 50.701967619475766 ], [ -3.4971888003959, 50.702039537614361 ] ] ] } },
{ "type": "Feature", "properties": { "max_height": 1.8560009002685547, "mean_height": 0.56521469354629517, "std_height": 0.4823915958404541, "count_pixels": 41, "percent_cover": 0.050571706980129021, "percent_above_0.1m": 75.609756097560975, "low_level_<0.5": 29.268292682926827, "mid_level_0.5-2": 46.341463414634148, "tall_2+": 0.0 }, "geometry": { "type": "Polygon", "coordinates": [ [ [ -3.496992652326955, 50.702042054340389 ], [ -3.497091872131219, 50.702076755092676 ], [ -3.497188800395899, 50.702039537614361 ], [ -3.49718650872289, 50.701967619475766 ], [ -3.497087289079747, 50.701932918793979 ], [ -3.496990360948493, 50.701970136180293 ], [ -3.496992652326955, 50.702042054340389 ] ] ] } },
{ "type": "Feature", "properties": { "max_height": 9.5497512817382812, "mean_height": 4.5273499488830566, "std_height": 2.811922550201416, "count_pixels": 43, "percent_cover": 0.053038619515745074, "percent_above_0.1m": 93.023255813953483, "low_level_<0.5": 9.3023255813953494, "mid_level_0.5-2": 11.627906976744185, "tall_2+": 72.093023255813947 }, "geometry": { "type": "Polygon", "coordinates": [ [ [ -3.49601191156681, 50.702054633037264 ], [ -3.496111130703931, 50.702089334665551 ], [ -3.496208059774215, 50.702052117955652 ], [ -3.496205769573943, 50.701980199709467 ], [ -3.496106550597935, 50.701945498151652 ], [ -3.496009621661086, 50.701982714769549 ], [ -3.49601191156681, 50.702054633037264 ] ] ] } },
{ "type": "Feature", "properties": { "max_height": 13.896753311157227, "mean_height": 4.4155712127685547, "std_height": 4.7466578483581543, "count_pixels": 43, "percent_cover": 0.053038619515745074, "percent_above_0.1m": 62.790697674418603, "low_level_<0.5": 0.0, "mid_level_0.5-2": 9.3023255813953494, "tall_2+": 53.488372093023251 }, "geometry": { "type": "Polygon", "coordinates": [ [ [ -3.495815763331721, 50.702057147789965 ], [ -3.495914982335408, 50.702091849593465 ], [ -3.496011911566809, 50.702054633037264 ], [ -3.496009621661084, 50.701982714769549 ], [ -3.495910402818508, 50.701948013036521 ], [ -3.495813473720545, 50.701985229500735 ], [ -3.495815763331721, 50.702057147789965 ] ] ] } },
{ "type": "Feature", "properties": { "max_height": 2.3917522430419922, "mean_height": 1.0851927995681763, "std_height": 0.70811975002288818, "count_pixels": 43, "percent_cover": 0.053038619515745074, "percent_above_0.1m": 79.069767441860463, "low_level_<0.5": 2.3255813953488373, "mid_level_0.5-2": 65.116279069767444, "tall_2+": 11.627906976744185 }, "geometry": { "type": "Polygon", "coordinates": [ [ [ -3.499447943804456, 50.702118448460297 ], [ -3.499547165504212, 50.70215314700534 ], [ -3.49964409196867, 50.702115927590896 ], [ -3.499641796599968, 50.702044009723373 ], [ -3.499542575061354, 50.702009311248808 ], [ -3.4994456487303, 50.702046530571266 ], [ -3.499447943804456, 50.702118448460297 ] ] ] } },
{ "type": "Feature", "properties": { "max_height": 2.0070018768310547, "mean_height": 0.40032660961151123, "std_height": 0.62084972858428955, "count_pixels": 43, "percent_cover": 0.053038619515745074, "percent_above_0.1m": 37.209302325581397, "low_level_<0.5": 9.3023255813953494, "mid_level_0.5-2": 25.581395348837212, "tall_2+": 2.3255813953488373 }, "geometry": { "type": "Polygon", "coordinates": [ [ [ -3.499251795612495, 50.702120969000816 ], [ -3.49935101717885, 50.70215566772108 ], [ -3.499447943804455, 50.702118448460297 ], [ -3.499445648730299, 50.702046530571266 ], [ -3.499346427325086, 50.70201183192146 ], [ -3.499249500832886, 50.702049051090242 ], [ -3.499251795612495, 50.702120969000816 ] ] ] } },
{ "type": "Feature", "properties": { "max_height": 0.000751495361328125, "mean_height": -0.00024279153149109334, "std_height": 0.0011732231359928846, "count_pixels": 41, "percent_cover": 0.050571706980129021, "percent_above_0.1m": 0.0, "low_level_<0.5": 0.0, "mid_level_0.5-2": 0.0, "tall_2+": 0.0 }, "geometry": { "type": "Polygon", "coordinates": [ [ [ -3.499055647392793, 50.702123489212461 ], [ -3.499154868825744, 50.702158188107916 ], [ -3.499251795612494, 50.702120969000816 ], [ -3.499249500832885, 50.702049051090242 ], [ -3.499150279561075, 50.702014352265245 ], [ -3.499053352907732, 50.702051571280343 ], [ -3.499055647392793, 50.702123489212461 ] ] ] } },
{ "type": "Feature", "properties": { "max_height": 0.0010013580322265625, "mean_height": 3.7588724808301777e-05, "std_height": 0.00041500019142404199, "count_pixels": 41, "percent_cover": 0.050571706980129021, "percent_above_0.1m": 0.0, "low_level_<0.5": 0.0, "mid_level_0.5-2": 0.0, "tall_2+": 0.0 }, "geometry": { "type": "Polygon", "coordinates": [ [ [ -3.498859499145353, 50.702126009095203 ], [ -3.498958720444898, 50.702160708165877 ], [ -3.499055647392793, 50.702123489212461 ], [ -3.499053352907731, 50.702051571280343 ], [ -3.498954131769324, 50.70201687228014 ], [ -3.49885720495484, 50.702054091141569 ], [ -3.498859499145353, 50.702126009095203 ] ] ] } },
{ "type": "Feature", "properties": { "max_height": 0.0005016326904296875, "mean_height": -9.0296678536105901e-05, "std_height": 0.00059397146105766296, "count_pixels": 41, "percent_cover": 0.050571706980129021, "percent_above_0.1m": 0.0, "low_level_<0.5": 0.0, "mid_level_0.5-2": 0.0, "tall_2+": 0.0 }, "geometry": { "type": "Polygon", "coordinates": [ [ [ -3.49866335087018, 50.702128528649069 ], [ -3.498762572036318, 50.702163227894957 ], [ -3.498859499145353, 50.702126009095203 ], [ -3.498857204954839, 50.702054091141569 ], [ -3.498757983949838, 50.702019391966154 ], [ -3.498661056974214, 50.7020566106739 ], [ -3.49866335087018, 50.702128528649069 ] ] ] } },
{ "type": "Feature", "properties": { "max_height": 0.001251220703125, "mean_height": 1.3258399121696129e-05, "std_height": 0.00045867144945077598, "count_pixels": 41, "percent_cover": 0.050571706980129021, "percent_above_0.1m": 0.0, "low_level_<0.5": 0.0, "mid_level_0.5-2": 0.0, "tall_2+": 0.0 }, "geometry": { "type": "Polygon", "coordinates": [ [ [ -3.498467202567276, 50.702131047874047 ], [ -3.498566423600004, 50.70216574729514 ], [ -3.498663350870179, 50.702128528649069 ], [ -3.498661056974213, 50.7020566106739 ], [ -3.49856183610262, 50.702021911323264 ], [ -3.498464908965858, 50.702059129877348 ], [ -3.498467202567276, 50.702131047874047 ] ] ] } },
{ "type": "Feature", "properties": { "max_height": 0.011501312255859375, "mean_height": 0.00029349909164011478, "std_height": 0.0018494726391509175, "count_pixels": 41, "percent_cover": 0.050571706980129021, "percent_above_0.1m": 0.0, "low_level_<0.5": 0.0, "mid_level_0.5-2": 0.0, "tall_2+": 0.0 }, "geometry": { "type": "Polygon", "coordinates": [ [ [ -3.498271054236645, 50.702133566770136 ], [ -3.498370275135962, 50.702168266366442 ], [ -3.498467202567276, 50.702131047874047 ], [ -3.498464908965857, 50.702059129877348 ], [ -3.498365688227673, 50.702024430351521 ], [ -3.498268760929775, 50.702061648751915 ], [ -3.498271054236645, 50.702133566770136 ] ] ] } },
{ "type": "Feature", "properties": { "max_height": 0.010251998901367188, "mean_height": 0.00019622431136667728, "std_height": 0.0024336911737918854, "count_pixels": 41, "percent_cover": 0.050571706980129021, "percent_above_0.1m": 0.0, "low_level_<0.5": 0.0, "mid_level_0.5-2": 0.0, "tall_2+": 0.0 }, "geometry": { "type": "Polygon", "coordinates": [ [ [ -3.498074905878291, 50.702136085337351 ], [ -3.498174126644194, 50.702170785108841 ], [ -3.498271054236644, 50.702133566770136 ], [ -3.498268760929774, 50.702061648751915 ], [ -3.498169540325002, 50.702026949050882 ], [ -3.498072612865969, 50.702064167297593 ], [ -3.498074905878291, 50.702136085337351 ] ] ] } },
{ "type": "Feature", "properties": { "max_height": 0.000751495361328125, "mean_height": -0.00057839183136820793, "std_height": 0.0014318643370643258, "count_pixels": 41, "percent_cover": 0.050571706980129021, "percent_above_0.1m": 0.0, "low_level_<0.5": 0.0, "mid_level_0.5-2": 0.0, "tall_2+": 0.0 }, "geometry": { "type": "Polygon", "coordinates": [ [ [ -3.497878757492217, 50.702138603575655 ], [ -3.497977978124705, 50.702173303522379 ], [ -3.498074905878291, 50.702136085337351 ], [ -3.498072612865969, 50.702064167297593 ], [ -3.49797339239461, 50.702029467421347 ], [ -3.497876464774444, 50.702066685514382 ], [ -3.497878757492217, 50.702138603575655 ] ] ] } },
{ "type": "Feature", "properties": { "max_height": 0.0007495880126953125, "mean_height": -0.00036481532151810825, "std_height": 0.0012786827282980084, "count_pixels": 41, "percent_cover": 0.050571706980129021, "percent_above_0.1m": 0.0, "low_level_<0.5": 0.0, "mid_level_0.5-2": 0.0, "tall_2+": 0.0 }, "geometry": { "type": "Polygon", "coordinates": [ [ [ -3.497682609078427, 50.702141121485091 ], [ -3.497781829577499, 50.702175821607007 ], [ -3.497878757492216, 50.702138603575655 ], [ -3.497876464774443, 50.702066685514382 ], [ -3.497777244436499, 50.702031985462931 ], [ -3.497680316655202, 50.702069203402296 ], [ -3.497682609078427, 50.702141121485091 ] ] ] } },
{ "type": "Feature", "properties": { "max_height": 0.000751495361328125, "mean_height": 4.7639357944717631e-05, "std_height": 0.00032471324084326625, "count_pixels": 43, "percent_cover": 0.053038619515745074, "percent_above_0.1m": 0.0, "low_level_<0.5": 0.0, "mid_level_0.5-2": 0.0, "tall_2+": 0.0 }, "geometry": { "type": "Polygon", "coordinates": [ [ [ -3.497486460636925, 50.702143639065632 ], [ -3.497585681002578, 50.702178339362767 ], [ -3.497682609078427, 50.702141121485091 ], [ -3.497680316655201, 50.702069203402296 ], [ -3.497581096450676, 50.702034503175632 ], [ -3.497484168508249, 50.702071720961293 ], [ -3.497486460636925, 50.702143639065632 ] ] ] } },
{ "type": "Feature", "properties": { "max_height": 2.1909999847412109, "mean_height": 0.36246609687805176, "std_height": 0.62460756301879883, "count_pixels": 43, "percent_cover": 0.053038619515745074, "percent_above_0.1m": 32.558139534883722, "low_level_<0.5": 6.9767441860465116, "mid_level_0.5-2": 23.255813953488371, "tall_2+": 2.3255813953488373 }, "geometry": { "type": "Polygon", "coordinates": [ [ [ -3.497290312167714, 50.702146156317276 ], [ -3.497389532399946, 50.702180856789624 ], [ -3.497486460636925, 50.702143639065632 ], [ -3.497484168508247, 50.702071720961293 ], [ -3.497384948437141, 50.702037020559438 ], [ -3.497288020333586, 50.702074238191422 ], [ -3.497290312167714, 50.702146156317276 ] ] ] } },
{ "type": "Feature", "properties": { "max_height": 4.6092510223388672, "mean_height": 1.2081128358840942, "std_height": 1.2035157680511475, "count_pixels": 38, "percent_cover": 0.046871338176704948, "percent_above_0.1m": 63.157894736842103, "low_level_<0.5": 7.8947368421052628, "mid_level_0.5-2": 26.315789473684209, "tall_2+": 28.947368421052634 }, "geometry": { "type": "Polygon", "coordinates": [ [ [ -3.497094163670798, 50.702148673240046 ], [ -3.497193383769607, 50.702183373887578 ], [ -3.497290312167713, 50.702146156317276 ], [ -3.497288020333585, 50.702074238191422 ], [ -3.497188800395899, 50.702039537614361 ], [ -3.497091872131219, 50.702076755092676 ], [ -3.497094163670798, 50.702148673240046 ] ] ] } },
{ "type": "Feature", "properties": { "max_height": 1.9817523956298828, "mean_height": 0.52215361595153809, "std_height": 0.66702389717102051, "count_pixels": 41, "percent_cover": 0.050571706980129021, "percent_above_0.1m": 46.341463414634148, "low_level_<0.5": 7.3170731707317067, "mid_level_0.5-2": 39.024390243902438, "tall_2+": 0.0 }, "geometry": { "type": "Polygon", "coordinates": [ [ [ -3.499157163471942, 50.702230106027294 ], [ -3.499256385199439, 50.702264804818014 ], [ -3.499353312119597, 50.702227585618907 ], [ -3.49935101717885, 50.70215566772108 ], [ -3.499251795612495, 50.702120969000816 ], [ -3.499154868825744, 50.702158188107916 ], [ -3.499157163471942, 50.702230106027294 ] ] ] } },
{ "type": "Feature", "properties": { "max_height": 0.000751495361328125, "mean_height": -8.6274259956553578e-05, "std_height": 0.00037687772419303656, "count_pixels": 43, "percent_cover": 0.053038619515745074, "percent_above_0.1m": 0.0, "low_level_<0.5": 0.0, "mid_level_0.5-2": 0.0, "tall_2+": 0.0 }, "geometry": { "type": "Polygon", "coordinates": [ [ [ -3.498961014796548, 50.70223262610677 ], [ -3.49906023639064, 50.702267325072725 ], [ -3.499157163471942, 50.702230106027294 ], [ -3.499154868825744, 50.702158188107916 ], [ -3.499055647392793, 50.702123489212461 ], [ -3.498958720444899, 50.702160708165877 ], [ -3.498961014796548, 50.70223262610677 ] ] ] } },
{ "type": "Feature", "properties": { "max_height": 0.0007495880126953125, "mean_height": -0.00030721619259566069, "std_height": 0.0014263448538258672, "count_pixels": 43, "percent_cover": 0.053038619515745074, "percent_above_0.1m": 0.0, "low_level_<0.5": 0.0, "mid_level_0.5-2": 0.0, "tall_2+": 0.0 }, "geometry": { "type": "Polygon", "coordinates": [ [ [ -3.498764866093418, 50.702235145857372 ], [ -3.498864087554101, 50.702269844998533 ], [ -3.498961014796547, 50.70223262610677 ], [ -3.498958720444898, 50.702160708165877 ], [ -3.498859499145353, 50.702126009095203 ], [ -3.498762572036318, 50.702163227894957 ], [ -3.498764866093418, 50.702235145857372 ] ] ] } },
{ "type": "Feature", "properties": { "max_height": 0.000751495361328125, "mean_height": -0.00024879811098799109, "std_height": 0.00068628735607489944, "count_pixels": 43, "percent_cover": 0.053038619515745074, "percent_above_0.1m": 0.0, "low_level_<0.5": 0.0, "mid_level_0.5-2": 0.0, "tall_2+": 0.0 }, "geometry": { "type": "Polygon", "coordinates": [ [ [ -3.498568717362554, 50.702237665279092 ], [ -3.498667938689829, 50.702272364595451 ], [ -3.498764866093417, 50.702235145857372 ], [ -3.498762572036318, 50.702163227894957 ], [ -3.49866335087018, 50.702128528649069 ], [ -3.498566423600005, 50.70216574729514 ], [ -3.498568717362554, 50.702237665279092 ] ] ] } },
{ "type": "Feature", "properties": { "max_height": 0.004001617431640625, "mean_height": 6.67572021484375e-05, "std_height": 0.0011793250450864434, "count_pixels": 38, "percent_cover": 0.046871338176704948, "percent_above_0.1m": 0.0, "low_level_<0.5": 0.0, "mid_level_0.5-2": 0.0, "tall_2+": 0.0 }, "geometry": { "type": "Polygon", "coordinates": [ [ [ -3.498372568603962, 50.702240184371917 ], [ -3.498471789797826, 50.702274883863495 ], [ -3.498568717362553, 50.702237665279092 ], [ -3.498566423600004, 50.70216574729514 ], [ -3.498467202567276, 50.702131047874047 ], [ -3.498370275135962, 50.702168266366442 ], [ -3.498372568603962, 50.702240184371917 ] ] ] } },
{ "type": "Feature", "properties": { "max_height": 0.0010013580322265625, "mean_height": -0.00042933085933327675, "std_height": 0.0012205042876303196, "count_pixels": 43, "percent_cover": 0.053038619515745074, "percent_above_0.1m": 0.0, "low_level_<0.5": 0.0, "mid_level_0.5-2": 0.0, "tall_2+": 0.0 }, "geometry": { "type": "Polygon", "coordinates": [ [ [ -3.498176419817645, 50.70224270313588 ], [ -3.498275640878095, 50.702277402802636 ], [ -3.498372568603962, 50.702240184371917 ], [ -3.498370275135962, 50.702168266366442 ], [ -3.498271054236645, 50.702133566770136 ], [ -3.498174126644195, 50.702170785108841 ], [ -3.498176419817645, 50.70224270313588 ] ] ] } },
{ "type": "Feature", "properties": { "max_height": 0.0007495880126953125, "mean_height": -0.00012712700117845088, "std_height": 0.00043263356201350689, "count_pixels": 43, "percent_cover": 0.053038619515745074, "percent_above_0.1m": 0.0, "low_level_<0.5": 0.0, "mid_level_0.5-2": 0.0, "tall_2+": 0.0 }, "geometry": { "type": "Polygon", "coordinates": [ [ [ -3.497980271003606, 50.702245221570912 ], [ -3.498079491930641, 50.702279921412895 ], [ -3.498176419817645, 50.70224270313588 ], [ -3.498174126644194, 50.702170785108841 ], [ -3.498074905878291, 50.702136085337351 ], [ -3.497977978124707, 50.702173303522379 ], [ -3.497980271003606, 50.702245221570912 ] ] ] } },
{ "type": "Feature", "properties": { "max_height": 0.0010013580322265625, "mean_height": -0.00024901988217607141, "std_height": 0.0012094167759642005, "count_pixels": 43, "percent_cover": 0.053038619515745074, "percent_above_0.1m": 0.0, "low_level_<0.5": 0.0, "mid_level_0.5-2": 0.0, "tall_2+": 0.0 }, "geometry": { "type": "Polygon", "coordinates": [ [ [ -3.49778412216185, 50.702247739677077 ], [ -3.497883342955468, 50.702282439694272 ], [ -3.497980271003605, 50.702245221570912 ], [ -3.497977978124705, 50.702173303522379 ], [ -3.497878757492217, 50.702138603575655 ], [ -3.497781829577499, 50.702175821607007 ], [ -3.49778412216185, 50.702247739677077 ] ] ] } },
{ "type": "Feature", "properties": { "max_height": 0.1347503662109375, "mean_height": 0.0033605622593313456, "std_height": 0.020908191800117493, "count_pixels": 41, "percent_cover": 0.050571706980129021, "percent_above_0.1m": 2.4390243902439024, "low_level_<0.5": 0.0, "mid_level_0.5-2": 0.0, "tall_2+": 0.0 }, "geometry": { "type": "Polygon", "coordinates": [ [ [ -3.497587973292378, 50.702250257454352 ], [ -3.497687193952578, 50.702284957646746 ], [ -3.497784122161848, 50.702247739677077 ], [ -3.497781829577499, 50.702175821607007 ], [ -3.497682609078427, 50.702141121485091 ], [ -3.497585681002578, 50.702178339362767 ], [ -3.497587973292378, 50.702250257454352 ] ] ] } },
{ "type": "Feature", "properties": { "max_height": 4.6917514801025391, "mean_height": 0.693928062915802, "std_height": 1.0972446203231812, "count_pixels": 41, "percent_cover": 0.050571706980129021, "percent_above_0.1m": 48.780487804878049, "low_level_<0.5": 7.3170731707317067, "mid_level_0.5-2": 21.951219512195124, "tall_2+": 14.634146341463413 }, "geometry": { "type": "Polygon", "coordinates": [ [ [ -3.497391824395196, 50.702252774902732 ], [ -3.497491044921975, 50.702287475270346 ], [ -3.497587973292378, 50.702250257454352 ], [ -3.497585681002578, 50.702178339362767 ], [ -3.497486460636925, 50.702143639065632 ], [ -3.497389532399947, 50.702180856789624 ], [ -3.497391824395196, 50.702252774902732 ] ] ] } },
{ "type": "Feature", "properties": { "max_height": 2.1739997863769531, "mean_height": 0.5927998423576355, "std_height": 0.64519029855728149, "count_pixels": 41, "percent_cover": 0.050571706980129021, "percent_above_0.1m": 65.853658536585371, "low_level_<0.5": 14.634146341463413, "mid_level_0.5-2": 41.463414634146339, "tall_2+": 2.4390243902439024 }, "geometry": { "type": "Polygon", "coordinates": [ [ [ -3.499062530903424, 50.702339243000864 ], [ -3.499161752792063, 50.702373941862064 ], [ -3.499258680006775, 50.702336722724638 ], [ -3.499256385199438, 50.702264804818014 ], [ -3.499157163471942, 50.702230106027294 ], [ -3.49906023639064, 50.702267325072725 ], [ -3.499062530903424, 50.702339243000864 ] ] ] } },
{ "type": "Feature", "properties": { "max_height": 1.9912509918212891, "mean_height": 0.10431810468435287, "std_height": 0.35995697975158691, "count_pixels": 41, "percent_cover": 0.050571706980129021, "percent_above_0.1m": 12.195121951219512, "low_level_<0.5": 7.3170731707317067, "mid_level_0.5-2": 4.8780487804878048, "tall_2+": 0.0 }, "geometry": { "type": "Polygon", "coordinates": [ [ [ -3.498866381772335, 50.702341762948208 ], [ -3.498965603527567, 50.702376461984613 ], [ -3.499062530903424, 50.702339243000864 ], [ -3.499060236390639, 50.702267325072725 ], [ -3.498961014796547, 50.70223262610677 ], [ -3.498864087554101, 50.702269844998533 ], [ -3.498866381772335, 50.702341762948208 ] ] ] } },
{ "type": "Feature", "properties": { "max_height": 0.00099945068359375, "mean_height": -1.1025405910913832e-05, "std_height": 0.00051477761007845402, "count_pixels": 41, "percent_cover": 0.050571706980129021, "percent_above_0.1m": 0.0, "low_level_<0.5": 0.0, "mid_level_0.5-2": 0.0, "tall_2+": 0.0 }, "geometry": { "type": "Polygon", "coordinates": [ [ [ -3.498670232613512, 50.702344282566663 ], [ -3.498769454235334, 50.702378981778281 ], [ -3.498866381772334, 50.702341762948208 ], [ -3.498864087554101, 50.702269844998533 ], [ -3.498764866093417, 50.702235145857372 ], [ -3.498667938689829, 50.702272364595451 ], [ -3.498670232613512, 50.702344282566663 ] ] ] } },
{ "type": "Feature", "properties": { "max_height": 0.00099945068359375, "mean_height": 1.2979275197722018e-05, "std_height": 0.00046522129559889436, "count_pixels": 41, "percent_cover": 0.050571706980129021, "percent_above_0.1m": 0.0, "low_level_<0.5": 0.0, "mid_level_0.5-2": 0.0, "tall_2+": 0.0 }, "geometry": { "type": "Polygon", "coordinates": [ [ [ -3.498474083426957, 50.702346801856237 ], [ -3.498573304915368, 50.70238150124306 ], [ -3.498670232613511, 50.702344282566663 ], [ -3.498667938689828, 50.702272364595451 ], [ -3.498568717362553, 50.702237665279092 ], [ -3.498471789797826, 50.702274883863495 ], [ -3.498474083426957, 50.702346801856237 ] ] ] } },
{ "type": "Feature", "properties": { "max_height": 0.002750396728515625, "mean_height": -3.5495293559506536e-05, "std_height": 0.00083852279931306839, "count_pixels": 41, "percent_cover": 0.050571706980129021, "percent_above_0.1m": 0.0, "low_level_<0.5": 0.0, "mid_level_0.5-2": 0.0, "tall_2+": 0.0 }, "geometry": { "type": "Polygon", "coordinates": [ [ [ -3.498277934212675, 50.702349320816907 ], [ -3.498377155567673, 50.702384020378936 ], [ -3.498474083426956, 50.702346801856237 ], [ -3.498471789797824, 50.702274883863495 ], [ -3.498372568603962, 50.702240184371917 ], [ -3.498275640878095, 50.702277402802636 ], [ -3.498277934212675, 50.702349320816907 ] ] ] } },
{ "type": "Feature", "properties": { "max_height": 0.0090007781982421875, "mean_height": -5.1637975957419258e-06, "std_height": 0.0018481694860383868, "count_pixels": 41, "percent_cover": 0.050571706980129021, "percent_above_0.1m": 0.0, "low_level_<0.5": 0.0, "mid_level_0.5-2": 0.0, "tall_2+": 0.0 }, "geometry": { "type": "Polygon", "coordinates": [ [ [ -3.49808178497067, 50.702351839448696 ], [ -3.498181006192252, 50.70238653918593 ], [ -3.498277934212674, 50.702349320816907 ], [ -3.498275640878094, 50.702277402802636 ], [ -3.498176419817645, 50.70224270313588 ], [ -3.498079491930641, 50.702279921412895 ], [ -3.49808178497067, 50.702351839448696 ] ] ] } },
{ "type": "Feature", "properties": { "max_height": 0.00099945068359375, "mean_height": -0.00020650538499467075, "std_height": 0.0010715257376432419, "count_pixels": 41, "percent_cover": 0.050571706980129021, "percent_above_0.1m": 0.0, "low_level_<0.5": 0.0, "mid_level_0.5-2": 0.0, "tall_2+": 0.0 }, "geometry": { "type": "Polygon", "coordinates": [ [ [ -3.497885635700944, 50.702354357751602 ], [ -3.49798485678911, 50.702389057664028 ], [ -3.498081784970669, 50.702351839448696 ], [ -3.49807949193064, 50.702279921412895 ], [ -3.497980271003605, 50.702245221570912 ], [ -3.497883342955468, 50.702282439694272 ], [ -3.497885635700944, 50.702354357751602 ] ] ] } },
{ "type": "Feature", "properties": { "max_height": 1.0770015716552734, "mean_height": 0.11609849333763123, "std_height": 0.28731295466423035, "count_pixels": 41, "percent_cover": 0.050571706980129021, "percent_above_0.1m": 14.634146341463413, "low_level_<0.5": 0.0, "mid_level_0.5-2": 14.634146341463413, "tall_2+": 0.0 }, "geometry": { "type": "Polygon", "coordinates": [ [ [ -3.497689486403502, 50.702356875725599 ], [ -3.49778870735825, 50.702391575813266 ], [ -3.497885635700943, 50.702354357751602 ], [ -3.497883342955467, 50.702282439694272 ], [ -3.497784122161848, 50.702247739677077 ], [ -3.497687193952578, 50.702284957646746 ], [ -3.497689486403502, 50.702356875725599 ] ] ] } },
{ "type": "Feature", "properties": { "max_height": 2.3510017395019531, "mean_height": 0.46571022272109985, "std_height": 0.60522234439849854, "count_pixels": 43, "percent_cover": 0.053038619515745074, "percent_above_0.1m": 53.488372093023251, "low_level_<0.5": 13.953488372093023, "mid_level_0.5-2": 34.883720930232556, "tall_2+": 4.6511627906976747 }, "geometry": { "type": "Polygon", "coordinates": [ [ [ -3.497493337078346, 50.702359393370713 ], [ -3.497592557899674, 50.702394093633586 ], [ -3.497689486403501, 50.702356875725599 ], [ -3.497687193952576, 50.702284957646746 ], [ -3.497587973292378, 50.702250257454352 ], [ -3.497491044921975, 50.702287475270346 ], [ -3.497493337078346, 50.702359393370713 ] ] ] } },
{ "type": "Feature", "properties": { "max_height": 4.3990020751953125, "mean_height": 1.0345183610916138, "std_height": 1.0894899368286133, "count_pixels": 43, "percent_cover": 0.053038619515745074, "percent_above_0.1m": 81.395348837209298, "low_level_<0.5": 23.255813953488371, "mid_level_0.5-2": 41.860465116279073, "tall_2+": 11.627906976744185 }, "geometry": { "type": "Polygon", "coordinates": [ [ [ -3.498967897906939, 50.702448379921556 ], [ -3.49906711995672, 50.70248307885322 ], [ -3.499164047465988, 50.702445859777477 ], [ -3.499161752792063, 50.702373941862064 ], [ -3.499062530903424, 50.702339243000864 ], [ -3.498965603527568, 50.702376461984613 ], [ -3.498967897906939, 50.702448379921556 ] ] ] } },
{ "type": "Feature", "properties": { "max_height": 2.7612514495849609, "mean_height": 0.42137882113456726, "std_height": 0.70238161087036133, "count_pixels": 43, "percent_cover": 0.053038619515745074, "percent_above_0.1m": 37.209302325581397, "low_level_<0.5": 6.9767441860465116, "mid_level_0.5-2": 23.255813953488371, "tall_2+": 4.6511627906976747 }, "geometry": { "type": "Polygon", "coordinates": [ [ [ -3.498771748320153, 50.70245089973676 ], [ -3.498870970236525, 50.702485598843623 ], [ -3.498967897906938, 50.702448379921556 ], [ -3.498965603527567, 50.702376461984613 ], [ -3.498866381772335, 50.702341762948208 ], [ -3.498769454235334, 50.702378981778281 ], [ -3.498771748320153, 50.70245089973676 ] ] ] } },
{ "type": "Feature", "properties": { "max_height": 0.000751495361328125, "mean_height": -1.632335624890402e-05, "std_height": 0.00031623573158867657, "count_pixels": 43, "percent_cover": 0.053038619515745074, "percent_above_0.1m": 0.0, "low_level_<0.5": 0.0, "mid_level_0.5-2": 0.0, "tall_2+": 0.0 }, "geometry": { "type": "Polygon", "coordinates": [ [ [ -3.498575598705634, 50.702453419223055 ], [ -3.498674820488594, 50.702488118505151 ], [ -3.498771748320152, 50.70245089973676 ], [ -3.498769454235334, 50.702378981778281 ], [ -3.498670232613512, 50.702344282566663 ], [ -3.498573304915369, 50.70238150124306 ], [ -3.498575598705634, 50.702453419223055 ] ] ] } },
{ "type": "Feature", "properties": { "max_height": 0.001251220703125, "mean_height": -0.00023575832892674953, "std_height": 0.00083103036740794778, "count_pixels": 38, "percent_cover": 0.046871338176704948, "percent_above_0.1m": 0.0, "low_level_<0.5": 0.0, "mid_level_0.5-2": 0.0, "tall_2+": 0.0 }, "geometry": { "type": "Polygon", "coordinates": [ [ [ -3.498379449063385, 50.702455938380474 ], [ -3.498478670712934, 50.702490637837769 ], [ -3.498575598705633, 50.702453419223055 ], [ -3.498573304915368, 50.70238150124306 ], [ -3.498474083426957, 50.702346801856237 ], [ -3.498377155567674, 50.702384020378936 ], [ -3.498379449063385, 50.702455938380474 ] ] ] } },
{ "type": "Feature", "properties": { "max_height": 0.000751495361328125, "mean_height": -0.00040586604154668748, "std_height": 0.0012238066410645843, "count_pixels": 43, "percent_cover": 0.053038619515745074, "percent_above_0.1m": 0.0, "low_level_<0.5": 0.0, "mid_level_0.5-2": 0.0, "tall_2+": 0.0 }, "geometry": { "type": "Polygon", "coordinates": [ [ [ -3.498183299393411, 50.702458457209005 ], [ -3.498282520909545, 50.702493156841513 ], [ -3.498379449063385, 50.702455938380474 ], [ -3.498377155567673, 50.702384020378936 ], [ -3.498277934212675, 50.702349320816907 ], [ -3.498181006192253, 50.70238653918593 ], [ -3.498183299393411, 50.702458457209005 ] ] ] } },
{ "type": "Feature", "properties": { "max_height": 0.0097503662109375, "mean_height": -6.29425048828125e-05, "std_height": 0.0019692950882017612, "count_pixels": 43, "percent_cover": 0.053038619515745074, "percent_above_0.1m": 0.0, "low_level_<0.5": 0.0, "mid_level_0.5-2": 0.0, "tall_2+": 0.0 }, "geometry": { "type": "Polygon", "coordinates": [ [ [ -3.497987149695716, 50.702460975708632 ], [ -3.498086371078433, 50.702495675516346 ], [ -3.498183299393411, 50.702458457209005 ], [ -3.498181006192252, 50.70238653918593 ], [ -3.49808178497067, 50.702351839448696 ], [ -3.497984856789111, 50.702389057664028 ], [ -3.497987149695716, 50.702460975708632 ] ] ] } },
{ "type": "Feature", "properties": { "max_height": 2.0947532653808594, "mean_height": 0.47817575931549072, "std_height": 0.64418566226959229, "count_pixels": 43, "percent_cover": 0.053038619515745074, "percent_above_0.1m": 41.860465116279073, "low_level_<0.5": 0.0, "mid_level_0.5-2": 37.209302325581397, "tall_2+": 2.3255813953488373 }, "geometry": { "type": "Polygon", "coordinates": [ [ [ -3.497790999970301, 50.702463493879378 ], [ -3.497890221219599, 50.70249819386229 ], [ -3.497987149695715, 50.702460975708632 ], [ -3.49798485678911, 50.702389057664028 ], [ -3.497885635700944, 50.702354357751602 ], [ -3.497788707358251, 50.702391575813266 ], [ -3.497790999970301, 50.702463493879378 ] ] ] } },
{ "type": "Feature", "properties": { "max_height": 1.6532516479492188, "mean_height": 0.56850737333297729, "std_height": 0.57124459743499756, "count_pixels": 41, "percent_cover": 0.050571706980129021, "percent_above_0.1m": 60.975609756097562, "low_level_<0.5": 12.195121951219512, "mid_level_0.5-2": 48.780487804878049, "tall_2+": 0.0 }, "geometry": { "type": "Polygon", "coordinates": [ [ [ -3.498677114439996, 50.702560036472406 ], [ -3.498776336517507, 50.702594735649747 ], [ -3.498873264482479, 50.702557516789362 ], [ -3.498870970236524, 50.702485598843623 ], [ -3.498771748320152, 50.70245089973676 ], [ -3.498674820488594, 50.702488118505151 ], [ -3.498677114439996, 50.702560036472406 ] ] ] } },
{ "type": "Feature", "properties": { "max_height": 0.0010013580322265625, "mean_height": -0.00042561787995509803, "std_height": 0.0013596226926892996, "count_pixels": 41, "percent_cover": 0.050571706980129021, "percent_above_0.1m": 0.0, "low_level_<0.5": 0.0, "mid_level_0.5-2": 0.0, "tall_2+": 0.0 }, "geometry": { "type": "Polygon", "coordinates": [ [ [ -3.498480964369779, 50.702562555826553 ], [ -3.498580186313879, 50.702597255179114 ], [ -3.498677114439994, 50.702560036472406 ], [ -3.498674820488593, 50.702488118505151 ], [ -3.498575598705633, 50.702453419223055 ], [ -3.498478670712934, 50.702490637837769 ], [ -3.498480964369779, 50.702562555826553 ] ] ] } },
{ "type": "Feature", "properties": { "max_height": 0.002002716064453125, "mean_height": -3.5448771086521447e-05, "std_height": 0.00046722151455469429, "count_pixels": 41, "percent_cover": 0.050571706980129021, "percent_above_0.1m": 0.0, "low_level_<0.5": 0.0, "mid_level_0.5-2": 0.0, "tall_2+": 0.0 }, "geometry": { "type": "Polygon", "coordinates": [ [ [ -3.498284814271835, 50.702565074851826 ], [ -3.49838403608252, 50.702599774379586 ], [ -3.498480964369778, 50.702562555826553 ], [ -3.498478670712933, 50.702490637837769 ], [ -3.498379449063385, 50.702455938380474 ], [ -3.498282520909545, 50.702493156841513 ], [ -3.498284814271835, 50.702565074851826 ] ] ] } },
{ "type": "Feature", "properties": { "max_height": 2.1222515106201172, "mean_height": 0.07454383373260498, "std_height": 0.3400217592716217, "count_pixels": 41, "percent_cover": 0.050571706980129021, "percent_above_0.1m": 7.3170731707317067, "low_level_<0.5": 2.4390243902439024, "mid_level_0.5-2": 2.4390243902439024, "tall_2+": 2.4390243902439024 }, "geometry": { "type": "Polygon", "coordinates": [ [ [ -3.498088664146167, 50.702567593548189 ], [ -3.498187885823436, 50.702602293251175 ], [ -3.498284814271834, 50.702565074851826 ], [ -3.498282520909545, 50.702493156841513 ], [ -3.498183299393411, 50.702458457209005 ], [ -3.498086371078433, 50.702495675516346 ], [ -3.498088664146167, 50.702567593548189 ] ] ] } },
{ "type": "Feature", "properties": { "max_height": 1.4962520599365234, "mean_height": 0.32457426190376282, "std_height": 0.45781728625297546, "count_pixels": 41, "percent_cover": 0.050571706980129021, "percent_above_0.1m": 39.024390243902438, "low_level_<0.5": 9.7560975609756095, "mid_level_0.5-2": 29.268292682926827, "tall_2+": 0.0 }, "geometry": { "type": "Polygon", "coordinates": [ [ [ -3.497892513992778, 50.702570111915676 ], [ -3.497991735536629, 50.702604811793854 ], [ -3.498088664146167, 50.702567593548189 ], [ -3.498086371078432, 50.702495675516346 ], [ -3.497987149695715, 50.702460975708632 ], [ -3.497890221219599, 50.70249819386229 ], [ -3.497892513992778, 50.702570111915676 ] ] ] } },
{ "type": "Feature", "properties": { "max_height": 1.1920013427734375, "mean_height": 0.25772792100906372, "std_height": 0.35375908017158508, "count_pixels": 43, "percent_cover": 0.053038619515745074, "percent_above_0.1m": 46.511627906976742, "low_level_<0.5": 23.255813953488371, "mid_level_0.5-2": 23.255813953488371, "tall_2+": 0.0 }, "geometry": { "type": "Polygon", "coordinates": [ [ [ -3.49858248013186, 50.702669173155165 ], [ -3.498681702370513, 50.702703872402978 ], [ -3.498778630630045, 50.702666653604268 ], [ -3.498776336517507, 50.702594735649747 ], [ -3.498677114439996, 50.702560036472406 ], [ -3.498580186313879, 50.702597255179114 ], [ -3.49858248013186, 50.702669173155165 ] ] ] } },
{ "type": "Feature", "properties": { "max_height": 1.1527519226074219, "mean_height": 0.084099866449832916, "std_height": 0.28850331902503967, "count_pixels": 38, "percent_cover": 0.046871338176704948, "percent_above_0.1m": 7.8947368421052628, "low_level_<0.5": 0.0, "mid_level_0.5-2": 7.8947368421052628, "tall_2+": 0.0 }, "geometry": { "type": "Polygon", "coordinates": [ [ [ -3.498386329605944, 50.702671692377173 ], [ -3.498485551711183, 50.702706391800199 ], [ -3.498582480131859, 50.702669173155165 ], [ -3.498580186313879, 50.702597255179114 ], [ -3.498480964369779, 50.702562555826553 ], [ -3.49838403608252, 50.702599774379586 ], [ -3.498386329605944, 50.702671692377173 ] ] ] } },
{ "type": "Feature", "properties": { "max_height": 4.6052532196044922, "mean_height": 0.62980329990386963, "std_height": 1.2290047407150269, "count_pixels": 43, "percent_cover": 0.053038619515745074, "percent_above_0.1m": 30.232558139534881, "low_level_<0.5": 6.9767441860465116, "mid_level_0.5-2": 9.3023255813953494, "tall_2+": 13.953488372093023 }, "geometry": { "type": "Polygon", "coordinates": [ [ [ -3.498190179052303, 50.702674211270278 ], [ -3.498289401024125, 50.702708910868516 ], [ -3.498386329605944, 50.702671692377173 ], [ -3.49838403608252, 50.702599774379586 ], [ -3.498284814271835, 50.702565074851826 ], [ -3.498187885823437, 50.702602293251175 ], [ -3.498190179052303, 50.702674211270278 ] ] ] } },
{ "type": "Feature", "properties": { "max_height": 6.7835006713867188, "mean_height": 2.7235245704650879, "std_height": 2.2672832012176514, "count_pixels": 43, "percent_cover": 0.053038619515745074, "percent_above_0.1m": 86.04651162790698, "low_level_<0.5": 13.953488372093023, "mid_level_0.5-2": 16.279069767441861, "tall_2+": 55.813953488372093 }, "geometry": { "type": "Polygon", "coordinates": [ [ [ -3.497994028470939, 50.702676729834486 ], [ -3.498093250309343, 50.702711429607945 ], [ -3.498190179052302, 50.702674211270278 ], [ -3.498187885823436, 50.702602293251175 ], [ -3.498088664146167, 50.702567593548189 ], [ -3.49799173553663, 50.702604811793854 ], [ -3.497994028470939, 50.702676729834486 ] ] ] } },
{ "type": "Feature", "properties": { "max_height": 3.6255016326904297, "mean_height": 1.1423485279083252, "std_height": 1.0708842277526855, "count_pixels": 41, "percent_cover": 0.050571706980129021, "percent_above_0.1m": 68.292682926829272, "low_level_<0.5": 2.4390243902439024, "mid_level_0.5-2": 39.024390243902438, "tall_2+": 24.390243902439025 }, "geometry": { "type": "Polygon", "coordinates": [ [ [ -3.498487845395742, 50.702778309785025 ], [ -3.498587067795536, 50.702813009103309 ], [ -3.49868399634963, 50.702775790366289 ], [ -3.498681702370512, 50.702703872402978 ], [ -3.498582480131859, 50.702669173155165 ], [ -3.498485551711183, 50.702706391800199 ], [ -3.498487845395742, 50.702778309785025 ] ] ] } },
{ "type": "Feature", "properties": { "max_height": 8.4340019226074219, "mean_height": 2.6519401073455811, "std_height": 2.4444587230682373, "count_pixels": 41, "percent_cover": 0.050571706980129021, "percent_above_0.1m": 78.048780487804876, "low_level_<0.5": 7.3170731707317067, "mid_level_0.5-2": 24.390243902439025, "tall_2+": 46.341463414634148 }, "geometry": { "type": "Polygon", "coordinates": [ [ [ -3.498291694414126, 50.702780828874879 ], [ -3.498390916680504, 50.702815528368376 ], [ -3.498487845395742, 50.702778309785025 ], [ -3.498485551711183, 50.702706391800199 ], [ -3.498386329605944, 50.702671692377173 ], [ -3.498289401024125, 50.702708910868516 ], [ -3.498291694414126, 50.702780828874879 ] ] ] } }
]
}
