{
"type": "FeatureCollection",
"name": "a773aa515dd4_foliage",
"crs": { "type": "name", "properties": { "name": "urn:ogc:def:crs:OGC:1.3:CRS84" } },
"features": [
{ "type": "Feature", "properties": { "max_height": 2.5882568359375, "mean_height": 0.47264418005943298, "std_height": 0.52007782459259033, "count_pixels": 43, "percent_cover": 0.1773049645390071, "percent_above_0.1m": 76.744186046511629, "low_level_<0.5": 37.209302325581397, "mid_level_0.5-2": 34.883720930232556, "tall_2+": 2.3255813953488373 }, "geometry": { "type": "Polygon", "coordinates": [ [ [ -2.218811191448245, 53.81074421136568 ], [ -2.218916593224582, 53.810779970901869 ], [ -2.219021618101926, 53.810743827354017 ], [ -2.219021241027257, 53.810671924361976 ], [ -2.218915839431413, 53.810636164917071 ], [ -2.218810814729745, 53.810672308372908 ], [ -2.218811191448245, 53.81074421136568 ] ] ] } },
{ "type": "Feature", "properties": { "max_height": 2.644256591796875, "mean_height": 0.22992262244224548, "std_height": 0.59219640493392944, "count_pixels": 43, "percent_cover": 0.1773049645390071, "percent_above_0.1m": 25.581395348837212, "low_level_<0.5": 9.3023255813953494, "mid_level_0.5-2": 6.9767441860465116, "tall_2+": 4.6511627906976747 }, "geometry": { "type": "Polygon", "coordinates": [ [ [ -2.218600764789736, 53.810744595008153 ], [ -2.218706166390402, 53.810780354729296 ], [ -2.218811191448244, 53.81074421136568 ], [ -2.218810814729744, 53.810672308372908 ], [ -2.218705413309569, 53.810636548743041 ], [ -2.218600388427404, 53.810672692014656 ], [ -2.218600764789736, 53.810744595008153 ] ] ] } },
{ "type": "Feature", "properties": { "max_height": 2.766998291015625, "mean_height": 0.45987662672996521, "std_height": 0.75387179851531982, "count_pixels": 38, "percent_cover": 0.15668810819726209, "percent_above_0.1m": 44.736842105263158, "low_level_<0.5": 13.157894736842104, "mid_level_0.5-2": 18.421052631578945, "tall_2+": 7.8947368421052628 }, "geometry": { "type": "Polygon", "coordinates": [ [ [ -2.218390338126405, 53.810744978281427 ], [ -2.218495739551396, 53.810780738187532 ], [ -2.218600764789735, 53.810744595008153 ], [ -2.218600388427403, 53.810672692014656 ], [ -2.218494987182901, 53.81063693219982 ], [ -2.218389962120242, 53.810673075287212 ], [ -2.218390338126405, 53.810744978281427 ] ] ] } },
{ "type": "Feature", "properties": { "max_height": 3.1060028076171875, "mean_height": 0.42903828620910645, "std_height": 0.76756632328033447, "count_pixels": 42, "percent_cover": 0.17318159327065807, "percent_above_0.1m": 38.095238095238095, "low_level_<0.5": 11.904761904761903, "mid_level_0.5-2": 16.666666666666664, "tall_2+": 7.1428571428571423 }, "geometry": { "type": "Polygon", "coordinates": [ [ [ -2.219127397309092, 53.810851489695601 ], [ -2.219232799617264, 53.810887248953151 ], [ -2.219337824489781, 53.810851105129053 ], [ -2.219337446878452, 53.810779202139429 ], [ -2.219232044750779, 53.810743442973155 ], [ -2.219127020053935, 53.810779586705245 ], [ -2.219127397309092, 53.810851489695601 ] ] ] } },
{ "type": "Feature", "properties": { "max_height": 0.641021728515625, "mean_height": 0.099003486335277557, "std_height": 0.13216857612133026, "count_pixels": 41, "percent_cover": 0.16905822200230908, "percent_above_0.1m": 34.146341463414636, "low_level_<0.5": 21.951219512195124, "mid_level_0.5-2": 2.4390243902439024, "tall_2+": 0.0 }, "geometry": { "type": "Polygon", "coordinates": [ [ [ -2.21891697012357, 53.81085187389295 ], [ -2.219022372256072, 53.810887633335462 ], [ -2.219127397309091, 53.810851489695601 ], [ -2.219127020053934, 53.810779586705245 ], [ -2.219021618101927, 53.810743827354017 ], [ -2.218916593224583, 53.810779970901869 ], [ -2.21891697012357, 53.81085187389295 ] ] ] } },
{ "type": "Feature", "properties": { "max_height": 1.1612548828125, "mean_height": 0.074603945016860962, "std_height": 0.23123809695243835, "count_pixels": 41, "percent_cover": 0.16905822200230908, "percent_above_0.1m": 14.634146341463413, "low_level_<0.5": 9.7560975609756095, "mid_level_0.5-2": 4.8780487804878048, "tall_2+": 0.0 }, "geometry": { "type": "Polygon", "coordinates": [ [ [ -2.218706542933218, 53.810852257721116 ], [ -2.218811944890047, 53.810888017348589 ], [ -2.218916970123569, 53.81085187389295 ], [ -2.218916593224582, 53.810779970901869 ], [ -2.218811191448245, 53.81074421136568 ], [ -2.218706166390402, 53.810780354729296 ], [ -2.218706542933218, 53.810852257721116 ] ] ] } },
{ "type": "Feature", "properties": { "max_height": 0.33453369140625, "mean_height": 0.013827811926603317, "std_height": 0.055848143994808197, "count_pixels": 41, "percent_cover": 0.16905822200230908, "percent_above_0.1m": 4.8780487804878048, "low_level_<0.5": 2.4390243902439024, "mid_level_0.5-2": 0.0, "tall_2+": 0.0 }, "geometry": { "type": "Polygon", "coordinates": [ [ [ -2.218496115738041, 53.810852641180091 ], [ -2.218601517519197, 53.810888400992525 ], [ -2.218706542933217, 53.810852257721116 ], [ -2.218706166390402, 53.810780354729296 ], [ -2.218600764789736, 53.810744595008153 ], [ -2.218495739551396, 53.810780738187532 ], [ -2.218496115738041, 53.810852641180091 ] ] ] } },
{ "type": "Feature", "properties": { "max_height": 3.424530029296875, "mean_height": 0.1939435750246048, "std_height": 0.54371976852416992, "count_pixels": 42, "percent_cover": 0.17318159327065807, "percent_above_0.1m": 30.952380952380953, "low_level_<0.5": 14.285714285714285, "mid_level_0.5-2": 9.5238095238095237, "tall_2+": 2.3809523809523809 }, "geometry": { "type": "Polygon", "coordinates": [ [ [ -2.218285688538046, 53.810853024269868 ], [ -2.218391090143525, 53.810888784267263 ], [ -2.218496115738041, 53.810852641180091 ], [ -2.218495739551396, 53.810780738187532 ], [ -2.218390338126405, 53.810744978281427 ], [ -2.218285312707572, 53.810781121276584 ], [ -2.218285688538046, 53.810853024269868 ] ] ] } },
{ "type": "Feature", "properties": { "max_height": 5.904266357421875, "mean_height": 2.5483803749084473, "std_height": 2.0703272819519043, "count_pixels": 41, "percent_cover": 0.16905822200230908, "percent_above_0.1m": 92.682926829268297, "low_level_<0.5": 17.073170731707318, "mid_level_0.5-2": 19.512195121951219, "tall_2+": 53.658536585365859 }, "geometry": { "type": "Polygon", "coordinates": [ [ [ -2.220285315567108, 53.81095722448871 ], [ -2.22039071910976, 53.810992982727754 ], [ -2.220495743255388, 53.810956837890494 ], [ -2.220495363682701, 53.810884934906198 ], [ -2.220389960320559, 53.810849176758424 ], [ -2.220284936350594, 53.810885321503669 ], [ -2.220285315567108, 53.81095722448871 ] ] ] } },
{ "type": "Feature", "properties": { "max_height": 7.0010223388671875, "mean_height": 2.1049368381500244, "std_height": 1.7835867404937744, "count_pixels": 41, "percent_cover": 0.16905822200230908, "percent_above_0.1m": 97.560975609756099, "low_level_<0.5": 9.7560975609756095, "mid_level_0.5-2": 41.463414634146339, "tall_2+": 39.024390243902438 }, "geometry": { "type": "Polygon", "coordinates": [ [ [ -2.220074887873969, 53.810957610717722 ], [ -2.220180291240963, 53.810993369141734 ], [ -2.220285315567107, 53.81095722448871 ], [ -2.220284936350593, 53.810885321503669 ], [ -2.220179533164108, 53.81084956317094 ], [ -2.220074509013628, 53.810885707731963 ], [ -2.220074887873969, 53.810957610717722 ] ] ] } },
{ "type": "Feature", "properties": { "max_height": 4.89276123046875, "mean_height": 1.0780208110809326, "std_height": 1.3580955266952515, "count_pixels": 41, "percent_cover": 0.16905822200230908, "percent_above_0.1m": 78.048780487804876, "low_level_<0.5": 31.707317073170731, "mid_level_0.5-2": 24.390243902439025, "tall_2+": 17.073170731707318 }, "geometry": { "type": "Polygon", "coordinates": [ [ [ -2.219443604765442, 53.810958767189618 ], [ -2.219549007605448, 53.810994526168514 ], [ -2.21965403247313, 53.810958382068179 ], [ -2.219653654325136, 53.810886479080935 ], [ -2.219548251665632, 53.810850720193315 ], [ -2.21944322697362, 53.810886864201642 ], [ -2.219443604765442, 53.810958767189618 ] ] ] } },
{ "type": "Feature", "properties": { "max_height": 6.6130218505859375, "mean_height": 0.9287373423576355, "std_height": 1.5773928165435791, "count_pixels": 41, "percent_cover": 0.16905822200230908, "percent_above_0.1m": 48.780487804878049, "low_level_<0.5": 9.7560975609756095, "mid_level_0.5-2": 17.073170731707318, "tall_2+": 17.073170731707318 }, "geometry": { "type": "Polygon", "coordinates": [ [ [ -2.219233177052912, 53.810959151941859 ], [ -2.219338579717251, 53.810994911105716 ], [ -2.219443604765441, 53.810958767189618 ], [ -2.21944322697362, 53.810886864201642 ], [ -2.219337824489781, 53.810851105129053 ], [ -2.219232799617264, 53.810887248953151 ], [ -2.219233177052912, 53.810959151941859 ] ] ] } },
{ "type": "Feature", "properties": { "max_height": 0.85174560546875, "mean_height": 0.18003445863723755, "std_height": 0.25160893797874451, "count_pixels": 42, "percent_cover": 0.17318159327065807, "percent_above_0.1m": 35.714285714285715, "low_level_<0.5": 11.904761904761903, "mid_level_0.5-2": 16.666666666666664, "tall_2+": 0.0 }, "geometry": { "type": "Polygon", "coordinates": [ [ [ -2.219022749335546, 53.810959536324901 ], [ -2.219128151824215, 53.810995295673735 ], [ -2.219233177052911, 53.810959151941859 ], [ -2.219232799617263, 53.810887248953151 ], [ -2.219127397309091, 53.810851489695601 ], [ -2.219022372256072, 53.810887633335462 ], [ -2.219022749335546, 53.810959536324901 ] ] ] } },
{ "type": "Feature", "properties": { "max_height": 0.8815155029296875, "mean_height": 0.10189322382211685, "std_height": 0.21786691248416901, "count_pixels": 43, "percent_cover": 0.1773049645390071, "percent_above_0.1m": 20.930232558139537, "low_level_<0.5": 11.627906976744185, "mid_level_0.5-2": 9.3023255813953494, "tall_2+": 0.0 }, "geometry": { "type": "Polygon", "coordinates": [ [ [ -2.21881232161335, 53.810959920338753 ], [ -2.218917723926347, 53.810995679872555 ], [ -2.219022749335546, 53.810959536324901 ], [ -2.219022372256071, 53.810887633335462 ], [ -2.218916970123569, 53.81085187389295 ], [ -2.218811944890047, 53.810888017348589 ], [ -2.21881232161335, 53.810959920338753 ] ] ] } },
{ "type": "Feature", "properties": { "max_height": 4.173248291015625, "mean_height": 0.57212579250335693, "std_height": 0.95525175333023071, "count_pixels": 43, "percent_cover": 0.1773049645390071, "percent_above_0.1m": 39.534883720930232, "low_level_<0.5": 9.3023255813953494, "mid_level_0.5-2": 20.930232558139537, "tall_2+": 9.3023255813953494 }, "geometry": { "type": "Polygon", "coordinates": [ [ [ -2.218601893886326, 53.810960303983414 ], [ -2.218707296023648, 53.810996063702163 ], [ -2.218812321613349, 53.810959920338753 ], [ -2.218811944890047, 53.810888017348589 ], [ -2.218706542933217, 53.810852257721116 ], [ -2.218601517519197, 53.810888400992525 ], [ -2.218601893886326, 53.810960303983414 ] ] ] } },
{ "type": "Feature", "properties": { "max_height": 1.6227569580078125, "mean_height": 0.092457018792629242, "std_height": 0.28901630640029907, "count_pixels": 38, "percent_cover": 0.15668810819726209, "percent_above_0.1m": 13.157894736842104, "low_level_<0.5": 7.8947368421052628, "mid_level_0.5-2": 5.2631578947368416, "tall_2+": 0.0 }, "geometry": { "type": "Polygon", "coordinates": [ [ [ -2.21839146615448, 53.810960687258884 ], [ -2.218496868116126, 53.810996447162616 ], [ -2.218601893886325, 53.810960303983414 ], [ -2.218601517519196, 53.810888400992525 ], [ -2.218496115738041, 53.810852641180091 ], [ -2.218391090143525, 53.810888784267263 ], [ -2.21839146615448, 53.810960687258884 ] ] ] } },
{ "type": "Feature", "properties": { "max_height": 2.65850830078125, "mean_height": 0.6723138689994812, "std_height": 0.83688652515411377, "count_pixels": 42, "percent_cover": 0.17318159327065807, "percent_above_0.1m": 57.142857142857139, "low_level_<0.5": 16.666666666666664, "mid_level_0.5-2": 26.190476190476193, "tall_2+": 11.904761904761903 }, "geometry": { "type": "Polygon", "coordinates": [ [ [ -2.218181038417817, 53.810961070165156 ], [ -2.218286440203784, 53.810996830253835 ], [ -2.21839146615448, 53.810960687258884 ], [ -2.218391090143524, 53.810888784267263 ], [ -2.218285688538045, 53.810853024269868 ], [ -2.218180662763034, 53.810889167172803 ], [ -2.218181038417817, 53.810961070165156 ] ] ] } },
{ "type": "Feature", "properties": { "max_height": 12.099502563476562, "mean_height": 3.2110464572906494, "std_height": 3.7839798927307129, "count_pixels": 41, "percent_cover": 0.16905822200230908, "percent_above_0.1m": 80.487804878048792, "low_level_<0.5": 9.7560975609756095, "mid_level_0.5-2": 29.268292682926827, "tall_2+": 41.463414634146339 }, "geometry": { "type": "Polygon", "coordinates": [ [ [ -2.220601526726891, 53.811064498927202 ], [ -2.220706930801367, 53.811100256887613 ], [ -2.220811954942135, 53.811064111774094 ], [ -2.220811574832766, 53.810992208792207 ], [ -2.220706170938805, 53.810956450923086 ], [ -2.220601146973697, 53.810992595944576 ], [ -2.220601526726891, 53.811064498927202 ] ] ] } },
{ "type": "Feature", "properties": { "max_height": 8.91925048828125, "mean_height": 1.8747406005859375, "std_height": 2.4086558818817139, "count_pixels": 42, "percent_cover": 0.17318159327065807, "percent_above_0.1m": 76.19047619047619, "low_level_<0.5": 9.5238095238095237, "mid_level_0.5-2": 38.095238095238095, "tall_2+": 26.190476190476193 }, "geometry": { "type": "Polygon", "coordinates": [ [ [ -2.220391098506779, 53.811064885711126 ], [ -2.2204965024056, 53.811100643856491 ], [ -2.22060152672689, 53.811064498927202 ], [ -2.220601146973696, 53.810992595944576 ], [ -2.220495743255388, 53.810956837890494 ], [ -2.220390719109761, 53.810992982727754 ], [ -2.220391098506779, 53.811064885711126 ] ] ] } },
{ "type": "Feature", "properties": { "max_height": 3.552764892578125, "mean_height": 0.91988211870193481, "std_height": 0.89740723371505737, "count_pixels": 43, "percent_cover": 0.1773049645390071, "percent_above_0.1m": 83.720930232558146, "low_level_<0.5": 25.581395348837212, "mid_level_0.5-2": 41.860465116279073, "tall_2+": 16.279069767441861 }, "geometry": { "type": "Polygon", "coordinates": [ [ [ -2.220180670281807, 53.811065272125838 ], [ -2.22028607400497, 53.811101030456179 ], [ -2.220391098506779, 53.811064885711126 ], [ -2.22039071910976, 53.810992982727754 ], [ -2.220285315567108, 53.81095722448871 ], [ -2.220180291240963, 53.810993369141734 ], [ -2.220180670281807, 53.811065272125838 ] ] ] } },
{ "type": "Feature", "properties": { "max_height": 13.707260131835938, "mean_height": 2.6225855350494385, "std_height": 3.9079000949859619, "count_pixels": 42, "percent_cover": 0.17318159327065807, "percent_above_0.1m": 61.904761904761905, "low_level_<0.5": 11.904761904761903, "mid_level_0.5-2": 9.5238095238095237, "tall_2+": 33.333333333333329 }, "geometry": { "type": "Polygon", "coordinates": [ [ [ -2.219970242051977, 53.811065658171366 ], [ -2.22007564559948, 53.811101416686668 ], [ -2.220180670281806, 53.811065272125838 ], [ -2.220180291240963, 53.810993369141734 ], [ -2.220074887873969, 53.810957610717722 ], [ -2.21996986336731, 53.810993755186537 ], [ -2.219970242051977, 53.811065658171366 ] ] ] } },
{ "type": "Feature", "properties": { "max_height": 7.22601318359375, "mean_height": 2.1956276893615723, "std_height": 2.1478893756866455, "count_pixels": 38, "percent_cover": 0.15668810819726209, "percent_above_0.1m": 84.210526315789465, "low_level_<0.5": 5.2631578947368416, "mid_level_0.5-2": 44.736842105263158, "tall_2+": 34.210526315789473 }, "geometry": { "type": "Polygon", "coordinates": [ [ [ -2.219759813817296, 53.811066043847688 ], [ -2.219865217189136, 53.811101802547959 ], [ -2.219970242051976, 53.811065658171366 ], [ -2.219969863367308, 53.810993755186537 ], [ -2.219864460175974, 53.810957996577557 ], [ -2.219759435488803, 53.810994140862114 ], [ -2.219759813817296, 53.811066043847688 ] ] ] } },
{ "type": "Feature", "properties": { "max_height": 1.7255096435546875, "mean_height": 0.49300312995910645, "std_height": 0.50345075130462646, "count_pixels": 42, "percent_cover": 0.17318159327065807, "percent_above_0.1m": 69.047619047619051, "low_level_<0.5": 28.571428571428569, "mid_level_0.5-2": 38.095238095238095, "tall_2+": 0.0 }, "geometry": { "type": "Polygon", "coordinates": [ [ [ -2.219549385577766, 53.81106642915482 ], [ -2.219654788773941, 53.81110218804006 ], [ -2.219759813817295, 53.811066043847688 ], [ -2.219759435488802, 53.810994140862114 ], [ -2.219654032473131, 53.810958382068179 ], [ -2.219549007605448, 53.810994526168514 ], [ -2.219549385577766, 53.81106642915482 ] ] ] } },
{ "type": "Feature", "properties": { "max_height": 7.529266357421875, "mean_height": 1.1748700141906738, "std_height": 2.0581037998199463, "count_pixels": 43, "percent_cover": 0.1773049645390071, "percent_above_0.1m": 44.186046511627907, "low_level_<0.5": 6.9767441860465116, "mid_level_0.5-2": 16.279069767441861, "tall_2+": 18.604651162790699 }, "geometry": { "type": "Polygon", "coordinates": [ [ [ -2.219338957333393, 53.811066814092769 ], [ -2.219444360353902, 53.81110257316297 ], [ -2.219549385577765, 53.81106642915482 ], [ -2.219549007605448, 53.810994526168514 ], [ -2.219443604765442, 53.810958767189618 ], [ -2.219338579717252, 53.810994911105716 ], [ -2.219338957333393, 53.811066814092769 ] ] ] } },
{ "type": "Feature", "properties": { "max_height": 7.81500244140625, "mean_height": 0.67845445871353149, "std_height": 1.6610536575317383, "count_pixels": 42, "percent_cover": 0.17318159327065807, "percent_above_0.1m": 38.095238095238095, "low_level_<0.5": 21.428571428571427, "mid_level_0.5-2": 4.7619047619047619, "tall_2+": 9.5238095238095237 }, "geometry": { "type": "Polygon", "coordinates": [ [ [ -2.219128529084183, 53.811067198661505 ], [ -2.219233931929021, 53.811102957916674 ], [ -2.219338957333393, 53.811066814092769 ], [ -2.219338579717251, 53.810994911105716 ], [ -2.219233177052912, 53.810959151941859 ], [ -2.219128151824216, 53.810995295673735 ], [ -2.219128529084183, 53.811067198661505 ] ] ] } },
{ "type": "Feature", "properties": { "max_height": 1.7485198974609375, "mean_height": 0.30924615263938904, "std_height": 0.47081810235977173, "count_pixels": 41, "percent_cover": 0.16905822200230908, "percent_above_0.1m": 46.341463414634148, "low_level_<0.5": 12.195121951219512, "mid_level_0.5-2": 24.390243902439025, "tall_2+": 0.0 }, "geometry": { "type": "Polygon", "coordinates": [ [ [ -2.218918100830138, 53.811067582861057 ], [ -2.219023503499305, 53.81110334230118 ], [ -2.219128529084182, 53.811067198661505 ], [ -2.219128151824215, 53.810995295673735 ], [ -2.219022749335546, 53.810959536324901 ], [ -2.218917723926348, 53.810995679872555 ], [ -2.218918100830138, 53.811067582861057 ] ] ] } },
{ "type": "Feature", "properties": { "max_height": 2.82501220703125, "mean_height": 0.25904622673988342, "std_height": 0.6501118540763855, "count_pixels": 41, "percent_cover": 0.16905822200230908, "percent_above_0.1m": 17.073170731707318, "low_level_<0.5": 2.4390243902439024, "mid_level_0.5-2": 9.7560975609756095, "tall_2+": 4.8780487804878048 }, "geometry": { "type": "Polygon", "coordinates": [ [ [ -2.218707672571265, 53.811067966691411 ], [ -2.218813075064757, 53.811103726316496 ], [ -2.218918100830138, 53.811067582861057 ], [ -2.218917723926347, 53.810995679872555 ], [ -2.21881232161335, 53.810959920338753 ], [ -2.218707296023649, 53.810996063702163 ], [ -2.218707672571265, 53.811067966691411 ] ] ] } },
{ "type": "Feature", "properties": { "max_height": 0.08026123046875, "mean_height": 0.0046665840782225132, "std_height": 0.015110032632946968, "count_pixels": 41, "percent_cover": 0.16905822200230908, "percent_above_0.1m": 0.0, "low_level_<0.5": 0.0, "mid_level_0.5-2": 0.0, "tall_2+": 0.0 }, "geometry": { "type": "Polygon", "coordinates": [ [ [ -2.218497244307567, 53.81106835015256 ], [ -2.218602646625382, 53.811104109962599 ], [ -2.218707672571264, 53.811067966691411 ], [ -2.218707296023648, 53.810996063702163 ], [ -2.218601893886326, 53.810960303983414 ], [ -2.218496868116127, 53.810996447162616 ], [ -2.218497244307567, 53.81106835015256 ] ] ] } },
{ "type": "Feature", "properties": { "max_height": 0.9212493896484375, "mean_height": 0.10234178602695465, "std_height": 0.1990489661693573, "count_pixels": 42, "percent_cover": 0.17318159327065807, "percent_above_0.1m": 26.190476190476193, "low_level_<0.5": 14.285714285714285, "mid_level_0.5-2": 4.7619047619047619, "tall_2+": 0.0 }, "geometry": { "type": "Polygon", "coordinates": [ [ [ -2.218286816039049, 53.811068733244525 ], [ -2.218392218181185, 53.811104493239533 ], [ -2.218497244307566, 53.81106835015256 ], [ -2.218496868116126, 53.810996447162616 ], [ -2.21839146615448, 53.810960687258884 ], [ -2.218286440203785, 53.810996830253835 ], [ -2.218286816039049, 53.811068733244525 ] ] ] } },
{ "type": "Feature", "properties": { "max_height": 5.5460052490234375, "mean_height": 1.2811174392700195, "std_height": 1.2159674167633057, "count_pixels": 42, "percent_cover": 0.17318159327065807, "percent_above_0.1m": 85.714285714285708, "low_level_<0.5": 16.666666666666664, "mid_level_0.5-2": 47.619047619047613, "tall_2+": 21.428571428571427 }, "geometry": { "type": "Polygon", "coordinates": [ [ [ -2.221338596961675, 53.811170996744536 ], [ -2.221444001919277, 53.811206754056336 ], [ -2.221549025694117, 53.811170608298127 ], [ -2.221548644335704, 53.811098705320127 ], [ -2.221443239558627, 53.811062948099597 ], [ -2.221338215959439, 53.811099093765804 ], [ -2.221338596961675, 53.811170996744536 ] ] ] } },
{ "type": "Feature", "properties": { "max_height": 5.826751708984375, "mean_height": 2.0958504676818848, "std_height": 1.758747935295105, "count_pixels": 38, "percent_cover": 0.15668810819726209, "percent_above_0.1m": 76.31578947368422, "low_level_<0.5": 7.8947368421052628, "mid_level_0.5-2": 18.421052631578945, "tall_2+": 50.0 }, "geometry": { "type": "Polygon", "coordinates": [ [ [ -2.22112816822435, 53.811171384821733 ], [ -2.221233573006303, 53.811207142318516 ], [ -2.221338596961674, 53.811170996744536 ], [ -2.221338215959439, 53.811099093765804 ], [ -2.221232811358008, 53.811063336360291 ], [ -2.221127787578292, 53.811099481842255 ], [ -2.22112816822435, 53.811171384821733 ] ] ] } },
{ "type": "Feature", "properties": { "max_height": 5.7215118408203125, "mean_height": 0.97849076986312866, "std_height": 1.6550573110580444, "count_pixels": 43, "percent_cover": 0.1773049645390071, "percent_above_0.1m": 48.837209302325576, "low_level_<0.5": 11.627906976744185, "mid_level_0.5-2": 16.279069767441861, "tall_2+": 18.604651162790699 }, "geometry": { "type": "Polygon", "coordinates": [ [ [ -2.220917739482147, 53.811171772529747 ], [ -2.221023144088449, 53.811207530211497 ], [ -2.221128168224349, 53.811171384821733 ], [ -2.22112778757829, 53.811099481842255 ], [ -2.221022383152509, 53.811063724251795 ], [ -2.220917359192266, 53.811099869549544 ], [ -2.220917739482147, 53.811171772529747 ] ] ] } },
{ "type": "Feature", "properties": { "max_height": 8.46826171875, "mean_height": 1.0607718229293823, "std_height": 1.9841820001602173, "count_pixels": 43, "percent_cover": 0.1773049645390071, "percent_above_0.1m": 46.511627906976742, "low_level_<0.5": 4.6511627906976747, "mid_level_0.5-2": 20.930232558139537, "tall_2+": 16.279069767441861 }, "geometry": { "type": "Polygon", "coordinates": [ [ [ -2.220707310735071, 53.811172159868562 ], [ -2.22081271516572, 53.811207917735288 ], [ -2.220917739482146, 53.811171772529747 ], [ -2.220917359192265, 53.811099869549544 ], [ -2.220811954942135, 53.811064111774094 ], [ -2.220706930801367, 53.811100256887613 ], [ -2.220707310735071, 53.811172159868562 ] ] ] } },
{ "type": "Feature", "properties": { "max_height": 8.3037567138671875, "mean_height": 1.3875391483306885, "std_height": 2.1930756568908691, "count_pixels": 42, "percent_cover": 0.17318159327065807, "percent_above_0.1m": 57.142857142857139, "low_level_<0.5": 4.7619047619047619, "mid_level_0.5-2": 26.190476190476193, "tall_2+": 21.428571428571427 }, "geometry": { "type": "Polygon", "coordinates": [ [ [ -2.220496881983127, 53.811172546838193 ], [ -2.220602286238119, 53.811208304889867 ], [ -2.22070731073507, 53.811172159868562 ], [ -2.220706930801367, 53.811100256887613 ], [ -2.22060152672689, 53.811064498927202 ], [ -2.2204965024056, 53.811100643856491 ], [ -2.220496881983127, 53.811172546838193 ] ] ] } },
{ "type": "Feature", "properties": { "max_height": 4.2932586669921875, "mean_height": 0.48982536792755127, "std_height": 0.95888155698776245, "count_pixels": 41, "percent_cover": 0.16905822200230908, "percent_above_0.1m": 56.09756097560976, "low_level_<0.5": 17.073170731707318, "mid_level_0.5-2": 17.073170731707318, "tall_2+": 7.3170731707317067 }, "geometry": { "type": "Polygon", "coordinates": [ [ [ -2.220286453226318, 53.811172933438613 ], [ -2.220391857305653, 53.811208691675247 ], [ -2.220496881983126, 53.811172546838193 ], [ -2.2204965024056, 53.811100643856491 ], [ -2.220391098506779, 53.811064885711126 ], [ -2.22028607400497, 53.811101030456179 ], [ -2.220286453226318, 53.811172933438613 ] ] ] } },
{ "type": "Feature", "properties": { "max_height": 3.154022216796875, "mean_height": 0.55584532022476196, "std_height": 0.72101187705993652, "count_pixels": 41, "percent_cover": 0.16905822200230908, "percent_above_0.1m": 68.292682926829272, "low_level_<0.5": 34.146341463414636, "mid_level_0.5-2": 24.390243902439025, "tall_2+": 4.8780487804878048 }, "geometry": { "type": "Polygon", "coordinates": [ [ [ -2.220076024464651, 53.811173319669834 ], [ -2.220181428368325, 53.811209078091451 ], [ -2.220286453226318, 53.811172933438613 ], [ -2.220286074004969, 53.811101030456179 ], [ -2.220180670281806, 53.811065272125838 ], [ -2.22007564559948, 53.811101416686668 ], [ -2.220076024464651, 53.811173319669834 ] ] ] } },
{ "type": "Feature", "properties": { "max_height": 3.2420196533203125, "mean_height": 0.45728811621665955, "std_height": 0.67205286026000977, "count_pixels": 42, "percent_cover": 0.17318159327065807, "percent_above_0.1m": 59.523809523809526, "low_level_<0.5": 23.809523809523807, "mid_level_0.5-2": 26.190476190476193, "tall_2+": 4.7619047619047619 }, "geometry": { "type": "Polygon", "coordinates": [ [ [ -2.219865595698128, 53.811173705531864 ], [ -2.21997099942614, 53.811209464138443 ], [ -2.22007602446465, 53.811173319669834 ], [ -2.220075645599479, 53.811101416686668 ], [ -2.219970242051976, 53.811065658171366 ], [ -2.219865217189136, 53.811101802547959 ], [ -2.219865595698128, 53.811173705531864 ] ] ] } },
{ "type": "Feature", "properties": { "max_height": 4.5980072021484375, "mean_height": 0.46438997983932495, "std_height": 1.0030707120895386, "count_pixels": 42, "percent_cover": 0.17318159327065807, "percent_above_0.1m": 35.714285714285715, "low_level_<0.5": 11.904761904761903, "mid_level_0.5-2": 14.285714285714285, "tall_2+": 9.5238095238095237 }, "geometry": { "type": "Polygon", "coordinates": [ [ [ -2.219655166926757, 53.811174091024697 ], [ -2.219760570479103, 53.811209849816244 ], [ -2.219865595698128, 53.811173705531864 ], [ -2.219865217189135, 53.811101802547959 ], [ -2.219759813817295, 53.811066043847688 ], [ -2.219654788773941, 53.81110218804006 ], [ -2.219655166926757, 53.811174091024697 ] ] ] } },
{ "type": "Feature", "properties": { "max_height": 0.4327545166015625, "mean_height": 0.029562601819634438, "std_height": 0.086135372519493103, "count_pixels": 41, "percent_cover": 0.16905822200230908, "percent_above_0.1m": 9.7560975609756095, "low_level_<0.5": 7.3170731707317067, "mid_level_0.5-2": 0.0, "tall_2+": 0.0 }, "geometry": { "type": "Polygon", "coordinates": [ [ [ -2.219444738150539, 53.811174476148324 ], [ -2.219550141527218, 53.81121023512484 ], [ -2.219655166926756, 53.811174091024697 ], [ -2.21965478877394, 53.81110218804006 ], [ -2.219549385577765, 53.81106642915482 ], [ -2.219444360353902, 53.81110257316297 ], [ -2.219444738150539, 53.811174476148324 ] ] ] } },
{ "type": "Feature", "properties": { "max_height": 7.947509765625, "mean_height": 0.57094109058380127, "std_height": 1.5545744895935059, "count_pixels": 41, "percent_cover": 0.16905822200230908, "percent_above_0.1m": 24.390243902439025, "low_level_<0.5": 2.4390243902439024, "mid_level_0.5-2": 12.195121951219512, "tall_2+": 7.3170731707317067 }, "geometry": { "type": "Polygon", "coordinates": [ [ [ -2.219234309369481, 53.811174860902767 ], [ -2.21933971257049, 53.811210620064251 ], [ -2.219444738150538, 53.811174476148324 ], [ -2.219444360353901, 53.81110257316297 ], [ -2.219338957333393, 53.811066814092769 ], [ -2.219233931929021, 53.811102957916674 ], [ -2.219234309369481, 53.811174860902767 ] ] ] } },
{ "type": "Feature", "properties": { "max_height": 0.06951904296875, "mean_height": 0.0024741035886108875, "std_height": 0.020846603438258171, "count_pixels": 42, "percent_cover": 0.17318159327065807, "percent_above_0.1m": 0.0, "low_level_<0.5": 0.0, "mid_level_0.5-2": 0.0, "tall_2+": 0.0 }, "geometry": { "type": "Polygon", "coordinates": [ [ [ -2.219023880583587, 53.811175245288013 ], [ -2.219129283608925, 53.811211004634444 ], [ -2.21923430936948, 53.811174860902767 ], [ -2.21923393192902, 53.811102957916674 ], [ -2.219128529084182, 53.811067198661505 ], [ -2.219023503499305, 53.81110334230118 ], [ -2.219023880583587, 53.811175245288013 ] ] ] } },
{ "type": "Feature", "properties": { "max_height": 0.2062530517578125, "mean_height": 0.019462408497929573, "std_height": 0.048344466835260391, "count_pixels": 43, "percent_cover": 0.1773049645390071, "percent_above_0.1m": 4.6511627906976747, "low_level_<0.5": 2.3255813953488373, "mid_level_0.5-2": 0.0, "tall_2+": 0.0 }, "geometry": { "type": "Polygon", "coordinates": [ [ [ -2.218813451792861, 53.811175629304053 ], [ -2.218918854642524, 53.811211388835467 ], [ -2.219023880583586, 53.811175245288013 ], [ -2.219023503499304, 53.81110334230118 ], [ -2.218918100830138, 53.811067582861057 ], [ -2.218813075064757, 53.811103726316496 ], [ -2.218813451792861, 53.811175629304053 ] ] ] } },
{ "type": "Feature", "properties": { "max_height": 3.26702880859375, "mean_height": 0.2398018091917038, "std_height": 0.65682929754257202, "count_pixels": 43, "percent_cover": 0.1773049645390071, "percent_above_0.1m": 16.279069767441861, "low_level_<0.5": 4.6511627906976747, "mid_level_0.5-2": 9.3023255813953494, "tall_2+": 2.3255813953488373 }, "geometry": { "type": "Polygon", "coordinates": [ [ [ -2.218603022997309, 53.811176012950902 ], [ -2.218708425671295, 53.811211772667264 ], [ -2.21881345179286, 53.811175629304053 ], [ -2.218813075064756, 53.811103726316496 ], [ -2.218707672571264, 53.811067966691411 ], [ -2.218602646625382, 53.811104109962599 ], [ -2.218603022997309, 53.811176012950902 ] ] ] } },
{ "type": "Feature", "properties": { "max_height": 1.883514404296875, "mean_height": 0.18831956386566162, "std_height": 0.41453501582145691, "count_pixels": 38, "percent_cover": 0.15668810819726209, "percent_above_0.1m": 23.684210526315788, "low_level_<0.5": 7.8947368421052628, "mid_level_0.5-2": 13.157894736842104, "tall_2+": 0.0 }, "geometry": { "type": "Polygon", "coordinates": [ [ [ -2.218392594196934, 53.811176396228568 ], [ -2.218497996695242, 53.811212156129884 ], [ -2.218603022997308, 53.811176012950902 ], [ -2.218602646625381, 53.811104109962599 ], [ -2.218497244307566, 53.81106835015256 ], [ -2.218392218181185, 53.811104493239533 ], [ -2.218392594196934, 53.811176396228568 ] ] ] } },
{ "type": "Feature", "properties": { "max_height": 6.652496337890625, "mean_height": 1.1137601137161255, "std_height": 1.373492956161499, "count_pixels": 42, "percent_cover": 0.17318159327065807, "percent_above_0.1m": 73.80952380952381, "low_level_<0.5": 23.809523809523807, "mid_level_0.5-2": 28.571428571428569, "tall_2+": 21.428571428571427 }, "geometry": { "type": "Polygon", "coordinates": [ [ [ -2.218182165391742, 53.811176779137007 ], [ -2.218287567714369, 53.811212539223305 ], [ -2.218392594196933, 53.811176396228568 ], [ -2.218392218181185, 53.811104493239533 ], [ -2.218286816039049, 53.811068733244525 ], [ -2.218181789732172, 53.811104876147262 ], [ -2.218182165391742, 53.811176779137007 ] ] ] } },
{ "type": "Feature", "properties": { "max_height": 8.2760162353515625, "mean_height": 2.4146614074707031, "std_height": 1.7932628393173218, "count_pixels": 41, "percent_cover": 0.16905822200230908, "percent_above_0.1m": 97.560975609756099, "low_level_<0.5": 7.3170731707317067, "mid_level_0.5-2": 34.146341463414636, "tall_2+": 51.219512195121951 }, "geometry": { "type": "Polygon", "coordinates": [ [ [ -2.221444383102032, 53.811278657033405 ], [ -2.221549788415808, 53.811314414251527 ], [ -2.2216548123663, 53.811278268401296 ], [ -2.221654430827365, 53.811206365424958 ], [ -2.221549025694118, 53.811170608298127 ], [ -2.221444001919278, 53.811206754056336 ], [ -2.221444383102032, 53.811278657033405 ] ] ] } },
{ "type": "Feature", "properties": { "max_height": 9.086761474609375, "mean_height": 3.0324490070343018, "std_height": 2.543856143951416, "count_pixels": 42, "percent_cover": 0.17318159327065807, "percent_above_0.1m": 90.476190476190482, "low_level_<0.5": 4.7619047619047619, "mid_level_0.5-2": 26.190476190476193, "tall_2+": 59.523809523809526 }, "geometry": { "type": "Polygon", "coordinates": [ [ [ -2.221233953832879, 53.811279045296324 ], [ -2.221339358971005, 53.811314802699421 ], [ -2.221444383102031, 53.811278657033405 ], [ -2.221444001919277, 53.811206754056336 ], [ -2.221338596961675, 53.811170996744536 ], [ -2.221233573006304, 53.811207142318516 ], [ -2.221233953832879, 53.811279045296324 ] ] ] } },
{ "type": "Feature", "properties": { "max_height": 0.239501953125, "mean_height": 0.011594074778258801, "std_height": 0.048470225185155869, "count_pixels": 41, "percent_cover": 0.16905822200230908, "percent_above_0.1m": 2.4390243902439024, "low_level_<0.5": 2.4390243902439024, "mid_level_0.5-2": 0.0, "tall_2+": 0.0 }, "geometry": { "type": "Polygon", "coordinates": [ [ [ -2.221023524558845, 53.811279433190052 ], [ -2.22112892952132, 53.811315190778117 ], [ -2.221233953832878, 53.811279045296324 ], [ -2.221233573006303, 53.811207142318516 ], [ -2.22112816822435, 53.811171384821733 ], [ -2.22102314408845, 53.811207530211497 ], [ -2.221023524558845, 53.811279433190052 ] ] ] } },
{ "type": "Feature", "properties": { "max_height": 2.4950103759765625, "mean_height": 0.28068578243255615, "std_height": 0.55849528312683105, "count_pixels": 41, "percent_cover": 0.16905822200230908, "percent_above_0.1m": 29.268292682926827, "low_level_<0.5": 9.7560975609756095, "mid_level_0.5-2": 17.073170731707318, "tall_2+": 2.4390243902439024 }, "geometry": { "type": "Polygon", "coordinates": [ [ [ -2.220813095279936, 53.811279820714581 ], [ -2.220918500066758, 53.811315578487601 ], [ -2.221023524558844, 53.811279433190052 ], [ -2.221023144088449, 53.811207530211497 ], [ -2.220917739482147, 53.811171772529747 ], [ -2.22081271516572, 53.811207917735288 ], [ -2.220813095279936, 53.811279820714581 ] ] ] } },
{ "type": "Feature", "properties": { "max_height": 4.88201904296875, "mean_height": 0.66179412603378296, "std_height": 1.0839282274246216, "count_pixels": 41, "percent_cover": 0.16905822200230908, "percent_above_0.1m": 46.341463414634148, "low_level_<0.5": 7.3170731707317067, "mid_level_0.5-2": 24.390243902439025, "tall_2+": 9.7560975609756095 }, "geometry": { "type": "Polygon", "coordinates": [ [ [ -2.220602665996156, 53.811280207869899 ], [ -2.220708070607322, 53.811315965827895 ], [ -2.220813095279935, 53.811279820714581 ], [ -2.22081271516572, 53.811207917735288 ], [ -2.220707310735071, 53.811172159868562 ], [ -2.22060228623812, 53.811208304889867 ], [ -2.220602665996156, 53.811280207869899 ] ] ] } },
{ "type": "Feature", "properties": { "max_height": 9.183013916015625, "mean_height": 0.98815739154815674, "std_height": 1.9240826368331909, "count_pixels": 42, "percent_cover": 0.17318159327065807, "percent_above_0.1m": 57.142857142857139, "low_level_<0.5": 11.904761904761903, "mid_level_0.5-2": 21.428571428571427, "tall_2+": 11.904761904761903 }, "geometry": { "type": "Polygon", "coordinates": [ [ [ -2.22039223670751, 53.811280594656019 ], [ -2.220497641143018, 53.811316352798997 ], [ -2.220602665996155, 53.811280207869899 ], [ -2.220602286238119, 53.811208304889867 ], [ -2.220496881983127, 53.811172546838193 ], [ -2.220391857305653, 53.811208691675247 ], [ -2.22039223670751, 53.811280594656019 ] ] ] } },
{ "type": "Feature", "properties": { "max_height": 3.6110076904296875, "mean_height": 0.93067294359207153, "std_height": 0.97182732820510864, "count_pixels": 43, "percent_cover": 0.1773049645390071, "percent_above_0.1m": 79.069767441860463, "low_level_<0.5": 13.953488372093023, "mid_level_0.5-2": 41.860465116279073, "tall_2+": 16.279069767441861 }, "geometry": { "type": "Polygon", "coordinates": [ [ [ -2.220181807414002, 53.811280981072954 ], [ -2.22028721167385, 53.811316739400894 ], [ -2.220392236707509, 53.811280594656019 ], [ -2.220391857305653, 53.811208691675247 ], [ -2.220286453226318, 53.811172933438613 ], [ -2.220181428368326, 53.811209078091451 ], [ -2.220181807414002, 53.811280981072954 ] ] ] } },
{ "type": "Feature", "properties": { "max_height": 3.4620208740234375, "mean_height": 0.7564995288848877, "std_height": 1.1084535121917725, "count_pixels": 42, "percent_cover": 0.17318159327065807, "percent_above_0.1m": 54.761904761904766, "low_level_<0.5": 16.666666666666664, "mid_level_0.5-2": 14.285714285714285, "tall_2+": 19.047619047619047 }, "geometry": { "type": "Polygon", "coordinates": [ [ [ -2.219971378115637, 53.811281367120685 ], [ -2.220076782199822, 53.811317125633586 ], [ -2.220181807414001, 53.811280981072954 ], [ -2.220181428368325, 53.811209078091451 ], [ -2.220076024464651, 53.811173319669834 ], [ -2.219970999426141, 53.811209464138443 ], [ -2.219971378115637, 53.811281367120685 ] ] ] } },
{ "type": "Feature", "properties": { "max_height": 5.582763671875, "mean_height": 0.52848976850509644, "std_height": 1.1861453056335449, "count_pixels": 38, "percent_cover": 0.15668810819726209, "percent_above_0.1m": 36.84210526315789, "low_level_<0.5": 13.157894736842104, "mid_level_0.5-2": 10.526315789473683, "tall_2+": 10.526315789473683 }, "geometry": { "type": "Polygon", "coordinates": [ [ [ -2.21976094881242, 53.811281752799225 ], [ -2.21986635272094, 53.811317511497087 ], [ -2.219971378115636, 53.811281367120685 ], [ -2.21997099942614, 53.811209464138443 ], [ -2.219865595698128, 53.811173705531864 ], [ -2.219760570479104, 53.811209849816244 ], [ -2.21976094881242, 53.811281752799225 ] ] ] } },
{ "type": "Feature", "properties": { "max_height": 1.00726318359375, "mean_height": 0.041800361126661301, "std_height": 0.16324475407600403, "count_pixels": 42, "percent_cover": 0.17318159327065807, "percent_above_0.1m": 4.7619047619047619, "low_level_<0.5": 2.3809523809523809, "mid_level_0.5-2": 2.3809523809523809, "tall_2+": 0.0 }, "geometry": { "type": "Polygon", "coordinates": [ [ [ -2.219550519504355, 53.81128213810856 ], [ -2.219655923237208, 53.811317896991383 ], [ -2.219760948812419, 53.811281752799225 ], [ -2.219760570479103, 53.811209849816244 ], [ -2.219655166926757, 53.811174091024697 ], [ -2.219550141527219, 53.81121023512484 ], [ -2.219550519504355, 53.81128213810856 ] ] ] } },
{ "type": "Feature", "properties": { "max_height": 0.0787506103515625, "mean_height": 0.012080702930688858, "std_height": 0.022357337176799774, "count_pixels": 43, "percent_cover": 0.1773049645390071, "percent_above_0.1m": 0.0, "low_level_<0.5": 0.0, "mid_level_0.5-2": 0.0, "tall_2+": 0.0 }, "geometry": { "type": "Polygon", "coordinates": [ [ [ -2.219340090191447, 53.811282523048696 ], [ -2.219445493748631, 53.811318282116488 ], [ -2.219550519504355, 53.81128213810856 ], [ -2.219550141527218, 53.81121023512484 ], [ -2.219444738150539, 53.811174476148324 ], [ -2.219339712570492, 53.811210620064251 ], [ -2.219340090191447, 53.811282523048696 ] ] ] } },
{ "type": "Feature", "properties": { "max_height": 0.1500091552734375, "mean_height": 0.04236748069524765, "std_height": 0.042164824903011322, "count_pixels": 42, "percent_cover": 0.17318159327065807, "percent_above_0.1m": 11.904761904761903, "low_level_<0.5": 2.3809523809523809, "mid_level_0.5-2": 0.0, "tall_2+": 0.0 }, "geometry": { "type": "Polygon", "coordinates": [ [ [ -2.219129660873701, 53.811282907619635 ], [ -2.219235064255213, 53.811318666872396 ], [ -2.219340090191446, 53.811282523048696 ], [ -2.21933971257049, 53.811210620064251 ], [ -2.219234309369481, 53.811174860902767 ], [ -2.219129283608925, 53.811211004634444 ], [ -2.219129660873701, 53.811282907619635 ] ] ] } },
{ "type": "Feature", "properties": { "max_height": 3.2832489013671875, "mean_height": 0.41427910327911377, "std_height": 0.83810174465179443, "count_pixels": 41, "percent_cover": 0.16905822200230908, "percent_above_0.1m": 31.707317073170731, "low_level_<0.5": 7.3170731707317067, "mid_level_0.5-2": 14.634146341463413, "tall_2+": 7.3170731707317067 }, "geometry": { "type": "Polygon", "coordinates": [ [ [ -2.218919231551121, 53.811283291821361 ], [ -2.219024634756958, 53.811319051259105 ], [ -2.2191296608737, 53.811282907619635 ], [ -2.219129283608925, 53.811211004634444 ], [ -2.219023880583587, 53.811175245288013 ], [ -2.218918854642525, 53.811211388835467 ], [ -2.218919231551121, 53.811283291821361 ] ] ] } },
{ "type": "Feature", "properties": { "max_height": 2.9560089111328125, "mean_height": 0.74710828065872192, "std_height": 0.78995388746261597, "count_pixels": 41, "percent_cover": 0.16905822200230908, "percent_above_0.1m": 73.170731707317074, "low_level_<0.5": 21.951219512195124, "mid_level_0.5-2": 39.024390243902438, "tall_2+": 9.7560975609756095 }, "geometry": { "type": "Polygon", "coordinates": [ [ [ -2.218708802223712, 53.811283675653904 ], [ -2.218814205253873, 53.811319435276609 ], [ -2.21891923155112, 53.811283291821361 ], [ -2.218918854642524, 53.811211388835467 ], [ -2.218813451792861, 53.811175629304053 ], [ -2.218708425671296, 53.811211772667264 ], [ -2.218708802223712, 53.811283675653904 ] ] ] } },
{ "type": "Feature", "properties": { "max_height": 2.735260009765625, "mean_height": 0.53371632099151611, "std_height": 0.6210748553276062, "count_pixels": 41, "percent_cover": 0.16905822200230908, "percent_above_0.1m": 70.731707317073173, "low_level_<0.5": 31.707317073170731, "mid_level_0.5-2": 34.146341463414636, "tall_2+": 2.4390243902439024 }, "geometry": { "type": "Polygon", "coordinates": [ [ [ -2.218498372891478, 53.811284059117256 ], [ -2.21860377574596, 53.811319818924908 ], [ -2.218708802223711, 53.811283675653904 ], [ -2.218708425671295, 53.811211772667264 ], [ -2.218603022997309, 53.811176012950902 ], [ -2.218497996695243, 53.811212156129884 ], [ -2.218498372891478, 53.811284059117256 ] ] ] } },
{ "type": "Feature", "properties": { "max_height": 12.29400634765625, "mean_height": 3.0178382396697998, "std_height": 3.5300343036651611, "count_pixels": 42, "percent_cover": 0.17318159327065807, "percent_above_0.1m": 78.571428571428569, "low_level_<0.5": 7.1428571428571423, "mid_level_0.5-2": 21.428571428571427, "tall_2+": 50.0 }, "geometry": { "type": "Polygon", "coordinates": [ [ [ -2.221339739978099, 53.811386705675567 ], [ -2.221445145472401, 53.811422462984943 ], [ -2.221550169779082, 53.811386317226926 ], [ -2.221549788415807, 53.811314414251527 ], [ -2.221444383102031, 53.811278657033405 ], [ -2.221339358971005, 53.811314802699421 ], [ -2.221339739978099, 53.811386705675567 ] ] ] } },
{ "type": "Feature", "properties": { "max_height": 4.2005157470703125, "mean_height": 0.56192415952682495, "std_height": 1.0881351232528687, "count_pixels": 38, "percent_cover": 0.15668810819726209, "percent_above_0.1m": 36.84210526315789, "low_level_<0.5": 15.789473684210526, "mid_level_0.5-2": 5.2631578947368416, "tall_2+": 15.789473684210526 }, "geometry": { "type": "Polygon", "coordinates": [ [ [ -2.221129310172232, 53.811387093754995 ], [ -2.221234715490884, 53.811422851249361 ], [ -2.221339739978098, 53.811386705675567 ], [ -2.221339358971004, 53.811314802699421 ], [ -2.221233953832878, 53.811279045296324 ], [ -2.22112892952132, 53.811315190778117 ], [ -2.221129310172232, 53.811387093754995 ] ] ] } },
{ "type": "Feature", "properties": { "max_height": 0.0417633056640625, "mean_height": 0.0052713793702423573, "std_height": 0.014708974398672581, "count_pixels": 43, "percent_cover": 0.1773049645390071, "percent_above_0.1m": 0.0, "low_level_<0.5": 0.0, "mid_level_0.5-2": 0.0, "tall_2+": 0.0 }, "geometry": { "type": "Polygon", "coordinates": [ [ [ -2.220918880361487, 53.811387481465218 ], [ -2.221024285504486, 53.811423239144553 ], [ -2.221129310172231, 53.811387093754995 ], [ -2.221128929521319, 53.811315190778117 ], [ -2.221023524558844, 53.811279433190052 ], [ -2.220918500066758, 53.811315578487601 ], [ -2.220918880361487, 53.811387481465218 ] ] ] } },
{ "type": "Feature", "properties": { "max_height": 0.58251953125, "mean_height": 0.10116470605134964, "std_height": 0.1472942978143692, "count_pixels": 43, "percent_cover": 0.1773049645390071, "percent_above_0.1m": 30.232558139534881, "low_level_<0.5": 20.930232558139537, "mid_level_0.5-2": 2.3255813953488373, "tall_2+": 0.0 }, "geometry": { "type": "Polygon", "coordinates": [ [ [ -2.220708450545869, 53.811387868806257 ], [ -2.220813855513212, 53.811423626670553 ], [ -2.220918880361486, 53.811387481465218 ], [ -2.220918500066757, 53.811315578487601 ], [ -2.220813095279935, 53.811279820714581 ], [ -2.220708070607322, 53.811315965827895 ], [ -2.220708450545869, 53.811387868806257 ] ] ] } },
{ "type": "Feature", "properties": { "max_height": 0.103271484375, "mean_height": 0.012537638656795025, "std_height": 0.027114938944578171, "count_pixels": 42, "percent_cover": 0.17318159327065807, "percent_above_0.1m": 4.7619047619047619, "low_level_<0.5": 0.0, "mid_level_0.5-2": 0.0, "tall_2+": 0.0 }, "geometry": { "type": "Polygon", "coordinates": [ [ [ -2.220498020725383, 53.811388255778091 ], [ -2.220603425517067, 53.811424013827363 ], [ -2.220708450545869, 53.811387868806257 ], [ -2.220708070607321, 53.811315965827895 ], [ -2.220602665996155, 53.811280207869899 ], [ -2.220497641143018, 53.811316352798997 ], [ -2.220498020725383, 53.811388255778091 ] ] ] } },
{ "type": "Feature", "properties": { "max_height": 0.406005859375, "mean_height": 0.046747345477342606, "std_height": 0.092409320175647736, "count_pixels": 41, "percent_cover": 0.16905822200230908, "percent_above_0.1m": 19.512195121951219, "low_level_<0.5": 7.3170731707317067, "mid_level_0.5-2": 0.0, "tall_2+": 0.0 }, "geometry": { "type": "Polygon", "coordinates": [ [ [ -2.220287590900033, 53.811388642380727 ], [ -2.220392995516057, 53.811424400614968 ], [ -2.220498020725382, 53.811388255778091 ], [ -2.220497641143017, 53.811316352798997 ], [ -2.220392236707509, 53.811280594656019 ], [ -2.22028721167385, 53.811316739400894 ], [ -2.220287590900033, 53.811388642380727 ] ] ] } },
{ "type": "Feature", "properties": { "max_height": 0.197265625, "mean_height": 0.02108355239033699, "std_height": 0.041317250579595566, "count_pixels": 41, "percent_cover": 0.16905822200230908, "percent_above_0.1m": 4.8780487804878048, "low_level_<0.5": 2.4390243902439024, "mid_level_0.5-2": 0.0, "tall_2+": 0.0 }, "geometry": { "type": "Polygon", "coordinates": [ [ [ -2.220077161069823, 53.811389028614165 ], [ -2.220182565510185, 53.811424787033367 ], [ -2.220287590900032, 53.811388642380727 ], [ -2.220287211673849, 53.811316739400894 ], [ -2.220181807414001, 53.811280981072954 ], [ -2.220076782199822, 53.811317125633586 ], [ -2.220077161069823, 53.811389028614165 ] ] ] } },
{ "type": "Feature", "properties": { "max_height": 1.079254150390625, "mean_height": 0.1139737069606781, "std_height": 0.19431595504283905, "count_pixels": 42, "percent_cover": 0.17318159327065807, "percent_above_0.1m": 26.190476190476193, "low_level_<0.5": 19.047619047619047, "mid_level_0.5-2": 2.3809523809523809, "tall_2+": 0.0 }, "geometry": { "type": "Polygon", "coordinates": [ [ [ -2.219866731234759, 53.811389414478398 ], [ -2.219972135499455, 53.811425173082576 ], [ -2.220077161069823, 53.811389028614165 ], [ -2.220076782199822, 53.811317125633586 ], [ -2.219971378115636, 53.811281367120685 ], [ -2.21986635272094, 53.811317511497087 ], [ -2.219866731234759, 53.811389414478398 ] ] ] } },
{ "type": "Feature", "properties": { "max_height": 0.11126708984375, "mean_height": 0.011456080712378025, "std_height": 0.025753295049071312, "count_pixels": 42, "percent_cover": 0.17318159327065807, "percent_above_0.1m": 2.3809523809523809, "low_level_<0.5": 0.0, "mid_level_0.5-2": 0.0, "tall_2+": 0.0 }, "geometry": { "type": "Polygon", "coordinates": [ [ [ -2.219656301394845, 53.811389799973433 ], [ -2.219761705483874, 53.811425558762572 ], [ -2.219866731234758, 53.811389414478398 ], [ -2.219866352720939, 53.811317511497087 ], [ -2.219760948812419, 53.811281752799225 ], [ -2.219655923237208, 53.811317896991383 ], [ -2.219656301394845, 53.811389799973433 ] ] ] } },
{ "type": "Feature", "properties": { "max_height": 10.95550537109375, "mean_height": 1.9429116249084473, "std_height": 3.3725240230560303, "count_pixels": 41, "percent_cover": 0.16905822200230908, "percent_above_0.1m": 51.219512195121951, "low_level_<0.5": 14.634146341463413, "mid_level_0.5-2": 12.195121951219512, "tall_2+": 24.390243902439025 }, "geometry": { "type": "Polygon", "coordinates": [ [ [ -2.219445871550084, 53.811390185099256 ], [ -2.219551275463444, 53.811425944073378 ], [ -2.219656301394844, 53.811389799973433 ], [ -2.219655923237208, 53.811317896991383 ], [ -2.219550519504355, 53.81128213810856 ], [ -2.219445493748631, 53.811318282116488 ], [ -2.219445871550084, 53.811390185099256 ] ] ] } },
{ "type": "Feature", "properties": { "max_height": 5.6275177001953125, "mean_height": 0.43859604001045227, "std_height": 1.2694529294967651, "count_pixels": 41, "percent_cover": 0.16905822200230908, "percent_above_0.1m": 24.390243902439025, "low_level_<0.5": 2.4390243902439024, "mid_level_0.5-2": 4.8780487804878048, "tall_2+": 7.3170731707317067 }, "geometry": { "type": "Polygon", "coordinates": [ [ [ -2.219235441700484, 53.811390569855895 ], [ -2.219340845438172, 53.811426329014978 ], [ -2.219445871550084, 53.811390185099256 ], [ -2.21944549374863, 53.811318282116488 ], [ -2.219340090191446, 53.811282523048696 ], [ -2.219235064255213, 53.811318666872396 ], [ -2.219235441700484, 53.811390569855895 ] ] ] } },
{ "type": "Feature", "properties": { "max_height": 0.173248291015625, "mean_height": 0.037633985280990601, "std_height": 0.042419765144586563, "count_pixels": 42, "percent_cover": 0.17318159327065807, "percent_above_0.1m": 7.1428571428571423, "low_level_<0.5": 2.3809523809523809, "mid_level_0.5-2": 0.0, "tall_2+": 0.0 }, "geometry": { "type": "Polygon", "coordinates": [ [ [ -2.219025011846048, 53.811390954243336 ], [ -2.219130415408061, 53.81142671358738 ], [ -2.219235441700483, 53.811390569855895 ], [ -2.219235064255212, 53.811318666872396 ], [ -2.2191296608737, 53.811282907619635 ], [ -2.219024634756958, 53.811319051259105 ], [ -2.219025011846048, 53.811390954243336 ] ] ] } },
{ "type": "Feature", "properties": { "max_height": 2.9050140380859375, "mean_height": 0.48106065392494202, "std_height": 0.7051665186882019, "count_pixels": 43, "percent_cover": 0.1773049645390071, "percent_above_0.1m": 48.837209302325576, "low_level_<0.5": 13.953488372093023, "mid_level_0.5-2": 27.906976744186046, "tall_2+": 2.3255813953488373 }, "geometry": { "type": "Polygon", "coordinates": [ [ [ -2.218814581986779, 53.811391338261572 ], [ -2.218919985373116, 53.811427097790585 ], [ -2.219025011846047, 53.811390954243336 ], [ -2.219024634756957, 53.811319051259105 ], [ -2.21891923155112, 53.811283291821361 ], [ -2.218814205253873, 53.811319435276609 ], [ -2.218814581986779, 53.811391338261572 ] ] ] } },
{ "type": "Feature", "properties": { "max_height": 4.502777099609375, "mean_height": 0.45410230755805969, "std_height": 0.93321847915649414, "count_pixels": 41, "percent_cover": 0.16905822200230908, "percent_above_0.1m": 39.024390243902438, "low_level_<0.5": 14.634146341463413, "mid_level_0.5-2": 17.073170731707318, "tall_2+": 4.8780487804878048 }, "geometry": { "type": "Polygon", "coordinates": [ [ [ -2.221445526660017, 53.811494365959433 ], [ -2.221550932510498, 53.811530123175132 ], [ -2.221655956992834, 53.811493977325085 ], [ -2.221655575449034, 53.811422074351348 ], [ -2.221550169779083, 53.811386317226926 ], [ -2.221445145472402, 53.811422462984943 ], [ -2.221445526660017, 53.811494365959433 ] ] ] } },
{ "type": "Feature", "properties": { "max_height": 6.249755859375, "mean_height": 1.6061397790908813, "std_height": 1.5186951160430908, "count_pixels": 42, "percent_cover": 0.17318159327065807, "percent_above_0.1m": 78.571428571428569, "low_level_<0.5": 4.7619047619047619, "mid_level_0.5-2": 35.714285714285715, "tall_2+": 33.333333333333329 }, "geometry": { "type": "Polygon", "coordinates": [ [ [ -2.221235096322316, 53.811494754224569 ], [ -2.221340501997145, 53.81153051162525 ], [ -2.221445526660017, 53.811494365959433 ], [ -2.221445145472401, 53.811422462984943 ], [ -2.221339739978099, 53.811386705675567 ], [ -2.221234715490885, 53.811422851249361 ], [ -2.221235096322316, 53.811494754224569 ] ] ] } },
{ "type": "Feature", "properties": { "max_height": 0.0565032958984375, "mean_height": 0.010155654512345791, "std_height": 0.018842082470655441, "count_pixels": 41, "percent_cover": 0.16905822200230908, "percent_above_0.1m": 0.0, "low_level_<0.5": 0.0, "mid_level_0.5-2": 0.0, "tall_2+": 0.0 }, "geometry": { "type": "Polygon", "coordinates": [ [ [ -2.221024665979733, 53.811495142120513 ], [ -2.221130071478909, 53.81153089970617 ], [ -2.221235096322314, 53.811494754224569 ], [ -2.221234715490884, 53.811422851249361 ], [ -2.221129310172232, 53.811387093754995 ], [ -2.221024285504486, 53.811423239144553 ], [ -2.221024665979733, 53.811495142120513 ] ] ] } },
{ "type": "Feature", "properties": { "max_height": 0.807769775390625, "mean_height": 0.14503814280033112, "std_height": 0.21266993880271912, "count_pixels": 41, "percent_cover": 0.16905822200230908, "percent_above_0.1m": 39.024390243902438, "low_level_<0.5": 19.512195121951219, "mid_level_0.5-2": 9.7560975609756095, "tall_2+": 0.0 }, "geometry": { "type": "Polygon", "coordinates": [ [ [ -2.220814235632275, 53.81149552964726 ], [ -2.220919640955795, 53.811531287417878 ], [ -2.221024665979732, 53.811495142120513 ], [ -2.221024285504486, 53.811423239144553 ], [ -2.220918880361487, 53.811387481465218 ], [ -2.220813855513213, 53.811423626670553 ], [ -2.220814235632275, 53.81149552964726 ] ] ] } },
{ "type": "Feature", "properties": { "max_height": 0.1045074462890625, "mean_height": 0.0056870621629059315, "std_height": 0.024021018296480179, "count_pixels": 41, "percent_cover": 0.16905822200230908, "percent_above_0.1m": 2.4390243902439024, "low_level_<0.5": 0.0, "mid_level_0.5-2": 0.0, "tall_2+": 0.0 }, "geometry": { "type": "Polygon", "coordinates": [ [ [ -2.220603805279946, 53.811495916804802 ], [ -2.220709210427809, 53.811531674760396 ], [ -2.220814235632274, 53.81149552964726 ], [ -2.220813855513212, 53.811423626670553 ], [ -2.220708450545869, 53.811387868806257 ], [ -2.220603425517068, 53.811424013827363 ], [ -2.220603805279946, 53.811495916804802 ] ] ] } },
{ "type": "Feature", "properties": { "max_height": 0.074005126953125, "mean_height": 0.00884246826171875, "std_height": 0.019113250076770782, "count_pixels": 42, "percent_cover": 0.17318159327065807, "percent_above_0.1m": 0.0, "low_level_<0.5": 0.0, "mid_level_0.5-2": 0.0, "tall_2+": 0.0 }, "geometry": { "type": "Polygon", "coordinates": [ [ [ -2.220393374922751, 53.811496303593138 ], [ -2.220498779894954, 53.811532061733708 ], [ -2.220603805279945, 53.811495916804802 ], [ -2.220603425517067, 53.811424013827363 ], [ -2.220498020725383, 53.811388255778091 ], [ -2.220392995516058, 53.811424400614968 ], [ -2.220393374922751, 53.811496303593138 ] ] ] } },
{ "type": "Feature", "properties": { "max_height": 0.4352569580078125, "mean_height": 0.062485095113515854, "std_height": 0.10661394149065018, "count_pixels": 43, "percent_cover": 0.1773049645390071, "percent_above_0.1m": 20.930232558139537, "low_level_<0.5": 11.627906976744185, "mid_level_0.5-2": 0.0, "tall_2+": 0.0 }, "geometry": { "type": "Polygon", "coordinates": [ [ [ -2.220182944560694, 53.811496690012291 ], [ -2.220288349357234, 53.811532448337815 ], [ -2.220393374922749, 53.811496303593138 ], [ -2.220392995516057, 53.811424400614968 ], [ -2.220287590900033, 53.811388642380727 ], [ -2.220182565510186, 53.811424787033367 ], [ -2.220182944560694, 53.811496690012291 ] ] ] } },
{ "type": "Feature", "properties": { "max_height": 0.53326416015625, "mean_height": 0.0304747074842453, "std_height": 0.096323184669017792, "count_pixels": 42, "percent_cover": 0.17318159327065807, "percent_above_0.1m": 9.5238095238095237, "low_level_<0.5": 2.3809523809523809, "mid_level_0.5-2": 2.3809523809523809, "tall_2+": 0.0 }, "geometry": { "type": "Polygon", "coordinates": [ [ [ -2.21997251419378, 53.811497076062217 ], [ -2.220077918814655, 53.811532834572716 ], [ -2.220182944560693, 53.811496690012291 ], [ -2.220182565510185, 53.811424787033367 ], [ -2.220077161069823, 53.811389028614165 ], [ -2.219972135499456, 53.811425173082576 ], [ -2.21997251419378, 53.811497076062217 ] ] ] } },
{ "type": "Feature", "properties": { "max_height": 0.65802001953125, "mean_height": 0.033771716058254242, "std_height": 0.11037181317806244, "count_pixels": 38, "percent_cover": 0.15668810819726209, "percent_above_0.1m": 7.8947368421052628, "low_level_<0.5": 2.6315789473684208, "mid_level_0.5-2": 2.6315789473684208, "tall_2+": 0.0 }, "geometry": { "type": "Polygon", "coordinates": [ [ [ -2.219762083822014, 53.81149746174296 ], [ -2.219867488267222, 53.81153322043842 ], [ -2.219972514193779, 53.811497076062217 ], [ -2.219972135499455, 53.811425173082576 ], [ -2.219866731234759, 53.811389414478398 ], [ -2.219761705483875, 53.811425558762572 ], [ -2.219762083822014, 53.81149746174296 ] ] ] } },
{ "type": "Feature", "properties": { "max_height": 1.39300537109375, "mean_height": 0.11209942400455475, "std_height": 0.29116746783256531, "count_pixels": 42, "percent_cover": 0.17318159327065807, "percent_above_0.1m": 16.666666666666664, "low_level_<0.5": 2.3809523809523809, "mid_level_0.5-2": 11.904761904761903, "tall_2+": 0.0 }, "geometry": { "type": "Polygon", "coordinates": [ [ [ -2.2195516534454, 53.811497847054497 ], [ -2.219657057714938, 53.811533605934933 ], [ -2.219762083822013, 53.81149746174296 ], [ -2.219761705483874, 53.811425558762572 ], [ -2.219656301394845, 53.811389799973433 ], [ -2.219551275463445, 53.811425944073378 ], [ -2.2195516534454, 53.811497847054497 ] ] ] } },
{ "type": "Feature", "properties": { "max_height": 2.6925201416015625, "mean_height": 0.2865753173828125, "std_height": 0.71721398830413818, "count_pixels": 43, "percent_cover": 0.1773049645390071, "percent_above_0.1m": 16.279069767441861, "low_level_<0.5": 0.0, "mid_level_0.5-2": 9.3023255813953494, "tall_2+": 6.9767441860465116 }, "geometry": { "type": "Polygon", "coordinates": [ [ [ -2.219341223063942, 53.811498231996836 ], [ -2.219446627157809, 53.811533991062234 ], [ -2.219551653445399, 53.811497847054497 ], [ -2.219551275463444, 53.811425944073378 ], [ -2.219445871550084, 53.811390185099256 ], [ -2.219340845438173, 53.811426329014978 ], [ -2.219341223063942, 53.811498231996836 ] ] ] } },
{ "type": "Feature", "properties": { "max_height": 2.3710174560546875, "mean_height": 0.36883074045181274, "std_height": 0.71218001842498779, "count_pixels": 42, "percent_cover": 0.17318159327065807, "percent_above_0.1m": 26.190476190476193, "low_level_<0.5": 2.3809523809523809, "mid_level_0.5-2": 14.285714285714285, "tall_2+": 9.5238095238095237 }, "geometry": { "type": "Polygon", "coordinates": [ [ [ -2.219130792677646, 53.811498616569963 ], [ -2.219236196595839, 53.81153437582033 ], [ -2.219341223063942, 53.811498231996836 ], [ -2.219340845438172, 53.811426329014978 ], [ -2.219235441700484, 53.811390569855895 ], [ -2.219130415408062, 53.81142671358738 ], [ -2.219130792677646, 53.811498616569963 ] ] ] } },
{ "type": "Feature", "properties": { "max_height": 2.795745849609375, "mean_height": 0.62996023893356323, "std_height": 0.84701800346374512, "count_pixels": 41, "percent_cover": 0.16905822200230908, "percent_above_0.1m": 63.414634146341463, "low_level_<0.5": 24.390243902439025, "mid_level_0.5-2": 19.512195121951219, "tall_2+": 14.634146341463413 }, "geometry": { "type": "Polygon", "coordinates": [ [ [ -2.218920362286517, 53.8114990007739 ], [ -2.219025766029033, 53.811534760209227 ], [ -2.219130792677646, 53.811498616569963 ], [ -2.219130415408061, 53.81142671358738 ], [ -2.219025011846048, 53.811390954243336 ], [ -2.218919985373117, 53.811427097790585 ], [ -2.218920362286517, 53.8114990007739 ] ] ] } },
{ "type": "Feature", "properties": { "max_height": 6.7845001220703125, "mean_height": 1.549933910369873, "std_height": 1.4311066865921021, "count_pixels": 43, "percent_cover": 0.1773049645390071, "percent_above_0.1m": 86.04651162790698, "low_level_<0.5": 13.953488372093023, "mid_level_0.5-2": 37.209302325581397, "tall_2+": 32.558139534883722 }, "geometry": { "type": "Polygon", "coordinates": [ [ [ -2.221551313878637, 53.811602026147938 ], [ -2.221656720085298, 53.811637783269951 ], [ -2.22176174474329, 53.811601637327875 ], [ -2.221761363018964, 53.811529734355815 ], [ -2.221655956992834, 53.811493977325085 ], [ -2.221550932510498, 53.811530123175132 ], [ -2.221551313878637, 53.811602026147938 ] ] ] } },
{ "type": "Feature", "properties": { "max_height": 6.664764404296875, "mean_height": 2.4015078544616699, "std_height": 1.919953465461731, "count_pixels": 42, "percent_cover": 0.17318159327065807, "percent_above_0.1m": 83.333333333333343, "low_level_<0.5": 7.1428571428571423, "mid_level_0.5-2": 23.809523809523807, "tall_2+": 52.380952380952387 }, "geometry": { "type": "Polygon", "coordinates": [ [ [ -2.221340883009097, 53.811602414598795 ], [ -2.221446289040107, 53.811638171905784 ], [ -2.221551313878636, 53.811602026147938 ], [ -2.221550932510497, 53.811530123175132 ], [ -2.221445526660017, 53.811494365959433 ], [ -2.221340501997145, 53.81153051162525 ], [ -2.221340883009097, 53.811602414598795 ] ] ] } },
{ "type": "Feature", "properties": { "max_height": 4.2915191650390625, "mean_height": 0.87693023681640625, "std_height": 1.2209262847900391, "count_pixels": 38, "percent_cover": 0.15668810819726209, "percent_above_0.1m": 50.0, "low_level_<0.5": 5.2631578947368416, "mid_level_0.5-2": 28.947368421052634, "tall_2+": 15.789473684210526 }, "geometry": { "type": "Polygon", "coordinates": [ [ [ -2.221130452134675, 53.811602802680454 ], [ -2.221235857990032, 53.811638560172405 ], [ -2.221340883009096, 53.811602414598795 ], [ -2.221340501997144, 53.81153051162525 ], [ -2.221235096322314, 53.811494754224569 ], [ -2.221130071478909, 53.81153089970617 ], [ -2.221130452134675, 53.811602802680454 ] ] ] } },
{ "type": "Feature", "properties": { "max_height": 0.052001953125, "mean_height": 0.0063735605217516422, "std_height": 0.013466394506394863, "count_pixels": 43, "percent_cover": 0.1773049645390071, "percent_above_0.1m": 0.0, "low_level_<0.5": 0.0, "mid_level_0.5-2": 0.0, "tall_2+": 0.0 }, "geometry": { "type": "Polygon", "coordinates": [ [ [ -2.220920021255374, 53.811603190392908 ], [ -2.221025426935076, 53.811638948069834 ], [ -2.221130452134674, 53.811602802680454 ], [ -2.221130071478908, 53.81153089970617 ], [ -2.221024665979732, 53.811495142120513 ], [ -2.220919640955795, 53.811531287417878 ], [ -2.220920021255374, 53.811603190392908 ] ] ] } },
{ "type": "Feature", "properties": { "max_height": 0.1170196533203125, "mean_height": 0.0067433202639222145, "std_height": 0.020563151687383652, "count_pixels": 43, "percent_cover": 0.1773049645390071, "percent_above_0.1m": 2.3255813953488373, "low_level_<0.5": 0.0, "mid_level_0.5-2": 0.0, "tall_2+": 0.0 }, "geometry": { "type": "Polygon", "coordinates": [ [ [ -2.220709590371201, 53.811603577736165 ], [ -2.220814995875244, 53.811639335598059 ], [ -2.220920021255373, 53.811603190392908 ], [ -2.220919640955795, 53.811531287417878 ], [ -2.220814235632274, 53.81149552964726 ], [ -2.220709210427809, 53.811531674760396 ], [ -2.220709590371201, 53.811603577736165 ] ] ] } },
{ "type": "Feature", "properties": { "max_height": 0.717498779296875, "mean_height": 0.03602127730846405, "std_height": 0.1348453015089035, "count_pixels": 42, "percent_cover": 0.17318159327065807, "percent_above_0.1m": 7.1428571428571423, "low_level_<0.5": 4.7619047619047619, "mid_level_0.5-2": 2.3809523809523809, "tall_2+": 0.0 }, "geometry": { "type": "Polygon", "coordinates": [ [ [ -2.220499159482158, 53.811603964710208 ], [ -2.220604564810542, 53.811639722757072 ], [ -2.2207095903712, 53.811603577736165 ], [ -2.220709210427808, 53.811531674760396 ], [ -2.220603805279945, 53.811495916804802 ], [ -2.220498779894954, 53.811532061733708 ], [ -2.220499159482158, 53.811603964710208 ] ] ] } },
{ "type": "Feature", "properties": { "max_height": 0.055511474609375, "mean_height": 0.0117340087890625, "std_height": 0.014840730465948582, "count_pixels": 41, "percent_cover": 0.16905822200230908, "percent_above_0.1m": 0.0, "low_level_<0.5": 0.0, "mid_level_0.5-2": 0.0, "tall_2+": 0.0 }, "geometry": { "type": "Polygon", "coordinates": [ [ [ -2.220288728588252, 53.811604351315054 ], [ -2.220394133740973, 53.811640109546893 ], [ -2.220499159482157, 53.811603964710208 ], [ -2.220498779894953, 53.811532061733708 ], [ -2.220393374922749, 53.811496303593138 ], [ -2.220288349357234, 53.811532448337815 ], [ -2.220288728588252, 53.811604351315054 ] ] ] } },
{ "type": "Feature", "properties": { "max_height": 1.683013916015625, "mean_height": 0.46764913201332092, "std_height": 0.50414174795150757, "count_pixels": 41, "percent_cover": 0.16905822200230908, "percent_above_0.1m": 65.853658536585371, "low_level_<0.5": 26.829268292682929, "mid_level_0.5-2": 34.146341463414636, "tall_2+": 0.0 }, "geometry": { "type": "Polygon", "coordinates": [ [ [ -2.220078297689486, 53.811604737550695 ], [ -2.220183702666542, 53.811640495967509 ], [ -2.220288728588251, 53.811604351315054 ], [ -2.220288349357233, 53.811532448337815 ], [ -2.220182944560693, 53.811496690012291 ], [ -2.220077918814655, 53.811532834572716 ], [ -2.220078297689486, 53.811604737550695 ] ] ] } },
{ "type": "Feature", "properties": { "max_height": 2.438262939453125, "mean_height": 0.197312131524086, "std_height": 0.44050630927085876, "count_pixels": 42, "percent_cover": 0.17318159327065807, "percent_above_0.1m": 30.952380952380953, "low_level_<0.5": 11.904761904761903, "mid_level_0.5-2": 11.904761904761903, "tall_2+": 2.3809523809523809 }, "geometry": { "type": "Polygon", "coordinates": [ [ [ -2.219867866785866, 53.811605123417138 ], [ -2.219973271587254, 53.811640882018906 ], [ -2.220078297689485, 53.811604737550695 ], [ -2.220077918814654, 53.811532834572716 ], [ -2.219972514193779, 53.811497076062217 ], [ -2.219867488267222, 53.81153322043842 ], [ -2.219867866785866, 53.811605123417138 ] ] ] } },
{ "type": "Feature", "properties": { "max_height": 1.2020111083984375, "mean_height": 0.10340699553489685, "std_height": 0.23582330346107483, "count_pixels": 42, "percent_cover": 0.17318159327065807, "percent_above_0.1m": 21.428571428571427, "low_level_<0.5": 14.285714285714285, "mid_level_0.5-2": 7.1428571428571423, "tall_2+": 0.0 }, "geometry": { "type": "Polygon", "coordinates": [ [ [ -2.219657435877395, 53.811605508914376 ], [ -2.219762840503114, 53.81164126770112 ], [ -2.219867866785865, 53.811605123417138 ], [ -2.219867488267221, 53.81153322043842 ], [ -2.219762083822013, 53.81149746174296 ], [ -2.219657057714938, 53.811533605934933 ], [ -2.219657435877395, 53.811605508914376 ] ] ] } },
{ "type": "Feature", "properties": { "max_height": 0.242767333984375, "mean_height": 0.002491276478394866, "std_height": 0.046376913785934448, "count_pixels": 41, "percent_cover": 0.16905822200230908, "percent_above_0.1m": 4.8780487804878048, "low_level_<0.5": 2.4390243902439024, "mid_level_0.5-2": 0.0, "tall_2+": 0.0 }, "geometry": { "type": "Polygon", "coordinates": [ [ [ -2.219447004964079, 53.811605894042408 ], [ -2.219552409414126, 53.811641653014121 ], [ -2.219657435877394, 53.811605508914376 ], [ -2.219657057714937, 53.811533605934933 ], [ -2.219551653445399, 53.811497847054497 ], [ -2.219446627157809, 53.811533991062234 ], [ -2.219447004964079, 53.811605894042408 ] ] ] } },
{ "type": "Feature", "properties": { "max_height": 3.9782562255859375, "mean_height": 0.62730890512466431, "std_height": 0.97960340976715088, "count_pixels": 41, "percent_cover": 0.16905822200230908, "percent_above_0.1m": 39.024390243902438, "low_level_<0.5": 2.4390243902439024, "mid_level_0.5-2": 21.951219512195124, "tall_2+": 12.195121951219512 }, "geometry": { "type": "Polygon", "coordinates": [ [ [ -2.219236574045922, 53.811606278801243 ], [ -2.219341978320295, 53.811642037957924 ], [ -2.219447004964078, 53.811605894042408 ], [ -2.219446627157808, 53.811533991062234 ], [ -2.219341223063942, 53.811498231996836 ], [ -2.219236196595839, 53.81153437582033 ], [ -2.219236574045922, 53.811606278801243 ] ] ] } },
{ "type": "Feature", "properties": { "max_height": 1.9785003662109375, "mean_height": 0.60713452100753784, "std_height": 0.67722421884536743, "count_pixels": 42, "percent_cover": 0.17318159327065807, "percent_above_0.1m": 64.285714285714292, "low_level_<0.5": 21.428571428571427, "mid_level_0.5-2": 42.857142857142854, "tall_2+": 0.0 }, "geometry": { "type": "Polygon", "coordinates": [ [ [ -2.219026143122929, 53.811606663190872 ], [ -2.219131547221625, 53.811642422532529 ], [ -2.219236574045921, 53.811606278801243 ], [ -2.219236196595838, 53.81153437582033 ], [ -2.219130792677646, 53.811498616569963 ], [ -2.219025766029033, 53.811534760209227 ], [ -2.219026143122929, 53.811606663190872 ] ] ] } },
{ "type": "Feature", "properties": { "max_height": 3.3245086669921875, "mean_height": 0.65491056442260742, "std_height": 0.95180398225784302, "count_pixels": 41, "percent_cover": 0.16905822200230908, "percent_above_0.1m": 51.219512195121951, "low_level_<0.5": 14.634146341463413, "mid_level_0.5-2": 17.073170731707318, "tall_2+": 17.073170731707318 }, "geometry": { "type": "Polygon", "coordinates": [ [ [ -2.221446670232584, 53.811710074877674 ], [ -2.221552076619778, 53.811745832090971 ], [ -2.221657101633963, 53.811709686241102 ], [ -2.221656720085298, 53.811637783269951 ], [ -2.221551313878637, 53.811602026147938 ], [ -2.221446289040109, 53.811638171905784 ], [ -2.221446670232584, 53.811710074877674 ] ] ] } },
{ "type": "Feature", "properties": { "max_height": 5.9142608642578125, "mean_height": 2.3692233562469482, "std_height": 1.7566101551055908, "count_pixels": 42, "percent_cover": 0.17318159327065807, "percent_above_0.1m": 88.095238095238088, "low_level_<0.5": 9.5238095238095237, "mid_level_0.5-2": 21.428571428571427, "tall_2+": 57.142857142857139 }, "geometry": { "type": "Polygon", "coordinates": [ [ [ -2.221236238826319, 53.811710463145026 ], [ -2.221341645037859, 53.811746220543299 ], [ -2.221446670232583, 53.811710074877674 ], [ -2.221446289040107, 53.811638171905784 ], [ -2.221340883009097, 53.811602414598795 ], [ -2.221235857990032, 53.811638560172405 ], [ -2.221236238826319, 53.811710463145026 ] ] ] } },
{ "type": "Feature", "properties": { "max_height": 0.826263427734375, "mean_height": 0.037660922855138779, "std_height": 0.14524601399898529, "count_pixels": 41, "percent_cover": 0.16905822200230908, "percent_above_0.1m": 4.8780487804878048, "low_level_<0.5": 2.4390243902439024, "mid_level_0.5-2": 2.4390243902439024, "tall_2+": 0.0 }, "geometry": { "type": "Polygon", "coordinates": [ [ [ -2.221025807415174, 53.811710851043188 ], [ -2.221131213451059, 53.811746608626443 ], [ -2.221236238826318, 53.811710463145026 ], [ -2.221235857990032, 53.811638560172405 ], [ -2.221130452134675, 53.811602802680454 ], [ -2.221025426935077, 53.811638948069834 ], [ -2.221025807415174, 53.811710851043188 ] ] ] } },
{ "type": "Feature", "properties": { "max_height": 1.0777587890625, "mean_height": 0.031148770824074745, "std_height": 0.16574767231941223, "count_pixels": 41, "percent_cover": 0.16905822200230908, "percent_above_0.1m": 2.4390243902439024, "low_level_<0.5": 0.0, "mid_level_0.5-2": 2.4390243902439024, "tall_2+": 0.0 }, "geometry": { "type": "Polygon", "coordinates": [ [ [ -2.220815375999153, 53.811711238572165 ], [ -2.22092078185938, 53.811746996340375 ], [ -2.221025807415173, 53.811710851043188 ], [ -2.221025426935076, 53.811638948069834 ], [ -2.220920021255374, 53.811603190392908 ], [ -2.220814995875245, 53.811639335598059 ], [ -2.220815375999153, 53.811711238572165 ] ] ] } },
{ "type": "Feature", "properties": { "max_height": 6.28326416015625, "mean_height": 1.4902722835540771, "std_height": 1.8766981363296509, "count_pixels": 41, "percent_cover": 0.16905822200230908, "percent_above_0.1m": 51.219512195121951, "low_level_<0.5": 4.8780487804878048, "mid_level_0.5-2": 12.195121951219512, "tall_2+": 34.146341463414636 }, "geometry": { "type": "Polygon", "coordinates": [ [ [ -2.220604944578262, 53.811711625731917 ], [ -2.220710350262828, 53.811747383685109 ], [ -2.220815375999153, 53.811711238572165 ], [ -2.220814995875244, 53.811639335598059 ], [ -2.220709590371201, 53.811603577736165 ], [ -2.220604564810542, 53.811639722757072 ], [ -2.220604944578262, 53.811711625731917 ] ] ] } },
{ "type": "Feature", "properties": { "max_height": 6.8440093994140625, "mean_height": 2.1760218143463135, "std_height": 2.0939111709594727, "count_pixels": 42, "percent_cover": 0.17318159327065807, "percent_above_0.1m": 73.80952380952381, "low_level_<0.5": 4.7619047619047619, "mid_level_0.5-2": 14.285714285714285, "tall_2+": 47.619047619047613 }, "geometry": { "type": "Polygon", "coordinates": [ [ [ -2.220394513152503, 53.81171201252247 ], [ -2.220499918661408, 53.811747770660631 ], [ -2.220604944578261, 53.811711625731917 ], [ -2.220604564810542, 53.811639722757072 ], [ -2.220499159482158, 53.811603964710208 ], [ -2.220394133740974, 53.811640109546893 ], [ -2.220394513152503, 53.81171201252247 ] ] ] } },
{ "type": "Feature", "properties": { "max_height": 5.93975830078125, "mean_height": 1.3985617160797119, "std_height": 1.8484300374984741, "count_pixels": 43, "percent_cover": 0.1773049645390071, "percent_above_0.1m": 69.767441860465112, "low_level_<0.5": 16.279069767441861, "mid_level_0.5-2": 27.906976744186046, "tall_2+": 20.930232558139537 }, "geometry": { "type": "Polygon", "coordinates": [ [ [ -2.220184081721884, 53.811712398943826 ], [ -2.220289487055123, 53.811748157266948 ], [ -2.220394513152502, 53.81171201252247 ], [ -2.220394133740973, 53.811640109546893 ], [ -2.220288728588252, 53.811604351315054 ], [ -2.220183702666543, 53.811640495967509 ], [ -2.220184081721884, 53.811712398943826 ] ] ] } },
{ "type": "Feature", "properties": { "max_height": 3.8227691650390625, "mean_height": 0.70167720317840576, "std_height": 0.8845517635345459, "count_pixels": 42, "percent_cover": 0.17318159327065807, "percent_above_0.1m": 71.428571428571431, "low_level_<0.5": 16.666666666666664, "mid_level_0.5-2": 40.476190476190474, "tall_2+": 7.1428571428571423 }, "geometry": { "type": "Polygon", "coordinates": [ [ [ -2.219973650286407, 53.811712784995954 ], [ -2.220079055443979, 53.811748543504066 ], [ -2.220184081721883, 53.811712398943826 ], [ -2.220183702666542, 53.811640495967509 ], [ -2.220078297689486, 53.811604737550695 ], [ -2.219973271587255, 53.811640882018906 ], [ -2.219973650286407, 53.811712784995954 ] ] ] } },
{ "type": "Feature", "properties": { "max_height": 1.350250244140625, "mean_height": 0.14990314841270447, "std_height": 0.29951381683349609, "count_pixels": 38, "percent_cover": 0.15668810819726209, "percent_above_0.1m": 28.947368421052634, "low_level_<0.5": 13.157894736842104, "mid_level_0.5-2": 10.526315789473683, "tall_2+": 0.0 }, "geometry": { "type": "Polygon", "coordinates": [ [ [ -2.219763218846078, 53.811713170678921 ], [ -2.219868623827979, 53.811748929371973 ], [ -2.219973650286406, 53.811712784995954 ], [ -2.219973271587254, 53.811640882018906 ], [ -2.219867866785866, 53.811605123417138 ], [ -2.219762840503115, 53.81164126770112 ], [ -2.219763218846078, 53.811713170678921 ] ] ] } },
{ "type": "Feature", "properties": { "max_height": 0.839508056640625, "mean_height": 0.10126640647649765, "std_height": 0.18539604544639587, "count_pixels": 42, "percent_cover": 0.17318159327065807, "percent_above_0.1m": 23.809523809523807, "low_level_<0.5": 16.666666666666664, "mid_level_0.5-2": 7.1428571428571423, "tall_2+": 0.0 }, "geometry": { "type": "Polygon", "coordinates": [ [ [ -2.219552787400901, 53.81171355599264 ], [ -2.219658192207131, 53.811749314870674 ], [ -2.219763218846076, 53.811713170678921 ], [ -2.219762840503114, 53.81164126770112 ], [ -2.219657435877395, 53.811605508914376 ], [ -2.219552409414127, 53.811641653014121 ], [ -2.219552787400901, 53.81171355599264 ] ] ] } },
{ "type": "Feature", "properties": { "max_height": 5.2259979248046875, "mean_height": 0.70113211870193481, "std_height": 1.3996021747589111, "count_pixels": 43, "percent_cover": 0.1773049645390071, "percent_above_0.1m": 34.883720930232556, "low_level_<0.5": 6.9767441860465116, "mid_level_0.5-2": 11.627906976744185, "tall_2+": 13.953488372093023 }, "geometry": { "type": "Polygon", "coordinates": [ [ [ -2.21934235595088, 53.811713940937175 ], [ -2.219447760581436, 53.811749700000192 ], [ -2.219552787400899, 53.81171355599264 ], [ -2.219552409414126, 53.811641653014121 ], [ -2.219447004964079, 53.811605894042408 ], [ -2.219341978320296, 53.811642037957924 ], [ -2.21934235595088, 53.811713940937175 ] ] ] } },
{ "type": "Feature", "properties": { "max_height": 3.933502197265625, "mean_height": 1.3100106716156006, "std_height": 1.1601837873458862, "count_pixels": 42, "percent_cover": 0.17318159327065807, "percent_above_0.1m": 80.952380952380949, "low_level_<0.5": 11.904761904761903, "mid_level_0.5-2": 35.714285714285715, "tall_2+": 30.952380952380953 }, "geometry": { "type": "Polygon", "coordinates": [ [ [ -2.219131924496021, 53.811714325512511 ], [ -2.2192373289509, 53.811750084760483 ], [ -2.219342355950879, 53.811713940937175 ], [ -2.219341978320295, 53.811642037957924 ], [ -2.219236574045922, 53.811606278801243 ], [ -2.219131547221627, 53.811642422532529 ], [ -2.219131924496021, 53.811714325512511 ] ] ] } },
{ "type": "Feature", "properties": { "max_height": 4.1345062255859375, "mean_height": 1.7765085697174072, "std_height": 1.2631139755249023, "count_pixels": 41, "percent_cover": 0.16905822200230908, "percent_above_0.1m": 90.243902439024396, "low_level_<0.5": 9.7560975609756095, "mid_level_0.5-2": 36.585365853658537, "tall_2+": 43.902439024390247 }, "geometry": { "type": "Polygon", "coordinates": [ [ [ -2.218921493036328, 53.811714709718643 ], [ -2.219026897315528, 53.811750469151569 ], [ -2.21913192449602, 53.811714325512511 ], [ -2.219131547221625, 53.811642422532529 ], [ -2.219026143122929, 53.811606663190872 ], [ -2.218921116118123, 53.811642806737915 ], [ -2.218921493036328, 53.811714709718643 ] ] ] } },
{ "type": "Feature", "properties": { "max_height": 2.708770751953125, "mean_height": 0.31744495034217834, "std_height": 0.67808783054351807, "count_pixels": 42, "percent_cover": 0.17318159327065807, "percent_above_0.1m": 26.190476190476193, "low_level_<0.5": 9.5238095238095237, "mid_level_0.5-2": 9.5238095238095237, "tall_2+": 4.7619047619047619 }, "geometry": { "type": "Polygon", "coordinates": [ [ [ -2.22134202605467, 53.811818123514257 ], [ -2.221447432622395, 53.81185388081883 ], [ -2.221552457992778, 53.811817735061169 ], [ -2.221552076619777, 53.811745832090971 ], [ -2.221446670232583, 53.811710074877674 ], [ -2.221341645037859, 53.811746220543299 ], [ -2.22134202605467, 53.811818123514257 ] ] ] } },
{ "type": "Feature", "properties": { "max_height": 6.7085113525390625, "mean_height": 1.1267077922821045, "std_height": 1.7653899192810059, "count_pixels": 38, "percent_cover": 0.15668810819726209, "percent_above_0.1m": 63.157894736842103, "low_level_<0.5": 13.157894736842104, "mid_level_0.5-2": 23.684210526315788, "tall_2+": 15.789473684210526 }, "geometry": { "type": "Polygon", "coordinates": [ [ [ -2.221131594111677, 53.811818511598133 ], [ -2.221237000503748, 53.811854269087682 ], [ -2.221342026054669, 53.811818123514257 ], [ -2.221341645037858, 53.811746220543299 ], [ -2.221236238826318, 53.811710463145026 ], [ -2.221131213451059, 53.811746608626443 ], [ -2.221131594111677, 53.811818511598133 ] ] ] } },
{ "type": "Feature", "properties": { "max_height": 5.620758056640625, "mean_height": 1.1426472663879395, "std_height": 1.7744539976119995, "count_pixels": 43, "percent_cover": 0.1773049645390071, "percent_above_0.1m": 46.511627906976742, "low_level_<0.5": 6.9767441860465116, "mid_level_0.5-2": 9.3023255813953494, "tall_2+": 25.581395348837212 }, "geometry": { "type": "Polygon", "coordinates": [ [ [ -2.220921162163808, 53.811818899312811 ], [ -2.22102656838022, 53.811854656987329 ], [ -2.221131594111677, 53.811818511598133 ], [ -2.221131213451058, 53.811746608626443 ], [ -2.221025807415173, 53.811710851043188 ], [ -2.22092078185938, 53.811746996340375 ], [ -2.220921162163808, 53.811818899312811 ] ] ] } },
{ "type": "Feature", "properties": { "max_height": 5.72625732421875, "mean_height": 2.425753116607666, "std_height": 1.7048165798187256, "count_pixels": 43, "percent_cover": 0.1773049645390071, "percent_above_0.1m": 95.348837209302332, "low_level_<0.5": 9.3023255813953494, "mid_level_0.5-2": 30.232558139534881, "tall_2+": 53.488372093023251 }, "geometry": { "type": "Polygon", "coordinates": [ [ [ -2.220710730211064, 53.811819286658285 ], [ -2.220816136251816, 53.811855044517763 ], [ -2.220921162163807, 53.811818899312811 ], [ -2.220920781859379, 53.811746996340375 ], [ -2.220815375999153, 53.811711238572165 ], [ -2.220710350262828, 53.811747383685109 ], [ -2.220710730211064, 53.811819286658285 ] ] ] } },
{ "type": "Feature", "properties": { "max_height": 5.766510009765625, "mean_height": 3.4782118797302246, "std_height": 1.2179813385009766, "count_pixels": 42, "percent_cover": 0.17318159327065807, "percent_above_0.1m": 100.0, "low_level_<0.5": 0.0, "mid_level_0.5-2": 9.5238095238095237, "tall_2+": 90.476190476190482 }, "geometry": { "type": "Polygon", "coordinates": [ [ [ -2.220500298253452, 53.811819673634545 ], [ -2.220605704118541, 53.811855431679007 ], [ -2.220710730211063, 53.811819286658285 ], [ -2.220710350262827, 53.811747383685109 ], [ -2.220604944578261, 53.811711625731917 ], [ -2.220499918661408, 53.811747770660631 ], [ -2.220500298253452, 53.811819673634545 ] ] ] } },
{ "type": "Feature", "properties": { "max_height": 8.3310089111328125, "mean_height": 4.5017390251159668, "std_height": 1.0545554161071777, "count_pixels": 41, "percent_cover": 0.16905822200230908, "percent_above_0.1m": 100.0, "low_level_<0.5": 0.0, "mid_level_0.5-2": 0.0, "tall_2+": 100.0 }, "geometry": { "type": "Polygon", "coordinates": [ [ [ -2.220289866290976, 53.811820060241587 ], [ -2.2203952719804, 53.811855818471038 ], [ -2.220500298253451, 53.811819673634545 ], [ -2.220499918661407, 53.811747770660631 ], [ -2.220394513152502, 53.81171201252247 ], [ -2.220289487055123, 53.811748157266948 ], [ -2.220289866290976, 53.811820060241587 ] ] ] } },
{ "type": "Feature", "properties": { "max_height": 6.258758544921875, "mean_height": 4.5689535140991211, "std_height": 1.0130891799926758, "count_pixels": 41, "percent_cover": 0.16905822200230908, "percent_above_0.1m": 100.0, "low_level_<0.5": 0.0, "mid_level_0.5-2": 0.0, "tall_2+": 100.0 }, "geometry": { "type": "Polygon", "coordinates": [ [ [ -2.22007943432364, 53.811820446479445 ], [ -2.220184839837397, 53.811856204893864 ], [ -2.220289866290975, 53.811820060241587 ], [ -2.220289487055122, 53.811748157266948 ], [ -2.220184081721883, 53.811712398943826 ], [ -2.220079055443979, 53.811748543504066 ], [ -2.22007943432364, 53.811820446479445 ] ] ] } },
{ "type": "Feature", "properties": { "max_height": 5.7175140380859375, "mean_height": 3.6344320774078369, "std_height": 1.2562439441680908, "count_pixels": 42, "percent_cover": 0.17318159327065807, "percent_above_0.1m": 100.0, "low_level_<0.5": 0.0, "mid_level_0.5-2": 7.1428571428571423, "tall_2+": 90.476190476190482 }, "geometry": { "type": "Polygon", "coordinates": [ [ [ -2.21986900235145, 53.81182083234809 ], [ -2.219974407689537, 53.811856590947478 ], [ -2.220079434323639, 53.811820446479445 ], [ -2.220079055443978, 53.811748543504066 ], [ -2.219973650286406, 53.811712784995954 ], [ -2.219868623827979, 53.811748929371973 ], [ -2.21986900235145, 53.81182083234809 ] ] ] } },
{ "type": "Feature", "properties": { "max_height": 6.55126953125, "mean_height": 2.0541236400604248, "std_height": 2.1759729385375977, "count_pixels": 42, "percent_cover": 0.17318159327065807, "percent_above_0.1m": 80.952380952380949, "low_level_<0.5": 19.047619047619047, "mid_level_0.5-2": 19.047619047619047, "tall_2+": 40.476190476190474 }, "geometry": { "type": "Polygon", "coordinates": [ [ [ -2.219658570374409, 53.811821217847537 ], [ -2.219763975536825, 53.811856976631887 ], [ -2.219869002351449, 53.81182083234809 ], [ -2.219868623827979, 53.811748929371973 ], [ -2.219763218846076, 53.811713170678921 ], [ -2.219658192207131, 53.811749314870674 ], [ -2.219658570374409, 53.811821217847537 ] ] ] } },
{ "type": "Feature", "properties": { "max_height": 0.1550140380859375, "mean_height": 0.0071362750604748726, "std_height": 0.026106121018528938, "count_pixels": 41, "percent_cover": 0.16905822200230908, "percent_above_0.1m": 2.4390243902439024, "low_level_<0.5": 2.4390243902439024, "mid_level_0.5-2": 0.0, "tall_2+": 0.0 }, "geometry": { "type": "Polygon", "coordinates": [ [ [ -2.219448138392522, 53.811821602977766 ], [ -2.219553543379264, 53.811857361947091 ], [ -2.219658570374408, 53.811821217847537 ], [ -2.21965819220713, 53.811749314870674 ], [ -2.219552787400899, 53.81171355599264 ], [ -2.219447760581436, 53.811749700000192 ], [ -2.219448138392522, 53.811821602977766 ] ] ] } },
{ "type": "Feature", "properties": { "max_height": 3.8035125732421875, "mean_height": 0.48400470614433289, "std_height": 0.90561455488204956, "count_pixels": 41, "percent_cover": 0.16905822200230908, "percent_above_0.1m": 29.268292682926827, "low_level_<0.5": 2.4390243902439024, "mid_level_0.5-2": 19.512195121951219, "tall_2+": 7.3170731707317067 }, "geometry": { "type": "Polygon", "coordinates": [ [ [ -2.219237706405795, 53.811821987738803 ], [ -2.21934311121686, 53.811857746893097 ], [ -2.219448138392521, 53.811821602977766 ], [ -2.219447760581435, 53.811749700000192 ], [ -2.219342355950879, 53.811713940937175 ], [ -2.2192373289509, 53.811750084760483 ], [ -2.219237706405795, 53.811821987738803 ] ] ] } },
{ "type": "Feature", "properties": { "max_height": 4.8350067138671875, "mean_height": 2.1265156269073486, "std_height": 1.4976016283035278, "count_pixels": 42, "percent_cover": 0.17318159327065807, "percent_above_0.1m": 88.095238095238088, "low_level_<0.5": 7.1428571428571423, "mid_level_0.5-2": 33.333333333333329, "tall_2+": 47.619047619047613 }, "geometry": { "type": "Polygon", "coordinates": [ [ [ -2.219027274414231, 53.811822372130628 ], [ -2.219132679049618, 53.811858131469883 ], [ -2.219237706405794, 53.811821987738803 ], [ -2.219237328950899, 53.811750084760483 ], [ -2.21913192449602, 53.811714325512511 ], [ -2.219026897315528, 53.811750469151569 ], [ -2.219027274414231, 53.811822372130628 ] ] ] } },
{ "type": "Feature", "properties": { "max_height": 3.865753173828125, "mean_height": 1.2176833152770996, "std_height": 1.2250574827194214, "count_pixels": 43, "percent_cover": 0.1773049645390071, "percent_above_0.1m": 74.418604651162795, "low_level_<0.5": 11.627906976744185, "mid_level_0.5-2": 25.581395348837212, "tall_2+": 32.558139534883722 }, "geometry": { "type": "Polygon", "coordinates": [ [ [ -2.218816842417836, 53.811822756153248 ], [ -2.218922246877541, 53.811858515677478 ], [ -2.219027274414231, 53.811822372130628 ], [ -2.219026897315528, 53.811750469151569 ], [ -2.218921493036327, 53.811714709718643 ], [ -2.218816465675325, 53.811750853173464 ], [ -2.218816842417836, 53.811822756153248 ] ] ] } },
{ "type": "Feature", "properties": { "max_height": 7.001007080078125, "mean_height": 1.6454620361328125, "std_height": 1.5157589912414551, "count_pixels": 42, "percent_cover": 0.17318159327065807, "percent_above_0.1m": 78.571428571428569, "low_level_<0.5": 9.5238095238095237, "mid_level_0.5-2": 16.666666666666664, "tall_2+": 47.619047619047613 }, "geometry": { "type": "Polygon", "coordinates": [ [ [ -2.221237381344891, 53.811926172057717 ], [ -2.221342788093149, 53.81196192945356 ], [ -2.221447813819732, 53.811925783788119 ], [ -2.221447432622395, 53.81185388081883 ], [ -2.22134202605467, 53.811818123514257 ], [ -2.221237000503749, 53.811854269087682 ], [ -2.221237381344891, 53.811926172057717 ] ] ] } },
{ "type": "Feature", "properties": { "max_height": 6.2922515869140625, "mean_height": 1.2854286432266235, "std_height": 1.8398082256317139, "count_pixels": 41, "percent_cover": 0.16905822200230908, "percent_above_0.1m": 53.658536585365859, "low_level_<0.5": 2.4390243902439024, "mid_level_0.5-2": 29.268292682926827, "tall_2+": 21.951219512195124 }, "geometry": { "type": "Polygon", "coordinates": [ [ [ -2.221026948865169, 53.811926559958088 ], [ -2.221132355437769, 53.811962317538921 ], [ -2.22123738134489, 53.811926172057717 ], [ -2.221237000503748, 53.811854269087682 ], [ -2.221131594111677, 53.811818511598133 ], [ -2.22102656838022, 53.811854656987329 ], [ -2.221026948865169, 53.811926559958088 ] ] ] } },
{ "type": "Feature", "properties": { "max_height": 7.6867523193359375, "mean_height": 3.3214516639709473, "std_height": 1.6578282117843628, "count_pixels": 41, "percent_cover": 0.16905822200230908, "percent_above_0.1m": 97.560975609756099, "low_level_<0.5": 2.4390243902439024, "mid_level_0.5-2": 17.073170731707318, "tall_2+": 75.609756097560975 }, "geometry": { "type": "Polygon", "coordinates": [ [ [ -2.220816516380572, 53.811926947489276 ], [ -2.220921922777511, 53.811962705255077 ], [ -2.221026948865168, 53.811926559958088 ], [ -2.22102656838022, 53.811854656987329 ], [ -2.220921162163808, 53.811818899312811 ], [ -2.220816136251817, 53.811855044517763 ], [ -2.220816516380572, 53.811926947489276 ] ] ] } },
{ "type": "Feature", "properties": { "max_height": 6.115264892578125, "mean_height": 2.9411420822143555, "std_height": 1.4538229703903198, "count_pixels": 41, "percent_cover": 0.16905822200230908, "percent_above_0.1m": 97.560975609756099, "low_level_<0.5": 4.8780487804878048, "mid_level_0.5-2": 26.829268292682929, "tall_2+": 65.853658536585371 }, "geometry": { "type": "Polygon", "coordinates": [ [ [ -2.220606083891103, 53.811927334651251 ], [ -2.22071149011238, 53.811963092602028 ], [ -2.220816516380571, 53.811926947489276 ], [ -2.220816136251816, 53.811855044517763 ], [ -2.220710730211064, 53.811819286658285 ], [ -2.220605704118542, 53.811855431679007 ], [ -2.220606083891103, 53.811927334651251 ] ] ] } },
{ "type": "Feature", "properties": { "max_height": 11.70025634765625, "mean_height": 2.7576084136962891, "std_height": 2.4330439567565918, "count_pixels": 42, "percent_cover": 0.17318159327065807, "percent_above_0.1m": 85.714285714285708, "low_level_<0.5": 0.0, "mid_level_0.5-2": 28.571428571428569, "tall_2+": 52.380952380952387 }, "geometry": { "type": "Polygon", "coordinates": [ [ [ -2.220395651396768, 53.811927721444015 ], [ -2.220501057442381, 53.811963479579759 ], [ -2.220606083891103, 53.811927334651251 ], [ -2.220605704118541, 53.811855431679007 ], [ -2.220500298253452, 53.811819673634545 ], [ -2.220395271980401, 53.811855818471038 ], [ -2.220395651396768, 53.811927721444015 ] ] ] } },
{ "type": "Feature", "properties": { "max_height": 9.7630157470703125, "mean_height": 2.9540383815765381, "std_height": 1.9949638843536377, "count_pixels": 43, "percent_cover": 0.1773049645390071, "percent_above_0.1m": 97.674418604651152, "low_level_<0.5": 9.3023255813953494, "mid_level_0.5-2": 20.930232558139537, "tall_2+": 67.441860465116278 }, "geometry": { "type": "Polygon", "coordinates": [ [ [ -2.220185218897571, 53.811928107867573 ], [ -2.220290624767517, 53.811963866188293 ], [ -2.220395651396767, 53.811927721444015 ], [ -2.2203952719804, 53.811855818471038 ], [ -2.220289866290976, 53.811820060241587 ], [ -2.220184839837398, 53.811856204893864 ], [ -2.220185218897571, 53.811928107867573 ] ] ] } },
{ "type": "Feature", "properties": { "max_height": 8.1905059814453125, "mean_height": 3.1599912643432617, "std_height": 1.8561403751373291, "count_pixels": 42, "percent_cover": 0.17318159327065807, "percent_above_0.1m": 97.61904761904762, "low_level_<0.5": 7.1428571428571423, "mid_level_0.5-2": 19.047619047619047, "tall_2+": 71.428571428571431 }, "geometry": { "type": "Polygon", "coordinates": [ [ [ -2.219974786393518, 53.811928493921933 ], [ -2.220080192087793, 53.811964252427622 ], [ -2.220185218897571, 53.811928107867573 ], [ -2.220184839837397, 53.811856204893864 ], [ -2.22007943432364, 53.811820446479445 ], [ -2.219974407689538, 53.811856590947478 ], [ -2.219974786393518, 53.811928493921933 ] ] ] } },
{ "type": "Feature", "properties": { "max_height": 5.9322662353515625, "mean_height": 3.8266417980194092, "std_height": 1.3095079660415649, "count_pixels": 38, "percent_cover": 0.15668810819726209, "percent_above_0.1m": 100.0, "low_level_<0.5": 0.0, "mid_level_0.5-2": 13.157894736842104, "tall_2+": 86.842105263157904 }, "geometry": { "type": "Polygon", "coordinates": [ [ [ -2.219764353884611, 53.811928879607073 ], [ -2.219869759403215, 53.811964638297738 ], [ -2.219974786393517, 53.811928493921933 ], [ -2.219974407689537, 53.811856590947478 ], [ -2.21986900235145, 53.81182083234809 ], [ -2.219763975536825, 53.811856976631887 ], [ -2.219764353884611, 53.811928879607073 ] ] ] } },
{ "type": "Feature", "properties": { "max_height": 11.052017211914062, "mean_height": 3.3575916290283203, "std_height": 2.5049915313720703, "count_pixels": 42, "percent_cover": 0.17318159327065807, "percent_above_0.1m": 88.095238095238088, "low_level_<0.5": 4.7619047619047619, "mid_level_0.5-2": 14.285714285714285, "tall_2+": 66.666666666666657 }, "geometry": { "type": "Polygon", "coordinates": [ [ [ -2.219553921370856, 53.811929264923009 ], [ -2.219659326713786, 53.811965023798649 ], [ -2.219764353884611, 53.811928879607073 ], [ -2.219763975536825, 53.811856976631887 ], [ -2.219658570374409, 53.811821217847537 ], [ -2.219553543379265, 53.811857361947091 ], [ -2.219553921370856, 53.811929264923009 ] ] ] } },
{ "type": "Feature", "properties": { "max_height": 2.987762451171875, "mean_height": 0.55211979150772095, "std_height": 0.80568361282348633, "count_pixels": 43, "percent_cover": 0.1773049645390071, "percent_above_0.1m": 48.837209302325576, "low_level_<0.5": 13.953488372093023, "mid_level_0.5-2": 25.581395348837212, "tall_2+": 6.9767441860465116 }, "geometry": { "type": "Polygon", "coordinates": [ [ [ -2.219343488852259, 53.811929649869739 ], [ -2.219448894019512, 53.811965408930355 ], [ -2.219553921370855, 53.811929264923009 ], [ -2.219553543379264, 53.811857361947091 ], [ -2.219448138392522, 53.811821602977766 ], [ -2.219343111216861, 53.811857746893097 ], [ -2.219343488852259, 53.811929649869739 ] ] ] } },
{ "type": "Feature", "properties": { "max_height": 1.04901123046875, "mean_height": 0.10432107001543045, "std_height": 0.24165105819702148, "count_pixels": 42, "percent_cover": 0.17318159327065807, "percent_above_0.1m": 16.666666666666664, "low_level_<0.5": 4.7619047619047619, "mid_level_0.5-2": 9.5238095238095237, "tall_2+": 0.0 }, "geometry": { "type": "Polygon", "coordinates": [ [ [ -2.219133056328822, 53.811930034447272 ], [ -2.219238461320397, 53.811965793692842 ], [ -2.219343488852258, 53.811929649869739 ], [ -2.21934311121686, 53.811857746893097 ], [ -2.219237706405795, 53.811821987738803 ], [ -2.219132679049618, 53.811858131469883 ], [ -2.219133056328822, 53.811930034447272 ] ] ] } },
{ "type": "Feature", "properties": { "max_height": 3.875274658203125, "mean_height": 0.48940184712409973, "std_height": 0.93721091747283936, "count_pixels": 41, "percent_cover": 0.16905822200230908, "percent_above_0.1m": 34.146341463414636, "low_level_<0.5": 7.3170731707317067, "mid_level_0.5-2": 9.7560975609756095, "tall_2+": 12.195121951219512 }, "geometry": { "type": "Polygon", "coordinates": [ [ [ -2.218922623800552, 53.811930418655592 ], [ -2.219028028616445, 53.811966178086131 ], [ -2.219133056328822, 53.811930034447272 ], [ -2.219132679049618, 53.811858131469883 ], [ -2.219027274414231, 53.811822372130628 ], [ -2.218922246877542, 53.811858515677478 ], [ -2.218922623800552, 53.811930418655592 ] ] ] } },
{ "type": "Feature", "properties": { "max_height": 10.733749389648438, "mean_height": 3.796574592590332, "std_height": 2.8837654590606689, "count_pixels": 38, "percent_cover": 0.15668810819726209, "percent_above_0.1m": 89.473684210526315, "low_level_<0.5": 0.0, "mid_level_0.5-2": 23.684210526315788, "tall_2+": 63.157894736842103 }, "geometry": { "type": "Polygon", "coordinates": [ [ [ -2.221132736103241, 53.812034220508032 ], [ -2.221238143032031, 53.812069977995165 ], [ -2.221343169114816, 53.812033832421932 ], [ -2.221342788093148, 53.81196192945356 ], [ -2.22123738134489, 53.811926172057717 ], [ -2.221132355437769, 53.811962317538921 ], [ -2.221132736103241, 53.812034220508032 ] ] ] } },
{ "type": "Feature", "properties": { "max_height": 5.2720184326171875, "mean_height": 1.1202821731567383, "std_height": 1.5591657161712646, "count_pixels": 43, "percent_cover": 0.1773049645390071, "percent_above_0.1m": 55.813953488372093, "low_level_<0.5": 16.279069767441861, "mid_level_0.5-2": 18.604651162790699, "tall_2+": 20.930232558139537 }, "geometry": { "type": "Polygon", "coordinates": [ [ [ -2.220922303086788, 53.812034608224913 ], [ -2.221027709839917, 53.812070365897029 ], [ -2.22113273610324, 53.812034220508032 ], [ -2.221132355437768, 53.811962317538921 ], [ -2.221026948865168, 53.811926559958088 ], [ -2.220921922777511, 53.811962705255077 ], [ -2.220922303086788, 53.812034608224913 ] ] ] } },
{ "type": "Feature", "properties": { "max_height": 8.995513916015625, "mean_height": 2.4515554904937744, "std_height": 1.8652834892272949, "count_pixels": 43, "percent_cover": 0.1773049645390071, "percent_above_0.1m": 95.348837209302332, "low_level_<0.5": 4.6511627906976747, "mid_level_0.5-2": 37.209302325581397, "tall_2+": 51.162790697674424 }, "geometry": { "type": "Polygon", "coordinates": [ [ [ -2.22071187006546, 53.812034995572603 ], [ -2.220817276642928, 53.812070753429694 ], [ -2.220922303086787, 53.812034608224913 ], [ -2.220921922777511, 53.811962705255077 ], [ -2.220816516380571, 53.811926947489276 ], [ -2.22071149011238, 53.811963092602028 ], [ -2.22071187006546, 53.812034995572603 ] ] ] } },
{ "type": "Feature", "properties": { "max_height": 5.4062652587890625, "mean_height": 2.0271220207214355, "std_height": 1.6829731464385986, "count_pixels": 42, "percent_cover": 0.17318159327065807, "percent_above_0.1m": 90.476190476190482, "low_level_<0.5": 11.904761904761903, "mid_level_0.5-2": 33.333333333333329, "tall_2+": 42.857142857142854 }, "geometry": { "type": "Polygon", "coordinates": [ [ [ -2.220501437039265, 53.812035382551073 ], [ -2.220606843441067, 53.81207114059314 ], [ -2.220711870065459, 53.812034995572603 ], [ -2.220711490112379, 53.811963092602028 ], [ -2.220606083891103, 53.811927334651251 ], [ -2.220501057442381, 53.811963479579759 ], [ -2.220501437039265, 53.812035382551073 ] ] ] } },
{ "type": "Feature", "properties": { "max_height": 6.5882568359375, "mean_height": 1.7776745557785034, "std_height": 1.8931242227554321, "count_pixels": 41, "percent_cover": 0.16905822200230908, "percent_above_0.1m": 70.731707317073173, "low_level_<0.5": 14.634146341463413, "mid_level_0.5-2": 14.634146341463413, "tall_2+": 41.463414634146339 }, "geometry": { "type": "Polygon", "coordinates": [ [ [ -2.220291004008204, 53.812035769160339 ], [ -2.220396410234339, 53.812071527387374 ], [ -2.220501437039264, 53.812035382551073 ], [ -2.22050105744238, 53.811963479579759 ], [ -2.220395651396767, 53.811927721444015 ], [ -2.220290624767517, 53.811963866188293 ], [ -2.220291004008204, 53.812035769160339 ] ] ] } },
{ "type": "Feature", "properties": { "max_height": 8.704010009765625, "mean_height": 2.7107119560241699, "std_height": 2.3077182769775391, "count_pixels": 41, "percent_cover": 0.16905822200230908, "percent_above_0.1m": 90.243902439024396, "low_level_<0.5": 14.634146341463413, "mid_level_0.5-2": 21.951219512195124, "tall_2+": 53.658536585365859 }, "geometry": { "type": "Polygon", "coordinates": [ [ [ -2.220080570972285, 53.812036155400406 ], [ -2.220185977022751, 53.812071913812424 ], [ -2.220291004008204, 53.812035769160339 ], [ -2.220290624767516, 53.811963866188293 ], [ -2.220185218897571, 53.811928107867573 ], [ -2.220080192087793, 53.811964252427622 ], [ -2.220080570972285, 53.812036155400406 ] ] ] } },
{ "type": "Feature", "properties": { "max_height": 6.1720123291015625, "mean_height": 2.2678971290588379, "std_height": 1.909270167350769, "count_pixels": 42, "percent_cover": 0.17318159327065807, "percent_above_0.1m": 83.333333333333343, "low_level_<0.5": 9.5238095238095237, "mid_level_0.5-2": 26.190476190476193, "tall_2+": 47.619047619047613 }, "geometry": { "type": "Polygon", "coordinates": [ [ [ -2.21987013793151, 53.812036541271247 ], [ -2.219975543806304, 53.812072299868248 ], [ -2.220080570972284, 53.812036155400406 ], [ -2.220080192087792, 53.811964252427622 ], [ -2.219974786393517, 53.811928493921933 ], [ -2.219869759403215, 53.811964638297738 ], [ -2.21987013793151, 53.812036541271247 ] ] ] } },
{ "type": "Feature", "properties": { "max_height": 4.8550262451171875, "mean_height": 1.4295240640640259, "std_height": 1.3594729900360107, "count_pixels": 42, "percent_cover": 0.17318159327065807, "percent_above_0.1m": 85.714285714285708, "low_level_<0.5": 14.285714285714285, "mid_level_0.5-2": 40.476190476190474, "tall_2+": 26.190476190476193 }, "geometry": { "type": "Polygon", "coordinates": [ [ [ -2.219659704885885, 53.812036926772898 ], [ -2.219765110585005, 53.812072685554845 ], [ -2.21987013793151, 53.812036541271247 ], [ -2.219869759403214, 53.811964638297738 ], [ -2.219764353884611, 53.811928879607073 ], [ -2.219659326713786, 53.811965023798649 ], [ -2.219659704885885, 53.812036926772898 ] ] ] } },
{ "type": "Feature", "properties": { "max_height": 7.800506591796875, "mean_height": 3.8831136226654053, "std_height": 2.0756237506866455, "count_pixels": 41, "percent_cover": 0.16905822200230908, "percent_above_0.1m": 100.0, "low_level_<0.5": 9.7560975609756095, "mid_level_0.5-2": 12.195121951219512, "tall_2+": 78.048780487804876 }, "geometry": { "type": "Polygon", "coordinates": [ [ [ -2.219449271835415, 53.812037311905335 ], [ -2.219554677358858, 53.812073070872273 ], [ -2.219659704885884, 53.812036926772898 ], [ -2.219659326713785, 53.811965023798649 ], [ -2.219553921370855, 53.811929264923009 ], [ -2.219448894019512, 53.811965408930355 ], [ -2.219449271835415, 53.812037311905335 ] ] ] } },
{ "type": "Feature", "properties": { "max_height": 5.39276123046875, "mean_height": 0.6780436635017395, "std_height": 1.3619815111160278, "count_pixels": 41, "percent_cover": 0.16905822200230908, "percent_above_0.1m": 29.268292682926827, "low_level_<0.5": 4.8780487804878048, "mid_level_0.5-2": 12.195121951219512, "tall_2+": 12.195121951219512 }, "geometry": { "type": "Polygon", "coordinates": [ [ [ -2.219238838780103, 53.812037696668568 ], [ -2.219344244127868, 53.812073455820467 ], [ -2.219449271835414, 53.812037311905335 ], [ -2.219448894019511, 53.811965408930355 ], [ -2.219343488852258, 53.811929649869739 ], [ -2.219238461320397, 53.811965793692842 ], [ -2.219238838780103, 53.812037696668568 ] ] ] } },
{ "type": "Feature", "properties": { "max_height": 0.230010986328125, "mean_height": 0.0077227638103067875, "std_height": 0.041027817875146866, "count_pixels": 42, "percent_cover": 0.17318159327065807, "percent_above_0.1m": 4.7619047619047619, "low_level_<0.5": 2.3809523809523809, "mid_level_0.5-2": 0.0, "tall_2+": 0.0 }, "geometry": { "type": "Polygon", "coordinates": [ [ [ -2.219028405719955, 53.812038081062589 ], [ -2.219133810892039, 53.812073840399457 ], [ -2.219238838780103, 53.812037696668568 ], [ -2.219238461320396, 53.811965793692842 ], [ -2.219133056328822, 53.811930034447272 ], [ -2.219028028616445, 53.811966178086131 ], [ -2.219028405719955, 53.812038081062589 ] ] ] } },
{ "type": "Feature", "properties": { "max_height": 1.042755126953125, "mean_height": 0.25029453635215759, "std_height": 0.34212854504585266, "count_pixels": 43, "percent_cover": 0.1773049645390071, "percent_above_0.1m": 39.534883720930232, "low_level_<0.5": 13.953488372093023, "mid_level_0.5-2": 23.255813953488371, "tall_2+": 0.0 }, "geometry": { "type": "Polygon", "coordinates": [ [ [ -2.218817972654976, 53.812038465087397 ], [ -2.218923377651376, 53.812074224609233 ], [ -2.219028405719954, 53.812038081062589 ], [ -2.219028028616444, 53.811966178086131 ], [ -2.218922623800551, 53.811930418655592 ], [ -2.218817595907661, 53.811966562110207 ], [ -2.218817972654976, 53.812038465087397 ] ] ] } },
{ "type": "Feature", "properties": { "max_height": 10.51727294921875, "mean_height": 5.2911653518676758, "std_height": 3.2075953483581543, "count_pixels": 42, "percent_cover": 0.17318159327065807, "percent_above_0.1m": 95.238095238095227, "low_level_<0.5": 0.0, "mid_level_0.5-2": 16.666666666666664, "tall_2+": 78.571428571428569 }, "geometry": { "type": "Polygon", "coordinates": [ [ [ -2.221238523878031, 53.812141880962599 ], [ -2.221343931163013, 53.812177638356047 ], [ -2.221448957421462, 53.812141492690778 ], [ -2.221448576219265, 53.812069589724089 ], [ -2.221343169114817, 53.812033832421932 ], [ -2.221238143032032, 53.812069977995165 ], [ -2.221238523878031, 53.812141880962599 ] ] ] } },
{ "type": "Feature", "properties": { "max_height": 6.5605010986328125, "mean_height": 1.9661128520965576, "std_height": 1.8615682125091553, "count_pixels": 41, "percent_cover": 0.16905822200230908, "percent_above_0.1m": 92.682926829268297, "low_level_<0.5": 21.951219512195124, "mid_level_0.5-2": 29.268292682926827, "tall_2+": 36.585365853658537 }, "geometry": { "type": "Polygon", "coordinates": [ [ [ -2.221028090329718, 53.812142268865209 ], [ -2.22113349743904, 53.812178026443632 ], [ -2.22123852387803, 53.812141880962599 ], [ -2.221238143032031, 53.812069977995165 ], [ -2.221132736103241, 53.812034220508032 ], [ -2.221027709839918, 53.812070365897029 ], [ -2.221028090329718, 53.812142268865209 ] ] ] } },
{ "type": "Feature", "properties": { "max_height": 7.3017730712890625, "mean_height": 2.1917839050292969, "std_height": 1.8715388774871826, "count_pixels": 41, "percent_cover": 0.16905822200230908, "percent_above_0.1m": 85.365853658536579, "low_level_<0.5": 2.4390243902439024, "mid_level_0.5-2": 34.146341463414636, "tall_2+": 48.780487804878049 }, "geometry": { "type": "Polygon", "coordinates": [ [ [ -2.22081765677653, 53.812142656398599 ], [ -2.22092306371019, 53.812178414161998 ], [ -2.221028090329717, 53.812142268865209 ], [ -2.221027709839917, 53.812070365897029 ], [ -2.220922303086788, 53.812034608224913 ], [ -2.220817276642929, 53.812070753429694 ], [ -2.22081765677653, 53.812142656398599 ] ] ] } },
{ "type": "Feature", "properties": { "max_height": 9.7310028076171875, "mean_height": 3.1295478343963623, "std_height": 2.1044089794158936, "count_pixels": 41, "percent_cover": 0.16905822200230908, "percent_above_0.1m": 95.121951219512198, "low_level_<0.5": 7.3170731707317067, "mid_level_0.5-2": 17.073170731707318, "tall_2+": 70.731707317073173 }, "geometry": { "type": "Polygon", "coordinates": [ [ [ -2.220607223218471, 53.812143043562791 ], [ -2.220712629976465, 53.812178801511159 ], [ -2.220817656776529, 53.812142656398599 ], [ -2.220817276642928, 53.812070753429694 ], [ -2.22071187006546, 53.812034995572603 ], [ -2.220606843441068, 53.81207114059314 ], [ -2.220607223218471, 53.812143043562791 ] ] ] } },
{ "type": "Feature", "properties": { "max_height": 4.9409942626953125, "mean_height": 1.9900952577590942, "std_height": 1.2391207218170166, "count_pixels": 42, "percent_cover": 0.17318159327065807, "percent_above_0.1m": 97.61904761904762, "low_level_<0.5": 11.904761904761903, "mid_level_0.5-2": 38.095238095238095, "tall_2+": 47.619047619047613 }, "geometry": { "type": "Polygon", "coordinates": [ [ [ -2.220396789655545, 53.812143430357771 ], [ -2.220502196237873, 53.812179188491115 ], [ -2.22060722321847, 53.812143043562791 ], [ -2.220606843441067, 53.81207114059314 ], [ -2.220501437039265, 53.812035382551073 ], [ -2.22039641023434, 53.812071527387374 ], [ -2.220396789655545, 53.812143430357771 ] ] ] } },
{ "type": "Feature", "properties": { "max_height": 8.00750732421875, "mean_height": 2.1608176231384277, "std_height": 2.1585628986358643, "count_pixels": 43, "percent_cover": 0.1773049645390071, "percent_above_0.1m": 90.697674418604649, "low_level_<0.5": 13.953488372093023, "mid_level_0.5-2": 37.209302325581397, "tall_2+": 39.534883720930232 }, "geometry": { "type": "Polygon", "coordinates": [ [ [ -2.220186356087757, 53.812143816783539 ], [ -2.220291762494416, 53.812179575101865 ], [ -2.220396789655545, 53.812143430357771 ], [ -2.220396410234339, 53.812071527387374 ], [ -2.220291004008204, 53.812035769160339 ], [ -2.220185977022751, 53.812071913812424 ], [ -2.220186356087757, 53.812143816783539 ] ] ] } },
{ "type": "Feature", "properties": { "max_height": 6.8610076904296875, "mean_height": 1.707122802734375, "std_height": 2.0552761554718018, "count_pixels": 42, "percent_cover": 0.17318159327065807, "percent_above_0.1m": 64.285714285714292, "low_level_<0.5": 7.1428571428571423, "mid_level_0.5-2": 21.428571428571427, "tall_2+": 33.333333333333329 }, "geometry": { "type": "Polygon", "coordinates": [ [ [ -2.219975922515113, 53.812144202840102 ], [ -2.220081328746099, 53.812179961343389 ], [ -2.220186356087757, 53.812143816783539 ], [ -2.220185977022751, 53.812071913812424 ], [ -2.220080570972285, 53.812036155400406 ], [ -2.219975543806305, 53.812072299868248 ], [ -2.219975922515113, 53.812144202840102 ] ] ] } },
{ "type": "Feature", "properties": { "max_height": 2.755523681640625, "mean_height": 0.36798939108848572, "std_height": 0.60609263181686401, "count_pixels": 38, "percent_cover": 0.15668810819726209, "percent_above_0.1m": 39.473684210526315, "low_level_<0.5": 7.8947368421052628, "mid_level_0.5-2": 23.684210526315788, "tall_2+": 2.6315789473684208 }, "geometry": { "type": "Polygon", "coordinates": [ [ [ -2.219765488937615, 53.812144588527453 ], [ -2.219870894992928, 53.812180347215708 ], [ -2.219975922515112, 53.812144202840102 ], [ -2.219975543806304, 53.812072299868248 ], [ -2.21987013793151, 53.812036541271247 ], [ -2.219765110585006, 53.812072685554845 ], [ -2.219765488937615, 53.812144588527453 ] ] ] } },
{ "type": "Feature", "properties": { "max_height": 3.4090118408203125, "mean_height": 0.58193862438201904, "std_height": 0.83512508869171143, "count_pixels": 42, "percent_cover": 0.17318159327065807, "percent_above_0.1m": 52.380952380952387, "low_level_<0.5": 9.5238095238095237, "mid_level_0.5-2": 30.952380952380953, "tall_2+": 9.5238095238095237 }, "geometry": { "type": "Polygon", "coordinates": [ [ [ -2.219555055355269, 53.812144973845591 ], [ -2.219660461234905, 53.812180732718829 ], [ -2.219765488937614, 53.812144588527453 ], [ -2.219765110585005, 53.812072685554845 ], [ -2.219659704885885, 53.812036926772898 ], [ -2.219554677358859, 53.812073070872273 ], [ -2.219555055355269, 53.812144973845591 ] ] ] } },
{ "type": "Feature", "properties": { "max_height": 12.7650146484375, "mean_height": 3.0752997398376465, "std_height": 2.9482827186584473, "count_pixels": 43, "percent_cover": 0.1773049645390071, "percent_above_0.1m": 81.395348837209298, "low_level_<0.5": 6.9767441860465116, "mid_level_0.5-2": 23.255813953488371, "tall_2+": 51.162790697674424 }, "geometry": { "type": "Polygon", "coordinates": [ [ [ -2.219344621768081, 53.812145358794524 ], [ -2.219450027472037, 53.812181117852731 ], [ -2.219555055355269, 53.812144973845591 ], [ -2.219554677358858, 53.812073070872273 ], [ -2.219449271835415, 53.812037311905335 ], [ -2.219344244127869, 53.812073455820467 ], [ -2.219344621768081, 53.812145358794524 ] ] ] } },
{ "type": "Feature", "properties": { "max_height": 1.3155059814453125, "mean_height": 0.114464171230793, "std_height": 0.27076733112335205, "count_pixels": 42, "percent_cover": 0.17318159327065807, "percent_above_0.1m": 19.047619047619047, "low_level_<0.5": 9.5238095238095237, "mid_level_0.5-2": 9.5238095238095237, "tall_2+": 0.0 }, "geometry": { "type": "Polygon", "coordinates": [ [ [ -2.219134188176052, 53.812145743374238 ], [ -2.219239593704328, 53.812181502617427 ], [ -2.21934462176808, 53.812145358794524 ], [ -2.219344244127868, 53.812073455820467 ], [ -2.219238838780103, 53.812037696668568 ], [ -2.21913381089204, 53.812073840399457 ], [ -2.219134188176052, 53.812145743374238 ] ] ] } },
{ "type": "Feature", "properties": { "max_height": 2.185760498046875, "mean_height": 0.20788052678108215, "std_height": 0.44491633772850037, "count_pixels": 41, "percent_cover": 0.16905822200230908, "percent_above_0.1m": 26.829268292682929, "low_level_<0.5": 7.3170731707317067, "mid_level_0.5-2": 12.195121951219512, "tall_2+": 2.4390243902439024 }, "geometry": { "type": "Polygon", "coordinates": [ [ [ -2.218923754579191, 53.812146127584754 ], [ -2.219029159931783, 53.812181887012898 ], [ -2.219134188176052, 53.812145743374238 ], [ -2.219133810892039, 53.812073840399457 ], [ -2.219028405719955, 53.812038081062589 ], [ -2.218923377651377, 53.812074224609233 ], [ -2.218923754579191, 53.812146127584754 ] ] ] } },
{ "type": "Feature", "properties": { "max_height": 10.980010986328125, "mean_height": 3.1632328033447266, "std_height": 2.9935722351074219, "count_pixels": 38, "percent_cover": 0.15668810819726209, "percent_above_0.1m": 78.94736842105263, "low_level_<0.5": 2.6315789473684208, "mid_level_0.5-2": 15.789473684210526, "tall_2+": 57.894736842105267 }, "geometry": { "type": "Polygon", "coordinates": [ [ [ -2.221133878109367, 53.812249929410129 ], [ -2.221239285574883, 53.812285686894867 ], [ -2.221344312189539, 53.812249541321805 ], [ -2.221343931163012, 53.812177638356047 ], [ -2.22123852387803, 53.812141880962599 ], [ -2.22113349743904, 53.812178026443632 ], [ -2.221133878109367, 53.812249929410129 ] ] ] } },
{ "type": "Feature", "properties": { "max_height": 8.0220184326171875, "mean_height": 2.448859691619873, "std_height": 2.521461009979248, "count_pixels": 43, "percent_cover": 0.1773049645390071, "percent_above_0.1m": 79.069767441860463, "low_level_<0.5": 13.953488372093023, "mid_level_0.5-2": 25.581395348837212, "tall_2+": 39.534883720930232 }, "geometry": { "type": "Polygon", "coordinates": [ [ [ -2.220923444024315, 53.812250317129234 ], [ -2.221028851314169, 53.812286074798955 ], [ -2.221133878109366, 53.812249929410129 ], [ -2.22113349743904, 53.812178026443632 ], [ -2.221028090329717, 53.812142268865209 ], [ -2.22092306371019, 53.812178414161998 ], [ -2.220923444024315, 53.812250317129234 ] ] ] } },
{ "type": "Feature", "properties": { "max_height": 10.58001708984375, "mean_height": 3.1399507522583008, "std_height": 2.5633463859558105, "count_pixels": 43, "percent_cover": 0.1773049645390071, "percent_above_0.1m": 97.674418604651152, "low_level_<0.5": 11.627906976744185, "mid_level_0.5-2": 25.581395348837212, "tall_2+": 60.465116279069761 }, "geometry": { "type": "Polygon", "coordinates": [ [ [ -2.220713009934391, 53.81225070447914 ], [ -2.22081841704858, 53.812286462333823 ], [ -2.220923444024314, 53.812250317129234 ], [ -2.220923063710189, 53.812178414161998 ], [ -2.220817656776529, 53.812142656398599 ], [ -2.220712629976465, 53.812178801511159 ], [ -2.220713009934391, 53.81225070447914 ] ] ] } },
{ "type": "Feature", "properties": { "max_height": 10.922500610351562, "mean_height": 2.1663839817047119, "std_height": 2.0315127372741699, "count_pixels": 42, "percent_cover": 0.17318159327065807, "percent_above_0.1m": 88.095238095238088, "low_level_<0.5": 4.7619047619047619, "mid_level_0.5-2": 26.190476190476193, "tall_2+": 50.0 }, "geometry": { "type": "Polygon", "coordinates": [ [ [ -2.220502575839597, 53.812251091459842 ], [ -2.220607982778119, 53.812286849499493 ], [ -2.220713009934389, 53.81225070447914 ], [ -2.220712629976465, 53.812178801511159 ], [ -2.22060722321847, 53.812143043562791 ], [ -2.220502196237873, 53.812179188491115 ], [ -2.220502575839597, 53.812251091459842 ] ] ] } },
{ "type": "Feature", "properties": { "max_height": 5.1504974365234375, "mean_height": 1.9130103588104248, "std_height": 1.2762162685394287, "count_pixels": 41, "percent_cover": 0.16905822200230908, "percent_above_0.1m": 97.560975609756099, "low_level_<0.5": 12.195121951219512, "mid_level_0.5-2": 39.024390243902438, "tall_2+": 41.463414634146339 }, "geometry": { "type": "Polygon", "coordinates": [ [ [ -2.220292141739939, 53.812251478071325 ], [ -2.220397548502791, 53.812287236295951 ], [ -2.220502575839596, 53.812251091459842 ], [ -2.220502196237872, 53.812179188491115 ], [ -2.220396789655545, 53.812143430357771 ], [ -2.220291762494416, 53.812179575101865 ], [ -2.220292141739939, 53.812251478071325 ] ] ] } },
{ "type": "Feature", "properties": { "max_height": 7.3960113525390625, "mean_height": 1.3696215152740479, "std_height": 1.7337090969085693, "count_pixels": 41, "percent_cover": 0.16905822200230908, "percent_above_0.1m": 85.365853658536579, "low_level_<0.5": 21.951219512195124, "mid_level_0.5-2": 26.829268292682929, "tall_2+": 29.268292682926827 }, "geometry": { "type": "Polygon", "coordinates": [ [ [ -2.220081707635421, 53.812251864313588 ], [ -2.220187114222603, 53.812287622723197 ], [ -2.220292141739938, 53.812251478071325 ], [ -2.220291762494415, 53.812179575101865 ], [ -2.220186356087757, 53.812143816783539 ], [ -2.220081328746099, 53.812179961343389 ], [ -2.220081707635421, 53.812251864313588 ] ] ] } },
{ "type": "Feature", "properties": { "max_height": 8.5977783203125, "mean_height": 1.3573743104934692, "std_height": 1.4386970996856689, "count_pixels": 42, "percent_cover": 0.17318159327065807, "percent_above_0.1m": 85.714285714285708, "low_level_<0.5": 9.5238095238095237, "mid_level_0.5-2": 45.238095238095241, "tall_2+": 28.571428571428569 }, "geometry": { "type": "Polygon", "coordinates": [ [ [ -2.219871273526048, 53.812252250186638 ], [ -2.219976679937555, 53.812288008781231 ], [ -2.22008170763542, 53.812251864313588 ], [ -2.220081328746098, 53.812179961343389 ], [ -2.219975922515112, 53.812144202840102 ], [ -2.219870894992928, 53.812180347215708 ], [ -2.219871273526048, 53.812252250186638 ] ] ] } },
{ "type": "Feature", "properties": { "max_height": 6.8377532958984375, "mean_height": 1.6224267482757568, "std_height": 1.6358926296234131, "count_pixels": 42, "percent_cover": 0.17318159327065807, "percent_above_0.1m": 95.238095238095227, "low_level_<0.5": 23.809523809523807, "mid_level_0.5-2": 45.238095238095241, "tall_2+": 26.190476190476193 }, "geometry": { "type": "Polygon", "coordinates": [ [ [ -2.219660839411826, 53.812252635690491 ], [ -2.219766245647656, 53.812288394470052 ], [ -2.219871273526048, 53.812252250186638 ], [ -2.219870894992926, 53.812180347215708 ], [ -2.219765488937614, 53.812144588527453 ], [ -2.219660461234905, 53.812180732718829 ], [ -2.219660839411826, 53.812252635690491 ] ] ] } },
{ "type": "Feature", "properties": { "max_height": 4.9665069580078125, "mean_height": 1.3720357418060303, "std_height": 1.3428680896759033, "count_pixels": 41, "percent_cover": 0.16905822200230908, "percent_above_0.1m": 78.048780487804876, "low_level_<0.5": 7.3170731707317067, "mid_level_0.5-2": 46.341463414634148, "tall_2+": 21.951219512195124 }, "geometry": { "type": "Polygon", "coordinates": [ [ [ -2.219450405292757, 53.812253020825132 ], [ -2.219555811352909, 53.812288779789654 ], [ -2.219660839411825, 53.812252635690491 ], [ -2.219660461234904, 53.812180732718829 ], [ -2.219555055355269, 53.812144973845591 ], [ -2.219450027472037, 53.812181117852731 ], [ -2.219450405292757, 53.812253020825132 ] ] ] } },
{ "type": "Feature", "properties": { "max_height": 4.97552490234375, "mean_height": 1.8794008493423462, "std_height": 1.4820289611816406, "count_pixels": 41, "percent_cover": 0.16905822200230908, "percent_above_0.1m": 87.804878048780495, "low_level_<0.5": 9.7560975609756095, "mid_level_0.5-2": 31.707317073170731, "tall_2+": 43.902439024390247 }, "geometry": { "type": "Polygon", "coordinates": [ [ [ -2.219239971168847, 53.812253405590546 ], [ -2.219345377053318, 53.812289164740065 ], [ -2.219450405292756, 53.812253020825132 ], [ -2.219450027472036, 53.812181117852731 ], [ -2.21934462176808, 53.812145358794524 ], [ -2.219239593704328, 53.812181502617427 ], [ -2.219239971168847, 53.812253405590546 ] ] ] } },
{ "type": "Feature", "properties": { "max_height": 6.9029998779296875, "mean_height": 1.7091243267059326, "std_height": 1.6960412263870239, "count_pixels": 41, "percent_cover": 0.16905822200230908, "percent_above_0.1m": 90.243902439024396, "low_level_<0.5": 17.073170731707318, "mid_level_0.5-2": 34.146341463414636, "tall_2+": 34.146341463414636 }, "geometry": { "type": "Polygon", "coordinates": [ [ [ -2.220818797187029, 53.812358365300135 ], [ -2.220924204657415, 53.812394123061132 ], [ -2.221029231808821, 53.81235797776452 ], [ -2.221028851314169, 53.812286074798955 ], [ -2.220923444024315, 53.812250317129234 ], [ -2.220818417048581, 53.812286462333823 ], [ -2.220818797187029, 53.812358365300135 ] ] ] } },
{ "type": "Feature", "properties": { "max_height": 6.8235015869140625, "mean_height": 2.1818504333496094, "std_height": 1.4187655448913574, "count_pixels": 41, "percent_cover": 0.16905822200230908, "percent_above_0.1m": 100.0, "low_level_<0.5": 7.3170731707317067, "mid_level_0.5-2": 36.585365853658537, "tall_2+": 56.09756097560976 }, "geometry": { "type": "Polygon", "coordinates": [ [ [ -2.220608362560365, 53.812358752466544 ], [ -2.220713769855085, 53.812394510412517 ], [ -2.220818797187028, 53.812358365300135 ], [ -2.22081841704858, 53.812286462333823 ], [ -2.220713009934391, 53.81225070447914 ], [ -2.22060798277812, 53.812286849499493 ], [ -2.220608362560365, 53.812358752466544 ] ] ] } },
{ "type": "Feature", "properties": { "max_height": 6.9335174560546875, "mean_height": 1.7379331588745117, "std_height": 1.8071024417877197, "count_pixels": 42, "percent_cover": 0.17318159327065807, "percent_above_0.1m": 85.714285714285708, "low_level_<0.5": 14.285714285714285, "mid_level_0.5-2": 33.333333333333329, "tall_2+": 33.333333333333329 }, "geometry": { "type": "Polygon", "coordinates": [ [ [ -2.220397927928834, 53.812359139263734 ], [ -2.220503335047884, 53.812394897394675 ], [ -2.220608362560364, 53.812358752466544 ], [ -2.220607982778119, 53.812286849499493 ], [ -2.220502575839597, 53.812251091459842 ], [ -2.220397548502792, 53.812287236295951 ], [ -2.220397927928834, 53.812359139263734 ] ] ] } },
{ "type": "Feature", "properties": { "max_height": 6.42376708984375, "mean_height": 2.0882315635681152, "std_height": 1.647120475769043, "count_pixels": 43, "percent_cover": 0.1773049645390071, "percent_above_0.1m": 83.720930232558146, "low_level_<0.5": 2.3255813953488373, "mid_level_0.5-2": 34.883720930232556, "tall_2+": 46.511627906976742 }, "geometry": { "type": "Polygon", "coordinates": [ [ [ -2.220187493292442, 53.812359525691718 ], [ -2.22029290023582, 53.812395284007636 ], [ -2.220397927928834, 53.812359139263734 ], [ -2.220397548502791, 53.812287236295951 ], [ -2.220292141739939, 53.812251478071325 ], [ -2.220187114222603, 53.812287622723197 ], [ -2.220187493292442, 53.812359525691718 ] ] ] } },
{ "type": "Feature", "properties": { "max_height": 11.26226806640625, "mean_height": 3.6241600513458252, "std_height": 2.4613299369812012, "count_pixels": 42, "percent_cover": 0.17318159327065807, "percent_above_0.1m": 95.238095238095227, "low_level_<0.5": 7.1428571428571423, "mid_level_0.5-2": 19.047619047619047, "tall_2+": 69.047619047619051 }, "geometry": { "type": "Polygon", "coordinates": [ [ [ -2.219977058651192, 53.812359911750484 ], [ -2.220082465418896, 53.812395670251369 ], [ -2.220187493292441, 53.812359525691718 ], [ -2.220187114222603, 53.812287622723197 ], [ -2.220081707635421, 53.812251864313588 ], [ -2.219976679937556, 53.812288008781231 ], [ -2.219977058651192, 53.812359911750484 ] ] ] } },
{ "type": "Feature", "properties": { "max_height": 7.946014404296875, "mean_height": 2.0865767002105713, "std_height": 2.0010170936584473, "count_pixels": 38, "percent_cover": 0.15668810819726209, "percent_above_0.1m": 94.73684210526315, "low_level_<0.5": 13.157894736842104, "mid_level_0.5-2": 39.473684210526315, "tall_2+": 36.84210526315789 }, "geometry": { "type": "Polygon", "coordinates": [ [ [ -2.21976662400509, 53.812360297440044 ], [ -2.219872030597117, 53.812396056125905 ], [ -2.219977058651192, 53.812359911750484 ], [ -2.219976679937555, 53.812288008781231 ], [ -2.219871273526048, 53.812252250186638 ], [ -2.219766245647657, 53.812288394470052 ], [ -2.21976662400509, 53.812360297440044 ] ] ] } },
{ "type": "Feature", "properties": { "max_height": 8.29876708984375, "mean_height": 3.4617781639099121, "std_height": 2.1368398666381836, "count_pixels": 42, "percent_cover": 0.17318159327065807, "percent_above_0.1m": 97.61904761904762, "low_level_<0.5": 4.7619047619047619, "mid_level_0.5-2": 21.428571428571427, "tall_2+": 71.428571428571431 }, "geometry": { "type": "Polygon", "coordinates": [ [ [ -2.219556189354139, 53.812360682760378 ], [ -2.219661595770488, 53.812396441631215 ], [ -2.219766624005089, 53.812360297440044 ], [ -2.219766245647656, 53.812288394470052 ], [ -2.219660839411826, 53.812252635690491 ], [ -2.219555811352909, 53.812288779789654 ], [ -2.219556189354139, 53.812360682760378 ] ] ] } },
{ "type": "Feature", "properties": { "max_height": 4.68475341796875, "mean_height": 0.85512030124664307, "std_height": 1.1949586868286133, "count_pixels": 43, "percent_cover": 0.1773049645390071, "percent_above_0.1m": 48.837209302325576, "low_level_<0.5": 9.3023255813953494, "mid_level_0.5-2": 20.930232558139537, "tall_2+": 18.604651162790699 }, "geometry": { "type": "Polygon", "coordinates": [ [ [ -2.219345754698345, 53.812361067711507 ], [ -2.219451160939013, 53.812396826767319 ], [ -2.219556189354138, 53.812360682760378 ], [ -2.219555811352909, 53.812288779789654 ], [ -2.219450405292757, 53.812253020825132 ], [ -2.219345377053319, 53.812289164740065 ], [ -2.219345754698345, 53.812361067711507 ] ] ] } },
{ "type": "Feature", "properties": { "max_height": 5.2190093994140625, "mean_height": 1.7682695388793945, "std_height": 1.5720243453979492, "count_pixels": 42, "percent_cover": 0.17318159327065807, "percent_above_0.1m": 85.714285714285708, "low_level_<0.5": 9.5238095238095237, "mid_level_0.5-2": 35.714285714285715, "tall_2+": 38.095238095238095 }, "geometry": { "type": "Polygon", "coordinates": [ [ [ -2.219135320037712, 53.81236145229343 ], [ -2.219240726102696, 53.812397211534211 ], [ -2.219345754698344, 53.812361067711507 ], [ -2.219345377053318, 53.812289164740065 ], [ -2.219239971168847, 53.812253405590546 ], [ -2.219134942748889, 53.812289549321235 ], [ -2.219135320037712, 53.81236145229343 ] ] ] } },
{ "type": "Feature", "properties": { "max_height": 5.8180084228515625, "mean_height": 1.1317830085754395, "std_height": 1.4852992296218872, "count_pixels": 43, "percent_cover": 0.1773049645390071, "percent_above_0.1m": 88.372093023255815, "low_level_<0.5": 23.255813953488371, "mid_level_0.5-2": 39.534883720930232, "tall_2+": 16.279069767441861 }, "geometry": { "type": "Polygon", "coordinates": [ [ [ -2.22092458497639, 53.812466026025774 ], [ -2.221029992802976, 53.812501783693072 ], [ -2.221135020130052, 53.812465638304452 ], [ -2.221134639454871, 53.812393735340542 ], [ -2.221029231808821, 53.81235797776452 ], [ -2.220924204657415, 53.812394123061132 ], [ -2.22092458497639, 53.812466026025774 ] ] ] } },
{ "type": "Feature", "properties": { "max_height": 5.522003173828125, "mean_height": 0.63736456632614136, "std_height": 1.2865828275680542, "count_pixels": 43, "percent_cover": 0.1773049645390071, "percent_above_0.1m": 37.209302325581397, "low_level_<0.5": 13.953488372093023, "mid_level_0.5-2": 9.3023255813953494, "tall_2+": 13.953488372093023 }, "geometry": { "type": "Polygon", "coordinates": [ [ [ -2.220714149817853, 53.812466413377891 ], [ -2.220819557468772, 53.812502171230179 ], [ -2.220924584976389, 53.812466026025774 ], [ -2.220924204657414, 53.812394123061132 ], [ -2.220818797187028, 53.812358365300135 ], [ -2.220713769855085, 53.812394510412517 ], [ -2.220714149817853, 53.812466413377891 ] ] ] } },
{ "type": "Feature", "properties": { "max_height": 5.0145111083984375, "mean_height": 1.305176854133606, "std_height": 1.2144215106964111, "count_pixels": 42, "percent_cover": 0.17318159327065807, "percent_above_0.1m": 80.952380952380949, "low_level_<0.5": 9.5238095238095237, "mid_level_0.5-2": 45.238095238095241, "tall_2+": 23.809523809523807 }, "geometry": { "type": "Polygon", "coordinates": [ [ [ -2.220503714654448, 53.812466800360809 ], [ -2.220609122129698, 53.812502558398059 ], [ -2.220714149817853, 53.812466413377891 ], [ -2.220713769855084, 53.812394510412517 ], [ -2.220608362560364, 53.812358752466544 ], [ -2.220503335047884, 53.812394897394675 ], [ -2.220503714654448, 53.812466800360809 ] ] ] } },
{ "type": "Feature", "properties": { "max_height": 4.553253173828125, "mean_height": 1.2706398963928223, "std_height": 1.3205326795578003, "count_pixels": 41, "percent_cover": 0.16905822200230908, "percent_above_0.1m": 75.609756097560975, "low_level_<0.5": 14.634146341463413, "mid_level_0.5-2": 36.585365853658537, "tall_2+": 24.390243902439025 }, "geometry": { "type": "Polygon", "coordinates": [ [ [ -2.220293279486178, 53.812467186974501 ], [ -2.220398686785756, 53.812502945196719 ], [ -2.220503714654447, 53.812466800360809 ], [ -2.220503335047884, 53.812394897394675 ], [ -2.220397927928834, 53.812359139263734 ], [ -2.22029290023582, 53.812395284007636 ], [ -2.220293279486178, 53.812467186974501 ] ] ] } },
{ "type": "Feature", "properties": { "max_height": 9.810760498046875, "mean_height": 1.7829861640930176, "std_height": 2.0560441017150879, "count_pixels": 41, "percent_cover": 0.16905822200230908, "percent_above_0.1m": 90.243902439024396, "low_level_<0.5": 4.8780487804878048, "mid_level_0.5-2": 51.219512195121951, "tall_2+": 26.829268292682929 }, "geometry": { "type": "Polygon", "coordinates": [ [ [ -2.220082844313048, 53.812467573218967 ], [ -2.220188251436952, 53.812503331626182 ], [ -2.220293279486178, 53.812467186974501 ], [ -2.220292900235819, 53.812395284007636 ], [ -2.220187493292441, 53.812359525691718 ], [ -2.220082465418896, 53.812395670251369 ], [ -2.220082844313048, 53.812467573218967 ] ] ] } },
{ "type": "Feature", "properties": { "max_height": 7.0130157470703125, "mean_height": 1.5816483497619629, "std_height": 1.7411965131759644, "count_pixels": 42, "percent_cover": 0.17318159327065807, "percent_above_0.1m": 78.571428571428569, "low_level_<0.5": 7.1428571428571423, "mid_level_0.5-2": 42.857142857142854, "tall_2+": 26.190476190476193 }, "geometry": { "type": "Polygon", "coordinates": [ [ [ -2.219872409135065, 53.812467959094242 ], [ -2.219977816083291, 53.812503717686418 ], [ -2.220082844313048, 53.812467573218967 ], [ -2.220082465418895, 53.812395670251369 ], [ -2.219977058651192, 53.812359911750484 ], [ -2.219872030597117, 53.812396056125905 ], [ -2.219872409135065, 53.812467959094242 ] ] ] } },
{ "type": "Feature", "properties": { "max_height": 6.553009033203125, "mean_height": 0.80203425884246826, "std_height": 1.4425113201141357, "count_pixels": 42, "percent_cover": 0.17318159327065807, "percent_above_0.1m": 40.476190476190474, "low_level_<0.5": 2.3809523809523809, "mid_level_0.5-2": 21.428571428571427, "tall_2+": 14.285714285714285 }, "geometry": { "type": "Polygon", "coordinates": [ [ [ -2.21966197395223, 53.812468344600298 ], [ -2.219767380724778, 53.812504103377428 ], [ -2.219872409135064, 53.812467959094242 ], [ -2.219872030597116, 53.812396056125905 ], [ -2.219766624005089, 53.812360297440044 ], [ -2.219661595770488, 53.812396441631215 ], [ -2.21966197395223, 53.812468344600298 ] ] ] } },
{ "type": "Feature", "properties": { "max_height": 0.021759033203125, "mean_height": -0.00027689119451679289, "std_height": 0.0078580444678664207, "count_pixels": 41, "percent_cover": 0.16905822200230908, "percent_above_0.1m": 0.0, "low_level_<0.5": 0.0, "mid_level_0.5-2": 0.0, "tall_2+": 0.0 }, "geometry": { "type": "Polygon", "coordinates": [ [ [ -2.219451538764549, 53.812468729737127 ], [ -2.219556945361416, 53.812504488699247 ], [ -2.219661973952229, 53.812468344600298 ], [ -2.219661595770487, 53.812396441631215 ], [ -2.219556189354138, 53.812360682760378 ], [ -2.219451160939013, 53.812396826767319 ], [ -2.219451538764549, 53.812468729737127 ] ] ] } },
{ "type": "Feature", "properties": { "max_height": 3.3647613525390625, "mean_height": 0.1967315673828125, "std_height": 0.61558926105499268, "count_pixels": 41, "percent_cover": 0.16905822200230908, "percent_above_0.1m": 12.195121951219512, "low_level_<0.5": 0.0, "mid_level_0.5-2": 9.7560975609756095, "tall_2+": 2.4390243902439024 }, "geometry": { "type": "Polygon", "coordinates": [ [ [ -2.219241103572027, 53.812469114504744 ], [ -2.21934650999321, 53.812504873651847 ], [ -2.219451538764548, 53.812468729737127 ], [ -2.219451160939012, 53.812396826767319 ], [ -2.219345754698344, 53.812361067711507 ], [ -2.219240726102696, 53.812397211534211 ], [ -2.219241103572027, 53.812469114504744 ] ] ] } },
{ "type": "Feature", "properties": { "max_height": 7.3282623291015625, "mean_height": 3.1612174510955811, "std_height": 2.1598529815673828, "count_pixels": 42, "percent_cover": 0.17318159327065807, "percent_above_0.1m": 92.857142857142861, "low_level_<0.5": 9.5238095238095237, "mid_level_0.5-2": 21.428571428571427, "tall_2+": 61.904761904761905 }, "geometry": { "type": "Polygon", "coordinates": [ [ [ -2.219030668374668, 53.812469498903162 ], [ -2.219136074620166, 53.812505258235227 ], [ -2.219241103572025, 53.812469114504744 ], [ -2.219240726102695, 53.812397211534211 ], [ -2.219135320037711, 53.81236145229343 ], [ -2.219030291261543, 53.812397595931891 ], [ -2.219030668374668, 53.812469498903162 ] ] ] } },
{ "type": "Feature", "properties": { "max_height": 3.2415008544921875, "mean_height": 0.72894918918609619, "std_height": 0.85824447870254517, "count_pixels": 41, "percent_cover": 0.16905822200230908, "percent_above_0.1m": 60.975609756097562, "low_level_<0.5": 14.634146341463413, "mid_level_0.5-2": 34.146341463414636, "tall_2+": 7.3170731707317067 }, "geometry": { "type": "Polygon", "coordinates": [ [ [ -2.221030373302479, 53.812573686656059 ], [ -2.221135781485267, 53.812609444229665 ], [ -2.221240808988014, 53.812573298749001 ], [ -2.221240428132303, 53.812501395786768 ], [ -2.221135020130053, 53.812465638304452 ], [ -2.221029992802976, 53.812501783693072 ], [ -2.221030373302479, 53.812573686656059 ] ] ] } },
{ "type": "Feature", "properties": { "max_height": 2.8430023193359375, "mean_height": 0.11939890682697296, "std_height": 0.49130365252494812, "count_pixels": 41, "percent_cover": 0.16905822200230908, "percent_above_0.1m": 7.3170731707317067, "low_level_<0.5": 0.0, "mid_level_0.5-2": 4.8780487804878048, "tall_2+": 2.4390243902439024 }, "geometry": { "type": "Polygon", "coordinates": [ [ [ -2.220819937612069, 53.81257407419389 ], [ -2.220925345619188, 53.812609831952479 ], [ -2.221030373302479, 53.812573686656059 ], [ -2.221029992802976, 53.812501783693072 ], [ -2.22092458497639, 53.812466026025774 ], [ -2.220819557468773, 53.812502171230179 ], [ -2.220819937612069, 53.81257407419389 ] ] ] } },
{ "type": "Feature", "properties": { "max_height": 0.0130157470703125, "mean_height": -0.0016486935783177614, "std_height": 0.0070761935785412788, "count_pixels": 41, "percent_cover": 0.16905822200230908, "percent_above_0.1m": 0.0, "low_level_<0.5": 0.0, "mid_level_0.5-2": 0.0, "tall_2+": 0.0 }, "geometry": { "type": "Polygon", "coordinates": [ [ [ -2.220609501916786, 53.812574461362516 ], [ -2.220714909748236, 53.812610219306087 ], [ -2.220819937612067, 53.81257407419389 ], [ -2.220819557468772, 53.812502171230179 ], [ -2.220714149817853, 53.812466413377891 ], [ -2.220609122129698, 53.812502558398059 ], [ -2.220609501916786, 53.812574461362516 ] ] ] } },
{ "type": "Feature", "properties": { "max_height": 5.9555206298828125, "mean_height": 1.4922710657119751, "std_height": 1.5841301679611206, "count_pixels": 42, "percent_cover": 0.17318159327065807, "percent_above_0.1m": 71.428571428571431, "low_level_<0.5": 7.1428571428571423, "mid_level_0.5-2": 26.190476190476193, "tall_2+": 35.714285714285715 }, "geometry": { "type": "Polygon", "coordinates": [ [ [ -2.220399066216637, 53.812574848161915 ], [ -2.220504473872416, 53.812610606290463 ], [ -2.220609501916785, 53.812574461362516 ], [ -2.220609122129698, 53.812502558398059 ], [ -2.220503714654448, 53.812466800360809 ], [ -2.220398686785757, 53.812502945196719 ], [ -2.220399066216637, 53.812574848161915 ] ] ] } },
{ "type": "Feature", "properties": { "max_height": 7.271514892578125, "mean_height": 1.8849291801452637, "std_height": 2.1332285404205322, "count_pixels": 43, "percent_cover": 0.1773049645390071, "percent_above_0.1m": 67.441860465116278, "low_level_<0.5": 9.3023255813953494, "mid_level_0.5-2": 16.279069767441861, "tall_2+": 39.534883720930232 }, "geometry": { "type": "Polygon", "coordinates": [ [ [ -2.220188630511625, 53.81257523459211 ], [ -2.22029403799173, 53.812610992905633 ], [ -2.220399066216636, 53.812574848161915 ], [ -2.220398686785756, 53.812502945196719 ], [ -2.220293279486178, 53.812467186974501 ], [ -2.220188251436953, 53.812503331626182 ], [ -2.220188630511625, 53.81257523459211 ] ] ] } },
{ "type": "Feature", "properties": { "max_height": 0.7545013427734375, "mean_height": 0.04821014404296875, "std_height": 0.15488328039646149, "count_pixels": 42, "percent_cover": 0.17318159327065807, "percent_above_0.1m": 9.5238095238095237, "low_level_<0.5": 4.7619047619047619, "mid_level_0.5-2": 4.7619047619047619, "tall_2+": 0.0 }, "geometry": { "type": "Polygon", "coordinates": [ [ [ -2.219978194801757, 53.812575620653092 ], [ -2.220083602106185, 53.812611379151583 ], [ -2.220188630511625, 53.81257523459211 ], [ -2.220188251436952, 53.812503331626182 ], [ -2.220082844313048, 53.812467573218967 ], [ -2.219977816083292, 53.812503717686418 ], [ -2.219978194801757, 53.812575620653092 ] ] ] } },
{ "type": "Feature", "properties": { "max_height": 0.0377655029296875, "mean_height": 0.0036488582845777273, "std_height": 0.013822553679347038, "count_pixels": 38, "percent_cover": 0.15668810819726209, "percent_above_0.1m": 0.0, "low_level_<0.5": 0.0, "mid_level_0.5-2": 0.0, "tall_2+": 0.0 }, "geometry": { "type": "Polygon", "coordinates": [ [ [ -2.219767759087035, 53.812576006344841 ], [ -2.219873166215785, 53.812611765028322 ], [ -2.219978194801755, 53.812575620653092 ], [ -2.219977816083291, 53.812503717686418 ], [ -2.219872409135065, 53.812467959094242 ], [ -2.219767380724778, 53.812504103377428 ], [ -2.219767759087035, 53.812576006344841 ] ] ] } },
{ "type": "Feature", "properties": { "max_height": 0.0182647705078125, "mean_height": -0.0018891834188252687, "std_height": 0.0071772732771933079, "count_pixels": 42, "percent_cover": 0.17318159327065807, "percent_above_0.1m": 0.0, "low_level_<0.5": 0.0, "mid_level_0.5-2": 0.0, "tall_2+": 0.0 }, "geometry": { "type": "Polygon", "coordinates": [ [ [ -2.219557323367466, 53.812576391667392 ], [ -2.219662730320534, 53.812612150535834 ], [ -2.219767759087034, 53.812576006344841 ], [ -2.219767380724778, 53.812504103377428 ], [ -2.21966197395223, 53.812468344600298 ], [ -2.219556945361417, 53.812504488699247 ], [ -2.219557323367466, 53.812576391667392 ] ] ] } },
{ "type": "Feature", "properties": { "max_height": 0.68975830078125, "mean_height": 0.028393412008881569, "std_height": 0.11964086443185806, "count_pixels": 43, "percent_cover": 0.1773049645390071, "percent_above_0.1m": 9.3023255813953494, "low_level_<0.5": 4.6511627906976747, "mid_level_0.5-2": 2.3255813953488373, "tall_2+": 0.0 }, "geometry": { "type": "Polygon", "coordinates": [ [ [ -2.219346887643052, 53.812576776620709 ], [ -2.219452294420437, 53.812612535674134 ], [ -2.219557323367464, 53.812576391667392 ], [ -2.219556945361416, 53.812504488699247 ], [ -2.219451538764549, 53.812468729737127 ], [ -2.219346509993211, 53.812504873651847 ], [ -2.219346887643052, 53.812576776620709 ] ] ] } },
{ "type": "Feature", "properties": { "max_height": 2.21575927734375, "mean_height": 0.15035974979400635, "std_height": 0.49893802404403687, "count_pixels": 42, "percent_cover": 0.17318159327065807, "percent_above_0.1m": 9.5238095238095237, "low_level_<0.5": 0.0, "mid_level_0.5-2": 7.1428571428571423, "tall_2+": 2.3809523809523809 }, "geometry": { "type": "Polygon", "coordinates": [ [ [ -2.219136451913799, 53.812577161204835 ], [ -2.219241858515499, 53.812612920443222 ], [ -2.219346887643051, 53.812576776620709 ], [ -2.21934650999321, 53.812504873651847 ], [ -2.219241103572027, 53.812469114504744 ], [ -2.219136074620167, 53.812505258235227 ], [ -2.219136451913799, 53.812577161204835 ] ] ] } },
{ "type": "Feature", "properties": { "max_height": 6.337005615234375, "mean_height": 3.0453088283538818, "std_height": 1.6147309541702271, "count_pixels": 41, "percent_cover": 0.16905822200230908, "percent_above_0.1m": 95.121951219512198, "low_level_<0.5": 4.8780487804878048, "mid_level_0.5-2": 17.073170731707318, "tall_2+": 73.170731707317074 }, "geometry": { "type": "Polygon", "coordinates": [ [ [ -2.218926016179713, 53.812577545419721 ], [ -2.219031422605725, 53.812613304843097 ], [ -2.219136451913799, 53.812577161204835 ], [ -2.219136074620166, 53.812505258235227 ], [ -2.219030668374668, 53.812469498903162 ], [ -2.218925639242289, 53.812505642449395 ], [ -2.218926016179713, 53.812577545419721 ] ] ] } },
{ "type": "Feature", "properties": { "max_height": 3.18426513671875, "mean_height": 0.23404212296009064, "std_height": 0.70984828472137451, "count_pixels": 38, "percent_cover": 0.15668810819726209, "percent_above_0.1m": 18.421052631578945, "low_level_<0.5": 10.526315789473683, "mid_level_0.5-2": 2.6315789473684208, "tall_2+": 5.2631578947368416 }, "geometry": { "type": "Polygon", "coordinates": [ [ [ -2.221136162165301, 53.812681347190981 ], [ -2.221241570704292, 53.812717104670888 ], [ -2.22134659838271, 53.812680959098202 ], [ -2.221346217346465, 53.812609056137632 ], [ -2.221240808988014, 53.812573298749001 ], [ -2.221135781485267, 53.812609444229665 ], [ -2.221136162165301, 53.812681347190981 ] ] ] } },
{ "type": "Feature", "properties": { "max_height": 4.6537628173828125, "mean_height": 0.36086538434028625, "std_height": 1.0521637201309204, "count_pixels": 43, "percent_cover": 0.1773049645390071, "percent_above_0.1m": 11.627906976744185, "low_level_<0.5": 0.0, "mid_level_0.5-2": 2.3255813953488373, "tall_2+": 9.3023255813953494 }, "geometry": { "type": "Polygon", "coordinates": [ [ [ -2.220925725943012, 53.812681734914527 ], [ -2.221031134306336, 53.812717492579424 ], [ -2.221136162165299, 53.812681347190981 ], [ -2.221135781485266, 53.812609444229665 ], [ -2.221030373302479, 53.812573686656059 ], [ -2.220925345619188, 53.812609831952479 ], [ -2.220925725943012, 53.812681734914527 ] ] ] } },
{ "type": "Feature", "properties": { "max_height": 0.010009765625, "mean_height": -0.00032398311304859817, "std_height": 0.0049792095087468624, "count_pixels": 43, "percent_cover": 0.1773049645390071, "percent_above_0.1m": 0.0, "low_level_<0.5": 0.0, "mid_level_0.5-2": 0.0, "tall_2+": 0.0 }, "geometry": { "type": "Polygon", "coordinates": [ [ [ -2.22071528971585, 53.812682122268875 ], [ -2.220820697903505, 53.81271788011874 ], [ -2.220925725943011, 53.812681734914527 ], [ -2.220925345619188, 53.812609831952479 ], [ -2.220819937612067, 53.81257407419389 ], [ -2.220714909748236, 53.812610219306087 ], [ -2.22071528971585, 53.812682122268875 ] ] ] } },
{ "type": "Feature", "properties": { "max_height": 6.2202606201171875, "mean_height": 1.69793701171875, "std_height": 1.8970835208892822, "count_pixels": 42, "percent_cover": 0.17318159327065807, "percent_above_0.1m": 61.904761904761905, "low_level_<0.5": 7.1428571428571423, "mid_level_0.5-2": 14.285714285714285, "tall_2+": 40.476190476190474 }, "geometry": { "type": "Polygon", "coordinates": [ [ [ -2.22050485348382, 53.812682509253989 ], [ -2.220610261495803, 53.81271826728883 ], [ -2.22071528971585, 53.812682122268875 ], [ -2.220714909748235, 53.812610219306087 ], [ -2.220609501916785, 53.812574461362516 ], [ -2.220504473872416, 53.812610606290463 ], [ -2.22050485348382, 53.812682509253989 ] ] ] } },
{ "type": "Feature", "properties": { "max_height": 5.458251953125, "mean_height": 1.5613731145858765, "std_height": 1.6048635244369507, "count_pixels": 41, "percent_cover": 0.16905822200230908, "percent_above_0.1m": 63.414634146341463, "low_level_<0.5": 0.0, "mid_level_0.5-2": 29.268292682926827, "tall_2+": 34.146341463414636 }, "geometry": { "type": "Polygon", "coordinates": [ [ [ -2.220294417246924, 53.812682895869898 ], [ -2.220399825083233, 53.812718654089714 ], [ -2.220504853483819, 53.812682509253989 ], [ -2.220504473872415, 53.812610606290463 ], [ -2.220399066216636, 53.812574848161915 ], [ -2.22029403799173, 53.812610992905633 ], [ -2.220294417246924, 53.812682895869898 ] ] ] } },
{ "type": "Feature", "properties": { "max_height": 0.0182647705078125, "mean_height": -0.0011678555747494102, "std_height": 0.0067586805671453476, "count_pixels": 41, "percent_cover": 0.16905822200230908, "percent_above_0.1m": 0.0, "low_level_<0.5": 0.0, "mid_level_0.5-2": 0.0, "tall_2+": 0.0 }, "geometry": { "type": "Polygon", "coordinates": [ [ [ -2.220083981005168, 53.812683282116588 ], [ -2.220189388665801, 53.81271904052138 ], [ -2.220294417246923, 53.812682895869898 ], [ -2.220294037991729, 53.812610992905633 ], [ -2.220188630511625, 53.81257523459211 ], [ -2.220083602106185, 53.812611379151583 ], [ -2.220083981005168, 53.812683282116588 ] ] ] } },
{ "type": "Feature", "properties": { "max_height": 0.016510009765625, "mean_height": -0.00010862804629141465, "std_height": 0.0083784777671098709, "count_pixels": 42, "percent_cover": 0.17318159327065807, "percent_above_0.1m": 0.0, "low_level_<0.5": 0.0, "mid_level_0.5-2": 0.0, "tall_2+": 0.0 }, "geometry": { "type": "Polygon", "coordinates": [ [ [ -2.219873544758558, 53.812683667994051 ], [ -2.219978952243512, 53.812719426583818 ], [ -2.220083981005168, 53.812683282116588 ], [ -2.220083602106184, 53.812611379151583 ], [ -2.219978194801755, 53.812575620653092 ], [ -2.219873166215785, 53.812611765028322 ], [ -2.219873544758558, 53.812683667994051 ] ] ] } },
{ "type": "Feature", "properties": { "max_height": 0.0287628173828125, "mean_height": -0.0022568474523723125, "std_height": 0.0097357528284192085, "count_pixels": 42, "percent_cover": 0.17318159327065807, "percent_above_0.1m": 0.0, "low_level_<0.5": 0.0, "mid_level_0.5-2": 0.0, "tall_2+": 0.0 }, "geometry": { "type": "Polygon", "coordinates": [ [ [ -2.219663108507097, 53.812684053502302 ], [ -2.219768515816371, 53.812719812277059 ], [ -2.219873544758558, 53.812683667994051 ], [ -2.219873166215784, 53.812611765028322 ], [ -2.219767759087034, 53.812576006344841 ], [ -2.219662730320534, 53.812612150535834 ], [ -2.219663108507097, 53.812684053502302 ] ] ] } },
{ "type": "Feature", "properties": { "max_height": 0.011505126953125, "mean_height": -0.0038318168371915817, "std_height": 0.0085618281736969948, "count_pixels": 41, "percent_cover": 0.16905822200230908, "percent_above_0.1m": 0.0, "low_level_<0.5": 0.0, "mid_level_0.5-2": 0.0, "tall_2+": 0.0 }, "geometry": { "type": "Polygon", "coordinates": [ [ [ -2.21945267225079, 53.812684438641348 ], [ -2.21955807938438, 53.812720197601074 ], [ -2.219663108507097, 53.812684053502302 ], [ -2.219662730320533, 53.812612150535834 ], [ -2.219557323367464, 53.812576391667392 ], [ -2.219452294420437, 53.812612535674134 ], [ -2.21945267225079, 53.812684438641348 ] ] ] } },
{ "type": "Feature", "properties": { "max_height": 0.0095062255859375, "mean_height": -0.0024287526030093431, "std_height": 0.0058789690956473351, "count_pixels": 41, "percent_cover": 0.16905822200230908, "percent_above_0.1m": 0.0, "low_level_<0.5": 0.0, "mid_level_0.5-2": 0.0, "tall_2+": 0.0 }, "geometry": { "type": "Polygon", "coordinates": [ [ [ -2.219242235989642, 53.812684823411153 ], [ -2.219347642947547, 53.812720582555869 ], [ -2.219452672250789, 53.812684438641348 ], [ -2.219452294420436, 53.812612535674134 ], [ -2.219346887643051, 53.812576776620709 ], [ -2.219241858515499, 53.812612920443222 ], [ -2.219242235989642, 53.812684823411153 ] ] ] } },
{ "type": "Feature", "properties": { "max_height": 3.433502197265625, "mean_height": 0.63086593151092529, "std_height": 0.89206582307815552, "count_pixels": 42, "percent_cover": 0.17318159327065807, "percent_above_0.1m": 47.619047619047613, "low_level_<0.5": 9.5238095238095237, "mid_level_0.5-2": 26.190476190476193, "tall_2+": 11.904761904761903 }, "geometry": { "type": "Polygon", "coordinates": [ [ [ -2.219031799723657, 53.812685207811761 ], [ -2.219137206505874, 53.812720967141438 ], [ -2.219242235989642, 53.812684823411153 ], [ -2.219241858515498, 53.812612920443222 ], [ -2.219136451913799, 53.812577161204835 ], [ -2.219031422605725, 53.812613304843097 ], [ -2.219031799723657, 53.812685207811761 ] ] ] } },
{ "type": "Feature", "properties": { "max_height": 4.8695068359375, "mean_height": 1.2432996034622192, "std_height": 1.1778483390808105, "count_pixels": 43, "percent_cover": 0.1773049645390071, "percent_above_0.1m": 76.744186046511629, "low_level_<0.5": 11.627906976744185, "mid_level_0.5-2": 34.883720930232556, "tall_2+": 27.906976744186046 }, "geometry": { "type": "Polygon", "coordinates": [ [ [ -2.218821363452841, 53.812685591843149 ], [ -2.218926770059367, 53.812721351357801 ], [ -2.219031799723656, 53.812685207811761 ], [ -2.219031422605724, 53.812613304843097 ], [ -2.218926016179712, 53.812577545419721 ], [ -2.218820986691119, 53.812613688873746 ], [ -2.218821363452841, 53.812685591843149 ] ] ] } },
{ "type": "Feature", "properties": { "max_height": 5.5325164794921875, "mean_height": 1.7921332120895386, "std_height": 1.9504016637802124, "count_pixels": 41, "percent_cover": 0.16905822200230908, "percent_above_0.1m": 53.658536585365859, "low_level_<0.5": 0.0, "mid_level_0.5-2": 14.634146341463413, "tall_2+": 39.024390243902438 }, "geometry": { "type": "Polygon", "coordinates": [ [ [ -2.221031514810692, 53.812789395539816 ], [ -2.221136923530223, 53.812825153111007 ], [ -2.221241951564858, 53.812789007630542 ], [ -2.221241570704292, 53.812717104670888 ], [ -2.221136162165301, 53.812681347190981 ], [ -2.221031134306337, 53.812717492579424 ], [ -2.221031514810692, 53.812789395539816 ] ] ] } },
{ "type": "Feature", "properties": { "max_height": 4.0762481689453125, "mean_height": 0.32501554489135742, "std_height": 0.92483079433441162, "count_pixels": 41, "percent_cover": 0.16905822200230908, "percent_above_0.1m": 19.512195121951219, "low_level_<0.5": 2.4390243902439024, "mid_level_0.5-2": 4.8780487804878048, "tall_2+": 7.3170731707317067 }, "geometry": { "type": "Polygon", "coordinates": [ [ [ -2.220821078051648, 53.812789783079857 ], [ -2.22092648659551, 53.812825540836045 ], [ -2.221031514810691, 53.812789395539816 ], [ -2.221031134306336, 53.812717492579424 ], [ -2.220925725943012, 53.812681734914527 ], [ -2.220820697903506, 53.81271788011874 ], [ -2.220821078051648, 53.812789783079857 ] ] ] } },
{ "type": "Feature", "properties": { "max_height": 6.03375244140625, "mean_height": 0.70215290784835815, "std_height": 1.2906924486160278, "count_pixels": 41, "percent_cover": 0.16905822200230908, "percent_above_0.1m": 41.463414634146339, "low_level_<0.5": 4.8780487804878048, "mid_level_0.5-2": 24.390243902439025, "tall_2+": 12.195121951219512 }, "geometry": { "type": "Polygon", "coordinates": [ [ [ -2.220610641287733, 53.8127901702507 ], [ -2.220716049655923, 53.812825928191863 ], [ -2.220821078051648, 53.812789783079857 ], [ -2.220820697903505, 53.81271788011874 ], [ -2.22071528971585, 53.812682122268875 ], [ -2.220610261495803, 53.81271826728883 ], [ -2.220610641287733, 53.8127901702507 ] ] ] } },
{ "type": "Feature", "properties": { "max_height": 2.725006103515625, "mean_height": 0.27928414940834045, "std_height": 0.69704484939575195, "count_pixels": 42, "percent_cover": 0.17318159327065807, "percent_above_0.1m": 16.666666666666664, "low_level_<0.5": 0.0, "mid_level_0.5-2": 9.5238095238095237, "tall_2+": 7.1428571428571423 }, "geometry": { "type": "Polygon", "coordinates": [ [ [ -2.220400204518952, 53.812790557052324 ], [ -2.220505612711467, 53.812826315178455 ], [ -2.220610641287732, 53.8127901702507 ], [ -2.220610261495803, 53.81271826728883 ], [ -2.22050485348382, 53.812682509253989 ], [ -2.220399825083234, 53.812718654089714 ], [ -2.220400204518952, 53.812790557052324 ] ] ] } },
{ "type": "Feature", "properties": { "max_height": 0.03326416015625, "mean_height": -0.0016582399839535356, "std_height": 0.010930625721812248, "count_pixels": 43, "percent_cover": 0.1773049645390071, "percent_above_0.1m": 0.0, "low_level_<0.5": 0.0, "mid_level_0.5-2": 0.0, "tall_2+": 0.0 }, "geometry": { "type": "Polygon", "coordinates": [ [ [ -2.220189767745307, 53.812790943484721 ], [ -2.220295175762146, 53.812826701795835 ], [ -2.22040020451895, 53.812790557052324 ], [ -2.220399825083233, 53.812718654089714 ], [ -2.220294417246924, 53.812682895869898 ], [ -2.220189388665802, 53.81271904052138 ], [ -2.220189767745307, 53.812790943484721 ] ] ] } },
{ "type": "Feature", "properties": { "max_height": 0.00701904296875, "mean_height": -0.0012087140930816531, "std_height": 0.0047055156901478767, "count_pixels": 42, "percent_cover": 0.17318159327065807, "percent_above_0.1m": 0.0, "low_level_<0.5": 0.0, "mid_level_0.5-2": 0.0, "tall_2+": 0.0 }, "geometry": { "type": "Polygon", "coordinates": [ [ [ -2.219979330966806, 53.812791329547892 ], [ -2.220084738807966, 53.812827088044003 ], [ -2.220189767745306, 53.812790943484721 ], [ -2.220189388665801, 53.81271904052138 ], [ -2.220083981005168, 53.812683282116588 ], [ -2.219978952243513, 53.812719426583818 ], [ -2.219979330966806, 53.812791329547892 ] ] ] } },
{ "type": "Feature", "properties": { "max_height": 0.016510009765625, "mean_height": 0.0032525314018130302, "std_height": 0.0073072039522230625, "count_pixels": 38, "percent_cover": 0.15668810819726209, "percent_above_0.1m": 0.0, "low_level_<0.5": 0.0, "mid_level_0.5-2": 0.0, "tall_2+": 0.0 }, "geometry": { "type": "Polygon", "coordinates": [ [ [ -2.219768894183451, 53.812791715241865 ], [ -2.219874301848931, 53.812827473922937 ], [ -2.219979330966805, 53.812791329547892 ], [ -2.219978952243512, 53.812719426583818 ], [ -2.219873544758558, 53.812683667994051 ], [ -2.219768515816372, 53.812719812277059 ], [ -2.219768894183451, 53.812791715241865 ] ] ] } },
{ "type": "Feature", "properties": { "max_height": 0.0130157470703125, "mean_height": -0.0021202450152486563, "std_height": 0.0072120921686291695, "count_pixels": 42, "percent_cover": 0.17318159327065807, "percent_above_0.1m": 0.0, "low_level_<0.5": 0.0, "mid_level_0.5-2": 0.0, "tall_2+": 0.0 }, "geometry": { "type": "Polygon", "coordinates": [ [ [ -2.219558457395248, 53.812792100566618 ], [ -2.219663864885045, 53.812827859432652 ], [ -2.219768894183451, 53.812791715241865 ], [ -2.219768515816371, 53.812719812277059 ], [ -2.219663108507097, 53.812684053502302 ], [ -2.219558079384381, 53.812720197601074 ], [ -2.219558457395248, 53.812792100566618 ] ] ] } },
{ "type": "Feature", "properties": { "max_height": 0.03875732421875, "mean_height": 0.0028580066282302141, "std_height": 0.014547614380717278, "count_pixels": 43, "percent_cover": 0.1773049645390071, "percent_above_0.1m": 0.0, "low_level_<0.5": 0.0, "mid_level_0.5-2": 0.0, "tall_2+": 0.0 }, "geometry": { "type": "Polygon", "coordinates": [ [ [ -2.219348020602202, 53.812792485522138 ], [ -2.219453427916313, 53.812828244573161 ], [ -2.219558457395248, 53.812792100566618 ], [ -2.21955807938438, 53.812720197601074 ], [ -2.21945267225079, 53.812684438641348 ], [ -2.219347642947548, 53.812720582555869 ], [ -2.219348020602202, 53.812792485522138 ] ] ] } },
{ "type": "Feature", "properties": { "max_height": 6.688262939453125, "mean_height": 1.598997950553894, "std_height": 1.8558832406997681, "count_pixels": 42, "percent_cover": 0.17318159327065807, "percent_above_0.1m": 66.666666666666657, "low_level_<0.5": 4.7619047619047619, "mid_level_0.5-2": 28.571428571428569, "tall_2+": 33.333333333333329 }, "geometry": { "type": "Polygon", "coordinates": [ [ [ -2.219137583804317, 53.812792870108446 ], [ -2.21924299094274, 53.812828629344438 ], [ -2.219348020602201, 53.812792485522138 ], [ -2.219347642947547, 53.812720582555869 ], [ -2.219242235989642, 53.812684823411153 ], [ -2.219137206505874, 53.812720967141438 ], [ -2.219137583804317, 53.812792870108446 ] ] ] } },
{ "type": "Feature", "properties": { "max_height": 6.5512542724609375, "mean_height": 2.3769676685333252, "std_height": 2.3905744552612305, "count_pixels": 41, "percent_cover": 0.16905822200230908, "percent_above_0.1m": 73.170731707317074, "low_level_<0.5": 4.8780487804878048, "mid_level_0.5-2": 19.512195121951219, "tall_2+": 43.902439024390247 }, "geometry": { "type": "Polygon", "coordinates": [ [ [ -2.218927147001597, 53.812793254325527 ], [ -2.219032553964329, 53.812829013746509 ], [ -2.219137583804316, 53.812792870108446 ], [ -2.219137206505874, 53.812720967141438 ], [ -2.219031799723657, 53.812685207811761 ], [ -2.218926770059368, 53.812721351357801 ], [ -2.218927147001597, 53.812793254325527 ] ] ] } },
{ "type": "Feature", "properties": { "max_height": 3.24676513671875, "mean_height": 0.89931541681289673, "std_height": 0.96706479787826538, "count_pixels": 41, "percent_cover": 0.16905822200230908, "percent_above_0.1m": 65.853658536585371, "low_level_<0.5": 9.7560975609756095, "mid_level_0.5-2": 41.463414634146339, "tall_2+": 9.7560975609756095 }, "geometry": { "type": "Polygon", "coordinates": [ [ [ -2.218716710194047, 53.81279363817341 ], [ -2.218822116981087, 53.812829397779346 ], [ -2.218927147001596, 53.812793254325527 ], [ -2.218926770059367, 53.812721351357801 ], [ -2.218821363452841, 53.812685591843149 ], [ -2.21871633360803, 53.812721735204939 ], [ -2.218716710194047, 53.81279363817341 ] ] ] } },
{ "type": "Feature", "properties": { "max_height": 11.4732666015625, "mean_height": 3.6022717952728271, "std_height": 3.7043559551239014, "count_pixels": 43, "percent_cover": 0.1773049645390071, "percent_above_0.1m": 76.744186046511629, "low_level_<0.5": 6.9767441860465116, "mid_level_0.5-2": 23.255813953488371, "tall_2+": 46.511627906976742 }, "geometry": { "type": "Polygon", "coordinates": [ [ [ -2.220926866924183, 53.812897443795499 ], [ -2.221032275824252, 53.81293320145798 ], [ -2.221137304215109, 53.812897056069716 ], [ -2.221136923530222, 53.812825153111007 ], [ -2.221031514810691, 53.812789395539816 ], [ -2.22092648659551, 53.812825540836045 ], [ -2.220926866924183, 53.812897443795499 ] ] ] } },
{ "type": "Feature", "properties": { "max_height": 2.43475341796875, "mean_height": 0.26335251331329346, "std_height": 0.54849410057067871, "count_pixels": 43, "percent_cover": 0.1773049645390071, "percent_above_0.1m": 27.906976744186046, "low_level_<0.5": 6.9767441860465116, "mid_level_0.5-2": 13.953488372093023, "tall_2+": 4.6511627906976747 }, "geometry": { "type": "Polygon", "coordinates": [ [ [ -2.220716429628381, 53.81289783115205 ], [ -2.220821838352779, 53.812933588999513 ], [ -2.220926866924182, 53.812897443795499 ], [ -2.220926486595508, 53.812825540836045 ], [ -2.220821078051648, 53.812789783079857 ], [ -2.220716049655923, 53.812825928191863 ], [ -2.220716429628381, 53.81289783115205 ] ] ] } },
{ "type": "Feature", "properties": { "max_height": 1.579254150390625, "mean_height": 0.18420664966106415, "std_height": 0.38909965753555298, "count_pixels": 42, "percent_cover": 0.17318159327065807, "percent_above_0.1m": 23.809523809523807, "low_level_<0.5": 7.1428571428571423, "mid_level_0.5-2": 16.666666666666664, "tall_2+": 0.0 }, "geometry": { "type": "Polygon", "coordinates": [ [ [ -2.22050599232771, 53.812898218139388 ], [ -2.220611400876435, 53.81293397617182 ], [ -2.22071642962838, 53.81289783115205 ], [ -2.220716049655922, 53.812825928191863 ], [ -2.220610641287732, 53.8127901702507 ], [ -2.220505612711467, 53.812826315178455 ], [ -2.22050599232771, 53.812898218139388 ] ] ] } },
{ "type": "Feature", "properties": { "max_height": 0.147247314453125, "mean_height": 0.009552001953125, "std_height": 0.032032541930675507, "count_pixels": 41, "percent_cover": 0.16905822200230908, "percent_above_0.1m": 4.8780487804878048, "low_level_<0.5": 0.0, "mid_level_0.5-2": 0.0, "tall_2+": 0.0 }, "geometry": { "type": "Polygon", "coordinates": [ [ [ -2.220295555022176, 53.8128986047575 ], [ -2.220400963395223, 53.812934362974921 ], [ -2.22050599232771, 53.812898218139388 ], [ -2.220505612711466, 53.812826315178455 ], [ -2.22040020451895, 53.812790557052324 ], [ -2.220295175762146, 53.812826701795835 ], [ -2.220295555022176, 53.8128986047575 ] ] ] } },
{ "type": "Feature", "properties": { "max_height": 0.0257568359375, "mean_height": 0.0024670856073498726, "std_height": 0.0073881936259567738, "count_pixels": 41, "percent_cover": 0.16905822200230908, "percent_above_0.1m": 0.0, "low_level_<0.5": 0.0, "mid_level_0.5-2": 0.0, "tall_2+": 0.0 }, "geometry": { "type": "Polygon", "coordinates": [ [ [ -2.22008511771178, 53.812898991006399 ], [ -2.22019052590915, 53.812934749408797 ], [ -2.220295555022175, 53.8128986047575 ], [ -2.220295175762145, 53.812826701795835 ], [ -2.220189767745306, 53.812790943484721 ], [ -2.220084738807966, 53.812827088044003 ], [ -2.22008511771178, 53.812898991006399 ] ] ] } },
{ "type": "Feature", "properties": { "max_height": 0.0517578125, "mean_height": 0.0010397775331512094, "std_height": 0.011804490350186825, "count_pixels": 42, "percent_cover": 0.17318159327065807, "percent_above_0.1m": 0.0, "low_level_<0.5": 0.0, "mid_level_0.5-2": 0.0, "tall_2+": 0.0 }, "geometry": { "type": "Polygon", "coordinates": [ [ [ -2.21987468039653, 53.812899376886072 ], [ -2.219980088418218, 53.812935135473445 ], [ -2.22008511771178, 53.812898991006399 ], [ -2.220084738807965, 53.812827088044003 ], [ -2.219979330966805, 53.812791329547892 ], [ -2.219874301848931, 53.812827473922937 ], [ -2.21987468039653, 53.812899376886072 ] ] ] } },
{ "type": "Feature", "properties": { "max_height": 0.03375244140625, "mean_height": -0.00071861629839986563, "std_height": 0.0078838309273123741, "count_pixels": 42, "percent_cover": 0.17318159327065807, "percent_above_0.1m": 0.0, "low_level_<0.5": 0.0, "mid_level_0.5-2": 0.0, "tall_2+": 0.0 }, "geometry": { "type": "Polygon", "coordinates": [ [ [ -2.219664243076429, 53.812899762396533 ], [ -2.219769650922435, 53.812935521168889 ], [ -2.219874680396529, 53.812899376886072 ], [ -2.21987430184893, 53.812827473922937 ], [ -2.219768894183451, 53.812791715241865 ], [ -2.219663864885045, 53.812827859432652 ], [ -2.219664243076429, 53.812899762396533 ] ] ] } },
{ "type": "Feature", "properties": { "max_height": 2.34423828125, "mean_height": 0.39405673742294312, "std_height": 0.69632971286773682, "count_pixels": 41, "percent_cover": 0.16905822200230908, "percent_above_0.1m": 34.146341463414636, "low_level_<0.5": 7.3170731707317067, "mid_level_0.5-2": 19.512195121951219, "tall_2+": 4.8780487804878048 }, "geometry": { "type": "Polygon", "coordinates": [ [ [ -2.219453805751483, 53.812900147537768 ], [ -2.219559213421802, 53.812935906495092 ], [ -2.219664243076429, 53.812899762396533 ], [ -2.219663864885044, 53.812827859432652 ], [ -2.219558457395248, 53.812792100566618 ], [ -2.219453427916313, 53.812828244573161 ], [ -2.219453805751483, 53.812900147537768 ] ] ] } },
{ "type": "Feature", "properties": { "max_height": 3.7487640380859375, "mean_height": 1.4744769334793091, "std_height": 1.1081736087799072, "count_pixels": 41, "percent_cover": 0.16905822200230908, "percent_above_0.1m": 87.804878048780495, "low_level_<0.5": 12.195121951219512, "mid_level_0.5-2": 43.902439024390247, "tall_2+": 29.268292682926827 }, "geometry": { "type": "Polygon", "coordinates": [ [ [ -2.219243368421694, 53.812900532309783 ], [ -2.219348775916326, 53.81293629145209 ], [ -2.219453805751482, 53.812900147537768 ], [ -2.219453427916312, 53.812828244573161 ], [ -2.219348020602201, 53.812792485522138 ], [ -2.21924299094274, 53.812828629344438 ], [ -2.219243368421694, 53.812900532309783 ] ] ] } },
{ "type": "Feature", "properties": { "max_height": 6.3574981689453125, "mean_height": 1.7121922969818115, "std_height": 1.5918399095535278, "count_pixels": 42, "percent_cover": 0.17318159327065807, "percent_above_0.1m": 85.714285714285708, "low_level_<0.5": 14.285714285714285, "mid_level_0.5-2": 28.571428571428569, "tall_2+": 38.095238095238095 }, "geometry": { "type": "Polygon", "coordinates": [ [ [ -2.21903293108707, 53.812900916712579 ], [ -2.21913833840601, 53.812936676039861 ], [ -2.219243368421693, 53.812900532309783 ], [ -2.219242990942739, 53.812828629344438 ], [ -2.219137583804316, 53.812792870108446 ], [ -2.219032553964329, 53.812829013746509 ], [ -2.21903293108707, 53.812900916712579 ] ] ] } },
{ "type": "Feature", "properties": { "max_height": 3.9087677001953125, "mean_height": 0.66386300325393677, "std_height": 1.0274624824523926, "count_pixels": 41, "percent_cover": 0.16905822200230908, "percent_above_0.1m": 43.902439024390247, "low_level_<0.5": 4.8780487804878048, "mid_level_0.5-2": 24.390243902439025, "tall_2+": 12.195121951219512 }, "geometry": { "type": "Polygon", "coordinates": [ [ [ -2.22103265633346, 53.813005104415772 ], [ -2.22113806558974, 53.813040861984561 ], [ -2.221243094156273, 53.813004716504274 ], [ -2.221242713290849, 53.812932813547228 ], [ -2.221137304215111, 53.812897056069716 ], [ -2.221032275824253, 53.81293320145798 ], [ -2.22103265633346, 53.813005104415772 ] ] ] } },
{ "type": "Feature", "properties": { "max_height": 2.5820159912109375, "mean_height": 0.27260532975196838, "std_height": 0.52228105068206787, "count_pixels": 41, "percent_cover": 0.16905822200230908, "percent_above_0.1m": 31.707317073170731, "low_level_<0.5": 9.7560975609756095, "mid_level_0.5-2": 19.512195121951219, "tall_2+": 2.4390243902439024 }, "geometry": { "type": "Polygon", "coordinates": [ [ [ -2.22082221850577, 53.813005491958052 ], [ -2.220927627586378, 53.813041249711802 ], [ -2.221032656333459, 53.813005104415772 ], [ -2.221032275824252, 53.81293320145798 ], [ -2.220926866924183, 53.812897443795499 ], [ -2.22082183835278, 53.812933588999513 ], [ -2.22082221850577, 53.813005491958052 ] ] ] } },
{ "type": "Feature", "properties": { "max_height": 0.347259521484375, "mean_height": 0.0059669306501746178, "std_height": 0.054396066814661026, "count_pixels": 41, "percent_cover": 0.16905822200230908, "percent_above_0.1m": 2.4390243902439024, "low_level_<0.5": 2.4390243902439024, "mid_level_0.5-2": 0.0, "tall_2+": 0.0 }, "geometry": { "type": "Polygon", "coordinates": [ [ [ -2.220611780673208, 53.81300587913109 ], [ -2.220717189578143, 53.813041637069844 ], [ -2.220822218505768, 53.813005491958052 ], [ -2.220821838352779, 53.812933588999513 ], [ -2.220716429628381, 53.81289783115205 ], [ -2.220611400876435, 53.81293397617182 ], [ -2.220611780673208, 53.81300587913109 ] ] ] } },
{ "type": "Feature", "properties": { "max_height": 1.5042724609375, "mean_height": 0.16728392243385315, "std_height": 0.38274875283241272, "count_pixels": 42, "percent_cover": 0.17318159327065807, "percent_above_0.1m": 19.047619047619047, "low_level_<0.5": 4.7619047619047619, "mid_level_0.5-2": 14.285714285714285, "tall_2+": 0.0 }, "geometry": { "type": "Polygon", "coordinates": [ [ [ -2.220401342835779, 53.813006265934924 ], [ -2.220506751565038, 53.813042024058653 ], [ -2.220611780673207, 53.81300587913109 ], [ -2.220611400876435, 53.81293397617182 ], [ -2.22050599232771, 53.812898218139388 ], [ -2.220400963395224, 53.812934362974921 ], [ -2.220401342835779, 53.813006265934924 ] ] ] } },
{ "type": "Feature", "properties": { "max_height": 0.25726318359375, "mean_height": 0.011739686131477356, "std_height": 0.051359873265028, "count_pixels": 43, "percent_cover": 0.1773049645390071, "percent_above_0.1m": 6.9767441860465116, "low_level_<0.5": 6.9767441860465116, "mid_level_0.5-2": 0.0, "tall_2+": 0.0 }, "geometry": { "type": "Polygon", "coordinates": [ [ [ -2.220190904993489, 53.813006652369545 ], [ -2.220296313547069, 53.813042410678243 ], [ -2.220401342835778, 53.813006265934924 ], [ -2.220400963395223, 53.812934362974921 ], [ -2.220295555022176, 53.8128986047575 ], [ -2.220190525909151, 53.812934749408797 ], [ -2.220190904993489, 53.813006652369545 ] ] ] } },
{ "type": "Feature", "properties": { "max_height": 0.00701904296875, "mean_height": -0.0033351352903991938, "std_height": 0.005240884143859148, "count_pixels": 42, "percent_cover": 0.17318159327065807, "percent_above_0.1m": 0.0, "low_level_<0.5": 0.0, "mid_level_0.5-2": 0.0, "tall_2+": 0.0 }, "geometry": { "type": "Polygon", "coordinates": [ [ [ -2.21998046714634, 53.813007038434925 ], [ -2.220085875524239, 53.813042796928613 ], [ -2.220190904993488, 53.813006652369545 ], [ -2.22019052590915, 53.812934749408797 ], [ -2.22008511771178, 53.812898991006399 ], [ -2.219980088418219, 53.812935135473445 ], [ -2.21998046714634, 53.813007038434925 ] ] ] } },
{ "type": "Feature", "properties": { "max_height": 0.0514984130859375, "mean_height": 0.0044627944007515907, "std_height": 0.015829497948288918, "count_pixels": 38, "percent_cover": 0.15668810819726209, "percent_above_0.1m": 0.0, "low_level_<0.5": 0.0, "mid_level_0.5-2": 0.0, "tall_2+": 0.0 }, "geometry": { "type": "Polygon", "coordinates": [ [ [ -2.219770029294339, 53.813007424131101 ], [ -2.219875437496555, 53.813043182809764 ], [ -2.219980467146339, 53.813007038434925 ], [ -2.219980088418218, 53.812935135473445 ], [ -2.21987468039653, 53.812899376886072 ], [ -2.219769650922435, 53.812935521168889 ], [ -2.219770029294339, 53.813007424131101 ] ] ] } },
{ "type": "Feature", "properties": { "max_height": 2.855255126953125, "mean_height": 0.84693652391433716, "std_height": 1.0184382200241089, "count_pixels": 42, "percent_cover": 0.17318159327065807, "percent_above_0.1m": 50.0, "low_level_<0.5": 2.3809523809523809, "mid_level_0.5-2": 23.809523809523807, "tall_2+": 23.809523809523807 }, "geometry": { "type": "Polygon", "coordinates": [ [ [ -2.219559591437489, 53.813007809458036 ], [ -2.21966499946402, 53.813043568321689 ], [ -2.219770029294338, 53.813007424131101 ], [ -2.219769650922435, 53.812935521168889 ], [ -2.219664243076429, 53.812899762396533 ], [ -2.219559213421803, 53.812935906495092 ], [ -2.219559591437489, 53.813007809458036 ] ] ] } },
{ "type": "Feature", "properties": { "max_height": 3.1695098876953125, "mean_height": 0.87765538692474365, "std_height": 1.0094366073608398, "count_pixels": 43, "percent_cover": 0.1773049645390071, "percent_above_0.1m": 62.790697674418603, "low_level_<0.5": 18.604651162790699, "mid_level_0.5-2": 20.930232558139537, "tall_2+": 20.930232558139537 }, "geometry": { "type": "Polygon", "coordinates": [ [ [ -2.219349153575796, 53.813008194415772 ], [ -2.219454561426638, 53.81304395346438 ], [ -2.219559591437489, 53.813007809458036 ], [ -2.219559213421802, 53.812935906495092 ], [ -2.219453805751483, 53.812900147537768 ], [ -2.219348775916326, 53.81293629145209 ], [ -2.219349153575796, 53.813008194415772 ] ] ] } },
{ "type": "Feature", "properties": { "max_height": 2.9067535400390625, "mean_height": 0.092899054288864136, "std_height": 0.46438330411911011, "count_pixels": 43, "percent_cover": 0.1773049645390071, "percent_above_0.1m": 4.6511627906976747, "low_level_<0.5": 0.0, "mid_level_0.5-2": 2.3255813953488373, "tall_2+": 2.3255813953488373 }, "geometry": { "type": "Polygon", "coordinates": [ [ [ -2.220928007919901, 53.813113152668677 ], [ -2.221033417356723, 53.813148910328749 ], [ -2.221138446279482, 53.813112764940669 ], [ -2.221138065589739, 53.813040861984561 ], [ -2.221032656333459, 53.813005104415772 ], [ -2.220927627586378, 53.813041249711802 ], [ -2.220928007919901, 53.813113152668677 ] ] ] } },
{ "type": "Feature", "properties": { "max_height": 1.396514892578125, "mean_height": 0.1489112377166748, "std_height": 0.33135765790939331, "count_pixels": 43, "percent_cover": 0.1773049645390071, "percent_above_0.1m": 25.581395348837212, "low_level_<0.5": 11.627906976744185, "mid_level_0.5-2": 11.627906976744185, "tall_2+": 0.0 }, "geometry": { "type": "Polygon", "coordinates": [ [ [ -2.220717569555446, 53.813113540027445 ], [ -2.220822978816595, 53.813149297872499 ], [ -2.220928007919901, 53.813113152668677 ], [ -2.220927627586378, 53.813041249711802 ], [ -2.220822218505768, 53.813005491958052 ], [ -2.220717189578143, 53.813041637069844 ], [ -2.220717569555446, 53.813113540027445 ] ] ] } },
{ "type": "Feature", "properties": { "max_height": 2.938018798828125, "mean_height": 0.21030135452747345, "std_height": 0.50841343402862549, "count_pixels": 42, "percent_cover": 0.17318159327065807, "percent_above_0.1m": 26.190476190476193, "low_level_<0.5": 11.904761904761903, "mid_level_0.5-2": 11.904761904761903, "tall_2+": 2.3809523809523809 }, "geometry": { "type": "Polygon", "coordinates": [ [ [ -2.220507131186122, 53.813113927017 ], [ -2.220612540271594, 53.813149685047044 ], [ -2.220717569555446, 53.813113540027445 ], [ -2.220717189578142, 53.813041637069844 ], [ -2.220611780673207, 53.81300587913109 ], [ -2.220506751565038, 53.813042024058653 ], [ -2.220507131186122, 53.813113927017 ] ] ] } },
{ "type": "Feature", "properties": { "max_height": 3.4155120849609375, "mean_height": 0.40989944338798523, "std_height": 0.94371366500854492, "count_pixels": 41, "percent_cover": 0.16905822200230908, "percent_above_0.1m": 19.512195121951219, "low_level_<0.5": 0.0, "mid_level_0.5-2": 9.7560975609756095, "tall_2+": 9.7560975609756095 }, "geometry": { "type": "Polygon", "coordinates": [ [ [ -2.220296692811933, 53.813114313637321 ], [ -2.220402101721727, 53.813150071852341 ], [ -2.220507131186122, 53.813113927017 ], [ -2.220506751565038, 53.813042024058653 ], [ -2.220401342835778, 53.813006265934924 ], [ -2.220296313547069, 53.813042410678243 ], [ -2.220296692811933, 53.813114313637321 ] ] ] } },
{ "type": "Feature", "properties": { "max_height": 0.024505615234375, "mean_height": 0.00090585101861506701, "std_height": 0.007363984826952219, "count_pixels": 41, "percent_cover": 0.16905822200230908, "percent_above_0.1m": 0.0, "low_level_<0.5": 0.0, "mid_level_0.5-2": 0.0, "tall_2+": 0.0 }, "geometry": { "type": "Polygon", "coordinates": [ [ [ -2.220086254432884, 53.813114699888423 ], [ -2.220191663166997, 53.813150458288419 ], [ -2.220296692811933, 53.813114313637321 ], [ -2.220296313547068, 53.813042410678243 ], [ -2.220190904993488, 53.813006652369545 ], [ -2.220085875524239, 53.813042796928613 ], [ -2.220086254432884, 53.813114699888423 ] ] ] } },
{ "type": "Feature", "properties": { "max_height": 0.008514404296875, "mean_height": -0.0025002616457641125, "std_height": 0.0067451824434101582, "count_pixels": 42, "percent_cover": 0.17318159327065807, "percent_above_0.1m": 0.0, "low_level_<0.5": 0.0, "mid_level_0.5-2": 0.0, "tall_2+": 0.0 }, "geometry": { "type": "Polygon", "coordinates": [ [ [ -2.21987581604898, 53.813115085770313 ], [ -2.21998122460741, 53.813150844355285 ], [ -2.220086254432883, 53.813114699888423 ], [ -2.220085875524239, 53.813042796928613 ], [ -2.219980467146339, 53.813007038434925 ], [ -2.219875437496555, 53.813043182809764 ], [ -2.21987581604898, 53.813115085770313 ] ] ] } },
{ "type": "Feature", "properties": { "max_height": 1.8330078125, "mean_height": 0.122664675116539, "std_height": 0.32161945104598999, "count_pixels": 42, "percent_cover": 0.17318159327065807, "percent_above_0.1m": 21.428571428571427, "low_level_<0.5": 9.5238095238095237, "mid_level_0.5-2": 9.5238095238095237, "tall_2+": 0.0 }, "geometry": { "type": "Polygon", "coordinates": [ [ [ -2.219665377660226, 53.81311547128297 ], [ -2.219770786042969, 53.813151230052924 ], [ -2.21987581604898, 53.813115085770313 ], [ -2.219875437496554, 53.813043182809764 ], [ -2.219770029294338, 53.813007424131101 ], [ -2.21966499946402, 53.813043568321689 ], [ -2.219665377660226, 53.81311547128297 ] ] ] } },
{ "type": "Feature", "properties": { "max_height": 5.13250732421875, "mean_height": 0.58470451831817627, "std_height": 1.1789519786834717, "count_pixels": 41, "percent_cover": 0.16905822200230908, "percent_above_0.1m": 36.585365853658537, "low_level_<0.5": 7.3170731707317067, "mid_level_0.5-2": 12.195121951219512, "tall_2+": 12.195121951219512 }, "geometry": { "type": "Polygon", "coordinates": [ [ [ -2.221033797870783, 53.813220813283948 ], [ -2.22113920766382, 53.813256570850321 ], [ -2.221244236762256, 53.813220425370226 ], [ -2.221243855891976, 53.813148522415773 ], [ -2.221138446279482, 53.813112764940669 ], [ -2.221033417356725, 53.813148910328749 ], [ -2.221033797870783, 53.813220813283948 ] ] ] } },
{ "type": "Feature", "properties": { "max_height": 6.389007568359375, "mean_height": 1.0142338275909424, "std_height": 1.895560622215271, "count_pixels": 41, "percent_cover": 0.16905822200230908, "percent_above_0.1m": 31.707317073170731, "low_level_<0.5": 4.8780487804878048, "mid_level_0.5-2": 7.3170731707317067, "tall_2+": 19.512195121951219 }, "geometry": { "type": "Polygon", "coordinates": [ [ [ -2.220823358974432, 53.81322120082843 ], [ -2.220928768591796, 53.8132569585798 ], [ -2.221033797870782, 53.813220813283948 ], [ -2.221033417356723, 53.813148910328749 ], [ -2.220928007919901, 53.813113152668677 ], [ -2.220822978816595, 53.813149297872499 ], [ -2.220823358974432, 53.81322120082843 ] ] ] } },
{ "type": "Feature", "properties": { "max_height": 1.009765625, "mean_height": 0.072149507701396942, "std_height": 0.20841753482818604, "count_pixels": 41, "percent_cover": 0.16905822200230908, "percent_above_0.1m": 12.195121951219512, "low_level_<0.5": 4.8780487804878048, "mid_level_0.5-2": 7.3170731707317067, "tall_2+": 0.0 }, "geometry": { "type": "Polygon", "coordinates": [ [ [ -2.22061292007321, 53.813221588003707 ], [ -2.220718329514897, 53.813257345940045 ], [ -2.220823358974431, 53.81322120082843 ], [ -2.220822978816595, 53.813149297872499 ], [ -2.220717569555446, 53.813113540027445 ], [ -2.220612540271595, 53.813149685047037 ], [ -2.22061292007321, 53.813221588003707 ] ] ] } },
{ "type": "Feature", "properties": { "max_height": 3.5057525634765625, "mean_height": 1.6746753454208374, "std_height": 1.4758843183517456, "count_pixels": 42, "percent_cover": 0.17318159327065807, "percent_above_0.1m": 69.047619047619051, "low_level_<0.5": 4.7619047619047619, "mid_level_0.5-2": 14.285714285714285, "tall_2+": 47.619047619047613 }, "geometry": { "type": "Polygon", "coordinates": [ [ [ -2.220402481167121, 53.813221974809757 ], [ -2.22050789043313, 53.813257732931071 ], [ -2.220612920073209, 53.813221588003707 ], [ -2.220612540271594, 53.813149685047044 ], [ -2.220507131186122, 53.813113927017 ], [ -2.220402101721728, 53.813150071852341 ], [ -2.220402481167121, 53.813221974809757 ] ] ] } },
{ "type": "Feature", "properties": { "max_height": 3.373260498046875, "mean_height": 0.85791122913360596, "std_height": 1.2978851795196533, "count_pixels": 43, "percent_cover": 0.1773049645390071, "percent_above_0.1m": 39.534883720930232, "low_level_<0.5": 4.6511627906976747, "mid_level_0.5-2": 9.3023255813953494, "tall_2+": 25.581395348837212 }, "geometry": { "type": "Polygon", "coordinates": [ [ [ -2.220192042256169, 53.813222361246574 ], [ -2.220297451346497, 53.813258119552877 ], [ -2.22040248116712, 53.813221974809757 ], [ -2.220402101721727, 53.813150071852341 ], [ -2.220296692811933, 53.813114313637321 ], [ -2.220191663166998, 53.813150458288419 ], [ -2.220192042256169, 53.813222361246574 ] ] ] } },
{ "type": "Feature", "properties": { "max_height": 0.03125, "mean_height": 0.00059218634851276875, "std_height": 0.0090338243171572685, "count_pixels": 42, "percent_cover": 0.17318159327065807, "percent_above_0.1m": 0.0, "low_level_<0.5": 0.0, "mid_level_0.5-2": 0.0, "tall_2+": 0.0 }, "geometry": { "type": "Polygon", "coordinates": [ [ [ -2.21998160334036, 53.813222747314171 ], [ -2.220087012255005, 53.813258505805464 ], [ -2.220192042256169, 53.813222361246574 ], [ -2.220191663166997, 53.813150458288419 ], [ -2.220086254432884, 53.813114699888423 ], [ -2.219981224607411, 53.813150844355285 ], [ -2.21998160334036, 53.813222747314171 ] ] ] } },
{ "type": "Feature", "properties": { "max_height": 5.9737701416015625, "mean_height": 0.31914117932319641, "std_height": 0.97407793998718262, "count_pixels": 38, "percent_cover": 0.15668810819726209, "percent_above_0.1m": 34.210526315789473, "low_level_<0.5": 13.157894736842104, "mid_level_0.5-2": 13.157894736842104, "tall_2+": 2.6315789473684208 }, "geometry": { "type": "Polygon", "coordinates": [ [ [ -2.219771164419698, 53.813223133012535 ], [ -2.219876573158658, 53.813258891688804 ], [ -2.219981603340359, 53.813222747314171 ], [ -2.21998122460741, 53.813150844355285 ], [ -2.21987581604898, 53.813115085770313 ], [ -2.21977078604297, 53.813151230052924 ], [ -2.219771164419698, 53.813223133012535 ] ] ] } },
{ "type": "Feature", "properties": { "max_height": 9.071258544921875, "mean_height": 1.396180272102356, "std_height": 2.2856218814849854, "count_pixels": 43, "percent_cover": 0.1773049645390071, "percent_above_0.1m": 55.813953488372093, "low_level_<0.5": 11.627906976744185, "mid_level_0.5-2": 20.930232558139537, "tall_2+": 23.255813953488371 }, "geometry": { "type": "Polygon", "coordinates": [ [ [ -2.220929148930168, 53.813328861534067 ], [ -2.22103455890375, 53.813364619191738 ], [ -2.221139588358416, 53.81332847380385 ], [ -2.221139207663819, 53.813256570850321 ], [ -2.221033797870782, 53.813220813283948 ], [ -2.220928768591796, 53.8132569585798 ], [ -2.220929148930168, 53.813328861534067 ] ] ] } },
{ "type": "Feature", "properties": { "max_height": 3.0497589111328125, "mean_height": 0.11797279864549637, "std_height": 0.50753861665725708, "count_pixels": 43, "percent_cover": 0.1773049645390071, "percent_above_0.1m": 6.9767441860465116, "low_level_<0.5": 0.0, "mid_level_0.5-2": 4.6511627906976747, "tall_2+": 2.3255813953488373 }, "geometry": { "type": "Polygon", "coordinates": [ [ [ -2.220718709497045, 53.813329248895052 ], [ -2.220824119294951, 53.813365006737705 ], [ -2.220929148930167, 53.813328861534067 ], [ -2.220928768591795, 53.8132569585798 ], [ -2.220823358974431, 53.81322120082843 ], [ -2.220718329514897, 53.813257345940045 ], [ -2.220718709497045, 53.813329248895052 ] ] ] } },
{ "type": "Feature", "properties": { "max_height": 0.4750213623046875, "mean_height": 0.01897430419921875, "std_height": 0.073567092418670654, "count_pixels": 42, "percent_cover": 0.17318159327065807, "percent_above_0.1m": 2.3809523809523809, "low_level_<0.5": 2.3809523809523809, "mid_level_0.5-2": 0.0, "tall_2+": 0.0 }, "geometry": { "type": "Polygon", "coordinates": [ [ [ -2.220508270059054, 53.813329635886809 ], [ -2.220613679681281, 53.813365393914452 ], [ -2.220718709497045, 53.813329248895052 ], [ -2.220718329514897, 53.813257345940045 ], [ -2.220612920073209, 53.813221588003707 ], [ -2.22050789043313, 53.813257732931071 ], [ -2.220508270059054, 53.813329635886809 ] ] ] } },
{ "type": "Feature", "properties": { "max_height": 1.998016357421875, "mean_height": 0.078704461455345154, "std_height": 0.35234779119491577, "count_pixels": 41, "percent_cover": 0.16905822200230908, "percent_above_0.1m": 7.3170731707317067, "low_level_<0.5": 2.4390243902439024, "mid_level_0.5-2": 4.8780487804878048, "tall_2+": 0.0 }, "geometry": { "type": "Polygon", "coordinates": [ [ [ -2.220297830616198, 53.813330022509355 ], [ -2.220403240062744, 53.813365780721981 ], [ -2.220508270059053, 53.813329635886809 ], [ -2.220507890433129, 53.813257732931071 ], [ -2.22040248116712, 53.813221974809757 ], [ -2.220297451346497, 53.813258119552877 ], [ -2.220297830616198, 53.813330022509355 ] ] ] } },
{ "type": "Feature", "properties": { "max_height": 0.4712677001953125, "mean_height": 0.011485402472317219, "std_height": 0.073958389461040497, "count_pixels": 41, "percent_cover": 0.16905822200230908, "percent_above_0.1m": 2.4390243902439024, "low_level_<0.5": 2.4390243902439024, "mid_level_0.5-2": 0.0, "tall_2+": 0.0 }, "geometry": { "type": "Polygon", "coordinates": [ [ [ -2.220087391168481, 53.813330408762674 ], [ -2.220192800439345, 53.813366167160268 ], [ -2.220297830616197, 53.813330022509355 ], [ -2.220297451346497, 53.813258119552877 ], [ -2.220192042256169, 53.813222361246574 ], [ -2.220087012255005, 53.813258505805464 ], [ -2.220087391168481, 53.813330408762674 ] ] ] } },
{ "type": "Feature", "properties": { "max_height": 6.474761962890625, "mean_height": 0.47104534506797791, "std_height": 1.325719952583313, "count_pixels": 42, "percent_cover": 0.17318159327065807, "percent_above_0.1m": 33.333333333333329, "low_level_<0.5": 19.047619047619047, "mid_level_0.5-2": 9.5238095238095237, "tall_2+": 4.7619047619047619 }, "geometry": { "type": "Polygon", "coordinates": [ [ [ -2.21987695171591, 53.81333079464676 ], [ -2.219982360811087, 53.813366553229336 ], [ -2.22008739116848, 53.813330408762674 ], [ -2.220087012255004, 53.813258505805464 ], [ -2.219981603340359, 53.813222747314171 ], [ -2.219876573158658, 53.813258891688804 ], [ -2.21987695171591, 53.81333079464676 ] ] ] } },
{ "type": "Feature", "properties": { "max_height": 0.948760986328125, "mean_height": 0.17574292421340942, "std_height": 0.25752153992652893, "count_pixels": 41, "percent_cover": 0.16905822200230908, "percent_above_0.1m": 41.463414634146339, "low_level_<0.5": 21.951219512195124, "mid_level_0.5-2": 12.195121951219512, "tall_2+": 0.0 }, "geometry": { "type": "Polygon", "coordinates": [ [ [ -2.220824499457636, 53.813436909691049 ], [ -2.220929909611761, 53.813472667439989 ], [ -2.22103493942266, 53.813436522144329 ], [ -2.22103455890375, 53.813364619191738 ], [ -2.220929148930168, 53.813328861534067 ], [ -2.220824119294952, 53.813365006737705 ], [ -2.220824499457636, 53.813436909691049 ] ] ] } },
{ "type": "Feature", "properties": { "max_height": 6.77001953125, "mean_height": 0.72168153524398804, "std_height": 1.8011119365692139, "count_pixels": 41, "percent_cover": 0.16905822200230908, "percent_above_0.1m": 24.390243902439025, "low_level_<0.5": 4.8780487804878048, "mid_level_0.5-2": 7.3170731707317067, "tall_2+": 12.195121951219512 }, "geometry": { "type": "Polygon", "coordinates": [ [ [ -2.220614059487739, 53.813437296868528 ], [ -2.220719469466187, 53.813473054802472 ], [ -2.220824499457635, 53.813436909691049 ], [ -2.220824119294951, 53.813365006737705 ], [ -2.220718709497045, 53.813329248895052 ], [ -2.220613679681282, 53.813365393914452 ], [ -2.220614059487739, 53.813437296868528 ] ] ] } },
{ "type": "Feature", "properties": { "max_height": 3.029998779296875, "mean_height": 0.1521388441324234, "std_height": 0.54954904317855835, "count_pixels": 42, "percent_cover": 0.17318159327065807, "percent_above_0.1m": 9.5238095238095237, "low_level_<0.5": 0.0, "mid_level_0.5-2": 7.1428571428571423, "tall_2+": 2.3809523809523809 }, "geometry": { "type": "Polygon", "coordinates": [ [ [ -2.220403619512976, 53.813437683676781 ], [ -2.220509029315743, 53.813473441795701 ], [ -2.220614059487738, 53.813437296868528 ], [ -2.220613679681281, 53.813365393914452 ], [ -2.220508270059054, 53.813329635886809 ], [ -2.220403240062744, 53.813365780721981 ], [ -2.220403619512976, 53.813437683676781 ] ] ] } },
{ "type": "Feature", "properties": { "max_height": 0.45526123046875, "mean_height": 0.012182900682091713, "std_height": 0.071305073797702789, "count_pixels": 43, "percent_cover": 0.1773049645390071, "percent_above_0.1m": 2.3255813953488373, "low_level_<0.5": 2.3255813953488373, "mid_level_0.5-2": 0.0, "tall_2+": 0.0 }, "geometry": { "type": "Polygon", "coordinates": [ [ [ -2.22019317953335, 53.813438070115822 ], [ -2.220298589160433, 53.813473828419717 ], [ -2.220403619512975, 53.813437683676781 ], [ -2.220403240062744, 53.813365780721981 ], [ -2.220297830616198, 53.813330022509355 ], [ -2.220192800439345, 53.813366167160268 ], [ -2.22019317953335, 53.813438070115822 ] ] ] } },
{ "type": "Feature", "properties": { "max_height": 2.4947509765625, "mean_height": 0.1620352566242218, "std_height": 0.45917466282844543, "count_pixels": 42, "percent_cover": 0.17318159327065807, "percent_above_0.1m": 21.428571428571427, "low_level_<0.5": 4.7619047619047619, "mid_level_0.5-2": 7.1428571428571423, "tall_2+": 2.3809523809523809 }, "geometry": { "type": "Polygon", "coordinates": [ [ [ -2.219982739548866, 53.813438456185615 ], [ -2.220088149000264, 53.813474214674507 ], [ -2.220193179533349, 53.813438070115822 ], [ -2.220192800439345, 53.813366167160268 ], [ -2.220087391168481, 53.813330408762674 ], [ -2.219982360811088, 53.813366553229336 ], [ -2.219982739548866, 53.813438456185615 ] ] ] } },
{ "type": "Feature", "properties": { "max_height": 2.4530181884765625, "mean_height": 0.54914814233779907, "std_height": 0.65536201000213623, "count_pixels": 38, "percent_cover": 0.15668810819726209, "percent_above_0.1m": 65.789473684210535, "low_level_<0.5": 26.315789473684209, "mid_level_0.5-2": 28.947368421052634, "tall_2+": 5.2631578947368416 }, "geometry": { "type": "Polygon", "coordinates": [ [ [ -2.219772299559529, 53.813438841886196 ], [ -2.219877708835239, 53.813474600560056 ], [ -2.219982739548866, 53.813438456185615 ], [ -2.219982360811087, 53.813366553229336 ], [ -2.21987695171591, 53.81333079464676 ], [ -2.219771921177977, 53.813366938929185 ], [ -2.219772299559529, 53.813438841886196 ] ] ] } },
{ "type": "Feature", "properties": { "max_height": 9.58551025390625, "mean_height": 0.71722447872161865, "std_height": 2.0223915576934814, "count_pixels": 42, "percent_cover": 0.17318159327065807, "percent_above_0.1m": 19.047619047619047, "low_level_<0.5": 2.3809523809523809, "mid_level_0.5-2": 2.3809523809523809, "tall_2+": 11.904761904761903 }, "geometry": { "type": "Polygon", "coordinates": [ [ [ -2.220509408946507, 53.813545344748853 ], [ -2.220614819105496, 53.813581102774087 ], [ -2.220719849453179, 53.813544957754871 ], [ -2.220719469466186, 53.813473054802472 ], [ -2.220614059487738, 53.813437296868528 ], [ -2.220509029315743, 53.813473441795701 ], [ -2.220509408946507, 53.813545344748853 ] ] ] } },
{ "type": "Feature", "properties": { "max_height": 3.284271240234375, "mean_height": 0.34513258934020996, "std_height": 0.68444204330444336, "count_pixels": 41, "percent_cover": 0.16905822200230908, "percent_above_0.1m": 29.268292682926827, "low_level_<0.5": 2.4390243902439024, "mid_level_0.5-2": 19.512195121951219, "tall_2+": 4.8780487804878048 }, "geometry": { "type": "Polygon", "coordinates": [ [ [ -2.220298968434969, 53.813545731373601 ], [ -2.220404378418275, 53.813581489583832 ], [ -2.220509408946506, 53.813545344748853 ], [ -2.220509029315742, 53.813473441795701 ], [ -2.220403619512975, 53.813437683676781 ], [ -2.220298589160433, 53.813473828419717 ], [ -2.220298968434969, 53.813545731373601 ] ] ] } },
{ "type": "Feature", "properties": { "max_height": 6.4042510986328125, "mean_height": 1.1937787532806396, "std_height": 1.705686092376709, "count_pixels": 41, "percent_cover": 0.16905822200230908, "percent_above_0.1m": 53.658536585365859, "low_level_<0.5": 4.8780487804878048, "mid_level_0.5-2": 24.390243902439025, "tall_2+": 21.951219512195124 }, "geometry": { "type": "Polygon", "coordinates": [ [ [ -2.220088527918571, 53.813546117629123 ], [ -2.220193937726191, 53.81358187602433 ], [ -2.220298968434968, 53.813545731373601 ], [ -2.220298589160432, 53.813473828419717 ], [ -2.220193179533349, 53.813438070115822 ], [ -2.220088149000264, 53.813474214674507 ], [ -2.220088527918571, 53.813546117629123 ] ] ] } },
{ "type": "Feature", "properties": { "max_height": 4.177001953125, "mean_height": 0.25591787695884705, "std_height": 0.83057153224945068, "count_pixels": 42, "percent_cover": 0.17318159327065807, "percent_above_0.1m": 21.428571428571427, "low_level_<0.5": 7.1428571428571423, "mid_level_0.5-2": 4.7619047619047619, "tall_2+": 4.7619047619047619 }, "geometry": { "type": "Polygon", "coordinates": [ [ [ -2.219878087397317, 53.813546503515433 ], [ -2.21998349702925, 53.813582262095601 ], [ -2.22008852791857, 53.813546117629123 ], [ -2.220088149000263, 53.813474214674507 ], [ -2.219982739548866, 53.813438456185615 ], [ -2.219877708835239, 53.813474600560056 ], [ -2.219878087397317, 53.813546503515433 ] ] ] } },
{ "type": "Feature", "properties": { "max_height": 4.2865142822265625, "mean_height": 0.49395641684532166, "std_height": 1.0464894771575928, "count_pixels": 42, "percent_cover": 0.17318159327065807, "percent_above_0.1m": 21.428571428571427, "low_level_<0.5": 0.0, "mid_level_0.5-2": 4.7619047619047619, "tall_2+": 16.666666666666664 }, "geometry": { "type": "Polygon", "coordinates": [ [ [ -2.220404757873345, 53.81365339253604 ], [ -2.220510168212876, 53.813689150652557 ], [ -2.220615198916796, 53.81365300572557 ], [ -2.220614819105496, 53.813581102774087 ], [ -2.220509408946507, 53.813545344748853 ], [ -2.220404378418276, 53.813581489583832 ], [ -2.220404757873345, 53.81365339253604 ] ] ] } },
{ "type": "Feature", "properties": { "max_height": 6.25201416015625, "mean_height": 1.4022241830825806, "std_height": 1.7891256809234619, "count_pixels": 43, "percent_cover": 0.1773049645390071, "percent_above_0.1m": 62.790697674418603, "low_level_<0.5": 6.9767441860465116, "mid_level_0.5-2": 20.930232558139537, "tall_2+": 30.232558139534881 }, "geometry": { "type": "Polygon", "coordinates": [ [ [ -2.22019431682503, 53.813653778977276 ], [ -2.220299726988876, 53.813689537278783 ], [ -2.220404757873344, 53.81365339253604 ], [ -2.220404378418275, 53.813581489583832 ], [ -2.220298968434969, 53.813545731373601 ], [ -2.220193937726192, 53.81358187602433 ], [ -2.22019431682503, 53.813653778977276 ] ] ] } },
{ "type": "Feature", "properties": { "max_height": 1.4317474365234375, "mean_height": 0.15041816234588623, "std_height": 0.31355872750282288, "count_pixels": 41, "percent_cover": 0.16905822200230908, "percent_above_0.1m": 24.390243902439025, "low_level_<0.5": 9.7560975609756095, "mid_level_0.5-2": 14.634146341463413, "tall_2+": 0.0 }, "geometry": { "type": "Polygon", "coordinates": [ [ [ -2.220300106268247, 53.813761440230074 ], [ -2.22040551678832, 53.813797198437875 ], [ -2.220510547848479, 53.813761053603102 ], [ -2.220510168212875, 53.813689150652557 ], [ -2.220404757873344, 53.81365339253604 ], [ -2.220299726988876, 53.813689537278783 ], [ -2.220300106268247, 53.813761440230074 ] ] ] } }
]
}
