{
"type": "FeatureCollection",
"name": "210a6ae23070_visibility",
"crs": { "type": "name", "properties": { "name": "urn:ogc:def:crs:OGC:1.3:CRS84" } },
"features": [
{ "type": "Feature", "properties": { "visible_points": 1, "total_points": 61, "visibility_pct": 1.639344262295082 }, "geometry": { "type": "Polygon", "coordinates": [ [ [ -2.91073052725195, 54.868740460130709 ], [ -2.910839273806051, 54.868775591100338 ], [ -2.910946400777206, 54.868738840445864 ], [ -2.910944781013398, 54.868666958919455 ], [ -2.910836034661688, 54.868631828042638 ], [ -2.910728907871395, 54.868668578599447 ], [ -2.91073052725195, 54.868740460130709 ] ] ] } },
{ "type": "Feature", "properties": { "visible_points": 0, "total_points": 62, "visibility_pct": 0.0 }, "geometry": { "type": "Polygon", "coordinates": [ [ [ -2.910514653705163, 54.868742079431918 ], [ -2.910623400078403, 54.868777210595781 ], [ -2.910730527251949, 54.868740460130709 ], [ -2.910728907871393, 54.868668578599447 ], [ -2.910620161700542, 54.868633447528381 ], [ -2.910513034707859, 54.868670197895803 ], [ -2.910514653705163, 54.868742079431918 ] ] ] } },
{ "type": "Feature", "properties": { "visible_points": 0, "total_points": 61, "visibility_pct": 0.0 }, "geometry": { "type": "Polygon", "coordinates": [ [ [ -2.91029878013685, 54.868743698349491 ], [ -2.910407526329225, 54.868778829707594 ], [ -2.910514653705162, 54.868742079431918 ], [ -2.910513034707858, 54.868670197895803 ], [ -2.910404288717868, 54.86863506663051 ], [ -2.910297161522798, 54.868671816808543 ], [ -2.91029878013685, 54.868743698349491 ] ] ] } },
{ "type": "Feature", "properties": { "visible_points": 0, "total_points": 70, "visibility_pct": 0.0 }, "geometry": { "type": "Polygon", "coordinates": [ [ [ -2.910840893388997, 54.868847472627841 ], [ -2.91094964032635, 54.868882603496033 ], [ -2.911056767478366, 54.868845852743917 ], [ -2.911055147512167, 54.868773971221259 ], [ -2.910946400777207, 54.868738840445864 ], [ -2.910839273806052, 54.868775591100338 ], [ -2.910840893388997, 54.868847472627841 ] ] ] } },
{ "type": "Feature", "properties": { "visible_points": 0, "total_points": 72, "visibility_pct": 0.0 }, "geometry": { "type": "Polygon", "coordinates": [ [ [ -2.910625019278093, 54.868849092128137 ], [ -2.910733766034585, 54.868884223190555 ], [ -2.910840893388996, 54.868847472627841 ], [ -2.910839273806051, 54.868775591100338 ], [ -2.91073052725195, 54.868740460130709 ], [ -2.910623400078403, 54.868777210595781 ], [ -2.910625019278093, 54.868849092128137 ] ] ] } },
{ "type": "Feature", "properties": { "visible_points": 0, "total_points": 72, "visibility_pct": 0.0 }, "geometry": { "type": "Polygon", "coordinates": [ [ [ -2.910409145145662, 54.868850711244797 ], [ -2.910517891721289, 54.86888584250147 ], [ -2.910625019278093, 54.868849092128137 ], [ -2.910623400078403, 54.868777210595781 ], [ -2.910514653705163, 54.868742079431918 ], [ -2.910407526329226, 54.868778829707594 ], [ -2.910409145145662, 54.868850711244797 ] ] ] } },
{ "type": "Feature", "properties": { "visible_points": 0, "total_points": 70, "visibility_pct": 0.0 }, "geometry": { "type": "Polygon", "coordinates": [ [ [ -2.910193270991706, 54.86885232997782 ], [ -2.910302017386467, 54.868887461428749 ], [ -2.910409145145661, 54.868850711244797 ], [ -2.910407526329225, 54.868778829707594 ], [ -2.91029878013685, 54.868743698349491 ], [ -2.910191652558525, 54.868780448435778 ], [ -2.910193270991706, 54.86885232997782 ] ] ] } },
{ "type": "Feature", "properties": { "visible_points": 0, "total_points": 78, "visibility_pct": 0.0 }, "geometry": { "type": "Polygon", "coordinates": [ [ [ -2.910951260111685, 54.868954485019763 ], [ -2.911060007432293, 54.868989615786525 ], [ -2.91116713476517, 54.868952864936752 ], [ -2.911165514596577, 54.86888098341786 ], [ -2.911056767478366, 54.868845852743917 ], [ -2.91094964032635, 54.868882603496033 ], [ -2.910951260111685, 54.868954485019763 ] ] ] } },
{ "type": "Feature", "properties": { "visible_points": 1, "total_points": 82, "visibility_pct": 1.2195121951219512 }, "geometry": { "type": "Polygon", "coordinates": [ [ [ -2.910735385436663, 54.868956104719146 ], [ -2.910844132576409, 54.868991235680156 ], [ -2.910951260111684, 54.868954485019763 ], [ -2.910949640326349, 54.868882603496033 ], [ -2.910840893388996, 54.868847472627841 ], [ -2.910733766034585, 54.868884223190555 ], [ -2.910735385436663, 54.868956104719146 ] ] ] } },
{ "type": "Feature", "properties": { "visible_points": 0, "total_points": 83, "visibility_pct": 0.0 }, "geometry": { "type": "Polygon", "coordinates": [ [ [ -2.910519510740111, 54.8689577240349 ], [ -2.910628257698993, 54.86899285519015 ], [ -2.910735385436663, 54.868956104719146 ], [ -2.910733766034584, 54.868884223190555 ], [ -2.910625019278093, 54.868849092128137 ], [ -2.910517891721289, 54.86888584250147 ], [ -2.910519510740111, 54.8689577240349 ] ] ] } },
{ "type": "Feature", "properties": { "visible_points": 0, "total_points": 82, "visibility_pct": 0.0 }, "geometry": { "type": "Polygon", "coordinates": [ [ [ -2.910303636022031, 54.868959342967017 ], [ -2.910412382800047, 54.868994474316509 ], [ -2.91051951074011, 54.8689577240349 ], [ -2.910517891721288, 54.86888584250147 ], [ -2.910409145145661, 54.868850711244797 ], [ -2.910302017386467, 54.868887461428749 ], [ -2.910303636022031, 54.868959342967017 ] ] ] } },
{ "type": "Feature", "properties": { "visible_points": 4, "total_points": 77, "visibility_pct": 5.1948051948051948 }, "geometry": { "type": "Polygon", "coordinates": [ [ [ -2.910087761282432, 54.868960961515498 ], [ -2.910196507879578, 54.868996093059216 ], [ -2.910303636022031, 54.868959342967017 ], [ -2.910302017386466, 54.868887461428749 ], [ -2.910193270991705, 54.86885232997782 ], [ -2.910086143030124, 54.868889079972369 ], [ -2.910087761282432, 54.868960961515498 ] ] ] } },
{ "type": "Feature", "properties": { "visible_points": 0, "total_points": 84, "visibility_pct": 0.0 }, "geometry": { "type": "Polygon", "coordinates": [ [ [ -2.911061627420023, 54.869061497306518 ], [ -2.911170375123888, 54.869096627971857 ], [ -2.911277502637625, 54.869059877024412 ], [ -2.911275882266636, 54.868987995509279 ], [ -2.91116713476517, 54.868952864936752 ], [ -2.911060007432294, 54.868989615786525 ], [ -2.911061627420023, 54.869061497306518 ] ] ] } },
{ "type": "Feature", "properties": { "visible_points": 0, "total_points": 91, "visibility_pct": 0.0 }, "geometry": { "type": "Polygon", "coordinates": [ [ [ -2.910845752180881, 54.869063117204995 ], [ -2.910954499703884, 54.869098248064567 ], [ -2.911061627420022, 54.869061497306518 ], [ -2.911060007432293, 54.868989615786525 ], [ -2.910951260111685, 54.868954485019763 ], [ -2.910844132576411, 54.868991235680156 ], [ -2.910845752180881, 54.869063117204995 ] ] ] } },
{ "type": "Feature", "properties": { "visible_points": 1, "total_points": 94, "visibility_pct": 1.0638297872340425 }, "geometry": { "type": "Polygon", "coordinates": [ [ [ -2.910629876920204, 54.869064736719814 ], [ -2.910738624262343, 54.869099867773642 ], [ -2.91084575218088, 54.869063117204995 ], [ -2.910844132576409, 54.868991235680156 ], [ -2.910735385436663, 54.868956104719146 ], [ -2.910628257698994, 54.86899285519015 ], [ -2.910629876920204, 54.869064736719814 ] ] ] } },
{ "type": "Feature", "properties": { "visible_points": 0, "total_points": 94, "visibility_pct": 0.0 }, "geometry": { "type": "Polygon", "coordinates": [ [ [ -2.910414001637999, 54.869066355851032 ], [ -2.910522748799272, 54.869101487099094 ], [ -2.910629876920203, 54.869064736719814 ], [ -2.910628257698993, 54.86899285519015 ], [ -2.910519510740111, 54.8689577240349 ], [ -2.910412382800049, 54.868994474316509 ], [ -2.910414001637999, 54.869066355851032 ] ] ] } },
{ "type": "Feature", "properties": { "visible_points": 0, "total_points": 90, "visibility_pct": 0.0 }, "geometry": { "type": "Polygon", "coordinates": [ [ [ -2.91019812633427, 54.8690679745986 ], [ -2.910306873314673, 54.869103106040896 ], [ -2.910414001637998, 54.869066355851032 ], [ -2.910412382800047, 54.868994474316509 ], [ -2.910303636022031, 54.868959342967017 ], [ -2.910196507879578, 54.868996093059216 ], [ -2.91019812633427, 54.8690679745986 ] ] ] } },
{ "type": "Feature", "properties": { "visible_points": 1, "total_points": 82, "visibility_pct": 1.2195121951219512 }, "geometry": { "type": "Polygon", "coordinates": [ [ [ -2.909982251009022, 54.869069592962518 ], [ -2.910090997808554, 54.869104724599069 ], [ -2.910198126334269, 54.8690679745986 ], [ -2.910196507879578, 54.868996093059216 ], [ -2.910087761282432, 54.868960961515498 ], [ -2.90998063293759, 54.868997711418309 ], [ -2.909982251009022, 54.869069592962518 ] ] ] } },
{ "type": "Feature", "properties": { "visible_points": 2, "total_points": 87, "visibility_pct": 2.2988505747126435 }, "geometry": { "type": "Polygon", "coordinates": [ [ [ -2.911171995314013, 54.869168509488048 ], [ -2.911280743401137, 54.869203640051971 ], [ -2.911387871095735, 54.869166889006856 ], [ -2.911386250522349, 54.869095007495503 ], [ -2.911277502637625, 54.869059877024412 ], [ -2.911170375123888, 54.869096627971857 ], [ -2.911171995314013, 54.869168509488048 ] ] ] } },
{ "type": "Feature", "properties": { "visible_points": 1, "total_points": 96, "visibility_pct": 1.0416666666666665 }, "geometry": { "type": "Polygon", "coordinates": [ [ [ -2.910956119510748, 54.869170129585626 ], [ -2.911064867417011, 54.869205260343769 ], [ -2.911171995314012, 54.869168509488048 ], [ -2.911170375123887, 54.869096627971857 ], [ -2.911061627420022, 54.869061497306518 ], [ -2.910954499703884, 54.869098248064567 ], [ -2.910956119510748, 54.869170129585626 ] ] ] } },
{ "type": "Feature", "properties": { "visible_points": 0, "total_points": 104, "visibility_pct": 0.0 }, "geometry": { "type": "Polygon", "coordinates": [ [ [ -2.910740243685945, 54.869171749299539 ], [ -2.910848991411345, 54.869206880251944 ], [ -2.910956119510747, 54.869170129585626 ], [ -2.910954499703883, 54.869098248064567 ], [ -2.91084575218088, 54.869063117204995 ], [ -2.910738624262343, 54.869099867773642 ], [ -2.910740243685945, 54.869171749299539 ] ] ] } },
{ "type": "Feature", "properties": { "visible_points": 0, "total_points": 106, "visibility_pct": 0.0 }, "geometry": { "type": "Polygon", "coordinates": [ [ [ -2.910524367839612, 54.869173368629831 ], [ -2.910633115384145, 54.86920849977647 ], [ -2.910740243685944, 54.869171749299539 ], [ -2.910738624262343, 54.869099867773642 ], [ -2.910629876920203, 54.869064736719814 ], [ -2.910522748799272, 54.869101487099094 ], [ -2.910524367839612, 54.869173368629831 ] ] ] } },
{ "type": "Feature", "properties": { "visible_points": 0, "total_points": 103, "visibility_pct": 0.0 }, "geometry": { "type": "Polygon", "coordinates": [ [ [ -2.910308491971751, 54.869174987576493 ], [ -2.910417239335415, 54.869210118917366 ], [ -2.910524367839611, 54.869173368629831 ], [ -2.910522748799271, 54.869101487099094 ], [ -2.910414001637998, 54.869066355851032 ], [ -2.910306873314673, 54.869103106040896 ], [ -2.910308491971751, 54.869174987576493 ] ] ] } },
{ "type": "Feature", "properties": { "visible_points": 0, "total_points": 94, "visibility_pct": 0.0 }, "geometry": { "type": "Polygon", "coordinates": [ [ [ -2.91009261608237, 54.869176606139511 ], [ -2.910201363265162, 54.869211737674625 ], [ -2.91030849197175, 54.869174987576493 ], [ -2.910306873314672, 54.869103106040896 ], [ -2.910198126334269, 54.8690679745986 ], [ -2.910090997808554, 54.869104724599069 ], [ -2.91009261608237, 54.869176606139511 ] ] ] } },
{ "type": "Feature", "properties": { "visible_points": 0, "total_points": 82, "visibility_pct": 0.0 }, "geometry": { "type": "Polygon", "coordinates": [ [ [ -2.909876740171471, 54.86917822431888 ], [ -2.909985487173389, 54.869213356048249 ], [ -2.910092616082368, 54.869176606139511 ], [ -2.910090997808553, 54.869104724599069 ], [ -2.909982251009021, 54.869069592962518 ], [ -2.909875122280918, 54.869106342773605 ], [ -2.909876740171471, 54.86917822431888 ] ] ] } },
{ "type": "Feature", "properties": { "visible_points": 0, "total_points": 79, "visibility_pct": 0.0 }, "geometry": { "type": "Polygon", "coordinates": [ [ [ -2.911498240139509, 54.869273900884124 ], [ -2.911606988790754, 54.869309031152362 ], [ -2.911714116463804, 54.869272279820208 ], [ -2.911712495304752, 54.869200398317446 ], [ -2.911603746855913, 54.869165268142012 ], [ -2.91149661936372, 54.869202019376523 ], [ -2.911498240139509, 54.869273900884124 ] ] ] } },
{ "type": "Feature", "properties": { "visible_points": 0, "total_points": 89, "visibility_pct": 0.0 }, "geometry": { "type": "Polygon", "coordinates": [ [ [ -2.911282363793663, 54.869275521564418 ], [ -2.911391112264049, 54.869310652026897 ], [ -2.911498240139508, 54.869273900884124 ], [ -2.91149661936372, 54.869202019376523 ], [ -2.911387871095736, 54.869166889006856 ], [ -2.911280743401138, 54.869203640051971 ], [ -2.911282363793663, 54.869275521564418 ] ] ] } },
{ "type": "Feature", "properties": { "visible_points": 0, "total_points": 98, "visibility_pct": 0.0 }, "geometry": { "type": "Polygon", "coordinates": [ [ [ -2.911066487426272, 54.869277141861083 ], [ -2.911175235715797, 54.869312272517796 ], [ -2.911282363793662, 54.869275521564418 ], [ -2.911280743401137, 54.869203640051971 ], [ -2.911171995314013, 54.869168509488048 ], [ -2.911064867417012, 54.869205260343769 ], [ -2.911066487426272, 54.869277141861083 ] ] ] } },
{ "type": "Feature", "properties": { "visible_points": 1, "total_points": 106, "visibility_pct": 0.94339622641509435 }, "geometry": { "type": "Polygon", "coordinates": [ [ [ -2.910850611037342, 54.869278761774098 ], [ -2.910959359146003, 54.869313892625058 ], [ -2.911066487426271, 54.869277141861083 ], [ -2.911064867417011, 54.869205260343769 ], [ -2.910956119510748, 54.869170129585626 ], [ -2.910848991411346, 54.869206880251944 ], [ -2.910850611037342, 54.869278761774098 ] ] ] } },
{ "type": "Feature", "properties": { "visible_points": 2, "total_points": 113, "visibility_pct": 1.7699115044247788 }, "geometry": { "type": "Polygon", "coordinates": [ [ [ -2.910634734626877, 54.869280381303462 ], [ -2.910743482554672, 54.869315512348685 ], [ -2.91085061103734, 54.869278761774098 ], [ -2.910848991411345, 54.869206880251944 ], [ -2.910740243685945, 54.869171749299539 ], [ -2.910633115384145, 54.86920849977647 ], [ -2.910634734626877, 54.869280381303462 ] ] ] } },
{ "type": "Feature", "properties": { "visible_points": 0, "total_points": 113, "visibility_pct": 0.0 }, "geometry": { "type": "Polygon", "coordinates": [ [ [ -2.910418858194882, 54.869282000449211 ], [ -2.910527605941809, 54.869317131688668 ], [ -2.910634734626876, 54.869280381303462 ], [ -2.910633115384145, 54.86920849977647 ], [ -2.910524367839612, 54.869173368629831 ], [ -2.910417239335416, 54.869210118917366 ], [ -2.910418858194882, 54.869282000449211 ] ] ] } },
{ "type": "Feature", "properties": { "visible_points": 0, "total_points": 104, "visibility_pct": 0.0 }, "geometry": { "type": "Polygon", "coordinates": [ [ [ -2.910202981741365, 54.869283619211323 ], [ -2.910311729307419, 54.869318750645007 ], [ -2.910418858194882, 54.869282000449211 ], [ -2.910417239335415, 54.869210118917366 ], [ -2.910308491971751, 54.869174987576493 ], [ -2.910201363265162, 54.869211737674625 ], [ -2.910202981741365, 54.869283619211323 ] ] ] } },
{ "type": "Feature", "properties": { "visible_points": 0, "total_points": 93, "visibility_pct": 0.0 }, "geometry": { "type": "Polygon", "coordinates": [ [ [ -2.909987105266327, 54.869285237589779 ], [ -2.910095852651508, 54.869320369217711 ], [ -2.910202981741363, 54.869283619211323 ], [ -2.910201363265162, 54.869211737674625 ], [ -2.91009261608237, 54.869176606139511 ], [ -2.90998548717339, 54.869213356048249 ], [ -2.909987105266327, 54.869285237589779 ] ] ] } },
{ "type": "Feature", "properties": { "visible_points": 0, "total_points": 81, "visibility_pct": 0.0 }, "geometry": { "type": "Polygon", "coordinates": [ [ [ -2.909771228769776, 54.869286855584598 ], [ -2.909879975974079, 54.869321987406771 ], [ -2.909987105266326, 54.869285237589779 ], [ -2.909985487173389, 54.869213356048249 ], [ -2.909876740171471, 54.86917822431888 ], [ -2.909769611060104, 54.869214974038229 ], [ -2.909771228769776, 54.869286855584598 ] ] ] } },
{ "type": "Feature", "properties": { "visible_points": 0, "total_points": 81, "visibility_pct": 0.0 }, "geometry": { "type": "Polygon", "coordinates": [ [ [ -2.911608609768945, 54.869380912656183 ], [ -2.911717358803455, 54.869416042822991 ], [ -2.911824486657363, 54.869379291393152 ], [ -2.911822865295905, 54.869307409894176 ], [ -2.911714116463804, 54.869272279820208 ], [ -2.911606988790754, 54.869309031152362 ], [ -2.911608609768945, 54.869380912656183 ] ] ] } },
{ "type": "Feature", "properties": { "visible_points": 0, "total_points": 91, "visibility_pct": 0.0 }, "geometry": { "type": "Polygon", "coordinates": [ [ [ -2.911392732858974, 54.869382533535571 ], [ -2.911501481712626, 54.869417663896641 ], [ -2.911608609768945, 54.869380912656183 ], [ -2.911606988790752, 54.869309031152362 ], [ -2.911498240139508, 54.869273900884124 ], [ -2.911391112264049, 54.869310652026897 ], [ -2.911392732858974, 54.869382533535571 ] ] ] } },
{ "type": "Feature", "properties": { "visible_points": 10, "total_points": 100, "visibility_pct": 10.0 }, "geometry": { "type": "Polygon", "coordinates": [ [ [ -2.911176855927456, 54.869384154031323 ], [ -2.911285604600247, 54.86941928458662 ], [ -2.911392732858974, 54.869382533535571 ], [ -2.911391112264048, 54.869310652026897 ], [ -2.911282363793662, 54.869275521564418 ], [ -2.911175235715797, 54.869312272517796 ], [ -2.911176855927456, 54.869384154031323 ] ] ] } },
{ "type": "Feature", "properties": { "visible_points": 0, "total_points": 108, "visibility_pct": 0.0 }, "geometry": { "type": "Polygon", "coordinates": [ [ [ -2.910960978974395, 54.869385774143431 ], [ -2.911069727466322, 54.869420904892969 ], [ -2.911176855927455, 54.869384154031323 ], [ -2.911175235715796, 54.869312272517796 ], [ -2.911066487426271, 54.869277141861083 ], [ -2.910959359146003, 54.869313892625058 ], [ -2.910960978974395, 54.869385774143431 ] ] ] } },
{ "type": "Feature", "properties": { "visible_points": 4, "total_points": 114, "visibility_pct": 3.5087719298245612 }, "geometry": { "type": "Polygon", "coordinates": [ [ [ -2.910745101999797, 54.869387393871904 ], [ -2.910853850310858, 54.86942252481569 ], [ -2.910960978974394, 54.869385774143431 ], [ -2.910959359146002, 54.869313892625058 ], [ -2.91085061103734, 54.869278761774098 ], [ -2.910743482554672, 54.869315512348685 ], [ -2.910745101999797, 54.869387393871904 ] ] ] } },
{ "type": "Feature", "properties": { "visible_points": 0, "total_points": 120, "visibility_pct": 0.0 }, "geometry": { "type": "Polygon", "coordinates": [ [ [ -2.910529225003667, 54.869389013216733 ], [ -2.910637973133859, 54.86942414435476 ], [ -2.910745101999796, 54.869387393871904 ], [ -2.910743482554671, 54.869315512348685 ], [ -2.910634734626876, 54.869280381303462 ], [ -2.910527605941809, 54.869317131688668 ], [ -2.910529225003667, 54.869389013216733 ] ] ] } },
{ "type": "Feature", "properties": { "visible_points": 0, "total_points": 112, "visibility_pct": 0.0 }, "geometry": { "type": "Polygon", "coordinates": [ [ [ -2.91031334798601, 54.869390632177918 ], [ -2.91042209593533, 54.869425763510193 ], [ -2.910529225003666, 54.869389013216733 ], [ -2.910527605941808, 54.869317131688668 ], [ -2.910418858194882, 54.869282000449211 ], [ -2.910311729307419, 54.869318750645007 ], [ -2.91031334798601, 54.869390632177918 ] ] ] } },
{ "type": "Feature", "properties": { "visible_points": 0, "total_points": 102, "visibility_pct": 0.0 }, "geometry": { "type": "Polygon", "coordinates": [ [ [ -2.910097470946831, 54.869392250755475 ], [ -2.910206218715278, 54.869427382281998 ], [ -2.910313347986009, 54.869390632177918 ], [ -2.910311729307419, 54.869318750645007 ], [ -2.910202981741363, 54.869283619211323 ], [ -2.910095852651508, 54.869320369217711 ], [ -2.910097470946831, 54.869392250755475 ] ] ] } },
{ "type": "Feature", "properties": { "visible_points": 0, "total_points": 91, "visibility_pct": 0.0 }, "geometry": { "type": "Polygon", "coordinates": [ [ [ -2.909881593886135, 54.869393868949381 ], [ -2.909990341473705, 54.869429000670138 ], [ -2.91009747094683, 54.869392250755475 ], [ -2.910095852651507, 54.869320369217711 ], [ -2.909987105266326, 54.869285237589779 ], [ -2.909879975974079, 54.869321987406771 ], [ -2.909881593886135, 54.869393868949381 ] ] ] } },
{ "type": "Feature", "properties": { "visible_points": 2, "total_points": 79, "visibility_pct": 2.5316455696202533 }, "geometry": { "type": "Polygon", "coordinates": [ [ [ -2.909665716803928, 54.869395486759657 ], [ -2.909774464210619, 54.869430618674656 ], [ -2.909881593886134, 54.869393868949381 ], [ -2.909879975974079, 54.869321987406771 ], [ -2.909771228769775, 54.869286855584598 ], [ -2.90966409927514, 54.869323605212209 ], [ -2.909665716803928, 54.869395486759657 ] ] ] } },
{ "type": "Feature", "properties": { "visible_points": 0, "total_points": 83, "visibility_pct": 0.0 }, "geometry": { "type": "Polygon", "coordinates": [ [ [ -2.911718979984055, 54.869487924323053 ], [ -2.911827729401831, 54.869523054388424 ], [ -2.911934857436597, 54.869486302860921 ], [ -2.91193323587273, 54.869414421365718 ], [ -2.911824486657364, 54.869379291393152 ], [ -2.911717358803456, 54.869416042822991 ], [ -2.911718979984055, 54.869487924323053 ] ] ] } },
{ "type": "Feature", "properties": { "visible_points": 5, "total_points": 93, "visibility_pct": 5.376344086021505 }, "geometry": { "type": "Polygon", "coordinates": [ [ [ -2.911503102509956, 54.869489545401535 ], [ -2.911611851746874, 54.869524675661147 ], [ -2.911718979984054, 54.869487924323053 ], [ -2.911717358803455, 54.869416042822991 ], [ -2.911608609768945, 54.869380912656183 ], [ -2.911501481712627, 54.869417663896641 ], [ -2.911503102509956, 54.869489545401535 ] ] ] } },
{ "type": "Feature", "properties": { "visible_points": 9, "total_points": 102, "visibility_pct": 8.8235294117647065 }, "geometry": { "type": "Polygon", "coordinates": [ [ [ -2.911287225014307, 54.869491166096374 ], [ -2.911395974070365, 54.869526296550234 ], [ -2.911503102509955, 54.869489545401535 ], [ -2.911501481712626, 54.869417663896641 ], [ -2.911392732858974, 54.869382533535571 ], [ -2.911285604600248, 54.86941928458662 ], [ -2.911287225014307, 54.869491166096374 ] ] ] } },
{ "type": "Feature", "properties": { "visible_points": 0, "total_points": 110, "visibility_pct": 0.0 }, "geometry": { "type": "Polygon", "coordinates": [ [ [ -2.911071347497114, 54.869492786407584 ], [ -2.911180096372308, 54.869527917055699 ], [ -2.911287225014306, 54.869491166096374 ], [ -2.911285604600247, 54.86941928458662 ], [ -2.911176855927456, 54.869384154031323 ], [ -2.911069727466323, 54.869420904892969 ], [ -2.911071347497114, 54.869492786407584 ] ] ] } },
{ "type": "Feature", "properties": { "visible_points": 2, "total_points": 116, "visibility_pct": 1.7241379310344827 }, "geometry": { "type": "Polygon", "coordinates": [ [ [ -2.91085546995838, 54.869494406335143 ], [ -2.910964218652709, 54.869529537177499 ], [ -2.911071347497113, 54.869492786407584 ], [ -2.911069727466322, 54.869420904892969 ], [ -2.910960978974395, 54.869385774143431 ], [ -2.910853850310859, 54.86942252481569 ], [ -2.91085546995838, 54.869494406335143 ] ] ] } },
{ "type": "Feature", "properties": { "visible_points": 3, "total_points": 120, "visibility_pct": 2.5 }, "geometry": { "type": "Polygon", "coordinates": [ [ [ -2.910639592398112, 54.869496025879066 ], [ -2.910748340911571, 54.869531156915663 ], [ -2.910855469958379, 54.869494406335143 ], [ -2.910853850310858, 54.86942252481569 ], [ -2.910745101999797, 54.869387393871904 ], [ -2.91063797313386, 54.86942414435476 ], [ -2.910639592398112, 54.869496025879066 ] ] ] } },
{ "type": "Feature", "properties": { "visible_points": 0, "total_points": 118, "visibility_pct": 0.0 }, "geometry": { "type": "Polygon", "coordinates": [ [ [ -2.910423714816314, 54.86949764503936 ], [ -2.910532463148901, 54.869532776270184 ], [ -2.910639592398112, 54.869496025879066 ], [ -2.910637973133859, 54.86942414435476 ], [ -2.910529225003667, 54.869389013216733 ], [ -2.910422095935332, 54.869425763510193 ], [ -2.910423714816314, 54.86949764503936 ] ] ] } },
{ "type": "Feature", "properties": { "visible_points": 1, "total_points": 110, "visibility_pct": 0.90909090909090906 }, "geometry": { "type": "Polygon", "coordinates": [ [ [ -2.910207837212991, 54.869499263815989 ], [ -2.910316585364705, 54.869534395241082 ], [ -2.910423714816313, 54.86949764503936 ], [ -2.91042209593533, 54.869425763510193 ], [ -2.91031334798601, 54.869390632177918 ], [ -2.910206218715278, 54.869427382281998 ], [ -2.910207837212991, 54.869499263815989 ] ] ] } },
{ "type": "Feature", "properties": { "visible_points": 0, "total_points": 100, "visibility_pct": 0.0 }, "geometry": { "type": "Polygon", "coordinates": [ [ [ -2.909991959588149, 54.869500882208982 ], [ -2.910100707558986, 54.869536013828309 ], [ -2.91020783721299, 54.869499263815989 ], [ -2.910206218715278, 54.869427382281998 ], [ -2.910097470946831, 54.869392250755475 ], [ -2.909990341473706, 54.869429000670138 ], [ -2.909991959588149, 54.869500882208982 ] ] ] } },
{ "type": "Feature", "properties": { "visible_points": 0, "total_points": 88, "visibility_pct": 0.0 }, "geometry": { "type": "Polygon", "coordinates": [ [ [ -2.909776081941792, 54.869502500218331 ], [ -2.90988482973175, 54.869537632031914 ], [ -2.909991959588148, 54.869500882208982 ], [ -2.909990341473705, 54.869429000670138 ], [ -2.909881593886135, 54.869393868949381 ], [ -2.90977446421062, 54.869430618674656 ], [ -2.909776081941792, 54.869502500218331 ] ] ] } },
{ "type": "Feature", "properties": { "visible_points": 0, "total_points": 84, "visibility_pct": 0.0 }, "geometry": { "type": "Polygon", "coordinates": [ [ [ -2.91182935078484, 54.86959493588472 ], [ -2.911938100585886, 54.869630065848661 ], [ -2.912045228801509, 54.869593314223494 ], [ -2.912043607035229, 54.869521432732043 ], [ -2.911934857436597, 54.869486302860921 ], [ -2.911827729401831, 54.869523054388424 ], [ -2.91182935078484, 54.86959493588472 ] ] ] } },
{ "type": "Feature", "properties": { "visible_points": 7, "total_points": 94, "visibility_pct": 7.4468085106382977 }, "geometry": { "type": "Polygon", "coordinates": [ [ [ -2.911613472746611, 54.869596557162303 ], [ -2.911722222366799, 54.869631687320485 ], [ -2.911829350784839, 54.86959493588472 ], [ -2.91182772940183, 54.869523054388424 ], [ -2.911718979984054, 54.869487924323053 ], [ -2.911611851746874, 54.869524675661147 ], [ -2.911613472746611, 54.869596557162303 ] ] ] } },
{ "type": "Feature", "properties": { "visible_points": 8, "total_points": 103, "visibility_pct": 7.7669902912621351 }, "geometry": { "type": "Polygon", "coordinates": [ [ [ -2.91139759468683, 54.869598178056251 ], [ -2.911506344126157, 54.869633308408673 ], [ -2.91161347274661, 54.869596557162303 ], [ -2.911611851746874, 54.869524675661147 ], [ -2.911503102509955, 54.869489545401535 ], [ -2.911395974070365, 54.869526296550234 ], [ -2.91139759468683, 54.869598178056251 ] ] ] } },
{ "type": "Feature", "properties": { "visible_points": 1, "total_points": 111, "visibility_pct": 0.90090090090090091 }, "geometry": { "type": "Polygon", "coordinates": [ [ [ -2.9111817166055, 54.86959979856654 ], [ -2.911290465863964, 54.869634929113211 ], [ -2.911397594686829, 54.869598178056251 ], [ -2.911395974070364, 54.869526296550234 ], [ -2.911287225014306, 54.869491166096374 ], [ -2.911180096372308, 54.869527917055699 ], [ -2.9111817166055, 54.86959979856654 ] ] ] } },
{ "type": "Feature", "properties": { "visible_points": 3, "total_points": 117, "visibility_pct": 2.5641025641025639 }, "geometry": { "type": "Polygon", "coordinates": [ [ [ -2.910965838502629, 54.8696014186932 ], [ -2.911074587580227, 54.869636549434126 ], [ -2.9111817166055, 54.86959979856654 ], [ -2.911180096372307, 54.869527917055699 ], [ -2.911071347497113, 54.869492786407584 ], [ -2.910964218652709, 54.869529537177499 ], [ -2.910965838502629, 54.8696014186932 ] ] ] } },
{ "type": "Feature", "properties": { "visible_points": 2, "total_points": 120, "visibility_pct": 1.6666666666666667 }, "geometry": { "type": "Polygon", "coordinates": [ [ [ -2.91074996037822, 54.869603038436217 ], [ -2.910858709274949, 54.869638169371385 ], [ -2.910965838502628, 54.8696014186932 ], [ -2.910964218652708, 54.869529537177499 ], [ -2.910855469958379, 54.869494406335143 ], [ -2.910748340911571, 54.869531156915663 ], [ -2.91074996037822, 54.869603038436217 ] ] ] } },
{ "type": "Feature", "properties": { "visible_points": 3, "total_points": 120, "visibility_pct": 2.5 }, "geometry": { "type": "Polygon", "coordinates": [ [ [ -2.910534082232278, 54.869604657795584 ], [ -2.910642830948137, 54.869639788925006 ], [ -2.910749960378219, 54.869603038436217 ], [ -2.91074834091157, 54.869531156915663 ], [ -2.910639592398112, 54.869496025879066 ], [ -2.910532463148901, 54.869532776270184 ], [ -2.910534082232278, 54.869604657795584 ] ] ] } },
{ "type": "Feature", "properties": { "visible_points": 0, "total_points": 116, "visibility_pct": 0.0 }, "geometry": { "type": "Polygon", "coordinates": [ [ [ -2.91031820406481, 54.869606276771322 ], [ -2.910426952599794, 54.869641408094971 ], [ -2.910534082232278, 54.869604657795584 ], [ -2.9105324631489, 54.869532776270184 ], [ -2.910423714816313, 54.86949764503936 ], [ -2.910316585364705, 54.869534395241082 ], [ -2.91031820406481, 54.869606276771322 ] ] ] } },
{ "type": "Feature", "properties": { "visible_points": 0, "total_points": 108, "visibility_pct": 0.0 }, "geometry": { "type": "Polygon", "coordinates": [ [ [ -2.910102325875819, 54.869607895363394 ], [ -2.910211074229926, 54.869643026881306 ], [ -2.910318204064809, 54.869606276771322 ], [ -2.910316585364704, 54.869534395241082 ], [ -2.91020783721299, 54.869499263815989 ], [ -2.910100707558986, 54.869536013828309 ], [ -2.910102325875819, 54.869607895363394 ] ] ] } },
{ "type": "Feature", "properties": { "visible_points": 0, "total_points": 97, "visibility_pct": 0.0 }, "geometry": { "type": "Polygon", "coordinates": [ [ [ -2.90988644766531, 54.869609513571845 ], [ -2.909995195838539, 54.869644645283991 ], [ -2.910102325875817, 54.869607895363394 ], [ -2.910100707558985, 54.869536013828309 ], [ -2.909991959588148, 54.869500882208982 ], [ -2.90988482973175, 54.869537632031914 ], [ -2.90988644766531, 54.869609513571845 ] ] ] } },
{ "type": "Feature", "properties": { "visible_points": 2, "total_points": 85, "visibility_pct": 2.3529411764705883 }, "geometry": { "type": "Polygon", "coordinates": [ [ [ -2.90967056943329, 54.869611131396638 ], [ -2.909779317425637, 54.869646263303039 ], [ -2.909886447665309, 54.869609513571845 ], [ -2.909884829731749, 54.869537632031914 ], [ -2.909776081941791, 54.869502500218331 ], [ -2.909668951883003, 54.869539249851869 ], [ -2.90967056943329, 54.869611131396638 ] ] ] } },
{ "type": "Feature", "properties": { "visible_points": 0, "total_points": 86, "visibility_pct": 0.0 }, "geometry": { "type": "Polygon", "coordinates": [ [ [ -2.911939722171306, 54.869701947341177 ], [ -2.912048472355623, 54.869737077203681 ], [ -2.912155600752104, 54.869700325480856 ], [ -2.912153978783411, 54.869628443993186 ], [ -2.912045228801509, 54.869593314223494 ], [ -2.911938100585886, 54.869630065848661 ], [ -2.911939722171306, 54.869701947341177 ] ] ] } },
{ "type": "Feature", "properties": { "visible_points": 5, "total_points": 95, "visibility_pct": 5.2631578947368416 }, "geometry": { "type": "Polygon", "coordinates": [ [ [ -2.911723843568945, 54.869703568817876 ], [ -2.911832593572405, 54.869738698874613 ], [ -2.911939722171305, 54.869701947341177 ], [ -2.911938100585886, 54.869630065848661 ], [ -2.91182935078484, 54.86959493588472 ], [ -2.911722222366799, 54.869631687320485 ], [ -2.911723843568945, 54.869703568817876 ] ] ] } },
{ "type": "Feature", "properties": { "visible_points": 3, "total_points": 104, "visibility_pct": 2.8846153846153846 }, "geometry": { "type": "Polygon", "coordinates": [ [ [ -2.91150796494503, 54.86970518991091 ], [ -2.911616714767629, 54.86974032016191 ], [ -2.911723843568945, 54.869703568817876 ], [ -2.911722222366799, 54.869631687320485 ], [ -2.911613472746611, 54.869596557162303 ], [ -2.911506344126157, 54.869633308408673 ], [ -2.91150796494503, 54.86970518991091 ] ] ] } },
{ "type": "Feature", "properties": { "visible_points": 4, "total_points": 112, "visibility_pct": 3.5714285714285712 }, "geometry": { "type": "Polygon", "coordinates": [ [ [ -2.911292086299563, 54.869706810620301 ], [ -2.911400835941299, 54.869741941065541 ], [ -2.911507964945029, 54.86970518991091 ], [ -2.911506344126157, 54.869633308408673 ], [ -2.91139759468683, 54.869598178056251 ], [ -2.911290465863965, 54.869634929113211 ], [ -2.911292086299563, 54.869706810620301 ] ] ] } },
{ "type": "Feature", "properties": { "visible_points": 6, "total_points": 118, "visibility_pct": 5.0847457627118651 }, "geometry": { "type": "Polygon", "coordinates": [ [ [ -2.911076207632551, 54.869708430946055 ], [ -2.911184957093421, 54.869743561585544 ], [ -2.911292086299562, 54.869706810620301 ], [ -2.911290465863964, 54.869634929113211 ], [ -2.9111817166055, 54.86959979856654 ], [ -2.911074587580228, 54.869636549434126 ], [ -2.911076207632551, 54.869708430946055 ] ] ] } },
{ "type": "Feature", "properties": { "visible_points": 5, "total_points": 120, "visibility_pct": 4.1666666666666661 }, "geometry": { "type": "Polygon", "coordinates": [ [ [ -2.910860328943998, 54.869710050888166 ], [ -2.910969078224, 54.869745181721896 ], [ -2.91107620763255, 54.869708430946055 ], [ -2.911074587580227, 54.869636549434126 ], [ -2.910965838502629, 54.8696014186932 ], [ -2.91085870927495, 54.869638169371385 ], [ -2.910860328943998, 54.869710050888166 ] ] ] } },
{ "type": "Feature", "properties": { "visible_points": 1, "total_points": 120, "visibility_pct": 0.83333333333333337 }, "geometry": { "type": "Polygon", "coordinates": [ [ [ -2.910644450233911, 54.869711670446627 ], [ -2.910753199333042, 54.869746801474605 ], [ -2.910860328943997, 54.869710050888166 ], [ -2.910858709274949, 54.869638169371385 ], [ -2.91074996037822, 54.869603038436217 ], [ -2.910642830948138, 54.869639788925006 ], [ -2.910644450233911, 54.869711670446627 ] ] ] } },
{ "type": "Feature", "properties": { "visible_points": 0, "total_points": 119, "visibility_pct": 0.0 }, "geometry": { "type": "Polygon", "coordinates": [ [ [ -2.910428571502294, 54.869713289621437 ], [ -2.910537320420551, 54.869748420843671 ], [ -2.91064445023391, 54.869711670446627 ], [ -2.910642830948137, 54.869639788925006 ], [ -2.910534082232278, 54.869604657795584 ], [ -2.910426952599795, 54.869641408094971 ], [ -2.910428571502294, 54.869713289621437 ] ] ] } },
{ "type": "Feature", "properties": { "visible_points": 2, "total_points": 114, "visibility_pct": 1.7543859649122806 }, "geometry": { "type": "Polygon", "coordinates": [ [ [ -2.910212692749151, 54.869714908412625 ], [ -2.910321441486531, 54.869750039829093 ], [ -2.910428571502293, 54.869713289621437 ], [ -2.910426952599794, 54.869641408094971 ], [ -2.91031820406481, 54.869606276771322 ], [ -2.910211074229927, 54.869643026881306 ], [ -2.910212692749151, 54.869714908412625 ] ] ] } },
{ "type": "Feature", "properties": { "visible_points": 0, "total_points": 105, "visibility_pct": 0.0 }, "geometry": { "type": "Polygon", "coordinates": [ [ [ -2.909996813974489, 54.869716526820156 ], [ -2.910105562530991, 54.869751658430879 ], [ -2.91021269274915, 54.869714908412625 ], [ -2.910211074229926, 54.869643026881306 ], [ -2.910102325875819, 54.869607895363394 ], [ -2.90999519583854, 54.869644645283991 ], [ -2.909996813974489, 54.869716526820156 ] ] ] } },
{ "type": "Feature", "properties": { "visible_points": 0, "total_points": 93, "visibility_pct": 0.0 }, "geometry": { "type": "Polygon", "coordinates": [ [ [ -2.909780935178312, 54.869718144844029 ], [ -2.909889683553932, 54.869753276649 ], [ -2.909996813974488, 54.869716526820156 ], [ -2.909995195838539, 54.869644645283991 ], [ -2.90988644766531, 54.869609513571845 ], [ -2.909779317425638, 54.869646263303039 ], [ -2.909780935178312, 54.869718144844029 ] ] ] } },
{ "type": "Feature", "properties": { "visible_points": 2, "total_points": 80, "visibility_pct": 2.5 }, "geometry": { "type": "Polygon", "coordinates": [ [ [ -2.909565056360624, 54.86971976248428 ], [ -2.909673804555361, 54.869754894483492 ], [ -2.90978093517831, 54.869718144844029 ], [ -2.909779317425637, 54.869646263303039 ], [ -2.90967056943329, 54.869611131396638 ], [ -2.909563438991226, 54.86964788093843 ], [ -2.909565056360624, 54.86971976248428 ] ] ] } },
{ "type": "Feature", "properties": { "visible_points": 2, "total_points": 88, "visibility_pct": 2.2727272727272729 }, "geometry": { "type": "Polygon", "coordinates": [ [ [ -2.912050094143458, 54.869808958692438 ], [ -2.91215884471105, 54.869844088453512 ], [ -2.912265973288388, 54.869807336633023 ], [ -2.912264351117277, 54.869735455149105 ], [ -2.912155600752104, 54.869700325480856 ], [ -2.912048472355623, 54.869737077203681 ], [ -2.912050094143458, 54.869808958692438 ] ] ] } },
{ "type": "Feature", "properties": { "visible_points": 3, "total_points": 97, "visibility_pct": 3.0927835051546393 }, "geometry": { "type": "Polygon", "coordinates": [ [ [ -2.911834214976963, 54.869810580368224 ], [ -2.911942965363697, 54.869845710323546 ], [ -2.912050094143457, 54.869808958692438 ], [ -2.912048472355622, 54.869737077203681 ], [ -2.911939722171305, 54.869701947341177 ], [ -2.911832593572405, 54.869738698874613 ], [ -2.911834214976963, 54.869810580368224 ] ] ] } },
{ "type": "Feature", "properties": { "visible_points": 0, "total_points": 105, "visibility_pct": 0.0 }, "geometry": { "type": "Polygon", "coordinates": [ [ [ -2.91161833578891, 54.869812201660373 ], [ -2.911727085994783, 54.869847331809929 ], [ -2.911834214976962, 54.869810580368224 ], [ -2.911832593572404, 54.869738698874613 ], [ -2.911723843568945, 54.869703568817876 ], [ -2.911616714767629, 54.86974032016191 ], [ -2.91161833578891, 54.869812201660373 ] ] ] } },
{ "type": "Feature", "properties": { "visible_points": 4, "total_points": 113, "visibility_pct": 3.5398230088495577 }, "geometry": { "type": "Polygon", "coordinates": [ [ [ -2.911402456579303, 54.869813822568872 ], [ -2.911511206604314, 54.86984895291269 ], [ -2.911618335788908, 54.869812201660373 ], [ -2.911616714767627, 54.86974032016191 ], [ -2.911507964945029, 54.86970518991091 ], [ -2.911400835941299, 54.869741941065541 ], [ -2.911402456579303, 54.869813822568872 ] ] ] } },
{ "type": "Feature", "properties": { "visible_points": 9, "total_points": 119, "visibility_pct": 7.5630252100840334 }, "geometry": { "type": "Polygon", "coordinates": [ [ [ -2.911186577348149, 54.869815443093714 ], [ -2.911295327192293, 54.86985057363178 ], [ -2.911402456579302, 54.869813822568872 ], [ -2.911400835941298, 54.869741941065541 ], [ -2.911292086299562, 54.869706810620301 ], [ -2.911184957093421, 54.869743561585544 ], [ -2.911186577348149, 54.869815443093714 ] ] ] } },
{ "type": "Feature", "properties": { "visible_points": 5, "total_points": 120, "visibility_pct": 4.1666666666666661 }, "geometry": { "type": "Polygon", "coordinates": [ [ [ -2.910970698095451, 54.869817063234912 ], [ -2.911079447758728, 54.869852193967233 ], [ -2.911186577348148, 54.869815443093714 ], [ -2.91118495709342, 54.869743561585544 ], [ -2.91107620763255, 54.869708430946055 ], [ -2.910969078224, 54.869745181721896 ], [ -2.910970698095451, 54.869817063234912 ] ] ] } },
{ "type": "Feature", "properties": { "visible_points": 6, "total_points": 120, "visibility_pct": 5.0 }, "geometry": { "type": "Polygon", "coordinates": [ [ [ -2.910754818821215, 54.869818682992481 ], [ -2.910863568303621, 54.869853813919036 ], [ -2.91097069809545, 54.869817063234912 ], [ -2.910969078223999, 54.869745181721896 ], [ -2.910860328943997, 54.869710050888166 ], [ -2.910753199333042, 54.869746801474605 ], [ -2.910754818821215, 54.869818682992481 ] ] ] } },
{ "type": "Feature", "properties": { "visible_points": 2, "total_points": 120, "visibility_pct": 1.6666666666666667 }, "geometry": { "type": "Polygon", "coordinates": [ [ [ -2.910538939525447, 54.869820302366392 ], [ -2.910647688826979, 54.869855433487196 ], [ -2.910754818821214, 54.869818682992481 ], [ -2.910753199333041, 54.869746801474605 ], [ -2.91064445023391, 54.869711670446627 ], [ -2.910537320420551, 54.869748420843671 ], [ -2.910538939525447, 54.869820302366392 ] ] ] } },
{ "type": "Feature", "properties": { "visible_points": 0, "total_points": 118, "visibility_pct": 0.0 }, "geometry": { "type": "Polygon", "coordinates": [ [ [ -2.91032306020815, 54.869821921356653 ], [ -2.910431809328807, 54.869857052671719 ], [ -2.910538939525446, 54.869820302366392 ], [ -2.91053732042055, 54.869748420843671 ], [ -2.910428571502293, 54.869713289621437 ], [ -2.910321441486531, 54.869750039829093 ], [ -2.91032306020815, 54.869821921356653 ] ] ] } },
{ "type": "Feature", "properties": { "visible_points": 0, "total_points": 111, "visibility_pct": 0.0 }, "geometry": { "type": "Polygon", "coordinates": [ [ [ -2.910107180869332, 54.869823539963285 ], [ -2.91021592980911, 54.869858671472578 ], [ -2.91032306020815, 54.869821921356653 ], [ -2.910321441486531, 54.869750039829093 ], [ -2.91021269274915, 54.869714908412625 ], [ -2.910105562530991, 54.869751658430879 ], [ -2.910107180869332, 54.869823539963285 ] ] ] } },
{ "type": "Feature", "properties": { "visible_points": 0, "total_points": 100, "visibility_pct": 0.0 }, "geometry": { "type": "Polygon", "coordinates": [ [ [ -2.909891301508995, 54.869825158186252 ], [ -2.910000050267891, 54.8698602898898 ], [ -2.910107180869331, 54.869823539963285 ], [ -2.91010556253099, 54.869751658430879 ], [ -2.909996813974488, 54.869716526820156 ], [ -2.909889683553932, 54.869753276649 ], [ -2.909891301508995, 54.869825158186252 ] ] ] } },
{ "type": "Feature", "properties": { "visible_points": 0, "total_points": 87, "visibility_pct": 0.0 }, "geometry": { "type": "Polygon", "coordinates": [ [ [ -2.909675422127147, 54.869826776025583 ], [ -2.909784170705159, 54.869861907923365 ], [ -2.909891301508995, 54.869825158186252 ], [ -2.909889683553931, 54.869753276649 ], [ -2.90978093517831, 54.869718144844029 ], [ -2.909673804555361, 54.869754894483492 ], [ -2.909675422127147, 54.869826776025583 ] ] ] } },
{ "type": "Feature", "properties": { "visible_points": 2, "total_points": 74, "visibility_pct": 2.7027027027027026 }, "geometry": { "type": "Polygon", "coordinates": [ [ [ -2.90945954272379, 54.869828393481264 ], [ -2.909568291120916, 54.869863525573294 ], [ -2.909675422127146, 54.869826776025583 ], [ -2.90967380455536, 54.869754894483492 ], [ -2.909565056360623, 54.86971976248428 ], [ -2.909457925535283, 54.869756511934327 ], [ -2.90945954272379, 54.869828393481264 ] ] ] } },
{ "type": "Feature", "properties": { "visible_points": 0, "total_points": 80, "visibility_pct": 0.0 }, "geometry": { "type": "Polygon", "coordinates": [ [ [ -2.912376346410367, 54.869914347679959 ], [ -2.912485097542091, 54.86994947714534 ], [ -2.912592226097861, 54.869912725037786 ], [ -2.912590603341052, 54.869840843562514 ], [ -2.912481852411752, 54.869805714189937 ], [ -2.912374724036837, 54.869842466199827 ], [ -2.912376346410367, 54.869914347679959 ] ] ] } },
{ "type": "Feature", "properties": { "visible_points": 4, "total_points": 90, "visibility_pct": 4.4444444444444446 }, "geometry": { "type": "Polygon", "coordinates": [ [ [ -2.912160466701302, 54.869915969938489 ], [ -2.91226921765217, 54.869951099598119 ], [ -2.912376346410366, 54.869914347679959 ], [ -2.912374724036836, 54.869842466199827 ], [ -2.912265973288389, 54.869807336633023 ], [ -2.912158844711051, 54.869844088453512 ], [ -2.912160466701302, 54.869915969938489 ] ] ] } },
{ "type": "Feature", "properties": { "visible_points": 4, "total_points": 99, "visibility_pct": 4.0404040404040407 }, "geometry": { "type": "Polygon", "coordinates": [ [ [ -2.91194458697067, 54.869917591813376 ], [ -2.912053337740681, 54.869952721667268 ], [ -2.912160466701301, 54.869915969938489 ], [ -2.91215884471105, 54.869844088453512 ], [ -2.912050094143458, 54.869808958692438 ], [ -2.911942965363698, 54.869845710323546 ], [ -2.91194458697067, 54.869917591813376 ] ] ] } },
{ "type": "Feature", "properties": { "visible_points": 0, "total_points": 107, "visibility_pct": 0.0 }, "geometry": { "type": "Polygon", "coordinates": [ [ [ -2.911728707218477, 54.86991921330462 ], [ -2.911837457807628, 54.869954343352752 ], [ -2.911944586970669, 54.869917591813376 ], [ -2.911942965363697, 54.869845710323546 ], [ -2.911834214976963, 54.869810580368224 ], [ -2.911727085994784, 54.869847331809929 ], [ -2.911728707218477, 54.86991921330462 ] ] ] } },
{ "type": "Feature", "properties": { "visible_points": 0, "total_points": 114, "visibility_pct": 0.0 }, "geometry": { "type": "Polygon", "coordinates": [ [ [ -2.911512827444729, 54.86992083441222 ], [ -2.911621577853017, 54.869955964654608 ], [ -2.911728707218476, 54.86991921330462 ], [ -2.911727085994783, 54.869847331809929 ], [ -2.91161833578891, 54.869812201660373 ], [ -2.911511206604315, 54.86984895291269 ], [ -2.911512827444729, 54.86992083441222 ] ] ] } },
{ "type": "Feature", "properties": { "visible_points": 2, "total_points": 120, "visibility_pct": 1.6666666666666667 }, "geometry": { "type": "Polygon", "coordinates": [ [ [ -2.911296947649429, 54.86992245513617 ], [ -2.911405697876851, 54.869957585572806 ], [ -2.911512827444728, 54.86992083441222 ], [ -2.911511206604314, 54.86984895291269 ], [ -2.911402456579303, 54.869813822568872 ], [ -2.911295327192295, 54.86985057363178 ], [ -2.911296947649429, 54.86992245513617 ] ] ] } },
{ "type": "Feature", "properties": { "visible_points": 1, "total_points": 120, "visibility_pct": 0.83333333333333337 }, "geometry": { "type": "Polygon", "coordinates": [ [ [ -2.911081067832584, 54.869924075476469 ], [ -2.911189817879138, 54.869959206107339 ], [ -2.911296947649428, 54.86992245513617 ], [ -2.911295327192293, 54.86985057363178 ], [ -2.911186577348149, 54.869815443093714 ], [ -2.911079447758729, 54.869852193967233 ], [ -2.911081067832584, 54.869924075476469 ] ] ] } },
{ "type": "Feature", "properties": { "visible_points": 1, "total_points": 120, "visibility_pct": 0.83333333333333337 }, "geometry": { "type": "Polygon", "coordinates": [ [ [ -2.910865187994197, 54.869925695433132 ], [ -2.910973937859881, 54.86996082625825 ], [ -2.911081067832583, 54.869924075476469 ], [ -2.911079447758728, 54.869852193967233 ], [ -2.910970698095451, 54.869817063234912 ], [ -2.910863568303622, 54.869853813919036 ], [ -2.910865187994197, 54.869925695433132 ] ] ] } },
{ "type": "Feature", "properties": { "visible_points": 2, "total_points": 120, "visibility_pct": 1.6666666666666667 }, "geometry": { "type": "Polygon", "coordinates": [ [ [ -2.910649308134275, 54.86992731500613 ], [ -2.910758057819085, 54.869962446025504 ], [ -2.910865187994196, 54.869925695433132 ], [ -2.910863568303621, 54.869853813919036 ], [ -2.910754818821215, 54.869818682992481 ], [ -2.91064768882698, 54.869855433487196 ], [ -2.910649308134275, 54.86992731500613 ] ] ] } },
{ "type": "Feature", "properties": { "visible_points": 0, "total_points": 120, "visibility_pct": 0.0 }, "geometry": { "type": "Polygon", "coordinates": [ [ [ -2.910433428252823, 54.869928934195492 ], [ -2.910542177756758, 54.869964065409114 ], [ -2.910649308134275, 54.86992731500613 ], [ -2.910647688826979, 54.869855433487196 ], [ -2.910538939525447, 54.869820302366392 ], [ -2.910431809328808, 54.869857052671719 ], [ -2.910433428252823, 54.869928934195492 ] ] ] } },
{ "type": "Feature", "properties": { "visible_points": 0, "total_points": 116, "visibility_pct": 0.0 }, "geometry": { "type": "Polygon", "coordinates": [ [ [ -2.910217548349845, 54.869930553001204 ], [ -2.910326297672901, 54.869965684409067 ], [ -2.910433428252822, 54.869928934195492 ], [ -2.910431809328807, 54.869857052671719 ], [ -2.91032306020815, 54.869821921356653 ], [ -2.910215929809111, 54.869858671472578 ], [ -2.910217548349845, 54.869930553001204 ] ] ] } },
{ "type": "Feature", "properties": { "visible_points": 0, "total_points": 104, "visibility_pct": 0.0 }, "geometry": { "type": "Polygon", "coordinates": [ [ [ -2.910001668425347, 54.869932171423272 ], [ -2.910110417567522, 54.86996730302539 ], [ -2.910217548349844, 54.869930553001204 ], [ -2.91021592980911, 54.869858671472578 ], [ -2.910107180869332, 54.869823539963285 ], [ -2.910000050267893, 54.8698602898898 ], [ -2.910001668425347, 54.869932171423272 ] ] ] } },
{ "type": "Feature", "properties": { "visible_points": 0, "total_points": 92, "visibility_pct": 0.0 }, "geometry": { "type": "Polygon", "coordinates": [ [ [ -2.909785788479335, 54.869933789461683 ], [ -2.909894537440625, 54.869968921258057 ], [ -2.910001668425346, 54.869932171423272 ], [ -2.910000050267891, 54.8698602898898 ], [ -2.909891301508995, 54.869825158186252 ], [ -2.90978417070516, 54.869861907923365 ], [ -2.909785788479335, 54.869933789461683 ] ] ] } },
{ "type": "Feature", "properties": { "visible_points": 0, "total_points": 79, "visibility_pct": 0.0 }, "geometry": { "type": "Polygon", "coordinates": [ [ [ -2.909569908511811, 54.869935407116465 ], [ -2.909678657292216, 54.869970539107072 ], [ -2.909785788479333, 54.869933789461683 ], [ -2.909784170705159, 54.869861907923365 ], [ -2.909675422127147, 54.869826776025583 ], [ -2.909568291120917, 54.869863525573294 ], [ -2.909569908511811, 54.869935407116465 ] ] ] } },
{ "type": "Feature", "properties": { "visible_points": 0, "total_points": 83, "visibility_pct": 0.0 }, "geometry": { "type": "Polygon", "coordinates": [ [ [ -2.912486720118043, 54.870021358621706 ], [ -2.912595471633047, 54.870056487985657 ], [ -2.912702600369671, 54.870019735780417 ], [ -2.912700977410437, 54.869947854308911 ], [ -2.912592226097861, 54.869912725037786 ], [ -2.912485097542091, 54.86994947714534 ], [ -2.912486720118043, 54.870021358621706 ] ] ] } },
{ "type": "Feature", "properties": { "visible_points": 5, "total_points": 92, "visibility_pct": 5.4347826086956523 }, "geometry": { "type": "Polygon", "coordinates": [ [ [ -2.912270839844842, 54.870022981079359 ], [ -2.91237959117899, 54.870058110637551 ], [ -2.912486720118042, 54.870021358621706 ], [ -2.91248509754209, 54.86994947714534 ], [ -2.912376346410366, 54.869914347679959 ], [ -2.91226921765217, 54.869951099598119 ], [ -2.912270839844842, 54.870022981079359 ] ] ] } },
{ "type": "Feature", "properties": { "visible_points": 6, "total_points": 101, "visibility_pct": 5.9405940594059405 }, "geometry": { "type": "Polygon", "coordinates": [ [ [ -2.912054959550071, 54.870024603153354 ], [ -2.912163710703362, 54.870059732905794 ], [ -2.912270839844841, 54.870022981079359 ], [ -2.912269217652169, 54.869951099598119 ], [ -2.912160466701301, 54.869915969938489 ], [ -2.912053337740681, 54.869952721667268 ], [ -2.912054959550071, 54.870024603153354 ] ] ] } },
{ "type": "Feature", "properties": { "visible_points": 0, "total_points": 109, "visibility_pct": 0.0 }, "geometry": { "type": "Polygon", "coordinates": [ [ [ -2.911839079233737, 54.870026224843684 ], [ -2.911947830206167, 54.870061354790394 ], [ -2.91205495955007, 54.870024603153354 ], [ -2.91205333774068, 54.869952721667268 ], [ -2.911944586970669, 54.869917591813376 ], [ -2.911837457807628, 54.869954343352752 ], [ -2.911839079233737, 54.870026224843684 ] ] ] } },
{ "type": "Feature", "properties": { "visible_points": 3, "total_points": 115, "visibility_pct": 2.6086956521739131 }, "geometry": { "type": "Polygon", "coordinates": [ [ [ -2.911623198895843, 54.870027846150393 ], [ -2.911731949687411, 54.870062976291344 ], [ -2.911839079233736, 54.870026224843684 ], [ -2.911837457807627, 54.869954343352752 ], [ -2.911728707218476, 54.86991921330462 ], [ -2.911621577853017, 54.869955964654608 ], [ -2.911623198895843, 54.870027846150393 ] ] ] } },
{ "type": "Feature", "properties": { "visible_points": 8, "total_points": 120, "visibility_pct": 6.666666666666667 }, "geometry": { "type": "Polygon", "coordinates": [ [ [ -2.911407318536396, 54.870029467073437 ], [ -2.911516069147098, 54.870064597408636 ], [ -2.911623198895842, 54.870027846150393 ], [ -2.911621577853015, 54.869955964654608 ], [ -2.911512827444728, 54.86992083441222 ], [ -2.911405697876851, 54.869957585572806 ], [ -2.911407318536396, 54.870029467073437 ] ] ] } },
{ "type": "Feature", "properties": { "visible_points": 2, "total_points": 120, "visibility_pct": 1.6666666666666667 }, "geometry": { "type": "Polygon", "coordinates": [ [ [ -2.9111914381554, 54.87003108761283 ], [ -2.911300188585234, 54.870066218142284 ], [ -2.911407318536395, 54.870029467073437 ], [ -2.91140569787685, 54.869957585572806 ], [ -2.911296947649428, 54.86992245513617 ], [ -2.911189817879138, 54.869959206107339 ], [ -2.9111914381554, 54.87003108761283 ] ] ] } },
{ "type": "Feature", "properties": { "visible_points": 0, "total_points": 120, "visibility_pct": 0.0 }, "geometry": { "type": "Polygon", "coordinates": [ [ [ -2.910975557752861, 54.87003270776858 ], [ -2.911084308001825, 54.870067838492275 ], [ -2.911191438155399, 54.87003108761283 ], [ -2.911189817879137, 54.869959206107339 ], [ -2.911081067832583, 54.869924075476469 ], [ -2.910973937859881, 54.86996082625825 ], [ -2.910975557752861, 54.87003270776858 ] ] ] } },
{ "type": "Feature", "properties": { "visible_points": 0, "total_points": 120, "visibility_pct": 0.0 }, "geometry": { "type": "Polygon", "coordinates": [ [ [ -2.910759677328783, 54.870034327540694 ], [ -2.910868427396874, 54.87006945845863 ], [ -2.91097555775286, 54.87003270776858 ], [ -2.91097393785988, 54.86996082625825 ], [ -2.910865187994196, 54.869925695433132 ], [ -2.910758057819085, 54.869962446025504 ], [ -2.910759677328783, 54.870034327540694 ] ] ] } },
{ "type": "Feature", "properties": { "visible_points": 1, "total_points": 120, "visibility_pct": 0.83333333333333337 }, "geometry": { "type": "Polygon", "coordinates": [ [ [ -2.910543796883173, 54.870035946929143 ], [ -2.910652546770387, 54.870071078041335 ], [ -2.910759677328782, 54.870034327540694 ], [ -2.910758057819085, 54.869962446025504 ], [ -2.910649308134275, 54.86992731500613 ], [ -2.910542177756758, 54.869964065409114 ], [ -2.910543796883173, 54.870035946929143 ] ] ] } },
{ "type": "Feature", "properties": { "visible_points": 3, "total_points": 119, "visibility_pct": 2.5210084033613445 }, "geometry": { "type": "Polygon", "coordinates": [ [ [ -2.910327916416034, 54.870037565933956 ], [ -2.91043666612237, 54.870072697240381 ], [ -2.910543796883172, 54.870035946929143 ], [ -2.910542177756757, 54.869964065409114 ], [ -2.910433428252822, 54.869928934195492 ], [ -2.910326297672901, 54.869965684409067 ], [ -2.910327916416034, 54.870037565933956 ] ] ] } },
{ "type": "Feature", "properties": { "visible_points": 1, "total_points": 108, "visibility_pct": 0.92592592592592582 }, "geometry": { "type": "Polygon", "coordinates": [ [ [ -2.910112035927372, 54.870039184555104 ], [ -2.910220785452827, 54.870074316055792 ], [ -2.910327916416033, 54.870037565933956 ], [ -2.910326297672901, 54.869965684409067 ], [ -2.910217548349844, 54.869930553001204 ], [ -2.910110417567522, 54.86996730302539 ], [ -2.910112035927372, 54.870039184555104 ] ] ] } },
{ "type": "Feature", "properties": { "visible_points": 0, "total_points": 96, "visibility_pct": 0.0 }, "geometry": { "type": "Polygon", "coordinates": [ [ [ -2.909896155417192, 54.870040802792609 ], [ -2.910004904761764, 54.870075934487545 ], [ -2.910112035927372, 54.870039184555104 ], [ -2.910110417567521, 54.86996730302539 ], [ -2.910001668425346, 54.869932171423272 ], [ -2.909894537440625, 54.869968921258057 ], [ -2.909896155417192, 54.870040802792609 ] ] ] } },
{ "type": "Feature", "properties": { "visible_points": 0, "total_points": 83, "visibility_pct": 0.0 }, "geometry": { "type": "Polygon", "coordinates": [ [ [ -2.9096802748855, 54.870042420646477 ], [ -2.909789024049185, 54.870077552535648 ], [ -2.909896155417192, 54.870040802792609 ], [ -2.909894537440624, 54.869968921258057 ], [ -2.909785788479333, 54.869933789461683 ], [ -2.909678657292216, 54.869970539107072 ], [ -2.9096802748855, 54.870042420646477 ] ] ] } },
{ "type": "Feature", "properties": { "visible_points": 1, "total_points": 70, "visibility_pct": 1.4285714285714286 }, "geometry": { "type": "Polygon", "coordinates": [ [ [ -2.9094643943323, 54.870044038116674 ], [ -2.909573143315096, 54.870079170200107 ], [ -2.9096802748855, 54.870042420646477 ], [ -2.909678657292214, 54.869970539107072 ], [ -2.909569908511811, 54.869935407116465 ], [ -2.909462777122298, 54.86997215657243 ], [ -2.9094643943323, 54.870044038116674 ] ] ] } },
{ "type": "Feature", "properties": { "visible_points": 0, "total_points": 85, "visibility_pct": 0.0 }, "geometry": { "type": "Polygon", "coordinates": [ [ [ -2.912597094411425, 54.870128369458257 ], [ -2.91270584630971, 54.870163498720771 ], [ -2.912812975227188, 54.870126746417853 ], [ -2.912811352065527, 54.870054864950099 ], [ -2.912702600369672, 54.870019735780417 ], [ -2.912595471633047, 54.870056487985657 ], [ -2.912597094411425, 54.870128369458257 ] ] ] } },
{ "type": "Feature", "properties": { "visible_points": 3, "total_points": 94, "visibility_pct": 3.1914893617021276 }, "geometry": { "type": "Polygon", "coordinates": [ [ [ -2.912381213574085, 54.870129992114997 ], [ -2.912489965291515, 54.870165121571773 ], [ -2.912597094411425, 54.870128369458257 ], [ -2.912595471633047, 54.870056487985657 ], [ -2.912486720118043, 54.870021358621706 ], [ -2.912379591178992, 54.870058110637551 ], [ -2.912381213574085, 54.870129992114997 ] ] ] } },
{ "type": "Feature", "properties": { "visible_points": 1, "total_points": 102, "visibility_pct": 0.98039215686274506 }, "geometry": { "type": "Polygon", "coordinates": [ [ [ -2.912165332715172, 54.8701316143881 ], [ -2.912274084251745, 54.870166744039111 ], [ -2.912381213574083, 54.870129992114997 ], [ -2.91237959117899, 54.870058110637551 ], [ -2.912270839844842, 54.870022981079359 ], [ -2.912163710703362, 54.870059732905794 ], [ -2.912165332715172, 54.8701316143881 ] ] ] } },
{ "type": "Feature", "properties": { "visible_points": 0, "total_points": 110, "visibility_pct": 0.0 }, "geometry": { "type": "Polygon", "coordinates": [ [ [ -2.911949451834694, 54.870133236277546 ], [ -2.912058203190406, 54.870168366122812 ], [ -2.912165332715171, 54.8701316143881 ], [ -2.912163710703362, 54.870059732905794 ], [ -2.912054959550071, 54.870024603153354 ], [ -2.911947830206168, 54.870061354790394 ], [ -2.911949451834694, 54.870133236277546 ] ] ] } },
{ "type": "Feature", "properties": { "visible_points": 2, "total_points": 116, "visibility_pct": 1.7241379310344827 }, "geometry": { "type": "Polygon", "coordinates": [ [ [ -2.911733570932653, 54.870134857783341 ], [ -2.911842322107503, 54.870169987822869 ], [ -2.911949451834693, 54.870133236277546 ], [ -2.911947830206167, 54.870061354790394 ], [ -2.911839079233737, 54.870026224843684 ], [ -2.911731949687411, 54.870062976291344 ], [ -2.911733570932653, 54.870134857783341 ] ] ] } },
{ "type": "Feature", "properties": { "visible_points": 3, "total_points": 120, "visibility_pct": 2.5 }, "geometry": { "type": "Polygon", "coordinates": [ [ [ -2.911517690009056, 54.870136478905501 ], [ -2.91162644100304, 54.870171609139263 ], [ -2.911733570932652, 54.870134857783341 ], [ -2.911731949687411, 54.870062976291344 ], [ -2.911623198895843, 54.870027846150393 ], [ -2.911516069147099, 54.870064597408636 ], [ -2.911517690009056, 54.870136478905501 ] ] ] } },
{ "type": "Feature", "properties": { "visible_points": 4, "total_points": 120, "visibility_pct": 3.3333333333333335 }, "geometry": { "type": "Polygon", "coordinates": [ [ [ -2.911301809063908, 54.870138099644002 ], [ -2.911410559877024, 54.870173230072027 ], [ -2.911517690009055, 54.870136478905501 ], [ -2.911516069147098, 54.870064597408636 ], [ -2.911407318536396, 54.870029467073437 ], [ -2.911300188585235, 54.870066218142284 ], [ -2.911301809063908, 54.870138099644002 ] ] ] } },
{ "type": "Feature", "properties": { "visible_points": 0, "total_points": 120, "visibility_pct": 0.0 }, "geometry": { "type": "Polygon", "coordinates": [ [ [ -2.911085928097213, 54.870139719998853 ], [ -2.91119467872946, 54.870174850621126 ], [ -2.911301809063907, 54.870138099644002 ], [ -2.911300188585234, 54.870066218142284 ], [ -2.9111914381554, 54.87003108761283 ], [ -2.911084308001826, 54.870067838492275 ], [ -2.911085928097213, 54.870139719998853 ] ] ] } },
{ "type": "Feature", "properties": { "visible_points": 0, "total_points": 120, "visibility_pct": 0.0 }, "geometry": { "type": "Polygon", "coordinates": [ [ [ -2.910870047108978, 54.870141339970047 ], [ -2.910978797560351, 54.870176470786575 ], [ -2.911085928097212, 54.870139719998853 ], [ -2.911084308001825, 54.870067838492275 ], [ -2.910975557752861, 54.87003270776858 ], [ -2.910868427396875, 54.87006945845863 ], [ -2.910870047108978, 54.870141339970047 ] ] ] } },
{ "type": "Feature", "properties": { "visible_points": 0, "total_points": 120, "visibility_pct": 0.0 }, "geometry": { "type": "Polygon", "coordinates": [ [ [ -2.910654166099206, 54.870142959557597 ], [ -2.910762916369704, 54.870178090568373 ], [ -2.910870047108977, 54.870141339970047 ], [ -2.910868427396874, 54.87006945845863 ], [ -2.910759677328783, 54.870034327540694 ], [ -2.910652546770389, 54.870071078041335 ], [ -2.910654166099206, 54.870142959557597 ] ] ] } },
{ "type": "Feature", "properties": { "visible_points": 3, "total_points": 118, "visibility_pct": 2.5423728813559325 }, "geometry": { "type": "Polygon", "coordinates": [ [ [ -2.910438285067904, 54.870144578761497 ], [ -2.910547035157523, 54.870179709966514 ], [ -2.910654166099206, 54.870142959557597 ], [ -2.910652546770387, 54.870071078041335 ], [ -2.910543796883173, 54.870035946929143 ], [ -2.910436666122371, 54.870072697240381 ], [ -2.910438285067904, 54.870144578761497 ] ] ] } },
{ "type": "Feature", "properties": { "visible_points": 2, "total_points": 111, "visibility_pct": 1.8018018018018018 }, "geometry": { "type": "Polygon", "coordinates": [ [ [ -2.910222404015076, 54.870146197581754 ], [ -2.910331153923814, 54.870181328981026 ], [ -2.910438285067903, 54.870144578761497 ], [ -2.91043666612237, 54.870072697240381 ], [ -2.910327916416034, 54.870037565933956 ], [ -2.910220785452828, 54.870074316055792 ], [ -2.910222404015076, 54.870146197581754 ] ] ] } },
{ "type": "Feature", "properties": { "visible_points": 1, "total_points": 99, "visibility_pct": 1.0101010101010102 }, "geometry": { "type": "Polygon", "coordinates": [ [ [ -2.910006522940727, 54.870147816018353 ], [ -2.910115272668583, 54.870182947611859 ], [ -2.910222404015075, 54.870146197581754 ], [ -2.910220785452827, 54.870074316055792 ], [ -2.910112035927372, 54.870039184555104 ], [ -2.910004904761764, 54.870075934487545 ], [ -2.910006522940727, 54.870147816018353 ] ] ] } },
{ "type": "Feature", "properties": { "visible_points": 0, "total_points": 87, "visibility_pct": 0.0 }, "geometry": { "type": "Polygon", "coordinates": [ [ [ -2.909790641844863, 54.870149434071294 ], [ -2.909899391391832, 54.870184565859063 ], [ -2.910006522940726, 54.870147816018353 ], [ -2.910004904761764, 54.870075934487545 ], [ -2.909896155417192, 54.870040802792609 ], [ -2.909789024049186, 54.870077552535648 ], [ -2.909790641844863, 54.870149434071294 ] ] ] } },
{ "type": "Feature", "properties": { "visible_points": 2, "total_points": 74, "visibility_pct": 2.7027027027027026 }, "geometry": { "type": "Polygon", "coordinates": [ [ [ -2.909574760727487, 54.870151051740592 ], [ -2.909683510093568, 54.870186183722595 ], [ -2.909790641844862, 54.870149434071294 ], [ -2.909789024049185, 54.870077552535648 ], [ -2.9096802748855, 54.870042420646477 ], [ -2.909573143315097, 54.870079170200107 ], [ -2.909574760727487, 54.870151051740592 ] ] ] } },
{ "type": "Feature", "properties": { "visible_points": 1, "total_points": 61, "visibility_pct": 1.639344262295082 }, "geometry": { "type": "Polygon", "coordinates": [ [ [ -2.909358879588608, 54.87015266902624 ], [ -2.909467628773796, 54.870187801202491 ], [ -2.909574760727487, 54.870151051740592 ], [ -2.909573143315096, 54.870079170200107 ], [ -2.9094643943323, 54.870044038116674 ], [ -2.909357262559503, 54.870080787480916 ], [ -2.909358879588608, 54.87015266902624 ] ] ] } },
{ "type": "Feature", "properties": { "visible_points": 1, "total_points": 87, "visibility_pct": 1.1494252873563218 }, "geometry": { "type": "Polygon", "coordinates": [ [ [ -2.912707469290515, 54.870235380189584 ], [ -2.912816221572084, 54.870270509350647 ], [ -2.912923350670416, 54.870233756950086 ], [ -2.912921727306325, 54.870161875486104 ], [ -2.912812975227188, 54.870126746417853 ], [ -2.91270584630971, 54.870163498720771 ], [ -2.912707469290515, 54.870235380189584 ] ] ] } },
{ "type": "Feature", "properties": { "visible_points": 2, "total_points": 96, "visibility_pct": 2.083333333333333 }, "geometry": { "type": "Polygon", "coordinates": [ [ [ -2.912491587889033, 54.870237003045453 ], [ -2.912600339989747, 54.870272132400771 ], [ -2.912707469290514, 54.870235380189584 ], [ -2.912705846309709, 54.870163498720771 ], [ -2.912597094411425, 54.870128369458257 ], [ -2.912489965291515, 54.870165121571773 ], [ -2.912491587889033, 54.870237003045453 ] ] ] } },
{ "type": "Feature", "properties": { "visible_points": 5, "total_points": 104, "visibility_pct": 4.8076923076923084 }, "geometry": { "type": "Polygon", "coordinates": [ [ [ -2.912275706465977, 54.870238625517651 ], [ -2.912384458385834, 54.87027375506721 ], [ -2.912491587889032, 54.870237003045453 ], [ -2.912489965291514, 54.870165121571773 ], [ -2.912381213574083, 54.870129992114997 ], [ -2.912274084251745, 54.870166744039111 ], [ -2.912275706465977, 54.870238625517651 ] ] ] } },
{ "type": "Feature", "properties": { "visible_points": 3, "total_points": 111, "visibility_pct": 2.7027027027027026 }, "geometry": { "type": "Polygon", "coordinates": [ [ [ -2.912059825021351, 54.870240247606205 ], [ -2.912168576760348, 54.870275377350033 ], [ -2.912275706465976, 54.870238625517651 ], [ -2.912274084251744, 54.870166744039111 ], [ -2.912165332715171, 54.8701316143881 ], [ -2.912058203190406, 54.870168366122812 ], [ -2.912059825021351, 54.870240247606205 ] ] ] } },
{ "type": "Feature", "properties": { "visible_points": 4, "total_points": 117, "visibility_pct": 3.4188034188034191 }, "geometry": { "type": "Polygon", "coordinates": [ [ [ -2.911843943555161, 54.870241869311108 ], [ -2.911952695113296, 54.870276999249199 ], [ -2.91205982502135, 54.870240247606205 ], [ -2.912058203190405, 54.870168366122812 ], [ -2.911949451834693, 54.870133236277546 ], [ -2.911842322107503, 54.870169987822869 ], [ -2.911843943555161, 54.870241869311108 ] ] ] } },
{ "type": "Feature", "properties": { "visible_points": 2, "total_points": 120, "visibility_pct": 1.6666666666666667 }, "geometry": { "type": "Polygon", "coordinates": [ [ [ -2.911628062067412, 54.870243490632362 ], [ -2.911736813444682, 54.870278620764694 ], [ -2.91184394355516, 54.870241869311108 ], [ -2.911842322107502, 54.870169987822869 ], [ -2.911733570932652, 54.870134857783341 ], [ -2.91162644100304, 54.870171609139263 ], [ -2.911628062067412, 54.870243490632362 ] ] ] } },
{ "type": "Feature", "properties": { "visible_points": 2, "total_points": 120, "visibility_pct": 1.6666666666666667 }, "geometry": { "type": "Polygon", "coordinates": [ [ [ -2.911412180558109, 54.870245111569972 ], [ -2.911520931754511, 54.870280241896545 ], [ -2.911628062067411, 54.870243490632362 ], [ -2.911626441003039, 54.870171609139263 ], [ -2.911517690009055, 54.870136478905501 ], [ -2.911410559877024, 54.870173230072027 ], [ -2.911412180558109, 54.870245111569972 ] ] ] } },
{ "type": "Feature", "properties": { "visible_points": 0, "total_points": 120, "visibility_pct": 0.0 }, "geometry": { "type": "Polygon", "coordinates": [ [ [ -2.911196299027257, 54.870246732123917 ], [ -2.911305050042788, 54.870281862644745 ], [ -2.911412180558108, 54.870245111569972 ], [ -2.911410559877024, 54.870173230072027 ], [ -2.911301809063907, 54.870138099644002 ], [ -2.91119467872946, 54.870174850621126 ], [ -2.911196299027257, 54.870246732123917 ] ] ] } },
{ "type": "Feature", "properties": { "visible_points": 0, "total_points": 120, "visibility_pct": 0.0 }, "geometry": { "type": "Polygon", "coordinates": [ [ [ -2.910980417474861, 54.870248352294205 ], [ -2.91108916830952, 54.870283483009295 ], [ -2.911196299027256, 54.870246732123917 ], [ -2.911194678729459, 54.870174850621126 ], [ -2.911085928097212, 54.870139719998853 ], [ -2.910978797560351, 54.870176470786575 ], [ -2.910980417474861, 54.870248352294205 ] ] ] } },
{ "type": "Feature", "properties": { "visible_points": 0, "total_points": 120, "visibility_pct": 0.0 }, "geometry": { "type": "Polygon", "coordinates": [ [ [ -2.910764535900926, 54.870249972080863 ], [ -2.910873286554709, 54.870285102990195 ], [ -2.91098041747486, 54.870248352294205 ], [ -2.91097879756035, 54.870176470786575 ], [ -2.910870047108977, 54.870141339970047 ], [ -2.910762916369704, 54.870178090568373 ], [ -2.910764535900926, 54.870249972080863 ] ] ] } },
{ "type": "Feature", "properties": { "visible_points": 1, "total_points": 116, "visibility_pct": 0.86206896551724133 }, "geometry": { "type": "Polygon", "coordinates": [ [ [ -2.910548654305458, 54.87025159148385 ], [ -2.910657404778363, 54.870286722587451 ], [ -2.910764535900926, 54.870249972080863 ], [ -2.910762916369703, 54.870178090568373 ], [ -2.910654166099206, 54.870142959557597 ], [ -2.910547035157523, 54.870179709966514 ], [ -2.910548654305458, 54.87025159148385 ] ] ] } },
{ "type": "Feature", "properties": { "visible_points": 0, "total_points": 110, "visibility_pct": 0.0 }, "geometry": { "type": "Polygon", "coordinates": [ [ [ -2.910332772688462, 54.870253210503201 ], [ -2.910441522980486, 54.870288341801029 ], [ -2.910548654305458, 54.87025159148385 ], [ -2.910547035157522, 54.870179709966514 ], [ -2.910438285067903, 54.870144578761497 ], [ -2.910331153923814, 54.870181328981026 ], [ -2.910332772688462, 54.870253210503201 ] ] ] } },
{ "type": "Feature", "properties": { "visible_points": 0, "total_points": 101, "visibility_pct": 0.0 }, "geometry": { "type": "Polygon", "coordinates": [ [ [ -2.910116891049942, 54.870254829138901 ], [ -2.910225641161082, 54.870289960630977 ], [ -2.910332772688461, 54.870253210503201 ], [ -2.910331153923813, 54.870181328981026 ], [ -2.910222404015075, 54.870146197581754 ], [ -2.910115272668583, 54.870182947611859 ], [ -2.910116891049942, 54.870254829138901 ] ] ] } },
{ "type": "Feature", "properties": { "visible_points": 0, "total_points": 89, "visibility_pct": 0.0 }, "geometry": { "type": "Polygon", "coordinates": [ [ [ -2.909901009389903, 54.870256447390936 ], [ -2.910009759320158, 54.870291579077261 ], [ -2.910116891049941, 54.870254829138901 ], [ -2.910115272668581, 54.870182947611859 ], [ -2.910006522940726, 54.870147816018353 ], [ -2.909899391391832, 54.870184565859063 ], [ -2.909901009389903, 54.870256447390936 ] ] ] } },
{ "type": "Feature", "properties": { "visible_points": 1, "total_points": 76, "visibility_pct": 1.3157894736842104 }, "geometry": { "type": "Polygon", "coordinates": [ [ [ -2.909685127708352, 54.870258065259314 ], [ -2.909793877457718, 54.870293197139908 ], [ -2.909901009389902, 54.870256447390936 ], [ -2.909899391391831, 54.870184565859063 ], [ -2.909790641844862, 54.870149434071294 ], [ -2.909683510093568, 54.870186183722595 ], [ -2.909685127708352, 54.870258065259314 ] ] ] } },
{ "type": "Feature", "properties": { "visible_points": 0, "total_points": 89, "visibility_pct": 0.0 }, "geometry": { "type": "Polygon", "coordinates": [ [ [ -2.91281784475532, 54.870342390815715 ], [ -2.912926597420175, 54.870377519875341 ], [ -2.913033726699362, 54.870340767377094 ], [ -2.913032103132838, 54.870268885916879 ], [ -2.912923350670417, 54.870233756950086 ], [ -2.912816221572085, 54.870270509350647 ], [ -2.91281784475532, 54.870342390815715 ] ] ] } },
{ "type": "Feature", "properties": { "visible_points": 3, "total_points": 98, "visibility_pct": 3.0612244897959182 }, "geometry": { "type": "Polygon", "coordinates": [ [ [ -2.912601962789694, 54.870344013870678 ], [ -2.912710715273696, 54.870379143124559 ], [ -2.912817844755319, 54.870342390815715 ], [ -2.912816221572084, 54.870270509350647 ], [ -2.912707469290515, 54.870235380189584 ], [ -2.912600339989748, 54.870272132400771 ], [ -2.912601962789694, 54.870344013870678 ] ] ] } },
{ "type": "Feature", "properties": { "visible_points": 1, "total_points": 106, "visibility_pct": 0.94339622641509435 }, "geometry": { "type": "Polygon", "coordinates": [ [ [ -2.912386080802492, 54.870345636542005 ], [ -2.912494833105636, 54.870380765990134 ], [ -2.912601962789693, 54.870344013870678 ], [ -2.912600339989747, 54.870272132400771 ], [ -2.912491587889033, 54.870237003045453 ], [ -2.912384458385834, 54.87027375506721 ], [ -2.912386080802492, 54.870345636542005 ] ] ] } },
{ "type": "Feature", "properties": { "visible_points": 4, "total_points": 112, "visibility_pct": 3.5714285714285712 }, "geometry": { "type": "Polygon", "coordinates": [ [ [ -2.912170198793717, 54.870347258829668 ], [ -2.912278950916001, 54.870382388472045 ], [ -2.912386080802491, 54.870345636542005 ], [ -2.912384458385834, 54.87027375506721 ], [ -2.912275706465977, 54.870238625517651 ], [ -2.912168576760349, 54.870275377350033 ], [ -2.912170198793717, 54.870347258829668 ] ] ] } },
{ "type": "Feature", "properties": { "visible_points": 1, "total_points": 118, "visibility_pct": 0.84745762711864403 }, "geometry": { "type": "Polygon", "coordinates": [ [ [ -2.911954316763375, 54.870348880733673 ], [ -2.912063068704798, 54.870384010570319 ], [ -2.912170198793716, 54.870347258829668 ], [ -2.912168576760348, 54.870275377350033 ], [ -2.912059825021351, 54.870240247606205 ], [ -2.911952695113297, 54.870276999249199 ], [ -2.911954316763375, 54.870348880733673 ] ] ] } },
{ "type": "Feature", "properties": { "visible_points": 2, "total_points": 120, "visibility_pct": 1.6666666666666667 }, "geometry": { "type": "Polygon", "coordinates": [ [ [ -2.911738434711472, 54.870350502254034 ], [ -2.911847186472029, 54.870385632284922 ], [ -2.911954316763375, 54.870348880733673 ], [ -2.911952695113296, 54.870276999249199 ], [ -2.911843943555161, 54.870241869311108 ], [ -2.911736813444683, 54.870278620764694 ], [ -2.911738434711472, 54.870350502254034 ] ] ] } },
{ "type": "Feature", "properties": { "visible_points": 1, "total_points": 120, "visibility_pct": 0.83333333333333337 }, "geometry": { "type": "Polygon", "coordinates": [ [ [ -2.911522552638012, 54.870352123390724 ], [ -2.911631304217701, 54.870387253615881 ], [ -2.911738434711471, 54.870350502254034 ], [ -2.911736813444682, 54.870278620764694 ], [ -2.911628062067412, 54.870243490632362 ], [ -2.911520931754512, 54.870280241896545 ], [ -2.911522552638012, 54.870352123390724 ] ] ] } },
{ "type": "Feature", "properties": { "visible_points": 0, "total_points": 120, "visibility_pct": 0.0 }, "geometry": { "type": "Polygon", "coordinates": [ [ [ -2.911306670543, 54.870353744143792 ], [ -2.911415421941819, 54.87038887456319 ], [ -2.911522552638011, 54.870352123390724 ], [ -2.911520931754511, 54.870280241896545 ], [ -2.911412180558109, 54.870245111569972 ], [ -2.911305050042789, 54.870281862644745 ], [ -2.911306670543, 54.870353744143792 ] ] ] } },
{ "type": "Feature", "properties": { "visible_points": 0, "total_points": 120, "visibility_pct": 0.0 }, "geometry": { "type": "Polygon", "coordinates": [ [ [ -2.911090788426441, 54.870355364513188 ], [ -2.911199539644387, 54.870390495126841 ], [ -2.911306670542999, 54.870353744143792 ], [ -2.911305050042788, 54.870281862644745 ], [ -2.911196299027257, 54.870246732123917 ], [ -2.911089168309521, 54.870283483009295 ], [ -2.911090788426441, 54.870355364513188 ] ] ] } },
{ "type": "Feature", "properties": { "visible_points": 0, "total_points": 119, "visibility_pct": 0.0 }, "geometry": { "type": "Polygon", "coordinates": [ [ [ -2.910874906288341, 54.87035698449894 ], [ -2.910983657325412, 54.870392115306835 ], [ -2.91109078842644, 54.870355364513188 ], [ -2.91108916830952, 54.870283483009295 ], [ -2.910980417474861, 54.870248352294205 ], [ -2.91087328655471, 54.870285102990195 ], [ -2.910874906288341, 54.87035698449894 ] ] ] } },
{ "type": "Feature", "properties": { "visible_points": 0, "total_points": 114, "visibility_pct": 0.0 }, "geometry": { "type": "Polygon", "coordinates": [ [ [ -2.910659024128704, 54.870358604101028 ], [ -2.910767774984897, 54.870393735103171 ], [ -2.91087490628834, 54.87035698449894 ], [ -2.910873286554709, 54.870285102990195 ], [ -2.910764535900926, 54.870249972080863 ], [ -2.910657404778364, 54.870286722587451 ], [ -2.910659024128704, 54.870358604101028 ] ] ] } },
{ "type": "Feature", "properties": { "visible_points": 0, "total_points": 108, "visibility_pct": 0.0 }, "geometry": { "type": "Polygon", "coordinates": [ [ [ -2.910443141947538, 54.870360223319466 ], [ -2.910551892622849, 54.870395354515878 ], [ -2.910659024128703, 54.870358604101028 ], [ -2.910657404778363, 54.870286722587451 ], [ -2.910548654305458, 54.87025159148385 ], [ -2.910441522980487, 54.870288341801029 ], [ -2.910443141947538, 54.870360223319466 ] ] ] } },
{ "type": "Feature", "properties": { "visible_points": 0, "total_points": 100, "visibility_pct": 0.0 }, "geometry": { "type": "Polygon", "coordinates": [ [ [ -2.910227259744843, 54.87036184215426 ], [ -2.910336010239272, 54.870396973544899 ], [ -2.910443141947536, 54.870360223319466 ], [ -2.910441522980486, 54.870288341801029 ], [ -2.910332772688462, 54.870253210503201 ], [ -2.910225641161083, 54.870289960630977 ], [ -2.910227259744843, 54.87036184215426 ] ] ] } },
{ "type": "Feature", "properties": { "visible_points": 2, "total_points": 90, "visibility_pct": 2.2222222222222223 }, "geometry": { "type": "Polygon", "coordinates": [ [ [ -2.910011377520628, 54.870363460605382 ], [ -2.910120127834171, 54.870398592190284 ], [ -2.910227259744842, 54.87036184215426 ], [ -2.910225641161082, 54.870289960630977 ], [ -2.910116891049942, 54.870254829138901 ], [ -2.910009759320158, 54.870291579077261 ], [ -2.910011377520628, 54.870363460605382 ] ] ] } },
{ "type": "Feature", "properties": { "visible_points": 1, "total_points": 78, "visibility_pct": 1.2820512820512819 }, "geometry": { "type": "Polygon", "coordinates": [ [ [ -2.909795495274897, 54.870365078672869 ], [ -2.909904245407552, 54.870400210452019 ], [ -2.910011377520627, 54.870363460605382 ], [ -2.910009759320158, 54.870291579077261 ], [ -2.909901009389903, 54.870256447390936 ], [ -2.909793877457719, 54.870293197139908 ], [ -2.909795495274897, 54.870365078672869 ] ] ] } },
{ "type": "Feature", "properties": { "visible_points": 0, "total_points": 81, "visibility_pct": 0.0 }, "geometry": { "type": "Polygon", "coordinates": [ [ [ -2.913144103314028, 54.870447777698878 ], [ -2.913252856543025, 54.870482906462811 ], [ -2.913359985800624, 54.870446153677491 ], [ -2.913358361648374, 54.870374272225924 ], [ -2.913249608621817, 54.870339143554823 ], [ -2.91314247954507, 54.870375896242457 ], [ -2.913144103314028, 54.870447777698878 ] ] ] } },
{ "type": "Feature", "properties": { "visible_points": 0, "total_points": 91, "visibility_pct": 0.0 }, "geometry": { "type": "Polygon", "coordinates": [ [ [ -2.912928220805842, 54.870449401336622 ], [ -2.913036973853987, 54.870484530294803 ], [ -2.913144103314028, 54.870447777698878 ], [ -2.913142479545069, 54.870375896242457 ], [ -2.913033726699362, 54.870340767377094 ], [ -2.912926597420175, 54.870377519875341 ], [ -2.912928220805842, 54.870449401336622 ] ] ] } },
{ "type": "Feature", "properties": { "visible_points": 0, "total_points": 100, "visibility_pct": 0.0 }, "geometry": { "type": "Polygon", "coordinates": [ [ [ -2.912712338276071, 54.870451024590693 ], [ -2.912821091143361, 54.87048615374313 ], [ -2.912928220805842, 54.870449401336622 ], [ -2.912926597420174, 54.870377519875341 ], [ -2.912817844755319, 54.870342390815715 ], [ -2.912710715273696, 54.870379143124559 ], [ -2.912712338276071, 54.870451024590693 ] ] ] } },
{ "type": "Feature", "properties": { "visible_points": 0, "total_points": 108, "visibility_pct": 0.0 }, "geometry": { "type": "Polygon", "coordinates": [ [ [ -2.91249645572472, 54.870452647461128 ], [ -2.912605208411153, 54.870487776807828 ], [ -2.91271233827607, 54.870451024590693 ], [ -2.912710715273694, 54.870379143124559 ], [ -2.912601962789693, 54.870344013870678 ], [ -2.912494833105636, 54.870380765990134 ], [ -2.91249645572472, 54.870452647461128 ] ] ] } },
{ "type": "Feature", "properties": { "visible_points": 4, "total_points": 114, "visibility_pct": 3.5087719298245612 }, "geometry": { "type": "Polygon", "coordinates": [ [ [ -2.912280573151794, 54.870454269947899 ], [ -2.912389325657368, 54.870489399488847 ], [ -2.912496455724719, 54.870452647461128 ], [ -2.912494833105635, 54.870380765990134 ], [ -2.912386080802491, 54.870345636542005 ], [ -2.912278950916001, 54.870382388472045 ], [ -2.912280573151794, 54.870454269947899 ] ] ] } },
{ "type": "Feature", "properties": { "visible_points": 2, "total_points": 119, "visibility_pct": 1.680672268907563 }, "geometry": { "type": "Polygon", "coordinates": [ [ [ -2.912064690557298, 54.870455892051027 ], [ -2.91217344288201, 54.870491021786222 ], [ -2.912280573151793, 54.870454269947899 ], [ -2.912278950916001, 54.870382388472045 ], [ -2.912170198793716, 54.870347258829668 ], [ -2.912063068704798, 54.870384010570319 ], [ -2.912064690557298, 54.870455892051027 ] ] ] } },
{ "type": "Feature", "properties": { "visible_points": 4, "total_points": 120, "visibility_pct": 3.3333333333333335 }, "geometry": { "type": "Polygon", "coordinates": [ [ [ -2.911848807941238, 54.870457513770482 ], [ -2.911957560085085, 54.87049264369994 ], [ -2.912064690557298, 54.870455892051027 ], [ -2.912063068704796, 54.870384010570319 ], [ -2.911954316763375, 54.870348880733673 ], [ -2.911847186472029, 54.870385632284922 ], [ -2.911848807941238, 54.870457513770482 ] ] ] } },
{ "type": "Feature", "properties": { "visible_points": 5, "total_points": 120, "visibility_pct": 4.1666666666666661 }, "geometry": { "type": "Polygon", "coordinates": [ [ [ -2.911632925303619, 54.870459135106294 ], [ -2.911741677266598, 54.870494265230001 ], [ -2.911848807941237, 54.870457513770482 ], [ -2.911847186472028, 54.870385632284922 ], [ -2.911738434711471, 54.870350502254034 ], [ -2.911631304217701, 54.870387253615881 ], [ -2.911632925303619, 54.870459135106294 ] ] ] } },
{ "type": "Feature", "properties": { "visible_points": 0, "total_points": 120, "visibility_pct": 0.0 }, "geometry": { "type": "Polygon", "coordinates": [ [ [ -2.911417042644444, 54.870460756058456 ], [ -2.911525794426553, 54.870495886376411 ], [ -2.911632925303617, 54.870459135106294 ], [ -2.9116313042177, 54.870387253615881 ], [ -2.911522552638011, 54.870352123390724 ], [ -2.911415421941819, 54.87038887456319 ], [ -2.911417042644444, 54.870460756058456 ] ] ] } },
{ "type": "Feature", "properties": { "visible_points": 0, "total_points": 120, "visibility_pct": 0.0 }, "geometry": { "type": "Polygon", "coordinates": [ [ [ -2.91120115996372, 54.870462376626953 ], [ -2.911309911564957, 54.87049750713917 ], [ -2.911417042644443, 54.870460756058456 ], [ -2.911415421941817, 54.87038887456319 ], [ -2.911306670542999, 54.870353744143792 ], [ -2.911199539644387, 54.870390495126841 ], [ -2.91120115996372, 54.870462376626953 ] ] ] } },
{ "type": "Feature", "properties": { "visible_points": 0, "total_points": 117, "visibility_pct": 0.0 }, "geometry": { "type": "Polygon", "coordinates": [ [ [ -2.910985277261452, 54.8704639968118 ], [ -2.911094028681814, 54.870499127518272 ], [ -2.911201159963719, 54.870462376626953 ], [ -2.911199539644386, 54.870390495126841 ], [ -2.91109078842644, 54.870355364513188 ], [ -2.910983657325412, 54.870392115306835 ], [ -2.910985277261452, 54.8704639968118 ] ] ] } },
{ "type": "Feature", "properties": { "visible_points": 0, "total_points": 111, "visibility_pct": 0.0 }, "geometry": { "type": "Polygon", "coordinates": [ [ [ -2.910769394537645, 54.870465616612996 ], [ -2.910878145777128, 54.870500747513724 ], [ -2.910985277261452, 54.8704639968118 ], [ -2.910983657325411, 54.870392115306835 ], [ -2.91087490628834, 54.87035698449894 ], [ -2.910767774984897, 54.870393735103171 ], [ -2.910769394537645, 54.870465616612996 ] ] ] } },
{ "type": "Feature", "properties": { "visible_points": 3, "total_points": 105, "visibility_pct": 2.8571428571428572 }, "geometry": { "type": "Polygon", "coordinates": [ [ [ -2.910553511792305, 54.870467236030528 ], [ -2.910662262850907, 54.870502367125503 ], [ -2.910769394537644, 54.870465616612996 ], [ -2.910767774984896, 54.870393735103171 ], [ -2.910659024128703, 54.870358604101028 ], [ -2.910551892622849, 54.870395354515878 ], [ -2.910553511792305, 54.870467236030528 ] ] ] } },
{ "type": "Feature", "properties": { "visible_points": 0, "total_points": 97, "visibility_pct": 0.0 }, "geometry": { "type": "Polygon", "coordinates": [ [ [ -2.910337629025434, 54.870468855064402 ], [ -2.910446379903154, 54.87050398635364 ], [ -2.910553511792304, 54.870467236030528 ], [ -2.910551892622848, 54.870395354515878 ], [ -2.910443141947536, 54.870360223319466 ], [ -2.910336010239272, 54.870396973544899 ], [ -2.910337629025434, 54.870468855064402 ] ] ] } },
{ "type": "Feature", "properties": { "visible_points": 3, "total_points": 88, "visibility_pct": 3.4090909090909087 }, "geometry": { "type": "Polygon", "coordinates": [ [ [ -2.910121746237041, 54.87047047371464 ], [ -2.910230496933874, 54.870505605198112 ], [ -2.910337629025433, 54.870468855064402 ], [ -2.910336010239271, 54.870396973544899 ], [ -2.910227259744842, 54.87036184215426 ], [ -2.910120127834171, 54.870398592190284 ], [ -2.910121746237041, 54.87047047371464 ] ] ] } },
{ "type": "Feature", "properties": { "visible_points": 0, "total_points": 78, "visibility_pct": 0.0 }, "geometry": { "type": "Polygon", "coordinates": [ [ [ -2.909905863427128, 54.870472091981213 ], [ -2.910014613943074, 54.870507223658926 ], [ -2.91012174623704, 54.87047047371464 ], [ -2.91012012783417, 54.870398592190284 ], [ -2.910011377520627, 54.870363460605382 ], [ -2.909904245407552, 54.870400210452019 ], [ -2.909905863427128, 54.870472091981213 ] ] ] } },
{ "type": "Feature", "properties": { "visible_points": 0, "total_points": 83, "visibility_pct": 0.0 }, "geometry": { "type": "Polygon", "coordinates": [ [ [ -2.913254480514422, 54.870554787915466 ], [ -2.913363234126711, 54.870589916577956 ], [ -2.91347036356516, 54.870553163694964 ], [ -2.913468739210471, 54.870481282247162 ], [ -2.913359985800624, 54.870446153677491 ], [ -2.913252856543026, 54.870482906462811 ], [ -2.913254480514422, 54.870554787915466 ] ] ] } },
{ "type": "Feature", "properties": { "visible_points": 0, "total_points": 93, "visibility_pct": 0.0 }, "geometry": { "type": "Polygon", "coordinates": [ [ [ -2.913038597442091, 54.870556411752311 ], [ -2.913147350873527, 54.870591540609063 ], [ -2.913254480514422, 54.870554787915466 ], [ -2.913252856543025, 54.870482906462811 ], [ -2.913144103314028, 54.870447777698878 ], [ -2.913036973853988, 54.870484530294803 ], [ -2.913038597442091, 54.870556411752311 ] ] ] } },
{ "type": "Feature", "properties": { "visible_points": 2, "total_points": 102, "visibility_pct": 1.9607843137254901 }, "geometry": { "type": "Polygon", "coordinates": [ [ [ -2.912822714348172, 54.870558035205512 ], [ -2.912931467598754, 54.870593164256512 ], [ -2.91303859744209, 54.870556411752311 ], [ -2.913036973853987, 54.870484530294803 ], [ -2.912928220805842, 54.870449401336622 ], [ -2.912821091143362, 54.87048615374313 ], [ -2.912822714348172, 54.870558035205512 ] ] ] } },
{ "type": "Feature", "properties": { "visible_points": 0, "total_points": 110, "visibility_pct": 0.0 }, "geometry": { "type": "Polygon", "coordinates": [ [ [ -2.91260683123267, 54.870559658275056 ], [ -2.912715584302395, 54.870594787520304 ], [ -2.912822714348171, 54.870558035205512 ], [ -2.912821091143361, 54.87048615374313 ], [ -2.912712338276071, 54.870451024590693 ], [ -2.912605208411155, 54.870487776807828 ], [ -2.91260683123267, 54.870559658275056 ] ] ] } },
{ "type": "Feature", "properties": { "visible_points": 0, "total_points": 116, "visibility_pct": 0.0 }, "geometry": { "type": "Polygon", "coordinates": [ [ [ -2.912390948095589, 54.870561280960935 ], [ -2.912499700984456, 54.870596410400452 ], [ -2.912606831232669, 54.870559658275056 ], [ -2.912605208411153, 54.870487776807828 ], [ -2.91249645572472, 54.870452647461128 ], [ -2.912389325657369, 54.870489399488847 ], [ -2.912390948095589, 54.870561280960935 ] ] ] } },
{ "type": "Feature", "properties": { "visible_points": 2, "total_points": 120, "visibility_pct": 1.6666666666666667 }, "geometry": { "type": "Polygon", "coordinates": [ [ [ -2.912175064936938, 54.870562903263163 ], [ -2.912283817644941, 54.870598032896936 ], [ -2.912390948095589, 54.870561280960935 ], [ -2.912389325657368, 54.870489399488847 ], [ -2.912280573151794, 54.870454269947899 ], [ -2.912173442882011, 54.870491021786222 ], [ -2.912175064936938, 54.870562903263163 ] ] ] } },
{ "type": "Feature", "properties": { "visible_points": 5, "total_points": 120, "visibility_pct": 4.1666666666666661 }, "geometry": { "type": "Polygon", "coordinates": [ [ [ -2.911959181756718, 54.870564525181734 ], [ -2.912067934283858, 54.870599655009769 ], [ -2.912175064936937, 54.870562903263163 ], [ -2.91217344288201, 54.870491021786222 ], [ -2.912064690557298, 54.870455892051027 ], [ -2.911957560085086, 54.87049264369994 ], [ -2.911959181756718, 54.870564525181734 ] ] ] } },
{ "type": "Feature", "properties": { "visible_points": 0, "total_points": 120, "visibility_pct": 0.0 }, "geometry": { "type": "Polygon", "coordinates": [ [ [ -2.911743298554936, 54.870566146716655 ], [ -2.911852050901208, 54.870601276738931 ], [ -2.911959181756717, 54.870564525181734 ], [ -2.911957560085085, 54.87049264369994 ], [ -2.911848807941238, 54.870457513770482 ], [ -2.911741677266598, 54.870494265230001 ], [ -2.911743298554936, 54.870566146716655 ] ] ] } },
{ "type": "Feature", "properties": { "visible_points": 0, "total_points": 120, "visibility_pct": 0.0 }, "geometry": { "type": "Polygon", "coordinates": [ [ [ -2.911527415331597, 54.870567767867918 ], [ -2.911636167496999, 54.870602898084442 ], [ -2.911743298554935, 54.870566146716655 ], [ -2.911741677266598, 54.870494265230001 ], [ -2.911632925303619, 54.870459135106294 ], [ -2.911525794426554, 54.870495886376411 ], [ -2.911527415331597, 54.870567767867918 ] ] ] } },
{ "type": "Feature", "properties": { "visible_points": 0, "total_points": 119, "visibility_pct": 0.0 }, "geometry": { "type": "Polygon", "coordinates": [ [ [ -2.911311532086706, 54.870569388635523 ], [ -2.911420284071235, 54.870604519046317 ], [ -2.911527415331596, 54.870567767867918 ], [ -2.911525794426553, 54.870495886376411 ], [ -2.911417042644444, 54.870460756058456 ], [ -2.911309911564958, 54.87049750713917 ], [ -2.911311532086706, 54.870569388635523 ] ] ] } },
{ "type": "Feature", "properties": { "visible_points": 0, "total_points": 115, "visibility_pct": 0.0 }, "geometry": { "type": "Polygon", "coordinates": [ [ [ -2.911095648820268, 54.870571009019478 ], [ -2.911204400623923, 54.870606139624506 ], [ -2.911311532086705, 54.870569388635523 ], [ -2.911309911564957, 54.87049750713917 ], [ -2.91120115996372, 54.870462376626953 ], [ -2.911094028681815, 54.870499127518272 ], [ -2.911095648820268, 54.870571009019478 ] ] ] } },
{ "type": "Feature", "properties": { "visible_points": 0, "total_points": 109, "visibility_pct": 0.0 }, "geometry": { "type": "Polygon", "coordinates": [ [ [ -2.910879765532288, 54.870572629019762 ], [ -2.910988517155065, 54.870607759819045 ], [ -2.911095648820267, 54.870571009019478 ], [ -2.911094028681814, 54.870499127518272 ], [ -2.910985277261452, 54.8704639968118 ], [ -2.910878145777129, 54.870500747513724 ], [ -2.910879765532288, 54.870572629019762 ] ] ] } },
{ "type": "Feature", "properties": { "visible_points": 0, "total_points": 102, "visibility_pct": 0.0 }, "geometry": { "type": "Polygon", "coordinates": [ [ [ -2.910663882222771, 54.870574248636402 ], [ -2.910772633664668, 54.870609379629947 ], [ -2.910879765532287, 54.870572629019762 ], [ -2.910878145777128, 54.870500747513724 ], [ -2.910769394537645, 54.870465616612996 ], [ -2.910662262850908, 54.870502367125503 ], [ -2.910663882222771, 54.870574248636402 ] ] ] } },
{ "type": "Feature", "properties": { "visible_points": 0, "total_points": 94, "visibility_pct": 0.0 }, "geometry": { "type": "Polygon", "coordinates": [ [ [ -2.910447998891723, 54.87057586786937 ], [ -2.910556750152736, 54.870610999057178 ], [ -2.910663882222771, 54.870574248636402 ], [ -2.910662262850907, 54.870502367125503 ], [ -2.910553511792305, 54.870467236030528 ], [ -2.910446379903155, 54.87050398635364 ], [ -2.910447998891723, 54.87057586786937 ] ] ] } },
{ "type": "Feature", "properties": { "visible_points": 0, "total_points": 85, "visibility_pct": 0.0 }, "geometry": { "type": "Polygon", "coordinates": [ [ [ -2.910232115539149, 54.870577486718702 ], [ -2.910340866619275, 54.870612618100751 ], [ -2.910447998891722, 54.87057586786937 ], [ -2.910446379903154, 54.87050398635364 ], [ -2.910337629025434, 54.870468855064402 ], [ -2.910230496933875, 54.870505605198112 ], [ -2.910232115539149, 54.870577486718702 ] ] ] } },
{ "type": "Feature", "properties": { "visible_points": 0, "total_points": 85, "visibility_pct": 0.0 }, "geometry": { "type": "Polygon", "coordinates": [ [ [ -2.913364858300548, 54.870661798026831 ], [ -2.91347361229613, 54.870696926587875 ], [ -2.91358074191543, 54.870660173607213 ], [ -2.913579117358298, 54.870588292163198 ], [ -2.91347036356516, 54.870553163694964 ], [ -2.913363234126711, 54.870589916577956 ], [ -2.913364858300548, 54.870661798026831 ] ] ] } },
{ "type": "Feature", "properties": { "visible_points": 0, "total_points": 95, "visibility_pct": 0.0 }, "geometry": { "type": "Polygon", "coordinates": [ [ [ -2.913148974664068, 54.870663422062812 ], [ -2.913257728478799, 54.870698550818098 ], [ -2.913364858300547, 54.870661798026831 ], [ -2.91336323412671, 54.870589916577956 ], [ -2.913254480514422, 54.870554787915466 ], [ -2.913147350873527, 54.870591540609063 ], [ -2.913148974664068, 54.870663422062812 ] ] ] } },
{ "type": "Feature", "properties": { "visible_points": 11, "total_points": 104, "visibility_pct": 10.576923076923077 }, "geometry": { "type": "Polygon", "coordinates": [ [ [ -2.912933091005998, 54.870665045715114 ], [ -2.913041844639875, 54.870700174664663 ], [ -2.913148974664067, 54.870663422062812 ], [ -2.913147350873526, 54.870591540609063 ], [ -2.91303859744209, 54.870556411752311 ], [ -2.912931467598754, 54.870593164256512 ], [ -2.912933091005998, 54.870665045715114 ] ] ] } },
{ "type": "Feature", "properties": { "visible_points": 3, "total_points": 112, "visibility_pct": 2.6785714285714284 }, "geometry": { "type": "Polygon", "coordinates": [ [ [ -2.912717207326343, 54.87066666898378 ], [ -2.912825960779363, 54.870701798127584 ], [ -2.912933091005997, 54.870665045715114 ], [ -2.912931467598753, 54.870593164256512 ], [ -2.912822714348171, 54.870558035205512 ], [ -2.912715584302395, 54.870594787520304 ], [ -2.912717207326343, 54.87066666898378 ] ] ] } },
{ "type": "Feature", "properties": { "visible_points": 3, "total_points": 118, "visibility_pct": 2.5423728813559325 }, "geometry": { "type": "Polygon", "coordinates": [ [ [ -2.912501323625106, 54.87066829186876 ], [ -2.912610076897268, 54.870703421206834 ], [ -2.912717207326342, 54.87066666898378 ], [ -2.912715584302394, 54.870594787520304 ], [ -2.912606831232669, 54.870559658275056 ], [ -2.912499700984456, 54.870596410400452 ], [ -2.912501323625106, 54.87066829186876 ] ] ] } },
{ "type": "Feature", "properties": { "visible_points": 0, "total_points": 120, "visibility_pct": 0.0 }, "geometry": { "type": "Polygon", "coordinates": [ [ [ -2.912285439902296, 54.870669914370104 ], [ -2.912394192993595, 54.870705043902433 ], [ -2.912501323625106, 54.87066829186876 ], [ -2.912499700984455, 54.870596410400452 ], [ -2.912390948095589, 54.870561280960935 ], [ -2.912283817644941, 54.870598032896936 ], [ -2.912285439902296, 54.870669914370104 ] ] ] } },
{ "type": "Feature", "properties": { "visible_points": 1, "total_points": 120, "visibility_pct": 0.83333333333333337 }, "geometry": { "type": "Polygon", "coordinates": [ [ [ -2.912069556157915, 54.870671536487784 ], [ -2.912178309068349, 54.870706666214367 ], [ -2.912285439902295, 54.870669914370104 ], [ -2.912283817644941, 54.870598032896936 ], [ -2.912175064936937, 54.870562903263163 ], [ -2.912067934283858, 54.870599655009769 ], [ -2.912069556157915, 54.870671536487784 ] ] ] } },
{ "type": "Feature", "properties": { "visible_points": 2, "total_points": 120, "visibility_pct": 1.6666666666666667 }, "geometry": { "type": "Polygon", "coordinates": [ [ [ -2.911853672391968, 54.870673158221805 ], [ -2.911962425121536, 54.870708288142644 ], [ -2.912069556157914, 54.870671536487784 ], [ -2.912067934283857, 54.870599655009769 ], [ -2.911959181756717, 54.870564525181734 ], [ -2.911852050901208, 54.870601276738931 ], [ -2.911853672391968, 54.870673158221805 ] ] ] } },
{ "type": "Feature", "properties": { "visible_points": 0, "total_points": 120, "visibility_pct": 0.0 }, "geometry": { "type": "Polygon", "coordinates": [ [ [ -2.911637788604463, 54.870674779572177 ], [ -2.91174654115316, 54.870709909687271 ], [ -2.911853672391968, 54.870673158221805 ], [ -2.911852050901207, 54.870601276738931 ], [ -2.911743298554935, 54.870566146716655 ], [ -2.911636167496999, 54.870602898084442 ], [ -2.911637788604463, 54.870674779572177 ] ] ] } },
{ "type": "Feature", "properties": { "visible_points": 0, "total_points": 117, "visibility_pct": 0.0 }, "geometry": { "type": "Polygon", "coordinates": [ [ [ -2.911421904795402, 54.870676400538891 ], [ -2.911530657163226, 54.870711530848233 ], [ -2.911637788604462, 54.870674779572177 ], [ -2.911636167496998, 54.870602898084442 ], [ -2.911527415331596, 54.870567767867918 ], [ -2.911420284071235, 54.870604519046317 ], [ -2.911421904795402, 54.870676400538891 ] ] ] } },
{ "type": "Feature", "properties": { "visible_points": 0, "total_points": 112, "visibility_pct": 0.0 }, "geometry": { "type": "Polygon", "coordinates": [ [ [ -2.911206020964791, 54.870678021121932 ], [ -2.91131477315174, 54.870713151625537 ], [ -2.911421904795401, 54.870676400538891 ], [ -2.911420284071234, 54.870604519046317 ], [ -2.911311532086705, 54.870569388635523 ], [ -2.911204400623923, 54.870606139624506 ], [ -2.911206020964791, 54.870678021121932 ] ] ] } },
{ "type": "Feature", "properties": { "visible_points": 0, "total_points": 106, "visibility_pct": 0.0 }, "geometry": { "type": "Polygon", "coordinates": [ [ [ -2.910990137112635, 54.870679641321331 ], [ -2.911098889118708, 54.870714772019191 ], [ -2.91120602096479, 54.870678021121932 ], [ -2.911204400623921, 54.870606139624506 ], [ -2.911095648820267, 54.870571009019478 ], [ -2.910988517155065, 54.870607759819045 ], [ -2.910990137112635, 54.870679641321331 ] ] ] } },
{ "type": "Feature", "properties": { "visible_points": 0, "total_points": 98, "visibility_pct": 0.0 }, "geometry": { "type": "Polygon", "coordinates": [ [ [ -2.910774253238941, 54.870681261137072 ], [ -2.910883005064132, 54.87071639202918 ], [ -2.910990137112635, 54.870679641321331 ], [ -2.910988517155064, 54.870607759819045 ], [ -2.910879765532287, 54.870572629019762 ], [ -2.910772633664668, 54.870609379629947 ], [ -2.910774253238941, 54.870681261137072 ] ] ] } },
{ "type": "Feature", "properties": { "visible_points": 1, "total_points": 90, "visibility_pct": 1.1111111111111112 }, "geometry": { "type": "Polygon", "coordinates": [ [ [ -2.910558369343712, 54.870682880569156 ], [ -2.910667120988021, 54.870718011655519 ], [ -2.91077425323894, 54.870681261137072 ], [ -2.910772633664667, 54.870609379629947 ], [ -2.910663882222771, 54.870574248636402 ], [ -2.910556750152736, 54.870610999057178 ], [ -2.910558369343712, 54.870682880569156 ] ] ] } },
{ "type": "Feature", "properties": { "visible_points": 0, "total_points": 82, "visibility_pct": 0.0 }, "geometry": { "type": "Polygon", "coordinates": [ [ [ -2.910342485426953, 54.87068449961756 ], [ -2.910451236890376, 54.870719630898179 ], [ -2.910558369343711, 54.870682880569156 ], [ -2.910556750152735, 54.870610999057178 ], [ -2.910447998891722, 54.87057586786937 ], [ -2.910340866619275, 54.870612618100751 ], [ -2.910342485426953, 54.87068449961756 ] ] ] } },
{ "type": "Feature", "properties": { "visible_points": 2, "total_points": 86, "visibility_pct": 2.3255813953488373 }, "geometry": { "type": "Polygon", "coordinates": [ [ [ -2.913475236672411, 54.870768808032992 ], [ -2.913583991051289, 54.870803936492578 ], [ -2.91369112085144, 54.870767183414252 ], [ -2.913689496091863, 54.870695301973996 ], [ -2.913580741915431, 54.870660173607213 ], [ -2.91347361229613, 54.870696926587875 ], [ -2.913475236672411, 54.870768808032992 ] ] ] } },
{ "type": "Feature", "properties": { "visible_points": 0, "total_points": 96, "visibility_pct": 0.0 }, "geometry": { "type": "Polygon", "coordinates": [ [ [ -2.91325935247178, 54.870770432268074 ], [ -2.913368106669808, 54.87080556092193 ], [ -2.913475236672409, 54.870768808032992 ], [ -2.91347361229613, 54.870696926587875 ], [ -2.913364858300548, 54.870661798026831 ], [ -2.9132577284788, 54.870698550818098 ], [ -2.91325935247178, 54.870770432268074 ] ] ] } },
{ "type": "Feature", "properties": { "visible_points": 9, "total_points": 105, "visibility_pct": 8.5714285714285712 }, "geometry": { "type": "Polygon", "coordinates": [ [ [ -2.913043468249558, 54.870772056119506 ], [ -2.913152222266731, 54.87080718496761 ], [ -2.91325935247178, 54.870770432268074 ], [ -2.913257728478799, 54.870698550818098 ], [ -2.913148974664068, 54.870663422062812 ], [ -2.913041844639876, 54.870700174664663 ], [ -2.913043468249558, 54.870772056119506 ] ] ] } },
{ "type": "Feature", "properties": { "visible_points": 1, "total_points": 113, "visibility_pct": 0.88495575221238942 }, "geometry": { "type": "Polygon", "coordinates": [ [ [ -2.912827584005746, 54.870773679587273 ], [ -2.912936337842063, 54.87080880862964 ], [ -2.913043468249557, 54.870772056119506 ], [ -2.913041844639875, 54.870700174664663 ], [ -2.912933091005998, 54.870665045715114 ], [ -2.912825960779363, 54.870701798127584 ], [ -2.912827584005746, 54.870773679587273 ] ] ] } },
{ "type": "Feature", "properties": { "visible_points": 0, "total_points": 119, "visibility_pct": 0.0 }, "geometry": { "type": "Polygon", "coordinates": [ [ [ -2.912611699740353, 54.870775302671383 ], [ -2.91272045339581, 54.870810431908012 ], [ -2.912827584005746, 54.870773679587273 ], [ -2.912825960779363, 54.870701798127584 ], [ -2.912717207326343, 54.87066666898378 ], [ -2.912610076897268, 54.870703421206834 ], [ -2.912611699740353, 54.870775302671383 ] ] ] } },
{ "type": "Feature", "properties": { "visible_points": 0, "total_points": 120, "visibility_pct": 0.0 }, "geometry": { "type": "Polygon", "coordinates": [ [ [ -2.912395815453381, 54.870776925371835 ], [ -2.912504568927976, 54.87081205480272 ], [ -2.912611699740352, 54.870775302671383 ], [ -2.912610076897268, 54.870703421206834 ], [ -2.912501323625106, 54.87066829186876 ], [ -2.912394192993596, 54.870705043902433 ], [ -2.912395815453381, 54.870776925371835 ] ] ] } },
{ "type": "Feature", "properties": { "visible_points": 0, "total_points": 119, "visibility_pct": 0.0 }, "geometry": { "type": "Polygon", "coordinates": [ [ [ -2.912179931144836, 54.870778547688637 ], [ -2.912288684438566, 54.87081367731377 ], [ -2.91239581545338, 54.870776925371835 ], [ -2.912394192993595, 54.870705043902433 ], [ -2.912285439902296, 54.870669914370104 ], [ -2.91217830906835, 54.870706666214367 ], [ -2.912179931144836, 54.870778547688637 ] ] ] } },
{ "type": "Feature", "properties": { "visible_points": 0, "total_points": 118, "visibility_pct": 0.0 }, "geometry": { "type": "Polygon", "coordinates": [ [ [ -2.911964046814723, 54.870780169621753 ], [ -2.912072799927587, 54.870815299441162 ], [ -2.912179931144835, 54.870778547688637 ], [ -2.912178309068349, 54.870706666214367 ], [ -2.912069556157915, 54.870671536487784 ], [ -2.911962425121537, 54.870708288142644 ], [ -2.911964046814723, 54.870780169621753 ] ] ] } },
{ "type": "Feature", "properties": { "visible_points": 1, "total_points": 116, "visibility_pct": 0.86206896551724133 }, "geometry": { "type": "Polygon", "coordinates": [ [ [ -2.911748162463047, 54.87078179117124 ], [ -2.911856915395042, 54.870816921184897 ], [ -2.911964046814722, 54.870780169621753 ], [ -2.911962425121536, 54.870708288142644 ], [ -2.911853672391968, 54.870673158221805 ], [ -2.91174654115316, 54.870709909687271 ], [ -2.911748162463047, 54.87078179117124 ] ] ] } },
{ "type": "Feature", "properties": { "visible_points": 0, "total_points": 112, "visibility_pct": 0.0 }, "geometry": { "type": "Polygon", "coordinates": [ [ [ -2.911532278089814, 54.870783412337047 ], [ -2.911641030840936, 54.870818542544967 ], [ -2.911748162463046, 54.87078179117124 ], [ -2.91174654115316, 54.870709909687271 ], [ -2.911637788604463, 54.870674779572177 ], [ -2.911530657163227, 54.870711530848233 ], [ -2.911532278089814, 54.870783412337047 ] ] ] } },
{ "type": "Feature", "properties": { "visible_points": 0, "total_points": 106, "visibility_pct": 0.0 }, "geometry": { "type": "Polygon", "coordinates": [ [ [ -2.911316393695029, 54.870785033119219 ], [ -2.911425146265276, 54.870820163521373 ], [ -2.911532278089813, 54.870783412337047 ], [ -2.911530657163226, 54.870711530848233 ], [ -2.911421904795402, 54.870676400538891 ], [ -2.911314773151741, 54.870713151625537 ], [ -2.911316393695029, 54.870785033119219 ] ] ] } },
{ "type": "Feature", "properties": { "visible_points": 0, "total_points": 101, "visibility_pct": 0.0 }, "geometry": { "type": "Polygon", "coordinates": [ [ [ -2.911100509278695, 54.870786653517705 ], [ -2.911209261668065, 54.870821784114128 ], [ -2.911316393695027, 54.870785033119219 ], [ -2.91131477315174, 54.870713151625537 ], [ -2.911206020964791, 54.870678021121932 ], [ -2.911098889118709, 54.870714772019191 ], [ -2.911100509278695, 54.870786653517705 ] ] ] } },
{ "type": "Feature", "properties": { "visible_points": 0, "total_points": 94, "visibility_pct": 0.0 }, "geometry": { "type": "Polygon", "coordinates": [ [ [ -2.910884624840821, 54.870788273532554 ], [ -2.91099337704931, 54.870823404323232 ], [ -2.911100509278695, 54.870786653517705 ], [ -2.911098889118708, 54.870714772019191 ], [ -2.910990137112635, 54.870679641321331 ], [ -2.910883005064134, 54.87071639202918 ], [ -2.910884624840821, 54.870788273532554 ] ] ] } },
{ "type": "Feature", "properties": { "visible_points": 3, "total_points": 86, "visibility_pct": 3.4883720930232558 }, "geometry": { "type": "Polygon", "coordinates": [ [ [ -2.910668740381408, 54.870789893163732 ], [ -2.910777492409015, 54.870825024148665 ], [ -2.91088462484082, 54.870788273532554 ], [ -2.910883005064132, 54.87071639202918 ], [ -2.910774253238941, 54.870681261137072 ], [ -2.910667120988021, 54.870718011655519 ], [ -2.910668740381408, 54.870789893163732 ] ] ] } },
{ "type": "Feature", "properties": { "visible_points": 0, "total_points": 78, "visibility_pct": 0.0 }, "geometry": { "type": "Polygon", "coordinates": [ [ [ -2.910452855900464, 54.870791512411252 ], [ -2.910561607747185, 54.870826643590426 ], [ -2.910668740381408, 54.870789893163732 ], [ -2.910667120988021, 54.870718011655519 ], [ -2.910558369343712, 54.870682880569156 ], [ -2.910451236890377, 54.870719630898179 ], [ -2.910452855900464, 54.870791512411252 ] ] ] } },
{ "type": "Feature", "properties": { "visible_points": 1, "total_points": 87, "visibility_pct": 1.1494252873563218 }, "geometry": { "type": "Polygon", "coordinates": [ [ [ -2.913585615630014, 54.870875817933928 ], [ -2.913694370392193, 54.870910946292078 ], [ -2.913801500373195, 54.870874193116073 ], [ -2.913799875411168, 54.870802311679576 ], [ -2.91369112085144, 54.870767183414252 ], [ -2.913583991051289, 54.870803936492578 ], [ -2.913585615630014, 54.870875817933928 ] ] ] } },
{ "type": "Feature", "properties": { "visible_points": 0, "total_points": 97, "visibility_pct": 0.0 }, "geometry": { "type": "Polygon", "coordinates": [ [ [ -2.913369730865233, 54.87087744236814 ], [ -2.913478485446559, 54.870912570920538 ], [ -2.913585615630014, 54.870875817933928 ], [ -2.913583991051289, 54.870803936492578 ], [ -2.913475236672409, 54.870768808032992 ], [ -2.913368106669808, 54.87080556092193 ], [ -2.913369730865233, 54.87087744236814 ] ] ] } },
{ "type": "Feature", "properties": { "visible_points": 13, "total_points": 106, "visibility_pct": 12.264150943396226 }, "geometry": { "type": "Polygon", "coordinates": [ [ [ -2.913153846078854, 54.870879066418681 ], [ -2.913262600479327, 54.870914195165348 ], [ -2.913369730865232, 54.87087744236814 ], [ -2.913368106669807, 54.87080556092193 ], [ -2.91325935247178, 54.870770432268074 ], [ -2.913152222266731, 54.87080718496761 ], [ -2.913153846078854, 54.870879066418681 ] ] ] } },
{ "type": "Feature", "properties": { "visible_points": 10, "total_points": 114, "visibility_pct": 8.7719298245614024 }, "geometry": { "type": "Polygon", "coordinates": [ [ [ -2.912937961270885, 54.870880690085571 ], [ -2.913046715490502, 54.870915819026493 ], [ -2.913153846078854, 54.870879066418681 ], [ -2.91315222226673, 54.87080718496761 ], [ -2.913043468249557, 54.870772056119506 ], [ -2.912936337842063, 54.87080880862964 ], [ -2.912937961270885, 54.870880690085571 ] ] ] } },
{ "type": "Feature", "properties": { "visible_points": 1, "total_points": 120, "visibility_pct": 0.83333333333333337 }, "geometry": { "type": "Polygon", "coordinates": [ [ [ -2.912722076441331, 54.870882313368789 ], [ -2.912830830480087, 54.870917442503973 ], [ -2.912937961270885, 54.870880690085571 ], [ -2.912936337842063, 54.87080880862964 ], [ -2.912827584005746, 54.870773679587273 ], [ -2.91272045339581, 54.870810431908012 ], [ -2.912722076441331, 54.870882313368789 ] ] ] } },
{ "type": "Feature", "properties": { "visible_points": 0, "total_points": 118, "visibility_pct": 0.0 }, "geometry": { "type": "Polygon", "coordinates": [ [ [ -2.912506191590195, 54.870883936268363 ], [ -2.91261494544809, 54.870919065597803 ], [ -2.91272207644133, 54.870882313368789 ], [ -2.91272045339581, 54.870810431908012 ], [ -2.912611699740352, 54.870775302671383 ], [ -2.912504568927976, 54.87081205480272 ], [ -2.912506191590195, 54.870883936268363 ] ] ] } },
{ "type": "Feature", "properties": { "visible_points": 0, "total_points": 116, "visibility_pct": 0.0 }, "geometry": { "type": "Polygon", "coordinates": [ [ [ -2.912290306717483, 54.870885558784252 ], [ -2.912399060394514, 54.870920688307976 ], [ -2.912506191590194, 54.870883936268363 ], [ -2.912504568927975, 54.87081205480272 ], [ -2.91239581545338, 54.870776925371835 ], [ -2.912288684438566, 54.87081367731377 ], [ -2.912290306717483, 54.870885558784252 ] ] ] } },
{ "type": "Feature", "properties": { "visible_points": 0, "total_points": 114, "visibility_pct": 0.0 }, "geometry": { "type": "Polygon", "coordinates": [ [ [ -2.912074421823201, 54.870887180916505 ], [ -2.912183175319365, 54.870922310634469 ], [ -2.912290306717482, 54.870885558784252 ], [ -2.912288684438566, 54.87081367731377 ], [ -2.912179931144835, 54.870778547688637 ], [ -2.912072799927587, 54.870815299441162 ], [ -2.912074421823201, 54.870887180916505 ] ] ] } },
{ "type": "Feature", "properties": { "visible_points": 0, "total_points": 111, "visibility_pct": 0.0 }, "geometry": { "type": "Polygon", "coordinates": [ [ [ -2.911858536907354, 54.870888802665092 ], [ -2.911967290222649, 54.870923932577313 ], [ -2.9120744218232, 54.870887180916505 ], [ -2.912072799927586, 54.870815299441162 ], [ -2.911964046814722, 54.870780169621753 ], [ -2.911856915395042, 54.870816921184897 ], [ -2.911858536907354, 54.870888802665092 ] ] ] } },
{ "type": "Feature", "properties": { "visible_points": 1, "total_points": 106, "visibility_pct": 0.94339622641509435 }, "geometry": { "type": "Polygon", "coordinates": [ [ [ -2.911642651969947, 54.870890424030016 ], [ -2.911751405104368, 54.870925554136498 ], [ -2.911858536907353, 54.870888802665092 ], [ -2.911856915395041, 54.870816921184897 ], [ -2.911748162463046, 54.87078179117124 ], [ -2.911641030840936, 54.870818542544967 ], [ -2.911642651969947, 54.870890424030016 ] ] ] } },
{ "type": "Feature", "properties": { "visible_points": 0, "total_points": 101, "visibility_pct": 0.0 }, "geometry": { "type": "Polygon", "coordinates": [ [ [ -2.911426767010983, 54.870892045011288 ], [ -2.911535519964531, 54.870927175312019 ], [ -2.911642651969945, 54.870890424030016 ], [ -2.911641030840935, 54.870818542544967 ], [ -2.911532278089813, 54.870783412337047 ], [ -2.911425146265276, 54.870820163521373 ], [ -2.911426767010983, 54.870892045011288 ] ] ] } },
{ "type": "Feature", "properties": { "visible_points": 0, "total_points": 95, "visibility_pct": 0.0 }, "geometry": { "type": "Polygon", "coordinates": [ [ [ -2.911210882030471, 54.870893665608889 ], [ -2.911319634803141, 54.870928796103883 ], [ -2.911426767010982, 54.870892045011288 ], [ -2.911425146265275, 54.870820163521373 ], [ -2.911316393695027, 54.870785033119219 ], [ -2.911209261668065, 54.870821784114128 ], [ -2.911210882030471, 54.870893665608889 ] ] ] } },
{ "type": "Feature", "properties": { "visible_points": 0, "total_points": 88, "visibility_pct": 0.0 }, "geometry": { "type": "Polygon", "coordinates": [ [ [ -2.910994997028413, 54.870895285822826 ], [ -2.911103749620203, 54.870930416512081 ], [ -2.911210882030469, 54.870893665608889 ], [ -2.911209261668064, 54.870821784114128 ], [ -2.911100509278695, 54.870786653517705 ], [ -2.91099337704931, 54.870823404323232 ], [ -2.910994997028413, 54.870895285822826 ] ] ] } },
{ "type": "Feature", "properties": { "visible_points": 0, "total_points": 81, "visibility_pct": 0.0 }, "geometry": { "type": "Polygon", "coordinates": [ [ [ -2.910779112004815, 54.870896905653112 ], [ -2.910887864415722, 54.870932036536615 ], [ -2.910994997028412, 54.870895285822826 ], [ -2.910993377049309, 54.870823404323232 ], [ -2.91088462484082, 54.870788273532554 ], [ -2.910777492409015, 54.870825024148665 ], [ -2.910779112004815, 54.870896905653112 ] ] ] } },
{ "type": "Feature", "properties": { "visible_points": 0, "total_points": 88, "visibility_pct": 0.0 }, "geometry": { "type": "Polygon", "coordinates": [ [ [ -2.913695995173367, 54.870982827729641 ], [ -2.913804750318846, 54.871017955986339 ], [ -2.9139118804807, 54.870981202712663 ], [ -2.913910255316222, 54.870909321279953 ], [ -2.913801500373197, 54.870874193116073 ], [ -2.913694370392194, 54.870910946292078 ], [ -2.913695995173367, 54.870982827729641 ] ] ] } },
{ "type": "Feature", "properties": { "visible_points": 0, "total_points": 98, "visibility_pct": 0.0 }, "geometry": { "type": "Polygon", "coordinates": [ [ [ -2.91348010984443, 54.870984452362976 ], [ -2.913588864809058, 54.871019580813936 ], [ -2.913695995173367, 54.870982827729641 ], [ -2.913694370392193, 54.870910946292078 ], [ -2.913585615630014, 54.870875817933928 ], [ -2.91347848544656, 54.870912570920538 ], [ -2.91348010984443, 54.870984452362976 ] ] ] } },
{ "type": "Feature", "properties": { "visible_points": 10, "total_points": 107, "visibility_pct": 9.3457943925233646 }, "geometry": { "type": "Polygon", "coordinates": [ [ [ -2.913264224493894, 54.870986076612645 ], [ -2.913372979277669, 54.871021205257861 ], [ -2.913480109844429, 54.870984452362976 ], [ -2.913478485446559, 54.870912570920538 ], [ -2.913369730865233, 54.87087744236814 ], [ -2.913262600479328, 54.870914195165348 ], [ -2.913264224493894, 54.870986076612645 ] ] ] } },
{ "type": "Feature", "properties": { "visible_points": 11, "total_points": 115, "visibility_pct": 9.5652173913043477 }, "geometry": { "type": "Polygon", "coordinates": [ [ [ -2.913048339121764, 54.870987700478658 ], [ -2.913157093724683, 54.871022829318129 ], [ -2.913264224493893, 54.870986076612645 ], [ -2.913262600479327, 54.870914195165348 ], [ -2.913153846078854, 54.870879066418681 ], [ -2.913046715490502, 54.870915819026493 ], [ -2.913048339121764, 54.870987700478658 ] ] ] } },
{ "type": "Feature", "properties": { "visible_points": 10, "total_points": 119, "visibility_pct": 8.4033613445378155 }, "geometry": { "type": "Polygon", "coordinates": [ [ [ -2.912832453728046, 54.870989323960991 ], [ -2.912941208150106, 54.871024452994725 ], [ -2.913048339121764, 54.870987700478658 ], [ -2.913046715490502, 54.870915819026493 ], [ -2.912937961270885, 54.870880690085571 ], [ -2.912830830480088, 54.870917442503973 ], [ -2.912832453728046, 54.870989323960991 ] ] ] } },
{ "type": "Feature", "properties": { "visible_points": 9, "total_points": 116, "visibility_pct": 7.7586206896551726 }, "geometry": { "type": "Polygon", "coordinates": [ [ [ -2.912616568312745, 54.870990947059667 ], [ -2.912725322553942, 54.871026076287663 ], [ -2.912832453728045, 54.870989323960991 ], [ -2.912830830480087, 54.870917442503973 ], [ -2.912722076441331, 54.870882313368789 ], [ -2.912614945448091, 54.870919065597803 ], [ -2.912616568312745, 54.870990947059667 ] ] ] } },
{ "type": "Feature", "properties": { "visible_points": 0, "total_points": 113, "visibility_pct": 0.0 }, "geometry": { "type": "Polygon", "coordinates": [ [ [ -2.912400682875865, 54.870992569774693 ], [ -2.912509436936198, 54.871027699196944 ], [ -2.912616568312744, 54.870990947059667 ], [ -2.91261494544809, 54.870919065597803 ], [ -2.912506191590195, 54.870883936268363 ], [ -2.912399060394515, 54.870920688307976 ], [ -2.912400682875865, 54.870992569774693 ] ] ] } },
{ "type": "Feature", "properties": { "visible_points": 2, "total_points": 110, "visibility_pct": 1.8181818181818181 }, "geometry": { "type": "Polygon", "coordinates": [ [ [ -2.912184797417411, 54.870994192106046 ], [ -2.912293551296878, 54.87102932172256 ], [ -2.912400682875864, 54.870992569774693 ], [ -2.912399060394514, 54.870920688307976 ], [ -2.912290306717483, 54.870885558784252 ], [ -2.912183175319366, 54.870922310634469 ], [ -2.912184797417411, 54.870994192106046 ] ] ] } },
{ "type": "Feature", "properties": { "visible_points": 0, "total_points": 106, "visibility_pct": 0.0 }, "geometry": { "type": "Polygon", "coordinates": [ [ [ -2.91196891193739, 54.870995814053749 ], [ -2.912077665635987, 54.871030943864518 ], [ -2.91218479741741, 54.870994192106046 ], [ -2.912183175319365, 54.870922310634469 ], [ -2.912074421823201, 54.870887180916505 ], [ -2.911967290222649, 54.870923932577313 ], [ -2.91196891193739, 54.870995814053749 ] ] ] } },
{ "type": "Feature", "properties": { "visible_points": 2, "total_points": 100, "visibility_pct": 2.0 }, "geometry": { "type": "Polygon", "coordinates": [ [ [ -2.911753026435806, 54.870997435617781 ], [ -2.911861779953531, 54.871032565622812 ], [ -2.911968911937389, 54.870995814053749 ], [ -2.911967290222649, 54.870923932577313 ], [ -2.911858536907354, 54.870888802665092 ], [ -2.911751405104369, 54.870925554136498 ], [ -2.911753026435806, 54.870997435617781 ] ] ] } },
{ "type": "Feature", "properties": { "visible_points": 0, "total_points": 95, "visibility_pct": 0.0 }, "geometry": { "type": "Polygon", "coordinates": [ [ [ -2.911537140912663, 54.870999056798148 ], [ -2.911645894249514, 54.871034186997441 ], [ -2.911753026435805, 54.870997435617781 ], [ -2.911751405104368, 54.870925554136498 ], [ -2.911642651969947, 54.870890424030016 ], [ -2.911535519964532, 54.870927175312019 ], [ -2.911537140912663, 54.870999056798148 ] ] ] } },
{ "type": "Feature", "properties": { "visible_points": 0, "total_points": 88, "visibility_pct": 0.0 }, "geometry": { "type": "Polygon", "coordinates": [ [ [ -2.911321255367968, 54.871000677594864 ], [ -2.911430008523941, 54.871035807988406 ], [ -2.911537140912662, 54.870999056798148 ], [ -2.911535519964531, 54.870927175312019 ], [ -2.911426767010983, 54.870892045011288 ], [ -2.911319634803142, 54.870928796103883 ], [ -2.911321255367968, 54.871000677594864 ] ] ] } },
{ "type": "Feature", "properties": { "visible_points": 0, "total_points": 82, "visibility_pct": 0.0 }, "geometry": { "type": "Polygon", "coordinates": [ [ [ -2.911105369801725, 54.871002298007909 ], [ -2.911214122776818, 54.871037428595699 ], [ -2.911321255367967, 54.871000677594864 ], [ -2.911319634803141, 54.870928796103883 ], [ -2.911210882030471, 54.870893665608889 ], [ -2.911103749620204, 54.870930416512081 ], [ -2.911105369801725, 54.871002298007909 ] ] ] } },
{ "type": "Feature", "properties": { "visible_points": 0, "total_points": 75, "visibility_pct": 0.0 }, "geometry": { "type": "Polygon", "coordinates": [ [ [ -2.910889484213939, 54.871003918037296 ], [ -2.91099823700815, 54.871039048819355 ], [ -2.911105369801724, 54.871002298007909 ], [ -2.911103749620203, 54.870930416512081 ], [ -2.910994997028413, 54.870895285822826 ], [ -2.910887864415724, 54.870932036536615 ], [ -2.910889484213939, 54.871003918037296 ] ] ] } },
{ "type": "Feature", "properties": { "visible_points": 2, "total_points": 88, "visibility_pct": 2.2727272727272729 }, "geometry": { "type": "Polygon", "coordinates": [ [ [ -2.913806375302471, 54.871089837420136 ], [ -2.913915130831255, 54.871124965575405 ], [ -2.914022261173958, 54.871088212204036 ], [ -2.914020635807027, 54.871016330775092 ], [ -2.9139118804807, 54.870981202712663 ], [ -2.913804750318846, 54.871017955986339 ], [ -2.913806375302471, 54.871089837420136 ] ] ] } },
{ "type": "Feature", "properties": { "visible_points": 4, "total_points": 98, "visibility_pct": 4.0816326530612246 }, "geometry": { "type": "Polygon", "coordinates": [ [ [ -2.913590489409377, 54.871091462252593 ], [ -2.913699244757309, 54.871126590602117 ], [ -2.91380637530247, 54.871089837420136 ], [ -2.913804750318846, 54.871017955986339 ], [ -2.913695995173367, 54.870982827729641 ], [ -2.913588864809058, 54.871019580813936 ], [ -2.913590489409377, 54.871091462252593 ] ] ] } },
{ "type": "Feature", "properties": { "visible_points": 13, "total_points": 107, "visibility_pct": 12.149532710280374 }, "geometry": { "type": "Polygon", "coordinates": [ [ [ -2.913374603494681, 54.871093086701386 ], [ -2.91348335866176, 54.871128215245164 ], [ -2.913590489409376, 54.871091462252593 ], [ -2.913588864809058, 54.871019580813936 ], [ -2.913480109844429, 54.870984452362976 ], [ -2.913372979277669, 54.871021205257861 ], [ -2.913374603494681, 54.871093086701386 ] ] ] } },
{ "type": "Feature", "properties": { "visible_points": 9, "total_points": 115, "visibility_pct": 7.8260869565217401 }, "geometry": { "type": "Polygon", "coordinates": [ [ [ -2.913158717558388, 54.871094710766499 ], [ -2.913267472544611, 54.87112983950454 ], [ -2.91337460349468, 54.871093086701386 ], [ -2.913372979277668, 54.871021205257861 ], [ -2.913264224493893, 54.870986076612645 ], [ -2.913157093724683, 54.871022829318129 ], [ -2.913158717558388, 54.871094710766499 ] ] ] } },
{ "type": "Feature", "properties": { "visible_points": 11, "total_points": 118, "visibility_pct": 9.3220338983050848 }, "geometry": { "type": "Polygon", "coordinates": [ [ [ -2.912942831600505, 54.871096334447962 ], [ -2.913051586405868, 54.871131463380266 ], [ -2.913158717558387, 54.871094710766499 ], [ -2.913157093724682, 54.871022829318129 ], [ -2.913048339121764, 54.870987700478658 ], [ -2.912941208150106, 54.871024452994725 ], [ -2.912942831600505, 54.871096334447962 ] ] ] } },
{ "type": "Feature", "properties": { "visible_points": 8, "total_points": 114, "visibility_pct": 7.0175438596491224 }, "geometry": { "type": "Polygon", "coordinates": [ [ [ -2.912726945621035, 54.871097957745768 ], [ -2.912835700245537, 54.871133086872327 ], [ -2.912942831600504, 54.871096334447962 ], [ -2.912941208150105, 54.871024452994725 ], [ -2.912832453728045, 54.870989323960991 ], [ -2.912725322553942, 54.871026076287663 ], [ -2.912726945621035, 54.871097957745768 ] ] ] } },
{ "type": "Feature", "properties": { "visible_points": 4, "total_points": 110, "visibility_pct": 3.6363636363636362 }, "geometry": { "type": "Polygon", "coordinates": [ [ [ -2.912511059619983, 54.871099580659894 ], [ -2.912619814063622, 54.87113470998073 ], [ -2.912726945621034, 54.871097957745768 ], [ -2.912725322553941, 54.871026076287663 ], [ -2.912616568312744, 54.870990947059667 ], [ -2.912509436936198, 54.871027699196944 ], [ -2.912511059619983, 54.871099580659894 ] ] ] } },
{ "type": "Feature", "properties": { "visible_points": 3, "total_points": 106, "visibility_pct": 2.8301886792452833 }, "geometry": { "type": "Polygon", "coordinates": [ [ [ -2.912295173597357, 54.871101203190364 ], [ -2.912403927860128, 54.871136332705454 ], [ -2.912511059619983, 54.871099580659894 ], [ -2.912509436936197, 54.871027699196944 ], [ -2.912400682875864, 54.870992569774693 ], [ -2.912293551296878, 54.87102932172256 ], [ -2.912295173597357, 54.871101203190364 ] ] ] } },
{ "type": "Feature", "properties": { "visible_points": 1, "total_points": 101, "visibility_pct": 0.99009900990099009 }, "geometry": { "type": "Polygon", "coordinates": [ [ [ -2.912079287553159, 54.871102825337182 ], [ -2.912188041635061, 54.871137955046528 ], [ -2.912295173597356, 54.871101203190364 ], [ -2.912293551296878, 54.87102932172256 ], [ -2.91218479741741, 54.870994192106046 ], [ -2.912077665635987, 54.871030943864518 ], [ -2.912079287553159, 54.871102825337182 ] ] ] } },
{ "type": "Feature", "properties": { "visible_points": 0, "total_points": 89, "visibility_pct": 0.0 }, "geometry": { "type": "Polygon", "coordinates": [ [ [ -2.91164751540007, 54.871106068479804 ], [ -2.911756269120227, 54.871141198577682 ], [ -2.911863401487394, 54.871104447100329 ], [ -2.91186177995353, 54.871032565622812 ], [ -2.911753026435805, 54.870997435617781 ], [ -2.911645894249514, 54.871034186997441 ], [ -2.91164751540007, 54.871106068479804 ] ] ] } },
{ "type": "Feature", "properties": { "visible_points": 0, "total_points": 82, "visibility_pct": 0.0 }, "geometry": { "type": "Polygon", "coordinates": [ [ [ -2.911431629291191, 54.871107689475622 ], [ -2.91154038283047, 54.871142819767748 ], [ -2.91164751540007, 54.871106068479804 ], [ -2.911645894249513, 54.871034186997441 ], [ -2.911537140912662, 54.870999056798148 ], [ -2.911430008523941, 54.871035807988406 ], [ -2.911431629291191, 54.871107689475622 ] ] ] } },
{ "type": "Feature", "properties": { "visible_points": 3, "total_points": 75, "visibility_pct": 4.0 }, "geometry": { "type": "Polygon", "coordinates": [ [ [ -2.91121574316076, 54.871109310087775 ], [ -2.911324496519159, 54.871144440574156 ], [ -2.91143162929119, 54.871107689475622 ], [ -2.91143000852394, 54.871035807988406 ], [ -2.911321255367967, 54.871000677594864 ], [ -2.911214122776818, 54.871037428595699 ], [ -2.91121574316076, 54.871109310087775 ] ] ] } },
{ "type": "Feature", "properties": { "visible_points": 1, "total_points": 88, "visibility_pct": 1.1363636363636365 }, "geometry": { "type": "Polygon", "coordinates": [ [ [ -2.913916756017333, 54.871196847005422 ], [ -2.914025511929423, 54.871231975059231 ], [ -2.914132642452977, 54.871195221590192 ], [ -2.914131016883591, 54.87112334016502 ], [ -2.914022261173959, 54.871088212204036 ], [ -2.913915130831255, 54.871124965575405 ], [ -2.913916756017333, 54.871196847005422 ] ] ] } },
{ "type": "Feature", "properties": { "visible_points": 8, "total_points": 98, "visibility_pct": 8.1632653061224492 }, "geometry": { "type": "Polygon", "coordinates": [ [ [ -2.913700869560079, 54.871198472036994 ], [ -2.913809625291318, 54.871233600285066 ], [ -2.913916756017332, 54.871196847005422 ], [ -2.913915130831255, 54.871124965575405 ], [ -2.913806375302471, 54.871089837420136 ], [ -2.91369924475731, 54.871126590602117 ], [ -2.913700869560079, 54.871198472036994 ] ] ] } },
{ "type": "Feature", "properties": { "visible_points": 14, "total_points": 107, "visibility_pct": 13.084112149532709 }, "geometry": { "type": "Polygon", "coordinates": [ [ [ -2.913484983081221, 54.871200096684916 ], [ -2.913593738631606, 54.871235225127236 ], [ -2.913700869560078, 54.871198472036994 ], [ -2.913699244757309, 54.871126590602117 ], [ -2.913590489409377, 54.871091462252593 ], [ -2.913483358661761, 54.871128215245164 ], [ -2.913484983081221, 54.871200096684916 ] ] ] } },
{ "type": "Feature", "properties": { "visible_points": 6, "total_points": 115, "visibility_pct": 5.2173913043478262 }, "geometry": { "type": "Polygon", "coordinates": [ [ [ -2.913269096580763, 54.871201720949152 ], [ -2.913377851950293, 54.871236849585742 ], [ -2.91348498308122, 54.871200096684916 ], [ -2.91348335866176, 54.871128215245164 ], [ -2.913374603494681, 54.871093086701386 ], [ -2.913267472544612, 54.87112983950454 ], [ -2.913269096580763, 54.871201720949152 ] ] ] } },
{ "type": "Feature", "properties": { "visible_points": 12, "total_points": 117, "visibility_pct": 10.256410256410255 }, "geometry": { "type": "Polygon", "coordinates": [ [ [ -2.913053210058712, 54.871203344829738 ], [ -2.913161965247383, 54.871238473660597 ], [ -2.913269096580763, 54.871201720949152 ], [ -2.913267472544611, 54.87112983950454 ], [ -2.913158717558388, 54.871094710766499 ], [ -2.913051586405869, 54.871131463380266 ], [ -2.913053210058712, 54.871203344829738 ] ] ] } },
{ "type": "Feature", "properties": { "visible_points": 16, "total_points": 112, "visibility_pct": 14.285714285714285 }, "geometry": { "type": "Polygon", "coordinates": [ [ [ -2.912837323515071, 54.871204968326644 ], [ -2.91294607852288, 54.871240097351766 ], [ -2.913053210058711, 54.871203344829738 ], [ -2.913051586405868, 54.871131463380266 ], [ -2.912942831600505, 54.871096334447962 ], [ -2.912835700245538, 54.871133086872327 ], [ -2.912837323515071, 54.871204968326644 ] ] ] } },
{ "type": "Feature", "properties": { "visible_points": 12, "total_points": 107, "visibility_pct": 11.214953271028037 }, "geometry": { "type": "Polygon", "coordinates": [ [ [ -2.912621436949847, 54.871206591439908 ], [ -2.912730191776793, 54.871241720659285 ], [ -2.91283732351507, 54.871204968326644 ], [ -2.912835700245537, 54.871133086872327 ], [ -2.912726945621035, 54.871097957745768 ], [ -2.912619814063623, 54.87113470998073 ], [ -2.912621436949847, 54.871206591439908 ] ] ] } },
{ "type": "Feature", "properties": { "visible_points": 10, "total_points": 102, "visibility_pct": 9.8039215686274517 }, "geometry": { "type": "Polygon", "coordinates": [ [ [ -2.912405550363044, 54.871208214169492 ], [ -2.912514305009123, 54.871243343583139 ], [ -2.912621436949846, 54.871206591439908 ], [ -2.912619814063622, 54.87113470998073 ], [ -2.912511059619983, 54.871099580659894 ], [ -2.912403927860129, 54.871136332705454 ], [ -2.912405550363044, 54.871208214169492 ] ] ] } },
{ "type": "Feature", "properties": { "visible_points": 3, "total_points": 96, "visibility_pct": 3.125 }, "geometry": { "type": "Polygon", "coordinates": [ [ [ -2.912189663754667, 54.871209836515419 ], [ -2.912298418219877, 54.871244966123314 ], [ -2.912405550363043, 54.871208214169492 ], [ -2.912403927860128, 54.871136332705454 ], [ -2.912295173597357, 54.871101203190364 ], [ -2.912188041635062, 54.871137955046528 ], [ -2.912189663754667, 54.871209836515419 ] ] ] } },
{ "type": "Feature", "properties": { "visible_points": 3, "total_points": 76, "visibility_pct": 3.9473684210526314 }, "geometry": { "type": "Polygon", "coordinates": [ [ [ -2.911542003800146, 54.871214701251205 ], [ -2.911650757722732, 54.871249831441865 ], [ -2.911757890473212, 54.871213080056272 ], [ -2.911756269120227, 54.871141198577682 ], [ -2.91164751540007, 54.871106068479804 ], [ -2.91154038283047, 54.871142819767748 ], [ -2.911542003800146, 54.871214701251205 ] ] ] } },
{ "type": "Feature", "properties": { "visible_points": 3, "total_points": 69, "visibility_pct": 4.3478260869565215 }, "geometry": { "type": "Polygon", "coordinates": [ [ [ -2.911326117105526, 54.871216322062452 ], [ -2.911434870847232, 54.871251452447396 ], [ -2.911542003800145, 54.871214701251205 ], [ -2.91154038283047, 54.871142819767748 ], [ -2.911431629291191, 54.871107689475622 ], [ -2.91132449651916, 54.871144440574156 ], [ -2.911326117105526, 54.871216322062452 ] ] ] } },
{ "type": "Feature", "properties": { "visible_points": 0, "total_points": 88, "visibility_pct": 0.0 }, "geometry": { "type": "Polygon", "coordinates": [ [ [ -2.914027137317957, 54.871303856485483 ], [ -2.914135893613356, 54.871338984437834 ], [ -2.91424302431776, 54.871302230871116 ], [ -2.914241398545915, 54.871230349449725 ], [ -2.914132642452977, 54.871195221590192 ], [ -2.914025511929423, 54.871231975059231 ], [ -2.914027137317957, 54.871303856485483 ] ] ] } },
{ "type": "Feature", "properties": { "visible_points": 0, "total_points": 98, "visibility_pct": 0.0 }, "geometry": { "type": "Polygon", "coordinates": [ [ [ -2.913811250296541, 54.871305481716178 ], [ -2.91392000641109, 54.871340609862798 ], [ -2.914027137317956, 54.871303856485483 ], [ -2.914025511929422, 54.871231975059231 ], [ -2.913916756017332, 54.871196847005422 ], [ -2.913809625291318, 54.871233600285066 ], [ -2.913811250296541, 54.871305481716178 ] ] ] } },
{ "type": "Feature", "properties": { "visible_points": 0, "total_points": 107, "visibility_pct": 0.0 }, "geometry": { "type": "Polygon", "coordinates": [ [ [ -2.913595363253518, 54.871307106563222 ], [ -2.913704119187213, 54.871342234904098 ], [ -2.91381125029654, 54.871305481716178 ], [ -2.913809625291317, 54.871233600285066 ], [ -2.913700869560078, 54.871198472036994 ], [ -2.913593738631606, 54.871235225127236 ], [ -2.913595363253518, 54.871307106563222 ] ] ] } },
{ "type": "Feature", "properties": { "visible_points": 12, "total_points": 115, "visibility_pct": 10.434782608695652 }, "geometry": { "type": "Polygon", "coordinates": [ [ [ -2.913379476188893, 54.871308731026588 ], [ -2.913488231941732, 54.87134385956174 ], [ -2.913595363253517, 54.871307106563222 ], [ -2.913593738631605, 54.871235225127236 ], [ -2.91348498308122, 54.871200096684916 ], [ -2.913377851950293, 54.871236849585742 ], [ -2.913379476188893, 54.871308731026588 ] ] ] } },
{ "type": "Feature", "properties": { "visible_points": 17, "total_points": 116, "visibility_pct": 14.655172413793101 }, "geometry": { "type": "Polygon", "coordinates": [ [ [ -2.913163589102671, 54.871310355106296 ], [ -2.913272344674652, 54.871345483835711 ], [ -2.913379476188892, 54.871308731026588 ], [ -2.913377851950293, 54.871236849585742 ], [ -2.913269096580763, 54.871201720949152 ], [ -2.913161965247383, 54.871238473660597 ], [ -2.913163589102671, 54.871310355106296 ] ] ] } },
{ "type": "Feature", "properties": { "visible_points": 19, "total_points": 110, "visibility_pct": 17.272727272727273 }, "geometry": { "type": "Polygon", "coordinates": [ [ [ -2.912947701994858, 54.871311978802325 ], [ -2.913056457385977, 54.871347107726002 ], [ -2.913163589102671, 54.871310355106296 ], [ -2.913161965247382, 54.871238473660597 ], [ -2.913053210058711, 54.871203344829738 ], [ -2.91294607852288, 54.871240097351766 ], [ -2.912947701994858, 54.871311978802325 ] ] ] } },
{ "type": "Feature", "properties": { "visible_points": 15, "total_points": 104, "visibility_pct": 14.423076923076922 }, "geometry": { "type": "Polygon", "coordinates": [ [ [ -2.912731814865458, 54.871313602114697 ], [ -2.912840570075713, 54.871348731232636 ], [ -2.912947701994857, 54.871311978802325 ], [ -2.91294607852288, 54.871240097351766 ], [ -2.91283732351507, 54.871204968326644 ], [ -2.912730191776793, 54.871241720659285 ], [ -2.912731814865458, 54.871313602114697 ] ] ] } },
{ "type": "Feature", "properties": { "visible_points": 19, "total_points": 98, "visibility_pct": 19.387755102040817 }, "geometry": { "type": "Polygon", "coordinates": [ [ [ -2.912515927714476, 54.871315225043404 ], [ -2.912624682743865, 54.871350354355599 ], [ -2.912731814865457, 54.871313602114697 ], [ -2.912730191776792, 54.871241720659285 ], [ -2.912621436949846, 54.871206591439908 ], [ -2.912514305009123, 54.871243343583139 ], [ -2.912515927714476, 54.871315225043404 ] ] ] } },
{ "type": "Feature", "properties": { "visible_points": 4, "total_points": 92, "visibility_pct": 4.3478260869565215 }, "geometry": { "type": "Polygon", "coordinates": [ [ [ -2.912300040541918, 54.871316847588453 ], [ -2.912408795390438, 54.871351977094911 ], [ -2.912515927714475, 54.871315225043404 ], [ -2.912514305009122, 54.871243343583139 ], [ -2.912405550363043, 54.871208214169492 ], [ -2.912298418219877, 54.871244966123314 ], [ -2.912300040541918, 54.871316847588453 ] ] ] } },
{ "type": "Feature", "properties": { "visible_points": 1, "total_points": 88, "visibility_pct": 1.1363636363636365 }, "geometry": { "type": "Polygon", "coordinates": [ [ [ -2.914137519204349, 54.871410865860319 ], [ -2.91424627588306, 54.87144599371122 ], [ -2.914353406768314, 54.871409240046823 ], [ -2.914351780794008, 54.871337358629219 ], [ -2.914243024317761, 54.871302230871116 ], [ -2.914135893613357, 54.871338984437834 ], [ -2.914137519204349, 54.871410865860319 ] ] ] } },
{ "type": "Feature", "properties": { "visible_points": 0, "total_points": 98, "visibility_pct": 0.0 }, "geometry": { "type": "Polygon", "coordinates": [ [ [ -2.913921631618769, 54.871412491290151 ], [ -2.914030388116629, 54.871447619335299 ], [ -2.914137519204349, 54.871410865860319 ], [ -2.914135893613356, 54.871338984437834 ], [ -2.914027137317957, 54.871303856485483 ], [ -2.91392000641109, 54.871340609862798 ], [ -2.913921631618769, 54.871412491290151 ] ] ] } },
{ "type": "Feature", "properties": { "visible_points": 1, "total_points": 107, "visibility_pct": 0.93457943925233633 }, "geometry": { "type": "Polygon", "coordinates": [ [ [ -2.913705744011579, 54.871414116336311 ], [ -2.913814500328586, 54.871449244575736 ], [ -2.913921631618769, 54.871412491290151 ], [ -2.91392000641109, 54.871340609862798 ], [ -2.913811250296541, 54.871305481716178 ], [ -2.913704119187214, 54.871342234904098 ], [ -2.913705744011579, 54.871414116336311 ] ] ] } },
{ "type": "Feature", "properties": { "visible_points": 5, "total_points": 115, "visibility_pct": 4.3478260869565215 }, "geometry": { "type": "Polygon", "coordinates": [ [ [ -2.913489856382784, 54.871415740998806 ], [ -2.913598612518935, 54.871450869432486 ], [ -2.913705744011578, 54.871414116336311 ], [ -2.913704119187213, 54.871342234904098 ], [ -2.913595363253518, 54.871307106563222 ], [ -2.913488231941733, 54.871343859561733 ], [ -2.913489856382784, 54.871415740998806 ] ] ] } },
{ "type": "Feature", "properties": { "visible_points": 12, "total_points": 115, "visibility_pct": 10.434782608695652 }, "geometry": { "type": "Polygon", "coordinates": [ [ [ -2.91327396873239, 54.871417365277622 ], [ -2.913382724687683, 54.871452493905586 ], [ -2.913489856382783, 54.871415740998806 ], [ -2.913488231941732, 54.87134385956174 ], [ -2.913379476188893, 54.871308731026588 ], [ -2.913272344674653, 54.871345483835711 ], [ -2.91327396873239, 54.871417365277622 ] ] ] } },
{ "type": "Feature", "properties": { "visible_points": 15, "total_points": 109, "visibility_pct": 13.761467889908257 }, "geometry": { "type": "Polygon", "coordinates": [ [ [ -2.913058081060401, 54.871418989172781 ], [ -2.913166836834832, 54.871454117995007 ], [ -2.913273968732389, 54.871417365277622 ], [ -2.913272344674652, 54.871345483835711 ], [ -2.913163589102671, 54.871310355106296 ], [ -2.913056457385978, 54.871347107726002 ], [ -2.913058081060401, 54.871418989172781 ] ] ] } },
{ "type": "Feature", "properties": { "visible_points": 13, "total_points": 102, "visibility_pct": 12.745098039215685 }, "geometry": { "type": "Polygon", "coordinates": [ [ [ -2.912842193366823, 54.871420612684275 ], [ -2.912950948960391, 54.871455741700757 ], [ -2.9130580810604, 54.871418989172781 ], [ -2.913056457385977, 54.871347107726002 ], [ -2.912947701994858, 54.871311978802325 ], [ -2.912840570075714, 54.871348731232636 ], [ -2.912842193366823, 54.871420612684275 ] ] ] } },
{ "type": "Feature", "properties": { "visible_points": 17, "total_points": 95, "visibility_pct": 17.894736842105264 }, "geometry": { "type": "Polygon", "coordinates": [ [ [ -2.91262630565166, 54.871422235812112 ], [ -2.912735061064362, 54.871457365022842 ], [ -2.912842193366822, 54.871420612684275 ], [ -2.912840570075713, 54.871348731232636 ], [ -2.912731814865458, 54.871313602114697 ], [ -2.912624682743866, 54.871350354355599 ], [ -2.91262630565166, 54.871422235812112 ] ] ] } },
{ "type": "Feature", "properties": { "visible_points": 7, "total_points": 88, "visibility_pct": 7.9545454545454541 }, "geometry": { "type": "Polygon", "coordinates": [ [ [ -2.91241041791492, 54.871423858556255 ], [ -2.912519173146751, 54.871458987961269 ], [ -2.91262630565166, 54.871422235812112 ], [ -2.912624682743865, 54.871350354355599 ], [ -2.912515927714476, 54.871315225043404 ], [ -2.912408795390439, 54.871351977094911 ], [ -2.91241041791492, 54.871423858556255 ] ] ] } },
{ "type": "Feature", "properties": { "visible_points": 1, "total_points": 88, "visibility_pct": 1.1363636363636365 }, "geometry": { "type": "Polygon", "coordinates": [ [ [ -2.914247901676514, 54.871517875129932 ], [ -2.914356658738539, 54.871553002879367 ], [ -2.914463789804643, 54.871516249117299 ], [ -2.914462163627872, 54.871444367703454 ], [ -2.914353406768314, 54.871409240046823 ], [ -2.91424627588306, 54.87144599371122 ], [ -2.914247901676514, 54.871517875129932 ] ] ] } },
{ "type": "Feature", "properties": { "visible_points": 0, "total_points": 98, "visibility_pct": 0.0 }, "geometry": { "type": "Polygon", "coordinates": [ [ [ -2.914032013526767, 54.871519500758886 ], [ -2.914140770407941, 54.871554628702597 ], [ -2.914247901676513, 54.871517875129932 ], [ -2.914246275883059, 54.87144599371122 ], [ -2.914137519204349, 54.871410865860319 ], [ -2.914030388116629, 54.871447619335299 ], [ -2.914032013526767, 54.871519500758886 ] ] ] } },
{ "type": "Feature", "properties": { "visible_points": 2, "total_points": 107, "visibility_pct": 1.8691588785046727 }, "geometry": { "type": "Polygon", "coordinates": [ [ [ -2.913816125355408, 54.871521126004161 ], [ -2.913924882055728, 54.871556254142163 ], [ -2.914032013526766, 54.871519500758886 ], [ -2.914030388116628, 54.871447619335299 ], [ -2.913921631618769, 54.871412491290151 ], [ -2.913814500328586, 54.871449244575736 ], [ -2.913816125355408, 54.871521126004161 ] ] ] } },
{ "type": "Feature", "properties": { "visible_points": 8, "total_points": 115, "visibility_pct": 6.9565217391304346 }, "geometry": { "type": "Polygon", "coordinates": [ [ [ -2.913600237162441, 54.8715227508658 ], [ -2.913708993681905, 54.871557879198043 ], [ -2.913816125355406, 54.871521126004161 ], [ -2.913814500328585, 54.871449244575736 ], [ -2.913705744011578, 54.871414116336311 ], [ -2.913598612518935, 54.871450869432486 ], [ -2.913600237162441, 54.8715227508658 ] ] ] } },
{ "type": "Feature", "properties": { "visible_points": 12, "total_points": 114, "visibility_pct": 10.526315789473683 }, "geometry": { "type": "Polygon", "coordinates": [ [ [ -2.913384348947871, 54.871524375343753 ], [ -2.913493105286478, 54.871559503870266 ], [ -2.91360023716244, 54.8715227508658 ], [ -2.913598612518934, 54.871450869432486 ], [ -2.913489856382783, 54.871415740998806 ], [ -2.913382724687683, 54.871452493905586 ], [ -2.913384348947871, 54.871524375343753 ] ] ] } },
{ "type": "Feature", "properties": { "visible_points": 14, "total_points": 107, "visibility_pct": 13.084112149532709 }, "geometry": { "type": "Polygon", "coordinates": [ [ [ -2.913168460711705, 54.871525999438035 ], [ -2.913277216869451, 54.87156112815881 ], [ -2.913384348947871, 54.871524375343753 ], [ -2.913382724687682, 54.871452493905586 ], [ -2.913273968732389, 54.871417365277622 ], [ -2.913166836834832, 54.871454117995007 ], [ -2.913168460711705, 54.871525999438035 ] ] ] } },
{ "type": "Feature", "properties": { "visible_points": 7, "total_points": 99, "visibility_pct": 7.0707070707070701 }, "geometry": { "type": "Polygon", "coordinates": [ [ [ -2.912952572453946, 54.871527623148637 ], [ -2.913061328430828, 54.871562752063674 ], [ -2.913168460711703, 54.871525999438035 ], [ -2.913166836834832, 54.871454117995007 ], [ -2.9130580810604, 54.871418989172781 ], [ -2.912950948960391, 54.871455741700757 ], [ -2.912952572453946, 54.871527623148637 ] ] ] } },
{ "type": "Feature", "properties": { "visible_points": 10, "total_points": 91, "visibility_pct": 10.989010989010989 }, "geometry": { "type": "Polygon", "coordinates": [ [ [ -2.912736684174601, 54.871529246475582 ], [ -2.912845439970616, 54.871564375584889 ], [ -2.912952572453945, 54.871527623148637 ], [ -2.91295094896039, 54.871455741700757 ], [ -2.912842193366822, 54.871420612684275 ], [ -2.912735061064362, 54.871457365022842 ], [ -2.912736684174601, 54.871529246475582 ] ] ] } },
{ "type": "Feature", "properties": { "visible_points": 7, "total_points": 83, "visibility_pct": 8.4337349397590362 }, "geometry": { "type": "Polygon", "coordinates": [ [ [ -2.912520795873673, 54.871530869418855 ], [ -2.91262955148882, 54.871565998722424 ], [ -2.912736684174599, 54.871529246475582 ], [ -2.91273506106436, 54.871457365022842 ], [ -2.91262630565166, 54.871422235812112 ], [ -2.912519173146751, 54.871458987961269 ], [ -2.912520795873673, 54.871530869418855 ] ] ] } },
{ "type": "Feature", "properties": { "visible_points": 0, "total_points": 88, "visibility_pct": 0.0 }, "geometry": { "type": "Polygon", "coordinates": [ [ [ -2.914358284734457, 54.871624884294306 ], [ -2.914467042179798, 54.871660011942318 ], [ -2.914574173426752, 54.871623258082558 ], [ -2.914572547047515, 54.871551376672478 ], [ -2.914463789804643, 54.871516249117299 ], [ -2.914356658738539, 54.871553002879367 ], [ -2.914358284734457, 54.871624884294306 ] ] ] } },
{ "type": "Feature", "properties": { "visible_points": 0, "total_points": 98, "visibility_pct": 0.0 }, "geometry": { "type": "Polygon", "coordinates": [ [ [ -2.914142396020541, 54.871626510122404 ], [ -2.914251153285032, 54.871661637964671 ], [ -2.914358284734456, 54.871624884294306 ], [ -2.914356658738539, 54.871553002879367 ], [ -2.914247901676514, 54.871517875129932 ], [ -2.914140770407941, 54.871554628702597 ], [ -2.914142396020541, 54.871626510122404 ] ] ] } },
{ "type": "Feature", "properties": { "visible_points": 0, "total_points": 107, "visibility_pct": 0.0 }, "geometry": { "type": "Polygon", "coordinates": [ [ [ -2.91392650728501, 54.871628135566823 ], [ -2.914035264368647, 54.871663263603352 ], [ -2.91414239602054, 54.871626510122404 ], [ -2.914140770407941, 54.871554628702597 ], [ -2.914032013526767, 54.871519500758886 ], [ -2.91392488205573, 54.871556254142163 ], [ -2.91392650728501, 54.871628135566823 ] ] ] } },
{ "type": "Feature", "properties": { "visible_points": 8, "total_points": 114, "visibility_pct": 7.0175438596491224 }, "geometry": { "type": "Polygon", "coordinates": [ [ [ -2.913710618527868, 54.871629760627563 ], [ -2.91381937543065, 54.871664888858369 ], [ -2.913926507285009, 54.871628135566823 ], [ -2.913924882055728, 54.871556254142163 ], [ -2.913816125355408, 54.871521126004161 ], [ -2.913708993681906, 54.871557879198043 ], [ -2.913710618527868, 54.871629760627563 ] ] ] } },
{ "type": "Feature", "properties": { "visible_points": 9, "total_points": 113, "visibility_pct": 7.9646017699115044 }, "geometry": { "type": "Polygon", "coordinates": [ [ [ -2.913494729749122, 54.871631385304639 ], [ -2.913603486471045, 54.871666513729707 ], [ -2.913710618527867, 54.871629760627563 ], [ -2.913708993681905, 54.871557879198043 ], [ -2.913600237162441, 54.8715227508658 ], [ -2.913493105286479, 54.871559503870266 ], [ -2.913494729749122, 54.871631385304639 ] ] ] } },
{ "type": "Feature", "properties": { "visible_points": 10, "total_points": 105, "visibility_pct": 9.5238095238095237 }, "geometry": { "type": "Polygon", "coordinates": [ [ [ -2.913278840948775, 54.871633009598042 ], [ -2.913387597489838, 54.871668138217387 ], [ -2.913494729749121, 54.871631385304639 ], [ -2.913493105286478, 54.871559503870266 ], [ -2.913384348947871, 54.871524375343753 ], [ -2.913277216869451, 54.87156112815881 ], [ -2.913278840948775, 54.871633009598042 ] ] ] } },
{ "type": "Feature", "properties": { "visible_points": 8, "total_points": 97, "visibility_pct": 8.2474226804123703 }, "geometry": { "type": "Polygon", "coordinates": [ [ [ -2.913062952126833, 54.871634633507796 ], [ -2.913171708487033, 54.871669762321389 ], [ -2.913278840948774, 54.871633009598042 ], [ -2.913277216869451, 54.87156112815881 ], [ -2.913168460711705, 54.871525999438035 ], [ -2.913061328430829, 54.871562752063674 ], [ -2.913062952126833, 54.871634633507796 ] ] ] } },
{ "type": "Feature", "properties": { "visible_points": 0, "total_points": 88, "visibility_pct": 0.0 }, "geometry": { "type": "Polygon", "coordinates": [ [ [ -2.912847063283302, 54.871636257033849 ], [ -2.912955819462636, 54.871671386041712 ], [ -2.913062952126833, 54.871634633507796 ], [ -2.913061328430828, 54.871562752063674 ], [ -2.912952572453946, 54.871527623148637 ], [ -2.912845439970617, 54.871564375584889 ], [ -2.912847063283302, 54.871636257033849 ] ] ] } },
{ "type": "Feature", "properties": { "visible_points": 3, "total_points": 79, "visibility_pct": 3.79746835443038 }, "geometry": { "type": "Polygon", "coordinates": [ [ [ -2.912631174418186, 54.871637880176252 ], [ -2.912739930416651, 54.87167300937837 ], [ -2.912847063283301, 54.871636257033849 ], [ -2.912845439970616, 54.871564375584889 ], [ -2.912736684174601, 54.871529246475582 ], [ -2.912629551488821, 54.871565998722424 ], [ -2.912631174418186, 54.871637880176252 ] ] ] } },
{ "type": "Feature", "properties": { "visible_points": 0, "total_points": 88, "visibility_pct": 0.0 }, "geometry": { "type": "Polygon", "coordinates": [ [ [ -2.914468668378182, 54.871731893353463 ], [ -2.914577426206842, 54.871767020900009 ], [ -2.914684557634646, 54.871730266942571 ], [ -2.914682931052941, 54.871658385536286 ], [ -2.914574173426752, 54.871623258082558 ], [ -2.914467042179798, 54.871660011942318 ], [ -2.914468668378182, 54.871731893353463 ] ] ] } },
{ "type": "Feature", "properties": { "visible_points": 0, "total_points": 98, "visibility_pct": 0.0 }, "geometry": { "type": "Polygon", "coordinates": [ [ [ -2.914252779100095, 54.871733519380683 ], [ -2.914361536747904, 54.871768647121499 ], [ -2.914468668378181, 54.871731893353463 ], [ -2.914467042179797, 54.871660011942318 ], [ -2.914358284734456, 54.871624884294306 ], [ -2.914251153285032, 54.871661637964671 ], [ -2.914252779100095, 54.871733519380683 ] ] ] } },
{ "type": "Feature", "properties": { "visible_points": 1, "total_points": 107, "visibility_pct": 0.93457943925233633 }, "geometry": { "type": "Polygon", "coordinates": [ [ [ -2.914036889800389, 54.871735145024232 ], [ -2.914145647267346, 54.871770272959317 ], [ -2.914252779100094, 54.871733519380683 ], [ -2.914251153285031, 54.871661637964671 ], [ -2.91414239602054, 54.871626510122404 ], [ -2.914035264368647, 54.871663263603352 ], [ -2.914036889800389, 54.871735145024232 ] ] ] } },
{ "type": "Feature", "properties": { "visible_points": 5, "total_points": 112, "visibility_pct": 4.4642857142857144 }, "geometry": { "type": "Polygon", "coordinates": [ [ [ -2.913821000479071, 54.871736770284116 ], [ -2.913929757765172, 54.871771898413449 ], [ -2.914036889800388, 54.871735145024232 ], [ -2.914035264368646, 54.871663263603352 ], [ -2.913926507285009, 54.871628135566823 ], [ -2.91381937543065, 54.871664888858369 ], [ -2.913821000479071, 54.871736770284116 ] ] ] } },
{ "type": "Feature", "properties": { "visible_points": 7, "total_points": 111, "visibility_pct": 6.3063063063063058 }, "geometry": { "type": "Polygon", "coordinates": [ [ [ -2.913605111136145, 54.871738395160321 ], [ -2.913713868241388, 54.871773523483938 ], [ -2.913821000479071, 54.871736770284116 ], [ -2.913819375430649, 54.871664888858369 ], [ -2.913710618527867, 54.871629760627563 ], [ -2.913603486471045, 54.871666513729707 ], [ -2.913605111136145, 54.871738395160321 ] ] ] } },
{ "type": "Feature", "properties": { "visible_points": 9, "total_points": 103, "visibility_pct": 8.7378640776699026 }, "geometry": { "type": "Polygon", "coordinates": [ [ [ -2.913389221771616, 54.871740019652854 ], [ -2.913497978695998, 54.871775148170727 ], [ -2.913605111136144, 54.871738395160321 ], [ -2.913603486471044, 54.871666513729707 ], [ -2.913494729749121, 54.871631385304639 ], [ -2.913387597489838, 54.871668138217387 ], [ -2.913389221771616, 54.871740019652854 ] ] ] } },
{ "type": "Feature", "properties": { "visible_points": 4, "total_points": 94, "visibility_pct": 4.2553191489361701 }, "geometry": { "type": "Polygon", "coordinates": [ [ [ -2.913173332385488, 54.871741643761716 ], [ -2.913282089129008, 54.871776772473858 ], [ -2.913389221771615, 54.871740019652854 ], [ -2.913387597489837, 54.871668138217387 ], [ -2.913278840948774, 54.871633009598042 ], [ -2.913171708487033, 54.871669762321389 ], [ -2.913173332385488, 54.871741643761716 ] ] ] } },
{ "type": "Feature", "properties": { "visible_points": 0, "total_points": 85, "visibility_pct": 0.0 }, "geometry": { "type": "Polygon", "coordinates": [ [ [ -2.91295744297777, 54.871743267486906 ], [ -2.913066199540423, 54.871778396393317 ], [ -2.913173332385488, 54.871741643761716 ], [ -2.913171708487032, 54.871669762321389 ], [ -2.913062952126833, 54.871634633507796 ], [ -2.912955819462636, 54.871671386041712 ], [ -2.91295744297777, 54.871743267486906 ] ] ] } },
{ "type": "Feature", "properties": { "visible_points": 0, "total_points": 88, "visibility_pct": 0.0 }, "geometry": { "type": "Polygon", "coordinates": [ [ [ -2.914579052607697, 54.871838902307395 ], [ -2.914687810819677, 54.871874029752483 ], [ -2.914794942428331, 54.871837275697374 ], [ -2.914793315644154, 54.87176539429484 ], [ -2.914684557634647, 54.871730266942571 ], [ -2.914577426206843, 54.871767020900009 ], [ -2.914579052607697, 54.871838902307395 ] ] ] } },
{ "type": "Feature", "properties": { "visible_points": 0, "total_points": 98, "visibility_pct": 0.0 }, "geometry": { "type": "Polygon", "coordinates": [ [ [ -2.914363162765436, 54.871840528533752 ], [ -2.914471920796566, 54.87187565617311 ], [ -2.914579052607696, 54.871838902307395 ], [ -2.914577426206842, 54.871767020900009 ], [ -2.914468668378182, 54.871731893353463 ], [ -2.914361536747905, 54.871768647121499 ], [ -2.914363162765436, 54.871840528533752 ] ] ] } },
{ "type": "Feature", "properties": { "visible_points": 3, "total_points": 106, "visibility_pct": 2.8301886792452833 }, "geometry": { "type": "Polygon", "coordinates": [ [ [ -2.914147272901554, 54.871842154376431 ], [ -2.914256030751832, 54.871877282210065 ], [ -2.914363162765435, 54.871840528533752 ], [ -2.914361536747904, 54.871768647121499 ], [ -2.914252779100095, 54.871733519380683 ], [ -2.914145647267347, 54.871770272959317 ], [ -2.914147272901554, 54.871842154376431 ] ] ] } },
{ "type": "Feature", "properties": { "visible_points": 5, "total_points": 110, "visibility_pct": 4.5454545454545459 }, "geometry": { "type": "Polygon", "coordinates": [ [ [ -2.913931383016056, 54.871843779835437 ], [ -2.914040140685478, 54.871878907863341 ], [ -2.914147272901553, 54.871842154376431 ], [ -2.914145647267346, 54.871770272959317 ], [ -2.914036889800389, 54.871735145024232 ], [ -2.913929757765173, 54.871771898413449 ], [ -2.913931383016056, 54.871843779835437 ] ] ] } },
{ "type": "Feature", "properties": { "visible_points": 6, "total_points": 109, "visibility_pct": 5.5045871559633035 }, "geometry": { "type": "Polygon", "coordinates": [ [ [ -2.913715493108947, 54.871845404910779 ], [ -2.913824250597512, 54.871880533132938 ], [ -2.913931383016055, 54.871843779835437 ], [ -2.913929757765172, 54.871771898413449 ], [ -2.913821000479071, 54.871736770284116 ], [ -2.913713868241389, 54.871773523483938 ], [ -2.913715493108947, 54.871845404910779 ] ] ] } },
{ "type": "Feature", "properties": { "visible_points": 6, "total_points": 101, "visibility_pct": 5.9405940594059405 }, "geometry": { "type": "Polygon", "coordinates": [ [ [ -2.913499603180234, 54.871847029602435 ], [ -2.913608360487938, 54.871882158018863 ], [ -2.913715493108946, 54.871845404910779 ], [ -2.913713868241388, 54.871773523483938 ], [ -2.913605111136145, 54.871738395160321 ], [ -2.913497978695998, 54.871775148170727 ], [ -2.913499603180234, 54.871847029602435 ] ] ] } },
{ "type": "Feature", "properties": { "visible_points": 8, "total_points": 92, "visibility_pct": 8.695652173913043 }, "geometry": { "type": "Polygon", "coordinates": [ [ [ -2.913283713229919, 54.871848653910419 ], [ -2.913392470356761, 54.871883782521131 ], [ -2.913499603180232, 54.871847029602435 ], [ -2.913497978695998, 54.871775148170727 ], [ -2.913389221771616, 54.871740019652854 ], [ -2.913282089129009, 54.871776772473858 ], [ -2.913283713229919, 54.871848653910419 ] ] ] } },
{ "type": "Feature", "properties": { "visible_points": 0, "total_points": 82, "visibility_pct": 0.0 }, "geometry": { "type": "Polygon", "coordinates": [ [ [ -2.91306782325801, 54.871850277834731 ], [ -2.913176580203986, 54.871885406639706 ], [ -2.913283713229919, 54.871848653910419 ], [ -2.913282089129008, 54.871776772473858 ], [ -2.913173332385488, 54.871741643761716 ], [ -2.913066199540424, 54.871778396393317 ], [ -2.91306782325801, 54.871850277834731 ] ] ] } },
{ "type": "Feature", "properties": { "visible_points": 0, "total_points": 89, "visibility_pct": 0.0 }, "geometry": { "type": "Polygon", "coordinates": [ [ [ -2.914689437423004, 54.871945911156097 ], [ -2.914798196018308, 54.871981038499726 ], [ -2.914905327807811, 54.871944284346938 ], [ -2.91490370082116, 54.871872402948199 ], [ -2.914794942428331, 54.871837275697374 ], [ -2.914687810819677, 54.871874029752483 ], [ -2.914689437423004, 54.871945911156097 ] ] ] } },
{ "type": "Feature", "properties": { "visible_points": 0, "total_points": 98, "visibility_pct": 0.0 }, "geometry": { "type": "Polygon", "coordinates": [ [ [ -2.914473547016566, 54.871947537581583 ], [ -2.914582305431021, 54.871982665119496 ], [ -2.914689437423002, 54.871945911156097 ], [ -2.914687810819677, 54.871874029752483 ], [ -2.914579052607696, 54.871838902307395 ], [ -2.914471920796566, 54.87187565617311 ], [ -2.914473547016566, 54.871947537581583 ] ] ] } },
{ "type": "Feature", "properties": { "visible_points": 0, "total_points": 105, "visibility_pct": 0.0 }, "geometry": { "type": "Polygon", "coordinates": [ [ [ -2.914257656588505, 54.871949163623398 ], [ -2.914366414822107, 54.871984291355574 ], [ -2.914473547016565, 54.871947537581583 ], [ -2.914471920796565, 54.87187565617311 ], [ -2.914363162765435, 54.871840528533752 ], [ -2.914256030751832, 54.871877282210065 ], [ -2.914257656588505, 54.871949163623398 ] ] ] } },
{ "type": "Feature", "properties": { "visible_points": 0, "total_points": 108, "visibility_pct": 0.0 }, "geometry": { "type": "Polygon", "coordinates": [ [ [ -2.914041766138826, 54.871950789281541 ], [ -2.914150524191573, 54.871985917207986 ], [ -2.914257656588504, 54.871949163623398 ], [ -2.91425603075183, 54.871877282210065 ], [ -2.914147272901553, 54.871842154376431 ], [ -2.914040140685478, 54.871878907863341 ], [ -2.914041766138826, 54.871950789281541 ] ] ] } },
{ "type": "Feature", "properties": { "visible_points": 5, "total_points": 107, "visibility_pct": 4.6728971962616823 }, "geometry": { "type": "Polygon", "coordinates": [ [ [ -2.913825875667533, 54.871952414556006 ], [ -2.913934633539422, 54.87198754267672 ], [ -2.914041766138825, 54.871950789281541 ], [ -2.914040140685478, 54.871878907863341 ], [ -2.913931383016055, 54.871843779835437 ], [ -2.913824250597512, 54.871880533132938 ], [ -2.913825875667533, 54.871952414556006 ] ] ] } },
{ "type": "Feature", "properties": { "visible_points": 5, "total_points": 99, "visibility_pct": 5.0505050505050502 }, "geometry": { "type": "Polygon", "coordinates": [ [ [ -2.913609985174632, 54.871954039446805 ], [ -2.913718742865661, 54.871989167761775 ], [ -2.913825875667532, 54.871952414556006 ], [ -2.913824250597512, 54.871880533132938 ], [ -2.913715493108946, 54.871845404910779 ], [ -2.913608360487938, 54.871882158018863 ], [ -2.913609985174632, 54.871954039446805 ] ] ] } },
{ "type": "Feature", "properties": { "visible_points": 9, "total_points": 90, "visibility_pct": 10.0 }, "geometry": { "type": "Polygon", "coordinates": [ [ [ -2.913394094660128, 54.871955663953919 ], [ -2.913502852170294, 54.871990792463166 ], [ -2.913609985174631, 54.871954039446805 ], [ -2.913608360487937, 54.871882158018863 ], [ -2.913499603180232, 54.871847029602435 ], [ -2.913392470356761, 54.871883782521131 ], [ -2.913394094660128, 54.871955663953919 ] ] ] } },
{ "type": "Feature", "properties": { "visible_points": 0, "total_points": 80, "visibility_pct": 0.0 }, "geometry": { "type": "Polygon", "coordinates": [ [ [ -2.913178204124026, 54.871957288077361 ], [ -2.913286961453326, 54.87199241678087 ], [ -2.913394094660127, 54.871955663953919 ], [ -2.91339247035676, 54.871883782521131 ], [ -2.913283713229919, 54.871848653910419 ], [ -2.913176580203986, 54.871885406639706 ], [ -2.913178204124026, 54.871957288077361 ] ] ] } },
{ "type": "Feature", "properties": { "visible_points": 0, "total_points": 80, "visibility_pct": 0.0 }, "geometry": { "type": "Polygon", "coordinates": [ [ [ -2.915015713773094, 54.872051292891271 ], [ -2.915124472932572, 54.872086419939166 ], [ -2.915231604700441, 54.87204966549929 ], [ -2.915229977127984, 54.871977784109191 ], [ -2.915121218170987, 54.871942657154094 ], [ -2.915014086583966, 54.871979411496298 ], [ -2.915015713773094, 54.872051292891271 ] ] ] } },
{ "type": "Feature", "properties": { "visible_points": 0, "total_points": 90, "visibility_pct": 0.0 }, "geometry": { "type": "Polygon", "coordinates": [ [ [ -2.914799822824109, 54.872052919899581 ], [ -2.91490858180274, 54.872088047141752 ], [ -2.915015713773093, 54.872051292891271 ], [ -2.915014086583964, 54.871979411496298 ], [ -2.914905327807812, 54.871944284346938 ], [ -2.914798196018309, 54.871981038499726 ], [ -2.914799822824109, 54.872052919899581 ] ] ] } },
{ "type": "Feature", "properties": { "visible_points": 0, "total_points": 99, "visibility_pct": 0.0 }, "geometry": { "type": "Polygon", "coordinates": [ [ [ -2.914583931853494, 54.872054546524197 ], [ -2.914692690651275, 54.872089673960645 ], [ -2.914799822824108, 54.872052919899581 ], [ -2.914798196018308, 54.871981038499726 ], [ -2.914689437423004, 54.871945911156097 ], [ -2.914582305431022, 54.871982665119496 ], [ -2.914583931853494, 54.872054546524197 ] ] ] } },
{ "type": "Feature", "properties": { "visible_points": 0, "total_points": 104, "visibility_pct": 0.0 }, "geometry": { "type": "Polygon", "coordinates": [ [ [ -2.914368040861251, 54.872056172765141 ], [ -2.91447679947818, 54.872091300395859 ], [ -2.914583931853493, 54.872054546524197 ], [ -2.914582305431021, 54.871982665119496 ], [ -2.914473547016566, 54.871947537581583 ], [ -2.914366414822108, 54.871984291355574 ], [ -2.914368040861251, 54.872056172765141 ] ] ] } },
{ "type": "Feature", "properties": { "visible_points": 0, "total_points": 106, "visibility_pct": 0.0 }, "geometry": { "type": "Polygon", "coordinates": [ [ [ -2.914152149847387, 54.872057798622428 ], [ -2.914260908283462, 54.872092926447408 ], [ -2.91436804086125, 54.872056172765141 ], [ -2.914366414822107, 54.871984291355574 ], [ -2.914257656588505, 54.871949163623398 ], [ -2.914150524191574, 54.871985917207986 ], [ -2.914152149847387, 54.872057798622428 ] ] ] } },
{ "type": "Feature", "properties": { "visible_points": 0, "total_points": 105, "visibility_pct": 0.0 }, "geometry": { "type": "Polygon", "coordinates": [ [ [ -2.913936258811908, 54.872059424096022 ], [ -2.914045017067124, 54.872094552115271 ], [ -2.914152149847387, 54.872057798622428 ], [ -2.914150524191573, 54.871985917207986 ], [ -2.914041766138826, 54.871950789281541 ], [ -2.913934633539423, 54.87198754267672 ], [ -2.913936258811908, 54.872059424096022 ] ] ] } },
{ "type": "Feature", "properties": { "visible_points": 5, "total_points": 97, "visibility_pct": 5.1546391752577314 }, "geometry": { "type": "Polygon", "coordinates": [ [ [ -2.913720367754818, 54.872061049185938 ], [ -2.913829125829174, 54.872096177399463 ], [ -2.913936258811908, 54.872059424096022 ], [ -2.913934633539422, 54.87198754267672 ], [ -2.913825875667533, 54.871952414556006 ], [ -2.913718742865662, 54.871989167761775 ], [ -2.913720367754818, 54.872061049185938 ] ] ] } },
{ "type": "Feature", "properties": { "visible_points": 5, "total_points": 88, "visibility_pct": 5.6818181818181817 }, "geometry": { "type": "Polygon", "coordinates": [ [ [ -2.913504476676122, 54.872062673892195 ], [ -2.913613234569615, 54.872097802299969 ], [ -2.913720367754817, 54.872061049185938 ], [ -2.913718742865661, 54.871989167761775 ], [ -2.913609985174632, 54.871954039446805 ], [ -2.913502852170295, 54.871990792463166 ], [ -2.913504476676122, 54.872062673892195 ] ] ] } },
{ "type": "Feature", "properties": { "visible_points": 0, "total_points": 81, "visibility_pct": 0.0 }, "geometry": { "type": "Polygon", "coordinates": [ [ [ -2.91512610032418, 54.872158301330359 ], [ -2.915234859866988, 54.872193428276809 ], [ -2.915341991815703, 54.872156673739241 ], [ -2.915340364040764, 54.872084792352915 ], [ -2.915231604700441, 54.87204966549929 ], [ -2.915124472932572, 54.872086419939166 ], [ -2.91512610032418, 54.872158301330359 ] ] ] } },
{ "type": "Feature", "properties": { "visible_points": 2, "total_points": 91, "visibility_pct": 2.197802197802198 }, "geometry": { "type": "Polygon", "coordinates": [ [ [ -2.914910208811018, 54.872159928537812 ], [ -2.915018968172978, 54.872195055678525 ], [ -2.915126100324179, 54.872158301330359 ], [ -2.915124472932571, 54.872086419939166 ], [ -2.915015713773093, 54.872051292891271 ], [ -2.91490858180274, 54.872088047141752 ], [ -2.914910208811018, 54.872159928537812 ] ] ] } },
{ "type": "Feature", "properties": { "visible_points": 10, "total_points": 100, "visibility_pct": 10.0 }, "geometry": { "type": "Polygon", "coordinates": [ [ [ -2.914694317276221, 54.872161555361572 ], [ -2.914803076457331, 54.872196682696561 ], [ -2.914910208811017, 54.872159928537812 ], [ -2.91490858180274, 54.872088047141752 ], [ -2.914799822824108, 54.872052919899581 ], [ -2.914692690651275, 54.872089673960645 ], [ -2.914694317276221, 54.872161555361572 ] ] ] } },
{ "type": "Feature", "properties": { "visible_points": 0, "total_points": 103, "visibility_pct": 0.0 }, "geometry": { "type": "Polygon", "coordinates": [ [ [ -2.914478425719795, 54.872163181801653 ], [ -2.914587184720054, 54.872198309330926 ], [ -2.91469431727622, 54.872161555361572 ], [ -2.914692690651274, 54.872089673960645 ], [ -2.914583931853493, 54.872054546524197 ], [ -2.91447679947818, 54.872091300395859 ], [ -2.914478425719795, 54.872163181801653 ] ] ] } },
{ "type": "Feature", "properties": { "visible_points": 0, "total_points": 104, "visibility_pct": 0.0 }, "geometry": { "type": "Polygon", "coordinates": [ [ [ -2.914262534141745, 54.87216480785807 ], [ -2.914371292961149, 54.872199935581598 ], [ -2.914478425719794, 54.872163181801653 ], [ -2.914476799478179, 54.872091300395859 ], [ -2.91436804086125, 54.872056172765141 ], [ -2.914260908283462, 54.872092926447408 ], [ -2.914262534141745, 54.87216480785807 ] ] ] } },
{ "type": "Feature", "properties": { "visible_points": 0, "total_points": 102, "visibility_pct": 0.0 }, "geometry": { "type": "Polygon", "coordinates": [ [ [ -2.914046642542076, 54.872166433530801 ], [ -2.914155401180623, 54.872201561448605 ], [ -2.914262534141745, 54.87216480785807 ], [ -2.914260908283461, 54.872092926447408 ], [ -2.914152149847387, 54.872057798622428 ], [ -2.914045017067124, 54.872094552115271 ], [ -2.914046642542076, 54.872166433530801 ] ] ] } },
{ "type": "Feature", "properties": { "visible_points": 3, "total_points": 94, "visibility_pct": 3.1914893617021276 }, "geometry": { "type": "Polygon", "coordinates": [ [ [ -2.913830750920794, 54.872168058819859 ], [ -2.91393950937848, 54.872203186931927 ], [ -2.914046642542075, 54.872166433530801 ], [ -2.914045017067123, 54.872094552115271 ], [ -2.913936258811908, 54.872059424096022 ], [ -2.913829125829174, 54.872096177399463 ], [ -2.913830750920794, 54.872168058819859 ] ] ] } },
{ "type": "Feature", "properties": { "visible_points": 0, "total_points": 85, "visibility_pct": 0.0 }, "geometry": { "type": "Polygon", "coordinates": [ [ [ -2.913614859277903, 54.872169683725232 ], [ -2.913723617554727, 54.872204812031576 ], [ -2.913830750920794, 54.872168058819859 ], [ -2.913829125829173, 54.872096177399463 ], [ -2.913720367754817, 54.872061049185938 ], [ -2.913613234569615, 54.872097802299969 ], [ -2.913614859277903, 54.872169683725232 ] ] ] } },
{ "type": "Feature", "properties": { "visible_points": 0, "total_points": 82, "visibility_pct": 0.0 }, "geometry": { "type": "Polygon", "coordinates": [ [ [ -2.915236487461079, 54.872265309664236 ], [ -2.915345247387218, 54.872300436509214 ], [ -2.915452379516779, 54.872263681873974 ], [ -2.915450751539356, 54.872191800491414 ], [ -2.915341991815704, 54.872156673739241 ], [ -2.915234859866988, 54.872193428276809 ], [ -2.915236487461079, 54.872265309664236 ] ] ] } },
{ "type": "Feature", "properties": { "visible_points": 10, "total_points": 92, "visibility_pct": 10.869565217391305 }, "geometry": { "type": "Polygon", "coordinates": [ [ [ -2.915020595383735, 54.872266937070819 ], [ -2.915129355129027, 54.872302064110066 ], [ -2.915236487461078, 54.872265309664236 ], [ -2.915234859866988, 54.872193428276809 ], [ -2.91512610032418, 54.872158301330359 ], [ -2.915018968172979, 54.872195055678525 ], [ -2.915020595383735, 54.872266937070819 ] ] ] } },
{ "type": "Feature", "properties": { "visible_points": 13, "total_points": 100, "visibility_pct": 13.0 }, "geometry": { "type": "Polygon", "coordinates": [ [ [ -2.914804703284755, 54.872268564093716 ], [ -2.914913462849198, 54.872303691327254 ], [ -2.915020595383735, 54.872266937070819 ], [ -2.915018968172978, 54.872195055678525 ], [ -2.914910208811018, 54.872159928537812 ], [ -2.914803076457332, 54.872196682696561 ], [ -2.914804703284755, 54.872268564093716 ] ] ] } },
{ "type": "Feature", "properties": { "visible_points": 12, "total_points": 102, "visibility_pct": 11.76470588235294 }, "geometry": { "type": "Polygon", "coordinates": [ [ [ -2.914588811164144, 54.872270190732948 ], [ -2.914697570547734, 54.872305318160748 ], [ -2.914804703284755, 54.872268564093716 ], [ -2.914803076457331, 54.872196682696561 ], [ -2.914694317276221, 54.872161555361572 ], [ -2.914587184720054, 54.872198309330926 ], [ -2.914588811164144, 54.872270190732948 ] ] ] } },
{ "type": "Feature", "properties": { "visible_points": 8, "total_points": 102, "visibility_pct": 7.8431372549019605 }, "geometry": { "type": "Polygon", "coordinates": [ [ [ -2.914372919021905, 54.872271816988487 ], [ -2.91448167822464, 54.872306944610564 ], [ -2.914588811164143, 54.872270190732948 ], [ -2.914587184720054, 54.872198309330926 ], [ -2.914478425719795, 54.872163181801653 ], [ -2.91437129296115, 54.872199935581598 ], [ -2.914372919021905, 54.872271816988487 ] ] ] } },
{ "type": "Feature", "properties": { "visible_points": 4, "total_points": 99, "visibility_pct": 4.0404040404040407 }, "geometry": { "type": "Polygon", "coordinates": [ [ [ -2.914157026858045, 54.872273442860369 ], [ -2.914265785879923, 54.872308570676715 ], [ -2.914372919021904, 54.872271816988487 ], [ -2.914371292961149, 54.872199935581598 ], [ -2.914262534141745, 54.87216480785807 ], [ -2.914155401180623, 54.872201561448605 ], [ -2.914157026858045, 54.872273442860369 ] ] ] } },
{ "type": "Feature", "properties": { "visible_points": 1, "total_points": 91, "visibility_pct": 1.098901098901099 }, "geometry": { "type": "Polygon", "coordinates": [ [ [ -2.913941134672569, 54.872275068348543 ], [ -2.914049893513587, 54.872310196359166 ], [ -2.914157026858045, 54.872273442860369 ], [ -2.914155401180623, 54.872201561448605 ], [ -2.914046642542076, 54.872166433530801 ], [ -2.913939509378481, 54.872203186931927 ], [ -2.913941134672569, 54.872275068348543 ] ] ] } },
{ "type": "Feature", "properties": { "visible_points": 0, "total_points": 82, "visibility_pct": 0.0 }, "geometry": { "type": "Polygon", "coordinates": [ [ [ -2.913725242465481, 54.87227669345306 ], [ -2.913834001125636, 54.872311821657938 ], [ -2.913941134672568, 54.872275068348543 ], [ -2.91393950937848, 54.872203186931927 ], [ -2.913830750920794, 54.872168058819859 ], [ -2.913723617554727, 54.872204812031576 ], [ -2.913725242465481, 54.87227669345306 ] ] ] } },
{ "type": "Feature", "properties": { "visible_points": 0, "total_points": 84, "visibility_pct": 0.0 }, "geometry": { "type": "Polygon", "coordinates": [ [ [ -2.915346875183792, 54.872372317892868 ], [ -2.915455635493265, 54.87240744463638 ], [ -2.915562767803673, 54.872370689903448 ], [ -2.915561139623762, 54.872298808524668 ], [ -2.915452379516779, 54.872263681873974 ], [ -2.915345247387218, 54.872300436509214 ], [ -2.915346875183792, 54.872372317892868 ] ] ] } },
{ "type": "Feature", "properties": { "visible_points": 8, "total_points": 93, "visibility_pct": 8.6021505376344098 }, "geometry": { "type": "Polygon", "coordinates": [ [ [ -2.915130982542266, 54.872373945498587 ], [ -2.915239742670892, 54.87240907243639 ], [ -2.915346875183792, 54.872372317892868 ], [ -2.915345247387216, 54.872300436509214 ], [ -2.915236487461078, 54.872265309664236 ], [ -2.915129355129027, 54.872302064110066 ], [ -2.915130982542266, 54.872373945498587 ] ] ] } },
{ "type": "Feature", "properties": { "visible_points": 15, "total_points": 100, "visibility_pct": 15.0 }, "geometry": { "type": "Polygon", "coordinates": [ [ [ -2.914915089879101, 54.872375572720635 ], [ -2.915023849826877, 54.872410699852715 ], [ -2.915130982542265, 54.872373945498587 ], [ -2.915129355129026, 54.872302064110066 ], [ -2.915020595383735, 54.872266937070819 ], [ -2.914913462849198, 54.872303691327254 ], [ -2.914915089879101, 54.872375572720635 ] ] ] } },
{ "type": "Feature", "properties": { "visible_points": 15, "total_points": 102, "visibility_pct": 14.705882352941178 }, "geometry": { "type": "Polygon", "coordinates": [ [ [ -2.9146991971943, 54.872377199559004 ], [ -2.914807956961225, 54.87241232688536 ], [ -2.9149150898791, 54.872375572720635 ], [ -2.914913462849197, 54.872303691327254 ], [ -2.914804703284755, 54.872268564093716 ], [ -2.914697570547734, 54.872305318160748 ], [ -2.9146991971943, 54.872377199559004 ] ] ] } },
{ "type": "Feature", "properties": { "visible_points": 9, "total_points": 101, "visibility_pct": 8.9108910891089099 }, "geometry": { "type": "Polygon", "coordinates": [ [ [ -2.914483304487871, 54.87237882601368 ], [ -2.91459206407394, 54.87241395353432 ], [ -2.914699197194299, 54.872377199559004 ], [ -2.914697570547733, 54.872305318160748 ], [ -2.914588811164143, 54.872270190732948 ], [ -2.91448167822464, 54.872306944610564 ], [ -2.914483304487871, 54.87237882601368 ] ] ] } },
{ "type": "Feature", "properties": { "visible_points": 11, "total_points": 97, "visibility_pct": 11.340206185567011 }, "geometry": { "type": "Polygon", "coordinates": [ [ [ -2.914267411759817, 54.872380452084691 ], [ -2.914376171165029, 54.872415579799586 ], [ -2.91448330448787, 54.87237882601368 ], [ -2.914481678224639, 54.872306944610564 ], [ -2.914372919021904, 54.872271816988487 ], [ -2.914265785879923, 54.872308570676715 ], [ -2.914267411759817, 54.872380452084691 ] ] ] } },
{ "type": "Feature", "properties": { "visible_points": 8, "total_points": 88, "visibility_pct": 9.0909090909090917 }, "geometry": { "type": "Polygon", "coordinates": [ [ [ -2.914051519010144, 54.872382077772023 ], [ -2.914160278234496, 54.872417205681181 ], [ -2.914267411759816, 54.872380452084691 ], [ -2.914265785879922, 54.872308570676715 ], [ -2.914157026858045, 54.872273442860369 ], [ -2.914049893513587, 54.872310196359166 ], [ -2.914051519010144, 54.872382077772023 ] ] ] } },
{ "type": "Feature", "properties": { "visible_points": 0, "total_points": 87, "visibility_pct": 0.0 }, "geometry": { "type": "Polygon", "coordinates": [ [ [ -2.915457263492327, 54.872479326016254 ], [ -2.915566024185136, 54.872514452658322 ], [ -2.91567315667639, 54.872477697827698 ], [ -2.91567152829399, 54.872405816452705 ], [ -2.915562767803674, 54.872370689903448 ], [ -2.915455635493266, 54.87240744463638 ], [ -2.915457263492327, 54.872479326016254 ] ] ] } },
{ "type": "Feature", "properties": { "visible_points": 10, "total_points": 95, "visibility_pct": 10.526315789473683 }, "geometry": { "type": "Polygon", "coordinates": [ [ [ -2.915241370286616, 54.872480953821118 ], [ -2.915350130798578, 54.872516080657469 ], [ -2.915457263492327, 54.872479326016254 ], [ -2.915455635493265, 54.87240744463638 ], [ -2.915346875183792, 54.872372317892868 ], [ -2.915239742670892, 54.87240907243639 ], [ -2.915241370286616, 54.872480953821118 ] ] ] } },
{ "type": "Feature", "properties": { "visible_points": 13, "total_points": 100, "visibility_pct": 13.0 }, "geometry": { "type": "Polygon", "coordinates": [ [ [ -2.915025477059263, 54.872482581242309 ], [ -2.915134237390375, 54.87251770827293 ], [ -2.915241370286616, 54.872480953821118 ], [ -2.915239742670892, 54.87240907243639 ], [ -2.915130982542266, 54.872373945498587 ], [ -2.915023849826877, 54.872410699852715 ], [ -2.915025477059263, 54.872482581242309 ] ] ] } },
{ "type": "Feature", "properties": { "visible_points": 12, "total_points": 102, "visibility_pct": 11.76470588235294 }, "geometry": { "type": "Polygon", "coordinates": [ [ [ -2.914809583810273, 54.872484208279822 ], [ -2.914918343960533, 54.872519335504713 ], [ -2.915025477059261, 54.872482581242309 ], [ -2.915023849826877, 54.872410699852715 ], [ -2.914915089879101, 54.872375572720635 ], [ -2.914807956961225, 54.87241232688536 ], [ -2.914809583810273, 54.872484208279822 ] ] ] } },
{ "type": "Feature", "properties": { "visible_points": 12, "total_points": 100, "visibility_pct": 12.0 }, "geometry": { "type": "Polygon", "coordinates": [ [ [ -2.914593690539649, 54.872485834933642 ], [ -2.914702450509055, 54.872520962352816 ], [ -2.914809583810272, 54.872484208279822 ], [ -2.914807956961225, 54.87241232688536 ], [ -2.9146991971943, 54.872377199559004 ], [ -2.914592064073941, 54.87241395353432 ], [ -2.914593690539649, 54.872485834933642 ] ] ] } },
{ "type": "Feature", "properties": { "visible_points": 10, "total_points": 95, "visibility_pct": 10.526315789473683 }, "geometry": { "type": "Polygon", "coordinates": [ [ [ -2.914377797247399, 54.872487461203789 ], [ -2.914486557035948, 54.872522588817226 ], [ -2.914593690539648, 54.872485834933642 ], [ -2.91459206407394, 54.87241395353432 ], [ -2.914483304487871, 54.87237882601368 ], [ -2.91437617116503, 54.872415579799586 ], [ -2.914377797247399, 54.872487461203789 ] ] ] } },
{ "type": "Feature", "properties": { "visible_points": 2, "total_points": 86, "visibility_pct": 2.3255813953488373 }, "geometry": { "type": "Polygon", "coordinates": [ [ [ -2.914161903933528, 54.872489087090251 ], [ -2.914270663541216, 54.872524214897958 ], [ -2.914377797247398, 54.872487461203789 ], [ -2.914376171165029, 54.872415579799586 ], [ -2.914267411759817, 54.872380452084691 ], [ -2.914160278234497, 54.872417205681181 ], [ -2.914161903933528, 54.872489087090251 ] ] ] } },
{ "type": "Feature", "properties": { "visible_points": 0, "total_points": 91, "visibility_pct": 0.0 }, "geometry": { "type": "Polygon", "coordinates": [ [ [ -2.915567652386688, 54.872586334034409 ], [ -2.915676413462836, 54.872621460575004 ], [ -2.915783546134936, 54.872584705646702 ], [ -2.915781917550043, 54.872512824275489 ], [ -2.91567315667639, 54.872477697827698 ], [ -2.915566024185136, 54.872514452658322 ], [ -2.915567652386688, 54.872586334034409 ] ] ] } },
{ "type": "Feature", "properties": { "visible_points": 11, "total_points": 98, "visibility_pct": 11.224489795918368 }, "geometry": { "type": "Polygon", "coordinates": [ [ [ -2.91535175861679, 54.872587962038423 ], [ -2.91546051951209, 54.87262308877331 ], [ -2.915567652386688, 54.872586334034409 ], [ -2.915566024185135, 54.872514452658322 ], [ -2.915457263492327, 54.872479326016254 ], [ -2.915350130798578, 54.872516080657469 ], [ -2.91535175861679, 54.872587962038423 ] ] ] } },
{ "type": "Feature", "properties": { "visible_points": 16, "total_points": 101, "visibility_pct": 15.841584158415841 }, "geometry": { "type": "Polygon", "coordinates": [ [ [ -2.915135864825245, 54.872589589658752 ], [ -2.915244625539697, 54.872624716587914 ], [ -2.915351758616789, 54.872587962038423 ], [ -2.915350130798577, 54.872516080657469 ], [ -2.915241370286616, 54.872480953821118 ], [ -2.915134237390375, 54.87251770827293 ], [ -2.915135864825245, 54.872589589658752 ] ] ] } },
{ "type": "Feature", "properties": { "visible_points": 13, "total_points": 102, "visibility_pct": 12.745098039215685 }, "geometry": { "type": "Polygon", "coordinates": [ [ [ -2.914919971012062, 54.872591216895408 ], [ -2.915028731545661, 54.87262634401884 ], [ -2.915135864825245, 54.872589589658752 ], [ -2.915134237390375, 54.87251770827293 ], [ -2.915025477059261, 54.872482581242309 ], [ -2.914918343960533, 54.872519335504713 ], [ -2.914919971012062, 54.872591216895408 ] ] ] } },
{ "type": "Feature", "properties": { "visible_points": 11, "total_points": 100, "visibility_pct": 11.0 }, "geometry": { "type": "Polygon", "coordinates": [ [ [ -2.914704077177243, 54.872592843748365 ], [ -2.914812837529988, 54.87262797106608 ], [ -2.914919971012061, 54.872591216895408 ], [ -2.914918343960532, 54.872519335504713 ], [ -2.914809583810272, 54.872484208279822 ], [ -2.914702450509055, 54.872520962352816 ], [ -2.914704077177243, 54.872592843748365 ] ] ] } },
{ "type": "Feature", "properties": { "visible_points": 13, "total_points": 93, "visibility_pct": 13.978494623655912 }, "geometry": { "type": "Polygon", "coordinates": [ [ [ -2.914488183320795, 54.872594470217649 ], [ -2.914596943492683, 54.872629597729649 ], [ -2.914704077177242, 54.872592843748365 ], [ -2.914702450509054, 54.872520962352816 ], [ -2.914593690539648, 54.872485834933642 ], [ -2.914486557035948, 54.872522588817226 ], [ -2.914488183320795, 54.872594470217649 ] ] ] } },
{ "type": "Feature", "properties": { "visible_points": 0, "total_points": 84, "visibility_pct": 0.0 }, "geometry": { "type": "Polygon", "coordinates": [ [ [ -2.914272289442721, 54.872596096303262 ], [ -2.91438104943375, 54.872631224009517 ], [ -2.914488183320794, 54.872594470217649 ], [ -2.914486557035947, 54.872522588817226 ], [ -2.914377797247398, 54.872487461203789 ], [ -2.914270663541216, 54.872524214897958 ], [ -2.914272289442721, 54.872596096303262 ] ] ] } },
{ "type": "Feature", "properties": { "visible_points": 7, "total_points": 95, "visibility_pct": 7.3684210526315779 }, "geometry": { "type": "Polygon", "coordinates": [ [ [ -2.915678041866882, 54.872693341947326 ], [ -2.915786803326371, 54.87272846838647 ], [ -2.915893936179316, 54.872691713360481 ], [ -2.915892307391928, 54.872619831993035 ], [ -2.915783546134937, 54.872584705646702 ], [ -2.915676413462836, 54.872621460575004 ], [ -2.915678041866882, 54.872693341947326 ] ] ] } },
{ "type": "Feature", "properties": { "visible_points": 15, "total_points": 101, "visibility_pct": 14.85148514851485 }, "geometry": { "type": "Polygon", "coordinates": [ [ [ -2.915462147532793, 54.872694970150491 ], [ -2.915570908811435, 54.872730096783911 ], [ -2.915678041866881, 54.872693341947326 ], [ -2.915676413462836, 54.872621460575004 ], [ -2.915567652386688, 54.872586334034409 ], [ -2.915460519512091, 54.87262308877331 ], [ -2.915462147532793, 54.872694970150491 ] ] ] } },
{ "type": "Feature", "properties": { "visible_points": 18, "total_points": 101, "visibility_pct": 17.82178217821782 }, "geometry": { "type": "Polygon", "coordinates": [ [ [ -2.915246253177056, 54.872696597969977 ], [ -2.91535501427485, 54.872731724797667 ], [ -2.915462147532792, 54.872694970150491 ], [ -2.91546051951209, 54.87262308877331 ], [ -2.91535175861679, 54.872587962038423 ], [ -2.915244625539698, 54.872624716587914 ], [ -2.915246253177056, 54.872696597969977 ] ] ] } },
{ "type": "Feature", "properties": { "visible_points": 15, "total_points": 101, "visibility_pct": 14.85148514851485 }, "geometry": { "type": "Polygon", "coordinates": [ [ [ -2.915030358799677, 54.87269822540577 ], [ -2.915139119716618, 54.872733352427744 ], [ -2.915246253177055, 54.872696597969977 ], [ -2.915244625539697, 54.872624716587914 ], [ -2.915135864825245, 54.872589589658752 ], [ -2.915028731545663, 54.87262634401884 ], [ -2.915030358799677, 54.87269822540577 ] ] ] } },
{ "type": "Feature", "properties": { "visible_points": 7, "total_points": 99, "visibility_pct": 7.0707070707070701 }, "geometry": { "type": "Polygon", "coordinates": [ [ [ -2.91481446440066, 54.872699852457878 ], [ -2.914923225136747, 54.872734979674121 ], [ -2.915030358799676, 54.87269822540577 ], [ -2.915028731545661, 54.87262634401884 ], [ -2.914919971012062, 54.872591216895408 ], [ -2.914812837529989, 54.87262797106608 ], [ -2.91481446440066, 54.872699852457878 ] ] ] } },
{ "type": "Feature", "properties": { "visible_points": 11, "total_points": 91, "visibility_pct": 12.087912087912088 }, "geometry": { "type": "Polygon", "coordinates": [ [ [ -2.914598569980011, 54.872701479126299 ], [ -2.914707330535241, 54.872736606536826 ], [ -2.91481446440066, 54.872699852457878 ], [ -2.914812837529988, 54.87262797106608 ], [ -2.914704077177243, 54.872592843748365 ], [ -2.914596943492684, 54.872629597729649 ], [ -2.914598569980011, 54.872701479126299 ] ] ] } },
{ "type": "Feature", "properties": { "visible_points": 0, "total_points": 81, "visibility_pct": 0.0 }, "geometry": { "type": "Polygon", "coordinates": [ [ [ -2.914382675537734, 54.872703105411041 ], [ -2.914491435912105, 54.872738233015845 ], [ -2.91459856998001, 54.872701479126299 ], [ -2.914596943492683, 54.872629597729649 ], [ -2.914488183320795, 54.872594470217649 ], [ -2.914381049433751, 54.872631224009517 ], [ -2.914382675537734, 54.872703105411041 ] ] ] } },
{ "type": "Feature", "properties": { "visible_points": 0, "total_points": 90, "visibility_pct": 0.0 }, "geometry": { "type": "Polygon", "coordinates": [ [ [ -2.916004326809535, 54.872798720969001 ], [ -2.916113088833212, 54.872833847112396 ], [ -2.916220221664499, 54.87279709179932 ], [ -2.916218592291267, 54.872725210440521 ], [ -2.916109830470094, 54.872690084389944 ], [ -2.916002697819649, 54.872726839605335 ], [ -2.916004326809535, 54.872798720969001 ] ] ] } },
{ "type": "Feature", "properties": { "visible_points": 8, "total_points": 99, "visibility_pct": 8.0808080808080813 }, "geometry": { "type": "Polygon", "coordinates": [ [ [ -2.91578843193291, 54.872800349755003 ], [ -2.915897193775742, 54.872835476092682 ], [ -2.916004326809534, 54.872798720969001 ], [ -2.916002697819648, 54.872726839605335 ], [ -2.915893936179316, 54.872691713360481 ], [ -2.915786803326371, 54.87272846838647 ], [ -2.91578843193291, 54.872800349755003 ] ] ] } },
{ "type": "Feature", "properties": { "visible_points": 12, "total_points": 104, "visibility_pct": 11.538461538461538 }, "geometry": { "type": "Polygon", "coordinates": [ [ [ -2.915572537034629, 54.87280197815732 ], [ -2.915681298696615, 54.872837104689282 ], [ -2.915788431932909, 54.872800349755003 ], [ -2.91578680332637, 54.87272846838647 ], [ -2.915678041866881, 54.872693341947326 ], [ -2.915570908811435, 54.872730096783911 ], [ -2.915572537034629, 54.87280197815732 ] ] ] } },
{ "type": "Feature", "properties": { "visible_points": 21, "total_points": 103, "visibility_pct": 20.388349514563107 }, "geometry": { "type": "Polygon", "coordinates": [ [ [ -2.915356642114698, 54.872803606175957 ], [ -2.915465403595835, 54.872838732902181 ], [ -2.915572537034628, 54.87280197815732 ], [ -2.915570908811434, 54.872730096783911 ], [ -2.915462147532792, 54.872694970150491 ], [ -2.91535501427485, 54.872731724797667 ], [ -2.915356642114698, 54.872803606175957 ] ] ] } },
{ "type": "Feature", "properties": { "visible_points": 11, "total_points": 101, "visibility_pct": 10.891089108910892 }, "geometry": { "type": "Polygon", "coordinates": [ [ [ -2.915140747173121, 54.872805233810894 ], [ -2.915249508473406, 54.872840360731402 ], [ -2.915356642114697, 54.872803606175957 ], [ -2.915355014274848, 54.872731724797667 ], [ -2.915246253177055, 54.872696597969977 ], [ -2.915139119716618, 54.872733352427744 ], [ -2.915140747173121, 54.872805233810894 ] ] ] } },
{ "type": "Feature", "properties": { "visible_points": 8, "total_points": 98, "visibility_pct": 8.1632653061224492 }, "geometry": { "type": "Polygon", "coordinates": [ [ [ -2.914924852209903, 54.872806861062145 ], [ -2.915033613329334, 54.872841988176923 ], [ -2.91514074717312, 54.872805233810894 ], [ -2.915139119716617, 54.872733352427744 ], [ -2.915030358799676, 54.87269822540577 ], [ -2.914923225136747, 54.872734979674121 ], [ -2.914924852209903, 54.872806861062145 ] ] ] } },
{ "type": "Feature", "properties": { "visible_points": 8, "total_points": 89, "visibility_pct": 8.9887640449438209 }, "geometry": { "type": "Polygon", "coordinates": [ [ [ -2.914708957225051, 54.87280848792971 ], [ -2.914817718163625, 54.872843615238786 ], [ -2.914924852209902, 54.872806861062145 ], [ -2.914923225136747, 54.872734979674121 ], [ -2.91481446440066, 54.872699852457878 ], [ -2.914707330535241, 54.872736606536826 ], [ -2.914708957225051, 54.87280848792971 ] ] ] } },
{ "type": "Feature", "properties": { "visible_points": 0, "total_points": 64, "visibility_pct": 0.0 }, "geometry": { "type": "Polygon", "coordinates": [ [ [ -2.916546508842237, 54.872902469350919 ], [ -2.916655271610938, 54.872937595004281 ], [ -2.916762404218047, 54.872900839214701 ], [ -2.916760773875616, 54.87282895786943 ], [ -2.916652011309426, 54.872793832308886 ], [ -2.916544878883154, 54.872830588000781 ], [ -2.916546508842237, 54.872902469350919 ] ] ] } },
{ "type": "Feature", "properties": { "visible_points": 0, "total_points": 76, "visibility_pct": 0.0 }, "geometry": { "type": "Polygon", "coordinates": [ [ [ -2.916330613444752, 54.872904099103458 ], [ -2.916439376032614, 54.872939224951097 ], [ -2.916546508842236, 54.872902469350919 ], [ -2.916544878883153, 54.872830588000781 ], [ -2.916436116497798, 54.872795462245954 ], [ -2.916328983869017, 54.872832217748424 ], [ -2.916330613444752, 54.872904099103458 ] ] ] } },
{ "type": "Feature", "properties": { "visible_points": 0, "total_points": 89, "visibility_pct": 0.0 }, "geometry": { "type": "Polygon", "coordinates": [ [ [ -2.916114718025598, 54.87290572847229 ], [ -2.91622348043262, 54.872940854514219 ], [ -2.91633061344475, 54.872904099103458 ], [ -2.916328983869017, 54.872832217748424 ], [ -2.9162202216645, 54.87279709179932 ], [ -2.916113088833213, 54.872833847112396 ], [ -2.916114718025598, 54.87290572847229 ] ] ] } },
{ "type": "Feature", "properties": { "visible_points": 9, "total_points": 101, "visibility_pct": 8.9108910891089099 }, "geometry": { "type": "Polygon", "coordinates": [ [ [ -2.915898822584781, 54.872907357457443 ], [ -2.91600758481096, 54.872942483693656 ], [ -2.916114718025598, 54.87290572847229 ], [ -2.916113088833212, 54.872833847112396 ], [ -2.916004326809535, 54.872798720969001 ], [ -2.915897193775743, 54.872835476092682 ], [ -2.915898822584781, 54.872907357457443 ] ] ] } },
{ "type": "Feature", "properties": { "visible_points": 14, "total_points": 107, "visibility_pct": 13.084112149532709 }, "geometry": { "type": "Polygon", "coordinates": [ [ [ -2.915682927122306, 54.872908986058903 ], [ -2.915791689167638, 54.872944112489392 ], [ -2.91589882258478, 54.872907357457443 ], [ -2.915897193775742, 54.872835476092682 ], [ -2.91578843193291, 54.872800349755003 ], [ -2.915681298696616, 54.872837104689282 ], [ -2.915682927122306, 54.872908986058903 ] ] ] } },
{ "type": "Feature", "properties": { "visible_points": 18, "total_points": 105, "visibility_pct": 17.142857142857142 }, "geometry": { "type": "Polygon", "coordinates": [ [ [ -2.915467031638177, 54.872910614276684 ], [ -2.91557579350266, 54.872945740901457 ], [ -2.915682927122305, 54.872908986058903 ], [ -2.915681298696615, 54.872837104689282 ], [ -2.915572537034629, 54.87280197815732 ], [ -2.915465403595836, 54.872838732902181 ], [ -2.915467031638177, 54.872910614276684 ] ] ] } },
{ "type": "Feature", "properties": { "visible_points": 10, "total_points": 101, "visibility_pct": 9.9009900990099009 }, "geometry": { "type": "Polygon", "coordinates": [ [ [ -2.9152511361324, 54.872912242110779 ], [ -2.915359897816032, 54.872947368929822 ], [ -2.915467031638176, 54.872910614276684 ], [ -2.915465403595835, 54.872838732902181 ], [ -2.915356642114698, 54.872803606175957 ], [ -2.915249508473407, 54.872840360731402 ], [ -2.9152511361324, 54.872912242110779 ] ] ] } },
{ "type": "Feature", "properties": { "visible_points": 5, "total_points": 96, "visibility_pct": 5.2083333333333339 }, "geometry": { "type": "Polygon", "coordinates": [ [ [ -2.91503524060498, 54.872913869561167 ], [ -2.915144002107757, 54.872948996574493 ], [ -2.915251136132399, 54.872912242110779 ], [ -2.915249508473406, 54.872840360731402 ], [ -2.915140747173121, 54.872805233810894 ], [ -2.915033613329335, 54.872841988176923 ], [ -2.91503524060498, 54.872913869561167 ] ] ] } },
{ "type": "Feature", "properties": { "visible_points": 5, "total_points": 87, "visibility_pct": 5.7471264367816088 }, "geometry": { "type": "Polygon", "coordinates": [ [ [ -2.914819345055922, 54.872915496627883 ], [ -2.914928106377842, 54.872950623835486 ], [ -2.915035240604978, 54.872913869561167 ], [ -2.915033613329334, 54.872841988176923 ], [ -2.914924852209903, 54.872806861062145 ], [ -2.914817718163626, 54.872843615238786 ], [ -2.914819345055922, 54.872915496627883 ] ] ] } },
{ "type": "Feature", "properties": { "visible_points": 0, "total_points": 49, "visibility_pct": 0.0 }, "geometry": { "type": "Polygon", "coordinates": [ [ [ -2.916872797712525, 54.87300784601527 ], [ -2.91698156104541, 54.873042971372897 ], [ -2.91708869363084, 54.873006215296215 ], [ -2.917087062702549, 54.872934333959613 ], [ -2.916978299572179, 54.872899208694804 ], [ -2.916871167167585, 54.872935964673793 ], [ -2.916872797712525, 54.87300784601527 ] ] ] } },
{ "type": "Feature", "properties": { "visible_points": 0, "total_points": 61, "visibility_pct": 0.0 }, "geometry": { "type": "Polygon", "coordinates": [ [ [ -2.916656901772528, 54.873009476350653 ], [ -2.916765664924577, 54.873044601902549 ], [ -2.916872797712524, 54.87300784601527 ], [ -2.916871167167584, 54.872935964673793 ], [ -2.916762404218047, 54.872900839214701 ], [ -2.916655271610938, 54.872937595004281 ], [ -2.916656901772528, 54.873009476350653 ] ] ] } },
{ "type": "Feature", "properties": { "visible_points": 0, "total_points": 73, "visibility_pct": 0.0 }, "geometry": { "type": "Polygon", "coordinates": [ [ [ -2.916441005810854, 54.873011106302322 ], [ -2.916549768782065, 54.873046232048523 ], [ -2.916656901772527, 54.873009476350653 ], [ -2.916655271610937, 54.872937595004281 ], [ -2.916546508842236, 54.872902469350919 ], [ -2.916439376032614, 54.872939224951097 ], [ -2.916441005810854, 54.873011106302322 ] ] ] } },
{ "type": "Feature", "properties": { "visible_points": 7, "total_points": 86, "visibility_pct": 8.1395348837209305 }, "geometry": { "type": "Polygon", "coordinates": [ [ [ -2.91622510982751, 54.873012735870333 ], [ -2.91633387261788, 54.873047861810782 ], [ -2.916441005810853, 54.873011106302322 ], [ -2.916439376032613, 54.872939224951097 ], [ -2.91633061344475, 54.872904099103458 ], [ -2.91622348043262, 54.872940854514219 ], [ -2.91622510982751, 54.873012735870333 ] ] ] } },
{ "type": "Feature", "properties": { "visible_points": 7, "total_points": 99, "visibility_pct": 7.0707070707070701 }, "geometry": { "type": "Polygon", "coordinates": [ [ [ -2.916009213822498, 54.87301436505463 ], [ -2.916117976432025, 54.87304949118937 ], [ -2.916225109827509, 54.873012735870333 ], [ -2.916223480432619, 54.872940854514219 ], [ -2.916114718025598, 54.87290572847229 ], [ -2.91600758481096, 54.872942483693656 ], [ -2.916009213822498, 54.87301436505463 ] ] ] } },
{ "type": "Feature", "properties": { "visible_points": 11, "total_points": 107, "visibility_pct": 10.2803738317757 }, "geometry": { "type": "Polygon", "coordinates": [ [ [ -2.915793317795826, 54.873015993855255 ], [ -2.915902080224506, 54.873051120184279 ], [ -2.916009213822497, 54.87301436505463 ], [ -2.916007584810959, 54.872942483693656 ], [ -2.91589882258478, 54.872907357457443 ], [ -2.915791689167638, 54.872944112489392 ], [ -2.915793317795826, 54.873015993855255 ] ] ] } },
{ "type": "Feature", "properties": { "visible_points": 10, "total_points": 106, "visibility_pct": 9.433962264150944 }, "geometry": { "type": "Polygon", "coordinates": [ [ [ -2.915577421747497, 54.873017622272179 ], [ -2.91568618399533, 54.87305274879548 ], [ -2.915793317795825, 54.873015993855255 ], [ -2.915791689167637, 54.872944112489392 ], [ -2.915682927122305, 54.872908986058903 ], [ -2.91557579350266, 54.872945740901457 ], [ -2.915577421747497, 54.873017622272179 ] ] ] } },
{ "type": "Feature", "properties": { "visible_points": 7, "total_points": 101, "visibility_pct": 6.9306930693069315 }, "geometry": { "type": "Polygon", "coordinates": [ [ [ -2.915361525677518, 54.873019250305418 ], [ -2.915470287744498, 54.873054377022996 ], [ -2.915577421747496, 54.873017622272179 ], [ -2.915575793502659, 54.872945740901457 ], [ -2.915467031638176, 54.872910614276684 ], [ -2.915359897816032, 54.872947368929822 ], [ -2.915361525677518, 54.873019250305418 ] ] ] } },
{ "type": "Feature", "properties": { "visible_points": 3, "total_points": 94, "visibility_pct": 3.1914893617021276 }, "geometry": { "type": "Polygon", "coordinates": [ [ [ -2.915145629585892, 54.873020877954964 ], [ -2.915254391472019, 54.873056004866818 ], [ -2.915361525677516, 54.873019250305418 ], [ -2.91535989781603, 54.872947368929822 ], [ -2.915251136132399, 54.872912242110779 ], [ -2.915144002107757, 54.872948996574493 ], [ -2.915145629585892, 54.873020877954964 ] ] ] } },
{ "type": "Feature", "properties": { "visible_points": 0, "total_points": 85, "visibility_pct": 0.0 }, "geometry": { "type": "Polygon", "coordinates": [ [ [ -2.914929733472626, 54.873022505220824 ], [ -2.915038495177896, 54.873057632326962 ], [ -2.915145629585891, 54.873020877954964 ], [ -2.915144002107756, 54.872948996574493 ], [ -2.915035240604978, 54.872913869561167 ], [ -2.914928106377842, 54.872950623835486 ], [ -2.914929733472626, 54.873022505220824 ] ] ] } },
{ "type": "Feature", "properties": { "visible_points": 0, "total_points": 69, "visibility_pct": 0.0 }, "geometry": { "type": "Polygon", "coordinates": [ [ [ -2.916551398762814, 54.873118113395968 ], [ -2.916660162117377, 54.873153239040683 ], [ -2.916767295288678, 54.873116483245127 ], [ -2.916765664924577, 54.873044601902549 ], [ -2.916656901772528, 54.873009476350653 ], [ -2.916549768782067, 54.873046232048523 ], [ -2.916551398762814, 54.873118113395968 ] ] ] } },
{ "type": "Feature", "properties": { "visible_points": 8, "total_points": 82, "visibility_pct": 9.7560975609756095 }, "geometry": { "type": "Polygon", "coordinates": [ [ [ -2.916335502215275, 54.873119743163109 ], [ -2.916444265388997, 54.873154869002121 ], [ -2.916551398762814, 54.873118113395968 ], [ -2.916549768782065, 54.873046232048523 ], [ -2.916441005810854, 54.873011106302322 ], [ -2.91633387261788, 54.873047861810782 ], [ -2.916335502215275, 54.873119743163109 ] ] ] } },
{ "type": "Feature", "properties": { "visible_points": 9, "total_points": 95, "visibility_pct": 9.4736842105263168 }, "geometry": { "type": "Polygon", "coordinates": [ [ [ -2.916119605646068, 54.873121372546578 ], [ -2.916228368638946, 54.873156498579867 ], [ -2.916335502215274, 54.873119743163109 ], [ -2.91633387261788, 54.873047861810782 ], [ -2.91622510982751, 54.873012735870333 ], [ -2.916117976432026, 54.87304949118937 ], [ -2.916119605646068, 54.873121372546578 ] ] ] } },
{ "type": "Feature", "properties": { "visible_points": 13, "total_points": 104, "visibility_pct": 12.5 }, "geometry": { "type": "Polygon", "coordinates": [ [ [ -2.915903709055195, 54.873123001546354 ], [ -2.916012471867228, 54.873158127773927 ], [ -2.916119605646067, 54.873121372546578 ], [ -2.916117976432025, 54.87304949118937 ], [ -2.916009213822498, 54.87301436505463 ], [ -2.915902080224507, 54.873051120184279 ], [ -2.915903709055195, 54.873123001546354 ] ] ] } },
{ "type": "Feature", "properties": { "visible_points": 6, "total_points": 105, "visibility_pct": 5.7142857142857144 }, "geometry": { "type": "Polygon", "coordinates": [ [ [ -2.915687812442665, 54.873124630162437 ], [ -2.915796575073849, 54.873159756584279 ], [ -2.915903709055195, 54.873123001546354 ], [ -2.915902080224506, 54.873051120184279 ], [ -2.915793317795826, 54.873015993855255 ], [ -2.91568618399533, 54.87305274879548 ], [ -2.915687812442665, 54.873124630162437 ] ] ] } },
{ "type": "Feature", "properties": { "visible_points": 9, "total_points": 101, "visibility_pct": 8.9108910891089099 }, "geometry": { "type": "Polygon", "coordinates": [ [ [ -2.91547191580848, 54.873126258394819 ], [ -2.915580678258813, 54.873161385010953 ], [ -2.915687812442664, 54.873124630162437 ], [ -2.91568618399533, 54.87305274879548 ], [ -2.915577421747497, 54.873017622272179 ], [ -2.915470287744499, 54.873054377022996 ], [ -2.91547191580848, 54.873126258394819 ] ] ] } },
{ "type": "Feature", "properties": { "visible_points": 2, "total_points": 93, "visibility_pct": 2.1505376344086025 }, "geometry": { "type": "Polygon", "coordinates": [ [ [ -2.915256019152647, 54.873127886243516 ], [ -2.915364781422127, 54.873163013053926 ], [ -2.915471915808479, 54.873126258394819 ], [ -2.915470287744498, 54.873054377022996 ], [ -2.915361525677518, 54.873019250305418 ], [ -2.91525439147202, 54.873056004866818 ], [ -2.915256019152647, 54.873127886243516 ] ] ] } },
{ "type": "Feature", "properties": { "visible_points": 0, "total_points": 83, "visibility_pct": 0.0 }, "geometry": { "type": "Polygon", "coordinates": [ [ [ -2.915040122475171, 54.873129513708534 ], [ -2.915148884563793, 54.87316464071322 ], [ -2.915256019152646, 54.873127886243516 ], [ -2.915254391472019, 54.873056004866818 ], [ -2.915145629585892, 54.873020877954964 ], [ -2.915038495177897, 54.873057632326962 ], [ -2.915040122475171, 54.873129513708534 ] ] ] } },
{ "type": "Feature", "properties": { "visible_points": 4, "total_points": 87, "visibility_pct": 4.5977011494252871 }, "geometry": { "type": "Polygon", "coordinates": [ [ [ -2.916229998055493, 54.873228379933288 ], [ -2.916338761431725, 54.873263505865097 ], [ -2.916445895188899, 54.873226750350675 ], [ -2.916444265388996, 54.873154869002121 ], [ -2.916335502215274, 54.873119743163109 ], [ -2.916228368638946, 54.873156498579867 ], [ -2.916229998055493, 54.873228379933288 ] ] ] } },
{ "type": "Feature", "properties": { "visible_points": 9, "total_points": 94, "visibility_pct": 9.5744680851063837 }, "geometry": { "type": "Polygon", "coordinates": [ [ [ -2.91601410090042, 54.873230009132222 ], [ -2.916122864095805, 54.873265135258308 ], [ -2.916229998055492, 54.873228379933288 ], [ -2.916228368638945, 54.873156498579867 ], [ -2.916119605646067, 54.873121372546578 ], [ -2.916012471867228, 54.873158127773927 ], [ -2.91601410090042, 54.873230009132222 ] ] ] } },
{ "type": "Feature", "properties": { "visible_points": 10, "total_points": 97, "visibility_pct": 10.309278350515463 }, "geometry": { "type": "Polygon", "coordinates": [ [ [ -2.915798203723685, 54.873231637947448 ], [ -2.915906966738222, 54.873266764267825 ], [ -2.916014100900419, 54.873230009132222 ], [ -2.916012471867228, 54.873158127773927 ], [ -2.915903709055195, 54.873123001546354 ], [ -2.915796575073849, 54.873159756584279 ], [ -2.915798203723685, 54.873231637947448 ] ] ] } },
{ "type": "Feature", "properties": { "visible_points": 6, "total_points": 96, "visibility_pct": 6.25 }, "geometry": { "type": "Polygon", "coordinates": [ [ [ -2.915582306525293, 54.873233266378996 ], [ -2.91569106935898, 54.87326839289365 ], [ -2.915798203723683, 54.873231637947448 ], [ -2.915796575073847, 54.873159756584279 ], [ -2.915687812442664, 54.873124630162437 ], [ -2.915580678258813, 54.873161385010953 ], [ -2.915582306525293, 54.873233266378996 ] ] ] } },
{ "type": "Feature", "properties": { "visible_points": 2, "total_points": 90, "visibility_pct": 2.2222222222222223 }, "geometry": { "type": "Polygon", "coordinates": [ [ [ -2.91536640930525, 54.873234894426837 ], [ -2.915475171958083, 54.873270021135788 ], [ -2.915582306525292, 54.873233266378996 ], [ -2.915580678258813, 54.873161385010953 ], [ -2.915471915808479, 54.873126258394819 ], [ -2.915364781422127, 54.873163013053926 ], [ -2.91536640930525, 54.873234894426837 ] ] ] } },
{ "type": "Feature", "properties": { "visible_points": 0, "total_points": 81, "visibility_pct": 0.0 }, "geometry": { "type": "Polygon", "coordinates": [ [ [ -2.91515051206356, 54.873236522090998 ], [ -2.915259274535537, 54.873271648994219 ], [ -2.915366409305249, 54.873234894426837 ], [ -2.915364781422126, 54.873163013053926 ], [ -2.915256019152646, 54.873127886243516 ], [ -2.915148884563793, 54.87316464071322 ], [ -2.91515051206356, 54.873236522090998 ] ] ] } },
{ "type": "Feature", "properties": { "visible_points": 0, "total_points": 84, "visibility_pct": 0.0 }, "geometry": { "type": "Polygon", "coordinates": [ [ [ -2.916124493331504, 54.87333701661283 ], [ -2.916233256910246, 54.873372142637464 ], [ -2.91634039105078, 54.873335387214745 ], [ -2.916338761431725, 54.873263505865097 ], [ -2.916229998055493, 54.873228379933288 ], [ -2.916122864095807, 54.873265135258308 ], [ -2.916124493331504, 54.87333701661283 ] ] ] } },
{ "type": "Feature", "properties": { "visible_points": 7, "total_points": 86, "visibility_pct": 8.1395348837209305 }, "geometry": { "type": "Polygon", "coordinates": [ [ [ -2.915908595590561, 54.873338645627207 ], [ -2.916017358988456, 54.873373771846133 ], [ -2.916124493331503, 54.87333701661283 ], [ -2.916122864095805, 54.873265135258308 ], [ -2.91601410090042, 54.873230009132222 ], [ -2.915906966738223, 54.873266764267825 ], [ -2.915908595590561, 54.873338645627207 ] ] ] } },
{ "type": "Feature", "properties": { "visible_points": 2, "total_points": 86, "visibility_pct": 2.3255813953488373 }, "geometry": { "type": "Polygon", "coordinates": [ [ [ -2.915692697827961, 54.873340274257913 ], [ -2.915801461045004, 54.873375400671108 ], [ -2.91590859559056, 54.873338645627207 ], [ -2.915906966738222, 54.873266764267825 ], [ -2.915798203723685, 54.873231637947448 ], [ -2.915691069358981, 54.87326839289365 ], [ -2.915692697827961, 54.873340274257913 ] ] ] } },
{ "type": "Feature", "properties": { "visible_points": 1, "total_points": 84, "visibility_pct": 1.1904761904761905 }, "geometry": { "type": "Polygon", "coordinates": [ [ [ -2.915476800043705, 54.873341902504905 ], [ -2.915585563079895, 54.87337702911239 ], [ -2.91569269782796, 54.873340274257913 ], [ -2.91569106935898, 54.87326839289365 ], [ -2.915582306525293, 54.873233266378996 ], [ -2.915475171958084, 54.873270021135788 ], [ -2.915476800043705, 54.873341902504905 ] ] ] } },
{ "type": "Feature", "properties": { "visible_points": 0, "total_points": 77, "visibility_pct": 0.0 }, "geometry": { "type": "Polygon", "coordinates": [ [ [ -2.915260902237801, 54.873343530368224 ], [ -2.915369665093134, 54.87337865716998 ], [ -2.915476800043704, 54.873341902504905 ], [ -2.915475171958083, 54.873270021135788 ], [ -2.91536640930525, 54.873234894426837 ], [ -2.915259274535538, 54.873271648994219 ], [ -2.915260902237801, 54.873343530368224 ] ] ] } },
{ "type": "Feature", "properties": { "visible_points": 0, "total_points": 74, "visibility_pct": 0.0 }, "geometry": { "type": "Polygon", "coordinates": [ [ [ -2.916018988043301, 54.873445653201749 ], [ -2.916127751824554, 54.873480779319188 ], [ -2.916234886348451, 54.873444023988206 ], [ -2.916233256910245, 54.873372142637464 ], [ -2.916124493331503, 54.87333701661283 ], [ -2.916017358988456, 54.873373771846133 ], [ -2.916018988043301, 54.873445653201749 ] ] ] } },
{ "type": "Feature", "properties": { "visible_points": 1, "total_points": 75, "visibility_pct": 1.3333333333333335 }, "geometry": { "type": "Polygon", "coordinates": [ [ [ -2.915803089716487, 54.873447282031606 ], [ -2.91591185331689, 54.873482408343328 ], [ -2.9160189880433, 54.873445653201749 ], [ -2.916017358988455, 54.873373771846133 ], [ -2.91590859559056, 54.873338645627207 ], [ -2.915801461045004, 54.873375400671108 ], [ -2.915803089716487, 54.873447282031606 ] ] ] } },
{ "type": "Feature", "properties": { "visible_points": 1, "total_points": 74, "visibility_pct": 1.3513513513513513 }, "geometry": { "type": "Polygon", "coordinates": [ [ [ -2.915587191368017, 54.873448910477755 ], [ -2.915695954787567, 54.873484036983768 ], [ -2.915803089716487, 54.873447282031606 ], [ -2.915801461045002, 54.873375400671108 ], [ -2.91569269782796, 54.873340274257913 ], [ -2.915585563079895, 54.87337702911239 ], [ -2.915587191368017, 54.873448910477755 ] ] ] } },
{ "type": "Feature", "properties": { "visible_points": 1, "total_points": 63, "visibility_pct": 1.5873015873015872 }, "geometry": { "type": "Polygon", "coordinates": [ [ [ -2.916129381081908, 54.873552660671031 ], [ -2.916238145246523, 54.873587786687004 ], [ -2.91634527995127, 54.87355103125833 ], [ -2.916343650310553, 54.873479149911368 ], [ -2.916234886348452, 54.873444023988206 ], [ -2.916127751824555, 54.873480779319188 ], [ -2.916129381081908, 54.873552660671031 ] ] ] } },
{ "type": "Feature", "properties": { "visible_points": 0, "total_points": 64, "visibility_pct": 0.0 }, "geometry": { "type": "Polygon", "coordinates": [ [ [ -2.91591348219088, 54.873554289700031 ], [ -2.916022246174645, 54.873589415910295 ], [ -2.916129381081907, 54.873552660671031 ], [ -2.916127751824554, 54.873480779319188 ], [ -2.916018988043301, 54.873445653201749 ], [ -2.915911853316891, 54.873482408343328 ], [ -2.91591348219088, 54.873554289700031 ] ] ] } },
{ "type": "Feature", "properties": { "visible_points": 2, "total_points": 64, "visibility_pct": 3.125 }, "geometry": { "type": "Polygon", "coordinates": [ [ [ -2.915697583278194, 54.873555918345353 ], [ -2.915806347081104, 54.873591044749894 ], [ -2.91591348219088, 54.873554289700031 ], [ -2.91591185331689, 54.873482408343328 ], [ -2.915803089716487, 54.873447282031606 ], [ -2.915695954787568, 54.873484036983768 ], [ -2.915697583278194, 54.873555918345353 ] ] ] } },
{ "type": "Feature", "properties": { "visible_points": 2, "total_points": 54, "visibility_pct": 3.7037037037037033 }, "geometry": { "type": "Polygon", "coordinates": [ [ [ -2.916023875251143, 54.873661297263226 ], [ -2.916132639618271, 54.873696423372024 ], [ -2.916239774706386, 54.87365966803506 ], [ -2.916238145246522, 54.873587786687004 ], [ -2.916129381081907, 54.873552660671031 ], [ -2.916022246174645, 54.873589415910295 ], [ -2.916023875251143, 54.873661297263226 ] ] ] } },
{ "type": "Feature", "properties": { "visible_points": 4, "total_points": 54, "visibility_pct": 7.4074074074074066 }, "geometry": { "type": "Polygon", "coordinates": [ [ [ -2.915807975774237, 54.873662926107698 ], [ -2.915916739960511, 54.873698052410781 ], [ -2.916023875251143, 54.873661297263226 ], [ -2.916022246174644, 54.873589415910295 ], [ -2.91591348219088, 54.873554289700031 ], [ -2.915806347081104, 54.873591044749894 ], [ -2.915807975774237, 54.873662926107698 ] ] ] } }
]
}
